repo,status,verified,stages_present,dockerfiles_found,entry_points_resolved,entry_files,entry_route,reachable_files,total_functions,max_depth,parse_errors,dynamic_imports,data_acquisition,data_acquisition_evidence,data_preparation,data_preparation_evidence,modeling,modeling_evidence,training,training_evidence,evaluation,evaluation_evidence,inference,inference_evidence,detail
https://github.com/diegothuran/Rambo-Wine,clone_failed,False,0,0,0,,,0,0,0,0,0,False,,False,,False,,False,,False,,False,,remote: Repository not found.
https://github.com/phelantomas/SentimentTrader,clone_failed,False,0,0,0,,,0,0,0,0,0,False,,False,,False,,False,,False,,False,,remote: Repository not found.
https://github.com/KrishnaswamyLab/MAGIC,no_dockerfile,False,0,0,0,,,0,0,0,0,0,False,,False,,False,,False,,False,,False,,no Dockerfile and no fallback entry point found
https://github.com/openvax/pepdata,no_dockerfile,False,0,0,0,,,0,0,0,0,0,False,,False,,False,,False,,False,,False,,no Dockerfile and no fallback entry point found
https://github.com/jfloff/pywFM,no_entry,False,0,2,0,,,0,0,0,0,0,False,,False,,False,,False,,False,,False,,Dockerfile(s) found but no Python entry point could be resolved
https://github.com/thiagoqd/queirozdias-deep-learning,clone_failed,False,0,0,0,,,0,0,0,0,0,False,,False,,False,,False,,False,,False,,remote: Repository not found.
https://github.com/KamitaniLab/bdpy,no_dockerfile,False,0,0,0,,,0,0,0,0,0,False,,False,,False,,False,,False,,False,,no Dockerfile and no fallback entry point found
https://github.com/linnarsson-lab/pysmFISH,no_dockerfile,False,0,0,0,,,0,0,0,0,0,False,,False,,False,,False,,False,,False,,no Dockerfile and no fallback entry point found
https://github.com/akshaybabloo/SML-GUI,ok,False,2,0,1,smlgui\main.py,fallback_nested,7,55,2,0,0,True,smlgui/utility.py:82 np.genfromtxt [matched np.genfromtxt],True,smlgui/utility.py:116 sklearn.model_selection.train_test_split [matched train_test_split],False,,False,,False,,False,,"unverified: missing stages: modeling, training, evaluation, inference"
https://github.com/sotlampr/theano-wrapper,no_dockerfile,False,0,0,0,,,0,0,0,0,0,False,,False,,False,,False,,False,,False,,no Dockerfile and no fallback entry point found
https://github.com/BouchardLab/pyuoi,no_dockerfile,False,0,0,0,,,0,0,0,0,0,False,,False,,False,,False,,False,,False,,no Dockerfile and no fallback entry point found
https://github.com/VisTrails/VisTrails,ok,False,3,1,1,vistrails\run.py,fallback_nested,93,1247,8,26,7,True,vistrails/core/reportusage.py:257 requests.get [matched requests.get],True,vistrails/tests/utils.py:161 vistrails.core.vistrail.pipeline.Pipeline [matched Pipeline],True,vistrails/core/modules/vistrails_module.py:0 class Converter [matched <class subclasses model base>],False,,False,,False,,"unverified: missing stages: training, evaluation, inference"
https://github.com/42lacksky/ws2018_forum_analyzer,no_dockerfile,False,0,0,0,,,0,0,0,0,0,False,,False,,False,,False,,False,,False,,no Dockerfile and no fallback entry point found
https://github.com/r3kall/ADMM-NeuralNetwork,no_dockerfile,False,0,0,0,,,0,0,0,0,0,False,,False,,False,,False,,False,,False,,no Dockerfile and no fallback entry point found
https://github.com/mtonmoy/EE-239,no_dockerfile,False,0,0,0,,,0,0,0,0,0,False,,False,,False,,False,,False,,False,,no Dockerfile and no fallback entry point found
https://github.com/mcoughlin/gwemlightcurves,no_dockerfile,False,0,0,0,,,0,0,0,0,0,False,,False,,False,,False,,False,,False,,no Dockerfile and no fallback entry point found
https://github.com/concord/ml,no_dockerfile,False,0,0,0,,,0,0,0,0,0,False,,False,,False,,False,,False,,False,,no Dockerfile and no fallback entry point found
https://github.com/bm424/scikit-cmeans,no_dockerfile,False,0,0,0,,,0,0,0,0,0,False,,False,,False,,False,,False,,False,,no Dockerfile and no fallback entry point found
https://github.com/tonyfast/surfs-up,no_dockerfile,False,0,0,0,,,0,0,0,0,0,False,,False,,False,,False,,False,,False,,no Dockerfile and no fallback entry point found
https://github.com/MartinThoma/clana,ok,False,2,0,1,clana\__main__.py,fallback_nested,12,56,3,0,0,True,clana/get_cm.py:37 csv.reader [matched csv.reader],False,,False,,False,,True,clana/get_cm_simple.py:116 sklearn.metrics.metrics.classification_report [matched classification_report],False,,"unverified: missing stages: data_preparation, modeling, training, inference"
https://github.com/luyang1210/recordL,no_dockerfile,False,0,0,0,,,0,0,0,0,0,False,,False,,False,,False,,False,,False,,no Dockerfile and no fallback entry point found
https://github.com/asross/oo_trees,no_dockerfile,False,0,0,0,,,0,0,0,0,0,False,,False,,False,,False,,False,,False,,no Dockerfile and no fallback entry point found
https://github.com/sandyjmacdonald/dots_for_microarrays,no_dockerfile,False,0,0,0,,,0,0,0,0,0,False,,False,,False,,False,,False,,False,,no Dockerfile and no fallback entry point found
https://github.com/uweschmitt/pyprophet,ok,False,0,0,1,pyprophet\main.py,fallback_nested,1,0,0,1,0,False,,False,,False,,False,,False,,False,,"unverified: missing stages: data_acquisition, data_preparation, modeling, training, evaluation, inference"
https://github.com/ktsstudio/kts_linguistics,no_dockerfile,False,0,0,0,,,0,0,0,0,0,False,,False,,False,,False,,False,,False,,no Dockerfile and no fallback entry point found
https://github.com/jma127/pyltr,no_dockerfile,False,0,0,0,,,0,0,0,0,0,False,,False,,False,,False,,False,,False,,no Dockerfile and no fallback entry point found
https://github.com/slipguru/adenine,no_dockerfile,False,0,0,0,,,0,0,0,0,0,False,,False,,False,,False,,False,,False,,no Dockerfile and no fallback entry point found
https://github.com/djsutherland/pummeler,ok,False,2,0,1,pummeler\cli.py,fallback_console_script,8,77,2,0,0,True,pummeler/cli.py:485 h5py.File [matched h5py.File],True,pummeler/featurize.py:313 pd.concat [matched pd.concat],False,,False,,False,,False,,"unverified: missing stages: modeling, training, evaluation, inference"
https://github.com/sklearn-theano/sklearn-theano,no_dockerfile,False,0,0,0,,,0,0,0,0,0,False,,False,,False,,False,,False,,False,,no Dockerfile and no fallback entry point found
https://github.com/wangronin/MIP-EGO,no_dockerfile,False,0,0,0,,,0,0,0,0,0,False,,False,,False,,False,,False,,False,,no Dockerfile and no fallback entry point found
https://github.com/raphbacher/odhin,no_dockerfile,False,0,0,0,,,0,0,0,0,0,False,,False,,False,,False,,False,,False,,no Dockerfile and no fallback entry point found
https://github.com/reiinakano/xcessiv,ok,False,2,1,1,xcessiv\scripts\runapp.py,fallback_console_script,6,30,3,0,0,True,xcessiv/views.py:62 sqlalchemy.create_engine [matched sqlalchemy.create_engine],False,,False,,False,,False,,True,xcessiv/__init__.py:8 flask.Flask [matched Flask],"unverified: missing stages: data_preparation, modeling, training, evaluation"
https://github.com/Aetherbase/auto-sklearn,no_dockerfile,False,0,0,0,,,0,0,0,0,0,False,,False,,False,,False,,False,,False,,no Dockerfile and no fallback entry point found
https://github.com/scattering-central/xrsdkit,no_dockerfile,False,0,0,0,,,0,0,0,0,0,False,,False,,False,,False,,False,,False,,no Dockerfile and no fallback entry point found
https://github.com/dipaco/balu-python,no_dockerfile,False,0,0,0,,,0,0,0,0,0,False,,False,,False,,False,,False,,False,,no Dockerfile and no fallback entry point found
https://github.com/biocore/calour,no_dockerfile,False,0,0,0,,,0,0,0,0,0,False,,False,,False,,False,,False,,False,,no Dockerfile and no fallback entry point found
https://github.com/albahnsen/CostSensitiveClassification,no_dockerfile,False,0,0,0,,,0,0,0,0,0,False,,False,,False,,False,,False,,False,,no Dockerfile and no fallback entry point found
https://github.com/slipguru/palladio,no_dockerfile,False,0,0,0,,,0,0,0,0,0,False,,False,,False,,False,,False,,False,,no Dockerfile and no fallback entry point found
https://github.com/aertslab/arboreto,no_dockerfile,False,0,0,0,,,0,0,0,0,0,False,,False,,False,,False,,False,,False,,no Dockerfile and no fallback entry point found
https://github.com/rushter/heamy,no_dockerfile,False,0,0,0,,,0,0,0,0,0,False,,False,,False,,False,,False,,False,,no Dockerfile and no fallback entry point found
https://github.com/dvro/scikit-protopy,no_dockerfile,False,0,0,0,,,0,0,0,0,0,False,,False,,False,,False,,False,,False,,no Dockerfile and no fallback entry point found
https://github.com/dbuscombe-usgs/PyHum,no_dockerfile,False,0,0,0,,,0,0,0,0,0,False,,False,,False,,False,,False,,False,,no Dockerfile and no fallback entry point found
https://github.com/hyperopt/hyperopt-sklearn,no_dockerfile,False,0,0,0,,,0,0,0,0,0,False,,False,,False,,False,,False,,False,,no Dockerfile and no fallback entry point found
https://github.com/alchemistry/alchemlyb,no_dockerfile,False,0,0,0,,,0,0,0,0,0,False,,False,,False,,False,,False,,False,,no Dockerfile and no fallback entry point found
https://github.com/beancount/smart_importer,no_dockerfile,False,0,0,0,,,0,0,0,0,0,False,,False,,False,,False,,False,,False,,no Dockerfile and no fallback entry point found
https://github.com/DiffusionMapsAcademics/pyDiffMap,no_dockerfile,False,0,0,0,,,0,0,0,0,0,False,,False,,False,,False,,False,,False,,no Dockerfile and no fallback entry point found
https://github.com/skorch-dev/skorch,no_entry,False,0,2,0,,,0,0,0,0,0,False,,False,,False,,False,,False,,False,,Dockerfile(s) found but no Python entry point could be resolved
https://github.com/Mogeng/IOHMM,no_dockerfile,False,0,0,0,,,0,0,0,0,0,False,,False,,False,,False,,False,,False,,no Dockerfile and no fallback entry point found
https://github.com/inspirehep/beard,no_dockerfile,False,0,0,0,,,0,0,0,0,0,False,,False,,False,,False,,False,,False,,no Dockerfile and no fallback entry point found
https://github.com/jeffkinnison/pyrameter,no_dockerfile,False,0,0,0,,,0,0,0,0,0,False,,False,,False,,False,,False,,False,,no Dockerfile and no fallback entry point found
https://github.com/chainer/chainer-chemistry,no_entry,False,0,9,0,,,0,0,0,0,0,False,,False,,False,,False,,False,,False,,Dockerfile(s) found but no Python entry point could be resolved
https://github.com/chicago-justice-project/article-tagging,no_dockerfile,False,0,0,0,,,0,0,0,0,0,False,,False,,False,,False,,False,,False,,no Dockerfile and no fallback entry point found
https://github.com/Bboatman/proceduralMapGeneration,no_dockerfile,False,0,0,0,,,0,0,0,0,0,False,,False,,False,,False,,False,,False,,no Dockerfile and no fallback entry point found
https://github.com/HDI-Project/ATM,ok,False,5,0,1,atm\cli.py,fallback_console_script,15,174,4,0,1,True,atm/config.py:74 yaml.load [matched yaml.load],True,atm/database.py:151 sklearn.model_selection.train_test_split [matched train_test_split],True,atm/worker.py:200 atm.classifier.Model [matched Model],False,,True,atm/metrics.py:66 sklearn.metrics.roc_curve [matched roc_curve],True,atm/api/__init__.py:11 flask.Flask [matched Flask],unverified: missing stages: training
https://github.com/visualfabriq/portalytics,no_dockerfile,False,0,0,0,,,0,0,0,0,0,False,,False,,False,,False,,False,,False,,no Dockerfile and no fallback entry point found
https://github.com/pyannote/pyannote-metrics,no_dockerfile,False,0,0,0,,,0,0,0,0,0,False,,False,,False,,False,,False,,False,,no Dockerfile and no fallback entry point found
https://github.com/odb9402/OPPA,no_dockerfile,False,0,0,0,,,0,0,0,0,0,False,,False,,False,,False,,False,,False,,no Dockerfile and no fallback entry point found
https://github.com/paris-saclay-cds/python-workshop,no_dockerfile,False,0,0,0,,,0,0,0,0,0,False,,False,,False,,False,,False,,False,,no Dockerfile and no fallback entry point found
https://github.com/psb-seclab/malware_classifier,no_dockerfile,False,0,0,0,,,0,0,0,0,0,False,,False,,False,,False,,False,,False,,no Dockerfile and no fallback entry point found
https://github.com/ip4-team/amplicnv,ok,False,4,0,1,amplicnv\wrapper\command_line.py,fallback_console_script,26,227,4,0,0,False,,True,amplicnv/ideogram/ideogram.py:32 df.groupby [matched df.groupby],True,amplicnv/vcfhandler/vcfhandler.py:347 sklearn.cluster.KMeans [matched KMeans],True,amplicnv/vcfhandler/vcfhandler.py:349 predictor.fit_predict [matched .fit_predict],True,amplicnv/nrrhandler/nrrhandler.py:663 self.baseline.compute_metrics [matched compute_metrics],False,,"unverified: missing stages: data_acquisition, inference"
https://github.com/littlezz/ESL-Model,no_dockerfile,False,0,0,0,,,0,0,0,0,0,False,,False,,False,,False,,False,,False,,no Dockerfile and no fallback entry point found
https://github.com/kbmlab/BioFeatureFinder,no_dockerfile,False,0,0,0,,,0,0,0,0,0,False,,False,,False,,False,,False,,False,,no Dockerfile and no fallback entry point found
https://github.com/kvpradap/dmagellan,no_dockerfile,False,0,0,0,,,0,0,0,0,0,False,,False,,False,,False,,False,,False,,no Dockerfile and no fallback entry point found
https://github.com/Cakem1x/bayropt,no_dockerfile,False,0,0,0,,,0,0,0,0,0,False,,False,,False,,False,,False,,False,,no Dockerfile and no fallback entry point found
https://github.com/meyersbs/uncertainty,ok,False,1,0,1,main.py,fallback_root,4,8,2,0,0,False,,False,,True,uncertainty/classifier.py:31 sklearn.linear_model.LogisticRegression [matched LogisticRegression],False,,False,,False,,"unverified: missing stages: data_acquisition, data_preparation, training, evaluation, inference"
https://github.com/CLIMADA-project/climada_python,no_entry,False,0,1,0,,,0,0,0,0,0,False,,False,,False,,False,,False,,False,,Dockerfile(s) found but no Python entry point could be resolved
https://github.com/neuro-ml/deep_pipe,ok,False,0,0,1,dpipe\layout\scripts.py,fallback_console_script,1,2,0,0,0,False,,False,,False,,False,,False,,False,,"unverified: missing stages: data_acquisition, data_preparation, modeling, training, evaluation, inference"
https://github.com/raamana/visualqc,ok,False,1,0,1,visualqc\__t1_mri__.py,fallback_console_script,5,16,3,0,0,True,visualqc/readers.py:37 np.loadtxt [matched np.loadtxt],False,,False,,False,,False,,False,,"unverified: missing stages: data_preparation, modeling, training, evaluation, inference"
https://github.com/dimazest/fowler.corpora,ok,False,5,0,1,fowler\corpora\main.py,fallback_console_script,20,157,3,0,0,True,fowler/corpora/categorical/main.py:63 pd.read_hdf [matched pd.read_hdf],True,fowler/corpora/bnc/main.py:149 pd.concat [matched pd.concat],True,fowler/corpora/serafin03/main.py:330 sklearn.neighbors.KNeighborsClassifier [matched KNeighborsClassifier],False,,True,fowler/corpora/serafin03/main.py:340 sklearn.metrics.precision_recall_fscore_support [matched precision_recall_fscore_support],True,fowler/corpora/serafin03/main.py:338 pipeline.predict [matched pipeline.predict],unverified: missing stages: training
https://github.com/ysasaki6023/NeuralNetworkStudy,no_dockerfile,False,0,0,0,,,0,0,0,0,0,False,,False,,False,,False,,False,,False,,no Dockerfile and no fallback entry point found
https://github.com/scholi/pySPM,ok,False,0,0,1,pySPM\__main__.py,fallback_nested,1,1,0,0,1,False,,False,,False,,False,,False,,False,,"unverified: missing stages: data_acquisition, data_preparation, modeling, training, evaluation, inference"
https://github.com/mpearmain/gestalt,no_dockerfile,False,0,0,0,,,0,0,0,0,0,False,,False,,False,,False,,False,,False,,no Dockerfile and no fallback entry point found
https://github.com/jehung/universal_portfolio,no_dockerfile,False,0,0,0,,,0,0,0,0,0,False,,False,,False,,False,,False,,False,,no Dockerfile and no fallback entry point found
https://github.com/bashalex/datapot,no_dockerfile,False,0,0,0,,,0,0,0,0,0,False,,False,,False,,False,,False,,False,,no Dockerfile and no fallback entry point found
https://github.com/trevorstephens/gplearn,no_dockerfile,False,0,0,0,,,0,0,0,0,0,False,,False,,False,,False,,False,,False,,no Dockerfile and no fallback entry point found
https://github.com/alexfurtunato/parsecpy,ok,False,1,0,1,parsecpy\createinputs.py,fallback_console_script,1,7,0,0,0,True,parsecpy/createinputs.py:169 tarfile.open [matched tarfile.open],False,,False,,False,,False,,False,,"unverified: missing stages: data_preparation, modeling, training, evaluation, inference"
https://github.com/linnarsson-lab/adolescent-mouse,no_dockerfile,False,0,0,0,,,0,0,0,0,0,False,,False,,False,,False,,False,,False,,no Dockerfile and no fallback entry point found
https://github.com/null-007k/Hekstra-Labm,ok,False,2,0,1,careless\careless.py,fallback_console_script,20,155,3,0,0,True,careless/io/manager.py:30 pickle.load [matched pickle.load],False,,True,careless/models/merging/variational.py:0 class VariationalMergingModel [matched <class subclasses model base>],False,,False,,False,,"unverified: missing stages: data_preparation, training, evaluation, inference"
https://github.com/UdeM-LBIT/CoreTracker,no_dockerfile,False,0,0,0,,,0,0,0,0,0,False,,False,,False,,False,,False,,False,,no Dockerfile and no fallback entry point found
https://github.com/Charl-AI/Kaggle-Knowledge-Competitions,no_entry,False,0,1,0,,,0,0,0,0,0,False,,False,,False,,False,,False,,False,,Dockerfile(s) found but no Python entry point could be resolved
https://github.com/am1tyadav/teal,no_dockerfile,False,0,0,0,,,0,0,0,0,0,False,,False,,False,,False,,False,,False,,no Dockerfile and no fallback entry point found
https://github.com/irenekarijadi/RF-LSTM-CEEMDAN,no_dockerfile,False,0,0,0,,,0,0,0,0,0,False,,False,,False,,False,,False,,False,,no Dockerfile and no fallback entry point found
https://github.com/tonegas/neu4mes,clone_failed,False,0,0,0,,,0,0,0,0,0,False,,False,,False,,False,,False,,False,,remote: Repository not found.
https://github.com/pquinterome/MCS-calculation,no_dockerfile,False,0,0,0,,,0,0,0,0,0,False,,False,,False,,False,,False,,False,,no Dockerfile and no fallback entry point found
https://github.com/alxhoff/TensorNAS,no_dockerfile,False,0,0,0,,,0,0,0,0,0,False,,False,,False,,False,,False,,False,,no Dockerfile and no fallback entry point found
https://github.com/CartoDB/crankshaft,no_dockerfile,False,0,0,0,,,0,0,0,0,0,False,,False,,False,,False,,False,,False,,no Dockerfile and no fallback entry point found
https://github.com/erewl/dsp,clone_failed,False,0,0,0,,,0,0,0,0,0,False,,False,,False,,False,,False,,False,,Error downloading object: prototype/backend/models/model_2.h5 (a2cfb25): Smudge error: Error downloading prototype/backend/models/model_2.h5 (a2cfb25190d50f3b0a57ede7030a2fc40f51ec55db48f4abf687103ab779f34c): batch response: Resource not accessible by personal access token
https://github.com/Muneebishere/residential-instance-segmentation,no_entry,False,0,1,0,,,0,0,0,0,0,False,,False,,False,,False,,False,,False,,Dockerfile(s) found but no Python entry point could be resolved
https://github.com/ZanzyTHEbar/UFO-Detector,no_dockerfile,False,0,0,0,,,0,0,0,0,0,False,,False,,False,,False,,False,,False,,no Dockerfile and no fallback entry point found
https://github.com/RobinGerster/maia-frontend-team-project,ok,False,0,0,1,backend\main.py,fallback_nested,1,0,0,0,0,False,,False,,False,,False,,False,,False,,"unverified: missing stages: data_acquisition, data_preparation, modeling, training, evaluation, inference"
https://github.com/LoicULB/LD_Social_Influence,ok,False,1,0,1,PytorchCartPole\main.py,fallback_nested,8,96,3,0,0,True,social_dilemma/environment/utility_funcs.py:22 cv2.imread [matched cv2.imread],False,,False,,False,,False,,False,,"unverified: missing stages: data_preparation, modeling, training, evaluation, inference"
https://github.com/naebakang/20210914_mybox,no_entry,False,0,1,0,,,0,0,0,0,0,False,,False,,False,,False,,False,,False,,Dockerfile(s) found but no Python entry point could be resolved
https://github.com/amtc-rock-detectors/Mask-RCNN-Rock,no_entry,False,0,1,0,,,0,0,0,0,0,False,,False,,False,,False,,False,,False,,Dockerfile(s) found but no Python entry point could be resolved
https://github.com/ploomber/soorgeon,no_dockerfile,False,0,0,0,,,0,0,0,0,0,False,,False,,False,,False,,False,,False,,no Dockerfile and no fallback entry point found
https://github.com/techwizrd/leaf-sparse-kmeans,no_dockerfile,False,0,0,0,,,0,0,0,0,0,False,,False,,False,,False,,False,,False,,no Dockerfile and no fallback entry point found
https://github.com/ashvegeta/Mask-R-CNN,clone_failed,False,0,0,0,,,0,0,0,0,0,False,,False,,False,,False,,False,,False,,remote: Repository not found.
https://github.com/RomualdRousseau/Python,no_entry,False,0,2,0,,,0,0,0,0,0,False,,False,,False,,False,,False,,False,,Dockerfile(s) found but no Python entry point could be resolved
https://github.com/GoogleCloudPlatform/python-docs-samples,no_entry,False,0,47,0,,,0,0,0,0,0,False,,False,,False,,False,,False,,False,,Dockerfile(s) found but no Python entry point could be resolved
https://github.com/arnav-sys/equation-solver,ok,False,2,1,1,app.py,fallback_root,1,1,0,0,0,True,app.py:83 PIL.Image.open [matched Image.open],False,,False,,False,,False,,True,app.py:156 st.write [matched st.write],"unverified: missing stages: data_preparation, modeling, training, evaluation"
https://github.com/aws/aws-sam-cli-app-templates,no_entry,False,0,57,0,,,0,0,0,0,0,False,,False,,False,,False,,False,,False,,Dockerfile(s) found but no Python entry point could be resolved
https://github.com/NicklasBA/placenta_project,no_entry,False,0,2,0,,,0,0,0,0,0,False,,False,,False,,False,,False,,False,,Dockerfile(s) found but no Python entry point could be resolved
https://github.com/shailvestein/handwritten-digit-recognition,clone_failed,False,0,0,0,,,0,0,0,0,0,False,,False,,False,,False,,False,,False,,remote: Repository not found.
https://github.com/subaruclover/apis-rl,ok,False,3,0,1,main.py,fallback_root,8,71,2,0,0,True,analyser.py:47 requests.post [matched requests.post],False,,True,RL_learn.py:36 tf.keras.layers.Input [matched tf.keras.layers.*],False,,False,,True,agent.py:144 RL_learn.DQNNet.model.predict [matched model.predict],"unverified: missing stages: data_preparation, training, evaluation"
https://github.com/danieltwh/Insurtech-CV,ok,False,2,5,2,app.py;app.py,dockerfile,12,37,3,0,0,True,app.py:53 PIL.Image.open [matched Image.open],False,,False,,False,,False,,True,app.py:24 flask.Flask [matched Flask],"unverified: missing stages: data_preparation, modeling, training, evaluation"
https://github.com/AbdullahAbdelhakeem6484/ITI_Graduation_Project1_SISR_BY_GAN,no_dockerfile,False,0,0,0,,,0,0,0,0,0,False,,False,,False,,False,,False,,False,,no Dockerfile and no fallback entry point found
https://github.com/elizabeth-oda/seedling_sorter,ok,False,2,0,1,app.py,fallback_root,1,3,0,0,0,True,app.py:46 PIL.Image.open [matched Image.open],False,,False,,False,,False,,True,app.py:24 st.write [matched st.write],"unverified: missing stages: data_preparation, modeling, training, evaluation"
https://github.com/ashen007/Test_TF,clone_failed,False,0,0,0,,,0,0,0,0,0,False,,False,,False,,False,,False,,False,,remote: Repository not found.
https://github.com/crimsonthinker/psa_pokemon_cards,no_dockerfile,False,0,0,0,,,0,0,0,0,0,False,,False,,False,,False,,False,,False,,no Dockerfile and no fallback entry point found
https://github.com/PhilipLGQ/CS433-Machine-Learning,no_dockerfile,False,0,0,0,,,0,0,0,0,0,False,,False,,False,,False,,False,,False,,no Dockerfile and no fallback entry point found
https://github.com/mikepapadim/collage-non-tvm-fork,no_entry,False,0,19,0,,,0,0,0,0,0,False,,False,,False,,False,,False,,False,,Dockerfile(s) found but no Python entry point could be resolved
https://github.com/Margoo9/Image-sharpening,no_dockerfile,False,0,0,0,,,0,0,0,0,0,False,,False,,False,,False,,False,,False,,no Dockerfile and no fallback entry point found
https://github.com/InaFen/DkNN,no_dockerfile,False,0,0,0,,,0,0,0,0,0,False,,False,,False,,False,,False,,False,,no Dockerfile and no fallback entry point found
https://github.com/guillaumeboniface/super_resolution,no_dockerfile,False,0,0,0,,,0,0,0,0,0,False,,False,,False,,False,,False,,False,,no Dockerfile and no fallback entry point found
https://github.com/vinneyto/three-shader,no_dockerfile,False,0,0,0,,,0,0,0,0,0,False,,False,,False,,False,,False,,False,,no Dockerfile and no fallback entry point found
https://github.com/kamikaze/rtu-ai,no_dockerfile,False,0,0,0,,,0,0,0,0,0,False,,False,,False,,False,,False,,False,,no Dockerfile and no fallback entry point found
https://github.com/BYU-PRISM/Seeq,no_dockerfile,False,0,0,0,,,0,0,0,0,0,False,,False,,False,,False,,False,,False,,no Dockerfile and no fallback entry point found
https://github.com/dimgiagos44/Serverless-app-versions,no_dockerfile,False,0,0,0,,,0,0,0,0,0,False,,False,,False,,False,,False,,False,,no Dockerfile and no fallback entry point found
https://github.com/blueprintparadise/Face_Recognition_GAIS,ok,False,1,2,2,Runner.py;Runner.py,dockerfile,3,7,1,0,0,False,,False,,False,,False,,False,,True,Runner.py:38 flask.Flask [matched Flask],"unverified: missing stages: data_acquisition, data_preparation, modeling, training, evaluation"
https://github.com/AryamanReddi99/IIB-Project,no_dockerfile,False,0,0,0,,,0,0,0,0,0,False,,False,,False,,False,,False,,False,,no Dockerfile and no fallback entry point found
https://github.com/kevinhughes27/TensorKart,ok,False,3,0,1,train.py,fallback_root,2,13,1,0,0,True,train.py:56 np.load [matched np.load],False,,True,train.py:34 tf.keras.layers.Conv2D [matched tf.keras.layers.*],True,train.py:71 model.fit [matched model.fit],False,,False,,"unverified: missing stages: data_preparation, evaluation, inference"
https://github.com/wikii122/sarada,ok,False,4,0,1,sarada\__main__.py,fallback_nested,9,40,3,0,0,True,sarada/notebook.py:95 pickle.load [matched pickle.load],False,,True,sarada/neuron.py:65 tf.keras.layers.GRU [matched tf.keras.layers.*],True,sarada/neuron.py:51 self.model.fit [matched model.fit],False,,True,sarada/console/app.py:138 model.generate [matched model.generate],"unverified: missing stages: data_preparation, evaluation"
https://github.com/GiorgiaAuroraAdorni/gansformer-reproducibility-challenge,no_entry,False,0,1,0,,,0,0,0,0,0,False,,False,,False,,False,,False,,False,,Dockerfile(s) found but no Python entry point could be resolved
https://github.com/junarwohn/tvm-slicer,clone_failed,False,0,0,0,,,0,0,0,0,0,False,,False,,False,,False,,False,,False,,error: invalid path 'tvm-slicer/src/data/arial.ttf:Zone.Identifier'
https://github.com/Lixy7816/SECBot,no_dockerfile,False,0,0,0,,,0,0,0,0,0,False,,False,,False,,False,,False,,False,,no Dockerfile and no fallback entry point found
https://github.com/Gin-TrungSon/EllieHumanoid,no_entry,False,0,1,0,,,0,0,0,0,0,False,,False,,False,,False,,False,,False,,Dockerfile(s) found but no Python entry point could be resolved
https://github.com/UFRN-URNAI/urnai-tools,ok,False,1,2,1,urnai\__main__.py,fallback_nested,17,97,7,0,4,True,urnai/utils/reporter.py:76 pickle.load [matched pickle.load],False,,False,,False,,False,,False,,"unverified: missing stages: data_preparation, modeling, training, evaluation, inference"
https://github.com/ZAKAUDD/pytorch-tutorial,no_dockerfile,False,0,0,0,,,0,0,0,0,0,False,,False,,False,,False,,False,,False,,no Dockerfile and no fallback entry point found
https://github.com/Andrew-Cutlip/RL-News-Recommendation,ok,False,4,1,1,main.py,dockerfile,7,56,1,0,0,True,db/db.py:7 psycopg2.connect [matched psycopg2.connect],False,,True,recommend.py:29 tf.keras.layers.Dense [matched tf.keras.layers.*],True,recommend.py:255 tf.GradientTape [matched tf.GradientTape],False,,True,main.py:11 flask.Flask [matched Flask],"unverified: missing stages: data_preparation, evaluation"
https://github.com/Chris-Du/ec601_quantum_photonics,no_dockerfile,False,0,0,0,,,0,0,0,0,0,False,,False,,False,,False,,False,,False,,no Dockerfile and no fallback entry point found
https://github.com/abodinier/Music-Source-Separation,ok,False,4,0,1,train.py,fallback_root,16,102,2,0,0,True,train.py:58 yaml.load [matched yaml.load],False,,True,kaituoxu/conv_tasnet.py:0 class ConvTasNet [matched <class subclasses model base>],True,train.py:201 optimizer.zero_grad [matched optimizer.zero_grad],False,,True,train.py:234 model.eval [matched model.eval],"unverified: missing stages: data_preparation, evaluation"
https://github.com/hammadsatti16/STREAMLIT-TRANSLATOR,ok,False,3,0,1,app.py,fallback_root,5,8,1,0,0,True,app.py:14 PIL.Image.open [matched Image.open],False,,True,translator.py:77 keras.Model [matched keras.Model],False,,False,,True,translator.py:23 st.write [matched st.write],"unverified: missing stages: data_preparation, training, evaluation"
https://github.com/simonsanvil/ECG-classification-MLH,ok,False,2,1,1,app\main.py,fallback_nested,3,5,2,0,0,False,,True,app/main.py:58 np.nan_to_num [matched np.nan_to_num],False,,False,,False,,True,app/main.py:20 st.write [matched st.write],"unverified: missing stages: data_acquisition, modeling, training, evaluation"
https://github.com/undera/chess-engine-nn,no_dockerfile,False,0,0,0,,,0,0,0,0,0,False,,False,,False,,False,,False,,False,,no Dockerfile and no fallback entry point found
https://github.com/JanMarcelKezmann/TensorFlow-Advanced-Segmentation-Models,no_dockerfile,False,0,0,0,,,0,0,0,0,0,False,,False,,False,,False,,False,,False,,no Dockerfile and no fallback entry point found
https://github.com/crgonzcr/demoday,no_dockerfile,False,0,0,0,,,0,0,0,0,0,False,,False,,False,,False,,False,,False,,no Dockerfile and no fallback entry point found
https://github.com/seansom/stock-direction-forecasting,ok,False,4,0,1,main.py,fallback_root,4,69,1,0,0,True,data_processing.py:25 requests.get [matched requests.get],True,data_processing.py:1116 sklearn.preprocessing.PowerTransformer [matched PowerTransformer],True,direction_forecasting.py:52 tf.keras.layers.LSTM [matched tf.keras.layers.*],False,,False,,True,data_processing.py:901 model.predict [matched model.predict],"unverified: missing stages: training, evaluation"
https://github.com/SinLess-Games/Helix,clone_failed,False,0,0,0,,,0,0,0,0,0,False,,False,,False,,False,,False,,False,,remote: Repository not found.
https://github.com/rsgier/Hack4Good-GIZ_policy,no_dockerfile,False,0,0,0,,,0,0,0,0,0,False,,False,,False,,False,,False,,False,,no Dockerfile and no fallback entry point found
https://github.com/WildMeOrg/wildbook-ia,ok,False,4,4,1,wbia\__main__.py,fallback_nested,101,2236,6,0,0,True,wbia/entry_points.py:462 requests.get [matched requests.get],True,wbia/scripts/thesis.py:728 pd.concat [matched pd.concat],False,,False,,True,wbia/algo/hots/chip_match.py:1242 sklearn.metrics.metrics.average_precision_score [matched average_precision_score],True,wbia/control/controller_inject.py:144 flask.Flask [matched Flask],"unverified: missing stages: modeling, training"
https://github.com/jieqicao/ML2,no_entry,False,0,2,0,,,0,0,0,0,0,False,,False,,False,,False,,False,,False,,Dockerfile(s) found but no Python entry point could be resolved
https://github.com/c-w-m/muzero,clone_failed,False,0,0,0,,,0,0,0,0,0,False,,False,,False,,False,,False,,False,,remote: Repository not found.
https://github.com/TheVinhLuong102/AI-Utils,no_dockerfile,False,0,0,0,,,0,0,0,0,0,False,,False,,False,,False,,False,,False,,no Dockerfile and no fallback entry point found
https://github.com/RuofanBie9729/FinalProject2470,no_dockerfile,False,0,0,0,,,0,0,0,0,0,False,,False,,False,,False,,False,,False,,no Dockerfile and no fallback entry point found
https://github.com/updaun/son-eulo,no_dockerfile,False,0,0,0,,,0,0,0,0,0,False,,False,,False,,False,,False,,False,,no Dockerfile and no fallback entry point found
https://github.com/Timgrau/Projektarbeit-1,no_entry,False,0,1,0,,,0,0,0,0,0,False,,False,,False,,False,,False,,False,,Dockerfile(s) found but no Python entry point could be resolved
https://github.com/gabeorlanski/zero-shot-cross-task,no_entry,False,0,1,0,,,0,0,0,0,0,False,,False,,False,,False,,False,,False,,Dockerfile(s) found but no Python entry point could be resolved
https://github.com/VestiDev/building-machine-learning-pipelines-book,no_entry,False,0,2,0,,,0,0,0,0,0,False,,False,,False,,False,,False,,False,,Dockerfile(s) found but no Python entry point could be resolved
https://github.com/khanma1962/Fire-Classification,no_dockerfile,False,0,0,0,,,0,0,0,0,0,False,,False,,False,,False,,False,,False,,no Dockerfile and no fallback entry point found
https://github.com/ingimar-eyfjord/AAI_exam,no_dockerfile,False,0,0,0,,,0,0,0,0,0,False,,False,,False,,False,,False,,False,,no Dockerfile and no fallback entry point found
https://github.com/kancheng/kan-cs-report-in-2021,no_dockerfile,False,0,0,0,,,0,0,0,0,0,False,,False,,False,,False,,False,,False,,no Dockerfile and no fallback entry point found
https://github.com/fantasyzernontra/papaya-ai-prediction,no_entry,False,0,2,0,,,0,0,0,0,0,False,,False,,False,,False,,False,,False,,Dockerfile(s) found but no Python entry point could be resolved
https://github.com/kevinfang2/hydracraft,no_entry,False,0,1,0,,,0,0,0,0,0,False,,False,,False,,False,,False,,False,,Dockerfile(s) found but no Python entry point could be resolved
https://github.com/boxiangliu/enformer-pytorch,no_dockerfile,False,0,0,0,,,0,0,0,0,0,False,,False,,False,,False,,False,,False,,no Dockerfile and no fallback entry point found
https://github.com/magedhelmy1/capillarydetection,no_entry,False,0,8,0,,,0,0,0,0,0,False,,False,,False,,False,,False,,False,,Dockerfile(s) found but no Python entry point could be resolved
https://github.com/chi-yan/bibleautoconcordance,no_dockerfile,False,0,0,0,,,0,0,0,0,0,False,,False,,False,,False,,False,,False,,no Dockerfile and no fallback entry point found
https://github.com/JeroenBertels/deepvoxnet2,no_entry,False,0,1,0,,,0,0,0,0,0,False,,False,,False,,False,,False,,False,,Dockerfile(s) found but no Python entry point could be resolved
https://github.com/sofianefarkhani/projet-i3-sneaker,ok,False,0,1,1,src\run.py,fallback_nested,1,0,0,0,0,False,,False,,False,,False,,False,,False,,"unverified: missing stages: data_acquisition, data_preparation, modeling, training, evaluation, inference"
https://github.com/deepeshdm/Neural-Style-Transfer,ok,False,0,0,1,main.py,fallback_root,2,1,1,0,0,False,,False,,False,,False,,False,,False,,"unverified: missing stages: data_acquisition, data_preparation, modeling, training, evaluation, inference"
https://github.com/davidharvey1986/darkCNN,ok,False,3,0,1,src\main.py,fallback_nested,7,30,3,0,0,False,,True,src/getSIDMdata.py:205 sklearn.model_selection.train_test_split [matched train_test_split],True,src/tools.py:82 tf.keras.layers.Flatten [matched tf.keras.layers.*],False,,True,src/main.py:57 model.evaluate [matched model.evaluate],False,,"unverified: missing stages: data_acquisition, training, inference"
https://github.com/alpv95/Dank-Learning,no_dockerfile,False,0,0,0,,,0,0,0,0,0,False,,False,,False,,False,,False,,False,,no Dockerfile and no fallback entry point found
https://github.com/abhi-386/ACIC_2021_Midterm,ok,False,2,1,1,data_prep_test.py,dockerfile,1,5,0,0,0,True,data_prep_test.py:114 np.load [matched np.load],True,data_prep_test.py:61 pd.to_numeric [matched pd.to_numeric],False,,False,,False,,False,,"unverified: missing stages: modeling, training, evaluation, inference"
https://github.com/few-shot-learning/Keras-FewShotLearning,no_dockerfile,False,0,0,0,,,0,0,0,0,0,False,,False,,False,,False,,False,,False,,no Dockerfile and no fallback entry point found
https://github.com/kmaltcev/NLP-BiLSTM-model,ok,False,2,0,1,app.py,fallback_root,6,20,1,0,0,True,app.py:65 json.load [matched json.load],True,utils/plots.py:38 pd.concat [matched pd.concat],False,,False,,False,,False,,"unverified: missing stages: modeling, training, evaluation, inference"
https://github.com/Coffee-Love-CS61-06/coffee_server,clone_failed,False,0,0,0,,,0,0,0,0,0,False,,False,,False,,False,,False,,False,,Error downloading object: modules/model/mobilenet_model.hdf5 (75a468f): Smudge error: Error downloading modules/model/mobilenet_model.hdf5 (75a468fbb35933ebafc28b255349b0cf2830bcc96670436a04b191b67b29751e): batch response: Resource not accessible by personal access token
https://github.com/lens-biophotonics/BCFind,ok,True,6,1,1,bcfind\train.py,fallback_nested,37,185,4,0,0,True,bcfind/train.py:487 json.load [matched json.load],True,bcfind/train.py:506 pd.concat [matched pd.concat],True,bcfind/models/attention_unet.py:0 class AttentionUNet [matched <class subclasses model base>],True,bcfind/utils/data.py:49 lof.fit_predict [matched .fit_predict],True,bcfind/train.py:169 bcfind.metrics.Precision [matched Precision],True,bcfind/train.py:567 trainer.test [matched trainer.test],verified: all 6 stages present
https://github.com/1sTeam/all-knu-ml,no_entry,False,0,1,0,,,0,0,0,0,0,False,,False,,False,,False,,False,,False,,Dockerfile(s) found but no Python entry point could be resolved
https://github.com/Fanxingye/DeepRS,no_dockerfile,False,0,0,0,,,0,0,0,0,0,False,,False,,False,,False,,False,,False,,no Dockerfile and no fallback entry point found
https://github.com/DA-sc21/hand_detection,no_dockerfile,False,0,0,0,,,0,0,0,0,0,False,,False,,False,,False,,False,,False,,no Dockerfile and no fallback entry point found
https://github.com/solankisantosh007/python_mini_project,no_dockerfile,False,0,0,0,,,0,0,0,0,0,False,,False,,False,,False,,False,,False,,no Dockerfile and no fallback entry point found
https://github.com/EC528-ML-RealEstate/ML-Services,ok,False,1,1,1,app.py,fallback_root,1,3,0,0,0,False,,False,,False,,False,,False,,True,app.py:7 flask.Flask [matched Flask],"unverified: missing stages: data_acquisition, data_preparation, modeling, training, evaluation"
https://github.com/WernerWaho/MachineLearningStuff,no_dockerfile,False,0,0,0,,,0,0,0,0,0,False,,False,,False,,False,,False,,False,,no Dockerfile and no fallback entry point found
https://github.com/Menchit-ai/fullstack,no_entry,False,0,4,0,,,0,0,0,0,0,False,,False,,False,,False,,False,,False,,Dockerfile(s) found but no Python entry point could be resolved
https://github.com/Ashishkumaraswamy/HAR-backend,ok,False,1,0,1,main.py,fallback_root,2,11,1,0,0,False,,False,,False,,False,,False,,True,main.py:9 flask.Flask [matched Flask],"unverified: missing stages: data_acquisition, data_preparation, modeling, training, evaluation"
https://github.com/keepsimpler/replicator,no_dockerfile,False,0,0,0,,,0,0,0,0,0,False,,False,,False,,False,,False,,False,,no Dockerfile and no fallback entry point found
https://github.com/frytoli/wildfire-detection,no_entry,False,0,2,0,,,0,0,0,0,0,False,,False,,False,,False,,False,,False,,Dockerfile(s) found but no Python entry point could be resolved
https://github.com/google-research/t5x,ok,False,1,1,1,t5x\main.py,fallback_nested,17,495,3,0,4,False,,False,,False,,False,,True,t5x/trainer.py:892 weight_metrics_computer.compute_metrics [matched compute_metrics],False,,"unverified: missing stages: data_acquisition, data_preparation, modeling, training, inference"
https://github.com/royerlab/aydin,no_entry,False,0,1,0,,,0,0,0,0,0,False,,False,,False,,False,,False,,False,,Dockerfile(s) found but no Python entry point could be resolved
https://github.com/me-kry-student-task-checker/stc-knowledge-propose-system,no_dockerfile,False,0,0,0,,,0,0,0,0,0,False,,False,,False,,False,,False,,False,,no Dockerfile and no fallback entry point found
https://github.com/hamzi27/SciQ,ok,False,4,3,1,web\run.py,dockerfile,30,196,7,0,0,True,web/app/services/api_wolfram/waAPI.py:103 requests.get [matched requests.get],False,,True,web/app/models.py:0 class User [matched <class subclasses model base>],False,,True,web/app/services/ocr/model/evaluation/text.py:72 nltk.translate.bleu_score.corpus_bleu [matched corpus_bleu],True,web/app/__init__.py:38 flask.Flask [matched Flask],"unverified: missing stages: data_preparation, training"
https://github.com/duckietown/challenge-aido_LF-template-tensorflow,ok,False,3,1,1,solution.py,dockerfile,2,22,1,0,0,True,solution.py:93 PIL.Image.open [matched Image.open],False,,True,model.py:77 tf.keras.layers.add [matched tf.keras.layers.*],False,,False,,True,solution.py:71 self.model.predict [matched model.predict],"unverified: missing stages: data_preparation, training, evaluation"
https://github.com/substanceecnatsbus/EggClassifier,no_dockerfile,False,0,0,0,,,0,0,0,0,0,False,,False,,False,,False,,False,,False,,no Dockerfile and no fallback entry point found
https://github.com/venetsia/NEAT-Easy-To-Use-App-With-Gym,ok,False,0,0,1,main.py,fallback_root,1,10,0,0,0,False,,False,,False,,False,,False,,False,,"unverified: missing stages: data_acquisition, data_preparation, modeling, training, evaluation, inference"
https://github.com/eartvit/xraylab-demo,no_entry,False,0,5,0,,,0,0,0,0,0,False,,False,,False,,False,,False,,False,,Dockerfile(s) found but no Python entry point could be resolved
https://github.com/AlexandrosBrew/PersonalProgramming,clone_failed,False,0,0,0,,,0,0,0,0,0,False,,False,,False,,False,,False,,False,,remote: Repository not found.
https://github.com/jfold/navqt,ok,False,1,0,1,main.py,fallback_root,4,29,2,0,0,False,,False,,False,,True,src/navqt.py:465 tf.GradientTape [matched tf.GradientTape],False,,False,,"unverified: missing stages: data_acquisition, data_preparation, modeling, evaluation, inference"
https://github.com/avidito/dmt-share-ws-nlp,no_dockerfile,False,0,0,0,,,0,0,0,0,0,False,,False,,False,,False,,False,,False,,no Dockerfile and no fallback entry point found
https://github.com/unique-Creations/SecurityCamera,ok,False,0,4,1,object_detection\model_main_tf2.py,dockerfile,2,1,1,0,0,False,,False,,False,,False,,False,,False,,"unverified: missing stages: data_acquisition, data_preparation, modeling, training, evaluation, inference"
https://github.com/maimaiva/Academic-Projects-MSBA,no_entry,False,0,1,0,,,0,0,0,0,0,False,,False,,False,,False,,False,,False,,Dockerfile(s) found but no Python entry point could be resolved
https://github.com/Xiang-M-J/pytorchLearn,clone_failed,False,0,0,0,,,0,0,0,0,0,False,,False,,False,,False,,False,,False,,remote: Repository not found.
https://github.com/wahabk/ctfishpy,no_entry,False,0,1,0,,,0,0,0,0,0,False,,False,,False,,False,,False,,False,,Dockerfile(s) found but no Python entry point could be resolved
https://github.com/shandilya1998/NavigationController,no_entry,False,0,4,0,,,0,0,0,0,0,False,,False,,False,,False,,False,,False,,Dockerfile(s) found but no Python entry point could be resolved
https://github.com/athms/evaluating-deeplight-transfer,ok,False,0,0,1,scripts\train.py,fallback_nested,1,1,0,0,0,False,,False,,False,,False,,False,,False,,"unverified: missing stages: data_acquisition, data_preparation, modeling, training, evaluation, inference"
https://github.com/jovi1018/CS760_PB1,no_dockerfile,False,0,0,0,,,0,0,0,0,0,False,,False,,False,,False,,False,,False,,no Dockerfile and no fallback entry point found
https://github.com/eddychn/text_recognition,ok,False,2,0,1,src\main.py,fallback_nested,1,7,0,0,0,True,src/main.py:124 cv2.imread [matched cv2.imread],False,,True,src/main.py:175 model.Model [matched Model],False,,False,,False,,"unverified: missing stages: data_preparation, training, evaluation, inference"
https://github.com/pfrwilson/viewmaker_reproduction,no_dockerfile,False,0,0,0,,,0,0,0,0,0,False,,False,,False,,False,,False,,False,,no Dockerfile and no fallback entry point found
https://github.com/KoYeJoon/test-helper_AI_small,ok,False,2,1,1,src\app.py,dockerfile,2,2,1,0,0,True,src/app.py:78 PIL.Image.open [matched Image.open],False,,False,,False,,False,,True,src/app.py:22 flask.Flask [matched Flask],"unverified: missing stages: data_preparation, modeling, training, evaluation"
https://github.com/AframGakk/GAN_pipe,no_entry,False,0,4,0,,,0,0,0,0,0,False,,False,,False,,False,,False,,False,,Dockerfile(s) found but no Python entry point could be resolved
https://github.com/craigvear/school_improv_bot,ok,False,0,0,1,main.py,fallback_root,13,43,3,0,0,False,,False,,False,,False,,False,,False,,"unverified: missing stages: data_acquisition, data_preparation, modeling, training, evaluation, inference"
https://github.com/rishavpramanik/TOPCONet,no_dockerfile,False,0,0,0,,,0,0,0,0,0,False,,False,,False,,False,,False,,False,,no Dockerfile and no fallback entry point found
https://github.com/datn2107/KerasImageClassification,ok,False,4,0,1,train.py,fallback_root,6,38,2,0,1,True,train.py:45 pd.read_csv [matched pd.read_csv],False,,True,kerascls/model.py:109 tf.keras.layers.Dropout [matched tf.keras.layers.*],True,train.py:99 model.fit [matched model.fit],True,train.py:96 model.evaluate [matched model.evaluate],False,,"unverified: missing stages: data_preparation, inference"
https://github.com/readerbench/ReaderBench,no_dockerfile,False,0,0,0,,,0,0,0,0,0,False,,False,,False,,False,,False,,False,,no Dockerfile and no fallback entry point found
https://github.com/dfki-ric-underactuated-lab/torque_limited_simple_pendulum,no_dockerfile,False,0,0,0,,,0,0,0,0,0,False,,False,,False,,False,,False,,False,,no Dockerfile and no fallback entry point found
https://github.com/fkuesou/12306,clone_failed,False,0,0,0,,,0,0,0,0,0,False,,False,,False,,False,,False,,False,,remote: Repository not found.
https://github.com/lorenzomezzini/master_thesis,no_dockerfile,False,0,0,0,,,0,0,0,0,0,False,,False,,False,,False,,False,,False,,no Dockerfile and no fallback entry point found
https://github.com/LorenzoFederici/pyrlprob,ok,False,0,0,1,pyrlprob\__main__.py,fallback_nested,2,4,1,0,0,False,,False,,False,,False,,False,,False,,"unverified: missing stages: data_acquisition, data_preparation, modeling, training, evaluation, inference"
https://github.com/chenlin0102/Differentially-private-GDO,no_dockerfile,False,0,0,0,,,0,0,0,0,0,False,,False,,False,,False,,False,,False,,no Dockerfile and no fallback entry point found
https://github.com/mathemage/TensorCFR,clone_failed,False,0,0,0,,,0,0,0,0,0,False,,False,,False,,False,,False,,False,,"error: invalid path 'src/algorithms/tensorcfr_nn/checkpoints/Runner_CNN_IIGS6Lvl10_TFRecords-2018-11-11_021836-bs=32,ce=64.0,dr=0.1,e=512,e=C-46,r=C-138,t=1,tr=0.8/final_2018-11-11_07:46:15.ckpt.data-00000-of-00001'"
https://github.com/ddxygq/PyCode,no_dockerfile,False,0,0,0,,,0,0,0,0,0,False,,False,,False,,False,,False,,False,,no Dockerfile and no fallback entry point found
https://github.com/xs2445/21fall_courses,clone_failed,False,0,0,0,,,0,0,0,0,0,False,,False,,False,,False,,False,,False,,remote: Repository not found.
https://github.com/OliverZhuo/pytorch_tutorial,no_dockerfile,False,0,0,0,,,0,0,0,0,0,False,,False,,False,,False,,False,,False,,no Dockerfile and no fallback entry point found
https://github.com/aditsharma-projects/RNN-shifts,clone_failed,False,0,0,0,,,0,0,0,0,0,False,,False,,False,,False,,False,,False,,"error: invalid path 'output/lgb_figures/2021-06-14 19:53:32.488783 learning_rate:0.01, min_data_in_leaf:20, num_leaves:4000.png'"
https://github.com/okok0415/cheating_detection_backend,no_dockerfile,False,0,0,0,,,0,0,0,0,0,False,,False,,False,,False,,False,,False,,no Dockerfile and no fallback entry point found
https://github.com/NiklasHoltmeyer/FashionDatasets,no_dockerfile,False,0,0,0,,,0,0,0,0,0,False,,False,,False,,False,,False,,False,,no Dockerfile and no fallback entry point found
https://github.com/osy1223/deepface,no_dockerfile,False,0,0,0,,,0,0,0,0,0,False,,False,,False,,False,,False,,False,,no Dockerfile and no fallback entry point found
https://github.com/joaobagas/Auto-Curation-System,ok,False,0,0,1,main.py,fallback_root,2,0,1,0,0,False,,False,,False,,False,,False,,False,,"unverified: missing stages: data_acquisition, data_preparation, modeling, training, evaluation, inference"
https://github.com/HadiMaqbool/workshp29,clone_failed,False,0,0,0,,,0,0,0,0,0,False,,False,,False,,False,,False,,False,,remote: Repository not found.
https://github.com/nextfortune/modelbricks,clone_failed,False,0,0,0,,,0,0,0,0,0,False,,False,,False,,False,,False,,False,,remote: Repository not found.
https://github.com/NB094/Easy-GANs,no_dockerfile,False,0,0,0,,,0,0,0,0,0,False,,False,,False,,False,,False,,False,,no Dockerfile and no fallback entry point found
https://github.com/tcoln/tfmodels,no_entry,False,0,4,0,,,0,0,0,0,0,False,,False,,False,,False,,False,,False,,Dockerfile(s) found but no Python entry point could be resolved
https://github.com/Kellogio/ThePythonAlgorithms,clone_failed,False,0,0,0,,,0,0,0,0,0,False,,False,,False,,False,,False,,False,,remote: Repository not found.
https://github.com/sbadirli/Fine-Grained-ZSL-with-DNA,no_dockerfile,False,0,0,0,,,0,0,0,0,0,False,,False,,False,,False,,False,,False,,no Dockerfile and no fallback entry point found
https://github.com/google/iree-samples,no_entry,False,0,2,0,,,0,0,0,0,0,False,,False,,False,,False,,False,,False,,Dockerfile(s) found but no Python entry point could be resolved
https://github.com/abramhindle/vggish-aligner,no_entry,False,0,4,0,,,0,0,0,0,0,False,,False,,False,,False,,False,,False,,Dockerfile(s) found but no Python entry point could be resolved
https://github.com/datajunkie-001/Algorithms,no_dockerfile,False,0,0,0,,,0,0,0,0,0,False,,False,,False,,False,,False,,False,,no Dockerfile and no fallback entry point found
https://github.com/samarth70/Neural-Style-Transfer,ok,False,2,0,1,app.py,fallback_root,1,5,0,0,0,True,app.py:28 requests.get [matched requests.get],False,,False,,False,,False,,True,app.py:98 gr.Interface [matched gr.Interface],"unverified: missing stages: data_preparation, modeling, training, evaluation"
https://github.com/hurryingauto3/WWF-Bird-Recognition-Project,no_dockerfile,False,0,0,0,,,0,0,0,0,0,False,,False,,False,,False,,False,,False,,no Dockerfile and no fallback entry point found
https://github.com/AppliedDynamicMechanics/Deterministic-Policy-Gradient-Cell-Migration,no_dockerfile,False,0,0,0,,,0,0,0,0,0,False,,False,,False,,False,,False,,False,,no Dockerfile and no fallback entry point found
https://github.com/Rdassy/Predictive_Senescence,no_dockerfile,False,0,0,0,,,0,0,0,0,0,False,,False,,False,,False,,False,,False,,no Dockerfile and no fallback entry point found
https://github.com/weiychen/master_thesis,ok,False,5,0,1,main.py,fallback_root,18,220,5,0,2,True,DPCTGAN.py:267 torch.utils.data.DataLoader [matched DataLoader],True,DPCTGAN.py:181 pd.get_dummies [matched pd.get_dummies],True,DPCTGAN.py:0 class Model [matched <class subclasses model base>],True,DPCTGAN.py:289 optimizer.zero_grad [matched optimizer.zero_grad],False,,True,DPCTGAN.py:196 model.eval [matched model.eval],unverified: missing stages: evaluation
https://github.com/ThuraAung1601/BHDD-using-basic-CNN,ok,False,1,0,1,app.py,fallback_root,1,0,0,0,0,False,,False,,False,,False,,False,,True,app.py:36 st.write [matched st.write],"unverified: missing stages: data_acquisition, data_preparation, modeling, training, evaluation"
https://github.com/contimatteo/Flatland-DMM,ok,False,0,0,1,src\run.py,fallback_nested,1,2,0,0,0,False,,False,,False,,False,,False,,False,,"unverified: missing stages: data_acquisition, data_preparation, modeling, training, evaluation, inference"
https://github.com/xwshi/bert,no_dockerfile,False,0,0,0,,,0,0,0,0,0,False,,False,,False,,False,,False,,False,,no Dockerfile and no fallback entry point found
https://github.com/Letsgetloud/Mushroom_Py-cture_Recognition,no_dockerfile,False,0,0,0,,,0,0,0,0,0,False,,False,,False,,False,,False,,False,,no Dockerfile and no fallback entry point found
https://github.com/Sereenvin/pythonProject3,no_dockerfile,False,0,0,0,,,0,0,0,0,0,False,,False,,False,,False,,False,,False,,no Dockerfile and no fallback entry point found
https://github.com/rbrecheisen/webapp-template,no_entry,False,0,2,0,,,0,0,0,0,0,False,,False,,False,,False,,False,,False,,Dockerfile(s) found but no Python entry point could be resolved
https://github.com/newera-001/motor-system,no_dockerfile,False,0,0,0,,,0,0,0,0,0,False,,False,,False,,False,,False,,False,,no Dockerfile and no fallback entry point found
https://github.com/Pbasnal/GooglePhotoEnhancement,no_dockerfile,False,0,0,0,,,0,0,0,0,0,False,,False,,False,,False,,False,,False,,no Dockerfile and no fallback entry point found
https://github.com/Ending2015a/unstable_baselines,no_dockerfile,False,0,0,0,,,0,0,0,0,0,False,,False,,False,,False,,False,,False,,no Dockerfile and no fallback entry point found
https://github.com/rkrkrr0101/study,no_entry,False,0,2,0,,,0,0,0,0,0,False,,False,,False,,False,,False,,False,,Dockerfile(s) found but no Python entry point could be resolved
https://github.com/recepayddogdu/Object_Detection_Classification_-_Ford_Otosan_Intern_P2,no_dockerfile,False,0,0,0,,,0,0,0,0,0,False,,False,,False,,False,,False,,False,,no Dockerfile and no fallback entry point found
https://github.com/tandi-c/3820ICT_P2-Work-Integrated-Learning-Part-2,no_entry,False,0,1,0,,,0,0,0,0,0,False,,False,,False,,False,,False,,False,,Dockerfile(s) found but no Python entry point could be resolved
https://github.com/PoCInnovation/Sharkticon,no_dockerfile,False,0,0,0,,,0,0,0,0,0,False,,False,,False,,False,,False,,False,,no Dockerfile and no fallback entry point found
https://github.com/RevolveAI/BenchmarkMyAI,ok,False,0,0,1,main.py,fallback_root,2,0,1,0,0,False,,False,,False,,False,,False,,False,,"unverified: missing stages: data_acquisition, data_preparation, modeling, training, evaluation, inference"
https://github.com/zurutech/anomaly-toolbox,no_dockerfile,False,0,0,0,,,0,0,0,0,0,False,,False,,False,,False,,False,,False,,no Dockerfile and no fallback entry point found
https://github.com/feydu/MRCNN,no_dockerfile,False,0,0,0,,,0,0,0,0,0,False,,False,,False,,False,,False,,False,,no Dockerfile and no fallback entry point found
https://github.com/trian-gles/ai-technique-classification,ok,False,1,0,1,main.py,fallback_root,14,121,3,0,0,True,webrtcmix/web_request.py:474 requests.post [matched requests.post],False,,False,,False,,False,,False,,"unverified: missing stages: data_preparation, modeling, training, evaluation, inference"
https://github.com/zhaoyinfu123/Reinforcement-Learning-Manipulator,clone_failed,False,0,0,0,,,0,0,0,0,0,False,,False,,False,,False,,False,,False,,error: invalid path '2D Manipulator/RL_pytorch_new/Char05 DDPG/expDDPG.pyPendulum-v0./actor.pth'
https://github.com/raghava-koganti/darkflow,no_dockerfile,False,0,0,0,,,0,0,0,0,0,False,,False,,False,,False,,False,,False,,no Dockerfile and no fallback entry point found
https://github.com/wldud0/handson-ml2_eng,no_entry,False,0,2,0,,,0,0,0,0,0,False,,False,,False,,False,,False,,False,,Dockerfile(s) found but no Python entry point could be resolved
https://github.com/stan-holaysan/Thesis-MaskRCNN,ok,False,2,0,1,train.py,fallback_root,3,8,1,0,0,True,train.py:133 json.load [matched json.load],True,train.py:236 imgaug.augmenters.Sequential [matched imgaug.augmenters.*],False,,False,,False,,False,,"unverified: missing stages: modeling, training, evaluation, inference"
https://github.com/bioinformatics-ua/polus,no_entry,False,0,1,0,,,0,0,0,0,0,False,,False,,False,,False,,False,,False,,Dockerfile(s) found but no Python entry point could be resolved
https://github.com/keti-dp/OpenESS,no_entry,False,0,4,0,,,0,0,0,0,0,False,,False,,False,,False,,False,,False,,Dockerfile(s) found but no Python entry point could be resolved
https://github.com/protonx-tf-03-projects/ResNet,ok,False,2,0,1,train.py,fallback_root,6,10,5,0,0,False,,False,,True,model/model.py:8 tf.keras.layers.Input [matched tf.keras.layers.*],True,train.py:111 model.fit [matched model.fit],False,,False,,"unverified: missing stages: data_acquisition, data_preparation, evaluation, inference"
https://github.com/AndryRafam/Tuberculosis,no_dockerfile,False,0,0,0,,,0,0,0,0,0,False,,False,,False,,False,,False,,False,,no Dockerfile and no fallback entry point found
https://github.com/PasaLab/Liquid,no_entry,False,0,11,0,,,0,0,0,0,0,False,,False,,False,,False,,False,,False,,Dockerfile(s) found but no Python entry point could be resolved
https://github.com/Jie-Yuan/AppZoo,clone_failed,False,0,0,0,,,0,0,0,0,0,False,,False,,False,,False,,False,,False,,remote: Repository not found.
https://github.com/ArtificialSoftwareEngineering/InterpretingCodeGeneration,no_entry,False,0,2,0,,,0,0,0,0,0,False,,False,,False,,False,,False,,False,,Dockerfile(s) found but no Python entry point could be resolved
https://github.com/neuralaudio/hear-preprocess,no_entry,False,0,1,0,,,0,0,0,0,0,False,,False,,False,,False,,False,,False,,Dockerfile(s) found but no Python entry point could be resolved
https://github.com/msfasha/Arabic-Deep-Learning-OCR,ok,False,2,0,1,src\main.py,fallback_nested,1,7,0,0,0,True,src/main.py:136 cv2.imread [matched cv2.imread],False,,True,src/main.py:221 Model.Model [matched Model],False,,False,,False,,"unverified: missing stages: data_preparation, training, evaluation, inference"
https://github.com/MinSong2/yonlu,no_dockerfile,False,0,0,0,,,0,0,0,0,0,False,,False,,False,,False,,False,,False,,no Dockerfile and no fallback entry point found
https://github.com/Nauheimer/swtp-ocr,no_dockerfile,False,0,0,0,,,0,0,0,0,0,False,,False,,False,,False,,False,,False,,no Dockerfile and no fallback entry point found
https://github.com/ICT-Project-parking-management/parking-management-system,no_dockerfile,False,0,0,0,,,0,0,0,0,0,False,,False,,False,,False,,False,,False,,no Dockerfile and no fallback entry point found
https://github.com/tvquynh/Hands-on-Machine-Learning-with-Scikit-Learn-Keras-and-TensorFlow,no_entry,False,0,2,0,,,0,0,0,0,0,False,,False,,False,,False,,False,,False,,Dockerfile(s) found but no Python entry point could be resolved
https://github.com/creatoryue/app6,no_dockerfile,False,0,0,0,,,0,0,0,0,0,False,,False,,False,,False,,False,,False,,no Dockerfile and no fallback entry point found
https://github.com/andrew-ana/machine-learning-project,ok,False,3,0,1,app.py,fallback_root,5,13,3,0,0,True,web_application/main.py:86 requests.get [matched requests.get],False,,True,web_application/models.py:0 class Airline [matched <class subclasses model base>],False,,False,,True,web_application/__init__.py:16 flask.Flask [matched Flask],"unverified: missing stages: data_preparation, training, evaluation"
https://github.com/IlyaGusev/HeadlineCause,no_dockerfile,False,0,0,0,,,0,0,0,0,0,False,,False,,False,,False,,False,,False,,no Dockerfile and no fallback entry point found
https://github.com/egrillot/Compression-using-AI,no_dockerfile,False,0,0,0,,,0,0,0,0,0,False,,False,,False,,False,,False,,False,,no Dockerfile and no fallback entry point found
https://github.com/Ronak0310/Traffic-Sign-Detection-and-Classification,no_dockerfile,False,0,0,0,,,0,0,0,0,0,False,,False,,False,,False,,False,,False,,no Dockerfile and no fallback entry point found
https://github.com/Druwa-git/cspc_recog_server,no_dockerfile,False,0,0,0,,,0,0,0,0,0,False,,False,,False,,False,,False,,False,,no Dockerfile and no fallback entry point found
https://github.com/akashrajcashrayz/sign,ok,False,2,0,1,app.py,fallback_root,1,9,0,0,0,True,app.py:78 cv2.VideoCapture [matched cv2.VideoCapture],False,,False,,False,,False,,True,app.py:11 flask.Flask [matched Flask],"unverified: missing stages: data_preparation, modeling, training, evaluation"
https://github.com/nalexai/hyperlib,no_dockerfile,False,0,0,0,,,0,0,0,0,0,False,,False,,False,,False,,False,,False,,no Dockerfile and no fallback entry point found
https://github.com/vishalw-iitk/Widerface_Yolov5,no_entry,False,0,3,0,,,0,0,0,0,0,False,,False,,False,,False,,False,,False,,Dockerfile(s) found but no Python entry point could be resolved
https://github.com/a-ws-m/unlockNN,no_dockerfile,False,0,0,0,,,0,0,0,0,0,False,,False,,False,,False,,False,,False,,no Dockerfile and no fallback entry point found
https://github.com/FIRST-Tech-Challenge/fmltc,no_entry,False,0,1,0,,,0,0,0,0,0,False,,False,,False,,False,,False,,False,,Dockerfile(s) found but no Python entry point could be resolved
https://github.com/yashshrivastavaa/Mask-Detection-Security,no_dockerfile,False,0,0,0,,,0,0,0,0,0,False,,False,,False,,False,,False,,False,,no Dockerfile and no fallback entry point found
https://github.com/daleas0120/VAE,no_dockerfile,False,0,0,0,,,0,0,0,0,0,False,,False,,False,,False,,False,,False,,no Dockerfile and no fallback entry point found
https://github.com/stephenleo/heroku-apps,no_dockerfile,False,0,0,0,,,0,0,0,0,0,False,,False,,False,,False,,False,,False,,no Dockerfile and no fallback entry point found
https://github.com/SkanderSoltani/Optical-Coherence-Tomography,no_dockerfile,False,0,0,0,,,0,0,0,0,0,False,,False,,False,,False,,False,,False,,no Dockerfile and no fallback entry point found
https://github.com/jb-ut/NBA_final_project,no_dockerfile,False,0,0,0,,,0,0,0,0,0,False,,False,,False,,False,,False,,False,,no Dockerfile and no fallback entry point found
https://github.com/chemron/Sun_GAN,no_dockerfile,False,0,0,0,,,0,0,0,0,0,False,,False,,False,,False,,False,,False,,no Dockerfile and no fallback entry point found
https://github.com/NamiKaze7/TheAlgorithms,clone_failed,False,0,0,0,,,0,0,0,0,0,False,,False,,False,,False,,False,,False,,remote: Repository not found.
https://github.com/juanse1608/AST-ImageCaptioning,no_dockerfile,False,0,0,0,,,0,0,0,0,0,False,,False,,False,,False,,False,,False,,no Dockerfile and no fallback entry point found
https://github.com/karurb92/ldam_str_bn,no_dockerfile,False,0,0,0,,,0,0,0,0,0,False,,False,,False,,False,,False,,False,,no Dockerfile and no fallback entry point found
https://github.com/seif2020/sagemaker-examples,no_entry,False,0,56,1,,dockerfile,0,0,0,0,0,False,,False,,False,,False,,False,,False,,no resolved entry point yielded a usable call graph
https://github.com/BZSROCKETS/planar_snake_prototype_RL,clone_failed,False,0,0,0,,,0,0,0,0,0,False,,False,,False,,False,,False,,False,,error: invalid path 'planar_snake_prototype_RL/benchmark/plot_data/following_eval_results_2018-07-10_22:24:53_2510/data.csv'
https://github.com/neilsong/word-counter-bot-dev,ok,False,0,1,1,main.py,fallback_root,5,42,1,0,0,False,,False,,False,,False,,False,,False,,"unverified: missing stages: data_acquisition, data_preparation, modeling, training, evaluation, inference"
https://github.com/cosmobobak/viridithas-chess,ok,False,0,0,1,src\main.py,fallback_nested,1,3,0,0,0,False,,False,,False,,False,,False,,False,,"unverified: missing stages: data_acquisition, data_preparation, modeling, training, evaluation, inference"
https://github.com/klawik-j/sudoku-ocr,no_dockerfile,False,0,0,0,,,0,0,0,0,0,False,,False,,False,,False,,False,,False,,no Dockerfile and no fallback entry point found
https://github.com/abhinavdayal/dooreye,no_dockerfile,False,0,0,0,,,0,0,0,0,0,False,,False,,False,,False,,False,,False,,no Dockerfile and no fallback entry point found
https://github.com/jilek/DataBootcampFinalProject,no_dockerfile,False,0,0,0,,,0,0,0,0,0,False,,False,,False,,False,,False,,False,,no Dockerfile and no fallback entry point found
https://github.com/Piyushak/Mask-RCNN,no_dockerfile,False,0,0,0,,,0,0,0,0,0,False,,False,,False,,False,,False,,False,,no Dockerfile and no fallback entry point found
https://github.com/seraphinatarrant/embedding_bias,no_dockerfile,False,0,0,0,,,0,0,0,0,0,False,,False,,False,,False,,False,,False,,no Dockerfile and no fallback entry point found
https://github.com/LambFerret/ProjectFinal,no_dockerfile,False,0,0,0,,,0,0,0,0,0,False,,False,,False,,False,,False,,False,,no Dockerfile and no fallback entry point found
https://github.com/sisinflab/The-Idiosyncratic-Effects-of-Adversarial-Training,no_dockerfile,False,0,0,0,,,0,0,0,0,0,False,,False,,False,,False,,False,,False,,no Dockerfile and no fallback entry point found
https://github.com/KipiMleko/Spleeter,ok,False,2,7,1,spleeter\__main__.py,fallback_nested,17,136,2,0,2,True,spleeter/__main__.py:177 json.load [matched json.load],False,,False,,False,,False,,True,spleeter/separator.py:156 estimator.predict [matched estimator.predict],"unverified: missing stages: data_preparation, modeling, training, evaluation"
https://github.com/Ran-n/tfg,no_dockerfile,False,0,0,0,,,0,0,0,0,0,False,,False,,False,,False,,False,,False,,no Dockerfile and no fallback entry point found
https://github.com/ashishks777/Mask_Detector,ok,False,1,0,1,app.py,fallback_root,1,6,0,0,0,False,,False,,False,,False,,False,,True,app.py:116 flask.Flask [matched Flask],"unverified: missing stages: data_acquisition, data_preparation, modeling, training, evaluation"
https://github.com/crhea93/LUCI,no_dockerfile,False,0,0,0,,,0,0,0,0,0,False,,False,,False,,False,,False,,False,,no Dockerfile and no fallback entry point found
https://github.com/leondgarse/keras_efficientnet_v2,no_dockerfile,False,0,0,0,,,0,0,0,0,0,False,,False,,False,,False,,False,,False,,no Dockerfile and no fallback entry point found
https://github.com/adrianrivadulla/FootNet,no_dockerfile,False,0,0,0,,,0,0,0,0,0,False,,False,,False,,False,,False,,False,,no Dockerfile and no fallback entry point found
https://github.com/google-research/scenic,ok,False,0,0,1,scenic\main.py,fallback_nested,4,1,1,0,0,False,,False,,False,,False,,False,,False,,"unverified: missing stages: data_acquisition, data_preparation, modeling, training, evaluation, inference"
https://github.com/neuralaudio/hear-baseline,no_dockerfile,False,0,0,0,,,0,0,0,0,0,False,,False,,False,,False,,False,,False,,no Dockerfile and no fallback entry point found
https://github.com/vanalmsick/MasterThesis,no_dockerfile,False,0,0,0,,,0,0,0,0,0,False,,False,,False,,False,,False,,False,,no Dockerfile and no fallback entry point found
https://github.com/AsifulNobel/Metsys,no_dockerfile,False,0,0,0,,,0,0,0,0,0,False,,False,,False,,False,,False,,False,,no Dockerfile and no fallback entry point found
https://github.com/welberthdouglas/AGA5926_term_project,ok,False,2,0,1,train.py,fallback_root,5,21,2,0,0,True,train.py:66 pickle.load [matched pickle.load],False,,True,GAN_architecture.py:46 tf.keras.layers.Conv2D [matched tf.keras.layers.*],False,,False,,False,,"unverified: missing stages: data_preparation, training, evaluation, inference"
https://github.com/joshnn/bert_tf20,no_dockerfile,False,0,0,0,,,0,0,0,0,0,False,,False,,False,,False,,False,,False,,no Dockerfile and no fallback entry point found
https://github.com/tunthunchawin/covid19-radiography,no_dockerfile,False,0,0,0,,,0,0,0,0,0,False,,False,,False,,False,,False,,False,,no Dockerfile and no fallback entry point found
https://github.com/ai4society/sentiment-rating,clone_failed,False,0,0,0,,,0,0,0,0,0,False,,False,,False,,False,,False,,False,,Error downloading object: code/sentimentmodels/CNNforNLP/checkpoints/ckpt-1.data-00000-of-00001 (0259e46): Smudge error: Error downloading code/sentimentmodels/CNNforNLP/checkpoints/ckpt-1.data-00000-of-00001 (0259e4613d25a9cf6c6b6768ab2ad161d031c1eb3eead87c8da8556bcdee025f): batch response: Resourc
https://github.com/hozongsien/lung-ct-classifier,ok,False,0,0,1,src\main.py,fallback_nested,1,3,0,0,0,False,,False,,False,,False,,False,,False,,"unverified: missing stages: data_acquisition, data_preparation, modeling, training, evaluation, inference"
https://github.com/arquivo/SafeImage,ok,False,2,1,1,safe_image_api.py,fallback_console_script,1,2,0,0,0,True,safe_image_api.py:24 yaml.load [matched yaml.load],False,,False,,False,,False,,True,safe_image_api.py:17 flask.Flask [matched Flask],"unverified: missing stages: data_preparation, modeling, training, evaluation"
https://github.com/hydrielax/oraclex,no_dockerfile,False,0,0,0,,,0,0,0,0,0,False,,False,,False,,False,,False,,False,,no Dockerfile and no fallback entry point found
https://github.com/imvickykumar999/hackathon-iot-car-parking,ok,False,2,0,1,app.py,fallback_root,7,90,3,0,0,True,app.py:685 urllib.request.urlopen [matched urllib.request.urlopen],False,,False,,False,,False,,True,app.py:50 flask.Flask [matched Flask],"unverified: missing stages: data_preparation, modeling, training, evaluation"
https://github.com/StiliyanDr/neural-image-caption,clone_failed,False,0,0,0,,,0,0,0,0,0,False,,False,,False,,False,,False,,False,,Error downloading object: data/avg.zip (ccc517a): Smudge error: Error downloading data/avg.zip (ccc517a8ad9001305629aadbdef854b032ba57529c27166ca844c11ac79ad0f6): batch response: Resource not accessible by personal access token
https://github.com/AlexYaoRuihao/tvm_new,no_entry,False,0,18,0,,,0,0,0,0,0,False,,False,,False,,False,,False,,False,,Dockerfile(s) found but no Python entry point could be resolved
https://github.com/julenbhy/biomedical_segmentation,no_dockerfile,False,0,0,0,,,0,0,0,0,0,False,,False,,False,,False,,False,,False,,no Dockerfile and no fallback entry point found
https://github.com/mohamedbashir/Diagnosis-Lung-and-Colon-Cancer-Using-Histopathological-Images,no_dockerfile,False,0,0,0,,,0,0,0,0,0,False,,False,,False,,False,,False,,False,,no Dockerfile and no fallback entry point found
https://github.com/yandex-research/shifts,ok,False,2,0,1,mswml\train.py,fallback_nested,1,2,0,0,0,False,,False,,False,,True,mswml/train.py:116 optimizer.zero_grad [matched optimizer.zero_grad],False,,True,mswml/train.py:143 model.eval [matched model.eval],"unverified: missing stages: data_acquisition, data_preparation, modeling, evaluation"
https://github.com/everwitt7/PitcherPolicy,no_dockerfile,False,0,0,0,,,0,0,0,0,0,False,,False,,False,,False,,False,,False,,no Dockerfile and no fallback entry point found
https://github.com/adtak/ikuta-ml,no_dockerfile,False,0,0,0,,,0,0,0,0,0,False,,False,,False,,False,,False,,False,,no Dockerfile and no fallback entry point found
https://github.com/WenjieDu/GraduationProject,clone_failed,False,0,0,0,,,0,0,0,0,0,False,,False,,False,,False,,False,,False,,remote: Repository not found.
https://github.com/yashrai652/Object-detection,no_entry,False,0,4,0,,,0,0,0,0,0,False,,False,,False,,False,,False,,False,,Dockerfile(s) found but no Python entry point could be resolved
https://github.com/azhar2ds/Deep-Learning,no_entry,False,0,5,0,,,0,0,0,0,0,False,,False,,False,,False,,False,,False,,Dockerfile(s) found but no Python entry point could be resolved
https://github.com/aoberai/chess-engine,clone_failed,False,0,0,0,,,0,0,0,0,0,False,,False,,False,,False,,False,,False,,remote: Repository not found.
https://github.com/Adamantios/NN-Train,no_dockerfile,False,0,0,0,,,0,0,0,0,0,False,,False,,False,,False,,False,,False,,no Dockerfile and no fallback entry point found
https://github.com/Apidwalin/models-buxfix,no_entry,False,0,4,0,,,0,0,0,0,0,False,,False,,False,,False,,False,,False,,Dockerfile(s) found but no Python entry point could be resolved
https://github.com/huggingface/huggingface_hub,no_dockerfile,False,0,0,0,,,0,0,0,0,0,False,,False,,False,,False,,False,,False,,no Dockerfile and no fallback entry point found
https://github.com/kadkhodaei-research-group/XIE-SPP,ok,False,3,0,1,xiespp\main.py,fallback_nested,5,17,3,0,0,True,xiespp/synthesizability_1/synthesizability.py:99 pickle.load [matched pickle.load],False,,True,xiespp/synthesizability_1/synthesizability.py:46 keras.layers.Flatten [matched keras.layers.*],False,,False,,True,xiespp/main.py:95 model.predict [matched model.predict],"unverified: missing stages: data_preparation, training, evaluation"
https://github.com/19522224/CS114.L21,no_dockerfile,False,0,0,0,,,0,0,0,0,0,False,,False,,False,,False,,False,,False,,no Dockerfile and no fallback entry point found
https://github.com/oshirokn/trashsorting_AnalyticalServiceDevelopment,ok,False,0,1,1,train.py,fallback_root,1,0,0,0,0,False,,False,,False,,False,,False,,False,,"unverified: missing stages: data_acquisition, data_preparation, modeling, training, evaluation, inference"
https://github.com/polak0v/ReSuber,no_dockerfile,False,0,0,0,,,0,0,0,0,0,False,,False,,False,,False,,False,,False,,no Dockerfile and no fallback entry point found
https://github.com/Slangoij/PlayData_Final_Project,no_dockerfile,False,0,0,0,,,0,0,0,0,0,False,,False,,False,,False,,False,,False,,no Dockerfile and no fallback entry point found
https://github.com/yatfungleung/amazon-fashion-recommendation,ok,False,2,0,1,app.py,fallback_root,1,1,0,0,0,True,app.py:5 PIL.Image.open [matched Image.open],False,,False,,False,,False,,True,app.py:10 st.write [matched st.write],"unverified: missing stages: data_preparation, modeling, training, evaluation"
https://github.com/Benetti-Hub/Web-App-Cloud,clone_failed,False,0,0,0,,,0,0,0,0,0,False,,False,,False,,False,,False,,False,,remote: Repository not found.
https://github.com/apache/tvm,no_entry,False,0,4,0,,,0,0,0,0,0,False,,False,,False,,False,,False,,False,,Dockerfile(s) found but no Python entry point could be resolved
https://github.com/yurakuratov/t5-experiments,no_dockerfile,False,0,0,0,,,0,0,0,0,0,False,,False,,False,,False,,False,,False,,no Dockerfile and no fallback entry point found
https://github.com/devnjw/ShoeSearch,no_dockerfile,False,0,0,0,,,0,0,0,0,0,False,,False,,False,,False,,False,,False,,no Dockerfile and no fallback entry point found
https://github.com/instance01/qubo-nn,ok,False,5,0,1,qubo_nn\main.py,fallback_nested,30,207,4,0,0,True,qubo_nn/pipeline.py:144 gzip.open [matched gzip.open],True,qubo_nn/logger.py:86 torchvision.transforms.ToTensor [matched torchvision.transforms.*],True,qubo_nn/nn/models.py:0 class FCNet [matched <class subclasses model base>],True,qubo_nn/logger.py:34 torch.utils.tensorboard.SummaryWriter [matched tensorboard.SummaryWriter],True,qubo_nn/logger.py:40 self.writer.add_scalar [matched writer.add_scalar],False,,unverified: missing stages: inference
https://github.com/raklugrin01/Disaster-Tweets-Analysis-and-Classification,ok,False,3,0,1,app.py,fallback_root,1,4,0,0,0,True,app.py:21 pickle.load [matched pickle.load],True,app.py:26 nltk.stem.WordNetLemmatizer [matched nltk.stem.WordNetLemmatizer],False,,False,,False,,True,app.py:16 flask.Flask [matched Flask],"unverified: missing stages: modeling, training, evaluation"
https://github.com/thedivyanshuyadav/ISENW,no_dockerfile,False,0,0,0,,,0,0,0,0,0,False,,False,,False,,False,,False,,False,,no Dockerfile and no fallback entry point found
https://github.com/srk810/amazon-sagemaker-examples,no_entry,False,0,56,1,,dockerfile,0,0,0,0,0,False,,False,,False,,False,,False,,False,,no resolved entry point yielded a usable call graph
https://github.com/ganeshreddy1201/sai,no_dockerfile,False,0,0,0,,,0,0,0,0,0,False,,False,,False,,False,,False,,False,,no Dockerfile and no fallback entry point found
https://github.com/jathinreddy/TheAlgorithms_Python,no_dockerfile,False,0,0,0,,,0,0,0,0,0,False,,False,,False,,False,,False,,False,,no Dockerfile and no fallback entry point found
https://github.com/smearle/control-pcgrl,no_entry,False,0,3,0,,,0,0,0,0,0,False,,False,,False,,False,,False,,False,,Dockerfile(s) found but no Python entry point could be resolved
https://github.com/BB8-2020/FARM-deforestation,no_entry,False,0,1,0,,,0,0,0,0,0,False,,False,,False,,False,,False,,False,,Dockerfile(s) found but no Python entry point could be resolved
https://github.com/WorksApplications/SudachiTra,no_dockerfile,False,0,0,0,,,0,0,0,0,0,False,,False,,False,,False,,False,,False,,no Dockerfile and no fallback entry point found
https://github.com/h8go/eye_tracking_rl,no_dockerfile,False,0,0,0,,,0,0,0,0,0,False,,False,,False,,False,,False,,False,,no Dockerfile and no fallback entry point found
https://github.com/junseongwoo/StudyCV,clone_failed,False,0,0,0,,,0,0,0,0,0,False,,False,,False,,False,,False,,False,,remote: Repository not found.
https://github.com/tensorfork/OBST,ok,False,0,1,1,main.py,fallback_root,1,0,0,0,0,False,,False,,False,,False,,False,,False,,"unverified: missing stages: data_acquisition, data_preparation, modeling, training, evaluation, inference"
https://github.com/scaleoutsystems/examples,clone_failed,False,0,0,0,,,0,0,0,0,0,False,,False,,False,,False,,False,,False,,Error downloading object: tutorials/studio/quickstart/vgg11_scripted.mar (756ed4e): Smudge error: Error downloading tutorials/studio/quickstart/vgg11_scripted.mar (756ed4e37232a5862a7ae7b68ef0077d6dc3cfa187bd596e9916b7aded9ccc27): batch response: Resource not accessible by personal access token
https://github.com/Riaduddin/NLP-Projects,no_dockerfile,False,0,0,0,,,0,0,0,0,0,False,,False,,False,,False,,False,,False,,no Dockerfile and no fallback entry point found
https://github.com/felipeaq/xr-cv19-diagnosis,no_dockerfile,False,0,0,0,,,0,0,0,0,0,False,,False,,False,,False,,False,,False,,no Dockerfile and no fallback entry point found
https://github.com/rijhkllll/object_detection,no_entry,False,0,1,0,,,0,0,0,0,0,False,,False,,False,,False,,False,,False,,Dockerfile(s) found but no Python entry point could be resolved
https://github.com/Fgarciash/algae-classifier-v2,ok,False,1,0,1,app.py,fallback_root,1,3,0,0,0,False,,False,,False,,False,,False,,True,app.py:26 flask.Flask [matched Flask],"unverified: missing stages: data_acquisition, data_preparation, modeling, training, evaluation"
https://github.com/stheid/pylibfuzzer,clone_failed,False,0,0,0,,,0,0,0,0,0,False,,False,,False,,False,,False,,False,,error: invalid path 'examples/mcts_jsonsanitizer/#47/results/2021.08.17-13:57:02.9311.json'
https://github.com/vjhansen/IRSTD,ok,False,1,0,1,main.py,fallback_root,5,24,2,0,0,True,main.py:90 PIL.Image.open [matched Image.open],False,,False,,False,,False,,False,,"unverified: missing stages: data_preparation, modeling, training, evaluation, inference"
https://github.com/ENg-122/ENg-12,ok,False,2,0,1,train.py,fallback_root,17,150,3,0,0,True,model/utils/general.py:110 json.load [matched json.load],False,,False,,False,,True,model/evaluation/text.py:72 nltk.translate.bleu_score.corpus_bleu [matched corpus_bleu],False,,"unverified: missing stages: data_preparation, modeling, training, inference"
https://github.com/bschroedr/sg2im,ok,False,5,0,1,scripts\train.py,fallback_nested,17,128,2,0,0,True,scripts/train.py:338 json.load [matched json.load],True,sg2im/data/coco.py:263 torchvision.transforms.ToTensor [matched torchvision.transforms.*],True,sg2im/discriminators.py:0 class CondGANPatchDiscriminator [matched <class subclasses model base>],True,scripts/train.py:760 optimizer.zero_grad [matched optimizer.zero_grad],False,,True,scripts/train.py:388 torch.no_grad [matched torch.no_grad],unverified: missing stages: evaluation
https://github.com/NitishBhatt07/Covid19-Chatbot-Deploy-Heroku,ok,False,3,0,1,app.py,fallback_root,2,7,1,0,0,True,app.py:20 pickle.load [matched pickle.load],True,app.py:16 nltk.stem.WordNetLemmatizer [matched nltk.stem.WordNetLemmatizer],False,,False,,False,,True,app.py:13 flask.Flask [matched Flask],"unverified: missing stages: modeling, training, evaluation"
https://github.com/ElSarik/Thesis,clone_failed,False,0,0,0,,,0,0,0,0,0,False,,False,,False,,False,,False,,False,,remote: Repository not found.
https://github.com/Raghvender1205/AIkit,ok,False,1,1,1,examples\reporter\main.py,dockerfile,2,8,1,1,0,False,,False,,False,,True,examples/reporter/main.py:105 model.fit [matched model.fit],False,,False,,"unverified: missing stages: data_acquisition, data_preparation, modeling, evaluation, inference"
https://github.com/IzSergio/Osas,no_dockerfile,False,0,0,0,,,0,0,0,0,0,False,,False,,False,,False,,False,,False,,no Dockerfile and no fallback entry point found
https://github.com/Priyansh-Kedia/SentimentAnalysisBackend,ok,False,4,0,1,main.py,fallback_root,7,18,2,0,0,True,sentiment_analysis/sentiment_analysis.py:64 def prepare_data [matched <lightning hook prepare_data>],False,,True,sentiment_analysis/firebase_upload.py:33 firebase_admin.ml.Model [matched Model],True,sentiment_analysis/sentiment_analysis.py:107 model.fit [matched model.fit],False,,True,main.py:23 fastapi.FastAPI [matched FastAPI],"unverified: missing stages: data_preparation, evaluation"
https://github.com/AtrejuArtax/aironsuit,no_entry,False,0,1,0,,,0,0,0,0,0,False,,False,,False,,False,,False,,False,,Dockerfile(s) found but no Python entry point could be resolved
https://github.com/sandeeptuluri/Tensorflow-lite,no_entry,False,0,1,0,,,0,0,0,0,0,False,,False,,False,,False,,False,,False,,Dockerfile(s) found but no Python entry point could be resolved
https://github.com/Pfanfel/mood_fh,no_dockerfile,False,0,0,0,,,0,0,0,0,0,False,,False,,False,,False,,False,,False,,no Dockerfile and no fallback entry point found
https://github.com/mevol/python_topaz3,ok,False,1,0,1,topaz3\command_line_preparation.py,fallback_console_script,9,26,2,0,0,True,topaz3/command_line_preparation.py:44 yaml.safe_load [matched yaml.safe_load],False,,False,,False,,False,,False,,"unverified: missing stages: data_preparation, modeling, training, evaluation, inference"
https://github.com/tchubey/ehealth,ok,False,2,0,1,main.py,fallback_root,13,193,3,0,0,True,mytools/ModelBuilder.py:89 json.load [matched json.load],False,,True,mytools/JointModel.py:42 tf.keras.layers.TimeDistributed [matched tf.keras.layers.*],False,,False,,False,,"unverified: missing stages: data_preparation, training, evaluation, inference"
https://github.com/ValensioLeonard/Bangkit_Final_Capstone_Vivere,no_dockerfile,False,0,0,0,,,0,0,0,0,0,False,,False,,False,,False,,False,,False,,no Dockerfile and no fallback entry point found
https://github.com/ssiwapol/forecasting-platform,ok,False,4,1,1,run.py,fallback_root,5,119,2,0,0,True,run.py:25 yaml.load [matched yaml.load],True,mod.py:113 pd.concat [matched pd.concat],True,model.py:279 statsmodels.tsa.holtwinters.ExponentialSmoothing [matched ExponentialSmoothing],True,mod.py:480 model.fit [matched model.fit],False,,False,,"unverified: missing stages: evaluation, inference"
https://github.com/kadukows/rpi-plates-recognition,no_dockerfile,False,0,0,0,,,0,0,0,0,0,False,,False,,False,,False,,False,,False,,no Dockerfile and no fallback entry point found
https://github.com/Jg-Nascimento/chatabot_flask,no_dockerfile,False,0,0,0,,,0,0,0,0,0,False,,False,,False,,False,,False,,False,,no Dockerfile and no fallback entry point found
https://github.com/teticio/Discogs,no_dockerfile,False,0,0,0,,,0,0,0,0,0,False,,False,,False,,False,,False,,False,,no Dockerfile and no fallback entry point found
https://github.com/icksannugrahaa/Pronunciation-Learning-with-Translator,clone_failed,False,0,0,0,,,0,0,0,0,0,False,,False,,False,,False,,False,,False,,Error downloading object: Machine learning/Model_saving/weights.tar.gz (d4195c1): Smudge error: Error downloading Machine learning/Model_saving/weights.tar.gz (d4195c183873c6a530a42aa201d1de6cd22bbe9ab9faa1410b9a6f8b7b564339): batch response: Resource not accessible by personal access token
https://github.com/narenmanoj/mnist-adv-training,no_dockerfile,False,0,0,0,,,0,0,0,0,0,False,,False,,False,,False,,False,,False,,no Dockerfile and no fallback entry point found
https://github.com/fedlucchetti/FFR-Toolkit,no_dockerfile,False,0,0,0,,,0,0,0,0,0,False,,False,,False,,False,,False,,False,,no Dockerfile and no fallback entry point found
https://github.com/rudyRyu/darknet-yolo-utils,no_dockerfile,False,0,0,0,,,0,0,0,0,0,False,,False,,False,,False,,False,,False,,no Dockerfile and no fallback entry point found
https://github.com/M-O-R-F-E-U-S-Z/MORFEUSZ,no_dockerfile,False,0,0,0,,,0,0,0,0,0,False,,False,,False,,False,,False,,False,,no Dockerfile and no fallback entry point found
https://github.com/Ikrini/Netcracker-DevOps-school-2021,no_entry,False,0,2,0,,,0,0,0,0,0,False,,False,,False,,False,,False,,False,,Dockerfile(s) found but no Python entry point could be resolved
https://github.com/cfoster0/CLAP,ok,False,2,0,1,train.py,fallback_root,26,52,6,0,0,False,,False,,True,clap/models.py:0 class CLAP [matched <class subclasses model base>],True,train.py:23 hydra.main [matched hydra.main],False,,False,,"unverified: missing stages: data_acquisition, data_preparation, evaluation, inference"
https://github.com/Karanmehra7107/Medical_Diagnosis,ok,False,2,0,1,app.py,fallback_root,1,12,0,0,0,True,app.py:13 pickle.load [matched pickle.load],False,,False,,False,,False,,True,app.py:9 flask.Flask [matched Flask],"unverified: missing stages: data_preparation, modeling, training, evaluation"
https://github.com/charlottesuaud/birds,no_dockerfile,False,0,0,0,,,0,0,0,0,0,False,,False,,False,,False,,False,,False,,no Dockerfile and no fallback entry point found
https://github.com/pujareadi/pyhton-algo-ref,no_dockerfile,False,0,0,0,,,0,0,0,0,0,False,,False,,False,,False,,False,,False,,no Dockerfile and no fallback entry point found
https://github.com/enesvardar/autonomous-car-reinforcement-learning,ok,False,3,0,1,main.py,fallback_root,6,23,2,0,0,False,,False,,True,dql_agent.py:39 keras.layers.Dense [matched layers.Dense],True,dql_agent.py:178 self.model.fit [matched model.fit],False,,True,dql_agent.py:136 self.model.predict [matched model.predict],"unverified: missing stages: data_acquisition, data_preparation, evaluation"
https://github.com/MolaAyu/Mask-R-CNN-On-Custom-Dataset,no_dockerfile,False,0,0,0,,,0,0,0,0,0,False,,False,,False,,False,,False,,False,,no Dockerfile and no fallback entry point found
https://github.com/KhalilJDamouni/QC-Bench,ok,False,0,0,1,source\main.py,fallback_nested,1,1,0,0,0,False,,False,,False,,False,,False,,False,,"unverified: missing stages: data_acquisition, data_preparation, modeling, training, evaluation, inference"
https://github.com/plotly/dash-sample-apps,no_entry,False,0,1,0,,,0,0,0,0,0,False,,False,,False,,False,,False,,False,,Dockerfile(s) found but no Python entry point could be resolved
https://github.com/KiloSat/FirstNivesh,ok,False,0,0,1,main.py,fallback_root,2,3,1,0,0,False,,False,,False,,False,,False,,False,,"unverified: missing stages: data_acquisition, data_preparation, modeling, training, evaluation, inference"
https://github.com/jamescalam/transformers,no_dockerfile,False,0,0,0,,,0,0,0,0,0,False,,False,,False,,False,,False,,False,,no Dockerfile and no fallback entry point found
https://github.com/arunpune/PDF-Extractor-NER-BERT,no_entry,False,0,1,0,,,0,0,0,0,0,False,,False,,False,,False,,False,,False,,Dockerfile(s) found but no Python entry point could be resolved
https://github.com/alckasoc/LearningML-Projects,no_dockerfile,False,0,0,0,,,0,0,0,0,0,False,,False,,False,,False,,False,,False,,no Dockerfile and no fallback entry point found
https://github.com/2495165664/captcha_tf2,ok,False,2,0,1,train.py,fallback_root,2,7,1,0,0,True,make_data.py:30 cv2.imread [matched cv2.imread],False,,False,,True,train.py:25 model.fit [matched model.fit],False,,False,,"unverified: missing stages: data_preparation, modeling, evaluation, inference"
https://github.com/sngjuk/meme-glossary,ok,False,1,0,1,app.py,fallback_root,6,26,2,0,0,True,server/server.py:53 pickle.load [matched pickle.load],False,,False,,False,,False,,False,,"unverified: missing stages: data_preparation, modeling, training, evaluation, inference"
https://github.com/Cornerstone-OnDemand/modelkit,ok,False,3,0,1,modelkit\cli.py,fallback_console_script,34,285,4,0,2,True,modelkit/assets/drivers/gcs.py:52 google.cloud.storage.Client [matched google.cloud.storage.Client],False,,True,modelkit/core/models/tensorflow_model.py:0 class KerasModelFromSavedModel [matched <class subclasses model base>],False,,False,,True,modelkit/api.py:133 model.predict [matched model.predict],"unverified: missing stages: data_preparation, training, evaluation"
https://github.com/cisco00/Digit_recognition_model,ok,False,2,0,1,main.py,fallback_root,2,5,1,0,0,True,main.py:15 PIL.Image.open [matched Image.open],False,,False,,False,,False,,True,main.py:10 fastapi.FastAPI [matched FastAPI],"unverified: missing stages: data_preparation, modeling, training, evaluation"
https://github.com/ItsFabby/chess,clone_failed,False,0,0,0,,,0,0,0,0,0,False,,False,,False,,False,,False,,False,,Error downloading object: weights/model0/.data-00000-of-00001 (f66a64a): Smudge error: Error downloading weights/model0/.data-00000-of-00001 (f66a64a79e10927edfdb970be25e09f3a46b9b4b5e66dc2d37775374e38e022f): batch response: Resource not accessible by personal access token
https://github.com/GJdu/Tourism-Project,clone_failed,False,0,0,0,,,0,0,0,0,0,False,,False,,False,,False,,False,,False,,Error downloading object: Models/final_detectSelfie_model/variables/variables.data-00000-of-00001 (467a2d5): Smudge error: Error downloading Models/final_detectSelfie_model/variables/variables.data-00000-of-00001 (467a2d5657dc054869fd444d002e43ed009017e64772758e8d538b019c704582): batch response: Res
https://github.com/ThalesGroup/pythagore-mod-reco,no_dockerfile,False,0,0,0,,,0,0,0,0,0,False,,False,,False,,False,,False,,False,,no Dockerfile and no fallback entry point found
https://github.com/TechyNilesh/DeepImageSearch,ok,False,4,0,1,DeepImageSearch\agents\mcp_server.py,fallback_console_script,9,64,3,0,0,True,DeepImageSearch/core/searcher.py:90 PIL.Image.open [matched Image.open],True,DeepImageSearch/core/embeddings.py:171 torchvision.transforms.Compose [matched torchvision.transforms.*],True,DeepImageSearch/core/embeddings.py:166 timm.create_model [matched timm.create_model],False,,False,,True,DeepImageSearch/core/embeddings.py:90 self.model.eval [matched model.eval],"unverified: missing stages: training, evaluation"
https://github.com/aidotse/fedbird,no_entry,False,0,1,0,,,0,0,0,0,0,False,,False,,False,,False,,False,,False,,Dockerfile(s) found but no Python entry point could be resolved
https://github.com/bytesapart/hungergames,ok,False,0,0,1,src\main.py,fallback_nested,1,27,0,0,0,False,,False,,False,,False,,False,,False,,"unverified: missing stages: data_acquisition, data_preparation, modeling, training, evaluation, inference"
https://github.com/fomorians/tfstage,no_dockerfile,False,0,0,0,,,0,0,0,0,0,False,,False,,False,,False,,False,,False,,no Dockerfile and no fallback entry point found
https://github.com/adh182/B21-CAP0155_Capstone_Project,no_entry,False,0,1,0,,,0,0,0,0,0,False,,False,,False,,False,,False,,False,,Dockerfile(s) found but no Python entry point could be resolved
https://github.com/Stock-Stalker/predictor,ok,False,1,2,1,app.py,fallback_root,2,0,1,0,0,False,,False,,False,,False,,False,,True,predictor/__init__.py:7 flask.Flask [matched Flask],"unverified: missing stages: data_acquisition, data_preparation, modeling, training, evaluation"
https://github.com/AuroraPurgatio/AIDungeon,no_dockerfile,False,0,0,0,,,0,0,0,0,0,False,,False,,False,,False,,False,,False,,no Dockerfile and no fallback entry point found
https://github.com/dltmdgh1994/Driver-Protection-Service,no_entry,False,0,2,0,,,0,0,0,0,0,False,,False,,False,,False,,False,,False,,Dockerfile(s) found but no Python entry point could be resolved
https://github.com/InbalWaiss/combat_gym,clone_failed,False,0,0,0,,,0,0,0,0,0,False,,False,,False,,False,,False,,False,,remote: Repository not found.
https://github.com/chorespore/stock,no_dockerfile,False,0,0,0,,,0,0,0,0,0,False,,False,,False,,False,,False,,False,,no Dockerfile and no fallback entry point found
https://github.com/s6eskand/shopify_application_fall2021,no_entry,False,0,1,0,,,0,0,0,0,0,False,,False,,False,,False,,False,,False,,Dockerfile(s) found but no Python entry point could be resolved
https://github.com/deepmind/optax,no_dockerfile,False,0,0,0,,,0,0,0,0,0,False,,False,,False,,False,,False,,False,,no Dockerfile and no fallback entry point found
https://github.com/google/init2winit,ok,False,0,0,1,init2winit\main.py,fallback_nested,5,5,1,0,0,False,,False,,False,,False,,False,,False,,"unverified: missing stages: data_acquisition, data_preparation, modeling, training, evaluation, inference"
https://github.com/goimexindia/shubhshaadivivah,no_dockerfile,False,0,0,0,,,0,0,0,0,0,False,,False,,False,,False,,False,,False,,no Dockerfile and no fallback entry point found
https://github.com/ImagingYeditepe/Segmentation-of-Teeth-in-Panoramic-X-ray-Image,no_dockerfile,False,0,0,0,,,0,0,0,0,0,False,,False,,False,,False,,False,,False,,no Dockerfile and no fallback entry point found
https://github.com/RansML/wut_temp_dev,no_dockerfile,False,0,0,0,,,0,0,0,0,0,False,,False,,False,,False,,False,,False,,no Dockerfile and no fallback entry point found
https://github.com/yoonBot/Computer-Science-and-Engineering,clone_failed,False,0,0,0,,,0,0,0,0,0,False,,False,,False,,False,,False,,False,,error: invalid path 'C Primer Plus/Chapter 6 - C Control Statements: Looping/6.01_summing.c'
https://github.com/shihhowie/LastFM_RS,ok,False,4,0,1,app.py,fallback_root,9,43,3,0,0,True,lastfm/tracker.py:39 json.load [matched json.load],True,lastfm/data_processing.py:105 pd.to_datetime [matched pd.to_datetime],True,lastfm/embedding.py:0 class UserEmbedding [matched <class subclasses model base>],False,,False,,True,app.py:16 flask.Flask [matched Flask],"unverified: missing stages: training, evaluation"
https://github.com/SIC98/DALLE-Datasets,no_dockerfile,False,0,0,0,,,0,0,0,0,0,False,,False,,False,,False,,False,,False,,no Dockerfile and no fallback entry point found
https://github.com/jnwang19/train-procgen,ok,False,0,0,1,train_procgen\train.py,fallback_nested,1,2,0,0,0,False,,False,,False,,False,,False,,False,,"unverified: missing stages: data_acquisition, data_preparation, modeling, training, evaluation, inference"
https://github.com/nsbarsukov/toxic-comments-detector,no_dockerfile,False,0,0,0,,,0,0,0,0,0,False,,False,,False,,False,,False,,False,,no Dockerfile and no fallback entry point found
https://github.com/zincware/SymSuite,no_dockerfile,False,0,0,0,,,0,0,0,0,0,False,,False,,False,,False,,False,,False,,no Dockerfile and no fallback entry point found
https://github.com/Qlanowski/evopose2dlite,ok,False,5,0,1,train.py,fallback_root,13,82,2,0,0,True,utils.py:182 pickle.load [matched pickle.load],False,,True,nets/simple_basline.py:31 tf.keras.layers.Conv2DTranspose [matched tf.keras.layers.*],True,train.py:55 wandb.init [matched wandb.init],True,train.py:207 wandb.log [matched wandb.log],True,dataset/dataloader.py:282 model.predict [matched model.predict],unverified: missing stages: data_preparation
https://github.com/BenedictusKent/TCM_Analyzer,no_entry,False,0,1,0,,,0,0,0,0,0,False,,False,,False,,False,,False,,False,,Dockerfile(s) found but no Python entry point could be resolved
https://github.com/jakobGTO/DD2434-VAE-Project,no_dockerfile,False,0,0,0,,,0,0,0,0,0,False,,False,,False,,False,,False,,False,,no Dockerfile and no fallback entry point found
https://github.com/romulofff/gym-hero,no_dockerfile,False,0,0,0,,,0,0,0,0,0,False,,False,,False,,False,,False,,False,,no Dockerfile and no fallback entry point found
https://github.com/fabric8-analytics/fabric8-analytics-npm-insights,no_entry,False,0,1,0,,,0,0,0,0,0,False,,False,,False,,False,,False,,False,,Dockerfile(s) found but no Python entry point could be resolved
https://github.com/grantcroft/BioRobProject,no_dockerfile,False,0,0,0,,,0,0,0,0,0,False,,False,,False,,False,,False,,False,,no Dockerfile and no fallback entry point found
https://github.com/psp2108/Face_Generation,ok,False,1,0,1,src\app.py,fallback_nested,1,4,0,0,0,False,,False,,False,,False,,False,,True,src/app.py:13 flask.Flask [matched Flask],"unverified: missing stages: data_acquisition, data_preparation, modeling, training, evaluation"
https://github.com/ebbeberge/stroke-prediction,no_dockerfile,False,0,0,0,,,0,0,0,0,0,False,,False,,False,,False,,False,,False,,no Dockerfile and no fallback entry point found
https://github.com/thiagofigcosta/stock-pred-v2,ok,True,6,1,1,main.py,dockerfile,11,200,2,0,0,True,NeuralNetwork.py:729 pd.read_csv [matched pd.read_csv],True,NeuralNetwork.py:828 pd.concat [matched pd.concat],True,NeuralNetwork.py:637 tf.keras.layers.LSTM [matched tf.keras.layers.*],True,NeuralNetwork.py:201 self.model.fit [matched model.fit],True,NeuralNetwork.py:301 self.model.evaluate [matched model.evaluate],True,NeuralNetwork.py:222 self.model.predict [matched model.predict],verified: all 6 stages present
https://github.com/yifancui/Bert,no_dockerfile,False,0,0,0,,,0,0,0,0,0,False,,False,,False,,False,,False,,False,,no Dockerfile and no fallback entry point found
https://github.com/Johni-ge/water_meter,no_dockerfile,False,0,0,0,,,0,0,0,0,0,False,,False,,False,,False,,False,,False,,no Dockerfile and no fallback entry point found
https://github.com/shl418/World-Model,no_entry,False,0,3,0,,,0,0,0,0,0,False,,False,,False,,False,,False,,False,,Dockerfile(s) found but no Python entry point could be resolved
https://github.com/KoralK5/CWSF2021,no_entry,False,0,1,0,,,0,0,0,0,0,False,,False,,False,,False,,False,,False,,Dockerfile(s) found but no Python entry point could be resolved
https://github.com/HelloHeChengXi/Chinese-Grammatical-error-diagnosis,no_dockerfile,False,0,0,0,,,0,0,0,0,0,False,,False,,False,,False,,False,,False,,no Dockerfile and no fallback entry point found
https://github.com/CSCCNY/final-project-monodepth-ccny,ok,False,2,0,1,train.py,fallback_root,1,1,0,0,0,False,,False,,False,,True,train.py:51 m.model.fit [matched model.fit],True,train.py:35 tf.keras.losses.mean_squared_error [matched mean_squared_error],False,,"unverified: missing stages: data_acquisition, data_preparation, modeling, inference"
https://github.com/gguilt/DeepCreamPy-Archived,clone_failed,False,0,0,0,,,0,0,0,0,0,False,,False,,False,,False,,False,,False,,remote: Repository not found.
https://github.com/MichFig/Income_Classification_Project,ok,False,2,0,1,main.py,fallback_root,2,17,1,0,0,True,make_labels.py:7 pd.read_csv [matched pd.read_csv],False,,False,,False,,False,,True,main.py:10 flask.Flask [matched Flask],"unverified: missing stages: data_preparation, modeling, training, evaluation"
https://github.com/Benjamin-Etheredge/DeepQExploration,ok,False,0,1,1,src\main.py,fallback_nested,1,2,0,0,0,False,,False,,False,,False,,False,,False,,"unverified: missing stages: data_acquisition, data_preparation, modeling, training, evaluation, inference"
https://github.com/shayan-kousha/SurVAE,no_dockerfile,False,0,0,0,,,0,0,0,0,0,False,,False,,False,,False,,False,,False,,no Dockerfile and no fallback entry point found
https://github.com/jenniesun/Optical-Character-Recognition,no_dockerfile,False,0,0,0,,,0,0,0,0,0,False,,False,,False,,False,,False,,False,,no Dockerfile and no fallback entry point found
https://github.com/sverress/master-thesis,no_dockerfile,False,0,0,0,,,0,0,0,0,0,False,,False,,False,,False,,False,,False,,no Dockerfile and no fallback entry point found
https://github.com/pathikg/Real-Time-Sign-Language-Recognition,no_dockerfile,False,0,0,0,,,0,0,0,0,0,False,,False,,False,,False,,False,,False,,no Dockerfile and no fallback entry point found
https://github.com/jxiw/UDO,ok,False,3,0,1,udo\__main__.py,fallback_nested,11,66,2,0,0,True,udo/__main__.py:104 json.load [matched json.load],False,,True,udo/agent/ddpg_agent.py:148 tf.keras.layers.Input [matched tf.keras.layers.*],True,udo/agent/ddpg_agent.py:96 tf.GradientTape [matched tf.GradientTape],False,,False,,"unverified: missing stages: data_preparation, evaluation, inference"
https://github.com/theolepage/ssl-for-slr,ok,False,5,0,1,train.py,fallback_root,30,126,4,0,0,True,train.py:58 sslforslr.utils.helpers.load_dataset [matched load_dataset],True,sslforslr/dataset/AudioDatasetLoader.py:163 sklearn.model_selection.train_test_split [matched train_test_split],True,sslforslr/utils/helpers.py:44 tf.keras.layers.Input [matched tf.keras.layers.*],True,train.py:74 model.fit [matched model.fit],True,sslforslr/utils/evaluate.py:77 sklearn.metrics.roc_curve [matched roc_curve],False,,unverified: missing stages: inference
https://github.com/mjason98/semeval21_humor,no_dockerfile,False,0,0,0,,,0,0,0,0,0,False,,False,,False,,False,,False,,False,,no Dockerfile and no fallback entry point found
https://github.com/kmu-bigdata/architect-cloud,no_entry,False,0,9,0,,,0,0,0,0,0,False,,False,,False,,False,,False,,False,,Dockerfile(s) found but no Python entry point could be resolved
https://github.com/AdamWang00/yolov3-tf2,clone_failed,False,0,0,0,,,0,0,0,0,0,False,,False,,False,,False,,False,,False,,Error downloading object: checkpoints/yolov3_transfer.tf.data-00000-of-00001 (520b777): Smudge error: Error downloading checkpoints/yolov3_transfer.tf.data-00000-of-00001 (520b777c6bde53fe3ae0b4134a81b091635491f4f93bc3349669f6b16f35f8df): batch response: Resource not accessible by personal access to
https://github.com/Gavin-Development/GavinBackend,no_dockerfile,False,0,0,0,,,0,0,0,0,0,False,,False,,False,,False,,False,,False,,no Dockerfile and no fallback entry point found
https://github.com/KevinHQChen/pyslam,no_dockerfile,False,0,0,0,,,0,0,0,0,0,False,,False,,False,,False,,False,,False,,no Dockerfile and no fallback entry point found
https://github.com/CS17B011/code2vec,clone_failed,False,0,0,0,,,0,0,0,0,0,False,,False,,False,,False,,False,,False,,remote: Repository not found.
https://github.com/rtmy/tensorflow_contrib,no_entry,False,0,1,0,,,0,0,0,0,0,False,,False,,False,,False,,False,,False,,Dockerfile(s) found but no Python entry point could be resolved
https://github.com/MarcoBuratti/FinTechAPI,ok,False,5,0,1,app.py,fallback_root,9,52,3,0,0,True,app.py:130 requests.get [matched requests.get],True,utils/financial.py:61 pd.concat [matched pd.concat],True,utils/chatbot.py:77 tf.keras.layers.Dense [matched tf.keras.layers.*],True,utils/chatbot.py:86 self.model.fit [matched model.fit],False,,True,app.py:15 flask.Flask [matched Flask],unverified: missing stages: evaluation
https://github.com/irenedepacina/final_project,no_dockerfile,False,0,0,0,,,0,0,0,0,0,False,,False,,False,,False,,False,,False,,no Dockerfile and no fallback entry point found
https://github.com/YixingHuang/PnP-for-Field-of-View-Extension,no_entry,False,0,2,0,,,0,0,0,0,0,False,,False,,False,,False,,False,,False,,Dockerfile(s) found but no Python entry point could be resolved
https://github.com/simonvoelcker/astrotools,ok,False,2,1,1,hti\run_server.py,dockerfile,33,248,5,0,0,True,hti/server/capture/camera_controller.py:84 PIL.Image.open [matched Image.open],False,,False,,False,,False,,True,hti/run_server.py:13 flask.Flask [matched Flask],"unverified: missing stages: data_preparation, modeling, training, evaluation"
https://github.com/homeT-Hajo/capstone_firebase,ok,False,0,1,1,tensorflow_examples\lite\model_maker\cli\cli.py,fallback_console_script,4,6,1,0,0,False,,False,,False,,False,,False,,False,,"unverified: missing stages: data_acquisition, data_preparation, modeling, training, evaluation, inference"
https://github.com/mrossi93/med_dataloader,ok,False,1,0,1,med_dataloader\cli.py,fallback_console_script,3,19,2,0,0,True,med_dataloader/med_dataloader.py:281 json.load [matched json.load],False,,False,,False,,False,,False,,"unverified: missing stages: data_preparation, modeling, training, evaluation, inference"
https://github.com/BrandonXue/autopylot,no_dockerfile,False,0,0,0,,,0,0,0,0,0,False,,False,,False,,False,,False,,False,,no Dockerfile and no fallback entry point found
https://github.com/EugeneSel/EUMT,ok,False,1,0,1,main.py,fallback_root,4,13,1,0,0,True,main.py:38 json.load [matched json.load],False,,False,,False,,False,,False,,"unverified: missing stages: data_preparation, modeling, training, evaluation, inference"
https://github.com/culotta2/deepFakeCNN,no_dockerfile,False,0,0,0,,,0,0,0,0,0,False,,False,,False,,False,,False,,False,,no Dockerfile and no fallback entry point found
https://github.com/YuBeomGon/object_detection,no_dockerfile,False,0,0,0,,,0,0,0,0,0,False,,False,,False,,False,,False,,False,,no Dockerfile and no fallback entry point found
https://github.com/Rishabbh-Sahu/intent_and_slot_classification,no_dockerfile,False,0,0,0,,,0,0,0,0,0,False,,False,,False,,False,,False,,False,,no Dockerfile and no fallback entry point found
https://github.com/GlaIZier/ml-experiments,no_dockerfile,False,0,0,0,,,0,0,0,0,0,False,,False,,False,,False,,False,,False,,no Dockerfile and no fallback entry point found
https://github.com/leonard-de-vinci/DaVinciBot-InMoov-2020-2021,no_dockerfile,False,0,0,0,,,0,0,0,0,0,False,,False,,False,,False,,False,,False,,no Dockerfile and no fallback entry point found
https://github.com/jerryshih1106/stock-predict,ok,False,4,0,1,app.py,fallback_root,1,8,0,0,0,True,app.py:23 pd.read_csv [matched pd.read_csv],False,,True,app.py:36 keras.layers.recurrent.GRU [matched keras.layers.*],True,app.py:98 model.fit [matched model.fit],False,,True,app.py:120 model.predict [matched model.predict],"unverified: missing stages: data_preparation, evaluation"
https://github.com/wousikchoi/Investar,no_dockerfile,False,0,0,0,,,0,0,0,0,0,False,,False,,False,,False,,False,,False,,no Dockerfile and no fallback entry point found
https://github.com/pedrovgs/DeepPanel,no_dockerfile,False,0,0,0,,,0,0,0,0,0,False,,False,,False,,False,,False,,False,,no Dockerfile and no fallback entry point found
https://github.com/JEOA-1981/AppIconology,clone_failed,False,0,0,0,,,0,0,0,0,0,False,,False,,False,,False,,False,,False,,Error downloading object: modelo_clasificaciÃ³n.hdf5 (71ccf35): Smudge error: Error downloading modelo_clasificaciÃ³n.hdf5 (71ccf353a6e5e04be5aa4184bf43df3d38ae7ea792778283a95ea562adf5be10): batch response: Resource not accessible by personal access token
https://github.com/danielphilippi/imgClassification_quickdraw,ok,True,6,0,1,main.py,fallback_root,8,54,2,0,0,True,models.py:396 pd.read_csv [matched pd.read_csv],True,models.py:424 pd.concat [matched pd.concat],True,models.py:110 keras.layers.Input [matched keras.layers.*],True,models.py:324 self.model.fit [matched model.fit],True,models.py:85 sklearn.metrics.classification_report [matched classification_report],True,models.py:77 self.model.predict [matched model.predict],verified: all 6 stages present
https://github.com/swufung/WassersteinBasedProjections,no_dockerfile,False,0,0,0,,,0,0,0,0,0,False,,False,,False,,False,,False,,False,,no Dockerfile and no fallback entry point found
https://github.com/dnguyenngoc/web-scan,no_dockerfile,False,0,0,0,,,0,0,0,0,0,False,,False,,False,,False,,False,,False,,no Dockerfile and no fallback entry point found
https://github.com/aws-samples/amazon-sagemaker-script-mode,no_entry,False,0,1,0,,,0,0,0,0,0,False,,False,,False,,False,,False,,False,,Dockerfile(s) found but no Python entry point could be resolved
https://github.com/StanislavParovoy/Automated_Reconstruction_of_Zebra_Finch_Area_X_with_Flood-Filling_Networks,ok,False,1,0,1,train.py,fallback_root,4,25,1,0,2,True,train.py:362 h5py.File [matched h5py.File],False,,False,,False,,False,,False,,"unverified: missing stages: data_preparation, modeling, training, evaluation, inference"
https://github.com/hosituan/SKU110K_code,clone_failed,False,0,0,0,,,0,0,0,0,0,False,,False,,False,,False,,False,,False,,remote: Repository not found.
https://github.com/BriannaFoxwell/DeepCreamPy-git,ok,False,2,0,1,main.py,fallback_root,9,49,4,0,0,True,decensor.py:139 PIL.Image.open [matched Image.open],False,,False,,False,,False,,True,decensor.py:302 self.model.predict [matched model.predict],"unverified: missing stages: data_preparation, modeling, training, evaluation"
https://github.com/AdiShirsath/Cassava-Leaf-Disease-Detection,ok,False,1,0,1,app.py,fallback_root,1,4,0,0,0,False,,False,,False,,False,,False,,True,app.py:11 flask.Flask [matched Flask],"unverified: missing stages: data_acquisition, data_preparation, modeling, training, evaluation"
https://github.com/smessie/AI-President,ok,False,2,1,1,main_discord.py,dockerfile,17,103,5,0,0,False,,False,,True,ai/model.py:33 tf.keras.layers.Dense [matched tf.keras.layers.*],False,,True,ai/model.py:29 tf.keras.metrics.MeanSquaredError [matched tf.keras.metrics.*],False,,"unverified: missing stages: data_acquisition, data_preparation, training, inference"
https://github.com/rupendra16/Pico,ok,False,1,0,1,model\train.py,fallback_nested,1,1,0,0,0,False,,False,,False,,True,model/train.py:48 model.fit [matched model.fit],False,,False,,"unverified: missing stages: data_acquisition, data_preparation, modeling, evaluation, inference"
https://github.com/ImperialNLP/VTLM,ok,False,5,0,1,train.py,fallback_root,15,178,3,0,0,True,src/data/img_dataset.py:22 pickle.load [matched pickle.load],False,,True,src/model/transformer.py:0 class ImgPredLayer [matched <class subclasses model base>],True,train.py:300 torch.utils.tensorboard.SummaryWriter [matched tensorboard.SummaryWriter],True,train.py:377 writer.add_scalar [matched writer.add_scalar],True,src/model/__init__.py:88 torch.no_grad [matched torch.no_grad],unverified: missing stages: data_preparation
https://github.com/atomesZ/hackaton-energy,no_dockerfile,False,0,0,0,,,0,0,0,0,0,False,,False,,False,,False,,False,,False,,no Dockerfile and no fallback entry point found
https://github.com/LY-Road/PyTorch-YOLOv3-Mask_Detection,ok,False,5,0,1,train.py,fallback_root,9,40,2,0,0,True,train.py:74 torch.utils.data.DataLoader [matched DataLoader],True,utils/datasets.py:47 torchvision.transforms.ToTensor [matched torchvision.transforms.*],True,models.py:0 class Upsample [matched <class subclasses model base>],True,train.py:112 loss.backward [matched loss.backward],False,,True,test.py:24 model.eval [matched model.eval],unverified: missing stages: evaluation
https://github.com/nicolamassarenti/model-bert-faqclass,no_entry,False,0,1,1,,dockerfile,0,0,0,0,0,False,,False,,False,,False,,False,,False,,no resolved entry point yielded a usable call graph
https://github.com/L0renz008/chatbot,no_dockerfile,False,0,0,0,,,0,0,0,0,0,False,,False,,False,,False,,False,,False,,no Dockerfile and no fallback entry point found
https://github.com/D3ADSH0T25/TUNEX,no_entry,False,0,2,0,,,0,0,0,0,0,False,,False,,False,,False,,False,,False,,Dockerfile(s) found but no Python entry point could be resolved
https://github.com/alxxjohn/kedro,clone_failed,False,0,0,0,,,0,0,0,0,0,False,,False,,False,,False,,False,,False,,remote: Repository not found.
https://github.com/arunpandian7/skywatch-ai,no_entry,False,0,1,0,,,0,0,0,0,0,False,,False,,False,,False,,False,,False,,Dockerfile(s) found but no Python entry point could be resolved
https://github.com/yuyangaichifan/VIBE_yu,ok,True,6,0,1,train.py,fallback_root,26,172,4,0,0,True,lib/core/trainer.py:265 np.load [matched np.load],True,lib/data_utils/img_utils.py:256 torchvision.transforms.Normalize [matched torchvision.transforms.*],True,lib/core/loss.py:0 class VIBELoss [matched <class subclasses model base>],True,train.py:56 torch.utils.tensorboard.SummaryWriter [matched tensorboard.SummaryWriter],True,lib/core/trainer.py:224 self.writer.add_scalar [matched writer.add_scalar],True,lib/core/trainer.py:272 torch.no_grad [matched torch.no_grad],verified: all 6 stages present
https://github.com/Sonal778/spinner,no_entry,False,0,1,0,,,0,0,0,0,0,False,,False,,False,,False,,False,,False,,Dockerfile(s) found but no Python entry point could be resolved
https://github.com/vrr8483/P21321,no_entry,False,0,2,0,,,0,0,0,0,0,False,,False,,False,,False,,False,,False,,Dockerfile(s) found but no Python entry point could be resolved
https://github.com/cornell-cup/r2-object_detection,clone_failed,False,0,0,0,,,0,0,0,0,0,False,,False,,False,,False,,False,,False,,error: invalid path 'c1c0_object_detection/kmeans_test_imgs/04-12-13:10:36/Depth Frame.jpg'
https://github.com/tehtea/QuickYOLO,ok,False,4,0,1,train.py,fallback_root,7,76,2,0,0,True,yolov3/dataset.py:65 cv2.imread [matched cv2.imread],False,,True,yolov3/yolov4.py:53 tf.keras.layers.ZeroPadding2D [matched tf.keras.layers.*],True,train.py:87 tf.GradientTape [matched tf.GradientTape],False,,True,yolov3/utils.py:155 tf.saved_model.load [matched tf.saved_model.load],"unverified: missing stages: data_preparation, evaluation"
https://github.com/Manab784/Object-Recognition-and-Classification-System,no_dockerfile,False,0,0,0,,,0,0,0,0,0,False,,False,,False,,False,,False,,False,,no Dockerfile and no fallback entry point found
https://github.com/DrJohnElliott/Hands-on-,no_entry,False,0,2,0,,,0,0,0,0,0,False,,False,,False,,False,,False,,False,,Dockerfile(s) found but no Python entry point could be resolved
https://github.com/karolinaszafranbelzowska/Higher-Diploma-in-Science-Data-Analytics---GMIT-2021,no_entry,False,0,1,0,,,0,0,0,0,0,False,,False,,False,,False,,False,,False,,Dockerfile(s) found but no Python entry point could be resolved
https://github.com/llfice/ml-design-patterns,no_entry,False,0,1,0,,,0,0,0,0,0,False,,False,,False,,False,,False,,False,,Dockerfile(s) found but no Python entry point could be resolved
https://github.com/YuhangSong/Mega-Agent-2,ok,False,3,0,1,main.py,fallback_root,9,192,2,0,0,True,a2c_ppo_acktr/storage.py:197 np.load [matched np.load],False,,True,a2c_ppo_acktr/model.py:0 class Scale [matched <class subclasses model base>],False,,False,,True,main.py:270 torch.no_grad [matched torch.no_grad],"unverified: missing stages: data_preparation, training, evaluation"
https://github.com/CircuitLaunch/colab_reachy_ros,no_dockerfile,False,0,0,0,,,0,0,0,0,0,False,,False,,False,,False,,False,,False,,no Dockerfile and no fallback entry point found
https://github.com/Mgmaplus/Resources,no_dockerfile,False,0,0,0,,,0,0,0,0,0,False,,False,,False,,False,,False,,False,,no Dockerfile and no fallback entry point found
https://github.com/tiagoCuervo/JapaNet,ok,False,4,0,1,main.py,fallback_root,4,45,1,0,0,True,main.py:21 json.load [matched json.load],False,,True,model.py:13 tf.keras.layers.Conv2DTranspose [matched tf.keras.layers.*],True,main.py:41 centerNet.model.fit [matched model.fit],False,,True,model.py:39 self.model.predict [matched model.predict],"unverified: missing stages: data_preparation, evaluation"
https://github.com/robinmamie/machine_learning,no_dockerfile,False,0,0,0,,,0,0,0,0,0,False,,False,,False,,False,,False,,False,,no Dockerfile and no fallback entry point found
https://github.com/ethylomat/LegalComplete,ok,True,6,0,1,src\main.py,fallback_nested,12,76,3,0,0,True,src/utils/common.py:32 pd.read_csv [matched pd.read_csv],True,src/completion_n_gram.py:127 df.apply [matched df.apply],True,src/models/cnn.py:63 tf.keras.layers.Embedding [matched tf.keras.layers.*],True,src/main.py:83 wandb.init [matched wandb.init],True,src/main.py:91 wandb.log [matched wandb.log],True,src/models/cnn.py:181 self.model.predict [matched model.predict],verified: all 6 stages present
https://github.com/ToastCoder/Automatic-Mark-Digitization,ok,False,0,0,1,main.py,fallback_root,1,2,0,0,0,False,,False,,False,,False,,False,,False,,"unverified: missing stages: data_acquisition, data_preparation, modeling, training, evaluation, inference"
https://github.com/mykolivy/master_thesis,no_dockerfile,False,0,0,0,,,0,0,0,0,0,False,,False,,False,,False,,False,,False,,no Dockerfile and no fallback entry point found
https://github.com/gal9/anomalyDetection,ok,False,2,1,1,main.py,dockerfile,2,20,1,0,0,True,main.py:33 requests.get [matched requests.get],True,src/consumer.py:200 pd.to_datetime [matched pd.to_datetime],False,,False,,False,,False,,"unverified: missing stages: modeling, training, evaluation, inference"
https://github.com/abbbe/eye-on-stick,no_dockerfile,False,0,0,0,,,0,0,0,0,0,False,,False,,False,,False,,False,,False,,no Dockerfile and no fallback entry point found
https://github.com/Gci04/GANs_for_Network_Intrusion_Data,no_dockerfile,False,0,0,0,,,0,0,0,0,0,False,,False,,False,,False,,False,,False,,no Dockerfile and no fallback entry point found
https://github.com/ucfai/team-cvlearn,no_dockerfile,False,0,0,0,,,0,0,0,0,0,False,,False,,False,,False,,False,,False,,no Dockerfile and no fallback entry point found
https://github.com/LIMr1209/ai_tools,ok,False,0,0,1,app\app.py,fallback_nested,1,0,0,0,0,False,,False,,False,,False,,False,,False,,"unverified: missing stages: data_acquisition, data_preparation, modeling, training, evaluation, inference"
https://github.com/Arsyamohamedali/check,ok,False,1,0,1,app.py,fallback_root,2,3,1,0,0,True,app.py:6 PIL.Image.open [matched Image.open],False,,False,,False,,False,,False,,"unverified: missing stages: data_preparation, modeling, training, evaluation, inference"
https://github.com/AlgTUDelft/WCSAC,no_dockerfile,False,0,0,0,,,0,0,0,0,0,False,,False,,False,,False,,False,,False,,no Dockerfile and no fallback entry point found
https://github.com/JmSambajon/group5-project,no_dockerfile,False,0,0,0,,,0,0,0,0,0,False,,False,,False,,False,,False,,False,,no Dockerfile and no fallback entry point found
https://github.com/keerthip1121/monkey_species_prediction,ok,False,2,0,1,app.py,fallback_root,1,3,0,0,0,True,app.py:39 cv2.imread [matched cv2.imread],False,,False,,False,,False,,True,app.py:14 flask.Flask [matched Flask],"unverified: missing stages: data_preparation, modeling, training, evaluation"
https://github.com/yzae2623/Hands-On_Machine_Learning,no_entry,False,0,2,0,,,0,0,0,0,0,False,,False,,False,,False,,False,,False,,Dockerfile(s) found but no Python entry point could be resolved
https://github.com/deian-mishev/click_bait_filter_nlp,ok,False,1,0,1,src\main.py,fallback_nested,1,0,0,0,0,False,,False,,True,src/main.py:103 keras.layers.Embedding [matched layers.Embedding],False,,False,,False,,"unverified: missing stages: data_acquisition, data_preparation, training, evaluation, inference"
https://github.com/CeciliaMarson/CPAC-P3-Kandinsky,no_dockerfile,False,0,0,0,,,0,0,0,0,0,False,,False,,False,,False,,False,,False,,no Dockerfile and no fallback entry point found
https://github.com/chenxf293/ml,no_entry,False,0,1,0,,,0,0,0,0,0,False,,False,,False,,False,,False,,False,,Dockerfile(s) found but no Python entry point could be resolved
https://github.com/Amudha18/project,clone_failed,False,0,0,0,,,0,0,0,0,0,False,,False,,False,,False,,False,,False,,error: invalid path 'data/braintumordata/brain_tumor_dataset/no/1 no.jpeg:Zone.Identifier'
https://github.com/BbChip0103/keras_application_3D,no_dockerfile,False,0,0,0,,,0,0,0,0,0,False,,False,,False,,False,,False,,False,,no Dockerfile and no fallback entry point found
https://github.com/apache/incubator-bluemarlin,no_dockerfile,False,0,0,0,,,0,0,0,0,0,False,,False,,False,,False,,False,,False,,no Dockerfile and no fallback entry point found
https://github.com/Feliconut/PurdueUltraCold,ok,False,1,0,1,app.py,fallback_root,9,27,3,0,0,True,UltraCold/OD.py:64 np.fromfile [matched np.fromfile],False,,False,,False,,False,,False,,"unverified: missing stages: data_preparation, modeling, training, evaluation, inference"
https://github.com/Brettanda/friday-bot,ok,False,1,1,1,index.py,dockerfile,25,424,3,0,0,True,index.py:209 aiohttp.ClientSession [matched aiohttp.ClientSession],False,,False,,False,,False,,False,,"unverified: missing stages: data_preparation, modeling, training, evaluation, inference"
https://github.com/Navindya/boo,no_entry,False,0,1,0,,,0,0,0,0,0,False,,False,,False,,False,,False,,False,,Dockerfile(s) found but no Python entry point could be resolved
https://github.com/stevens68/twixtbot-ui,no_dockerfile,False,0,0,0,,,0,0,0,0,0,False,,False,,False,,False,,False,,False,,no Dockerfile and no fallback entry point found
https://github.com/GoogleCloudPlatform/ml-design-patterns,no_entry,False,0,1,0,,,0,0,0,0,0,False,,False,,False,,False,,False,,False,,Dockerfile(s) found but no Python entry point could be resolved
https://github.com/magiclydev/rain01,no_dockerfile,False,0,0,0,,,0,0,0,0,0,False,,False,,False,,False,,False,,False,,no Dockerfile and no fallback entry point found
https://github.com/Jo-chana/dental-diagnosis-system,ok,False,2,1,1,main.py,fallback_root,6,33,2,0,0,True,utils/image_util.py:13 cv2.imread [matched cv2.imread],False,,False,,False,,False,,True,main.py:9 flask.Flask [matched Flask],"unverified: missing stages: data_preparation, modeling, training, evaluation"
https://github.com/dhandl/mask_rcnn_tf2,no_dockerfile,False,0,0,0,,,0,0,0,0,0,False,,False,,False,,False,,False,,False,,no Dockerfile and no fallback entry point found
https://github.com/APuzyk/cs285,no_dockerfile,False,0,0,0,,,0,0,0,0,0,False,,False,,False,,False,,False,,False,,no Dockerfile and no fallback entry point found
https://github.com/shmuli9/WebWARP,no_dockerfile,False,0,0,0,,,0,0,0,0,0,False,,False,,False,,False,,False,,False,,no Dockerfile and no fallback entry point found
https://github.com/jotwo/humain-nlp-project,no_entry,False,0,1,0,,,0,0,0,0,0,False,,False,,False,,False,,False,,False,,Dockerfile(s) found but no Python entry point could be resolved
https://github.com/EnriqueNueve/TF_Toolbox,no_dockerfile,False,0,0,0,,,0,0,0,0,0,False,,False,,False,,False,,False,,False,,no Dockerfile and no fallback entry point found
https://github.com/bcebere/ite-api,no_dockerfile,False,0,0,0,,,0,0,0,0,0,False,,False,,False,,False,,False,,False,,no Dockerfile and no fallback entry point found
https://github.com/maxpumperla/betago,ok,False,2,1,1,run_demo.py,dockerfile,8,103,3,0,0,True,run_demo.py:21 yaml.load [matched yaml.load],False,,False,,False,,False,,True,betago/model.py:40 flask.Flask [matched Flask],"unverified: missing stages: data_preparation, modeling, training, evaluation"
https://github.com/chrislarson1/virtex,clone_failed,False,0,0,0,,,0,0,0,0,0,False,,False,,False,,False,,False,,False,,remote: Repository not found.
https://github.com/deep-oc-test/benchmarks_cnn_api,no_dockerfile,False,0,0,0,,,0,0,0,0,0,False,,False,,False,,False,,False,,False,,no Dockerfile and no fallback entry point found
https://github.com/Brandsma/ml-bach-prediction,ok,False,1,0,1,main.py,fallback_root,6,33,2,0,0,True,music.py:45 np.loadtxt [matched np.loadtxt],False,,False,,False,,False,,False,,"unverified: missing stages: data_preparation, modeling, training, evaluation, inference"
https://github.com/genn-team/ml_genn,no_dockerfile,False,0,0,0,,,0,0,0,0,0,False,,False,,False,,False,,False,,False,,no Dockerfile and no fallback entry point found
https://github.com/alspessoa/tensorflow-yolov4-tflite,ok,False,4,0,1,train.py,fallback_root,7,48,2,0,0,True,core/dataset.py:259 cv2.imread [matched cv2.imread],False,,True,train.py:34 tf.keras.layers.Input [matched tf.keras.layers.*],True,train.py:82 tf.GradientTape [matched tf.GradientTape],True,train.py:120 def test_step [matched <lightning hook test_step>],False,,"unverified: missing stages: data_preparation, inference"
https://github.com/naseembabu/Good_Generative-Deep-Learning,no_entry,False,0,2,0,,,0,0,0,0,0,False,,False,,False,,False,,False,,False,,Dockerfile(s) found but no Python entry point could be resolved
https://github.com/jeusgao/jobot_factory_nlp_simple,no_dockerfile,False,0,0,0,,,0,0,0,0,0,False,,False,,False,,False,,False,,False,,no Dockerfile and no fallback entry point found
https://github.com/NikZy/IT3105-AiProg,ok,False,1,0,1,project1\main.py,fallback_nested,1,2,0,0,0,True,project1/main.py:12 json.load [matched json.load],False,,False,,False,,False,,False,,"unverified: missing stages: data_preparation, modeling, training, evaluation, inference"
https://github.com/faridelaouadi/RedPandaNetwork,ok,False,2,0,1,app.py,fallback_root,5,34,1,0,0,True,async_predict_local.py:89 PIL.Image.open [matched Image.open],False,,False,,False,,False,,True,app.py:15 flask.Flask [matched Flask],"unverified: missing stages: data_preparation, modeling, training, evaluation"
https://github.com/Yonsei-Maist/maist-model-core,no_dockerfile,False,0,0,0,,,0,0,0,0,0,False,,False,,False,,False,,False,,False,,no Dockerfile and no fallback entry point found
https://github.com/cgMuro/youtube-emotions,no_entry,False,0,3,0,,,0,0,0,0,0,False,,False,,False,,False,,False,,False,,Dockerfile(s) found but no Python entry point could be resolved
https://github.com/DarkXenoZ/infer-backend,no_dockerfile,False,0,0,0,,,0,0,0,0,0,False,,False,,False,,False,,False,,False,,no Dockerfile and no fallback entry point found
https://github.com/HikkaV/OAHEGA,no_dockerfile,False,0,0,0,,,0,0,0,0,0,False,,False,,False,,False,,False,,False,,no Dockerfile and no fallback entry point found
https://github.com/Socret360/object-detection-in-keras,ok,False,1,0,1,train.py,fallback_root,3,2,2,0,0,True,train.py:58 json.load [matched json.load],False,,False,,False,,False,,False,,"unverified: missing stages: data_preparation, modeling, training, evaluation, inference"
https://github.com/Shusaku1031/Benchmark_keras-yolo3,ok,False,3,0,1,train.py,fallback_root,3,26,1,0,0,True,yolo3/utils.py:39 PIL.Image.open [matched Image.open],False,,True,train.py:120 keras.layers.Input [matched keras.layers.*],True,train.py:85 model.fit_generator [matched model.fit_generator],False,,False,,"unverified: missing stages: data_preparation, evaluation, inference"
https://github.com/JEF1056/R5,ok,False,2,0,1,train.py,fallback_root,2,1,1,0,0,True,src/createtask.py:8 json.load [matched json.load],True,src/createtask.py:9 sentencepiece.SentencePieceProcessor [matched sentencepiece.SentencePieceProcessor],False,,False,,False,,False,,"unverified: missing stages: modeling, training, evaluation, inference"
https://github.com/BioSystemsUM/propythia,no_dockerfile,False,0,0,0,,,0,0,0,0,0,False,,False,,False,,False,,False,,False,,no Dockerfile and no fallback entry point found
https://github.com/Ayatafoy/deepface,no_dockerfile,False,0,0,0,,,0,0,0,0,0,False,,False,,False,,False,,False,,False,,no Dockerfile and no fallback entry point found
https://github.com/xmos/ai_tools,no_entry,False,0,2,0,,,0,0,0,0,0,False,,False,,False,,False,,False,,False,,Dockerfile(s) found but no Python entry point could be resolved
https://github.com/sharathm451/handson-ml2.,no_entry,False,0,1,0,,,0,0,0,0,0,False,,False,,False,,False,,False,,False,,Dockerfile(s) found but no Python entry point could be resolved
https://github.com/theQuert/inlpfun,no_dockerfile,False,0,0,0,,,0,0,0,0,0,False,,False,,False,,False,,False,,False,,no Dockerfile and no fallback entry point found
https://github.com/TimeToogo/smart-pet-door,ok,False,1,0,1,src\main.py,fallback_nested,13,64,3,0,0,False,,False,,False,,False,,False,,True,src/api.py:12 fastapi.FastAPI [matched FastAPI],"unverified: missing stages: data_acquisition, data_preparation, modeling, training, evaluation"
https://github.com/chrisdrymon/angel,no_dockerfile,False,0,0,0,,,0,0,0,0,0,False,,False,,False,,False,,False,,False,,no Dockerfile and no fallback entry point found
https://github.com/ChampBVT/nsc2021-wingbeats,no_entry,False,0,3,0,,,0,0,0,0,0,False,,False,,False,,False,,False,,False,,Dockerfile(s) found but no Python entry point could be resolved
https://github.com/shuiruge/boltzmann,no_dockerfile,False,0,0,0,,,0,0,0,0,0,False,,False,,False,,False,,False,,False,,no Dockerfile and no fallback entry point found
https://github.com/reconstructive/radiographyml,ok,False,2,1,1,app.py,dockerfile,2,5,1,0,0,True,util.py:17 PIL.Image.open [matched Image.open],False,,False,,False,,False,,True,app.py:30 flask.Flask [matched Flask],"unverified: missing stages: data_preparation, modeling, training, evaluation"
https://github.com/CS341-Design-Project/MovieSuccessPrediction,no_dockerfile,False,0,0,0,,,0,0,0,0,0,False,,False,,False,,False,,False,,False,,no Dockerfile and no fallback entry point found
https://github.com/Aainaa0/Hand-written-Text-Recognition,ok,False,2,0,1,src\main.py,fallback_nested,1,4,0,0,0,True,src/main.py:96 cv2.imread [matched cv2.imread],False,,True,src/main.py:135 Model.Model [matched Model],False,,False,,False,,"unverified: missing stages: data_preparation, training, evaluation, inference"
https://github.com/vb690/what_do_books_look_like,no_dockerfile,False,0,0,0,,,0,0,0,0,0,False,,False,,False,,False,,False,,False,,no Dockerfile and no fallback entry point found
https://github.com/lucialaforgia/deep_comedy,no_dockerfile,False,0,0,0,,,0,0,0,0,0,False,,False,,False,,False,,False,,False,,no Dockerfile and no fallback entry point found
https://github.com/victor-vicente-91/redescap2,no_dockerfile,False,0,0,0,,,0,0,0,0,0,False,,False,,False,,False,,False,,False,,no Dockerfile and no fallback entry point found
https://github.com/laermannjan/nip-deeprl-project,ok,False,0,4,4,testbench.py;testbench.py;testbench.py;testbench.py,dockerfile,8,24,4,0,0,False,,False,,False,,False,,False,,False,,"unverified: missing stages: data_acquisition, data_preparation, modeling, training, evaluation, inference"
https://github.com/RickardBolin/AlgoTrader,no_dockerfile,False,0,0,0,,,0,0,0,0,0,False,,False,,False,,False,,False,,False,,no Dockerfile and no fallback entry point found
https://github.com/exs-xgg/tf_obj_detect,no_entry,False,0,3,0,,,0,0,0,0,0,False,,False,,False,,False,,False,,False,,Dockerfile(s) found but no Python entry point could be resolved
https://github.com/vitorkrasniqi/Implementing_ML,ok,False,0,1,1,src\main.py,fallback_nested,1,0,0,0,0,False,,False,,False,,False,,False,,False,,"unverified: missing stages: data_acquisition, data_preparation, modeling, training, evaluation, inference"
https://github.com/EveryoneHATEme/Vk-BD-ML,ok,False,5,0,1,main.py,fallback_root,14,30,4,0,0,True,database/db_session.py:19 sqlalchemy.create_engine [matched sqlalchemy.create_engine],False,,True,model/predictor.py:41 tf.keras.layers.experimental.preprocessing.TextVectorization [matched tf.keras.layers.*],True,utils/train_model.py:101 model.fit [matched model.fit],True,utils/train_model.py:104 model.evaluate [matched model.evaluate],True,model/predictor.py:25 self.model.predict [matched model.predict],unverified: missing stages: data_preparation
https://github.com/slohani-ai/LG-OAM-simulations-with-Tensors,no_dockerfile,False,0,0,0,,,0,0,0,0,0,False,,False,,False,,False,,False,,False,,no Dockerfile and no fallback entry point found
https://github.com/Tobigs-team/Hand-to-Hand,ok,False,0,0,1,text2keypoint\__main__.py,fallback_nested,1,1,0,0,0,False,,False,,False,,False,,False,,False,,"unverified: missing stages: data_acquisition, data_preparation, modeling, training, evaluation, inference"
https://github.com/SMAPWr/project-polish-emotions-classifier,clone_failed,False,0,0,0,,,0,0,0,0,0,False,,False,,False,,False,,False,,False,,Error downloading object: app/twitter_analysis/szczepionka_since_2020-12-01.csv (ca99a12): Smudge error: Error downloading app/twitter_analysis/szczepionka_since_2020-12-01.csv (ca99a1298f5f38d49d662e41a472e72bf5dd161dfb110234743566bacdc8f9c1): batch response: Resource not accessible by personal acc
https://github.com/tang-ed/transformers-blenderbot-cn,clone_failed,False,0,0,0,,,0,0,0,0,0,False,,False,,False,,False,,False,,False,,remote: Repository not found.
https://github.com/CipiOrhei/eecvf,no_dockerfile,False,0,0,0,,,0,0,0,0,0,False,,False,,False,,False,,False,,False,,no Dockerfile and no fallback entry point found
https://github.com/keshusharmamrt/FOTS-Deployment,ok,False,3,0,1,app.py,fallback_root,1,21,0,0,0,True,app.py:605 cv2.imread [matched cv2.imread],False,,True,app.py:311 tf.keras.layers.BatchNormalization [matched tf.keras.layers.*],False,,False,,True,app.py:412 tf.lite.Interpreter [matched tf.lite.Interpreter],"unverified: missing stages: data_preparation, training, evaluation"
https://github.com/shawnhung0714/Mask_RCNN_IVD,no_dockerfile,False,0,0,0,,,0,0,0,0,0,False,,False,,False,,False,,False,,False,,no Dockerfile and no fallback entry point found
https://github.com/andreorto98/scopa,no_dockerfile,False,0,0,0,,,0,0,0,0,0,False,,False,,False,,False,,False,,False,,no Dockerfile and no fallback entry point found
https://github.com/jaymody/spaceship,ok,False,3,0,1,main.py,fallback_root,3,30,1,0,0,False,,False,,True,train.py:43 tf.keras.layers.Reshape [matched tf.keras.layers.*],True,train.py:140 model.fit [matched model.fit],False,,True,train.py:95 self.model.predict [matched model.predict],"unverified: missing stages: data_acquisition, data_preparation, evaluation"
https://github.com/fcihraeipnusnacwh/MRC-CE,no_dockerfile,False,0,0,0,,,0,0,0,0,0,False,,False,,False,,False,,False,,False,,no Dockerfile and no fallback entry point found
https://github.com/mylonasc/tf_gnns,no_entry,False,0,1,0,,,0,0,0,0,0,False,,False,,False,,False,,False,,False,,Dockerfile(s) found but no Python entry point could be resolved
https://github.com/andylolu2/Alpha-Reversi,no_dockerfile,False,0,0,0,,,0,0,0,0,0,False,,False,,False,,False,,False,,False,,no Dockerfile and no fallback entry point found
https://github.com/CCTV-Compression/CCTV-Compression_yolov4_deepsort,no_dockerfile,False,0,0,0,,,0,0,0,0,0,False,,False,,False,,False,,False,,False,,no Dockerfile and no fallback entry point found
https://github.com/Kamranbarlas/API-PROJECT,ok,False,3,0,1,app.py,fallback_root,5,31,2,0,0,True,yolov3_tf2/utils.py:29 np.fromfile [matched np.fromfile],False,,True,yolov3_tf2/models.py:48 tf.keras.layers.ZeroPadding2D [matched tf.keras.layers.*],False,,False,,True,app.py:39 flask.Flask [matched Flask],"unverified: missing stages: data_preparation, training, evaluation"
https://github.com/rakehsaleem/Crack-Detection-TF-1.x.x,no_dockerfile,False,0,0,0,,,0,0,0,0,0,False,,False,,False,,False,,False,,False,,no Dockerfile and no fallback entry point found
https://github.com/nhut2000dn/test,ok,False,2,0,1,main.py,fallback_root,2,6,1,0,0,True,predict.py:183 pickle.load [matched pickle.load],False,,False,,False,,False,,True,main.py:6 flask.Flask [matched Flask],"unverified: missing stages: data_preparation, modeling, training, evaluation"
https://github.com/szingerpeter/ELTE_OST,no_entry,False,0,11,0,,,0,0,0,0,0,False,,False,,False,,False,,False,,False,,Dockerfile(s) found but no Python entry point could be resolved
https://github.com/elomyde/Grey,no_dockerfile,False,0,0,0,,,0,0,0,0,0,False,,False,,False,,False,,False,,False,,no Dockerfile and no fallback entry point found
https://github.com/gulmert89/AI_projects,no_dockerfile,False,0,0,0,,,0,0,0,0,0,False,,False,,False,,False,,False,,False,,no Dockerfile and no fallback entry point found
https://github.com/nagallatulasi/python_Basics.ipynb,ok,False,1,1,1,app.py,dockerfile,8,7,4,0,0,True,core/model.py:61 PIL.Image.open [matched Image.open],False,,False,,False,,False,,False,,"unverified: missing stages: data_preparation, modeling, training, evaluation, inference"
https://github.com/jorgecif/coviddisinformation,ok,False,2,0,1,app.py,fallback_root,1,7,0,0,0,False,,True,app.py:56 nltk.stem.WordNetLemmatizer [matched nltk.stem.WordNetLemmatizer],False,,False,,False,,True,app.py:26 flask.Flask [matched Flask],"unverified: missing stages: data_acquisition, modeling, training, evaluation"
https://github.com/imics-lab/TSAR,no_dockerfile,False,0,0,0,,,0,0,0,0,0,False,,False,,False,,False,,False,,False,,no Dockerfile and no fallback entry point found
https://github.com/NachbarStrom/python-nachbarstrom-dl-segmentation,no_dockerfile,False,0,0,0,,,0,0,0,0,0,False,,False,,False,,False,,False,,False,,no Dockerfile and no fallback entry point found
https://github.com/sri28vignesh/Automated-Sudoku-Solver,no_dockerfile,False,0,0,0,,,0,0,0,0,0,False,,False,,False,,False,,False,,False,,no Dockerfile and no fallback entry point found
https://github.com/EvilCalf/Entity-extraction-of-medical-records,no_dockerfile,False,0,0,0,,,0,0,0,0,0,False,,False,,False,,False,,False,,False,,no Dockerfile and no fallback entry point found
https://github.com/instabotai/instabotai,ok,False,2,1,1,run.py,dockerfile,7,78,2,0,0,True,mtcnn/mtcnn.py:195 np.load [matched np.load],False,,False,,False,,False,,True,run.py:25 flask.Flask [matched Flask],"unverified: missing stages: data_preparation, modeling, training, evaluation"
https://github.com/AppleMango23/TensorFlowModelDemo1,no_entry,False,0,3,0,,,0,0,0,0,0,False,,False,,False,,False,,False,,False,,Dockerfile(s) found but no Python entry point could be resolved
https://github.com/davidmcbee/Health_and_Avocados,clone_failed,False,0,0,0,,,0,0,0,0,0,False,,False,,False,,False,,False,,False,,remote: Repository not found.
https://github.com/Yuta123456/poker-ai,no_dockerfile,False,0,0,0,,,0,0,0,0,0,False,,False,,False,,False,,False,,False,,no Dockerfile and no fallback entry point found
https://github.com/joconnor-ml/osm-ai-tools,no_dockerfile,False,0,0,0,,,0,0,0,0,0,False,,False,,False,,False,,False,,False,,no Dockerfile and no fallback entry point found
https://github.com/joedaws/motherbrain,ok,False,0,0,1,scripts\test.py,fallback_console_script,1,1,0,0,0,False,,False,,False,,False,,False,,False,,"unverified: missing stages: data_acquisition, data_preparation, modeling, training, evaluation, inference"
https://github.com/stanford-oval/genie-parser,no_dockerfile,False,0,0,0,,,0,0,0,0,0,False,,False,,False,,False,,False,,False,,no Dockerfile and no fallback entry point found
https://github.com/minjaelee0727/stock-trading-bot,no_dockerfile,False,0,0,0,,,0,0,0,0,0,False,,False,,False,,False,,False,,False,,no Dockerfile and no fallback entry point found
https://github.com/capstoneCau/Mimi_Back,no_dockerfile,False,0,0,0,,,0,0,0,0,0,False,,False,,False,,False,,False,,False,,no Dockerfile and no fallback entry point found
https://github.com/leon1114/Hands-on-ml,no_entry,False,0,1,0,,,0,0,0,0,0,False,,False,,False,,False,,False,,False,,Dockerfile(s) found but no Python entry point could be resolved
https://github.com/benediktwagner/ml-reaserch,no_dockerfile,False,0,0,0,,,0,0,0,0,0,False,,False,,False,,False,,False,,False,,no Dockerfile and no fallback entry point found
https://github.com/JuanUngredda/ParEGO_Last_Step,no_entry,False,0,1,0,,,0,0,0,0,0,False,,False,,False,,False,,False,,False,,Dockerfile(s) found but no Python entry point could be resolved
https://github.com/QCOIN-LAB/qnn_torch,ok,False,5,0,1,run.py,fallback_root,48,209,5,0,0,True,dataset/classification/data_reader.py:81 def prepare_data [matched <lightning hook prepare_data>],True,dataset/classification/data_reader.py:251 sklearn.model_selection.train_test_split [matched train_test_split],True,models/classification/QDNN.py:0 class QDNN [matched <class subclasses model base>],True,run.py:24 optimizer.zero_grad [matched optimizer.zero_grad],False,,True,run.py:42 model.eval [matched model.eval],unverified: missing stages: evaluation
https://github.com/HuakunShen/Super-Resolution,no_dockerfile,False,0,0,0,,,0,0,0,0,0,False,,False,,False,,False,,False,,False,,no Dockerfile and no fallback entry point found
https://github.com/ToastCoder/Audience-Segmentation,ok,False,0,0,1,main.py,fallback_root,1,2,0,0,0,False,,False,,False,,False,,False,,False,,"unverified: missing stages: data_acquisition, data_preparation, modeling, training, evaluation, inference"
https://github.com/Grusinator/personal-data-api,no_dockerfile,False,0,0,0,,,0,0,0,0,0,False,,False,,False,,False,,False,,False,,no Dockerfile and no fallback entry point found
https://github.com/selectstarofficial/AI-Detection,ok,False,4,0,1,main.py,fallback_root,11,56,4,0,0,True,main.py:68 PIL.Image.open [matched Image.open],True,detection_api/detection.py:48 torchvision.transforms.ToTensor [matched torchvision.transforms.*],True,detection_api/models.py:0 class Upsample [matched <class subclasses model base>],False,,False,,True,detection_api/detection.py:40 self.model.eval [matched model.eval],"unverified: missing stages: training, evaluation"
https://github.com/chen42/RatsPub,no_dockerfile,False,0,0,0,,,0,0,0,0,0,False,,False,,False,,False,,False,,False,,no Dockerfile and no fallback entry point found
https://github.com/eqtstv/ML-visualizer,clone_failed,False,0,0,0,,,0,0,0,0,0,False,,False,,False,,False,,False,,False,,remote: Repository not found.
https://github.com/tschibu/hslu-dl4g,no_dockerfile,False,0,0,0,,,0,0,0,0,0,False,,False,,False,,False,,False,,False,,no Dockerfile and no fallback entry point found
https://github.com/sanidhyamangal/gans,no_dockerfile,False,0,0,0,,,0,0,0,0,0,False,,False,,False,,False,,False,,False,,no Dockerfile and no fallback entry point found
https://github.com/KotaTakeda/fx_time_series_analysis,no_dockerfile,False,0,0,0,,,0,0,0,0,0,False,,False,,False,,False,,False,,False,,no Dockerfile and no fallback entry point found
https://github.com/AlexG31/EdreamProject,no_dockerfile,False,0,0,0,,,0,0,0,0,0,False,,False,,False,,False,,False,,False,,no Dockerfile and no fallback entry point found
https://github.com/Mudit7/Face-Recognition-based-Attendance-System,no_dockerfile,False,0,0,0,,,0,0,0,0,0,False,,False,,False,,False,,False,,False,,no Dockerfile and no fallback entry point found
https://github.com/berndverst/mlops-kubeflow-aml,no_entry,False,0,2,0,,,0,0,0,0,0,False,,False,,False,,False,,False,,False,,Dockerfile(s) found but no Python entry point could be resolved
https://github.com/AlMKhalil/albert,no_dockerfile,False,0,0,0,,,0,0,0,0,0,False,,False,,False,,False,,False,,False,,no Dockerfile and no fallback entry point found
https://github.com/navidstuv/NuClick,ok,False,4,0,1,train.py,fallback_root,8,59,2,0,0,True,data_handler/npyDataOps.py:74 np.load [matched np.load],True,data_handler/customImageGenerator.py:181 A.Compose [matched A.Compose],True,models/models.py:46 keras.layers.Conv2D [matched layers.Conv2D],True,train.py:131 model.fit_generator [matched model.fit_generator],False,,False,,"unverified: missing stages: evaluation, inference"
https://github.com/hades12580/NLP-Tutorials,no_dockerfile,False,0,0,0,,,0,0,0,0,0,False,,False,,False,,False,,False,,False,,no Dockerfile and no fallback entry point found
https://github.com/ZSyed350/Style-Transfer,no_dockerfile,False,0,0,0,,,0,0,0,0,0,False,,False,,False,,False,,False,,False,,no Dockerfile and no fallback entry point found
https://github.com/flyhero99/CLUE,no_dockerfile,False,0,0,0,,,0,0,0,0,0,False,,False,,False,,False,,False,,False,,no Dockerfile and no fallback entry point found
https://github.com/xiaochengcike/high-res-fingerprint-recognition,ok,False,1,0,1,train.py,fallback_root,9,53,2,0,0,True,utils.py:179 cv2.imread [matched cv2.imread],False,,False,,False,,False,,False,,"unverified: missing stages: data_preparation, modeling, training, evaluation, inference"
https://github.com/NCATSTranslator/Explanatory-Agent,no_entry,False,0,6,0,,,0,0,0,0,0,False,,False,,False,,False,,False,,False,,Dockerfile(s) found but no Python entry point could be resolved
https://github.com/greenmonn/nlc2cmd-competition,ok,False,0,0,1,main.py,fallback_root,1,1,0,0,0,False,,False,,False,,False,,False,,False,,"unverified: missing stages: data_acquisition, data_preparation, modeling, training, evaluation, inference"
https://github.com/dg1an3/zebrastack,no_dockerfile,False,0,0,0,,,0,0,0,0,0,False,,False,,False,,False,,False,,False,,no Dockerfile and no fallback entry point found
https://github.com/Gabendi/social-distancing-net,no_dockerfile,False,0,0,0,,,0,0,0,0,0,False,,False,,False,,False,,False,,False,,no Dockerfile and no fallback entry point found
https://github.com/Wirden/scifly,no_dockerfile,False,0,0,0,,,0,0,0,0,0,False,,False,,False,,False,,False,,False,,no Dockerfile and no fallback entry point found
https://github.com/KevOBrien/FYP,ok,False,2,0,1,main.py,fallback_root,7,24,2,0,0,True,main.py:53 pickle.load [matched pickle.load],False,,False,,False,,True,Model.py:171 tf.losses.mean_squared_error [matched mean_squared_error],False,,"unverified: missing stages: data_preparation, modeling, training, inference"
https://github.com/dimup/119NER,no_dockerfile,False,0,0,0,,,0,0,0,0,0,False,,False,,False,,False,,False,,False,,no Dockerfile and no fallback entry point found
https://github.com/EugeneBudzinskiy/Dino_RL,ok,False,3,0,1,main.py,fallback_root,15,96,4,0,0,False,,False,,True,NN.py:18 tf.keras.layers.Input [matched tf.keras.layers.*],True,AgentLogic.py:73 tf.GradientTape [matched tf.GradientTape],False,,True,AgentLogic.py:61 self.brain_target.model.predict [matched model.predict],"unverified: missing stages: data_acquisition, data_preparation, evaluation"
https://github.com/mandiehyewon/AI501_RobustFL,ok,False,2,0,1,main.py,fallback_root,4,25,2,0,0,False,,False,,True,models.py:9 tf.keras.layers.Conv2D [matched tf.keras.layers.*],False,,True,models.py:23 tf.keras.metrics.SparseCategoricalAccuracy [matched tf.keras.metrics.*],False,,"unverified: missing stages: data_acquisition, data_preparation, training, inference"
https://github.com/cosmoquester/seq2seq,ok,False,4,0,1,scripts\train.py,fallback_nested,5,37,2,0,0,True,scripts/train.py:118 yaml.load [matched yaml.load],False,,True,seq2seq/model.py:0 class TransformerSeq2Seq [matched <class subclasses model base>],True,scripts/train.py:142 model.fit [matched model.fit],True,scripts/train.py:138 tf.keras.metrics.SparseCategoricalAccuracy [matched tf.keras.metrics.*],False,,"unverified: missing stages: data_preparation, inference"
https://github.com/freshiefrey/grits,no_dockerfile,False,0,0,0,,,0,0,0,0,0,False,,False,,False,,False,,False,,False,,no Dockerfile and no fallback entry point found
https://github.com/deep-life/fbGAN,no_dockerfile,False,0,0,0,,,0,0,0,0,0,False,,False,,False,,False,,False,,False,,no Dockerfile and no fallback entry point found
https://github.com/kushkansara02/Anti-Rona-Lock,clone_failed,False,0,0,0,,,0,0,0,0,0,False,,False,,False,,False,,False,,False,,remote: Repository not found.
https://github.com/adamwespiser/toxic-twitter,no_dockerfile,False,0,0,0,,,0,0,0,0,0,False,,False,,False,,False,,False,,False,,no Dockerfile and no fallback entry point found
https://github.com/howen7/Alzheimers,no_dockerfile,False,0,0,0,,,0,0,0,0,0,False,,False,,False,,False,,False,,False,,no Dockerfile and no fallback entry point found
https://github.com/rwth-i6/pytorch-to-returnn,no_dockerfile,False,0,0,0,,,0,0,0,0,0,False,,False,,False,,False,,False,,False,,no Dockerfile and no fallback entry point found
https://github.com/josecyc/Neurotron,ok,False,0,0,1,app\app.py,fallback_nested,1,5,0,0,0,False,,False,,False,,False,,False,,False,,"unverified: missing stages: data_acquisition, data_preparation, modeling, training, evaluation, inference"
https://github.com/Uni-Rostock-Win/SemOI,no_entry,False,0,1,0,,,0,0,0,0,0,False,,False,,False,,False,,False,,False,,Dockerfile(s) found but no Python entry point could be resolved
https://github.com/Gituser143/Maskit,no_entry,False,0,1,0,,,0,0,0,0,0,False,,False,,False,,False,,False,,False,,Dockerfile(s) found but no Python entry point could be resolved
https://github.com/kwonmha/bert-multigpu-fp16-tf1,no_dockerfile,False,0,0,0,,,0,0,0,0,0,False,,False,,False,,False,,False,,False,,no Dockerfile and no fallback entry point found
https://github.com/nrj1024/FakeImageDetector,no_dockerfile,False,0,0,0,,,0,0,0,0,0,False,,False,,False,,False,,False,,False,,no Dockerfile and no fallback entry point found
https://github.com/bee6523/HAI_Flask,ok,False,3,0,1,main.py,fallback_root,5,45,2,0,0,True,engine/__init__.py:38 cv2.imread [matched cv2.imread],False,,True,engine/deepfillv1/inpaint_model.py:0 class InpaintCAModel [matched <class subclasses model base>],False,,False,,True,main.py:15 flask.Flask [matched Flask],"unverified: missing stages: data_preparation, training, evaluation"
https://github.com/fgorina/Our_CarND_Capstone,no_dockerfile,False,0,0,0,,,0,0,0,0,0,False,,False,,False,,False,,False,,False,,no Dockerfile and no fallback entry point found
https://github.com/gayathri333/smart-cane-for-the-blind,ok,False,3,0,1,app.py,fallback_root,5,31,2,0,0,True,yolov3_tf2/utils.py:29 np.fromfile [matched np.fromfile],False,,True,yolov3_tf2/models.py:48 tf.keras.layers.ZeroPadding2D [matched tf.keras.layers.*],False,,False,,True,app.py:39 flask.Flask [matched Flask],"unverified: missing stages: data_preparation, training, evaluation"
https://github.com/reuben/kws_streaming,no_dockerfile,False,0,0,0,,,0,0,0,0,0,False,,False,,False,,False,,False,,False,,no Dockerfile and no fallback entry point found
https://github.com/CEPrE-Unilurio/underwater_od,no_entry,False,0,4,0,,,0,0,0,0,0,False,,False,,False,,False,,False,,False,,Dockerfile(s) found but no Python entry point could be resolved
https://github.com/beril76/Visual-Chatbot,no_dockerfile,False,0,0,0,,,0,0,0,0,0,False,,False,,False,,False,,False,,False,,no Dockerfile and no fallback entry point found
https://github.com/Johyeonje/TrackPerformerAlgorism,no_dockerfile,False,0,0,0,,,0,0,0,0,0,False,,False,,False,,False,,False,,False,,no Dockerfile and no fallback entry point found
https://github.com/imjoy-team/imjoy-interactive-segmentation,no_dockerfile,False,0,0,0,,,0,0,0,0,0,False,,False,,False,,False,,False,,False,,no Dockerfile and no fallback entry point found
https://github.com/starcraft2-ai/rl-battle,ok,False,0,0,1,train.py,fallback_root,4,32,1,0,0,False,,False,,False,,False,,False,,False,,"unverified: missing stages: data_acquisition, data_preparation, modeling, training, evaluation, inference"
https://github.com/shiennie/test,no_dockerfile,False,0,0,0,,,0,0,0,0,0,False,,False,,False,,False,,False,,False,,no Dockerfile and no fallback entry point found
https://github.com/matttpj/CarND-Capstone,no_entry,False,0,1,0,,,0,0,0,0,0,False,,False,,False,,False,,False,,False,,Dockerfile(s) found but no Python entry point could be resolved
https://github.com/01pooja10/SteerSecure,clone_failed,False,0,0,0,,,0,0,0,0,0,False,,False,,False,,False,,False,,False,,Error downloading object: models/chatbot_model.h5 (793b9b1): Smudge error: Error downloading models/chatbot_model.h5 (793b9b1ec759c3439cc92dde8689fa06b0bd4482ab437277fbe63ef4fca50fd3): batch response: Resource not accessible by personal access token
https://github.com/SimenHolmestad/TDT4173-project,no_dockerfile,False,0,0,0,,,0,0,0,0,0,False,,False,,False,,False,,False,,False,,no Dockerfile and no fallback entry point found
https://github.com/hpssjellis/my-examples-for-quantum-computing,no_entry,False,0,1,0,,,0,0,0,0,0,False,,False,,False,,False,,False,,False,,Dockerfile(s) found but no Python entry point could be resolved
https://github.com/Denbergvanthijs/imbDRLAppendix,no_dockerfile,False,0,0,0,,,0,0,0,0,0,False,,False,,False,,False,,False,,False,,no Dockerfile and no fallback entry point found
https://github.com/jonreade/sagemaker-workshop,no_dockerfile,False,0,0,0,,,0,0,0,0,0,False,,False,,False,,False,,False,,False,,no Dockerfile and no fallback entry point found
https://github.com/martinmatak/adversarial-framework,ok,False,4,0,1,main.py,fallback_root,7,35,2,0,0,True,utils/generator.py:30 cv2.imread [matched cv2.imread],False,,True,utils/model_ops.py:72 keras.layers.Dense [matched layers.Dense],True,utils/model_ops.py:59 model.fit [matched model.fit],True,utils/model_ops.py:47 model.evaluate [matched model.evaluate],False,,"unverified: missing stages: data_preparation, inference"
https://github.com/tymonsx/balneabilidade_docker,ok,False,2,1,1,app\main.py,fallback_nested,1,4,0,0,0,True,app/main.py:22 pd.read_csv [matched pd.read_csv],False,,False,,False,,False,,True,app/main.py:9 flask.Flask [matched Flask],"unverified: missing stages: data_preparation, modeling, training, evaluation"
https://github.com/linxiaohui/image-service,clone_failed,False,0,0,0,,,0,0,0,0,0,False,,False,,False,,False,,False,,False,,fatal: unable to access 'https://github.com/linxiaohui/image-service/': The requested URL returned error: 403
https://github.com/dastratakos/Face-Mask-Detection,no_dockerfile,False,0,0,0,,,0,0,0,0,0,False,,False,,False,,False,,False,,False,,no Dockerfile and no fallback entry point found
https://github.com/A2Amir/Face-Detection-and-Verification,no_dockerfile,False,0,0,0,,,0,0,0,0,0,False,,False,,False,,False,,False,,False,,no Dockerfile and no fallback entry point found
https://github.com/Joyel1441/HandwrittenDigitRecognition,ok,False,2,0,1,app.py,fallback_root,2,5,1,0,0,True,app.py:35 PIL.Image.open [matched Image.open],False,,False,,False,,False,,True,app.py:11 flask.Flask [matched Flask],"unverified: missing stages: data_preparation, modeling, training, evaluation"
https://github.com/Tejalsjsu/bert,no_entry,False,0,17,0,,,0,0,0,0,0,False,,False,,False,,False,,False,,False,,Dockerfile(s) found but no Python entry point could be resolved
https://github.com/praash47/Parking-and-Lane-Violation-Detection,ok,False,4,0,1,main.py,fallback_root,29,157,6,0,0,True,functionality/lane_Violation.py:363 cv2.VideoCapture [matched cv2.VideoCapture],False,,True,yolo/core/common.py:21 tf.keras.layers.ZeroPadding2D [matched tf.keras.layers.*],True,yolo/deep_sort/tracker.py:90 self.metric.partial_fit [matched .partial_fit],False,,True,yolo/object_tracker.py:60 tf.lite.Interpreter [matched tf.lite.Interpreter],"unverified: missing stages: data_preparation, evaluation"
https://github.com/cjreside/Project_3,ok,False,2,0,1,app.py,fallback_root,1,4,0,0,0,True,app.py:14 sqlalchemy.create_engine [matched sqlalchemy.create_engine],False,,False,,False,,False,,True,app.py:22 flask.Flask [matched Flask],"unverified: missing stages: data_preparation, modeling, training, evaluation"
https://github.com/IbraHam-7198/A-simple-Face-Mask-Detector-by-Ibrahim-Hameem-2020-,no_dockerfile,False,0,0,0,,,0,0,0,0,0,False,,False,,False,,False,,False,,False,,no Dockerfile and no fallback entry point found
https://github.com/piyushy1/AdaptiveVidWindows,no_entry,False,0,2,0,,,0,0,0,0,0,False,,False,,False,,False,,False,,False,,Dockerfile(s) found but no Python entry point could be resolved
https://github.com/vincentkslim/cs285_homework_fall2020,no_dockerfile,False,0,0,0,,,0,0,0,0,0,False,,False,,False,,False,,False,,False,,no Dockerfile and no fallback entry point found
https://github.com/yiliu9090/Deep_Gene_model,no_entry,False,0,1,0,,,0,0,0,0,0,False,,False,,False,,False,,False,,False,,Dockerfile(s) found but no Python entry point could be resolved
https://github.com/lanagarmire/DeepProg,no_dockerfile,False,0,0,0,,,0,0,0,0,0,False,,False,,False,,False,,False,,False,,no Dockerfile and no fallback entry point found
https://github.com/mnarizzano/se20-project-16,no_dockerfile,False,0,0,0,,,0,0,0,0,0,False,,False,,False,,False,,False,,False,,no Dockerfile and no fallback entry point found
https://github.com/Lagom92/DreamAi,no_dockerfile,False,0,0,0,,,0,0,0,0,0,False,,False,,False,,False,,False,,False,,no Dockerfile and no fallback entry point found
https://github.com/cmu-transparency/lib-attribution,no_dockerfile,False,0,0,0,,,0,0,0,0,0,False,,False,,False,,False,,False,,False,,no Dockerfile and no fallback entry point found
https://github.com/mattdangerw/keras-text-generation,ok,False,2,0,1,train.py,fallback_root,4,27,2,0,0,True,model.py:209 pickle.load [matched pickle.load],False,,True,model.py:93 tf.keras.layers.Embedding [matched tf.keras.layers.*],False,,False,,False,,"unverified: missing stages: data_preparation, training, evaluation, inference"
https://github.com/jwhite510/attosecond_streaking_phase_retrieval,no_dockerfile,False,0,0,0,,,0,0,0,0,0,False,,False,,False,,False,,False,,False,,no Dockerfile and no fallback entry point found
https://github.com/davisrbr/bookRecognition,no_dockerfile,False,0,0,0,,,0,0,0,0,0,False,,False,,False,,False,,False,,False,,no Dockerfile and no fallback entry point found
https://github.com/shirongcan/stanfordfork,clone_failed,False,0,0,0,,,0,0,0,0,0,False,,False,,False,,False,,False,,False,,remote: Repository not found.
https://github.com/chunglabmit/scout,ok,False,5,1,1,scout\main.py,fallback_nested,14,189,3,0,0,True,scout/preprocess.py:480 pd.read_csv [matched pd.read_csv],True,scout/multiscale.py:465 pd.concat [matched pd.concat],True,scout/cyto.py:455 sklearn.cluster.KMeans [matched KMeans],True,scout/cyto.py:512 clf.fit [matched clf.fit],False,,True,scout/segment.py:115 model.predict [matched model.predict],unverified: missing stages: evaluation
https://github.com/Music-and-Culture-Technology-Lab/omnizart,ok,False,0,1,1,omnizart\train.py,fallback_nested,1,9,0,0,0,False,,False,,False,,False,,False,,False,,"unverified: missing stages: data_acquisition, data_preparation, modeling, training, evaluation, inference"
https://github.com/mferri17/cnn-drone-befree,no_dockerfile,False,0,0,0,,,0,0,0,0,0,False,,False,,False,,False,,False,,False,,no Dockerfile and no fallback entry point found
https://github.com/elybrand/quantized_neural_networks,clone_failed,False,0,0,0,,,0,0,0,0,0,False,,False,,False,,False,,False,,False,,error: invalid path 'Icon?'
https://github.com/brodie-code/AAARG-dissertation,clone_failed,False,0,0,0,,,0,0,0,0,0,False,,False,,False,,False,,False,,False,,remote: Repository not found.
https://github.com/mlberkeley/indigo,ok,False,3,0,1,scripts\train.py,fallback_nested,29,106,3,0,0,True,indigo/data/load.py:22 pickle.load [matched pickle.load],False,,True,indigo/nn/layers/decoder_with_position_layer.py:56 tf.keras.layers.Dense [matched tf.keras.layers.*],True,indigo/core/train.py:302 tf.GradientTape [matched tf.GradientTape],False,,False,,"unverified: missing stages: data_preparation, evaluation, inference"
https://github.com/sasumaki/mnist,no_entry,False,0,3,0,,,0,0,0,0,0,False,,False,,False,,False,,False,,False,,Dockerfile(s) found but no Python entry point could be resolved
https://github.com/chart21/Verification-of-Outsourced-Object-Detection,no_dockerfile,False,0,0,0,,,0,0,0,0,0,False,,False,,False,,False,,False,,False,,no Dockerfile and no fallback entry point found
https://github.com/elevrint/yolo_camera,ok,False,4,0,1,train.py,fallback_root,7,48,2,0,0,True,core/dataset.py:259 cv2.imread [matched cv2.imread],False,,True,train.py:36 tf.keras.layers.Input [matched tf.keras.layers.*],True,train.py:84 tf.GradientTape [matched tf.GradientTape],True,train.py:122 def test_step [matched <lightning hook test_step>],False,,"unverified: missing stages: data_preparation, inference"
https://github.com/aporia3517/tensorflow-models,no_dockerfile,False,0,0,0,,,0,0,0,0,0,False,,False,,False,,False,,False,,False,,no Dockerfile and no fallback entry point found
https://github.com/rajdeepd/tensorflow_2.0_book_code,clone_failed,False,0,0,0,,,0,0,0,0,0,False,,False,,False,,False,,False,,False,,error: invalid path 'ch10/losses/wgan_losses_2021-01-18 19:46:33.csv'
https://github.com/juditacs/morph-segmentation,no_dockerfile,False,0,0,0,,,0,0,0,0,0,False,,False,,False,,False,,False,,False,,no Dockerfile and no fallback entry point found
https://github.com/luminous33/AcornProject,clone_failed,False,0,0,0,,,0,0,0,0,0,False,,False,,False,,False,,False,,False,,remote: Repository not found.
https://github.com/yyht/gpt2_ml_my,no_entry,False,0,1,0,,,0,0,0,0,0,False,,False,,False,,False,,False,,False,,Dockerfile(s) found but no Python entry point could be resolved
https://github.com/Cforcharming/AudioEventsNN,ok,False,2,0,1,main.py,fallback_root,3,5,1,0,0,False,,False,,False,,True,main.py:51 model.fit [matched model.fit],True,main.py:89 model.evaluate [matched model.evaluate],False,,"unverified: missing stages: data_acquisition, data_preparation, modeling, inference"
https://github.com/zebengberg/lake-monster,no_dockerfile,False,0,0,0,,,0,0,0,0,0,False,,False,,False,,False,,False,,False,,no Dockerfile and no fallback entry point found
https://github.com/omerhac/cat-detector,no_entry,False,0,2,0,,,0,0,0,0,0,False,,False,,False,,False,,False,,False,,Dockerfile(s) found but no Python entry point could be resolved
https://github.com/ryansteed/ieat,no_dockerfile,False,0,0,0,,,0,0,0,0,0,False,,False,,False,,False,,False,,False,,no Dockerfile and no fallback entry point found
https://github.com/mimilazarova/dd2412_project_fixmatch_and_beyond,ok,False,3,0,1,main.py,fallback_root,6,52,2,0,0,True,load_data.py:40 json.load [matched json.load],False,,True,wide_resnet.py:13 tf.keras.layers.Conv2D [matched tf.keras.layers.*],True,new_training_loop.py:69 tf.GradientTape [matched tf.GradientTape],False,,False,,"unverified: missing stages: data_preparation, evaluation, inference"
https://github.com/julescarpentier/classifii,no_dockerfile,False,0,0,0,,,0,0,0,0,0,False,,False,,False,,False,,False,,False,,no Dockerfile and no fallback entry point found
https://github.com/vafaei-ar/deepsource,no_dockerfile,False,0,0,0,,,0,0,0,0,0,False,,False,,False,,False,,False,,False,,no Dockerfile and no fallback entry point found
https://github.com/judithliatsf/fillmore,no_dockerfile,False,0,0,0,,,0,0,0,0,0,False,,False,,False,,False,,False,,False,,no Dockerfile and no fallback entry point found
https://github.com/JuHyung-Son/mlops,no_entry,False,0,2,0,,,0,0,0,0,0,False,,False,,False,,False,,False,,False,,Dockerfile(s) found but no Python entry point could be resolved
https://github.com/abhay-venkatesh/pytorch-devbox,ok,False,5,0,1,main.py,fallback_root,9,56,2,0,0,True,main.py:26 yaml.load [matched yaml.load],True,datagens/datagen.py:11 torchvision.transforms.ToTensor [matched torchvision.transforms.*],True,models/segnet.py:0 class SegNetDown2 [matched <class subclasses model base>],True,trainers/cocobbox_trainer.py:87 optimizer.zero_grad [matched optimizer.zero_grad],False,,True,trainers/cocobbox_trainer.py:110 self.model.eval [matched model.eval],unverified: missing stages: evaluation
https://github.com/JustinGuese/reinforcement-learning-trading-bot,ok,False,5,1,1,train.py,fallback_root,5,19,2,0,0,True,trading_bot/utils.py:40 pd.read_csv [matched pd.read_csv],True,trading_bot/utils.py:56 sklearn.preprocessing.MinMaxScaler [matched MinMaxScaler],True,trading_bot/agent.py:70 tf.keras.layers.Dense [matched tf.keras.layers.*],True,trading_bot/agent.py:167 self.model.fit [matched model.fit],False,,True,trading_bot/agent.py:95 self.model.predict [matched model.predict],unverified: missing stages: evaluation
https://github.com/hoogenboom-group/CLEMnet,clone_failed,False,0,0,0,,,0,0,0,0,0,False,,False,,False,,False,,False,,False,,remote: Repository not found.
https://github.com/EliorBenYosef/reinforcement-learning,no_dockerfile,False,0,0,0,,,0,0,0,0,0,False,,False,,False,,False,,False,,False,,no Dockerfile and no fallback entry point found
https://github.com/ShawonAshraf/Fruit-Image-Classification,no_dockerfile,False,0,0,0,,,0,0,0,0,0,False,,False,,False,,False,,False,,False,,no Dockerfile and no fallback entry point found
https://github.com/diego1401/EmotionRecognitionProject,clone_failed,False,0,0,0,,,0,0,0,0,0,False,,False,,False,,False,,False,,False,,remote: Repository not found.
https://github.com/l123456789jy/TFLite_Flower,ok,False,0,1,1,tensorflow_examples\lite\model_maker\cli\cli.py,fallback_console_script,4,6,1,0,0,False,,False,,False,,False,,False,,False,,"unverified: missing stages: data_acquisition, data_preparation, modeling, training, evaluation, inference"
https://github.com/erwold/ray-autoflow,ok,False,1,8,1,rllib\train.py,fallback_nested,1,2,0,0,0,True,rllib/train.py:125 yaml.safe_load [matched yaml.safe_load],False,,False,,False,,False,,False,,"unverified: missing stages: data_preparation, modeling, training, evaluation, inference"
https://github.com/M-Borsuk/CNN-Pneumonia-Classification,clone_failed,False,0,0,0,,,0,0,0,0,0,False,,False,,False,,False,,False,,False,,Error downloading object: savedmodel.h5 (3dad09e): Smudge error: Error downloading savedmodel.h5 (3dad09ecbf186ac1beab8724e2a473830397f13abe1992b25555f95ef4901565): batch response: Resource not accessible by personal access token
https://github.com/WM-SEMERU/SecureReqNet,no_entry,False,0,1,0,,,0,0,0,0,0,False,,False,,False,,False,,False,,False,,Dockerfile(s) found but no Python entry point could be resolved
https://github.com/matwilso/rock_detector,no_dockerfile,False,0,0,0,,,0,0,0,0,0,False,,False,,False,,False,,False,,False,,no Dockerfile and no fallback entry point found
https://github.com/isofit/isofit,ok,False,1,2,1,isofit\__main__.py,fallback_nested,6,36,2,0,2,True,isofit/data/ini.py:401 json.load [matched json.load],False,,False,,False,,False,,False,,"unverified: missing stages: data_preparation, modeling, training, evaluation, inference"
https://github.com/antcc/proyecto-vc,ok,False,2,0,1,yolo\train.py,fallback_nested,7,34,2,0,0,True,yolo/voc.py:47 pickle.load [matched pickle.load],False,,True,yolo/yolo.py:211 keras.layers.ZeroPadding2D [matched keras.layers.*],False,,False,,False,,"unverified: missing stages: data_preparation, training, evaluation, inference"
https://github.com/tighu20/LoanSafe,ok,False,3,1,1,main.py,fallback_root,2,18,1,0,0,True,main.py:15 PIL.Image.open [matched Image.open],False,,True,main.py:158 xgb.DMatrix [matched xgb.DMatrix],False,,False,,True,main.py:107 model.predict [matched model.predict],"unverified: missing stages: data_preparation, training, evaluation"
https://github.com/snehsagarajput/nst-app,ok,False,2,0,1,main.py,fallback_root,3,14,1,0,0,True,server.py:68 requests.get [matched requests.get],False,,False,,False,,False,,True,main.py:40 flask.Flask [matched Flask],"unverified: missing stages: data_preparation, modeling, training, evaluation"
https://github.com/americast/algo_bias_tf_lrp,no_dockerfile,False,0,0,0,,,0,0,0,0,0,False,,False,,False,,False,,False,,False,,no Dockerfile and no fallback entry point found
https://github.com/davidfegyver/szabadfogasu-maszk,no_dockerfile,False,0,0,0,,,0,0,0,0,0,False,,False,,False,,False,,False,,False,,no Dockerfile and no fallback entry point found
https://github.com/rohorne07/DeepLearning,no_dockerfile,False,0,0,0,,,0,0,0,0,0,False,,False,,False,,False,,False,,False,,no Dockerfile and no fallback entry point found
https://github.com/cfcooney/BiModNeuroCNN,no_dockerfile,False,0,0,0,,,0,0,0,0,0,False,,False,,False,,False,,False,,False,,no Dockerfile and no fallback entry point found
https://github.com/cool-RR/marley,ok,False,3,0,1,marley\__main__.py,fallback_nested,43,412,5,0,0,False,,False,,True,marley/worlds/grid_royale/core.py:652 tf.keras.layers.Conv2D [matched tf.keras.layers.*],True,marley/gamey/model_free.py:443 model.fit [matched model.fit],False,,True,marley/gamey/model_free.py:367 model.predict [matched model.predict],"unverified: missing stages: data_acquisition, data_preparation, evaluation"
https://github.com/Prot78/Deep-learning-for-glioblastoma-tumor-volume-segmentation-in-mouse,no_entry,False,0,3,0,,,0,0,0,0,0,False,,False,,False,,False,,False,,False,,Dockerfile(s) found but no Python entry point could be resolved
https://github.com/sagar9crack/Video-emotion-detection,no_dockerfile,False,0,0,0,,,0,0,0,0,0,False,,False,,False,,False,,False,,False,,no Dockerfile and no fallback entry point found
https://github.com/googleinterns/keypoint-mot,no_dockerfile,False,0,0,0,,,0,0,0,0,0,False,,False,,False,,False,,False,,False,,no Dockerfile and no fallback entry point found
https://github.com/romanticegg/c3d,no_dockerfile,False,0,0,0,,,0,0,0,0,0,False,,False,,False,,False,,False,,False,,no Dockerfile and no fallback entry point found
https://github.com/bobjinfo/Mask_RCN,no_dockerfile,False,0,0,0,,,0,0,0,0,0,False,,False,,False,,False,,False,,False,,no Dockerfile and no fallback entry point found
https://github.com/stevensdavid/nvae-tf,ok,False,4,0,1,train.py,fallback_root,13,95,2,0,0,True,fid_utils.py:494 urllib.request.urlretrieve [matched urllib.request.urlretrieve],False,,True,models.py:0 class NVAE [matched <class subclasses model base>],True,train.py:46 model.fit [matched model.fit],False,,True,evaluate.py:206 model.predict [matched model.predict],"unverified: missing stages: data_preparation, evaluation"
https://github.com/simeneide/phd-notes,no_dockerfile,False,0,0,0,,,0,0,0,0,0,False,,False,,False,,False,,False,,False,,no Dockerfile and no fallback entry point found
https://github.com/Visual-modelling/visual_modelling,no_entry,False,0,1,0,,,0,0,0,0,0,False,,False,,False,,False,,False,,False,,Dockerfile(s) found but no Python entry point could be resolved
https://github.com/Vamsi995/Paraphrase-Generator,ok,False,5,1,1,train.py,fallback_root,1,16,0,0,0,True,train.py:127 def train_dataloader [matched <lightning hook train_dataloader>],True,train.py:46 transformers.T5Tokenizer.from_pretrained [matched T5Tokenizer.from_pretrained],True,train.py:0 class T5FineTuner [matched <class subclasses model base>],True,train.py:74 def training_step [matched <lightning hook training_step>],True,train.py:85 def validation_step [matched <lightning hook validation_step>],False,,unverified: missing stages: inference
https://github.com/cww97/cs285_fall2020_cww,no_dockerfile,False,0,0,0,,,0,0,0,0,0,False,,False,,False,,False,,False,,False,,no Dockerfile and no fallback entry point found
https://github.com/Hayashi-Yudai/ML_models,no_dockerfile,False,0,0,0,,,0,0,0,0,0,False,,False,,False,,False,,False,,False,,no Dockerfile and no fallback entry point found
https://github.com/justinpaulturner/nasa_space_apps,ok,False,4,0,1,train.py,fallback_root,4,16,1,0,0,True,UnetGenerator.py:122 cv2.imread [matched cv2.imread],True,UnetGenerator.py:139 imgaug.augmenters.Sometimes [matched imgaug.augmenters.*],True,UnetModel.py:29 tf.keras.layers.BatchNormalization [matched tf.keras.layers.*],True,train.py:62 model.fit_generator [matched model.fit_generator],False,,False,,"unverified: missing stages: evaluation, inference"
https://github.com/shobhit9618/celeb_recognition,ok,False,2,0,1,celeb_detector\celeb_recognition.py,fallback_console_script,2,8,1,0,0,True,celeb_detector/celeb_recognition.py:13 PIL.Image.open [matched Image.open],False,,False,,False,,False,,True,celeb_detector/celeb_prediction_main.py:70 torch.no_grad [matched torch.no_grad],"unverified: missing stages: data_preparation, modeling, training, evaluation"
https://github.com/CREESTL/StudyingKeras,no_dockerfile,False,0,0,0,,,0,0,0,0,0,False,,False,,False,,False,,False,,False,,no Dockerfile and no fallback entry point found
https://github.com/ayoolaolafenwa/orangelib,no_dockerfile,False,0,0,0,,,0,0,0,0,0,False,,False,,False,,False,,False,,False,,no Dockerfile and no fallback entry point found
https://github.com/spotify/klio,no_entry,False,0,11,0,,,0,0,0,0,0,False,,False,,False,,False,,False,,False,,Dockerfile(s) found but no Python entry point could be resolved
https://github.com/MIT-AI-Accelerator/neurips-2020-sevir,no_dockerfile,False,0,0,0,,,0,0,0,0,0,False,,False,,False,,False,,False,,False,,no Dockerfile and no fallback entry point found
https://github.com/joakimeriksson/edgepipes,no_dockerfile,False,0,0,0,,,0,0,0,0,0,False,,False,,False,,False,,False,,False,,no Dockerfile and no fallback entry point found
https://github.com/deepimagej/pydeepimagej,no_dockerfile,False,0,0,0,,,0,0,0,0,0,False,,False,,False,,False,,False,,False,,no Dockerfile and no fallback entry point found
https://github.com/kleinhenz/psifold,ok,False,4,0,1,psifold\scripts\run_rgn.py,fallback_console_script,7,49,2,0,0,True,psifold/data.py:22 h5py.File [matched h5py.File],False,,True,psifold/models/rgn.py:0 class RGN [matched <class subclasses model base>],True,psifold/util.py:72 optimizer.zero_grad [matched optimizer.zero_grad],False,,True,psifold/util.py:29 model.eval [matched model.eval],"unverified: missing stages: data_preparation, evaluation"
https://github.com/jackie930/steward-sentiment-anlysis-bot,no_entry,False,0,2,0,,,0,0,0,0,0,False,,False,,False,,False,,False,,False,,Dockerfile(s) found but no Python entry point could be resolved
https://github.com/lollcat/DistillationTrain-Gym,no_dockerfile,False,0,0,0,,,0,0,0,0,0,False,,False,,False,,False,,False,,False,,no Dockerfile and no fallback entry point found
https://github.com/mhardingr/dueling_double_dqn,no_dockerfile,False,0,0,0,,,0,0,0,0,0,False,,False,,False,,False,,False,,False,,no Dockerfile and no fallback entry point found
https://github.com/ayoolaolafenwa/PixelLib,no_dockerfile,False,0,0,0,,,0,0,0,0,0,False,,False,,False,,False,,False,,False,,no Dockerfile and no fallback entry point found
https://github.com/lorenzotabasso/TLN-1920,clone_failed,False,0,0,0,,,0,0,0,0,0,False,,False,,False,,False,,False,,False,,remote: Repository not found.
https://github.com/sachin327/models,no_entry,False,0,3,0,,,0,0,0,0,0,False,,False,,False,,False,,False,,False,,Dockerfile(s) found but no Python entry point could be resolved
https://github.com/experimental-informatics/sgai,no_dockerfile,False,0,0,0,,,0,0,0,0,0,False,,False,,False,,False,,False,,False,,no Dockerfile and no fallback entry point found
https://github.com/cdaksha/parametrization_clean,ok,False,5,0,1,parametrization_clean\app.py,fallback_nested,43,144,3,0,0,True,parametrization_clean/infrastructure/config/local.py:33 json.load [matched json.load],True,parametrization_clean/domain/neural_network/ann.py:38 parametrization_clean.domain.neural_network.transform_data.train_test_split [matched train_test_split],True,parametrization_clean/domain/neural_network/ann.py:55 tf.keras.Sequential [matched keras.Sequential],True,parametrization_clean/domain/neural_network/ann.py:74 model.fit [matched model.fit],False,,True,parametrization_clean/domain/neural_network/ann.py:87 model.predict [matched model.predict],unverified: missing stages: evaluation
https://github.com/seongpil0948/m,clone_failed,False,0,0,0,,,0,0,0,0,0,False,,False,,False,,False,,False,,False,,remote: Repository not found.
https://github.com/ultraultimated/StockInsight,ok,False,1,0,1,code\app.py,fallback_nested,1,5,0,0,0,True,code/app.py:16 pd.read_csv [matched pd.read_csv],False,,False,,False,,False,,False,,"unverified: missing stages: data_preparation, modeling, training, evaluation, inference"
https://github.com/gaberani/yolo_f2c,no_dockerfile,False,0,0,0,,,0,0,0,0,0,False,,False,,False,,False,,False,,False,,no Dockerfile and no fallback entry point found
https://github.com/tlmakinen/imnn,no_dockerfile,False,0,0,0,,,0,0,0,0,0,False,,False,,False,,False,,False,,False,,no Dockerfile and no fallback entry point found
https://github.com/taiwangoldcard/taiwan-bot,ok,False,1,0,1,app.py,fallback_root,8,29,3,0,0,False,,False,,False,,False,,False,,True,app.py:64 fastapi.FastAPI [matched FastAPI],"unverified: missing stages: data_acquisition, data_preparation, modeling, training, evaluation"
https://github.com/sashrika15/NutriTrack,ok,False,4,0,1,app.py,fallback_root,6,85,2,0,0,True,app.py:138 PIL.Image.open [matched Image.open],False,,True,mrcnn/model.py:110 keras.layers.Conv2D [matched layers.Conv2D],True,mrcnn/parallel_model.py:169 model.fit_generator [matched model.fit_generator],False,,True,app.py:135 st.write [matched st.write],"unverified: missing stages: data_preparation, evaluation"
https://github.com/ymd-h/b4tf,no_entry,False,0,1,0,,,0,0,0,0,0,False,,False,,False,,False,,False,,False,,Dockerfile(s) found but no Python entry point could be resolved
https://github.com/alt-nikitha/Sonnet-Generator,ok,False,3,0,1,app.py,fallback_root,3,9,1,0,0,True,generate_caption.py:21 PIL.Image.open [matched Image.open],False,,True,app.py:11 tf.keras.Sequential [matched keras.Sequential],False,,False,,True,app.py:62 flask.Flask [matched Flask],"unverified: missing stages: data_preparation, training, evaluation"
https://github.com/JacobRSchwartzCEO/AIoftheTiger,ok,False,1,0,1,main.py,fallback_root,5,17,2,0,0,True,OCR.py:49 pickle.load [matched pickle.load],False,,False,,False,,False,,False,,"unverified: missing stages: data_preparation, modeling, training, evaluation, inference"
https://github.com/zeidspex/f2019-dm,no_dockerfile,False,0,0,0,,,0,0,0,0,0,False,,False,,False,,False,,False,,False,,no Dockerfile and no fallback entry point found
https://github.com/gandhiy/boltzmann-generator,ok,False,0,0,1,core\app.py,fallback_nested,1,9,0,0,0,False,,False,,False,,False,,False,,False,,"unverified: missing stages: data_acquisition, data_preparation, modeling, training, evaluation, inference"
https://github.com/ajcommercial/AI_color_grade_lut,no_dockerfile,False,0,0,0,,,0,0,0,0,0,False,,False,,False,,False,,False,,False,,no Dockerfile and no fallback entry point found
https://github.com/yyht/PyCLUE_albert,no_dockerfile,False,0,0,0,,,0,0,0,0,0,False,,False,,False,,False,,False,,False,,no Dockerfile and no fallback entry point found
https://github.com/amalbouti/models,no_entry,False,0,3,0,,,0,0,0,0,0,False,,False,,False,,False,,False,,False,,Dockerfile(s) found but no Python entry point could be resolved
https://github.com/ShekharGaurav/MLFlow,ok,False,4,3,1,mlflow\cli.py,fallback_console_script,118,1015,5,0,1,True,mlflow/projects/__init__.py:272 json.load [matched json.load],True,mlflow/tracking/fluent.py:412 pd.to_datetime [matched pd.to_datetime],True,mlflow/pyfunc/__init__.py:475 mlflow.models.Model [matched Model],False,,False,,True,mlflow/server/__init__.py:18 flask.Flask [matched Flask],"unverified: missing stages: training, evaluation"
https://github.com/geoboom/facemask-workshop,ok,False,2,0,1,backend\main.py,fallback_nested,1,2,0,0,0,True,backend/main.py:59 PIL.Image.open [matched Image.open],False,,False,,False,,False,,True,backend/main.py:15 fastapi.FastAPI [matched FastAPI],"unverified: missing stages: data_preparation, modeling, training, evaluation"
https://github.com/ujwalp15/Oculus-Core,no_dockerfile,False,0,0,0,,,0,0,0,0,0,False,,False,,False,,False,,False,,False,,no Dockerfile and no fallback entry point found
https://github.com/hackit2/HackIt,ok,False,0,1,1,HackItSolution\main.py,fallback_nested,1,0,0,0,0,False,,False,,False,,False,,False,,False,,"unverified: missing stages: data_acquisition, data_preparation, modeling, training, evaluation, inference"
https://github.com/siduojiang/BERTVision,no_dockerfile,False,0,0,0,,,0,0,0,0,0,False,,False,,False,,False,,False,,False,,no Dockerfile and no fallback entry point found
https://github.com/faruba/DRAGAN-keras,no_dockerfile,False,0,0,0,,,0,0,0,0,0,False,,False,,False,,False,,False,,False,,no Dockerfile and no fallback entry point found
https://github.com/fenneccat/SuggesetBot-Debate,clone_failed,False,0,0,0,,,0,0,0,0,0,False,,False,,False,,False,,False,,False,,Error downloading object: data/kixx-url.tsv (137dff4): Smudge error: Error downloading data/kixx-url.tsv (137dff420aecea317a481bb7bd0ab52a39b02513890b6f44a900c58fc49d009a): batch response: Resource not accessible by personal access token
https://github.com/UltronAI/ai_2018fall,clone_failed,False,0,0,0,,,0,0,0,0,0,False,,False,,False,,False,,False,,False,,remote: Repository not found.
https://github.com/adnanlanewla/SpeedChallenge,clone_failed,False,0,0,0,,,0,0,0,0,0,False,,False,,False,,False,,False,,False,,Error downloading object: data/test.mp4 (b55808a): Smudge error: Error downloading data/test.mp4 (b55808a796608cd08857e199206f03f337e6b4087baa39626ba110746b690974): batch response: Resource not accessible by personal access token
https://github.com/rivinduw/ntfm2,ok,False,1,0,1,train.py,fallback_root,7,30,2,0,0,True,model/utils.py:29 json.load [matched json.load],False,,False,,False,,False,,False,,"unverified: missing stages: data_preparation, modeling, training, evaluation, inference"
https://github.com/theadamsabra/VocalExtractor,no_dockerfile,False,0,0,0,,,0,0,0,0,0,False,,False,,False,,False,,False,,False,,no Dockerfile and no fallback entry point found
https://github.com/maximus-victor/FAU-bachelor-thesis,no_dockerfile,False,0,0,0,,,0,0,0,0,0,False,,False,,False,,False,,False,,False,,no Dockerfile and no fallback entry point found
https://github.com/ismailoussaid/Projects,no_dockerfile,False,0,0,0,,,0,0,0,0,0,False,,False,,False,,False,,False,,False,,no Dockerfile and no fallback entry point found
https://github.com/zoopaper/HanLP,no_dockerfile,False,0,0,0,,,0,0,0,0,0,False,,False,,False,,False,,False,,False,,no Dockerfile and no fallback entry point found
https://github.com/Swaggaaa/HackUPC-2017F,no_entry,False,0,1,0,,,0,0,0,0,0,False,,False,,False,,False,,False,,False,,Dockerfile(s) found but no Python entry point could be resolved
https://github.com/lorespaul/TextRecognition,ok,False,2,0,1,src\main.py,fallback_nested,1,4,0,0,0,True,src/main.py:85 cv2.imread [matched cv2.imread],False,,True,src/main.py:123 Model.Model [matched Model],False,,False,,False,,"unverified: missing stages: data_preparation, training, evaluation, inference"
https://github.com/masayoshi64/brutus-web,no_dockerfile,False,0,0,0,,,0,0,0,0,0,False,,False,,False,,False,,False,,False,,no Dockerfile and no fallback entry point found
https://github.com/nadernamini/cs182-assignment2,no_dockerfile,False,0,0,0,,,0,0,0,0,0,False,,False,,False,,False,,False,,False,,no Dockerfile and no fallback entry point found
https://github.com/koala7580/deep-learning-practice,no_dockerfile,False,0,0,0,,,0,0,0,0,0,False,,False,,False,,False,,False,,False,,no Dockerfile and no fallback entry point found
https://github.com/leemengtaiwan/cat-recognition-app,ok,False,2,1,1,app.py,dockerfile,4,25,1,0,0,True,app.py:41 boto3.client [matched boto3.client],False,,False,,False,,False,,True,app.py:21 flask.Flask [matched Flask],"unverified: missing stages: data_preparation, modeling, training, evaluation"
https://github.com/stockcasting/DataAnalysis,no_dockerfile,False,0,0,0,,,0,0,0,0,0,False,,False,,False,,False,,False,,False,,no Dockerfile and no fallback entry point found
https://github.com/rickyHong/Pennylane-repl,no_dockerfile,False,0,0,0,,,0,0,0,0,0,False,,False,,False,,False,,False,,False,,no Dockerfile and no fallback entry point found
https://github.com/riels89/auth_ident,clone_failed,False,0,0,0,,,0,0,0,0,0,False,,False,,False,,False,,False,,False,,error: invalid path 'auth_ident/models/<Plug>_'
https://github.com/comp-imaging-sci/CLS-Mask_R-CNN,no_dockerfile,False,0,0,0,,,0,0,0,0,0,False,,False,,False,,False,,False,,False,,no Dockerfile and no fallback entry point found
https://github.com/git-davi/EyeOnArt,no_dockerfile,False,0,0,0,,,0,0,0,0,0,False,,False,,False,,False,,False,,False,,no Dockerfile and no fallback entry point found
https://github.com/fourjr/rainbot,ok,False,0,0,1,rainbot_modernized\main.py,fallback_nested,2,2,1,0,0,False,,False,,False,,False,,False,,False,,"unverified: missing stages: data_acquisition, data_preparation, modeling, training, evaluation, inference"
https://github.com/googleinterns/advertiser-quality-from-sites,no_dockerfile,False,0,0,0,,,0,0,0,0,0,False,,False,,False,,False,,False,,False,,no Dockerfile and no fallback entry point found
https://github.com/jiajunhua/TheAlgorithms-Python,no_dockerfile,False,0,0,0,,,0,0,0,0,0,False,,False,,False,,False,,False,,False,,no Dockerfile and no fallback entry point found
https://github.com/allenai/allenact,ok,False,3,0,1,main.py,fallback_root,27,533,5,0,1,True,allenact/main.py:439 json.load [matched json.load],False,,True,allenact/utils/model_utils.py:0 class Flatten [matched <class subclasses model base>],True,allenact/algorithms/onpolicy_sync/runner.py:425 trainer.train [matched trainer.train],False,,False,,"unverified: missing stages: data_preparation, evaluation, inference"
https://github.com/robfiras/PandaAgents_RLBench,ok,False,4,0,1,main.py,fallback_root,20,107,4,0,0,True,agents/agent_setup.py:26 yaml.safe_load [matched yaml.safe_load],False,,True,agents/ddpg.py:0 class ActorNetwork [matched <class subclasses model base>],True,agents/ddpg.py:758 tf.GradientTape [matched tf.GradientTape],False,,True,agents/openai_es_backend/es_utils.py:86 model.predict [matched model.predict],"unverified: missing stages: data_preparation, evaluation"
https://github.com/icrto/xML,no_dockerfile,False,0,0,0,,,0,0,0,0,0,False,,False,,False,,False,,False,,False,,no Dockerfile and no fallback entry point found
https://github.com/Laudarisd/Project_Root,clone_failed,False,0,0,0,,,0,0,0,0,0,False,,False,,False,,False,,False,,False,,remote: Repository not found.
https://github.com/ashishkrb7/Face_Mask_Detection_end_to_end_project,ok,False,2,0,1,app.py,fallback_root,3,6,1,0,0,True,Engine.py:24 cv2.imread [matched cv2.imread],False,,False,,False,,False,,True,app.py:16 flask.Flask [matched Flask],"unverified: missing stages: data_preparation, modeling, training, evaluation"
https://github.com/kkchuchu/trendmicro-ai-hearts,clone_failed,False,0,0,0,,,0,0,0,0,0,False,,False,,False,,False,,False,,False,,Error downloading object: bin/trend-hearts-1.0.0-alpha.4/sample_bot_v1.0.0/README.pdf (8ee8a87): Smudge error: Error downloading bin/trend-hearts-1.0.0-alpha.4/sample_bot_v1.0.0/README.pdf (8ee8a87204deb44170d61f24e7e9ac3eaef1f2b516d26173ce2a8212f45186f1): batch response: Resource not accessible by 
https://github.com/blackparadise0407/object-detection-api,ok,False,3,0,1,app.py,fallback_root,5,32,2,0,0,True,yolov3_tf2/utils.py:29 np.fromfile [matched np.fromfile],False,,True,yolov3_tf2/models.py:48 tf.keras.layers.ZeroPadding2D [matched tf.keras.layers.*],False,,False,,True,app.py:43 flask.Flask [matched Flask],"unverified: missing stages: data_preparation, training, evaluation"
https://github.com/MiraFinkel/Curve-fever-AI,ok,False,1,0,1,main.py,fallback_root,10,89,4,0,0,True,src/players/drl_player.py:11 json.load [matched json.load],False,,False,,False,,False,,False,,"unverified: missing stages: data_preparation, modeling, training, evaluation, inference"
https://github.com/facebookresearch/sound-spaces,no_entry,False,0,1,0,,,0,0,0,0,0,False,,False,,False,,False,,False,,False,,Dockerfile(s) found but no Python entry point could be resolved
https://github.com/DialloYoussouf/Jedhabootcamp_Projects,no_dockerfile,False,0,0,0,,,0,0,0,0,0,False,,False,,False,,False,,False,,False,,no Dockerfile and no fallback entry point found
https://github.com/IGITUGraz/eligibility_propagation,no_dockerfile,False,0,0,0,,,0,0,0,0,0,False,,False,,False,,False,,False,,False,,no Dockerfile and no fallback entry point found
https://github.com/NishantJh/Pytorch-Tutorial,no_dockerfile,False,0,0,0,,,0,0,0,0,0,False,,False,,False,,False,,False,,False,,no Dockerfile and no fallback entry point found
https://github.com/kyad/burger_war_20200818_bak,no_dockerfile,False,0,0,0,,,0,0,0,0,0,False,,False,,False,,False,,False,,False,,no Dockerfile and no fallback entry point found
https://github.com/chrislaixiaoling/TLExample,clone_failed,False,0,0,0,,,0,0,0,0,0,False,,False,,False,,False,,False,,False,,remote: Repository not found.
https://github.com/kjetil-lye/iterative_surrogate_optimization,no_dockerfile,False,0,0,0,,,0,0,0,0,0,False,,False,,False,,False,,False,,False,,no Dockerfile and no fallback entry point found
https://github.com/illini-robomaster/iRM_Autonomy_2020,no_dockerfile,False,0,0,0,,,0,0,0,0,0,False,,False,,False,,False,,False,,False,,no Dockerfile and no fallback entry point found
https://github.com/pentagram5/Ai_chatbot_Cindy-project,no_dockerfile,False,0,0,0,,,0,0,0,0,0,False,,False,,False,,False,,False,,False,,no Dockerfile and no fallback entry point found
https://github.com/haivanka/Image-Colorization,no_dockerfile,False,0,0,0,,,0,0,0,0,0,False,,False,,False,,False,,False,,False,,no Dockerfile and no fallback entry point found
https://github.com/hiennguyen9874/person-attribute-recognition,ok,True,6,1,1,train.py,fallback_root,60,288,7,0,0,True,utils/util.py:54 yaml.safe_load [matched yaml.safe_load],True,data/datamanager.py:45 A.Compose [matched A.Compose],True,losses/CE_loss.py:0 class CEL_Sigmoid [matched <class subclasses model base>],True,train.py:20 trainer.train [matched trainer.train],True,trainer/trainer.py:157 self.writer.add_scalar [matched writer.add_scalar],True,trainer/trainer_episode.py:121 self.model.eval [matched model.eval],verified: all 6 stages present
https://github.com/doduythao/PyTorch-YOLOv3,clone_failed,False,0,0,0,,,0,0,0,0,0,False,,False,,False,,False,,False,,False,,remote: Repository not found.
https://github.com/amolikvivian/AI-NLP-Chatbot,no_dockerfile,False,0,0,0,,,0,0,0,0,0,False,,False,,False,,False,,False,,False,,no Dockerfile and no fallback entry point found
https://github.com/zhangqianhui/GazeAnimation,ok,False,0,0,1,train.py,fallback_root,11,108,3,0,0,False,,False,,False,,False,,False,,False,,"unverified: missing stages: data_acquisition, data_preparation, modeling, training, evaluation, inference"
https://github.com/EonYang/doodle-classification-server,ok,False,3,1,1,doodle_classification\server.py,dockerfile,8,29,2,0,0,True,doodle_classification/routers/magical_pencil.py:30 csv.DictReader [matched csv.DictReader],False,,False,,False,,True,doodle_classification/predictor.py:30 tf.keras.metrics.top_k_categorical_accuracy [matched tf.keras.metrics.*],True,doodle_classification/server.py:18 flask.Flask [matched Flask],"unverified: missing stages: data_preparation, modeling, training"
https://github.com/AdaptiveCity/deepdish,no_entry,False,0,4,0,,,0,0,0,0,0,False,,False,,False,,False,,False,,False,,Dockerfile(s) found but no Python entry point could be resolved
https://github.com/da-sssun/PyTorch-Toturial,no_dockerfile,False,0,0,0,,,0,0,0,0,0,False,,False,,False,,False,,False,,False,,no Dockerfile and no fallback entry point found
https://github.com/beringresearch/datasets,no_dockerfile,False,0,0,0,,,0,0,0,0,0,False,,False,,False,,False,,False,,False,,no Dockerfile and no fallback entry point found
https://github.com/sakurusurya2000/Emotion_Detector,no_dockerfile,False,0,0,0,,,0,0,0,0,0,False,,False,,False,,False,,False,,False,,no Dockerfile and no fallback entry point found
https://github.com/DanielhCarranza/MedSearch,no_entry,False,0,1,0,,,0,0,0,0,0,False,,False,,False,,False,,False,,False,,Dockerfile(s) found but no Python entry point could be resolved
https://github.com/NIVA-Knowledge-Graph/KGE-Keras,no_dockerfile,False,0,0,0,,,0,0,0,0,0,False,,False,,False,,False,,False,,False,,no Dockerfile and no fallback entry point found
https://github.com/soumyaiitkgp/Custom_MaskRCNN,no_dockerfile,False,0,0,0,,,0,0,0,0,0,False,,False,,False,,False,,False,,False,,no Dockerfile and no fallback entry point found
https://github.com/jimodayne/deepspeech2_new,ok,False,1,0,1,train.py,fallback_root,7,46,3,0,0,True,utils.py:88 librosa.load [matched librosa.load],False,,False,,False,,False,,False,,"unverified: missing stages: data_preparation, modeling, training, evaluation, inference"
https://github.com/GowthamKumar1626/Machine-Learning-MODELS,no_dockerfile,False,0,0,0,,,0,0,0,0,0,False,,False,,False,,False,,False,,False,,no Dockerfile and no fallback entry point found
https://github.com/hypergol/hypergol,no_dockerfile,False,0,0,0,,,0,0,0,0,0,False,,False,,False,,False,,False,,False,,no Dockerfile and no fallback entry point found
https://github.com/Yforjuelao/Inbalanced-data-cv,no_dockerfile,False,0,0,0,,,0,0,0,0,0,False,,False,,False,,False,,False,,False,,no Dockerfile and no fallback entry point found
https://github.com/StatML-dAI/dnn-inference,no_dockerfile,False,0,0,0,,,0,0,0,0,0,False,,False,,False,,False,,False,,False,,no Dockerfile and no fallback entry point found
https://github.com/hyunjoonbok/amazon-sagemaker,no_dockerfile,False,0,0,0,,,0,0,0,0,0,False,,False,,False,,False,,False,,False,,no Dockerfile and no fallback entry point found
https://github.com/amazon-archives/aws-robomaker-sample-application-deepracer,no_dockerfile,False,0,0,0,,,0,0,0,0,0,False,,False,,False,,False,,False,,False,,no Dockerfile and no fallback entry point found
https://github.com/RTUITLab/RTUAssistant-Starter,ok,False,1,0,1,run.py,fallback_root,4,8,3,0,0,False,,False,,False,,False,,False,,True,app/__init__.py:9 flask.Flask [matched Flask],"unverified: missing stages: data_acquisition, data_preparation, modeling, training, evaluation"
https://github.com/awslabs/sagemaker-battlesnake-ai,no_dockerfile,False,0,0,0,,,0,0,0,0,0,False,,False,,False,,False,,False,,False,,no Dockerfile and no fallback entry point found
https://github.com/bhanukaManesha/ringgit-detection,ok,False,4,0,1,train.py,fallback_root,9,52,3,0,0,True,lib/data/DataCollection.py:22 h5py.File [matched h5py.File],True,lib/data/AugmentData.py:17 imgaug.augmenters.Sequential [matched imgaug.augmenters.*],True,lib/yolo/YOLOModel.py:52 tf.keras.layers.Input [matched tf.keras.layers.*],False,,True,lib/yolo/YOLOMetrics.py:165 tf.keras.metrics.categorical_accuracy [matched tf.keras.metrics.*],False,,"unverified: missing stages: training, inference"
https://github.com/elites2k19/prism-attack,ok,False,1,2,1,cleverhans\train.py,fallback_nested,32,260,5,0,0,False,,False,,True,cleverhans/model.py:0 class CallableModelWrapper [matched <class subclasses model base>],False,,False,,False,,"unverified: missing stages: data_acquisition, data_preparation, training, evaluation, inference"
https://github.com/starcreep48/osrs_object_detection,ok,False,2,0,1,main.py,fallback_root,6,46,2,0,0,True,main.py:116 pd.read_csv [matched pd.read_csv],True,main.py:89 sklearn.model_selection.train_test_split [matched train_test_split],False,,False,,False,,False,,"unverified: missing stages: modeling, training, evaluation, inference"
https://github.com/planetfederal/thomas,no_dockerfile,False,0,0,0,,,0,0,0,0,0,False,,False,,False,,False,,False,,False,,no Dockerfile and no fallback entry point found
https://github.com/KapoorAyush/textSummarizer,no_dockerfile,False,0,0,0,,,0,0,0,0,0,False,,False,,False,,False,,False,,False,,no Dockerfile and no fallback entry point found
https://github.com/pegasystems/nlp-model-containers,no_entry,False,0,2,0,,,0,0,0,0,0,False,,False,,False,,False,,False,,False,,Dockerfile(s) found but no Python entry point could be resolved
https://github.com/PhiAbs/crfasrnn_keras,no_entry,False,0,1,0,,,0,0,0,0,0,False,,False,,False,,False,,False,,False,,Dockerfile(s) found but no Python entry point could be resolved
https://github.com/Anuj-Attri/fer-model-realtime,clone_failed,False,0,0,0,,,0,0,0,0,0,False,,False,,False,,False,,False,,False,,remote: Repository not found.
https://github.com/halley86/libra,no_entry,False,0,1,0,,,0,0,0,0,0,False,,False,,False,,False,,False,,False,,Dockerfile(s) found but no Python entry point could be resolved
https://github.com/Mulac/TDA-MNIST,no_dockerfile,False,0,0,0,,,0,0,0,0,0,False,,False,,False,,False,,False,,False,,no Dockerfile and no fallback entry point found
https://github.com/socialdistancingdashboard/SDD-Webcam-CustomVision,no_dockerfile,False,0,0,0,,,0,0,0,0,0,False,,False,,False,,False,,False,,False,,no Dockerfile and no fallback entry point found
https://github.com/eugeniomorocho/Android_Object_Detection,ok,False,0,1,1,tensorflow_examples\lite\model_maker\cli\cli.py,fallback_console_script,4,6,1,0,0,False,,False,,False,,False,,False,,False,,"unverified: missing stages: data_acquisition, data_preparation, modeling, training, evaluation, inference"
https://github.com/thecodemasterk/Amazon-Sagemaker-Algorithm-Examples,no_entry,False,0,13,0,,,0,0,0,0,0,False,,False,,False,,False,,False,,False,,Dockerfile(s) found but no Python entry point could be resolved
https://github.com/jizh4220/CS230,no_dockerfile,False,0,0,0,,,0,0,0,0,0,False,,False,,False,,False,,False,,False,,no Dockerfile and no fallback entry point found
https://github.com/FarjaalAhmad/django_bgRemoverML,no_dockerfile,False,0,0,0,,,0,0,0,0,0,False,,False,,False,,False,,False,,False,,no Dockerfile and no fallback entry point found
https://github.com/Skuldur/somnus,ok,False,4,0,1,cli\cli.py,fallback_console_script,4,34,1,0,0,True,cli/cli.py:61 json.load [matched json.load],False,,True,somnus/models.py:66 tf.keras.layers.Input [matched tf.keras.layers.*],True,somnus/models.py:33 self.model.fit [matched model.fit],False,,True,cli/cli.py:227 model.predict [matched model.predict],"unverified: missing stages: data_preparation, evaluation"
https://github.com/amogh-w/COVIDian,no_entry,False,0,6,0,,,0,0,0,0,0,False,,False,,False,,False,,False,,False,,Dockerfile(s) found but no Python entry point could be resolved
https://github.com/chenjshnn/Object-Detection-for-Graphical-User-Interface,no_dockerfile,False,0,0,0,,,0,0,0,0,0,False,,False,,False,,False,,False,,False,,no Dockerfile and no fallback entry point found
https://github.com/alvinlander/TTS,ok,True,6,1,1,train.py,fallback_root,19,189,2,0,1,True,train.py:65 torch.utils.data.DataLoader [matched DataLoader],True,utils/audio.py:177 TTS.utils.data.StandardScaler [matched StandardScaler],True,layers/losses.py:0 class L1LossMasked [matched <class subclasses model base>],True,train.py:159 scheduler.step [matched scheduler.step],True,utils/tensorboard_logger.py:15 self.writer.add_scalar [matched writer.add_scalar],True,train.py:310 model.eval [matched model.eval],verified: all 6 stages present
https://github.com/agmo1993/serverless-emotion,no_entry,False,0,89,0,,,0,0,0,0,0,False,,False,,False,,False,,False,,False,,Dockerfile(s) found but no Python entry point could be resolved
https://github.com/KieranLitschel/Contextualised-Image-Classifiers,no_dockerfile,False,0,0,0,,,0,0,0,0,0,False,,False,,False,,False,,False,,False,,no Dockerfile and no fallback entry point found
https://github.com/BME-SmartLab/rl-wds,ok,False,2,1,1,train.py,fallback_root,2,28,1,0,0,True,train.py:26 yaml.load [matched yaml.load],False,,False,,False,,False,,True,train.py:133 model.predict [matched model.predict],"unverified: missing stages: data_preparation, modeling, training, evaluation"
https://github.com/johndpope/FundamentalsDLBook,no_dockerfile,False,0,0,0,,,0,0,0,0,0,False,,False,,False,,False,,False,,False,,no Dockerfile and no fallback entry point found
https://github.com/MattD18/rubiks-cube,ok,False,5,0,1,train.py,fallback_root,9,53,2,0,0,True,rubiks_cube/training/utils.py:24 yaml.load [matched yaml.load],False,,True,rubiks_cube/agent/small_cnn.py:0 class CNN [matched <class subclasses model base>],True,rubiks_cube/training/experience_replay.py:250 tf.GradientTape [matched tf.GradientTape],True,rubiks_cube/training/experience_replay.py:110 tf.keras.metrics.Mean [matched tf.keras.metrics.*],True,train.py:50 model.predict [matched model.predict],unverified: missing stages: data_preparation
https://github.com/StefReck/MEdgeConv,no_dockerfile,False,0,0,0,,,0,0,0,0,0,False,,False,,False,,False,,False,,False,,no Dockerfile and no fallback entry point found
https://github.com/david-octo/annotation,no_entry,False,0,6,0,,,0,0,0,0,0,False,,False,,False,,False,,False,,False,,Dockerfile(s) found but no Python entry point could be resolved
https://github.com/anders-w-rasmussen/crispr_decryptr,no_dockerfile,False,0,0,0,,,0,0,0,0,0,False,,False,,False,,False,,False,,False,,no Dockerfile and no fallback entry point found
https://github.com/cversteeg/garage,no_entry,False,0,1,0,,,0,0,0,0,0,False,,False,,False,,False,,False,,False,,Dockerfile(s) found but no Python entry point could be resolved
https://github.com/yanchaoxi/Intel-,no_entry,False,0,3,0,,,0,0,0,0,0,False,,False,,False,,False,,False,,False,,Dockerfile(s) found but no Python entry point could be resolved
https://github.com/agentos-project/agentos,ok,False,3,1,1,agentos\cli.py,fallback_console_script,22,314,3,0,1,True,agentos/agent_run.py:321 tarfile.open [matched tarfile.open],False,,True,pcs/module_manager.py:0 class FileModule [matched <class subclasses model base>],False,,True,pcs/output.py:119 self.log_dict [matched self.log_dict],False,,"unverified: missing stages: data_preparation, training, inference"
https://github.com/smousavi05/EQTransformer,no_dockerfile,False,0,0,0,,,0,0,0,0,0,False,,False,,False,,False,,False,,False,,no Dockerfile and no fallback entry point found
https://github.com/AstroViking/tf-kde,no_dockerfile,False,0,0,0,,,0,0,0,0,0,False,,False,,False,,False,,False,,False,,no Dockerfile and no fallback entry point found
https://github.com/ImJsaw/maskRCNN-backgoundRemove,no_dockerfile,False,0,0,0,,,0,0,0,0,0,False,,False,,False,,False,,False,,False,,no Dockerfile and no fallback entry point found
https://github.com/SebGr/fml-wright,no_dockerfile,False,0,0,0,,,0,0,0,0,0,False,,False,,False,,False,,False,,False,,no Dockerfile and no fallback entry point found
https://github.com/MahadJanjua/My-Discord-Bot,no_dockerfile,False,0,0,0,,,0,0,0,0,0,False,,False,,False,,False,,False,,False,,no Dockerfile and no fallback entry point found
https://github.com/angelicagardner/ensemble-cnn-deepfakes-detection,ok,False,4,0,1,train.py,fallback_root,4,15,2,0,0,True,train.py:145 pd.read_csv [matched pd.read_csv],True,train.py:136 torchvision.transforms.Compose [matched torchvision.transforms.*],False,,True,train.py:222 scheduler.step [matched scheduler.step],True,metrics.py:58 sklearn.metrics.accuracy_score [matched accuracy_score],False,,"unverified: missing stages: modeling, inference"
https://github.com/gugarosa/dualing,no_dockerfile,False,0,0,0,,,0,0,0,0,0,False,,False,,False,,False,,False,,False,,no Dockerfile and no fallback entry point found
https://github.com/Louis-Bernier/Weeding-project-with-deep-learning,no_dockerfile,False,0,0,0,,,0,0,0,0,0,False,,False,,False,,False,,False,,False,,no Dockerfile and no fallback entry point found
https://github.com/johanfal/rv-gunnerus-anomaly-detection-web-application,clone_failed,False,0,0,0,,,0,0,0,0,0,False,,False,,False,,False,,False,,False,,remote: Repository not found.
https://github.com/Darlene-Naz/Rock-Paper-Scissors-OpenCV,ok,False,1,0,1,src\main.py,fallback_nested,1,1,0,0,0,False,,False,,False,,False,,False,,True,src/main.py:39 model.predict [matched model.predict],"unverified: missing stages: data_acquisition, data_preparation, modeling, training, evaluation"
https://github.com/Evbor/Stock_Analysis,ok,False,1,1,1,stockanalysis\train.py,fallback_nested,1,6,0,0,0,False,,False,,False,,True,stockanalysis/train.py:167 model.fit [matched model.fit],False,,False,,"unverified: missing stages: data_acquisition, data_preparation, modeling, evaluation, inference"
https://github.com/sidarth16/Sudoku-Solver-WebApp,ok,False,2,0,1,app.py,fallback_root,6,55,3,0,0,True,sudoku_main.py:286 cv2.imread [matched cv2.imread],False,,False,,False,,False,,True,app.py:65 flask.Flask [matched Flask],"unverified: missing stages: data_preparation, modeling, training, evaluation"
https://github.com/Vaibhav3007/tr,no_dockerfile,False,0,0,0,,,0,0,0,0,0,False,,False,,False,,False,,False,,False,,no Dockerfile and no fallback entry point found
https://github.com/ck37/coral-ordinal,no_dockerfile,False,0,0,0,,,0,0,0,0,0,False,,False,,False,,False,,False,,False,,no Dockerfile and no fallback entry point found
https://github.com/goran237/Mask_RCNN,no_dockerfile,False,0,0,0,,,0,0,0,0,0,False,,False,,False,,False,,False,,False,,no Dockerfile and no fallback entry point found
https://github.com/kaarejoergensen/DTL-LivDet,ok,False,1,0,1,src\main.py,fallback_nested,1,1,0,0,0,False,,False,,False,,True,src/main.py:17 trainer.train [matched trainer.train],False,,False,,"unverified: missing stages: data_acquisition, data_preparation, modeling, evaluation, inference"
https://github.com/jacksonloper/bardensr,no_dockerfile,False,0,0,0,,,0,0,0,0,0,False,,False,,False,,False,,False,,False,,no Dockerfile and no fallback entry point found
https://github.com/Charlesvandamme/Inductive-Graph-Representation-Learning-for-Fraud-Detection,no_dockerfile,False,0,0,0,,,0,0,0,0,0,False,,False,,False,,False,,False,,False,,no Dockerfile and no fallback entry point found
https://github.com/akhilaku/TensorFlow-Lite-Examples,ok,False,0,1,1,tensorflow_examples\lite\model_maker\cli\cli.py,fallback_console_script,4,6,1,0,0,False,,False,,False,,False,,False,,False,,"unverified: missing stages: data_acquisition, data_preparation, modeling, training, evaluation, inference"
https://github.com/eugli/udacity-deep-reinforcement-learning,clone_failed,False,0,0,0,,,0,0,0,0,0,False,,False,,False,,False,,False,,False,,remote: Repository not found.
https://github.com/LuchnikovI/QGOpt,no_dockerfile,False,0,0,0,,,0,0,0,0,0,False,,False,,False,,False,,False,,False,,no Dockerfile and no fallback entry point found
https://github.com/GUDHI/TDA-tutorial,no_dockerfile,False,0,0,0,,,0,0,0,0,0,False,,False,,False,,False,,False,,False,,no Dockerfile and no fallback entry point found
https://github.com/zjr1234/zjrtest,no_dockerfile,False,0,0,0,,,0,0,0,0,0,False,,False,,False,,False,,False,,False,,no Dockerfile and no fallback entry point found
https://github.com/Stellarator-X/ConvoBot,no_dockerfile,False,0,0,0,,,0,0,0,0,0,False,,False,,False,,False,,False,,False,,no Dockerfile and no fallback entry point found
https://github.com/UCL/scikit-surgerytf,ok,False,5,0,1,sksurgerytf\ui\sksurgery_fashion_command_line.py,fallback_console_script,4,30,2,0,0,True,sksurgerytf/models/fashion.py:291 cv2.imread [matched cv2.imread],False,,True,sksurgerytf/models/fashion.py:151 tf.keras.Sequential [matched keras.Sequential],True,sksurgerytf/models/fashion.py:179 self.model.fit [matched model.fit],True,sksurgerytf/models/fashion.py:186 self.model.evaluate [matched model.evaluate],True,sksurgerytf/models/fashion.py:200 self.model.predict [matched model.predict],unverified: missing stages: data_preparation
https://github.com/kashishoberoi/IntelProject-ObjectDetectInTwilight,no_entry,False,0,1,0,,,0,0,0,0,0,False,,False,,False,,False,,False,,False,,Dockerfile(s) found but no Python entry point could be resolved
https://github.com/daiaventureira/cosmos.garden,no_dockerfile,False,0,0,0,,,0,0,0,0,0,False,,False,,False,,False,,False,,False,,no Dockerfile and no fallback entry point found
https://github.com/Mantis-3DP/ESRES,no_dockerfile,False,0,0,0,,,0,0,0,0,0,False,,False,,False,,False,,False,,False,,no Dockerfile and no fallback entry point found
https://github.com/zs-barnes/RL-Sepsis-Prediction,ok,False,3,0,1,main.py,fallback_root,4,16,1,0,0,True,load_data.py:56 pd.read_csv [matched pd.read_csv],True,add_reward.py:96 df.groupby [matched df.groupby],False,,False,,False,,True,main.py:51 model.predict [matched model.predict],"unverified: missing stages: modeling, training, evaluation"
https://github.com/chetan-ade/FYP,ok,False,5,0,1,app.py,fallback_root,8,37,4,0,0,True,scripts/getData.py:52 requests.get [matched requests.get],True,scripts/mlModels/windDir_NN.py:23 sklearn.preprocessing.LabelEncoder [matched LabelEncoder],True,scripts/mlModels/windDir_NN.py:32 tf.keras.layers.Dense [matched tf.keras.layers.*],True,scripts/mlModels/windDir_NN.py:55 model.fit [matched model.fit],False,,True,app.py:8 flask.Flask [matched Flask],unverified: missing stages: evaluation
https://github.com/Kahhann92/FaceMask-recognition,no_dockerfile,False,0,0,0,,,0,0,0,0,0,False,,False,,False,,False,,False,,False,,no Dockerfile and no fallback entry point found
https://github.com/nickjalbert/reading,no_dockerfile,False,0,0,0,,,0,0,0,0,0,False,,False,,False,,False,,False,,False,,no Dockerfile and no fallback entry point found
https://github.com/philippschw/whale_pytorch,ok,False,5,0,1,train.py,fallback_root,20,210,5,0,0,True,train.py:190 pd.read_csv [matched pd.read_csv],True,dataSet/transform.py:10 imgaug.augmenters.Sequential [matched imgaug.augmenters.*],True,train.py:242 nn.Linear [matched nn.Linear],True,train.py:312 optimizer.zero_grad [matched optimizer.zero_grad],False,,True,train.py:125 torch.no_grad [matched torch.no_grad],unverified: missing stages: evaluation
https://github.com/JustusGammelgaard/darkflow,no_dockerfile,False,0,0,0,,,0,0,0,0,0,False,,False,,False,,False,,False,,False,,no Dockerfile and no fallback entry point found
https://github.com/cqpancoast/ntupledicts,no_dockerfile,False,0,0,0,,,0,0,0,0,0,False,,False,,False,,False,,False,,False,,no Dockerfile and no fallback entry point found
https://github.com/aturfah/poke2vec,no_dockerfile,False,0,0,0,,,0,0,0,0,0,False,,False,,False,,False,,False,,False,,no Dockerfile and no fallback entry point found
https://github.com/Sladzio/rl-for-object-grasping,ok,False,3,0,1,train.py,fallback_root,87,839,5,0,0,True,train.py:128 yaml.safe_load [matched yaml.safe_load],True,utils/CustomMonitor.py:204 pd.concat [matched pd.concat],False,,False,,False,,True,stable_baselines/her/her.py:127 self.model.predict [matched model.predict],"unverified: missing stages: modeling, training, evaluation"
https://github.com/juliuserbach/Semantic-Features,no_dockerfile,False,0,0,0,,,0,0,0,0,0,False,,False,,False,,False,,False,,False,,no Dockerfile and no fallback entry point found
https://github.com/GenchoBG/ObjectDetection,no_dockerfile,False,0,0,0,,,0,0,0,0,0,False,,False,,False,,False,,False,,False,,no Dockerfile and no fallback entry point found
https://github.com/brainhack-school2020/deep_representational_learning,no_dockerfile,False,0,0,0,,,0,0,0,0,0,False,,False,,False,,False,,False,,False,,no Dockerfile and no fallback entry point found
https://github.com/astirn/VariationalVarianceBackup,clone_failed,False,0,0,0,,,0,0,0,0,0,False,,False,,False,,False,,False,,False,,remote: Repository not found.
https://github.com/ucsd-dsc-arts/dsc160-final-dsc160-final-group14,no_dockerfile,False,0,0,0,,,0,0,0,0,0,False,,False,,False,,False,,False,,False,,no Dockerfile and no fallback entry point found
https://github.com/sungalex/aiqa,no_dockerfile,False,0,0,0,,,0,0,0,0,0,False,,False,,False,,False,,False,,False,,no Dockerfile and no fallback entry point found
https://github.com/schesa/ai-memes,clone_failed,False,0,0,0,,,0,0,0,0,0,False,,False,,False,,False,,False,,False,,Error downloading object: net/data/ImgFlip500K_Dataset/data/1_caption-model.hdf5 (7436c99): Smudge error: Error downloading net/data/ImgFlip500K_Dataset/data/1_caption-model.hdf5 (7436c99548936fd793fbef5cf421391633c566f5b128d0e65fa36f32d323ce44): batch response: Resource not accessible by personal a
https://github.com/Tushar-ml/DarkNeuron,no_dockerfile,False,0,0,0,,,0,0,0,0,0,False,,False,,False,,False,,False,,False,,no Dockerfile and no fallback entry point found
https://github.com/odococo/bioinformatica,no_dockerfile,False,0,0,0,,,0,0,0,0,0,False,,False,,False,,False,,False,,False,,no Dockerfile and no fallback entry point found
https://github.com/j-huthmacher/AlphaWorm,no_entry,False,0,1,0,,,0,0,0,0,0,False,,False,,False,,False,,False,,False,,Dockerfile(s) found but no Python entry point could be resolved
https://github.com/Harikrishnan6336/Rock_Paper_Scissors,ok,False,2,0,1,main.py,fallback_root,2,2,1,0,0,True,main.py:16 cv2.VideoCapture [matched cv2.VideoCapture],False,,False,,False,,False,,True,main.py:34 model.predict [matched model.predict],"unverified: missing stages: data_preparation, modeling, training, evaluation"
https://github.com/udaybhanupathania-zz/LearnMLEndtoEndMLBook,no_entry,False,0,1,0,,,0,0,0,0,0,False,,False,,False,,False,,False,,False,,Dockerfile(s) found but no Python entry point could be resolved
https://github.com/chisness/teacher-rl-atari-gen,no_dockerfile,False,0,0,0,,,0,0,0,0,0,False,,False,,False,,False,,False,,False,,no Dockerfile and no fallback entry point found
https://github.com/haishan-shi/License_plates_A3,no_dockerfile,False,0,0,0,,,0,0,0,0,0,False,,False,,False,,False,,False,,False,,no Dockerfile and no fallback entry point found
https://github.com/cleberjamaral/fastpages,no_entry,False,0,4,0,,,0,0,0,0,0,False,,False,,False,,False,,False,,False,,Dockerfile(s) found but no Python entry point could be resolved
https://github.com/narendernani5/Car-Body-Damage-Detection,no_dockerfile,False,0,0,0,,,0,0,0,0,0,False,,False,,False,,False,,False,,False,,no Dockerfile and no fallback entry point found
https://github.com/littlemesie/recommend-learning,no_dockerfile,False,0,0,0,,,0,0,0,0,0,False,,False,,False,,False,,False,,False,,no Dockerfile and no fallback entry point found
https://github.com/vijay-khanna/amazon-sagemaker-examples,no_entry,False,0,37,1,,dockerfile,0,0,0,0,0,False,,False,,False,,False,,False,,False,,no resolved entry point yielded a usable call graph
https://github.com/UPstartDeveloper/DS-2.2-Deep-Learning,no_dockerfile,False,0,0,0,,,0,0,0,0,0,False,,False,,False,,False,,False,,False,,no Dockerfile and no fallback entry point found
https://github.com/zactodd/ColonistQLearning,no_dockerfile,False,0,0,0,,,0,0,0,0,0,False,,False,,False,,False,,False,,False,,no Dockerfile and no fallback entry point found
https://github.com/tetherless-world/CodeGraph,clone_failed,False,0,0,0,,,0,0,0,0,0,False,,False,,False,,False,,False,,False,,error: invalid path 'embeddingsTest/:'
https://github.com/rystrauss/interact,ok,False,3,0,1,interact\train.py,fallback_nested,9,29,3,0,0,False,,True,interact/environments/wrappers.py:45 np.nan_to_num [matched np.nan_to_num],True,interact/agents/base.py:0 class Agent [matched <class subclasses model base>],False,,True,interact/train.py:101 tf.keras.metrics.Mean [matched tf.keras.metrics.*],False,,"unverified: missing stages: data_acquisition, training, inference"
https://github.com/vvolhejn/neural_network_smoothness,no_dockerfile,False,0,0,0,,,0,0,0,0,0,False,,False,,False,,False,,False,,False,,no Dockerfile and no fallback entry point found
https://github.com/DavidDB33/drling,no_dockerfile,False,0,0,0,,,0,0,0,0,0,False,,False,,False,,False,,False,,False,,no Dockerfile and no fallback entry point found
https://github.com/UnknownGenie/CustomDeepXi,ok,False,4,0,1,main.py,fallback_root,10,70,2,0,0,True,deepxi/model.py:438 np.load [matched np.load],False,,True,deepxi/model.py:67 tf.keras.layers.Input [matched tf.keras.layers.*],True,deepxi/model.py:211 self.model.fit [matched model.fit],False,,True,deepxi/model.py:270 self.model.predict [matched model.predict],"unverified: missing stages: data_preparation, evaluation"
https://github.com/rhong3/Panoptes,ok,False,2,0,1,Scripts\main.py,fallback_nested,1,0,0,0,0,True,Scripts/main.py:151 pd.read_csv [matched pd.read_csv],True,Scripts/main.py:155 pd.merge [matched pd.merge],False,,False,,False,,False,,"unverified: missing stages: modeling, training, evaluation, inference"
https://github.com/NilaiVemula/neural_net_cell_segmenter,ok,False,1,0,1,neural_net_cell_segmenter\main.py,fallback_nested,1,2,0,0,0,True,neural_net_cell_segmenter/main.py:19 PIL.Image.open [matched Image.open],False,,False,,False,,False,,False,,"unverified: missing stages: data_preparation, modeling, training, evaluation, inference"
https://github.com/zushicat/text-topics,no_dockerfile,False,0,0,0,,,0,0,0,0,0,False,,False,,False,,False,,False,,False,,no Dockerfile and no fallback entry point found
https://github.com/sisinflab/MSAP,ok,False,1,0,1,src\train.py,fallback_nested,1,3,0,0,0,True,src/train.py:102 dataset.dataset.DataLoader [matched DataLoader],False,,False,,False,,False,,False,,"unverified: missing stages: data_preparation, modeling, training, evaluation, inference"
https://github.com/frankkramer-lab/covid19.MIScnn,no_dockerfile,False,0,0,0,,,0,0,0,0,0,False,,False,,False,,False,,False,,False,,no Dockerfile and no fallback entry point found
https://github.com/awesomeahi95/Hotel_Review_NLP,no_dockerfile,False,0,0,0,,,0,0,0,0,0,False,,False,,False,,False,,False,,False,,no Dockerfile and no fallback entry point found
https://github.com/rodgomrod/kaggle_microsoft,no_dockerfile,False,0,0,0,,,0,0,0,0,0,False,,False,,False,,False,,False,,False,,no Dockerfile and no fallback entry point found
https://github.com/lucasbanunes/data-analysis,clone_failed,False,0,0,0,,,0,0,0,0,0,False,,False,,False,,False,,False,,False,,remote: Repository not found.
https://github.com/MarcinJ7/Chmury_Projekt,no_entry,False,0,1,0,,,0,0,0,0,0,False,,False,,False,,False,,False,,False,,Dockerfile(s) found but no Python entry point could be resolved
https://github.com/yangchaohua/Mask_RCNN,no_dockerfile,False,0,0,0,,,0,0,0,0,0,False,,False,,False,,False,,False,,False,,no Dockerfile and no fallback entry point found
https://github.com/UW-Hydro/bmorph,no_dockerfile,False,0,0,0,,,0,0,0,0,0,False,,False,,False,,False,,False,,False,,no Dockerfile and no fallback entry point found
https://github.com/HanaChew/CarND-CapstoneProject,no_entry,False,0,1,0,,,0,0,0,0,0,False,,False,,False,,False,,False,,False,,Dockerfile(s) found but no Python entry point could be resolved
https://github.com/safeh2o/swot-python-analysis,no_entry,False,0,1,0,,,0,0,0,0,0,False,,False,,False,,False,,False,,False,,Dockerfile(s) found but no Python entry point could be resolved
https://github.com/wri/environmental-conflict-tracker,no_entry,False,0,1,0,,,0,0,0,0,0,False,,False,,False,,False,,False,,False,,Dockerfile(s) found but no Python entry point could be resolved
https://github.com/Aman-Godara/Projects,no_dockerfile,False,0,0,0,,,0,0,0,0,0,False,,False,,False,,False,,False,,False,,no Dockerfile and no fallback entry point found
https://github.com/LakshanWeerasinghe/PhylogeneticTreeConstruction,ok,False,0,3,2,manage.py;manage.py,dockerfile,1,1,0,0,0,False,,False,,False,,False,,False,,False,,"unverified: missing stages: data_acquisition, data_preparation, modeling, training, evaluation, inference"
https://github.com/hero9968/TheAlgorithms-python,no_dockerfile,False,0,0,0,,,0,0,0,0,0,False,,False,,False,,False,,False,,False,,no Dockerfile and no fallback entry point found
https://github.com/flavia-sosa/data-science-on-aws-pipelineai,no_entry,False,0,8,0,,,0,0,0,0,0,False,,False,,False,,False,,False,,False,,Dockerfile(s) found but no Python entry point could be resolved
https://github.com/DeligientSloth/bert-tensorflow,no_dockerfile,False,0,0,0,,,0,0,0,0,0,False,,False,,False,,False,,False,,False,,no Dockerfile and no fallback entry point found
https://github.com/CreativAI-UC/Tutoriales,no_dockerfile,False,0,0,0,,,0,0,0,0,0,False,,False,,False,,False,,False,,False,,no Dockerfile and no fallback entry point found
https://github.com/henrytomsf/ReinforcementLearning,no_dockerfile,False,0,0,0,,,0,0,0,0,0,False,,False,,False,,False,,False,,False,,no Dockerfile and no fallback entry point found
https://github.com/garethjns/reinforcement-learning-keras,no_dockerfile,False,0,0,0,,,0,0,0,0,0,False,,False,,False,,False,,False,,False,,no Dockerfile and no fallback entry point found
https://github.com/sagniknitr/DNN-Hub,no_dockerfile,False,0,0,0,,,0,0,0,0,0,False,,False,,False,,False,,False,,False,,no Dockerfile and no fallback entry point found
https://github.com/ArYalavarti/FilterNet,clone_failed,False,0,0,0,,,0,0,0,0,0,False,,False,,False,,False,,False,,False,,remote: Repository not found.
https://github.com/openAGI/datum,no_dockerfile,False,0,0,0,,,0,0,0,0,0,False,,False,,False,,False,,False,,False,,no Dockerfile and no fallback entry point found
https://github.com/VGras/orquestra-nn,no_dockerfile,False,0,0,0,,,0,0,0,0,0,False,,False,,False,,False,,False,,False,,no Dockerfile and no fallback entry point found
https://github.com/neurodatascience/course-materials-2020,no_dockerfile,False,0,0,0,,,0,0,0,0,0,False,,False,,False,,False,,False,,False,,no Dockerfile and no fallback entry point found
https://github.com/ahmadhmirza/AD-VEDD,no_dockerfile,False,0,0,0,,,0,0,0,0,0,False,,False,,False,,False,,False,,False,,no Dockerfile and no fallback entry point found
https://github.com/dhigley6/PAX2,no_dockerfile,False,0,0,0,,,0,0,0,0,0,False,,False,,False,,False,,False,,False,,no Dockerfile and no fallback entry point found
https://github.com/ovilella14/TensorNetworkStuff,no_entry,False,0,1,0,,,0,0,0,0,0,False,,False,,False,,False,,False,,False,,Dockerfile(s) found but no Python entry point could be resolved
https://github.com/hieubkset/retinanet,clone_failed,False,0,0,0,,,0,0,0,0,0,False,,False,,False,,False,,False,,False,,remote: Repository not found.
https://github.com/zhandonbi/Difficult-Server,ok,False,2,0,1,app.py,fallback_root,8,50,2,0,0,True,app.py:242 json.load [matched json.load],False,,False,,False,,False,,True,app.py:18 flask.Flask [matched Flask],"unverified: missing stages: data_preparation, modeling, training, evaluation"
https://github.com/holdenkold/gesture-controlled-multimedia,no_dockerfile,False,0,0,0,,,0,0,0,0,0,False,,False,,False,,False,,False,,False,,no Dockerfile and no fallback entry point found
https://github.com/zaccharieramzi/tfkbnufft,no_dockerfile,False,0,0,0,,,0,0,0,0,0,False,,False,,False,,False,,False,,False,,no Dockerfile and no fallback entry point found
https://github.com/siddtheshah/ganslator,ok,False,3,0,1,main.py,fallback_root,7,43,3,0,0,True,main.py:76 json.load [matched json.load],False,,True,network/combined_model.py:60 tf.keras.layers.Input [matched tf.keras.layers.*],False,,False,,True,eval/inception.py:28 model.predict [matched model.predict],"unverified: missing stages: data_preparation, training, evaluation"
https://github.com/rg16feb/Image-Inpainting-using-GAN-Keras,no_dockerfile,False,0,0,0,,,0,0,0,0,0,False,,False,,False,,False,,False,,False,,no Dockerfile and no fallback entry point found
https://github.com/tanpatk/Tanmay-Pathak,no_dockerfile,False,0,0,0,,,0,0,0,0,0,False,,False,,False,,False,,False,,False,,no Dockerfile and no fallback entry point found
https://github.com/devhkyu/Smart_Coordinator,no_dockerfile,False,0,0,0,,,0,0,0,0,0,False,,False,,False,,False,,False,,False,,no Dockerfile and no fallback entry point found
https://github.com/zexihan/CarND-Capstone,ok,False,1,1,1,train.py,fallback_root,1,1,0,0,0,False,,False,,False,,True,train.py:157 object_detection.trainer.train [matched trainer.train],False,,False,,"unverified: missing stages: data_acquisition, data_preparation, modeling, evaluation, inference"
https://github.com/Albertdemian/rex-gym,no_dockerfile,False,0,0,0,,,0,0,0,0,0,False,,False,,False,,False,,False,,False,,no Dockerfile and no fallback entry point found
https://github.com/undertherain/benchmarker,ok,False,0,1,1,run.py,fallback_root,1,4,0,0,0,False,,False,,False,,False,,False,,False,,"unverified: missing stages: data_acquisition, data_preparation, modeling, training, evaluation, inference"
https://github.com/revhappy/facedetect,no_dockerfile,False,0,0,0,,,0,0,0,0,0,False,,False,,False,,False,,False,,False,,no Dockerfile and no fallback entry point found
https://github.com/RiTUAL-UH/Font_LDL_2020,no_dockerfile,False,0,0,0,,,0,0,0,0,0,False,,False,,False,,False,,False,,False,,no Dockerfile and no fallback entry point found
https://github.com/CoDev-20/Covid19Chatbot,ok,False,0,0,1,main.py,fallback_root,1,1,0,0,0,False,,False,,False,,False,,False,,False,,"unverified: missing stages: data_acquisition, data_preparation, modeling, training, evaluation, inference"
https://github.com/Ghost100453/pybullet-kuka-ddpg,no_dockerfile,False,0,0,0,,,0,0,0,0,0,False,,False,,False,,False,,False,,False,,no Dockerfile and no fallback entry point found
https://github.com/dluo96/datatonic-challenge,ok,False,1,0,1,run.py,fallback_root,1,1,0,0,0,True,run.py:14 json.load [matched json.load],False,,False,,False,,False,,False,,"unverified: missing stages: data_preparation, modeling, training, evaluation, inference"
https://github.com/rlavelle/optical-character-recognition,no_dockerfile,False,0,0,0,,,0,0,0,0,0,False,,False,,False,,False,,False,,False,,no Dockerfile and no fallback entry point found
https://github.com/lzcaisg/reinforcement_trader,clone_failed,False,0,0,0,,,0,0,0,0,0,False,,False,,False,,False,,False,,False,,remote: Repository not found.
https://github.com/apockill/CreepyCrawlAI,clone_failed,False,0,0,0,,,0,0,0,0,0,False,,False,,False,,False,,False,,False,,Error downloading object: assets/background.png (47dbb10): Smudge error: Error downloading assets/background.png (47dbb100a1bfe25b6c56e47c02ea8bf5fc227afac92eb03c680f6e4e6328a455): batch response: Resource not accessible by personal access token
https://github.com/diddlyPop/connect4,no_dockerfile,False,0,0,0,,,0,0,0,0,0,False,,False,,False,,False,,False,,False,,no Dockerfile and no fallback entry point found
https://github.com/JonasFreibur/ledebruiteur,no_entry,False,0,1,0,,,0,0,0,0,0,False,,False,,False,,False,,False,,False,,Dockerfile(s) found but no Python entry point could be resolved
https://github.com/aangfanboy/deepface,no_dockerfile,False,0,0,0,,,0,0,0,0,0,False,,False,,False,,False,,False,,False,,no Dockerfile and no fallback entry point found
https://github.com/bio-ontology-research-group/machine-learning-with-ontologies,no_dockerfile,False,0,0,0,,,0,0,0,0,0,False,,False,,False,,False,,False,,False,,no Dockerfile and no fallback entry point found
https://github.com/samip-thakkar/fraud-detection,ok,True,6,0,1,main.py,fallback_root,7,39,1,0,0,True,extract_graph_features.py:30 pd.read_csv [matched pd.read_csv],True,preprocessing.py:61 pd.get_dummies [matched pd.get_dummies],True,classifiers.py:19 keras.layers.Dense [matched layers.Dense],True,classifiers.py:24 model.fit [matched model.fit],True,modelEvaluation.py:27 sklearn.metrics.accuracy_score [matched accuracy_score],True,main.py:48 model.predict [matched model.predict],verified: all 6 stages present
https://github.com/Diego07101985/bezerra-works,no_dockerfile,False,0,0,0,,,0,0,0,0,0,False,,False,,False,,False,,False,,False,,no Dockerfile and no fallback entry point found
https://github.com/abhay-byte/MedApp-V2.1,clone_failed,False,0,0,0,,,0,0,0,0,0,False,,False,,False,,False,,False,,False,,Error downloading object: Data/model/translate.ckpt-11211.data-00000-of-00001 (6691046): Smudge error: Error downloading Data/model/translate.ckpt-11211.data-00000-of-00001 (6691046c6f4af3673eda3fc49cb819a513a27dcedcfcd33a6d4854c26a8f5d25): batch response: Resource not accessible by personal access 
https://github.com/SJSUSpring2020-CMPE272/Sound-Profound,ok,False,2,2,1,app.py,dockerfile,3,7,2,0,0,True,model_test.py:32 scipy.io.wavfile.read [matched scipy.io.wavfile.read],False,,False,,False,,False,,True,app.py:15 flask.Flask [matched Flask],"unverified: missing stages: data_preparation, modeling, training, evaluation"
https://github.com/e-ReColNat/blur,no_dockerfile,False,0,0,0,,,0,0,0,0,0,False,,False,,False,,False,,False,,False,,no Dockerfile and no fallback entry point found
https://github.com/SteelColossus/sppc-tool,no_dockerfile,False,0,0,0,,,0,0,0,0,0,False,,False,,False,,False,,False,,False,,no Dockerfile and no fallback entry point found
https://github.com/jimenaRL/ultra-sonic-vocalizations,no_entry,False,0,1,0,,,0,0,0,0,0,False,,False,,False,,False,,False,,False,,Dockerfile(s) found but no Python entry point could be resolved
https://github.com/hunglc007/tensorflow-yolov4-tflite,ok,False,4,0,1,train.py,fallback_root,7,48,2,0,0,True,core/dataset.py:259 cv2.imread [matched cv2.imread],False,,True,train.py:34 tf.keras.layers.Input [matched tf.keras.layers.*],True,train.py:82 tf.GradientTape [matched tf.GradientTape],True,train.py:120 def test_step [matched <lightning hook test_step>],False,,"unverified: missing stages: data_preparation, inference"
https://github.com/OmarTaherSaad/gesture-control-system,no_dockerfile,False,0,0,0,,,0,0,0,0,0,False,,False,,False,,False,,False,,False,,no Dockerfile and no fallback entry point found
https://github.com/Woadej/object_detection_demoFILESIZE,no_dockerfile,False,0,0,0,,,0,0,0,0,0,False,,False,,False,,False,,False,,False,,no Dockerfile and no fallback entry point found
https://github.com/Woadej/object_detection_demoSELF,no_dockerfile,False,0,0,0,,,0,0,0,0,0,False,,False,,False,,False,,False,,False,,no Dockerfile and no fallback entry point found
https://github.com/DUNBUJODA/Computational_Image_Aesthetic,no_dockerfile,False,0,0,0,,,0,0,0,0,0,False,,False,,False,,False,,False,,False,,no Dockerfile and no fallback entry point found
https://github.com/selab-hcmus/AI_City_2020,no_entry,False,0,1,0,,,0,0,0,0,0,False,,False,,False,,False,,False,,False,,Dockerfile(s) found but no Python entry point could be resolved
https://github.com/ProjetECM-S8/Face-detection,no_dockerfile,False,0,0,0,,,0,0,0,0,0,False,,False,,False,,False,,False,,False,,no Dockerfile and no fallback entry point found
https://github.com/kbasdeo000/SignText,no_dockerfile,False,0,0,0,,,0,0,0,0,0,False,,False,,False,,False,,False,,False,,no Dockerfile and no fallback entry point found
https://github.com/pranath-reddy/PhysioNet-BPHC,clone_failed,False,0,0,0,,,0,0,0,0,0,False,,False,,False,,False,,False,,False,,Error downloading object: FE_Model.h5 (5805b5d): Smudge error: Error downloading FE_Model.h5 (5805b5d6ef0c7b27d12cfa025f282e15b81560d1efcd2e157340e52d61d09f92): batch response: Resource not accessible by personal access token
https://github.com/DL-2020-Shakespeare/DL-2020-Shakespeare,no_dockerfile,False,0,0,0,,,0,0,0,0,0,False,,False,,False,,False,,False,,False,,no Dockerfile and no fallback entry point found
https://github.com/jeffzhangslu/Machine-learning-final-project,ok,False,4,0,1,train.py,fallback_root,5,30,2,0,0,True,yolov3_tf2/utils.py:27 np.fromfile [matched np.fromfile],False,,True,yolov3_tf2/models.py:45 tf.keras.layers.ZeroPadding2D [matched tf.keras.layers.*],True,train.py:134 tf.GradientTape [matched tf.GradientTape],True,train.py:129 tf.keras.metrics.Mean [matched tf.keras.metrics.*],False,,"unverified: missing stages: data_preparation, inference"
https://github.com/jstray/deepform,ok,False,5,1,1,train.py,fallback_root,1,17,0,0,0,True,train.py:53 csv.DictReader [matched csv.DictReader],False,,True,train.py:185 keras.layers.Lambda [matched keras.layers.*],True,train.py:28 wandb.init [matched wandb.init],True,train.py:268 wandb.log [matched wandb.log],True,train.py:214 model.predict [matched model.predict],unverified: missing stages: data_preparation
https://github.com/nikhitha-r/LenslessMicroscopyProject,no_dockerfile,False,0,0,0,,,0,0,0,0,0,False,,False,,False,,False,,False,,False,,no Dockerfile and no fallback entry point found
https://github.com/saturn-lab/audioNet,ok,False,2,0,1,train.py,fallback_root,7,22,3,0,0,False,,False,,True,model.py:32 keras.layers.Input [matched keras.layers.*],True,train.py:22 model.fit_generator [matched model.fit_generator],False,,False,,"unverified: missing stages: data_acquisition, data_preparation, evaluation, inference"
https://github.com/refraction-ray/tensorcircuit,no_dockerfile,False,0,0,0,,,0,0,0,0,0,False,,False,,False,,False,,False,,False,,no Dockerfile and no fallback entry point found
https://github.com/krantirk/BERT-Pretrained-model,no_dockerfile,False,0,0,0,,,0,0,0,0,0,False,,False,,False,,False,,False,,False,,no Dockerfile and no fallback entry point found
https://github.com/reinforcement-learning-explorations/stanford-rl,no_dockerfile,False,0,0,0,,,0,0,0,0,0,False,,False,,False,,False,,False,,False,,no Dockerfile and no fallback entry point found
https://github.com/SpencerOfwiti/machine-learning-algorithms,no_dockerfile,False,0,0,0,,,0,0,0,0,0,False,,False,,False,,False,,False,,False,,no Dockerfile and no fallback entry point found
https://github.com/fattyJake/enid,clone_failed,False,0,0,0,,,0,0,0,0,0,False,,False,,False,,False,,False,,False,,remote: Repository not found.
https://github.com/Digiledge/ai-chatbot-framework,ok,False,4,2,1,run.py,fallback_root,17,75,3,0,0,True,app/endpoint/utils.py:40 requests.get [matched requests.get],True,app/nlu/classifiers/starspace_intent_classifier.py:113 spacy.load [matched spacy.load],False,,True,app/nlu/entity_extractor.py:126 trainer.train [matched trainer.train],False,,True,app/__init__.py:8 flask.Flask [matched Flask],"unverified: missing stages: modeling, evaluation"
https://github.com/bubblecrisis/tf-gamesbiz,ok,False,2,0,1,gamesbiz\train.py,fallback_nested,3,21,2,0,0,True,gamesbiz/train.py:33 pd.read_csv [matched pd.read_csv],True,gamesbiz/train.py:46 sklearn.preprocessing.MinMaxScaler [matched MinMaxScaler],False,,False,,False,,False,,"unverified: missing stages: modeling, training, evaluation, inference"
https://github.com/AlixYAN/Projet_S9,no_dockerfile,False,0,0,0,,,0,0,0,0,0,False,,False,,False,,False,,False,,False,,no Dockerfile and no fallback entry point found
https://github.com/leonardouniromasalvucci/Deceiving-Autonomous-Cars-with-Toxic-Signs,ok,False,4,0,1,train.py,fallback_root,4,26,2,0,0,True,train.py:46 pd.read_csv [matched pd.read_csv],False,,True,call_model.py:27 keras.layers.Input [matched keras.layers.*],True,train.py:61 model.fit_generator [matched model.fit_generator],False,,True,call_model.py:73 model.predict [matched model.predict],"unverified: missing stages: data_preparation, evaluation"
https://github.com/jinensetpal/ml-fundamentals,no_dockerfile,False,0,0,0,,,0,0,0,0,0,False,,False,,False,,False,,False,,False,,no Dockerfile and no fallback entry point found
https://github.com/DIR-LAB/deep-batch-scheduler,no_dockerfile,False,0,0,0,,,0,0,0,0,0,False,,False,,False,,False,,False,,False,,no Dockerfile and no fallback entry point found
https://github.com/jems2019/ReinforcementBasedTradingPlatform,no_entry,False,0,1,0,,,0,0,0,0,0,False,,False,,False,,False,,False,,False,,Dockerfile(s) found but no Python entry point could be resolved
https://github.com/BrandonSmithJ/MDN,ok,False,5,0,1,__main__.py,fallback_root,31,221,5,0,3,True,product_estimation.py:231 np.loadtxt [matched np.loadtxt],True,utils.py:728 pd.to_numeric [matched pd.to_numeric],True,model/MDN.py:310 tf.keras.layers.Dense [matched tf.keras.layers.*],True,product_estimation.py:97 model.fit [matched model.fit],False,,True,product_estimation.py:107 model.predict [matched model.predict],unverified: missing stages: evaluation
https://github.com/FilmColors/VIAN,clone_failed,False,0,0,0,,,0,0,0,0,0,False,,False,,False,,False,,False,,False,,Error downloading object: bin/win64/axvlc.dll (6711f40): Smudge error: Error downloading bin/win64/axvlc.dll (6711f40f647ce531b9747516674ce86ca1e3749295dd6ed0c8e7c84c145f1275): batch response: Resource not accessible by personal access token
https://github.com/SpaceCowboy113/hf-trader,no_dockerfile,False,0,0,0,,,0,0,0,0,0,False,,False,,False,,False,,False,,False,,no Dockerfile and no fallback entry point found
https://github.com/RainerHeintzmann/StateModeling,no_dockerfile,False,0,0,0,,,0,0,0,0,0,False,,False,,False,,False,,False,,False,,no Dockerfile and no fallback entry point found
https://github.com/jakeret/unet,no_dockerfile,False,0,0,0,,,0,0,0,0,0,False,,False,,False,,False,,False,,False,,no Dockerfile and no fallback entry point found
https://github.com/tryolabs/luminoth,ok,False,2,0,1,luminoth\train.py,fallback_nested,77,350,9,0,0,True,luminoth/utils/config.py:38 yaml.load [matched yaml.load],False,,False,,False,,False,,True,luminoth/tools/server/web.py:14 flask.Flask [matched Flask],"unverified: missing stages: data_preparation, modeling, training, evaluation"
https://github.com/IternaAdolfo/androiddualobjectives,ok,False,0,1,1,tensorflow_examples\lite\model_maker\cli\cli.py,fallback_console_script,4,6,1,0,0,False,,False,,False,,False,,False,,False,,"unverified: missing stages: data_acquisition, data_preparation, modeling, training, evaluation, inference"
https://github.com/nauyan/Segmentation,ok,False,4,0,1,train.py,fallback_root,8,37,2,0,0,True,train.py:29 json.load [matched json.load],False,,True,train.py:116 keras.layers.Input [matched keras.layers.*],True,train.py:179 model.fit [matched model.fit],True,train.py:182 model.evaluate [matched model.evaluate],False,,"unverified: missing stages: data_preparation, inference"
https://github.com/mhrah7495/560879,ok,False,2,0,1,keras_retinanet\bin\train.py,fallback_console_script,33,262,4,0,0,True,keras_retinanet/preprocessing/csv_generator.py:145 csv.reader [matched csv.reader],False,,True,keras_retinanet/models/retinanet.py:51 keras.layers.Input [matched keras.layers.*],False,,False,,False,,"unverified: missing stages: data_preparation, training, evaluation, inference"
https://github.com/RakeshKumar045/Artificial_Inelligence_Complete_2,no_entry,False,0,1,0,,,0,0,0,0,0,False,,False,,False,,False,,False,,False,,Dockerfile(s) found but no Python entry point could be resolved
https://github.com/whiteclaw-studios/TrainYourOwnYOLO,no_dockerfile,False,0,0,0,,,0,0,0,0,0,False,,False,,False,,False,,False,,False,,no Dockerfile and no fallback entry point found
https://github.com/bonheml/SESAM,no_dockerfile,False,0,0,0,,,0,0,0,0,0,False,,False,,False,,False,,False,,False,,no Dockerfile and no fallback entry point found
https://github.com/tonio73/dnnviewer,ok,False,2,0,1,dnnviewer\main.py,fallback_nested,30,159,4,0,0,False,,False,,True,dnnviewer/bridge/KerasModelSequence.py:130 tf.keras.models.Model [matched Model],True,dnnviewer/bridge/KerasNetworkExtractor.py:251 tf.GradientTape [matched tf.GradientTape],False,,False,,"unverified: missing stages: data_acquisition, data_preparation, evaluation, inference"
https://github.com/sabiinsearch/learnings,no_dockerfile,False,0,0,0,,,0,0,0,0,0,False,,False,,False,,False,,False,,False,,no Dockerfile and no fallback entry point found
https://github.com/waltYeh/onnx2keras,clone_failed,False,0,0,0,,,0,0,0,0,0,False,,False,,False,,False,,False,,False,,remote: Repository not found.
https://github.com/UCLA-VAST/FlexCNN,ok,False,0,2,1,tf_DSA\run.py,fallback_nested,1,4,0,0,0,False,,False,,False,,False,,False,,False,,"unverified: missing stages: data_acquisition, data_preparation, modeling, training, evaluation, inference"
https://github.com/vjmechwiz/CarND-Capstone,no_entry,False,0,1,0,,,0,0,0,0,0,False,,False,,False,,False,,False,,False,,Dockerfile(s) found but no Python entry point could be resolved
https://github.com/nikhilarunw/tensorpack,no_entry,False,0,2,0,,,0,0,0,0,0,False,,False,,False,,False,,False,,False,,Dockerfile(s) found but no Python entry point could be resolved
https://github.com/BloomTech-Labs/MyDish-DS,no_dockerfile,False,0,0,0,,,0,0,0,0,0,False,,False,,False,,False,,False,,False,,no Dockerfile and no fallback entry point found
https://github.com/mazeru-bar/load-predict-mzr,clone_failed,False,0,0,0,,,0,0,0,0,0,False,,False,,False,,False,,False,,False,,remote: Repository not found.
https://github.com/Stanford-STAGES/stanford-stages,no_dockerfile,False,0,0,0,,,0,0,0,0,0,False,,False,,False,,False,,False,,False,,no Dockerfile and no fallback entry point found
https://github.com/xiongmenmen123/Git,ok,False,1,2,1,scripts\train.py,fallback_nested,11,218,5,0,1,True,lib/image.py:269 cv2.imread [matched cv2.imread],False,,False,,False,,False,,False,,"unverified: missing stages: data_preparation, modeling, training, evaluation, inference"
https://github.com/rnoyelle/face_classifier,ok,False,1,1,1,src\web\faces.py,dockerfile,1,4,0,0,0,False,,False,,False,,False,,False,,True,src/web/faces.py:6 flask.Flask [matched Flask],"unverified: missing stages: data_acquisition, data_preparation, modeling, training, evaluation"
https://github.com/Mmpc1994/form-cooker,no_dockerfile,False,0,0,0,,,0,0,0,0,0,False,,False,,False,,False,,False,,False,,no Dockerfile and no fallback entry point found
https://github.com/TVSjoberg/gan-thesis,no_dockerfile,False,0,0,0,,,0,0,0,0,0,False,,False,,False,,False,,False,,False,,no Dockerfile and no fallback entry point found
https://github.com/corbosiny/StreetFighterAI,no_dockerfile,False,0,0,0,,,0,0,0,0,0,False,,False,,False,,False,,False,,False,,no Dockerfile and no fallback entry point found
https://github.com/mallikhrao/object_detection_demo,no_dockerfile,False,0,0,0,,,0,0,0,0,0,False,,False,,False,,False,,False,,False,,no Dockerfile and no fallback entry point found
https://github.com/fivosts/pinkySpeaker,clone_failed,False,0,0,0,,,0,0,0,0,0,False,,False,,False,,False,,False,,False,,error: invalid path 'dataset/pink_floyd/In_The_Flesh?.txt'
https://github.com/afsaredrisy/android_tflite_segmentation,ok,False,0,1,1,tensorflow_examples\lite\model_maker\cli\cli.py,fallback_console_script,4,6,1,0,0,False,,False,,False,,False,,False,,False,,"unverified: missing stages: data_acquisition, data_preparation, modeling, training, evaluation, inference"
https://github.com/DiscoverAI/walter-white,ok,False,3,1,1,walter_white\train.py,dockerfile,2,7,1,0,0,True,walter_white/train.py:125 walter_white.datasets.load_dataset [matched datasets.load_dataset],False,,False,,True,walter_white/train.py:108 mlflow.start_run [matched mlflow.start_run],True,walter_white/train.py:76 mlflow.log_metric [matched mlflow.log_metric],False,,"unverified: missing stages: data_preparation, modeling, inference"
https://github.com/alexjeman/dqn,no_dockerfile,False,0,0,0,,,0,0,0,0,0,False,,False,,False,,False,,False,,False,,no Dockerfile and no fallback entry point found
https://github.com/kuroko1t/nne,no_dockerfile,False,0,0,0,,,0,0,0,0,0,False,,False,,False,,False,,False,,False,,no Dockerfile and no fallback entry point found
https://github.com/akelleh/website,no_entry,False,0,17,0,,,0,0,0,0,0,False,,False,,False,,False,,False,,False,,Dockerfile(s) found but no Python entry point could be resolved
https://github.com/KIC/pandas-ml-quant,clone_failed,False,0,0,0,,,0,0,0,0,0,False,,False,,False,,False,,False,,False,,error: invalid path '.papers/Sensor Classification Using Convolutional Neural
https://github.com/caochanhduong/CSEAssistantServer,clone_failed,False,0,0,0,,,0,0,0,0,0,False,,False,,False,,False,,False,,False,,Error downloading object: agent_weights/model_limited_slots_1000_limit_agent_non_empty_rule_2_layer_limit_inform_1_tar.h5 (d70ee4d): Smudge error: Error downloading agent_weights/model_limited_slots_1000_limit_agent_non_empty_rule_2_layer_limit_inform_1_tar.h5 (d70ee4db49a3a942adb6070945c60a2e18ee7e
https://github.com/yagyapandeya/Transfer-Learning-TF-VGGish,no_dockerfile,False,0,0,0,,,0,0,0,0,0,False,,False,,False,,False,,False,,False,,no Dockerfile and no fallback entry point found
https://github.com/MartinThoma/nntoolkit,ok,False,3,0,1,nntoolkit\train.py,fallback_nested,3,21,2,0,0,True,nntoolkit/utils.py:54 csv.reader [matched csv.reader],False,,True,nntoolkit/train.py:166 keras.layers.Input [matched keras.layers.*],True,nntoolkit/train.py:103 model.fit [matched model.fit],False,,False,,"unverified: missing stages: data_preparation, evaluation, inference"
https://github.com/icecube/TFScripts,no_dockerfile,False,0,0,0,,,0,0,0,0,0,False,,False,,False,,False,,False,,False,,no Dockerfile and no fallback entry point found
https://github.com/nishanthrs/WallStreetBetTendies,no_entry,False,0,1,0,,,0,0,0,0,0,False,,False,,False,,False,,False,,False,,Dockerfile(s) found but no Python entry point could be resolved
https://github.com/SamuelLabrador/has_backend,no_entry,False,0,2,0,,,0,0,0,0,0,False,,False,,False,,False,,False,,False,,Dockerfile(s) found but no Python entry point could be resolved
https://github.com/Mind-the-Pineapple/Autoregressive-models,no_dockerfile,False,0,0,0,,,0,0,0,0,0,False,,False,,False,,False,,False,,False,,no Dockerfile and no fallback entry point found
https://github.com/gitMantas/instrumentdetection,no_entry,False,0,1,0,,,0,0,0,0,0,False,,False,,False,,False,,False,,False,,Dockerfile(s) found but no Python entry point could be resolved
https://github.com/aditipurandare/circuitRouting,no_dockerfile,False,0,0,0,,,0,0,0,0,0,False,,False,,False,,False,,False,,False,,no Dockerfile and no fallback entry point found
https://github.com/hendrikunger/factorySim,ok,False,5,0,1,train.py,fallback_root,10,79,2,0,0,True,train.py:95 yaml.load [matched yaml.load],False,,True,experimental/intrinsic_curiosity_model_rlm.py:54 nn.Linear [matched nn.Linear],True,train.py:511 ray.tune.Tuner [matched tune.Tuner],True,env/factorySim/factorySimEnv.py:398 wandb.log [matched wandb.log],True,experimental/intrinsic_curiosity_learners.py:173 torch.no_grad [matched torch.no_grad],unverified: missing stages: data_preparation
https://github.com/schrammlb2/spinningup-clone,ok,False,3,0,1,spinup\run.py,fallback_nested,22,178,3,0,0,False,,False,,True,spinup/algos/pytorch/ddpg/core.py:0 class MLPActor [matched <class subclasses model base>],False,,True,spinup/utils/logx.py:188 self.log [matched self.log],True,spinup/algos/pytorch/ddpg/ddpg.py:168 torch.no_grad [matched torch.no_grad],"unverified: missing stages: data_acquisition, data_preparation, training"
https://github.com/AIWintermuteAI/aXeleRate,ok,True,6,0,1,axelerate\train.py,fallback_nested,32,250,6,0,0,True,axelerate/networks/common_utils/convert.py:40 tarfile.open [matched tarfile.open],True,axelerate/networks/common_utils/augment.py:136 imgaug.augmenters.Sometimes [matched imgaug.augmenters.*],True,axelerate/networks/classifier/frontend_classifier.py:22 tf.keras.layers.GlobalAveragePooling2D [matched tf.keras.layers.*],True,axelerate/networks/common_utils/fit.py:121 model.fit [matched model.fit],True,axelerate/networks/classifier/frontend_classifier.py:89 sklearn.metrics.classification_report [matched classification_report],True,axelerate/networks/segnet/predict.py:120 model.predict [matched model.predict],verified: all 6 stages present
https://github.com/WengLab-InformaticsResearch/MCR-learning-toolkits,ok,False,4,0,1,main.py,fallback_root,10,38,2,1,0,True,utils/data_preprocessing.py:17 pd.read_csv [matched pd.read_csv],True,utils/dictionary.py:15 keras.preprocessing.text.Tokenizer [matched Tokenizer],True,src/models.py:64 keras.layers.Input [matched keras.layers.*],True,main.py:47 trainer.train [matched trainer.train],False,,False,,"unverified: missing stages: evaluation, inference"
https://github.com/carl-christian-kahl/quantitative-analytics,no_dockerfile,False,0,0,0,,,0,0,0,0,0,False,,False,,False,,False,,False,,False,,no Dockerfile and no fallback entry point found
https://github.com/charleswilmot/asynchronous_aec,ok,False,1,0,1,src\train.py,fallback_nested,1,2,0,0,0,True,src/train.py:18 PIL.Image.open [matched Image.open],False,,False,,False,,False,,False,,"unverified: missing stages: data_preparation, modeling, training, evaluation, inference"
https://github.com/alexander7161/FaceGen,ok,False,1,0,1,classifier\train.py,fallback_nested,1,0,0,0,0,False,,False,,False,,True,classifier/train.py:50 model.fit [matched model.fit],False,,False,,"unverified: missing stages: data_acquisition, data_preparation, modeling, evaluation, inference"
https://github.com/rohban-lab/Salehi_submitted_2020,ok,False,3,0,1,train.py,fallback_root,1,6,0,0,0,True,train.py:110 np.load [matched np.load],False,,True,train.py:23 keras.layers.Lambda [matched keras.layers.*],True,train.py:143 model.fit [matched model.fit],False,,False,,"unverified: missing stages: data_preparation, evaluation, inference"
https://github.com/hexenisalive/midi-ann-synthwerk,clone_failed,False,0,0,0,,,0,0,0,0,0,False,,False,,False,,False,,False,,False,,remote: Repository not found.
https://github.com/Danmou/MerCur-Re,ok,False,4,0,1,run.py,fallback_root,71,554,11,0,0,True,project/model.py:323 pickle.load [matched pickle.load],False,,True,project/model.py:0 class Model [matched <class subclasses model base>],True,project/execution/run_baseline.py:47 trainer.train [matched trainer.train],True,project/util/tf/callbacks.py:71 wandb.log [matched wandb.log],False,,"unverified: missing stages: data_preparation, inference"
https://github.com/chutipon29301/senior-project,ok,False,0,5,1,script\main.py,fallback_nested,1,4,0,0,0,False,,False,,False,,False,,False,,False,,"unverified: missing stages: data_acquisition, data_preparation, modeling, training, evaluation, inference"
https://github.com/foxzhuang/tensorflow,ok,False,0,1,1,tensorflow_examples\lite\model_maker\cli\cli.py,fallback_console_script,4,6,1,0,0,False,,False,,False,,False,,False,,False,,"unverified: missing stages: data_acquisition, data_preparation, modeling, training, evaluation, inference"
https://github.com/komal-SkyNET/ai-neural-networks,no_dockerfile,False,0,0,0,,,0,0,0,0,0,False,,False,,False,,False,,False,,False,,no Dockerfile and no fallback entry point found
https://github.com/MathieuHP/Fash-,ok,False,3,1,1,main.py,dockerfile,10,55,2,0,0,True,main.py:106 np.load [matched np.load],False,,False,,False,,True,ressources/model_collab_recommender.py:83 surprise.model_selection.cross_validate [matched cross_validate],True,main.py:33 flask.Flask [matched Flask],"unverified: missing stages: data_preparation, modeling, training"
https://github.com/gher-ulg/DINCAE,no_dockerfile,False,0,0,0,,,0,0,0,0,0,False,,False,,False,,False,,False,,False,,no Dockerfile and no fallback entry point found
https://github.com/lkmklsmn/bbtnn,no_dockerfile,False,0,0,0,,,0,0,0,0,0,False,,False,,False,,False,,False,,False,,no Dockerfile and no fallback entry point found
https://github.com/Tessellate-Imaging/monk_v1,no_dockerfile,False,0,0,0,,,0,0,0,0,0,False,,False,,False,,False,,False,,False,,no Dockerfile and no fallback entry point found
https://github.com/luca-ant/rubbish_detection,no_dockerfile,False,0,0,0,,,0,0,0,0,0,False,,False,,False,,False,,False,,False,,no Dockerfile and no fallback entry point found
https://github.com/abhijitSingh86/mowgli,clone_failed,False,0,0,0,,,0,0,0,0,0,False,,False,,False,,False,,False,,False,,Error downloading object: data/model/model.h5 (1cf1776): Smudge error: Error downloading data/model/model.h5 (1cf17762036e9292bf0c4778af60e666f5874d91815e9699a0f96c09876e98f4): batch response: Resource not accessible by personal access token
https://github.com/taran-gill/the-creation-station,no_entry,False,0,2,0,,,0,0,0,0,0,False,,False,,False,,False,,False,,False,,Dockerfile(s) found but no Python entry point could be resolved
https://github.com/Fictizia/Master-en-Big-Data-y-Machine-Learning_ed1,no_entry,False,0,20,0,,,0,0,0,0,0,False,,False,,False,,False,,False,,False,,Dockerfile(s) found but no Python entry point could be resolved
https://github.com/geiszla/vision-compare,no_dockerfile,False,0,0,0,,,0,0,0,0,0,False,,False,,False,,False,,False,,False,,no Dockerfile and no fallback entry point found
https://github.com/Soso925/kaggle_bengaliai_cv19,ok,False,3,0,1,main.py,fallback_root,5,14,1,0,0,True,utils.py:11 pd.read_csv [matched pd.read_csv],True,preprocessing/preprocessing.py:21 pd.get_dummies [matched pd.get_dummies],True,models/model.py:34 tf.keras.layers.Flatten [matched tf.keras.layers.*],False,,False,,False,,"unverified: missing stages: training, evaluation, inference"
https://github.com/romeolandry/keras-yolo3_custom,ok,False,3,0,1,run.py,fallback_root,17,60,2,0,0,True,modules/convert.py:37 requests.get [matched requests.get],False,,True,modules/convert.py:116 keras.layers.Input [matched keras.layers.*],True,train.py:70 model.fit_generator [matched model.fit_generator],False,,False,,"unverified: missing stages: data_preparation, evaluation, inference"
https://github.com/jayeshpatil130/CSYE7245_BDIA,no_entry,False,0,3,0,,,0,0,0,0,0,False,,False,,False,,False,,False,,False,,Dockerfile(s) found but no Python entry point could be resolved
https://github.com/haraldott/anomaly_detection_main,no_dockerfile,False,0,0,0,,,0,0,0,0,0,False,,False,,False,,False,,False,,False,,no Dockerfile and no fallback entry point found
https://github.com/gasteigerjo/dimenet,no_dockerfile,False,0,0,0,,,0,0,0,0,0,False,,False,,False,,False,,False,,False,,no Dockerfile and no fallback entry point found
https://github.com/NoxMoon/RL,no_dockerfile,False,0,0,0,,,0,0,0,0,0,False,,False,,False,,False,,False,,False,,no Dockerfile and no fallback entry point found
https://github.com/sungsulim/DeepAnticipatoryNetworks,ok,False,1,0,1,main.py,fallback_root,10,77,2,0,0,True,main.py:33 json.load [matched json.load],False,,False,,False,,False,,False,,"unverified: missing stages: data_preparation, modeling, training, evaluation, inference"
https://github.com/techexpert1611/Handwritten-Text-Recognition,ok,False,2,0,1,src\main.py,fallback_nested,1,4,0,0,0,True,src/main.py:93 cv2.imread [matched cv2.imread],False,,True,src/main.py:131 Model.Model [matched Model],False,,False,,False,,"unverified: missing stages: data_preparation, training, evaluation, inference"
https://github.com/Tpessia/algo-monitor,clone_failed,False,0,0,0,,,0,0,0,0,0,False,,False,,False,,False,,False,,False,,remote: Repository not found.
https://github.com/aiporre/multidataloader,no_dockerfile,False,0,0,0,,,0,0,0,0,0,False,,False,,False,,False,,False,,False,,no Dockerfile and no fallback entry point found
https://github.com/xinshoulzc/ticket_reg,no_dockerfile,False,0,0,0,,,0,0,0,0,0,False,,False,,False,,False,,False,,False,,no Dockerfile and no fallback entry point found
https://github.com/sgholap/CarND-Capstone,no_entry,False,0,1,0,,,0,0,0,0,0,False,,False,,False,,False,,False,,False,,Dockerfile(s) found but no Python entry point could be resolved
https://github.com/justinbodnar/stocktuna,no_dockerfile,False,0,0,0,,,0,0,0,0,0,False,,False,,False,,False,,False,,False,,no Dockerfile and no fallback entry point found
https://github.com/Krisimeng/v,ok,False,2,0,1,main.py,fallback_root,9,49,4,0,0,True,decensor.py:139 PIL.Image.open [matched Image.open],False,,False,,False,,False,,True,decensor.py:302 self.model.predict [matched model.predict],"unverified: missing stages: data_preparation, modeling, training, evaluation"
https://github.com/PacktWorkshops/The-Applied-Artificial-Intelligence-Workshop,no_dockerfile,False,0,0,0,,,0,0,0,0,0,False,,False,,False,,False,,False,,False,,no Dockerfile and no fallback entry point found
https://github.com/Winstars-Technology-LLC/banner-detector,ok,False,2,1,1,app.py,dockerfile,9,34,3,0,0,True,app.py:22 yaml.load [matched yaml.load],False,,False,,False,,False,,True,core/config.py:8 flask.Flask [matched Flask],"unverified: missing stages: data_preparation, modeling, training, evaluation"
https://github.com/Githuberrrrrrr/textgenrnn,no_dockerfile,False,0,0,0,,,0,0,0,0,0,False,,False,,False,,False,,False,,False,,no Dockerfile and no fallback entry point found
https://github.com/dswanderley/detntorch,no_dockerfile,False,0,0,0,,,0,0,0,0,0,False,,False,,False,,False,,False,,False,,no Dockerfile and no fallback entry point found
https://github.com/theodormarcu/brain2brain,ok,False,1,0,1,brain2brain\__main__.py,fallback_nested,2,1,1,0,0,True,brain2brain/__main__.py:29 json.load [matched json.load],False,,False,,False,,False,,False,,"unverified: missing stages: data_preparation, modeling, training, evaluation, inference"
https://github.com/labteral/ernie,no_entry,False,0,1,0,,,0,0,0,0,0,False,,False,,False,,False,,False,,False,,Dockerfile(s) found but no Python entry point could be resolved
https://github.com/tinahuang222/NucleiSegmentation,ok,False,1,0,1,train.py,fallback_root,2,0,1,0,0,True,train.py:30 pd.read_csv [matched pd.read_csv],False,,False,,False,,False,,False,,"unverified: missing stages: data_preparation, modeling, training, evaluation, inference"
https://github.com/jtlai0921/keras-bert,clone_failed,False,0,0,0,,,0,0,0,0,0,False,,False,,False,,False,,False,,False,,remote: Repository not found.
https://github.com/yxtay/glove-tensorflow,no_entry,False,0,2,0,,,0,0,0,0,0,False,,False,,False,,False,,False,,False,,Dockerfile(s) found but no Python entry point could be resolved
https://github.com/177arc/fpl-advisor,no_dockerfile,False,0,0,0,,,0,0,0,0,0,False,,False,,False,,False,,False,,False,,no Dockerfile and no fallback entry point found
https://github.com/jimmy-io/Insight_project,no_dockerfile,False,0,0,0,,,0,0,0,0,0,False,,False,,False,,False,,False,,False,,no Dockerfile and no fallback entry point found
https://github.com/bgroenks96/normalizing-flows,no_dockerfile,False,0,0,0,,,0,0,0,0,0,False,,False,,False,,False,,False,,False,,no Dockerfile and no fallback entry point found
https://github.com/Sallsamba/xraystuffs,clone_failed,False,0,0,0,,,0,0,0,0,0,False,,False,,False,,False,,False,,False,,remote: Repository not found.
https://github.com/UrosOgrizovic/SimpleGoogleQuickdraw,no_dockerfile,False,0,0,0,,,0,0,0,0,0,False,,False,,False,,False,,False,,False,,no Dockerfile and no fallback entry point found
https://github.com/Education-Resources/py-lab,no_entry,False,0,2,0,,,0,0,0,0,0,False,,False,,False,,False,,False,,False,,Dockerfile(s) found but no Python entry point could be resolved
https://github.com/NaverBunningDay-ShareHouse/MindReader,ok,False,1,1,1,server\main.py,fallback_nested,1,0,0,0,0,False,,False,,False,,False,,False,,True,server/main.py:5 flask.Flask [matched Flask],"unverified: missing stages: data_acquisition, data_preparation, modeling, training, evaluation"
https://github.com/bdonon/GraphNeuralSolver,ok,False,2,0,1,main.py,fallback_root,3,15,2,0,0,True,models/models.py:64 json.load [matched json.load],False,,False,,False,,True,main.py:122 model.evaluate [matched model.evaluate],False,,"unverified: missing stages: data_preparation, modeling, training, inference"
https://github.com/Aditya-Ashtekar/Mask_RCNN,no_dockerfile,False,0,0,0,,,0,0,0,0,0,False,,False,,False,,False,,False,,False,,no Dockerfile and no fallback entry point found
https://github.com/theAIGuysCode/Object-Detection-API,ok,False,3,0,1,app.py,fallback_root,5,31,2,0,0,True,yolov3_tf2/utils.py:29 np.fromfile [matched np.fromfile],False,,True,yolov3_tf2/models.py:48 tf.keras.layers.ZeroPadding2D [matched tf.keras.layers.*],False,,False,,True,app.py:39 flask.Flask [matched Flask],"unverified: missing stages: data_preparation, training, evaluation"
https://github.com/henry-prior/model_toolkit,no_dockerfile,False,0,0,0,,,0,0,0,0,0,False,,False,,False,,False,,False,,False,,no Dockerfile and no fallback entry point found
https://github.com/fabioiuri/DRecPy,no_dockerfile,False,0,0,0,,,0,0,0,0,0,False,,False,,False,,False,,False,,False,,no Dockerfile and no fallback entry point found
https://github.com/OpenNMT/OpenNMT-tf,ok,False,4,0,1,opennmt\bin\ark_to_records.py,fallback_console_script,50,654,11,0,1,True,opennmt/config.py:153 yaml.safe_load [matched yaml.safe_load],False,,True,opennmt/layers/reducer.py:251 tf.keras.layers.Dense [matched tf.keras.layers.*],True,opennmt/models/model.py:249 tf.GradientTape [matched tf.GradientTape],True,opennmt/utils/scorers.py:92 sacrebleu.corpus_bleu [matched sacrebleu.corpus_bleu],False,,"unverified: missing stages: data_preparation, inference"
https://github.com/mohammadr7495/keras-retinanet-3-13d,ok,False,2,0,1,keras_retinanet\bin\train.py,fallback_console_script,31,244,4,0,0,True,keras_retinanet/preprocessing/csv_generator.py:144 csv.reader [matched csv.reader],False,,True,keras_retinanet/models/retinanet.py:51 keras.layers.Input [matched keras.layers.*],False,,False,,False,,"unverified: missing stages: data_preparation, training, evaluation, inference"
https://github.com/whdanj/aws-sagemaker,no_entry,False,0,26,1,,dockerfile,0,0,0,0,0,False,,False,,False,,False,,False,,False,,no resolved entry point yielded a usable call graph
https://github.com/evraz42/SeparatorsCompTech2020,no_dockerfile,False,0,0,0,,,0,0,0,0,0,False,,False,,False,,False,,False,,False,,no Dockerfile and no fallback entry point found
https://github.com/kpalavalasa/handson-ml2,clone_failed,False,0,0,0,,,0,0,0,0,0,False,,False,,False,,False,,False,,False,,remote: Repository not found.
https://github.com/AlexisRalli/VQE-code,no_dockerfile,False,0,0,0,,,0,0,0,0,0,False,,False,,False,,False,,False,,False,,no Dockerfile and no fallback entry point found
https://github.com/abattar/retinanet25_9,ok,False,2,0,1,keras_retinanet\bin\train.py,fallback_console_script,31,244,4,0,0,True,keras_retinanet/preprocessing/csv_generator.py:144 csv.reader [matched csv.reader],False,,True,keras_retinanet/models/retinanet.py:51 keras.layers.Input [matched keras.layers.*],False,,False,,False,,"unverified: missing stages: data_preparation, training, evaluation, inference"
https://github.com/M-Garrigues/PLP,no_entry,False,0,6,0,,,0,0,0,0,0,False,,False,,False,,False,,False,,False,,Dockerfile(s) found but no Python entry point could be resolved
https://github.com/MokkeMeguru/tensorflow_tutorial,no_dockerfile,False,0,0,0,,,0,0,0,0,0,False,,False,,False,,False,,False,,False,,no Dockerfile and no fallback entry point found
https://github.com/Fyy10/ML-DL_Practice,no_dockerfile,False,0,0,0,,,0,0,0,0,0,False,,False,,False,,False,,False,,False,,no Dockerfile and no fallback entry point found
https://github.com/praveenjune17/BERT_text_summarisation,no_dockerfile,False,0,0,0,,,0,0,0,0,0,False,,False,,False,,False,,False,,False,,no Dockerfile and no fallback entry point found
https://github.com/miguelusque/artificial-intelligence-nanodegree,clone_failed,False,0,0,0,,,0,0,0,0,0,False,,False,,False,,False,,False,,False,,error: invalid path '02_isolation-game/docs/Game Tree Searching by Min : Max Approximation by Ron Rivest.pdf'
https://github.com/lkmklsmn/DrivAER,no_dockerfile,False,0,0,0,,,0,0,0,0,0,False,,False,,False,,False,,False,,False,,no Dockerfile and no fallback entry point found
https://github.com/opendatalabcz/parking-spot-detection,ok,False,0,2,1,backend\manage.py,dockerfile,1,1,0,0,0,False,,False,,False,,False,,False,,False,,"unverified: missing stages: data_acquisition, data_preparation, modeling, training, evaluation, inference"
https://github.com/1904labs/learn-data-science,no_entry,False,0,1,0,,,0,0,0,0,0,False,,False,,False,,False,,False,,False,,Dockerfile(s) found but no Python entry point could be resolved
https://github.com/kevinscollins/open-footwear-vision,no_dockerfile,False,0,0,0,,,0,0,0,0,0,False,,False,,False,,False,,False,,False,,no Dockerfile and no fallback entry point found
https://github.com/ningeen/stanford_cs231n,no_dockerfile,False,0,0,0,,,0,0,0,0,0,False,,False,,False,,False,,False,,False,,no Dockerfile and no fallback entry point found
https://github.com/developmentseed/divdet,no_entry,False,0,2,0,,,0,0,0,0,0,False,,False,,False,,False,,False,,False,,Dockerfile(s) found but no Python entry point could be resolved
https://github.com/sharanp98/Intelligent-Advertisement-Generation,no_dockerfile,False,0,0,0,,,0,0,0,0,0,False,,False,,False,,False,,False,,False,,no Dockerfile and no fallback entry point found
https://github.com/q275212/rlcard,no_dockerfile,False,0,0,0,,,0,0,0,0,0,False,,False,,False,,False,,False,,False,,no Dockerfile and no fallback entry point found
https://github.com/ik4o5/git,no_entry,False,0,1,0,,,0,0,0,0,0,False,,False,,False,,False,,False,,False,,Dockerfile(s) found but no Python entry point could be resolved
https://github.com/SwamyDev/udacity-deep-rl-navigation,ok,False,4,0,1,udacity_rl\main.py,fallback_nested,11,114,3,0,0,True,udacity_rl/main.py:109 json.load [matched json.load],False,,True,udacity_rl/model.py:0 class ConfigurableNetwork [matched <class subclasses model base>],True,udacity_rl/model.py:107 loss.backward [matched loss.backward],False,,True,udacity_rl/model.py:127 torch.no_grad [matched torch.no_grad],"unverified: missing stages: data_preparation, evaluation"
https://github.com/chhiilnos1996/Steel_Defect_Detection,no_dockerfile,False,0,0,0,,,0,0,0,0,0,False,,False,,False,,False,,False,,False,,no Dockerfile and no fallback entry point found
https://github.com/rish-16/sight,ok,False,2,0,1,main.py,fallback_root,6,41,2,0,0,True,sightseer/sightseer.py:25 cv2.VideoCapture [matched cv2.VideoCapture],False,,True,sightseer/zoo.py:60 tf.keras.layers.Input [matched tf.keras.layers.*],False,,False,,False,,"unverified: missing stages: data_preparation, training, evaluation, inference"
https://github.com/uriaLevko/MaskRcNN,no_dockerfile,False,0,0,0,,,0,0,0,0,0,False,,False,,False,,False,,False,,False,,no Dockerfile and no fallback entry point found
https://github.com/cigoic/ml_public,clone_failed,False,0,0,0,,,0,0,0,0,0,False,,False,,False,,False,,False,,False,,remote: Repository not found.
https://github.com/QMIND-Team/Cyber_Security,no_dockerfile,False,0,0,0,,,0,0,0,0,0,False,,False,,False,,False,,False,,False,,no Dockerfile and no fallback entry point found
https://github.com/ksachdeva/rethinking-tensorflow-probability,no_dockerfile,False,0,0,0,,,0,0,0,0,0,False,,False,,False,,False,,False,,False,,no Dockerfile and no fallback entry point found
https://github.com/hashbanger/Online_Lesion_Segmentation_Platform,ok,False,3,0,1,run.py,fallback_root,2,14,1,0,0,True,run.py:61 PIL.Image.open [matched Image.open],False,,True,model_script/model.py:54 keras.layers.Input [matched keras.layers.*],False,,False,,True,run.py:15 flask.Flask [matched Flask],"unverified: missing stages: data_preparation, training, evaluation"
https://github.com/brandontrabucco/diffopt,no_dockerfile,False,0,0,0,,,0,0,0,0,0,False,,False,,False,,False,,False,,False,,no Dockerfile and no fallback entry point found
https://github.com/julianalverio/machine_learning_aws,no_dockerfile,False,0,0,0,,,0,0,0,0,0,False,,False,,False,,False,,False,,False,,no Dockerfile and no fallback entry point found
https://github.com/amoljagadambe/python_studycases,no_entry,False,0,3,0,,,0,0,0,0,0,False,,False,,False,,False,,False,,False,,Dockerfile(s) found but no Python entry point could be resolved
https://github.com/cstuartroe/cellular-automata,no_dockerfile,False,0,0,0,,,0,0,0,0,0,False,,False,,False,,False,,False,,False,,no Dockerfile and no fallback entry point found
https://github.com/OCR-D/ocrd_anybaseocr,no_entry,False,0,1,0,,,0,0,0,0,0,False,,False,,False,,False,,False,,False,,Dockerfile(s) found but no Python entry point could be resolved
https://github.com/vbfall/halte,clone_failed,False,0,0,0,,,0,0,0,0,0,False,,False,,False,,False,,False,,False,,remote: Repository not found.
https://github.com/bhadreshpsavani/CarPartsDetectionChallenge,no_dockerfile,False,0,0,0,,,0,0,0,0,0,False,,False,,False,,False,,False,,False,,no Dockerfile and no fallback entry point found
https://github.com/ysj1487/Deeplearning,clone_failed,False,0,0,0,,,0,0,0,0,0,False,,False,,False,,False,,False,,False,,remote: Repository not found.
https://github.com/ethanweber/xview2,ok,False,1,3,3,wrapper.py;wrapper_hassan.py;wrapper.py,dockerfile,3,0,1,0,0,True,wrapper.py:51 cv2.imread [matched cv2.imread],False,,False,,False,,False,,False,,"unverified: missing stages: data_preparation, modeling, training, evaluation, inference"
https://github.com/KaixuanZ/MyYolov3,ok,False,5,0,1,train.py,fallback_root,9,45,2,0,0,True,train.py:72 torch.utils.data.DataLoader [matched DataLoader],True,utils/datasets.py:63 torchvision.transforms.ToTensor [matched torchvision.transforms.*],True,models.py:0 class Upsample [matched <class subclasses model base>],True,train.py:115 loss.backward [matched loss.backward],False,,True,test.py:24 model.eval [matched model.eval],unverified: missing stages: evaluation
https://github.com/wangalangadingdong/https-github.com-iperov-DeepFaceLab,ok,False,2,0,1,main.py,fallback_root,53,530,7,1,0,False,,False,,True,facelib/MTCExtractor.py:32 Model [matched Model],False,,False,,True,facelib/S3FDExtractor.py:43 self.model.predict [matched model.predict],"unverified: missing stages: data_acquisition, data_preparation, training, evaluation"
https://github.com/Nilusha21/first-repo,no_dockerfile,False,0,0,0,,,0,0,0,0,0,False,,False,,False,,False,,False,,False,,no Dockerfile and no fallback entry point found
https://github.com/srom/rna_learn,no_dockerfile,False,0,0,0,,,0,0,0,0,0,False,,False,,False,,False,,False,,False,,no Dockerfile and no fallback entry point found
https://github.com/mehsar17/sss,ok,False,2,0,1,src\main.py,fallback_nested,1,4,0,0,0,True,src/main.py:93 cv2.imread [matched cv2.imread],False,,True,src/main.py:131 Model.Model [matched Model],False,,False,,False,,"unverified: missing stages: data_preparation, training, evaluation, inference"
https://github.com/maryamfathi/keras-retinanet,ok,False,2,0,1,keras_retinanet\bin\train.py,fallback_console_script,33,262,4,0,0,True,keras_retinanet/preprocessing/csv_generator.py:145 csv.reader [matched csv.reader],False,,True,keras_retinanet/models/retinanet.py:51 keras.layers.Input [matched keras.layers.*],False,,False,,False,,"unverified: missing stages: data_preparation, training, evaluation, inference"
https://github.com/anhdhbn/maskrcnn,ok,False,4,0,1,samsung\main.py,fallback_nested,11,88,3,0,0,True,mrcnn/model.py:2115 h5py.File [matched h5py.File],True,samsung/main.py:172 imgaug.augmenters.Fliplr [matched imgaug.augmenters.*],True,mrcnn/model.py:111 keras.layers.Conv2D [matched layers.Conv2D],True,mrcnn/parallel_model.py:169 model.fit_generator [matched model.fit_generator],False,,False,,"unverified: missing stages: evaluation, inference"
https://github.com/kumatheworld/CS231n,no_dockerfile,False,0,0,0,,,0,0,0,0,0,False,,False,,False,,False,,False,,False,,no Dockerfile and no fallback entry point found
https://github.com/jpgard/ffn-tracer,ok,False,1,0,1,train.py,fallback_root,16,90,3,0,0,False,,False,,True,fftracer/training/models/adversarial/dcgan.py:85 tf.keras.layers.Dropout [matched tf.keras.layers.*],False,,False,,False,,"unverified: missing stages: data_acquisition, data_preparation, training, evaluation, inference"
https://github.com/verlab/gsdp,no_dockerfile,False,0,0,0,,,0,0,0,0,0,False,,False,,False,,False,,False,,False,,no Dockerfile and no fallback entry point found
https://github.com/mohammadr7495/keras-retinanet-5,ok,False,2,0,1,keras_retinanet\bin\train.py,fallback_console_script,31,244,4,0,0,True,keras_retinanet/preprocessing/csv_generator.py:144 csv.reader [matched csv.reader],False,,True,keras_retinanet/models/retinanet.py:51 keras.layers.Input [matched keras.layers.*],False,,False,,False,,"unverified: missing stages: data_preparation, training, evaluation, inference"
https://github.com/HarryHeck75/Spleeter,ok,False,1,7,1,spleeter\__main__.py,fallback_nested,19,108,3,0,2,True,spleeter/utils/configuration.py:42 json.load [matched json.load],False,,False,,False,,False,,False,,"unverified: missing stages: data_preparation, modeling, training, evaluation, inference"
https://github.com/MyungjaeKIM/Materials,clone_failed,False,0,0,0,,,0,0,0,0,0,False,,False,,False,,False,,False,,False,,Error downloading object: evaluate-predictions/new-datasets/binary_stable-0.2.data.gz (6d90907): Smudge error: Error downloading evaluate-predictions/new-datasets/binary_stable-0.2.data.gz (6d909072c05613c45f90757cb50d413c6102e0076bd3d5874a37e692de9d20aa): batch response: Resource not accessible by 
https://github.com/Brli/cnn_final,ok,False,1,0,1,main.py,fallback_root,4,5,1,0,0,True,main.py:51 pd.read_csv [matched pd.read_csv],False,,False,,False,,False,,False,,"unverified: missing stages: data_preparation, modeling, training, evaluation, inference"
https://github.com/DvDanaDvD/DvDanaDvD,ok,False,1,1,1,run.py,dockerfile,10,33,3,0,0,True,agency/agency_tools.py:28 requests.get [matched requests.get],False,,False,,False,,False,,False,,"unverified: missing stages: data_preparation, modeling, training, evaluation, inference"
https://github.com/ttbrunner/alphasheep,no_dockerfile,False,0,0,0,,,0,0,0,0,0,False,,False,,False,,False,,False,,False,,no Dockerfile and no fallback entry point found
https://github.com/DominiquePaul/iwi-image-classifier,no_dockerfile,False,0,0,0,,,0,0,0,0,0,False,,False,,False,,False,,False,,False,,no Dockerfile and no fallback entry point found
https://github.com/rickyHong/scraftII-repl,ok,False,1,1,1,main.py,fallback_root,8,41,2,0,0,True,deepq_mineral_shards.py:52 zipfile.ZipFile [matched zipfile.ZipFile],False,,False,,False,,False,,False,,"unverified: missing stages: data_preparation, modeling, training, evaluation, inference"
https://github.com/aaaduo/12306,clone_failed,False,0,0,0,,,0,0,0,0,0,False,,False,,False,,False,,False,,False,,remote: Repository not found.
https://github.com/taheritajar/yolov3-pruning,ok,False,4,0,1,train.py,fallback_root,5,30,2,0,0,True,yolov3_tf2/utils.py:27 np.fromfile [matched np.fromfile],False,,True,yolov3_tf2/models.py:44 tf.keras.layers.ZeroPadding2D [matched tf.keras.layers.*],True,train.py:134 tf.GradientTape [matched tf.GradientTape],True,train.py:129 tf.keras.metrics.Mean [matched tf.keras.metrics.*],False,,"unverified: missing stages: data_preparation, inference"
https://github.com/piroLight/unity-ml-agent,no_entry,False,0,1,0,,,0,0,0,0,0,False,,False,,False,,False,,False,,False,,Dockerfile(s) found but no Python entry point could be resolved
https://github.com/aboerzel/ALPR-keras,clone_failed,False,0,0,0,,,0,0,0,0,0,False,,False,,False,,False,,False,,False,,remote: Repository not found.
https://github.com/alessandrozin/Rasile2,no_dockerfile,False,0,0,0,,,0,0,0,0,0,False,,False,,False,,False,,False,,False,,no Dockerfile and no fallback entry point found
https://github.com/alessandrozin/Rasile,no_dockerfile,False,0,0,0,,,0,0,0,0,0,False,,False,,False,,False,,False,,False,,no Dockerfile and no fallback entry point found
https://github.com/domSB/masterarbeit,no_dockerfile,False,0,0,0,,,0,0,0,0,0,False,,False,,False,,False,,False,,False,,no Dockerfile and no fallback entry point found
https://github.com/WeiHuang05/Mean-field-theory-for-deep-dropout-networks,no_dockerfile,False,0,0,0,,,0,0,0,0,0,False,,False,,False,,False,,False,,False,,no Dockerfile and no fallback entry point found
https://github.com/manchester9/data-applications,no_dockerfile,False,0,0,0,,,0,0,0,0,0,False,,False,,False,,False,,False,,False,,no Dockerfile and no fallback entry point found
https://github.com/naivomah3/lab-cv,ok,False,3,0,1,src\train.py,fallback_nested,16,53,3,0,0,True,src/data_generator.py:10 cv2.imread [matched cv2.imread],False,,True,src/models/unet.py:38 keras.layers.Input [matched keras.layers.*],True,src/train.py:90 model.fit_generator [matched model.fit_generator],False,,False,,"unverified: missing stages: data_preparation, evaluation, inference"
https://github.com/Hmamouche/NeuroTSConvers,clone_failed,False,0,0,0,,,0,0,0,0,0,False,,False,,False,,False,,False,,False,,remote: Repository not found.
https://github.com/malin9402/tf20,no_dockerfile,False,0,0,0,,,0,0,0,0,0,False,,False,,False,,False,,False,,False,,no Dockerfile and no fallback entry point found
https://github.com/laazy/game-solver,clone_failed,False,0,0,0,,,0,0,0,0,0,False,,False,,False,,False,,False,,False,,Error downloading object: image.png (121046b): Smudge error: Error downloading image.png (121046b5f65f431010aec55234117a4b9fec843c25786859c61888f9dbbdb15d): batch response: Resource not accessible by personal access token
https://github.com/ramyabsu/darkflow,no_dockerfile,False,0,0,0,,,0,0,0,0,0,False,,False,,False,,False,,False,,False,,no Dockerfile and no fallback entry point found
https://github.com/NourKhal/AMLSassign--ment19_20,no_dockerfile,False,0,0,0,,,0,0,0,0,0,False,,False,,False,,False,,False,,False,,no Dockerfile and no fallback entry point found
https://github.com/guo408066634/-1,no_dockerfile,False,0,0,0,,,0,0,0,0,0,False,,False,,False,,False,,False,,False,,no Dockerfile and no fallback entry point found
https://github.com/guo408066634/aaaa,no_dockerfile,False,0,0,0,,,0,0,0,0,0,False,,False,,False,,False,,False,,False,,no Dockerfile and no fallback entry point found
https://github.com/yrhvivian/pytorch-2,no_dockerfile,False,0,0,0,,,0,0,0,0,0,False,,False,,False,,False,,False,,False,,no Dockerfile and no fallback entry point found
https://github.com/Muncher2112/AIDungeon-Uncensored,clone_failed,False,0,0,0,,,0,0,0,0,0,False,,False,,False,,False,,False,,False,,remote: Repository not found.
https://github.com/dlshriver/dnnv,ok,False,0,1,1,dnnv\__main__.py,fallback_nested,3,2,2,0,0,False,,False,,False,,False,,False,,False,,"unverified: missing stages: data_acquisition, data_preparation, modeling, training, evaluation, inference"
https://github.com/Reniets/P5_IncrementalTransferLearningForReinforcementLearningInARealisticEnvironment,ok,False,2,0,1,source\main.py,fallback_nested,13,97,4,0,0,True,source/componentTransfer.py:67 zipfile.ZipFile [matched zipfile.ZipFile],False,,False,,False,,False,,True,source/runner.py:289 self.model.predict [matched model.predict],"unverified: missing stages: data_preparation, modeling, training, evaluation"
https://github.com/K-Kielak/clara,no_dockerfile,False,0,0,0,,,0,0,0,0,0,False,,False,,False,,False,,False,,False,,no Dockerfile and no fallback entry point found
https://github.com/fetchai/agents-aea,ok,False,1,9,1,aea\cli\__main__.py,fallback_console_script,146,2069,6,0,6,True,aea/configurations/validation.py:137 json.load [matched json.load],False,,False,,False,,False,,False,,"unverified: missing stages: data_preparation, modeling, training, evaluation, inference"
https://github.com/mech0ctopus/depth-estimation,no_dockerfile,False,0,0,0,,,0,0,0,0,0,False,,False,,False,,False,,False,,False,,no Dockerfile and no fallback entry point found
https://github.com/garrickf/dominion-rl,ok,False,2,0,1,main.py,fallback_root,62,352,5,0,0,False,,False,,True,model.py:25 tf.keras.layers.Input [matched tf.keras.layers.*],False,,False,,True,dominion/policy.py:71 self.model.predict [matched model.predict],"unverified: missing stages: data_acquisition, data_preparation, training, evaluation"
https://github.com/ivanko2k/New,ok,False,1,12,1,spleeter\__main__.py,fallback_nested,19,146,3,0,2,True,spleeter/utils/configuration.py:42 json.load [matched json.load],False,,False,,False,,False,,False,,"unverified: missing stages: data_preparation, modeling, training, evaluation, inference"
https://github.com/IliassAymaz/Propaganda-detector-political-polarization,no_dockerfile,False,0,0,0,,,0,0,0,0,0,False,,False,,False,,False,,False,,False,,no Dockerfile and no fallback entry point found
https://github.com/necr-kyle/python-hints,no_dockerfile,False,0,0,0,,,0,0,0,0,0,False,,False,,False,,False,,False,,False,,no Dockerfile and no fallback entry point found
https://github.com/OleguerCanal/RL-algorithms,no_dockerfile,False,0,0,0,,,0,0,0,0,0,False,,False,,False,,False,,False,,False,,no Dockerfile and no fallback entry point found
https://github.com/PrivPkt/PrivPkt,no_dockerfile,False,0,0,0,,,0,0,0,0,0,False,,False,,False,,False,,False,,False,,no Dockerfile and no fallback entry point found
https://github.com/tim0114gap/myproject,no_dockerfile,False,0,0,0,,,0,0,0,0,0,False,,False,,False,,False,,False,,False,,no Dockerfile and no fallback entry point found
https://github.com/richarms/RFI_CNN,ok,False,3,5,1,models\train_model.py,dockerfile,1,7,0,0,0,True,models/train_model.py:13 np.load [matched np.load],False,,True,models/train_model.py:27 tf.keras.Sequential [matched keras.Sequential],True,models/train_model.py:115 tf.GradientTape [matched tf.GradientTape],False,,False,,"unverified: missing stages: data_preparation, evaluation, inference"
https://github.com/cloudoudodo/python-datastucture,no_dockerfile,False,0,0,0,,,0,0,0,0,0,False,,False,,False,,False,,False,,False,,no Dockerfile and no fallback entry point found
https://github.com/bugra/putting-tensorflow-2-models-to-production,no_entry,False,0,4,0,,,0,0,0,0,0,False,,False,,False,,False,,False,,False,,Dockerfile(s) found but no Python entry point could be resolved
https://github.com/krantirk/tensorflow-workshop,no_dockerfile,False,0,0,0,,,0,0,0,0,0,False,,False,,False,,False,,False,,False,,no Dockerfile and no fallback entry point found
https://github.com/pchataignier/masters,no_dockerfile,False,0,0,0,,,0,0,0,0,0,False,,False,,False,,False,,False,,False,,no Dockerfile and no fallback entry point found
https://github.com/pat-coady/trpo,no_dockerfile,False,0,0,0,,,0,0,0,0,0,False,,False,,False,,False,,False,,False,,no Dockerfile and no fallback entry point found
https://github.com/JoeyLI17/Lincoln_System_Integration_ROS,no_entry,False,0,1,0,,,0,0,0,0,0,False,,False,,False,,False,,False,,False,,Dockerfile(s) found but no Python entry point could be resolved
https://github.com/yamen23ali/m4-lstm,no_dockerfile,False,0,0,0,,,0,0,0,0,0,False,,False,,False,,False,,False,,False,,no Dockerfile and no fallback entry point found
https://github.com/priyamohan25/semantic,no_dockerfile,False,0,0,0,,,0,0,0,0,0,False,,False,,False,,False,,False,,False,,no Dockerfile and no fallback entry point found
https://github.com/gauravaror/catastrophic_forgetting,ok,True,6,0,1,train.py,fallback_root,27,130,3,0,0,True,train.py:52 models.utils.load_dataset [matched load_dataset],True,models/utils.py:148 torchvision.transforms.ToTensor [matched torchvision.transforms.*],True,models/utils.py:0 class Hardsigmoid [matched <class subclasses model base>],True,train.py:132 tensorboardX.SummaryWriter [matched SummaryWriter],True,train.py:285 writer.add_scalar [matched writer.add_scalar],True,train.py:155 model.eval [matched model.eval],verified: all 6 stages present
https://github.com/ylandry22/f,ok,False,1,7,1,spleeter\__main__.py,fallback_nested,19,108,3,0,2,True,spleeter/utils/configuration.py:42 json.load [matched json.load],False,,False,,False,,False,,False,,"unverified: missing stages: data_preparation, modeling, training, evaluation, inference"
https://github.com/demotto/seldon-core,clone_failed,False,0,0,0,,,0,0,0,0,0,False,,False,,False,,False,,False,,False,,remote: Repository not found.
https://github.com/suhruthGit/Unity3DML,no_entry,False,0,1,0,,,0,0,0,0,0,False,,False,,False,,False,,False,,False,,Dockerfile(s) found but no Python entry point could be resolved
https://github.com/MaximeSchlegel/pAInter,ok,False,0,0,1,painter\main.py,fallback_nested,3,18,2,0,0,False,,False,,False,,False,,False,,False,,"unverified: missing stages: data_acquisition, data_preparation, modeling, training, evaluation, inference"
https://github.com/shih29242890/handson-ml2,no_entry,False,0,1,0,,,0,0,0,0,0,False,,False,,False,,False,,False,,False,,Dockerfile(s) found but no Python entry point could be resolved
https://github.com/akaashsidhu/Skin-Cancer-Classification,no_entry,False,0,1,0,,,0,0,0,0,0,False,,False,,False,,False,,False,,False,,Dockerfile(s) found but no Python entry point could be resolved
https://github.com/sisl/NNet,no_dockerfile,False,0,0,0,,,0,0,0,0,0,False,,False,,False,,False,,False,,False,,no Dockerfile and no fallback entry point found
https://github.com/flabwolf/WolfBattler_PHP,no_dockerfile,False,0,0,0,,,0,0,0,0,0,False,,False,,False,,False,,False,,False,,no Dockerfile and no fallback entry point found
https://github.com/victorpujolle/Tomato_detection,no_dockerfile,False,0,0,0,,,0,0,0,0,0,False,,False,,False,,False,,False,,False,,no Dockerfile and no fallback entry point found
https://github.com/DemetriusTsitrelis/udacity,clone_failed,False,0,0,0,,,0,0,0,0,0,False,,False,,False,,False,,False,,False,,remote: Repository not found.
https://github.com/zyfra/ebonite,no_entry,False,0,2,0,,,0,0,0,0,0,False,,False,,False,,False,,False,,False,,Dockerfile(s) found but no Python entry point could be resolved
https://github.com/jiafeng5513/EvisionNet,no_dockerfile,False,0,0,0,,,0,0,0,0,0,False,,False,,False,,False,,False,,False,,no Dockerfile and no fallback entry point found
https://github.com/jpgard/federated,ok,False,4,0,1,train.py,fallback_root,9,40,2,0,0,True,feded/preprocessing/__init__.py:89 pd.read_csv [matched pd.read_csv],True,feded/preprocessing/__init__.py:90 pd.concat [matched pd.concat],True,feded/datasets/larc.py:194 tf.keras.layers.DenseFeatures [matched tf.keras.layers.*],False,,True,feded/training/model.py:31 tf.keras.metrics.BinaryCrossentropy [matched tf.keras.metrics.*],False,,"unverified: missing stages: training, inference"
https://github.com/vadim0x60/cibi,ok,False,0,1,1,cibi\run.py,fallback_nested,3,10,1,0,0,False,,False,,False,,False,,False,,False,,"unverified: missing stages: data_acquisition, data_preparation, modeling, training, evaluation, inference"
https://github.com/jweir136/facial-expression-ml,no_dockerfile,False,0,0,0,,,0,0,0,0,0,False,,False,,False,,False,,False,,False,,no Dockerfile and no fallback entry point found
https://github.com/wildlyclassyprince/data-playground,no_entry,False,0,1,0,,,0,0,0,0,0,False,,False,,False,,False,,False,,False,,Dockerfile(s) found but no Python entry point could be resolved
https://github.com/Kautenja/robust-graph-convolutional-networks-against-adversarial-attacks-implementation,no_dockerfile,False,0,0,0,,,0,0,0,0,0,False,,False,,False,,False,,False,,False,,no Dockerfile and no fallback entry point found
https://github.com/Salazar-Prime/Shallow_learn,no_dockerfile,False,0,0,0,,,0,0,0,0,0,False,,False,,False,,False,,False,,False,,no Dockerfile and no fallback entry point found
https://github.com/huading/Python,no_dockerfile,False,0,0,0,,,0,0,0,0,0,False,,False,,False,,False,,False,,False,,no Dockerfile and no fallback entry point found
https://github.com/dermatologist/nlp-qrmine,no_entry,False,0,2,0,,,0,0,0,0,0,False,,False,,False,,False,,False,,False,,Dockerfile(s) found but no Python entry point could be resolved
https://github.com/frank1789/ProjectThesis,no_dockerfile,False,0,0,0,,,0,0,0,0,0,False,,False,,False,,False,,False,,False,,no Dockerfile and no fallback entry point found
https://github.com/maxwells-daemons/seldon,no_dockerfile,False,0,0,0,,,0,0,0,0,0,False,,False,,False,,False,,False,,False,,no Dockerfile and no fallback entry point found
https://github.com/panchishin/learn-to-tensorflow,no_dockerfile,False,0,0,0,,,0,0,0,0,0,False,,False,,False,,False,,False,,False,,no Dockerfile and no fallback entry point found
https://github.com/danielfeloiola/PuppyBot,no_dockerfile,False,0,0,0,,,0,0,0,0,0,False,,False,,False,,False,,False,,False,,no Dockerfile and no fallback entry point found
https://github.com/juanli16/MerminGHZGame,ok,False,0,0,1,mermin_ghz\app.py,fallback_nested,1,3,0,0,0,False,,False,,False,,False,,False,,False,,"unverified: missing stages: data_acquisition, data_preparation, modeling, training, evaluation, inference"
https://github.com/tamerthamoqa/facenet-realtime-face-recognition,no_dockerfile,False,0,0,0,,,0,0,0,0,0,False,,False,,False,,False,,False,,False,,no Dockerfile and no fallback entry point found
https://github.com/Papirapi/Rails_detection,ok,False,2,0,1,train.py,fallback_root,3,15,1,0,0,False,,False,,True,train.py:82 tf.keras.layers.Input [matched tf.keras.layers.*],True,train.py:235 model.fit_generator [matched model.fit_generator],False,,False,,"unverified: missing stages: data_acquisition, data_preparation, evaluation, inference"
https://github.com/SJSUFall2019-CMPE272/SarcasmDetect,no_entry,False,0,2,0,,,0,0,0,0,0,False,,False,,False,,False,,False,,False,,Dockerfile(s) found but no Python entry point could be resolved
https://github.com/seaniezhao/torch_npss,no_dockerfile,False,0,0,0,,,0,0,0,0,0,False,,False,,False,,False,,False,,False,,no Dockerfile and no fallback entry point found
https://github.com/sberglin/ProteinAI,clone_failed,False,0,0,0,,,0,0,0,0,0,False,,False,,False,,False,,False,,False,,remote: Repository not found.
https://github.com/tensorflow/fairness-indicators,no_dockerfile,False,0,0,0,,,0,0,0,0,0,False,,False,,False,,False,,False,,False,,no Dockerfile and no fallback entry point found
https://github.com/vzhou842/easy-VQA-keras,ok,False,4,0,1,train.py,fallback_root,3,6,1,0,0,True,prepare_data.py:15 json.load [matched json.load],True,prepare_data.py:78 tf.keras.preprocessing.text.Tokenizer [matched Tokenizer],True,model.py:7 tf.keras.layers.Input [matched tf.keras.layers.*],True,train.py:25 model.fit [matched model.fit],False,,False,,"unverified: missing stages: evaluation, inference"
https://github.com/ucfai/team-cvdash,ok,False,0,0,1,app.py,fallback_root,2,2,1,0,0,False,,False,,False,,False,,False,,False,,"unverified: missing stages: data_acquisition, data_preparation, modeling, training, evaluation, inference"
https://github.com/jnarr/Hands-on-ML,no_entry,False,0,1,0,,,0,0,0,0,0,False,,False,,False,,False,,False,,False,,Dockerfile(s) found but no Python entry point could be resolved
https://github.com/koukoulala/enas_nlp_nni,no_dockerfile,False,0,0,0,,,0,0,0,0,0,False,,False,,False,,False,,False,,False,,no Dockerfile and no fallback entry point found
https://github.com/jonasrauber/eagerpy,no_dockerfile,False,0,0,0,,,0,0,0,0,0,False,,False,,False,,False,,False,,False,,no Dockerfile and no fallback entry point found
https://github.com/pangzx1/FATE1.1,no_entry,False,0,12,0,,,0,0,0,0,0,False,,False,,False,,False,,False,,False,,Dockerfile(s) found but no Python entry point could be resolved
https://github.com/vespa-engine/sample-apps,no_entry,False,0,1,0,,,0,0,0,0,0,False,,False,,False,,False,,False,,False,,Dockerfile(s) found but no Python entry point could be resolved
https://github.com/EdgarACarneiro/fcup-bdcc,no_dockerfile,False,0,0,0,,,0,0,0,0,0,False,,False,,False,,False,,False,,False,,no Dockerfile and no fallback entry point found
https://github.com/mcherep/objdet,no_dockerfile,False,0,0,0,,,0,0,0,0,0,False,,False,,False,,False,,False,,False,,no Dockerfile and no fallback entry point found
https://github.com/lidaniel1/CarND-Capstone,no_entry,False,0,1,0,,,0,0,0,0,0,False,,False,,False,,False,,False,,False,,Dockerfile(s) found but no Python entry point could be resolved
https://github.com/dyliuti/dyliuti,no_dockerfile,False,0,0,0,,,0,0,0,0,0,False,,False,,False,,False,,False,,False,,no Dockerfile and no fallback entry point found
https://github.com/marl/crepe,ok,False,3,0,1,crepe\__main__.py,fallback_nested,3,10,2,0,0,True,crepe/core.py:314 scipy.io.wavfile.read [matched scipy.io.wavfile.read],False,,True,crepe/core.py:58 tf.keras.layers.Input [matched tf.keras.layers.*],False,,False,,True,crepe/core.py:150 model.predict [matched model.predict],"unverified: missing stages: data_preparation, training, evaluation"
https://github.com/FiendChain/SoccerBot,no_dockerfile,False,0,0,0,,,0,0,0,0,0,False,,False,,False,,False,,False,,False,,no Dockerfile and no fallback entry point found
https://github.com/lixin4ever/BERT-E2E-ABSA,ok,False,4,0,1,main.py,fallback_root,6,65,3,0,0,True,main.py:162 torch.utils.data.DataLoader [matched DataLoader],False,,True,absa_layer.py:0 class SAN [matched <class subclasses model base>],True,main.py:157 tensorboardX.SummaryWriter [matched SummaryWriter],False,,True,main.py:283 model.eval [matched model.eval],"unverified: missing stages: data_preparation, evaluation"
https://github.com/zhang-huihui/git-repository,no_dockerfile,False,0,0,0,,,0,0,0,0,0,False,,False,,False,,False,,False,,False,,no Dockerfile and no fallback entry point found
https://github.com/autobotasia/vibert,no_dockerfile,False,0,0,0,,,0,0,0,0,0,False,,False,,False,,False,,False,,False,,no Dockerfile and no fallback entry point found
https://github.com/shamod/cureskin,no_entry,False,0,2,0,,,0,0,0,0,0,False,,False,,False,,False,,False,,False,,Dockerfile(s) found but no Python entry point could be resolved
https://github.com/davide-serramazza/image_captionig_tree2tree,no_dockerfile,False,0,0,0,,,0,0,0,0,0,False,,False,,False,,False,,False,,False,,no Dockerfile and no fallback entry point found
https://github.com/mingruimingrui/Transformer2,clone_failed,False,0,0,0,,,0,0,0,0,0,False,,False,,False,,False,,False,,False,,remote: Repository not found.
https://github.com/victorphd/123,ok,False,1,1,1,run.py,dockerfile,9,30,3,0,0,True,agency/agency_tools.py:28 requests.get [matched requests.get],False,,False,,False,,False,,False,,"unverified: missing stages: data_preparation, modeling, training, evaluation, inference"
https://github.com/lvegtlvegt/imageReconTensorflow,no_entry,False,0,1,0,,,0,0,0,0,0,False,,False,,False,,False,,False,,False,,Dockerfile(s) found but no Python entry point could be resolved
https://github.com/tiff-wang/ModifiedMNIST,no_dockerfile,False,0,0,0,,,0,0,0,0,0,False,,False,,False,,False,,False,,False,,no Dockerfile and no fallback entry point found
https://github.com/UsernamePSQ/nlp_final,no_entry,False,0,1,0,,,0,0,0,0,0,False,,False,,False,,False,,False,,False,,Dockerfile(s) found but no Python entry point could be resolved
https://github.com/beekill95/east,ok,False,4,0,1,train.py,fallback_root,7,44,2,0,0,False,,False,,True,basenet/resnet50_base.py:62 tf.keras.layers.concatenate [matched tf.keras.layers.*],True,train.py:306 wandb.init [matched wandb.init],True,train.py:196 wandb.log [matched wandb.log],True,train.py:171 self.model.predict [matched model.predict],"unverified: missing stages: data_acquisition, data_preparation"
https://github.com/mkumar84/Geron-s-book-notebook,no_entry,False,0,1,0,,,0,0,0,0,0,False,,False,,False,,False,,False,,False,,Dockerfile(s) found but no Python entry point could be resolved
https://github.com/smurve/cfds-capstone,clone_failed,False,0,0,0,,,0,0,0,0,0,False,,False,,False,,False,,False,,False,,remote: Repository not found.
https://github.com/USC-CSSL/NTAP,clone_failed,False,0,0,0,,,0,0,0,0,0,False,,False,,False,,False,,False,,False,,remote: Repository not found.
https://github.com/HorizonRobotics/alf,no_entry,False,0,2,0,,,0,0,0,0,0,False,,False,,False,,False,,False,,False,,Dockerfile(s) found but no Python entry point could be resolved
https://github.com/mnslarcher/cs231n,no_dockerfile,False,0,0,0,,,0,0,0,0,0,False,,False,,False,,False,,False,,False,,no Dockerfile and no fallback entry point found
https://github.com/sjyk/deeplens-cv,no_entry,False,0,1,0,,,0,0,0,0,0,False,,False,,False,,False,,False,,False,,Dockerfile(s) found but no Python entry point could be resolved
https://github.com/lairg1/faceswap,ok,False,1,2,1,scripts\train.py,fallback_nested,11,179,5,0,1,True,lib/image.py:59 cv2.imread [matched cv2.imread],False,,False,,False,,False,,False,,"unverified: missing stages: data_preparation, modeling, training, evaluation, inference"
https://github.com/OverLordGoldDragon/dummy,no_dockerfile,False,0,0,0,,,0,0,0,0,0,False,,False,,False,,False,,False,,False,,no Dockerfile and no fallback entry point found
https://github.com/esperancaleonardo/dqn_pyrep_lia,ok,False,0,0,1,root\run.py,fallback_nested,1,4,0,0,0,False,,False,,False,,False,,False,,False,,"unverified: missing stages: data_acquisition, data_preparation, modeling, training, evaluation, inference"
https://github.com/TimeAshore/fourchar,no_dockerfile,False,0,0,0,,,0,0,0,0,0,False,,False,,False,,False,,False,,False,,no Dockerfile and no fallback entry point found
https://github.com/SSaishruthi/MAX-Fashion-MNIST-OpenShift,ok,False,2,0,1,app.py,fallback_root,7,6,3,0,0,True,core/model.py:49 PIL.Image.open [matched Image.open],False,,True,core/model.py:63 tf.keras.Sequential [matched keras.Sequential],False,,False,,False,,"unverified: missing stages: data_preparation, training, evaluation, inference"
https://github.com/thomasdeanwhite/GUIdance,clone_failed,False,0,0,0,,,0,0,0,0,0,False,,False,,False,,False,,False,,False,,Error downloading object: weights.zip (8b6c77d): Smudge error: Error downloading weights.zip (8b6c77df593bf8ded4f6b62354af99e0abee84a5e7e01c2abab87b93f23c4f0b): batch response: Resource not accessible by personal access token
https://github.com/Joshuaalbert/bayes_gain_screens,no_dockerfile,False,0,0,0,,,0,0,0,0,0,False,,False,,False,,False,,False,,False,,no Dockerfile and no fallback entry point found
https://github.com/nathancoulson/prediction_app,no_dockerfile,False,0,0,0,,,0,0,0,0,0,False,,False,,False,,False,,False,,False,,no Dockerfile and no fallback entry point found
https://github.com/leetmikeal/isu,ok,False,0,0,1,isu\__main__.py,fallback_nested,2,10,1,0,0,False,,False,,False,,False,,False,,False,,"unverified: missing stages: data_acquisition, data_preparation, modeling, training, evaluation, inference"
https://github.com/wangboppp/handson-ML,no_entry,False,0,1,0,,,0,0,0,0,0,False,,False,,False,,False,,False,,False,,Dockerfile(s) found but no Python entry point could be resolved
https://github.com/koktf23/algorithms_python,no_dockerfile,False,0,0,0,,,0,0,0,0,0,False,,False,,False,,False,,False,,False,,no Dockerfile and no fallback entry point found
https://github.com/wbhelloo/TheAlgorithms-Python,no_dockerfile,False,0,0,0,,,0,0,0,0,0,False,,False,,False,,False,,False,,False,,no Dockerfile and no fallback entry point found
https://github.com/helloeve/bert-co-matching,no_dockerfile,False,0,0,0,,,0,0,0,0,0,False,,False,,False,,False,,False,,False,,no Dockerfile and no fallback entry point found
https://github.com/jnhunsberger/requex_private,no_entry,False,0,1,0,,,0,0,0,0,0,False,,False,,False,,False,,False,,False,,Dockerfile(s) found but no Python entry point could be resolved
https://github.com/kakusikun/deep-learning-works,ok,True,6,1,1,train.py,fallback_root,115,796,5,0,0,True,tools/utils.py:264 json.load [matched json.load],True,src/database/transform/normalize.py:46 torchvision.transforms.functional.normalize [matched torchvision.transforms.*],True,src/model/backbone/shufflenetv2_plus.py:0 class ShuffleBlock [matched <class subclasses model base>],True,train.py:46 trainer.train [matched trainer.train],True,train.py:42 trainer.test [matched trainer.test],True,train.py:42 trainer.test [matched trainer.test],verified: all 6 stages present
https://github.com/egcode/facerec,ok,False,5,0,1,train.py,fallback_root,17,126,2,0,0,True,dataset/get_data.py:42 PIL.Image.open [matched Image.open],True,dataset/get_data.py:33 torchvision.transforms.Compose [matched torchvision.transforms.*],True,losses/ArcFaceLossMargin.py:0 class ArcFaceLossMargin [matched <class subclasses model base>],True,train.py:89 optimizer.zero_grad [matched optimizer.zero_grad],False,,True,train.py:132 model.eval [matched model.eval],unverified: missing stages: evaluation
https://github.com/guildai/_examples,no_dockerfile,False,0,0,0,,,0,0,0,0,0,False,,False,,False,,False,,False,,False,,no Dockerfile and no fallback entry point found
https://github.com/toebgen/deep-reinforcement-learning,no_dockerfile,False,0,0,0,,,0,0,0,0,0,False,,False,,False,,False,,False,,False,,no Dockerfile and no fallback entry point found
https://github.com/ethanabrooks/CoFCA-S,no_entry,False,0,1,0,,,0,0,0,0,0,False,,False,,False,,False,,False,,False,,Dockerfile(s) found but no Python entry point could be resolved
https://github.com/stefanfroth/poker,clone_failed,False,0,0,0,,,0,0,0,0,0,False,,False,,False,,False,,False,,False,,error: invalid path 'weights_v7_2019-08-19-23:30_20_epochs.h5'
https://github.com/nachiketaa/bert,no_dockerfile,False,0,0,0,,,0,0,0,0,0,False,,False,,False,,False,,False,,False,,no Dockerfile and no fallback entry point found
https://github.com/wangxdflight/tensorflow_example,clone_failed,False,0,0,0,,,0,0,0,0,0,False,,False,,False,,False,,False,,False,,remote: Repository not found.
https://github.com/smoothmp/handson-ml,no_entry,False,0,1,0,,,0,0,0,0,0,False,,False,,False,,False,,False,,False,,Dockerfile(s) found but no Python entry point could be resolved
https://github.com/fizyr/keras-retinanet,ok,False,2,0,1,keras_retinanet\bin\train.py,fallback_console_script,32,259,4,0,0,True,keras_retinanet/preprocessing/csv_generator.py:145 csv.reader [matched csv.reader],False,,True,keras_retinanet/models/retinanet.py:51 tf.keras.layers.Input [matched tf.keras.layers.*],False,,False,,False,,"unverified: missing stages: data_preparation, training, evaluation, inference"
https://github.com/nlpaueb/SumQE,no_dockerfile,False,0,0,0,,,0,0,0,0,0,False,,False,,False,,False,,False,,False,,no Dockerfile and no fallback entry point found
https://github.com/thezaza101/Meal-Compliance-Project,no_dockerfile,False,0,0,0,,,0,0,0,0,0,False,,False,,False,,False,,False,,False,,no Dockerfile and no fallback entry point found
https://github.com/gte815w/Mask_RCNN_Copy_Works,no_dockerfile,False,0,0,0,,,0,0,0,0,0,False,,False,,False,,False,,False,,False,,no Dockerfile and no fallback entry point found
https://github.com/marcogdepinto/Deep-learning-model-deploy-with-django,no_dockerfile,False,0,0,0,,,0,0,0,0,0,False,,False,,False,,False,,False,,False,,no Dockerfile and no fallback entry point found
https://github.com/IEWbgfnYDwHRoRRSKtkdyMDUzgdwuBYgDKtDJWd/diy,ok,False,0,0,1,deepdiy\main.py,fallback_nested,1,2,0,0,0,False,,False,,False,,False,,False,,False,,"unverified: missing stages: data_acquisition, data_preparation, modeling, training, evaluation, inference"
https://github.com/pentium3/mlsys,no_dockerfile,False,0,0,0,,,0,0,0,0,0,False,,False,,False,,False,,False,,False,,no Dockerfile and no fallback entry point found
https://github.com/SanketD92/Deep-Learning-For-Image-Recognition,no_dockerfile,False,0,0,0,,,0,0,0,0,0,False,,False,,False,,False,,False,,False,,no Dockerfile and no fallback entry point found
https://github.com/huan-mai/pythonchatbot,ok,False,2,0,1,train.py,fallback_root,1,4,0,0,0,True,train.py:41 json.load [matched json.load],False,,False,,True,train.py:82 model.fit [matched model.fit],False,,False,,"unverified: missing stages: data_preparation, modeling, evaluation, inference"
https://github.com/avramandrei/OpenNIG,ok,False,5,0,1,train.py,fallback_root,8,32,3,0,0,True,opennng/util/parser.py:11 np.load [matched np.load],False,,True,opennng/models/dcgan.py:0 class DCGANBase [matched <class subclasses model base>],True,opennng/util/train_steps.py:22 tf.GradientTape [matched tf.GradientTape],True,opennng/util/trainer.py:69 tf.keras.metrics.Mean [matched tf.keras.metrics.*],True,opennng/util/generator.py:27 model.generate [matched model.generate],unverified: missing stages: data_preparation
https://github.com/mattnappo/basic-ml,clone_failed,False,0,0,0,,,0,0,0,0,0,False,,False,,False,,False,,False,,False,,remote: Repository not found.
https://github.com/Komarovec/NeuralQsandbox,no_dockerfile,False,0,0,0,,,0,0,0,0,0,False,,False,,False,,False,,False,,False,,no Dockerfile and no fallback entry point found
https://github.com/clrrrr/promp_plus,no_dockerfile,False,0,0,0,,,0,0,0,0,0,False,,False,,False,,False,,False,,False,,no Dockerfile and no fallback entry point found
https://github.com/mrtonks/pick_n_place,no_dockerfile,False,0,0,0,,,0,0,0,0,0,False,,False,,False,,False,,False,,False,,no Dockerfile and no fallback entry point found
https://github.com/lloydwindrim/hyperspectral-autoencoders,no_dockerfile,False,0,0,0,,,0,0,0,0,0,False,,False,,False,,False,,False,,False,,no Dockerfile and no fallback entry point found
https://github.com/probhakarroy/tcs_humain_challenge,no_dockerfile,False,0,0,0,,,0,0,0,0,0,False,,False,,False,,False,,False,,False,,no Dockerfile and no fallback entry point found
https://github.com/MostafaGazar/line-reader,no_dockerfile,False,0,0,0,,,0,0,0,0,0,False,,False,,False,,False,,False,,False,,no Dockerfile and no fallback entry point found
https://github.com/sflippl/predicode,clone_failed,False,0,0,0,,,0,0,0,0,0,False,,False,,False,,False,,False,,False,,error: invalid path 'explore/log/2019-09-07 01:46:12.857974/events.out.tfevents.1567813573.sams-thinkpad.30153.5164519.v2'
https://github.com/jeffminlin/convising,ok,False,1,0,1,convising\train.py,fallback_nested,3,35,2,0,0,False,,False,,True,convising/train.py:166 tf.keras.Model [matched keras.Model],False,,False,,False,,"unverified: missing stages: data_acquisition, data_preparation, training, evaluation, inference"
https://github.com/nicktfranklin/SEM2,no_dockerfile,False,0,0,0,,,0,0,0,0,0,False,,False,,False,,False,,False,,False,,no Dockerfile and no fallback entry point found
https://github.com/tilaboy/tk-nn-classifier,clone_failed,False,0,0,0,,,0,0,0,0,0,False,,False,,False,,False,,False,,False,,Error downloading object: tests/resource/sample_embedding.bin (4b923bb): Smudge error: Error downloading tests/resource/sample_embedding.bin (4b923bbc5550b54a352ad3f94e38947e3630617f45a6a7b99b8cc11c07163037): batch response: Resource not accessible by personal access token
https://github.com/jhlee93/LPR-YOLOv3-Pytorch,ok,False,4,0,1,train.py,fallback_root,9,40,2,0,0,True,train.py:68 torch.utils.data.DataLoader [matched DataLoader],False,,True,models.py:0 class Upsample [matched <class subclasses model base>],True,train.py:106 loss.backward [matched loss.backward],False,,True,test.py:24 model.eval [matched model.eval],"unverified: missing stages: data_preparation, evaluation"
https://github.com/mivlab/share,no_dockerfile,False,0,0,0,,,0,0,0,0,0,False,,False,,False,,False,,False,,False,,no Dockerfile and no fallback entry point found
https://github.com/dsilvestro/ruNNer,no_dockerfile,False,0,0,0,,,0,0,0,0,0,False,,False,,False,,False,,False,,False,,no Dockerfile and no fallback entry point found
https://github.com/Liang-ZX/liangzx-cs231n,no_dockerfile,False,0,0,0,,,0,0,0,0,0,False,,False,,False,,False,,False,,False,,no Dockerfile and no fallback entry point found
https://github.com/JTT94/nlp_neural_process,clone_failed,False,0,0,0,,,0,0,0,0,0,False,,False,,False,,False,,False,,False,,remote: Repository not found.
https://github.com/anoop600/Learn-Python,no_entry,False,0,10,0,,,0,0,0,0,0,False,,False,,False,,False,,False,,False,,Dockerfile(s) found but no Python entry point could be resolved
https://github.com/Proch92/ai-projects,no_dockerfile,False,0,0,0,,,0,0,0,0,0,False,,False,,False,,False,,False,,False,,no Dockerfile and no fallback entry point found
https://github.com/masinister/Evolving-an-SNN,ok,False,0,0,1,snn\train.py,fallback_nested,2,6,1,0,0,False,,False,,False,,False,,False,,False,,"unverified: missing stages: data_acquisition, data_preparation, modeling, training, evaluation, inference"
https://github.com/dimahwang88/mrcnn-gcp,no_dockerfile,False,0,0,0,,,0,0,0,0,0,False,,False,,False,,False,,False,,False,,no Dockerfile and no fallback entry point found
https://github.com/BayesianFreaks/scikit-stan,no_dockerfile,False,0,0,0,,,0,0,0,0,0,False,,False,,False,,False,,False,,False,,no Dockerfile and no fallback entry point found
https://github.com/thotran2015/malaria_prediction,clone_failed,False,0,0,0,,,0,0,0,0,0,False,,False,,False,,False,,False,,False,,remote: Repository not found.
https://github.com/SimonBlanke/Hyperactive,no_dockerfile,False,0,0,0,,,0,0,0,0,0,False,,False,,False,,False,,False,,False,,no Dockerfile and no fallback entry point found
https://github.com/tranlethaison/babysister,no_dockerfile,False,0,0,0,,,0,0,0,0,0,False,,False,,False,,False,,False,,False,,no Dockerfile and no fallback entry point found
https://github.com/rohanchandra30/TrackNPred,ok,True,6,0,1,main.py,fallback_root,37,295,4,0,0,True,model/model.py:242 torch.utils.data.DataLoader [matched DataLoader],True,model/Tracking/import_data.py:38 sklearn.model_selection.train_test_split [matched train_test_split],True,model/Prediction/traphic.py:0 class traphicNet [matched <class subclasses model base>],True,model/Prediction/sganTrain.py:399 loss.backward [matched loss.backward],True,control/trainThread.py:136 self.model.evaluate [matched model.evaluate],True,model/Prediction/sganTrain.py:481 torch.no_grad [matched torch.no_grad],verified: all 6 stages present
https://github.com/helloeve/mre-in-one-pass,no_dockerfile,False,0,0,0,,,0,0,0,0,0,False,,False,,False,,False,,False,,False,,no Dockerfile and no fallback entry point found
https://github.com/Ageneinair/animation_master,ok,False,5,0,1,run.py,fallback_root,20,134,4,0,0,True,run.py:35 yaml.load [matched yaml.load],True,frames_dataset.py:61 sklearn.model_selection.train_test_split [matched train_test_split],True,modules/generator.py:0 class MotionTransferGenerator [matched <class subclasses model base>],True,train.py:117 loss.backward [matched loss.backward],False,,True,reconstruction.py:58 torch.no_grad [matched torch.no_grad],unverified: missing stages: evaluation
https://github.com/thu-coai/cotk_docs,no_dockerfile,False,0,0,0,,,0,0,0,0,0,False,,False,,False,,False,,False,,False,,no Dockerfile and no fallback entry point found
https://github.com/danielsmith1313/Robot,no_dockerfile,False,0,0,0,,,0,0,0,0,0,False,,False,,False,,False,,False,,False,,no Dockerfile and no fallback entry point found
https://github.com/shopping-tang/Alpha-pose,no_entry,False,0,2,0,,,0,0,0,0,0,False,,False,,False,,False,,False,,False,,Dockerfile(s) found but no Python entry point could be resolved
https://github.com/dhlab-epfl/cadasters,no_dockerfile,False,0,0,0,,,0,0,0,0,0,False,,False,,False,,False,,False,,False,,no Dockerfile and no fallback entry point found
https://github.com/deepkit/deepkit-python-sdk,no_dockerfile,False,0,0,0,,,0,0,0,0,0,False,,False,,False,,False,,False,,False,,no Dockerfile and no fallback entry point found
https://github.com/JNapoli/autoencoda,no_dockerfile,False,0,0,0,,,0,0,0,0,0,False,,False,,False,,False,,False,,False,,no Dockerfile and no fallback entry point found
https://github.com/14H034160212/HHH-An-Online-Question-Answering-System-for-Medical-Questions,no_dockerfile,False,0,0,0,,,0,0,0,0,0,False,,False,,False,,False,,False,,False,,no Dockerfile and no fallback entry point found
https://github.com/Didayolo/autopandas,no_dockerfile,False,0,0,0,,,0,0,0,0,0,False,,False,,False,,False,,False,,False,,no Dockerfile and no fallback entry point found
https://github.com/yisifor/math,clone_failed,False,0,0,0,,,0,0,0,0,0,False,,False,,False,,False,,False,,False,,remote: Repository not found.
https://github.com/AliKarimi74/DL-Final-Project,ok,False,4,0,1,train.py,fallback_root,15,66,4,0,0,False,,True,data/data_preprocess.py:32 keras_preprocessing.text.Tokenizer [matched Tokenizer],True,model/cnn_encoder.py:0 class CNNEncoder [matched <class subclasses model base>],False,,True,eval/bleu_score.py:45 nltk.translate.bleu_score.sentence_bleu [matched sentence_bleu],True,eval/evaluation.py:22 model.predict [matched model.predict],"unverified: missing stages: data_acquisition, training"
https://github.com/sx14/tree,ok,False,1,0,1,main.py,fallback_root,18,127,3,0,0,True,main.py:67 cv2.imread [matched cv2.imread],False,,False,,False,,False,,False,,"unverified: missing stages: data_preparation, modeling, training, evaluation, inference"
https://github.com/AntonMu/EQanalytics,no_dockerfile,False,0,0,0,,,0,0,0,0,0,False,,False,,False,,False,,False,,False,,no Dockerfile and no fallback entry point found
https://github.com/fengjiran/tensorflow_learning,no_entry,False,0,2,0,,,0,0,0,0,0,False,,False,,False,,False,,False,,False,,Dockerfile(s) found but no Python entry point could be resolved
https://github.com/briannemsick/barrage,ok,False,0,0,1,barrage\console.py,fallback_console_script,5,9,2,0,0,False,,False,,False,,False,,False,,False,,"unverified: missing stages: data_acquisition, data_preparation, modeling, training, evaluation, inference"
https://github.com/wkvanderveen/hwr,clone_failed,False,0,0,0,,,0,0,0,0,0,False,,False,,False,,False,,False,,False,,remote: Repository not found.
https://github.com/smtcrms/nni,no_entry,False,0,1,0,,,0,0,0,0,0,False,,False,,False,,False,,False,,False,,Dockerfile(s) found but no Python entry point could be resolved
https://github.com/Eslsamu/MarbleBot,no_dockerfile,False,0,0,0,,,0,0,0,0,0,False,,False,,False,,False,,False,,False,,no Dockerfile and no fallback entry point found
https://github.com/chjort/chambers,no_dockerfile,False,0,0,0,,,0,0,0,0,0,False,,False,,False,,False,,False,,False,,no Dockerfile and no fallback entry point found
https://github.com/kw01sg/neural-style-transfer,no_dockerfile,False,0,0,0,,,0,0,0,0,0,False,,False,,False,,False,,False,,False,,no Dockerfile and no fallback entry point found
https://github.com/MarcoLengua/ideal-system,no_dockerfile,False,0,0,0,,,0,0,0,0,0,False,,False,,False,,False,,False,,False,,no Dockerfile and no fallback entry point found
https://github.com/Naresh5518/TensorflowExamples,no_entry,False,0,1,0,,,0,0,0,0,0,False,,False,,False,,False,,False,,False,,Dockerfile(s) found but no Python entry point could be resolved
https://github.com/fivebillionmph/be223c,no_entry,False,0,1,0,,,0,0,0,0,0,False,,False,,False,,False,,False,,False,,Dockerfile(s) found but no Python entry point could be resolved
https://github.com/cgautamdevc14/butterfly,ok,False,3,0,1,run.py,fallback_root,5,78,2,0,0,True,mrcnn/model.py:2115 h5py.File [matched h5py.File],False,,True,mrcnn/model.py:111 keras.layers.Conv2D [matched layers.Conv2D],True,mrcnn/parallel_model.py:169 model.fit_generator [matched model.fit_generator],False,,False,,"unverified: missing stages: data_preparation, evaluation, inference"
https://github.com/zenika-open-source/zevision,ok,False,3,1,1,api\server.py,dockerfile,8,52,3,0,0,True,api/server.py:132 json.load [matched json.load],False,,True,lib/utils/models/models.py:31 keras.layers.convolutional.Conv2D [matched keras.layers.*],False,,False,,True,api/server.py:54 flask.Flask [matched Flask],"unverified: missing stages: data_preparation, training, evaluation"
https://github.com/AndreyKolomiets/News_Headline_Generation,ok,False,4,0,1,rl_summ2\train.py,fallback_nested,10,82,2,0,0,True,pointer_summarizer/data_util/data.py:34 pickle.load [matched pickle.load],False,,True,rl_summ2/train.py:61 rl_summ2.model.Model [matched Model],True,rl_summ2/train.py:48 tensorboardX.SummaryWriter [matched SummaryWriter],True,rl_summ2/train.py:194 rouge.Rouge [matched Rouge],False,,"unverified: missing stages: data_preparation, inference"
https://github.com/Jroosterman/MaskedStyleCameraApp,no_dockerfile,False,0,0,0,,,0,0,0,0,0,False,,False,,False,,False,,False,,False,,no Dockerfile and no fallback entry point found
https://github.com/tensorflow/text,no_dockerfile,False,0,0,0,,,0,0,0,0,0,False,,False,,False,,False,,False,,False,,no Dockerfile and no fallback entry point found
https://github.com/ArsenFromCrimea/NeuralNetworks,clone_failed,False,0,0,0,,,0,0,0,0,0,False,,False,,False,,False,,False,,False,,remote: Repository not found.
https://github.com/maxned/TrailPi,no_dockerfile,False,0,0,0,,,0,0,0,0,0,False,,False,,False,,False,,False,,False,,no Dockerfile and no fallback entry point found
https://github.com/sailingzhang/test,no_dockerfile,False,0,0,0,,,0,0,0,0,0,False,,False,,False,,False,,False,,False,,no Dockerfile and no fallback entry point found
https://github.com/xmj-project/pycorrector,no_dockerfile,False,0,0,0,,,0,0,0,0,0,False,,False,,False,,False,,False,,False,,no Dockerfile and no fallback entry point found
https://github.com/ahmetozlu/tensorflow_object_counting_api,no_dockerfile,False,0,0,0,,,0,0,0,0,0,False,,False,,False,,False,,False,,False,,no Dockerfile and no fallback entry point found
https://github.com/RazLandau/NLP,no_dockerfile,False,0,0,0,,,0,0,0,0,0,False,,False,,False,,False,,False,,False,,no Dockerfile and no fallback entry point found
https://github.com/jorisberinger/t1d-prediction,ok,False,0,1,1,python\main.py,dockerfile,1,1,0,0,0,False,,False,,False,,False,,False,,False,,"unverified: missing stages: data_acquisition, data_preparation, modeling, training, evaluation, inference"
https://github.com/korhore/Wall-E,no_dockerfile,False,0,0,0,,,0,0,0,0,0,False,,False,,False,,False,,False,,False,,no Dockerfile and no fallback entry point found
https://github.com/jg10545/patchwork,no_dockerfile,False,0,0,0,,,0,0,0,0,0,False,,False,,False,,False,,False,,False,,no Dockerfile and no fallback entry point found
https://github.com/eg4000/SKU110K_CVPR19,no_dockerfile,False,0,0,0,,,0,0,0,0,0,False,,False,,False,,False,,False,,False,,no Dockerfile and no fallback entry point found
https://github.com/mks0601/TF-SimpleHumanPose,no_dockerfile,False,0,0,0,,,0,0,0,0,0,False,,False,,False,,False,,False,,False,,no Dockerfile and no fallback entry point found
https://github.com/sql-machine-learning/models,no_entry,False,0,3,0,,,0,0,0,0,0,False,,False,,False,,False,,False,,False,,Dockerfile(s) found but no Python entry point could be resolved
https://github.com/hasbegun/mask_rcnn,no_entry,False,0,2,0,,,0,0,0,0,0,False,,False,,False,,False,,False,,False,,Dockerfile(s) found but no Python entry point could be resolved
https://github.com/vsersus/detexproy,no_dockerfile,False,0,0,0,,,0,0,0,0,0,False,,False,,False,,False,,False,,False,,no Dockerfile and no fallback entry point found
https://github.com/dchui1/659-project,ok,False,2,0,1,main.py,fallback_root,32,179,4,0,0,True,main.py:92 json.load [matched json.load],False,,True,src/bayesian_inference/BNN.py:48 tf.keras.Sequential [matched keras.Sequential],False,,False,,False,,"unverified: missing stages: data_preparation, training, evaluation, inference"
https://github.com/cuican1432/nlu-naluhodo,no_dockerfile,False,0,0,0,,,0,0,0,0,0,False,,False,,False,,False,,False,,False,,no Dockerfile and no fallback entry point found
https://github.com/ziangzhang10/satellite-data-machine-learning,ok,False,1,0,1,engine\app.py,fallback_nested,1,12,0,0,0,False,,False,,False,,False,,False,,True,engine/app.py:9 flask.Flask [matched Flask],"unverified: missing stages: data_acquisition, data_preparation, modeling, training, evaluation"
https://github.com/markmoses/GPflow_mm2,no_entry,False,0,2,0,,,0,0,0,0,0,False,,False,,False,,False,,False,,False,,Dockerfile(s) found but no Python entry point could be resolved
https://github.com/run-youngjoo/SC-FEGAN,no_dockerfile,False,0,0,0,,,0,0,0,0,0,False,,False,,False,,False,,False,,False,,no Dockerfile and no fallback entry point found
https://github.com/meizi1114/bert,no_dockerfile,False,0,0,0,,,0,0,0,0,0,False,,False,,False,,False,,False,,False,,no Dockerfile and no fallback entry point found
https://github.com/Kovalskiii/myo,ok,False,2,0,1,main.py,fallback_root,7,54,2,0,0,False,,False,,True,model.py:8 tf.keras.layers.Flatten [matched tf.keras.layers.*],False,,False,,True,gesture.py:33 self.model.predict [matched model.predict],"unverified: missing stages: data_acquisition, data_preparation, training, evaluation"
https://github.com/lain-m21/inference-performance-test,no_entry,False,0,7,0,,,0,0,0,0,0,False,,False,,False,,False,,False,,False,,Dockerfile(s) found but no Python entry point could be resolved
https://github.com/anarchuser/nlp-test,ok,False,0,0,1,main.py,fallback_root,2,1,1,0,0,False,,False,,False,,False,,False,,False,,"unverified: missing stages: data_acquisition, data_preparation, modeling, training, evaluation, inference"
https://github.com/adhaamehab/arabicnlp,no_dockerfile,False,0,0,0,,,0,0,0,0,0,False,,False,,False,,False,,False,,False,,no Dockerfile and no fallback entry point found
https://github.com/aminaghoul/reads_seq,clone_failed,False,0,0,0,,,0,0,0,0,0,False,,False,,False,,False,,False,,False,,remote: Repository not found.
https://github.com/zhyantao/image-segmentation,ok,False,1,0,1,src\train.py,fallback_nested,1,0,0,0,0,False,,False,,False,,True,src/train.py:45 model.fit_generator [matched model.fit_generator],False,,False,,"unverified: missing stages: data_acquisition, data_preparation, modeling, evaluation, inference"
https://github.com/mesutpiskin/computer-vision-guide,no_dockerfile,False,0,0,0,,,0,0,0,0,0,False,,False,,False,,False,,False,,False,,no Dockerfile and no fallback entry point found
https://github.com/DZehden/MusicGeneration,no_dockerfile,False,0,0,0,,,0,0,0,0,0,False,,False,,False,,False,,False,,False,,no Dockerfile and no fallback entry point found
https://github.com/sudnya/bert-word-embeddings,ok,False,0,0,1,train.py,fallback_root,1,6,0,0,0,False,,False,,False,,False,,False,,False,,"unverified: missing stages: data_acquisition, data_preparation, modeling, training, evaluation, inference"
https://github.com/asingh33/CNNGestureRecognizer,no_dockerfile,False,0,0,0,,,0,0,0,0,0,False,,False,,False,,False,,False,,False,,no Dockerfile and no fallback entry point found
https://github.com/mamonteiro-brg/Project-LEI,clone_failed,False,0,0,0,,,0,0,0,0,0,False,,False,,False,,False,,False,,False,,remote: Repository not found.
https://github.com/Yuqi92/deep-patient-representation-mimiciii-multitask,ok,False,2,1,1,train.py,fallback_root,4,14,1,0,0,True,train.py:18 pd.read_csv [matched pd.read_csv],False,,False,,False,,True,utility.py:357 sklearn.metrics.roc_auc_score [matched roc_auc_score],False,,"unverified: missing stages: data_preparation, modeling, training, inference"
https://github.com/dandersonw/ml-final-project,no_dockerfile,False,0,0,0,,,0,0,0,0,0,False,,False,,False,,False,,False,,False,,no Dockerfile and no fallback entry point found
https://github.com/fau-masters-collected-works-cgarbin/cot6930-natural-language-processing,no_dockerfile,False,0,0,0,,,0,0,0,0,0,False,,False,,False,,False,,False,,False,,no Dockerfile and no fallback entry point found
https://github.com/datasciencesociety/genchobg,no_dockerfile,False,0,0,0,,,0,0,0,0,0,False,,False,,False,,False,,False,,False,,no Dockerfile and no fallback entry point found
https://github.com/RoboticsLabURJC/2019-phd-alberto-martin,no_entry,False,0,2,0,,,0,0,0,0,0,False,,False,,False,,False,,False,,False,,Dockerfile(s) found but no Python entry point could be resolved
https://github.com/akb89/word2vec,ok,False,1,0,1,word2vec\main.py,fallback_nested,11,37,3,0,0,True,word2vec/utils/config.py:20 yaml.safe_load [matched yaml.safe_load],False,,False,,False,,False,,False,,"unverified: missing stages: data_preparation, modeling, training, evaluation, inference"
https://github.com/stoicswe/CSCI-480A-Senior-Capstone-Computer-Science,no_dockerfile,False,0,0,0,,,0,0,0,0,0,False,,False,,False,,False,,False,,False,,no Dockerfile and no fallback entry point found
https://github.com/henighan/deeprl-intro,ok,False,0,0,1,deeprl\manage.py,fallback_console_script,3,10,1,0,0,False,,False,,False,,False,,False,,False,,"unverified: missing stages: data_acquisition, data_preparation, modeling, training, evaluation, inference"
https://github.com/thecodefoundation/vison,no_dockerfile,False,0,0,0,,,0,0,0,0,0,False,,False,,False,,False,,False,,False,,no Dockerfile and no fallback entry point found
https://github.com/JJMats/programming_a_real_self_driving_car,no_entry,False,0,1,0,,,0,0,0,0,0,False,,False,,False,,False,,False,,False,,Dockerfile(s) found but no Python entry point could be resolved
https://github.com/padfoot18/SAHEB,ok,False,2,0,1,app.py,fallback_root,2,20,1,0,0,True,app.py:134 sqlite3.connect [matched sqlite3.connect],False,,False,,False,,False,,True,app.py:22 flask.Flask [matched Flask],"unverified: missing stages: data_preparation, modeling, training, evaluation"
https://github.com/Nstats/bert_MRC,no_dockerfile,False,0,0,0,,,0,0,0,0,0,False,,False,,False,,False,,False,,False,,no Dockerfile and no fallback entry point found
https://github.com/fmgonzales/cloudml,no_entry,False,0,4,0,,,0,0,0,0,0,False,,False,,False,,False,,False,,False,,Dockerfile(s) found but no Python entry point could be resolved
https://github.com/kpe/params-flow,no_dockerfile,False,0,0,0,,,0,0,0,0,0,False,,False,,False,,False,,False,,False,,no Dockerfile and no fallback entry point found
https://github.com/stivenramireza/ai-english-adaptative-classification-test,no_entry,False,0,1,0,,,0,0,0,0,0,False,,False,,False,,False,,False,,False,,Dockerfile(s) found but no Python entry point could be resolved
https://github.com/AlbertSuarez/donework,ok,False,2,0,1,src\__main__.py,fallback_nested,14,55,5,0,0,True,src/donework.py:42 requests.get [matched requests.get],False,,False,,False,,False,,True,src/donework.py:20 flask.Flask [matched Flask],"unverified: missing stages: data_preparation, modeling, training, evaluation"
https://github.com/myelintek/MLMonkey,ok,False,2,15,1,mlmonkey\app.py,fallback_nested,5,26,2,0,0,True,mlmonkey/api/view.py:39 json.load [matched json.load],False,,False,,False,,False,,True,mlmonkey/app.py:9 flask.Flask [matched Flask],"unverified: missing stages: data_preparation, modeling, training, evaluation"
https://github.com/AnuragDharNEU/AdvancedDataScience,no_entry,False,0,3,0,,,0,0,0,0,0,False,,False,,False,,False,,False,,False,,Dockerfile(s) found but no Python entry point could be resolved
https://github.com/IntelAI/tools,no_entry,False,0,2,0,,,0,0,0,0,0,False,,False,,False,,False,,False,,False,,Dockerfile(s) found but no Python entry point could be resolved
https://github.com/kirilcvetkov92/ScorpionDrive-System-Integration,no_entry,False,0,1,0,,,0,0,0,0,0,False,,False,,False,,False,,False,,False,,Dockerfile(s) found but no Python entry point could be resolved
https://github.com/pyxyyy/gesture-drumkit,no_dockerfile,False,0,0,0,,,0,0,0,0,0,False,,False,,False,,False,,False,,False,,no Dockerfile and no fallback entry point found
https://github.com/vitalyli/tfocr,ok,False,2,0,1,train.py,fallback_root,1,23,0,0,0,False,,False,,True,train.py:508 keras.layers.Input [matched keras.layers.*],True,train.py:586 model.fit_generator [matched model.fit_generator],False,,False,,"unverified: missing stages: data_acquisition, data_preparation, evaluation, inference"
https://github.com/dniku/rl-attention,ok,False,1,0,1,main.py,fallback_root,5,17,2,0,0,True,main.py:127 json.load [matched json.load],False,,False,,False,,False,,False,,"unverified: missing stages: data_preparation, modeling, training, evaluation, inference"
https://github.com/xiaobaibaibaibai/ENB691,no_dockerfile,False,0,0,0,,,0,0,0,0,0,False,,False,,False,,False,,False,,False,,no Dockerfile and no fallback entry point found
https://github.com/fooSynaptic/transfromer_NN_Block,no_dockerfile,False,0,0,0,,,0,0,0,0,0,False,,False,,False,,False,,False,,False,,no Dockerfile and no fallback entry point found
https://github.com/yizhou-wang/mask-rcnn,no_dockerfile,False,0,0,0,,,0,0,0,0,0,False,,False,,False,,False,,False,,False,,no Dockerfile and no fallback entry point found
https://github.com/yu4u/noise2noise,ok,False,3,0,1,train.py,fallback_root,4,30,1,0,0,True,generator.py:33 cv2.imread [matched cv2.imread],False,,True,model.py:60 keras.layers.convolutional.Conv2D [matched keras.layers.*],True,train.py:101 model.fit_generator [matched model.fit_generator],False,,False,,"unverified: missing stages: data_preparation, evaluation, inference"
https://github.com/IBM/MAX-Image-Resolution-Enhancer,ok,False,1,1,1,app.py,dockerfile,10,40,5,0,0,False,,False,,True,core/SRGAN/ops.py:71 tf.keras.layers.LeakyReLU [matched tf.keras.layers.*],False,,False,,False,,"unverified: missing stages: data_acquisition, data_preparation, training, evaluation, inference"
https://github.com/loading99/Data-Analysis,clone_failed,False,0,0,0,,,0,0,0,0,0,False,,False,,False,,False,,False,,False,,error: invalid path 'Kaggle Competition: Google Cloud & NCAAÂ® ML Competition 2019-Women's/Readme.md'
https://github.com/RandallBalestriero/Sknet,no_dockerfile,False,0,0,0,,,0,0,0,0,0,False,,False,,False,,False,,False,,False,,no Dockerfile and no fallback entry point found
https://github.com/rickyHong/JPEG-Defense-repl,ok,False,2,0,1,shield\main.py,fallback_nested,13,62,3,0,0,True,shield/utils/metering.py:114 np.load [matched np.load],False,,True,shield/attack.py:99 Model [matched Model],False,,False,,False,,"unverified: missing stages: data_preparation, training, evaluation, inference"
https://github.com/joellehanna97/project,clone_failed,False,0,0,0,,,0,0,0,0,0,False,,False,,False,,False,,False,,False,,remote: Repository not found.
https://github.com/Gaozhen0816/BERT_QA_For_AILaw,no_dockerfile,False,0,0,0,,,0,0,0,0,0,False,,False,,False,,False,,False,,False,,no Dockerfile and no fallback entry point found
https://github.com/lisaplag/portfolio-autoencoder,no_dockerfile,False,0,0,0,,,0,0,0,0,0,False,,False,,False,,False,,False,,False,,no Dockerfile and no fallback entry point found
https://github.com/akhileshdevrari/CS-671,clone_failed,False,0,0,0,,,0,0,0,0,0,False,,False,,False,,False,,False,,False,,error: invalid path 'Assignment-2/Report : Assignment-2.pdf'
https://github.com/yamanzholov/Image_text_matching,clone_failed,False,0,0,0,,,0,0,0,0,0,False,,False,,False,,False,,False,,False,,remote: Repository not found.
https://github.com/kasperschnack/vizdoom-docker-jupyter-setup,no_entry,False,0,2,0,,,0,0,0,0,0,False,,False,,False,,False,,False,,False,,Dockerfile(s) found but no Python entry point could be resolved
https://github.com/speg03/til,no_entry,False,0,1,0,,,0,0,0,0,0,False,,False,,False,,False,,False,,False,,Dockerfile(s) found but no Python entry point could be resolved
https://github.com/rocky3355/UdacityFinalProject,no_dockerfile,False,0,0,0,,,0,0,0,0,0,False,,False,,False,,False,,False,,False,,no Dockerfile and no fallback entry point found
https://github.com/indiesoul2/MachingLearing-HandOn,no_entry,False,0,1,0,,,0,0,0,0,0,False,,False,,False,,False,,False,,False,,Dockerfile(s) found but no Python entry point could be resolved
https://github.com/SwapneelM/TrackingNtuples,no_dockerfile,False,0,0,0,,,0,0,0,0,0,False,,False,,False,,False,,False,,False,,no Dockerfile and no fallback entry point found
https://github.com/Rowing0914/Reinforcement_Learning,no_dockerfile,False,0,0,0,,,0,0,0,0,0,False,,False,,False,,False,,False,,False,,no Dockerfile and no fallback entry point found
https://github.com/SergeyKalutsky/vsc,no_dockerfile,False,0,0,0,,,0,0,0,0,0,False,,False,,False,,False,,False,,False,,no Dockerfile and no fallback entry point found
https://github.com/Octavian-ai/BigGAN-TPU-TensorFlow,no_dockerfile,False,0,0,0,,,0,0,0,0,0,False,,False,,False,,False,,False,,False,,no Dockerfile and no fallback entry point found
https://github.com/armsc00l/google-research,clone_failed,False,0,0,0,,,0,0,0,0,0,False,,False,,False,,False,,False,,False,,remote: Repository not found.
https://github.com/EloiZalczer/4xCar,ok,False,0,0,1,ironcar\main.py,fallback_nested,1,2,0,0,0,False,,False,,False,,False,,False,,False,,"unverified: missing stages: data_acquisition, data_preparation, modeling, training, evaluation, inference"
https://github.com/Vin985/ecosongs,ok,False,0,0,1,src\main.py,fallback_nested,1,0,0,0,0,False,,False,,False,,False,,False,,False,,"unverified: missing stages: data_acquisition, data_preparation, modeling, training, evaluation, inference"
https://github.com/murakami2218/wagtail88,ok,False,2,0,1,main.py,fallback_root,1,5,0,0,0,True,main.py:121 cv2.imread [matched cv2.imread],False,,False,,False,,False,,True,main.py:31 flask.Flask [matched Flask],"unverified: missing stages: data_preparation, modeling, training, evaluation"
https://github.com/suresh-chekuri/keras_faster_rcnn,no_dockerfile,False,0,0,0,,,0,0,0,0,0,False,,False,,False,,False,,False,,False,,no Dockerfile and no fallback entry point found
https://github.com/sen07/CC-Darkflow1,no_dockerfile,False,0,0,0,,,0,0,0,0,0,False,,False,,False,,False,,False,,False,,no Dockerfile and no fallback entry point found
https://github.com/Shivamagrawal2014/tf_base,no_dockerfile,False,0,0,0,,,0,0,0,0,0,False,,False,,False,,False,,False,,False,,no Dockerfile and no fallback entry point found
https://github.com/AlessandroSteri/computer_vision,ok,False,4,0,1,main.py,fallback_root,26,167,4,0,0,True,gte/preprocessing/dataset.py:41 csv.reader [matched csv.reader],False,,True,gte/model/model.py:1037 keras.layers.Input [matched keras.layers.*],False,,True,gte/model/model.py:1969 sklearn.metrics.f1_score [matched f1_score],True,gte/images/deep_learning_models/vgg16.py:203 model.predict [matched model.predict],"unverified: missing stages: data_preparation, training"
https://github.com/erichw17/CS-V-Project-Handwritten-Text-Recognition,no_dockerfile,False,0,0,0,,,0,0,0,0,0,False,,False,,False,,False,,False,,False,,no Dockerfile and no fallback entry point found
https://github.com/adhityan1997/yolo,no_dockerfile,False,0,0,0,,,0,0,0,0,0,False,,False,,False,,False,,False,,False,,no Dockerfile and no fallback entry point found
https://github.com/rickyHong/Mask-RCNN-repl2,no_dockerfile,False,0,0,0,,,0,0,0,0,0,False,,False,,False,,False,,False,,False,,no Dockerfile and no fallback entry point found
https://github.com/vanminh2697/KHOALUAN,clone_failed,False,0,0,0,,,0,0,0,0,0,False,,False,,False,,False,,False,,False,,remote: Repository not found.
https://github.com/wolf-bailang/AI-Book-Source-Code,no_dockerfile,False,0,0,0,,,0,0,0,0,0,False,,False,,False,,False,,False,,False,,no Dockerfile and no fallback entry point found
https://github.com/chirsxjh/My-project,no_dockerfile,False,0,0,0,,,0,0,0,0,0,False,,False,,False,,False,,False,,False,,no Dockerfile and no fallback entry point found
https://github.com/freedombenLiu/MatchZoo,no_dockerfile,False,0,0,0,,,0,0,0,0,0,False,,False,,False,,False,,False,,False,,no Dockerfile and no fallback entry point found
https://github.com/lewis-od/QNN,no_dockerfile,False,0,0,0,,,0,0,0,0,0,False,,False,,False,,False,,False,,False,,no Dockerfile and no fallback entry point found
https://github.com/Anchormen/snacks-hacks-tfgan,no_entry,False,0,1,0,,,0,0,0,0,0,False,,False,,False,,False,,False,,False,,Dockerfile(s) found but no Python entry point could be resolved
https://github.com/joshnroy/TransferLearningThesis,clone_failed,False,0,0,0,,,0,0,0,0,0,False,,False,,False,,False,,False,,False,,error: invalid path 'ddqn/\'
https://github.com/mokemokechicken/obstacle_tower,no_dockerfile,False,0,0,0,,,0,0,0,0,0,False,,False,,False,,False,,False,,False,,no Dockerfile and no fallback entry point found
https://github.com/paul-data-science/Deep_Learning_CNN,ok,False,1,0,1,app\app.py,fallback_nested,1,5,0,0,0,False,,False,,False,,False,,False,,True,app/app.py:26 flask.Flask [matched Flask],"unverified: missing stages: data_acquisition, data_preparation, modeling, training, evaluation"
https://github.com/tensorflow/examples,no_entry,False,0,1,0,,,0,0,0,0,0,False,,False,,False,,False,,False,,False,,Dockerfile(s) found but no Python entry point could be resolved
https://github.com/dsam99/sandwiches,clone_failed,False,0,0,0,,,0,0,0,0,0,False,,False,,False,,False,,False,,False,,remote: Repository not found.
https://github.com/HBvision/CAM2YOLO,clone_failed,False,0,0,0,,,0,0,0,0,0,False,,False,,False,,False,,False,,False,,remote: Repository not found.
https://github.com/fdelgadom/GCP-training-data-analyst,no_entry,False,0,29,3,,dockerfile,0,0,0,0,0,False,,False,,False,,False,,False,,False,,no resolved entry point yielded a usable call graph
https://github.com/pedrob37/NiftyNetLocal,ok,False,3,0,1,niftynet\utilities\download.py,fallback_console_script,76,635,6,0,4,True,niftynet/utilities/download.py:111 six.moves.urllib.request.urlretrieve [matched urllib.request.urlretrieve],True,niftynet/io/image_sets_partitioner.py:170 pd.merge [matched pd.merge],False,,False,,True,niftynet/application/classification_application.py:215 tf.contrib.metrics.confusion_matrix [matched confusion_matrix],False,,"unverified: missing stages: modeling, training, inference"
https://github.com/zmr227/Deep-Learning-Nanodegree,no_dockerfile,False,0,0,0,,,0,0,0,0,0,False,,False,,False,,False,,False,,False,,no Dockerfile and no fallback entry point found
https://github.com/rashedoz/PlantDiseaseDtection_bdFarmer,no_entry,False,0,1,0,,,0,0,0,0,0,False,,False,,False,,False,,False,,False,,Dockerfile(s) found but no Python entry point could be resolved
https://github.com/DandyQi/bert-learning,no_dockerfile,False,0,0,0,,,0,0,0,0,0,False,,False,,False,,False,,False,,False,,no Dockerfile and no fallback entry point found
https://github.com/VarlamovGeorge/LP_PhotoAnalyzer,clone_failed,False,0,0,0,,,0,0,0,0,0,False,,False,,False,,False,,False,,False,,Error downloading object: cnn/trained/cnn.h5 (35efa69): Smudge error: Error downloading cnn/trained/cnn.h5 (35efa69453228f6d3c33f7711eddee7b5a1eda63066117fdc87f79bd408554f8): batch response: Resource not accessible by personal access token
https://github.com/rickyHong/tensorflow-plot-repl,no_dockerfile,False,0,0,0,,,0,0,0,0,0,False,,False,,False,,False,,False,,False,,no Dockerfile and no fallback entry point found
https://github.com/fciannel/bert_fciannel,no_dockerfile,False,0,0,0,,,0,0,0,0,0,False,,False,,False,,False,,False,,False,,no Dockerfile and no fallback entry point found
https://github.com/kingcheng2000/bert,no_dockerfile,False,0,0,0,,,0,0,0,0,0,False,,False,,False,,False,,False,,False,,no Dockerfile and no fallback entry point found
https://github.com/tianbingsz/WALL-E,ok,False,0,0,1,src\main.py,fallback_nested,1,3,0,0,0,False,,False,,False,,False,,False,,False,,"unverified: missing stages: data_acquisition, data_preparation, modeling, training, evaluation, inference"
https://github.com/sliderSun/pynlp,no_dockerfile,False,0,0,0,,,0,0,0,0,0,False,,False,,False,,False,,False,,False,,no Dockerfile and no fallback entry point found
https://github.com/czxttkl/Tutorials,no_entry,False,0,1,0,,,0,0,0,0,0,False,,False,,False,,False,,False,,False,,Dockerfile(s) found but no Python entry point could be resolved
https://github.com/kuredatan/nn-visu,no_dockerfile,False,0,0,0,,,0,0,0,0,0,False,,False,,False,,False,,False,,False,,no Dockerfile and no fallback entry point found
https://github.com/gbotev/PGPortfolio,ok,False,2,0,1,main.py,fallback_root,21,124,4,0,0,True,main.py:71 json.load [matched json.load],True,pgportfolio/marketdata/globaldatamatrix.py:85 pd.to_datetime [matched pd.to_datetime],False,,False,,False,,False,,"unverified: missing stages: modeling, training, evaluation, inference"
https://github.com/mplefort/Python_Learning,no_entry,False,0,1,0,,,0,0,0,0,0,False,,False,,False,,False,,False,,False,,Dockerfile(s) found but no Python entry point could be resolved
https://github.com/Agade09/CGBot2,clone_failed,False,0,0,0,,,0,0,0,0,0,False,,False,,False,,False,,False,,False,,Error downloading object: training_checkpoints/vocab_de.npy (c553a65): Smudge error: Error downloading training_checkpoints/vocab_de.npy (c553a65dd0783390f7027840e106371a26e30b58fa9c57b727cf3da3f71385c9): batch response: Resource not accessible by personal access token
https://github.com/Withington/deepscent,clone_failed,False,0,0,0,,,0,0,0,0,0,False,,False,,False,,False,,False,,False,,error: invalid path 'logs/2018-11-18T08:48/GunPoint/history.csv'
https://github.com/ummavi/rlforge,no_dockerfile,False,0,0,0,,,0,0,0,0,0,False,,False,,False,,False,,False,,False,,no Dockerfile and no fallback entry point found
https://github.com/lsmallpotato/PyTorch,no_dockerfile,False,0,0,0,,,0,0,0,0,0,False,,False,,False,,False,,False,,False,,no Dockerfile and no fallback entry point found
https://github.com/ageron/handson-ml2,no_entry,False,0,2,0,,,0,0,0,0,0,False,,False,,False,,False,,False,,False,,Dockerfile(s) found but no Python entry point could be resolved
https://github.com/guotong1988/BERT-GPU,no_dockerfile,False,0,0,0,,,0,0,0,0,0,False,,False,,False,,False,,False,,False,,no Dockerfile and no fallback entry point found
https://github.com/SteffenHaeussler/Self-Driving_Car_Engineer,clone_failed,False,0,0,0,,,0,0,0,0,0,False,,False,,False,,False,,False,,False,,remote: Repository not found.
https://github.com/JacobPjetursson/Pommerman_Project,ok,False,1,1,1,src\main.py,fallback_nested,1,1,0,0,0,False,,False,,False,,False,,False,,True,src/main.py:122 torch.no_grad [matched torch.no_grad],"unverified: missing stages: data_acquisition, data_preparation, modeling, training, evaluation"
https://github.com/saalfeldlab/eqip,no_entry,False,0,1,0,,,0,0,0,0,0,False,,False,,False,,False,,False,,False,,Dockerfile(s) found but no Python entry point could be resolved
https://github.com/rapidrabbit76/PaintsTensorFlow,ok,False,4,1,1,main.py,fallback_root,15,42,6,0,0,False,,True,dataset/transforms.py:21 A.Compose [matched A.Compose],True,models/discriminator/models.py:0 class Discriminator [matched <class subclasses model base>],True,main.py:45 wandb.init [matched wandb.init],True,trainer/draft.py:205 def test_step [matched <lightning hook test_step>],False,,"unverified: missing stages: data_acquisition, inference"
https://github.com/paxtonjung/TensorFlow-Tutorials,no_dockerfile,False,0,0,0,,,0,0,0,0,0,False,,False,,False,,False,,False,,False,,no Dockerfile and no fallback entry point found
https://github.com/Shridhar-2205/Energy-Efficient-Cloud-Computing-using-Monitoring-and-Prediction,no_dockerfile,False,0,0,0,,,0,0,0,0,0,False,,False,,False,,False,,False,,False,,no Dockerfile and no fallback entry point found
https://github.com/dunna-error/shopping-classification,no_dockerfile,False,0,0,0,,,0,0,0,0,0,False,,False,,False,,False,,False,,False,,no Dockerfile and no fallback entry point found
https://github.com/scikit-multilearn/scikit-multilearn,no_dockerfile,False,0,0,0,,,0,0,0,0,0,False,,False,,False,,False,,False,,False,,no Dockerfile and no fallback entry point found
https://github.com/cfifty/numpyGCN,ok,False,0,0,1,tfGCN\train.py,fallback_nested,1,1,0,0,0,False,,False,,False,,False,,False,,False,,"unverified: missing stages: data_acquisition, data_preparation, modeling, training, evaluation, inference"
https://github.com/mbardwell/intelligent-simulation-handler,clone_failed,False,0,0,0,,,0,0,0,0,0,False,,False,,False,,False,,False,,False,,remote: Repository not found.
https://github.com/YasaswiVedula/vancouveraischool,ok,False,2,0,1,app.py,fallback_root,4,9,1,0,0,True,ml_model/utils.py:40 pickle.load [matched pickle.load],False,,False,,False,,False,,True,app.py:43 flask.Flask [matched Flask],"unverified: missing stages: data_preparation, modeling, training, evaluation"
https://github.com/susantamoh84/handson-ml,no_entry,False,0,1,0,,,0,0,0,0,0,False,,False,,False,,False,,False,,False,,Dockerfile(s) found but no Python entry point could be resolved
https://github.com/Valentine233/Cyber-attack-detection,no_dockerfile,False,0,0,0,,,0,0,0,0,0,False,,False,,False,,False,,False,,False,,no Dockerfile and no fallback entry point found
https://github.com/MaZhiyuanBUAA/bert-tf1.4.0,no_dockerfile,False,0,0,0,,,0,0,0,0,0,False,,False,,False,,False,,False,,False,,no Dockerfile and no fallback entry point found
https://github.com/DavJ/MachineLearning,no_dockerfile,False,0,0,0,,,0,0,0,0,0,False,,False,,False,,False,,False,,False,,no Dockerfile and no fallback entry point found
https://github.com/Hourout/tensorcv,no_dockerfile,False,0,0,0,,,0,0,0,0,0,False,,False,,False,,False,,False,,False,,no Dockerfile and no fallback entry point found
https://github.com/tyxr/bert,no_dockerfile,False,0,0,0,,,0,0,0,0,0,False,,False,,False,,False,,False,,False,,no Dockerfile and no fallback entry point found
https://github.com/cheng18/crs,no_entry,False,0,4,0,,,0,0,0,0,0,False,,False,,False,,False,,False,,False,,Dockerfile(s) found but no Python entry point could be resolved
https://github.com/B-urb/deep-learning-udacity,no_dockerfile,False,0,0,0,,,0,0,0,0,0,False,,False,,False,,False,,False,,False,,no Dockerfile and no fallback entry point found
https://github.com/rielaender/titanic,no_dockerfile,False,0,0,0,,,0,0,0,0,0,False,,False,,False,,False,,False,,False,,no Dockerfile and no fallback entry point found
https://github.com/muffyharsha/Team-Anonymous-BTS,no_dockerfile,False,0,0,0,,,0,0,0,0,0,False,,False,,False,,False,,False,,False,,no Dockerfile and no fallback entry point found
https://github.com/kv3n/semanticsegtest,no_dockerfile,False,0,0,0,,,0,0,0,0,0,False,,False,,False,,False,,False,,False,,no Dockerfile and no fallback entry point found
https://github.com/Sebastianvarv/rl-homework,no_dockerfile,False,0,0,0,,,0,0,0,0,0,False,,False,,False,,False,,False,,False,,no Dockerfile and no fallback entry point found
https://github.com/zheyejs/3D-convolutional-speaker-recognition,no_dockerfile,False,0,0,0,,,0,0,0,0,0,False,,False,,False,,False,,False,,False,,no Dockerfile and no fallback entry point found
https://github.com/stevewyl/nlp_toolkit,no_dockerfile,False,0,0,0,,,0,0,0,0,0,False,,False,,False,,False,,False,,False,,no Dockerfile and no fallback entry point found
https://github.com/LukaszMalucha/Twitter-Flask,ok,False,3,0,1,app.py,fallback_root,6,14,2,0,0,True,apps/sentiment/views.py:45 pickle.load [matched pickle.load],False,,True,app.py:0 class Tweets [matched <class subclasses model base>],False,,False,,True,app.py:51 flask.Flask [matched Flask],"unverified: missing stages: data_preparation, training, evaluation"
https://github.com/basilvetas/lending-club-analysis,no_dockerfile,False,0,0,0,,,0,0,0,0,0,False,,False,,False,,False,,False,,False,,no Dockerfile and no fallback entry point found
https://github.com/IBM/MAX-Named-Entity-Tagger,ok,False,0,1,1,app.py,dockerfile,8,14,4,0,0,False,,False,,False,,False,,False,,False,,"unverified: missing stages: data_acquisition, data_preparation, modeling, training, evaluation, inference"
https://github.com/Tencent/PocketFlow,no_dockerfile,False,0,0,0,,,0,0,0,0,0,False,,False,,False,,False,,False,,False,,no Dockerfile and no fallback entry point found
https://github.com/TalwalkarLab/leaf,no_dockerfile,False,0,0,0,,,0,0,0,0,0,False,,False,,False,,False,,False,,False,,no Dockerfile and no fallback entry point found
https://github.com/rgal/gym-2048,ok,False,4,0,1,train.py,fallback_root,4,49,1,0,0,True,train.py:64 torch.utils.data.DataLoader [matched DataLoader],False,,True,model.py:0 class ResidualBlock [matched <class subclasses model base>],True,train.py:73 optimizer.zero_grad [matched optimizer.zero_grad],False,,True,train.py:95 model.eval [matched model.eval],"unverified: missing stages: data_preparation, evaluation"
https://github.com/PhotoTagger/django-initial,no_dockerfile,False,0,0,0,,,0,0,0,0,0,False,,False,,False,,False,,False,,False,,no Dockerfile and no fallback entry point found
https://github.com/tsaxena/spacenet_building_detection,no_entry,False,0,1,0,,,0,0,0,0,0,False,,False,,False,,False,,False,,False,,Dockerfile(s) found but no Python entry point could be resolved
https://github.com/CarlosGomes98/Image_Colorization,no_dockerfile,False,0,0,0,,,0,0,0,0,0,False,,False,,False,,False,,False,,False,,no Dockerfile and no fallback entry point found
https://github.com/ebonilla/AutoGP,no_dockerfile,False,0,0,0,,,0,0,0,0,0,False,,False,,False,,False,,False,,False,,no Dockerfile and no fallback entry point found
https://github.com/frank1789/NeuralNetworks,ok,False,1,0,1,train.py,fallback_root,7,44,4,0,0,False,,False,,True,face_recognition.py:317 keras.layers.Flatten [matched keras.layers.*],False,,False,,False,,"unverified: missing stages: data_acquisition, data_preparation, training, evaluation, inference"
https://github.com/yesArjan/Playing-Go-with-RNNs,ok,False,0,0,1,main.py,fallback_root,12,75,3,0,0,False,,False,,False,,False,,False,,False,,"unverified: missing stages: data_acquisition, data_preparation, modeling, training, evaluation, inference"
https://github.com/ExcelE/horus-scope,clone_failed,False,0,0,0,,,0,0,0,0,0,False,,False,,False,,False,,False,,False,,Error downloading object: web.2/model/engine/inceptionv3_cars_graph.pb (05ded57): Smudge error: Error downloading web.2/model/engine/inceptionv3_cars_graph.pb (05ded5788b8ad60ec19d89a294040312329c4e270cebad2fb6bd5b83cb668623): batch response: Resource not accessible by personal access token
https://github.com/sgiraldog/coffee_test,no_dockerfile,False,0,0,0,,,0,0,0,0,0,False,,False,,False,,False,,False,,False,,no Dockerfile and no fallback entry point found
https://github.com/afeinstein20/eleanor,no_dockerfile,False,0,0,0,,,0,0,0,0,0,False,,False,,False,,False,,False,,False,,no Dockerfile and no fallback entry point found
https://github.com/vevurka/mt-lob,no_dockerfile,False,0,0,0,,,0,0,0,0,0,False,,False,,False,,False,,False,,False,,no Dockerfile and no fallback entry point found
https://github.com/sunnys-lab/Custom_Mask_RCNN3,no_dockerfile,False,0,0,0,,,0,0,0,0,0,False,,False,,False,,False,,False,,False,,no Dockerfile and no fallback entry point found
https://github.com/Hongyun1993/Data_generation,ok,False,1,0,1,main.py,fallback_root,1,4,0,0,0,True,main.py:124 cv2.imread [matched cv2.imread],False,,False,,False,,False,,False,,"unverified: missing stages: data_preparation, modeling, training, evaluation, inference"
https://github.com/simplysameer333/MachineLearning,no_dockerfile,False,0,0,0,,,0,0,0,0,0,False,,False,,False,,False,,False,,False,,no Dockerfile and no fallback entry point found
https://github.com/zzpu/wavenet,ok,False,1,0,1,train.py,fallback_root,5,44,2,0,0,True,train.py:209 json.load [matched json.load],False,,False,,False,,False,,False,,"unverified: missing stages: data_preparation, modeling, training, evaluation, inference"
https://github.com/yakolle/ml2lm,no_dockerfile,False,0,0,0,,,0,0,0,0,0,False,,False,,False,,False,,False,,False,,no Dockerfile and no fallback entry point found
https://github.com/brettgohre/still_life_rendering_gqn,no_dockerfile,False,0,0,0,,,0,0,0,0,0,False,,False,,False,,False,,False,,False,,no Dockerfile and no fallback entry point found
https://github.com/xysteve00/seq2seq-fingerprint,ok,False,0,0,1,train.py,fallback_root,4,15,1,0,0,False,,False,,False,,False,,False,,False,,"unverified: missing stages: data_acquisition, data_preparation, modeling, training, evaluation, inference"
https://github.com/omesht/Tesnor-Tutorial-HvaSS,no_dockerfile,False,0,0,0,,,0,0,0,0,0,False,,False,,False,,False,,False,,False,,no Dockerfile and no fallback entry point found
https://github.com/tpalczew/HideFaces,ok,False,1,0,1,app.py,fallback_root,1,0,0,0,0,False,,False,,False,,False,,False,,True,app.py:90 model.predict [matched model.predict],"unverified: missing stages: data_acquisition, data_preparation, modeling, training, evaluation"
https://github.com/IvanChingLi/tweet-classifier,clone_failed,False,0,0,0,,,0,0,0,0,0,False,,False,,False,,False,,False,,False,,remote: Repository not found.
https://github.com/PreferredAI/cornac,no_entry,False,0,1,0,,,0,0,0,0,0,False,,False,,False,,False,,False,,False,,Dockerfile(s) found but no Python entry point could be resolved
https://github.com/CatalystCode/faceanalysis,ok,False,0,10,1,app\main.py,fallback_nested,1,6,0,0,0,False,,False,,False,,False,,False,,False,,"unverified: missing stages: data_acquisition, data_preparation, modeling, training, evaluation, inference"
https://github.com/cjacoby/robotwedding,ok,False,2,0,1,main.py,fallback_root,13,154,3,0,0,True,robot/outputs/display.py:118 PIL.Image.open [matched Image.open],False,,False,,False,,False,,True,robot/servers/http.py:6 flask.Flask [matched Flask],"unverified: missing stages: data_preparation, modeling, training, evaluation"
https://github.com/IooHooI/NEURAL_NETWORKS,no_dockerfile,False,0,0,0,,,0,0,0,0,0,False,,False,,False,,False,,False,,False,,no Dockerfile and no fallback entry point found
https://github.com/MarcJavin/ODYNN,no_dockerfile,False,0,0,0,,,0,0,0,0,0,False,,False,,False,,False,,False,,False,,no Dockerfile and no fallback entry point found
https://github.com/mdc2018-diggers/Sign-Language-Digits-Dataset,no_dockerfile,False,0,0,0,,,0,0,0,0,0,False,,False,,False,,False,,False,,False,,no Dockerfile and no fallback entry point found
https://github.com/hadifar/GrammarCorrection,ok,False,2,0,1,models\train.py,fallback_nested,2,1,1,0,0,True,models/train.py:24 np.load [matched np.load],False,,False,,True,models/train.py:57 model.fit_generator [matched model.fit_generator],False,,False,,"unverified: missing stages: data_preparation, modeling, evaluation, inference"
https://github.com/InsightDataScience/Sherlock,no_entry,False,0,1,0,,,0,0,0,0,0,False,,False,,False,,False,,False,,False,,Dockerfile(s) found but no Python entry point could be resolved
https://github.com/windstrip/PGPortfolio,ok,False,2,0,1,main.py,fallback_root,21,123,4,0,0,True,main.py:67 json.load [matched json.load],True,pgportfolio/marketdata/globaldatamatrix.py:71 pd.to_datetime [matched pd.to_datetime],False,,False,,False,,False,,"unverified: missing stages: modeling, training, evaluation, inference"
https://github.com/romangaev/JeevesChatBot,ok,False,2,0,1,app.py,fallback_root,5,28,2,0,0,True,app.py:21 pymongo.MongoClient [matched pymongo.MongoClient],False,,False,,False,,False,,True,tensorBot.py:125 model.predict [matched model.predict],"unverified: missing stages: data_preparation, modeling, training, evaluation"
https://github.com/castellwhite/TensorFlow-Tutorials,no_dockerfile,False,0,0,0,,,0,0,0,0,0,False,,False,,False,,False,,False,,False,,no Dockerfile and no fallback entry point found
https://github.com/wzulfikar/lab,no_dockerfile,False,0,0,0,,,0,0,0,0,0,False,,False,,False,,False,,False,,False,,no Dockerfile and no fallback entry point found
https://github.com/purushothamgowthu/pytorch-tutorial,no_dockerfile,False,0,0,0,,,0,0,0,0,0,False,,False,,False,,False,,False,,False,,no Dockerfile and no fallback entry point found
https://github.com/ifis-tu-bs/pyKE,no_dockerfile,False,0,0,0,,,0,0,0,0,0,False,,False,,False,,False,,False,,False,,no Dockerfile and no fallback entry point found
https://github.com/Octavian-ai/mac-graph,ok,False,2,1,1,macgraph\train.py,fallback_nested,35,183,6,0,0,True,macgraph/model.py:172 yaml.load [matched yaml.load],False,,False,,True,macgraph/train.py:40 comet_ml.Experiment [matched comet_ml.Experiment],False,,False,,"unverified: missing stages: data_preparation, modeling, evaluation, inference"
https://github.com/ucloud/uai-sdk,no_entry,False,0,63,1,,dockerfile,0,0,0,0,0,False,,False,,False,,False,,False,,False,,no resolved entry point yielded a usable call graph
https://github.com/amitkaps/deep-learning,no_dockerfile,False,0,0,0,,,0,0,0,0,0,False,,False,,False,,False,,False,,False,,no Dockerfile and no fallback entry point found
https://github.com/meta-exp/backend,ok,False,2,1,1,main.py,fallback_root,12,96,2,0,0,False,,True,domain_scoring/domain_scoring.py:38 sklearn.model_selection.train_test_split [matched train_test_split],True,domain_scoring/domain_scoring.py:23 sklearn.tree.DecisionTreeClassifier [matched DecisionTreeClassifier],False,,False,,False,,"unverified: missing stages: data_acquisition, training, evaluation, inference"
https://github.com/zhjpqq/Mask_RCNN_V2,no_dockerfile,False,0,0,0,,,0,0,0,0,0,False,,False,,False,,False,,False,,False,,no Dockerfile and no fallback entry point found
https://github.com/rickyHong/Joint-3D-Face-Reconstruction-Network,no_dockerfile,False,0,0,0,,,0,0,0,0,0,False,,False,,False,,False,,False,,False,,no Dockerfile and no fallback entry point found
https://github.com/weien8899/tensorlayer,no_dockerfile,False,0,0,0,,,0,0,0,0,0,False,,False,,False,,False,,False,,False,,no Dockerfile and no fallback entry point found
https://github.com/Techget/Text-Recognition,ok,False,1,0,1,main.py,fallback_root,6,37,2,0,0,True,main.py:40 cv2.imread [matched cv2.imread],False,,False,,False,,False,,False,,"unverified: missing stages: data_preparation, modeling, training, evaluation, inference"
https://github.com/dishen12/keras-maskrcnn,no_dockerfile,False,0,0,0,,,0,0,0,0,0,False,,False,,False,,False,,False,,False,,no Dockerfile and no fallback entry point found
https://github.com/agatan/ocr-experiments,ok,False,4,0,1,main.py,fallback_root,3,53,1,0,0,True,main.py:92 json.load [matched json.load],False,,True,main.py:233 tf.keras.layers.Conv2D [matched tf.keras.layers.*],False,,True,main.py:518 tf.losses.mean_squared_error [matched mean_squared_error],True,main.py:605 estimator.predict [matched estimator.predict],"unverified: missing stages: data_preparation, training"
https://github.com/jcmaeng/SDCND_Capstone,no_entry,False,0,1,0,,,0,0,0,0,0,False,,False,,False,,False,,False,,False,,Dockerfile(s) found but no Python entry point could be resolved
https://github.com/rickyHong/deep-voice-conversion-enhance-repl,no_dockerfile,False,0,0,0,,,0,0,0,0,0,False,,False,,False,,False,,False,,False,,no Dockerfile and no fallback entry point found
https://github.com/ricoshin/TextGAN,ok,False,5,0,1,main.py,fallback_root,13,68,2,0,0,True,data.py:109 np.load [matched np.load],True,d_trainer.py:171 nltk.tokenize.word_tokenize [matched nltk.tokenize.word_tokenize],False,,True,main.py:38 trainer.train [matched trainer.train],True,main.py:46 trainer.test [matched trainer.test],True,main.py:46 trainer.test [matched trainer.test],unverified: missing stages: modeling
https://github.com/ZackAttack614/BlackBird,ok,False,2,0,1,main.py,fallback_root,1,1,0,0,0,True,main.py:16 yaml.safe_load [matched yaml.safe_load],False,,True,main.py:21 Blackbird.Model [matched Model],False,,False,,False,,"unverified: missing stages: data_preparation, training, evaluation, inference"
https://github.com/jamesjarlathlong/continuous,no_dockerfile,False,0,0,0,,,0,0,0,0,0,False,,False,,False,,False,,False,,False,,no Dockerfile and no fallback entry point found
https://github.com/johnmartinsson/blood-glucose-prediction,ok,False,3,0,1,run.py,fallback_root,2,14,1,0,0,True,run.py:51 module_dataset.load_dataset [matched load_dataset],False,,False,,False,,True,run.py:131 metrics.root_mean_squared_error [matched root_mean_squared_error],True,run.py:126 model.predict [matched model.predict],"unverified: missing stages: data_preparation, modeling, training"
https://github.com/JaggerWu/Deep-Contact,no_dockerfile,False,0,0,0,,,0,0,0,0,0,False,,False,,False,,False,,False,,False,,no Dockerfile and no fallback entry point found
https://github.com/cheyang/tensorflow-sample-code,no_entry,False,0,15,0,,,0,0,0,0,0,False,,False,,False,,False,,False,,False,,Dockerfile(s) found but no Python entry point could be resolved
https://github.com/DEKHTIARJonathan/TensorFlow-Zoo,clone_failed,False,0,0,0,,,0,0,0,0,0,False,,False,,False,,False,,False,,False,,remote: Repository not found.
https://github.com/sunsibar/nlu_p2,ok,False,1,0,1,train.py,fallback_root,7,52,2,0,0,True,dataset.py:72 pd.read_csv [matched pd.read_csv],False,,False,,False,,False,,False,,"unverified: missing stages: data_preparation, modeling, training, evaluation, inference"
https://github.com/water-vapor/AlphaZero,no_dockerfile,False,0,0,0,,,0,0,0,0,0,False,,False,,False,,False,,False,,False,,no Dockerfile and no fallback entry point found
https://github.com/takuseno/a3c,ok,False,0,0,1,train.py,fallback_root,7,15,2,0,0,False,,False,,False,,False,,False,,False,,"unverified: missing stages: data_acquisition, data_preparation, modeling, training, evaluation, inference"
https://github.com/holm-aune-bachelor2018/ctc,ok,False,0,0,1,train.py,fallback_root,1,0,0,1,0,False,,False,,False,,False,,False,,False,,"unverified: missing stages: data_acquisition, data_preparation, modeling, training, evaluation, inference"
https://github.com/83286415/My-Hands,no_entry,False,0,1,0,,,0,0,0,0,0,False,,False,,False,,False,,False,,False,,Dockerfile(s) found but no Python entry point could be resolved
https://github.com/wesselb/lab,no_dockerfile,False,0,0,0,,,0,0,0,0,0,False,,False,,False,,False,,False,,False,,no Dockerfile and no fallback entry point found
https://github.com/menajosep/songscuncert,no_dockerfile,False,0,0,0,,,0,0,0,0,0,False,,False,,False,,False,,False,,False,,no Dockerfile and no fallback entry point found
https://github.com/MichaelCurrin/machine-learning-server,no_dockerfile,False,0,0,0,,,0,0,0,0,0,False,,False,,False,,False,,False,,False,,no Dockerfile and no fallback entry point found
https://github.com/ChrisTopherTa54321/foto2vam,no_dockerfile,False,0,0,0,,,0,0,0,0,0,False,,False,,False,,False,,False,,False,,no Dockerfile and no fallback entry point found
https://github.com/owoshch/yandex-conversational-challenge,ok,False,2,0,1,train.py,fallback_root,6,59,2,0,0,True,separate_ranking_model.py:276 pd.read_csv [matched pd.read_csv],True,model/data_utils.py:666 sklearn.cross_validation.train_test_split [matched train_test_split],False,,False,,False,,False,,"unverified: missing stages: modeling, training, evaluation, inference"
https://github.com/ultralytics/wave,ok,False,3,0,1,train.py,fallback_root,3,23,1,0,0,False,,False,,True,train.py:0 class WAVE [matched <class subclasses model base>],True,train.py:77 scheduler.step [matched scheduler.step],False,,True,train.py:96 model.eval [matched model.eval],"unverified: missing stages: data_acquisition, data_preparation, evaluation"
https://github.com/mlflow/mlflow,ok,True,6,15,1,mlflow\__main__.py,fallback_nested,882,11095,11,0,19,True,mlflow/deployments/cli.py:324 pd.read_json [matched pd.read_json],True,mlflow/utils/proto_json_utils.py:330 pd.to_datetime [matched pd.to_datetime],True,mlflow/gateway/config.py:504 Model [matched Model],True,mlflow/runs.py:188 mlflow.start_run [matched mlflow.start_run],True,mlflow/genai/evaluation/harness.py:769 mlflow.log_metrics [matched mlflow.log_metrics],True,mlflow/server/__init__.py:72 flask.Flask [matched Flask],verified: all 6 stages present
https://github.com/buddly27/stylish,no_dockerfile,False,0,0,0,,,0,0,0,0,0,False,,False,,False,,False,,False,,False,,no Dockerfile and no fallback entry point found
https://github.com/nitinvwaran/UrbanSound8K-audio-classification-with-ResNet,clone_failed,False,0,0,0,,,0,0,0,0,0,False,,False,,False,,False,,False,,False,,remote: Repository not found.
https://github.com/YuliaNikonova/celebrity_faces,no_entry,False,0,3,0,,,0,0,0,0,0,False,,False,,False,,False,,False,,False,,Dockerfile(s) found but no Python entry point could be resolved
https://github.com/NVIDIA/tacotron2,ok,False,4,1,1,train.py,fallback_root,14,89,3,0,0,True,train.py:55 torch.utils.data.DataLoader [matched DataLoader],False,,True,distributed.py:0 class DistributedDataParallel [matched <class subclasses model base>],True,train.py:226 loss.backward [matched loss.backward],False,,True,train.py:124 model.eval [matched model.eval],"unverified: missing stages: data_preparation, evaluation"
https://github.com/pinae/UnsharpDetector,ok,False,3,0,1,train.py,fallback_root,9,58,2,0,0,False,,False,,True,model.py:25 tf.keras.layers.Input [matched tf.keras.layers.*],True,train.py:156 model.fit [matched model.fit],False,,True,train.py:63 self.model.predict [matched model.predict],"unverified: missing stages: data_acquisition, data_preparation, evaluation"
https://github.com/czhu12/labelling-tool,no_dockerfile,False,0,0,0,,,0,0,0,0,0,False,,False,,False,,False,,False,,False,,no Dockerfile and no fallback entry point found
https://github.com/Msherman4231/CozmoTasteProject,ok,False,0,0,1,main.py,fallback_root,17,92,5,0,0,False,,False,,False,,False,,False,,False,,"unverified: missing stages: data_acquisition, data_preparation, modeling, training, evaluation, inference"
https://github.com/Cloud-CV/Fabrik,no_entry,False,0,6,0,,,0,0,0,0,0,False,,False,,False,,False,,False,,False,,Dockerfile(s) found but no Python entry point could be resolved
https://github.com/johnPertoft/smile,no_dockerfile,False,0,0,0,,,0,0,0,0,0,False,,False,,False,,False,,False,,False,,no Dockerfile and no fallback entry point found
https://github.com/raymondxu/p2p,ok,False,3,0,1,train.py,fallback_root,20,104,4,0,0,True,train.py:19 np.loadtxt [matched np.loadtxt],True,data/base_dataset.py:39 torchvision.transforms.Scale [matched torchvision.transforms.*],True,models/base_model.py:0 class BaseModel [matched <class subclasses model base>],False,,False,,False,,"unverified: missing stages: training, evaluation, inference"
https://github.com/eti-p-doray/unet-gan-matting,ok,False,2,0,1,train.py,fallback_root,5,25,3,0,0,True,train.py:142 PIL.Image.open [matched Image.open],False,,False,,False,,True,train.py:158 def test_step [matched <lightning hook test_step>],False,,"unverified: missing stages: data_preparation, modeling, training, inference"
https://github.com/Swalloow/quantist,no_dockerfile,False,0,0,0,,,0,0,0,0,0,False,,False,,False,,False,,False,,False,,no Dockerfile and no fallback entry point found
https://github.com/jmj23/deep-learning,no_dockerfile,False,0,0,0,,,0,0,0,0,0,False,,False,,False,,False,,False,,False,,no Dockerfile and no fallback entry point found
https://github.com/Matanley/Deep-Learning-Journey,no_dockerfile,False,0,0,0,,,0,0,0,0,0,False,,False,,False,,False,,False,,False,,no Dockerfile and no fallback entry point found
https://github.com/TenninYan/quantum-mnist,no_dockerfile,False,0,0,0,,,0,0,0,0,0,False,,False,,False,,False,,False,,False,,no Dockerfile and no fallback entry point found
https://github.com/a10y/squadgoals,ok,False,2,1,1,train.py,fallback_root,7,39,3,0,0,True,train.py:53 np.load [matched np.load],False,,False,,False,,True,train.py:202 model.evaluate [matched model.evaluate],False,,"unverified: missing stages: data_preparation, modeling, training, inference"
https://github.com/joethompson1961/CarND-Capstone,no_entry,False,0,1,0,,,0,0,0,0,0,False,,False,,False,,False,,False,,False,,Dockerfile(s) found but no Python entry point could be resolved
https://github.com/nyu-mll/multiNLI,no_dockerfile,False,0,0,0,,,0,0,0,0,0,False,,False,,False,,False,,False,,False,,no Dockerfile and no fallback entry point found
https://github.com/itamar8910/CloseClothes,ok,False,4,0,1,main.py,fallback_root,13,70,6,0,0,True,database/BaseDB.py:24 pickle.load [matched pickle.load],False,,True,tiny_faces/get_faces.py:27 tiny_faces.tiny_face_model.Model [matched Model],True,database/BaseDB.py:54 clf.fit [matched clf.fit],False,,True,algorithm/feats/FeatsExtractor.py:79 self.model.predict [matched model.predict],"unverified: missing stages: data_preparation, evaluation"
https://github.com/halungge/deep_galaxies,no_dockerfile,False,0,0,0,,,0,0,0,0,0,False,,False,,False,,False,,False,,False,,no Dockerfile and no fallback entry point found
https://github.com/skysense/core,clone_failed,False,0,0,0,,,0,0,0,0,0,False,,False,,False,,False,,False,,False,,error: invalid path 'data_examples/btc_price_2017-09-13T03:45:28+00:00.csv'
https://github.com/andrewandrewxu/CSC486_Project,clone_failed,False,0,0,0,,,0,0,0,0,0,False,,False,,False,,False,,False,,False,,remote: Repository not found.
https://github.com/jamesjarlathlong/groningen,no_dockerfile,False,0,0,0,,,0,0,0,0,0,False,,False,,False,,False,,False,,False,,no Dockerfile and no fallback entry point found
https://github.com/rizejin/asr,no_dockerfile,False,0,0,0,,,0,0,0,0,0,False,,False,,False,,False,,False,,False,,no Dockerfile and no fallback entry point found
https://github.com/bedapisl/blockworld_commands,no_dockerfile,False,0,0,0,,,0,0,0,0,0,False,,False,,False,,False,,False,,False,,no Dockerfile and no fallback entry point found
https://github.com/patrickszmucer/posenet,no_dockerfile,False,0,0,0,,,0,0,0,0,0,False,,False,,False,,False,,False,,False,,no Dockerfile and no fallback entry point found
https://github.com/cindyloo/rockstar-ai,no_dockerfile,False,0,0,0,,,0,0,0,0,0,False,,False,,False,,False,,False,,False,,no Dockerfile and no fallback entry point found
https://github.com/DaraJin/DeepLearning-ND101,no_dockerfile,False,0,0,0,,,0,0,0,0,0,False,,False,,False,,False,,False,,False,,no Dockerfile and no fallback entry point found
https://github.com/kechan/KerasVision,ok,False,3,0,1,train.py,fallback_root,19,101,5,2,0,True,train.py:346 pickle.load [matched pickle.load],False,,True,model/logistic_regression.py:20 keras.layers.Reshape [matched keras.layers.*],True,train.py:330 model.fit_generator [matched model.fit_generator],False,,False,,"unverified: missing stages: data_preparation, evaluation, inference"
https://github.com/Liuqian0501/keras-flask-gunicorn-docker-google_app_engine_web_service,ok,False,0,1,1,google_app_engine_web_service\main.py,fallback_nested,1,0,0,1,0,False,,False,,False,,False,,False,,False,,"unverified: missing stages: data_acquisition, data_preparation, modeling, training, evaluation, inference"
https://github.com/Mipanox/Bird_cocktail,ok,False,0,0,1,train.py,fallback_root,1,0,0,1,0,False,,False,,False,,False,,False,,False,,"unverified: missing stages: data_acquisition, data_preparation, modeling, training, evaluation, inference"
https://github.com/arnomoonens/yarll,ok,False,1,0,1,yarll\main.py,fallback_nested,7,39,3,0,0,True,yarll/misc/utils.py:117 json.load [matched json.load],False,,False,,False,,False,,False,,"unverified: missing stages: data_preparation, modeling, training, evaluation, inference"
https://github.com/spam-squared/spam-squared,ok,False,3,0,1,main.py,fallback_root,9,22,3,0,0,True,training_data/training_data_handler.py:5 sqlite3.connect [matched sqlite3.connect],False,,True,decision_tree/decision_tree.py:37 sklearn.tree.DecisionTreeClassifier [matched DecisionTreeClassifier],True,decision_tree/decision_tree.py:38 self.clf.fit [matched clf.fit],False,,False,,"unverified: missing stages: data_preparation, evaluation, inference"
https://github.com/Mark110/TensorFlow-run-Deep-Learning,no_dockerfile,False,0,0,0,,,0,0,0,0,0,False,,False,,False,,False,,False,,False,,no Dockerfile and no fallback entry point found
https://github.com/izhangzhihao/MachineLearningInAction,clone_failed,False,0,0,0,,,0,0,0,0,0,False,,False,,False,,False,,False,,False,,error: invalid path 'Module 2: Classification/LDA.py'
https://github.com/conan7882/DeepVision-tensorflow,no_dockerfile,False,0,0,0,,,0,0,0,0,0,False,,False,,False,,False,,False,,False,,no Dockerfile and no fallback entry point found
https://github.com/bluewish07/cs234project,ok,False,0,0,1,main.py,fallback_root,15,63,3,0,0,False,,False,,False,,False,,False,,False,,"unverified: missing stages: data_acquisition, data_preparation, modeling, training, evaluation, inference"
https://github.com/animate-object/r-prime,ok,False,3,0,1,__main__.py,fallback_root,18,101,4,0,0,True,app/src/core/cranium.py:80 pickle.load [matched pickle.load],False,,False,,True,app/src/core/models/configurable_lstm_rnn.py:56 self.model.fit [matched model.fit],False,,True,app/src/core/models/configurable_lstm_rnn.py:70 self.model.generate [matched model.generate],"unverified: missing stages: data_preparation, modeling, evaluation"
https://github.com/andymaguo/tensorflow_mnist_service,no_dockerfile,False,0,0,0,,,0,0,0,0,0,False,,False,,False,,False,,False,,False,,no Dockerfile and no fallback entry point found
https://github.com/TalwalkarLab/paleo,ok,False,1,0,1,paleo\profiler.py,fallback_console_script,4,38,1,0,0,True,paleo/graph.py:74 json.load [matched json.load],False,,False,,False,,False,,False,,"unverified: missing stages: data_preparation, modeling, training, evaluation, inference"
https://github.com/piyushmh/moocs,no_dockerfile,False,0,0,0,,,0,0,0,0,0,False,,False,,False,,False,,False,,False,,no Dockerfile and no fallback entry point found
https://github.com/visipedia/tf_classification,ok,False,1,0,1,train.py,fallback_root,5,25,2,0,0,True,config/parse_config.py:11 yaml.load [matched yaml.load],False,,False,,False,,False,,False,,"unverified: missing stages: data_preparation, modeling, training, evaluation, inference"
https://github.com/ganqianjun/personalized-news-feed,no_entry,False,0,1,0,,,0,0,0,0,0,False,,False,,False,,False,,False,,False,,Dockerfile(s) found but no Python entry point could be resolved
https://github.com/D2KLab/botcycle,no_entry,False,0,1,0,,,0,0,0,0,0,False,,False,,False,,False,,False,,False,,Dockerfile(s) found but no Python entry point could be resolved
https://github.com/edupard/fin,ok,False,0,0,1,train.py,fallback_root,2,13,1,0,0,False,,False,,False,,False,,False,,False,,"unverified: missing stages: data_acquisition, data_preparation, modeling, training, evaluation, inference"
https://github.com/adrianc-a/DeepLearningProject,ok,False,2,0,1,src\main.py,fallback_nested,1,13,0,0,0,True,src/main.py:293 json.load [matched json.load],False,,False,,True,src/main.py:68 trainer.train [matched trainer.train],False,,False,,"unverified: missing stages: data_preparation, modeling, evaluation, inference"
https://github.com/ahoereth/pysnake,no_dockerfile,False,0,0,0,,,0,0,0,0,0,False,,False,,False,,False,,False,,False,,no Dockerfile and no fallback entry point found
https://github.com/proste/evgena,no_dockerfile,False,0,0,0,,,0,0,0,0,0,False,,False,,False,,False,,False,,False,,no Dockerfile and no fallback entry point found
https://github.com/KaushikPurush/chiphuyen,no_dockerfile,False,0,0,0,,,0,0,0,0,0,False,,False,,False,,False,,False,,False,,no Dockerfile and no fallback entry point found
https://github.com/joshakeman/udacity_machine_learning,no_dockerfile,False,0,0,0,,,0,0,0,0,0,False,,False,,False,,False,,False,,False,,no Dockerfile and no fallback entry point found
https://github.com/rusty1s/embedded_gcnn,no_dockerfile,False,0,0,0,,,0,0,0,0,0,False,,False,,False,,False,,False,,False,,no Dockerfile and no fallback entry point found
https://github.com/podondra/gym-rl,no_dockerfile,False,0,0,0,,,0,0,0,0,0,False,,False,,False,,False,,False,,False,,no Dockerfile and no fallback entry point found
https://github.com/MaSommer/ProjectThesis-NeuralNet,ok,False,0,0,1,main.py,fallback_root,17,241,3,0,0,False,,False,,False,,False,,False,,False,,"unverified: missing stages: data_acquisition, data_preparation, modeling, training, evaluation, inference"
https://github.com/allspeak/api.allspeak.eu,no_entry,False,0,1,0,,,0,0,0,0,0,False,,False,,False,,False,,False,,False,,Dockerfile(s) found but no Python entry point could be resolved
https://github.com/indiejoseph/chinese-char-rnn,ok,False,2,0,1,train.py,fallback_root,7,32,3,0,0,True,utils.py:124 np.load [matched np.load],False,,True,models/charrnn.py:0 class CharRNN [matched <class subclasses model base>],False,,False,,False,,"unverified: missing stages: data_preparation, training, evaluation, inference"
https://github.com/Kholio/darkflow,no_dockerfile,False,0,0,0,,,0,0,0,0,0,False,,False,,False,,False,,False,,False,,no Dockerfile and no fallback entry point found
https://github.com/JavaRabbit/CS496_capstone,no_entry,False,0,5,0,,,0,0,0,0,0,False,,False,,False,,False,,False,,False,,Dockerfile(s) found but no Python entry point could be resolved
https://github.com/kroosen/NIPS2017,no_dockerfile,False,0,0,0,,,0,0,0,0,0,False,,False,,False,,False,,False,,False,,no Dockerfile and no fallback entry point found
https://github.com/SJSU272Lab/SmartIDE,no_entry,False,0,5,0,,,0,0,0,0,0,False,,False,,False,,False,,False,,False,,Dockerfile(s) found but no Python entry point could be resolved
https://github.com/jasag/Phytoliths-recognition-system,no_dockerfile,False,0,0,0,,,0,0,0,0,0,False,,False,,False,,False,,False,,False,,no Dockerfile and no fallback entry point found
https://github.com/fkluger/tnt-battlesnake,ok,False,0,0,1,main.py,fallback_root,6,26,2,0,0,False,,False,,False,,False,,False,,False,,"unverified: missing stages: data_acquisition, data_preparation, modeling, training, evaluation, inference"
https://github.com/by-pinja/hackday-2017-autonomous-car,ok,False,0,0,1,learning\train.py,fallback_nested,1,5,0,0,0,False,,False,,False,,False,,False,,False,,"unverified: missing stages: data_acquisition, data_preparation, modeling, training, evaluation, inference"
https://github.com/BlueLens/bl-magi,no_dockerfile,False,0,0,0,,,0,0,0,0,0,False,,False,,False,,False,,False,,False,,no Dockerfile and no fallback entry point found
https://github.com/Shmuma/rl,clone_failed,False,0,0,0,,,0,0,0,0,0,False,,False,,False,,False,,False,,False,,Error downloading object: articles/01_rubic/models/cube2x2/best_1.8184e-01.dat (c479735): Smudge error: Error downloading articles/01_rubic/models/cube2x2/best_1.8184e-01.dat (c479735965ac356008d10857aa0232ed458f0bc3bc383e5de95acf3365770cc5): batch response: Resource not accessible by personal acces
https://github.com/krishnakalyan3/LearnPyTorch,no_dockerfile,False,0,0,0,,,0,0,0,0,0,False,,False,,False,,False,,False,,False,,no Dockerfile and no fallback entry point found
https://github.com/digitalepidemiologylab/deep-height,ok,False,0,0,1,train.py,fallback_root,1,0,0,1,0,False,,False,,False,,False,,False,,False,,"unverified: missing stages: data_acquisition, data_preparation, modeling, training, evaluation, inference"
https://github.com/Oneiroe/SmartSlam,no_dockerfile,False,0,0,0,,,0,0,0,0,0,False,,False,,False,,False,,False,,False,,no Dockerfile and no fallback entry point found
https://github.com/BenHuiHui/kf,no_dockerfile,False,0,0,0,,,0,0,0,0,0,False,,False,,False,,False,,False,,False,,no Dockerfile and no fallback entry point found
https://github.com/svebk/DeepSentiBank_memex,no_dockerfile,False,0,0,0,,,0,0,0,0,0,False,,False,,False,,False,,False,,False,,no Dockerfile and no fallback entry point found
https://github.com/cgc/rnd,no_dockerfile,False,0,0,0,,,0,0,0,0,0,False,,False,,False,,False,,False,,False,,no Dockerfile and no fallback entry point found
https://github.com/lorelai22/colorizing,no_dockerfile,False,0,0,0,,,0,0,0,0,0,False,,False,,False,,False,,False,,False,,no Dockerfile and no fallback entry point found
https://github.com/martinmatak/hands-annotation,ok,False,2,0,1,keras_retinanet\bin\train.py,fallback_console_script,15,91,3,0,0,True,keras_retinanet/preprocessing/pascal_voc.py:109 PIL.Image.open [matched Image.open],False,,True,keras_retinanet/bin/train.py:68 keras.preprocessing.image.models.Model [matched Model],False,,False,,False,,"unverified: missing stages: data_preparation, training, evaluation, inference"
https://github.com/WGierke/git_better,ok,False,0,1,1,server\start_server.py,dockerfile,1,0,0,0,0,False,,False,,False,,False,,False,,False,,"unverified: missing stages: data_acquisition, data_preparation, modeling, training, evaluation, inference"
https://github.com/dbobrenko/async-deeprl,no_dockerfile,False,0,0,0,,,0,0,0,0,0,False,,False,,False,,False,,False,,False,,no Dockerfile and no fallback entry point found
https://github.com/amirkeren/deep-learning-course,no_dockerfile,False,0,0,0,,,0,0,0,0,0,False,,False,,False,,False,,False,,False,,no Dockerfile and no fallback entry point found
https://github.com/reivaj05/tensorflow-tutorials,no_dockerfile,False,0,0,0,,,0,0,0,0,0,False,,False,,False,,False,,False,,False,,no Dockerfile and no fallback entry point found
https://github.com/funkey/mala,no_entry,False,0,1,0,,,0,0,0,0,0,False,,False,,False,,False,,False,,False,,Dockerfile(s) found but no Python entry point could be resolved
https://github.com/wmyw96/ZhuSuan,no_dockerfile,False,0,0,0,,,0,0,0,0,0,False,,False,,False,,False,,False,,False,,no Dockerfile and no fallback entry point found
https://github.com/austospumanto/ateam-project,no_dockerfile,False,0,0,0,,,0,0,0,0,0,False,,False,,False,,False,,False,,False,,no Dockerfile and no fallback entry point found
https://github.com/HPI-DeepLearning/SegMed,no_dockerfile,False,0,0,0,,,0,0,0,0,0,False,,False,,False,,False,,False,,False,,no Dockerfile and no fallback entry point found
https://github.com/sergio-lira/deep_learning_nanodegree,no_dockerfile,False,0,0,0,,,0,0,0,0,0,False,,False,,False,,False,,False,,False,,no Dockerfile and no fallback entry point found
https://github.com/cs230-stanford/cs230-code-examples,no_dockerfile,False,0,0,0,,,0,0,0,0,0,False,,False,,False,,False,,False,,False,,no Dockerfile and no fallback entry point found
https://github.com/ifestus/rl,no_dockerfile,False,0,0,0,,,0,0,0,0,0,False,,False,,False,,False,,False,,False,,no Dockerfile and no fallback entry point found
https://github.com/karrielopshire/GCP,no_entry,False,0,25,3,,dockerfile,0,0,0,0,0,False,,False,,False,,False,,False,,False,,no resolved entry point yielded a usable call graph
https://github.com/nerziego/deep-learning,no_dockerfile,False,0,0,0,,,0,0,0,0,0,False,,False,,False,,False,,False,,False,,no Dockerfile and no fallback entry point found
https://github.com/bastikluge/CarND-Capstone,no_entry,False,0,1,0,,,0,0,0,0,0,False,,False,,False,,False,,False,,False,,Dockerfile(s) found but no Python entry point could be resolved
https://github.com/ryanprinster/TensorFlow-Tutorials,no_dockerfile,False,0,0,0,,,0,0,0,0,0,False,,False,,False,,False,,False,,False,,no Dockerfile and no fallback entry point found
https://github.com/conversationai/conversationai-models,no_dockerfile,False,0,0,0,,,0,0,0,0,0,False,,False,,False,,False,,False,,False,,no Dockerfile and no fallback entry point found
https://github.com/lk251/cs224n,clone_failed,False,0,0,0,,,0,0,0,0,0,False,,False,,False,,False,,False,,False,,remote: Repository not found.
https://github.com/felipessalvatore/self_driving_pi_car,no_dockerfile,False,0,0,0,,,0,0,0,0,0,False,,False,,False,,False,,False,,False,,no Dockerfile and no fallback entry point found
https://github.com/pandeyprerna10/Deep_learning,no_dockerfile,False,0,0,0,,,0,0,0,0,0,False,,False,,False,,False,,False,,False,,no Dockerfile and no fallback entry point found
https://github.com/nwhidden/ND101-Deep-Learning,no_dockerfile,False,0,0,0,,,0,0,0,0,0,False,,False,,False,,False,,False,,False,,no Dockerfile and no fallback entry point found
https://github.com/zhaobaiyu/dlnd,no_dockerfile,False,0,0,0,,,0,0,0,0,0,False,,False,,False,,False,,False,,False,,no Dockerfile and no fallback entry point found
https://github.com/allenai/bi-att-flow,ok,False,3,0,1,basic\main.py,fallback_nested,14,181,3,0,0,True,basic/main.py:225 json.load [matched json.load],False,,True,basic/model.py:19 Model [matched Model],True,basic/graph_handler.py:28 tf.train.SummaryWriter [matched SummaryWriter],False,,False,,"unverified: missing stages: data_preparation, evaluation, inference"
https://github.com/chukycheese/dlnd,no_dockerfile,False,0,0,0,,,0,0,0,0,0,False,,False,,False,,False,,False,,False,,no Dockerfile and no fallback entry point found
https://github.com/jimfleming/recurrent-entity-networks,ok,False,1,0,1,entity_networks\main.py,fallback_nested,8,29,3,0,0,True,entity_networks/experiment.py:26 json.load [matched json.load],False,,False,,False,,False,,False,,"unverified: missing stages: data_preparation, modeling, training, evaluation, inference"
https://github.com/raskolnikov-reborn/CarND-P13-System-Integration,no_entry,False,0,1,0,,,0,0,0,0,0,False,,False,,False,,False,,False,,False,,Dockerfile(s) found but no Python entry point could be resolved
https://github.com/oscarmore2/deep-learning-study,no_dockerfile,False,0,0,0,,,0,0,0,0,0,False,,False,,False,,False,,False,,False,,no Dockerfile and no fallback entry point found
https://github.com/zachabarnes/slither-rl-agent,no_dockerfile,False,0,0,0,,,0,0,0,0,0,False,,False,,False,,False,,False,,False,,no Dockerfile and no fallback entry point found
https://github.com/hmajid2301/EmotionCommotion,no_dockerfile,False,0,0,0,,,0,0,0,0,0,False,,False,,False,,False,,False,,False,,no Dockerfile and no fallback entry point found
https://github.com/nikvaessen/PablosPuzzlingPendulum,no_dockerfile,False,0,0,0,,,0,0,0,0,0,False,,False,,False,,False,,False,,False,,no Dockerfile and no fallback entry point found
https://github.com/valaentine/reinforcement-learning,no_dockerfile,False,0,0,0,,,0,0,0,0,0,False,,False,,False,,False,,False,,False,,no Dockerfile and no fallback entry point found
https://github.com/systemchip/tensorflow_cookbook,no_dockerfile,False,0,0,0,,,0,0,0,0,0,False,,False,,False,,False,,False,,False,,no Dockerfile and no fallback entry point found
https://github.com/materialsvirtuallab/garnetdnn,ok,False,2,0,1,app.py,fallback_root,4,23,1,0,0,True,garnetdnn/util.py:93 pickle.load [matched pickle.load],False,,False,,False,,False,,True,app.py:10 flask.Flask [matched Flask],"unverified: missing stages: data_preparation, modeling, training, evaluation"
https://github.com/FisherKK/F1sherKK-MyRoadToAI,no_dockerfile,False,0,0,0,,,0,0,0,0,0,False,,False,,False,,False,,False,,False,,no Dockerfile and no fallback entry point found
https://github.com/alifanov/tensorflow-lessons,no_dockerfile,False,0,0,0,,,0,0,0,0,0,False,,False,,False,,False,,False,,False,,no Dockerfile and no fallback entry point found
https://github.com/bhaveshpraveen/auto-attendance,ok,False,0,1,1,manage.py,dockerfile,1,0,0,0,0,False,,False,,False,,False,,False,,False,,"unverified: missing stages: data_acquisition, data_preparation, modeling, training, evaluation, inference"
https://github.com/naturalis/FormicID,ok,False,0,1,1,formicID\get_dataset.py,dockerfile,1,0,0,0,0,False,,False,,False,,False,,False,,False,,"unverified: missing stages: data_acquisition, data_preparation, modeling, training, evaluation, inference"
https://github.com/hengluchang/deep-news-summarization,no_dockerfile,False,0,0,0,,,0,0,0,0,0,False,,False,,False,,False,,False,,False,,no Dockerfile and no fallback entry point found
https://github.com/SiliconCar/CarND-Capstone,no_dockerfile,False,0,0,0,,,0,0,0,0,0,False,,False,,False,,False,,False,,False,,no Dockerfile and no fallback entry point found
https://github.com/rajarsheem/libsdae-autoencoder-tensorflow,no_dockerfile,False,0,0,0,,,0,0,0,0,0,False,,False,,False,,False,,False,,False,,no Dockerfile and no fallback entry point found
https://github.com/jthurst3/MemeCaptcha,no_dockerfile,False,0,0,0,,,0,0,0,0,0,False,,False,,False,,False,,False,,False,,no Dockerfile and no fallback entry point found
https://github.com/jd-13/TFHelpers,no_entry,False,0,1,0,,,0,0,0,0,0,False,,False,,False,,False,,False,,False,,Dockerfile(s) found but no Python entry point could be resolved
https://github.com/MycroftAI/mycroft-precise,ok,False,1,1,1,precise\scripts\add_noise.py,fallback_console_script,6,48,2,0,1,True,precise/train_data.py:93 json.load [matched json.load],False,,False,,False,,False,,False,,"unverified: missing stages: data_preparation, modeling, training, evaluation, inference"
https://github.com/ondrejba/tfset,no_dockerfile,False,0,0,0,,,0,0,0,0,0,False,,False,,False,,False,,False,,False,,no Dockerfile and no fallback entry point found
https://github.com/DanielSlater/tensordynamic,no_dockerfile,False,0,0,0,,,0,0,0,0,0,False,,False,,False,,False,,False,,False,,no Dockerfile and no fallback entry point found
https://github.com/AdeDZY/K-NRM,no_dockerfile,False,0,0,0,,,0,0,0,0,0,False,,False,,False,,False,,False,,False,,no Dockerfile and no fallback entry point found
https://github.com/MrRubyRed/baselines,clone_failed,False,0,0,0,,,0,0,0,0,0,False,,False,,False,,False,,False,,False,,error: invalid path 'baselines/trpo_mpi/experiments/Misc/PointMass-v1_2018-01-12 13:19:37.646362.pkl'
https://github.com/opveclib/opveclib,no_entry,False,0,2,0,,,0,0,0,0,0,False,,False,,False,,False,,False,,False,,Dockerfile(s) found but no Python entry point could be resolved
https://github.com/aaronzweig/gae_single,no_dockerfile,False,0,0,0,,,0,0,0,0,0,False,,False,,False,,False,,False,,False,,no Dockerfile and no fallback entry point found
https://github.com/spring01/drlbox,no_dockerfile,False,0,0,0,,,0,0,0,0,0,False,,False,,False,,False,,False,,False,,no Dockerfile and no fallback entry point found
https://github.com/waweber/colorbot,ok,False,1,0,1,colorbot\scripts\prepare.py,fallback_console_script,2,2,1,0,0,True,colorbot/scripts/prepare.py:11 def prepare_data [matched <lightning hook prepare_data>],False,,False,,False,,False,,False,,"unverified: missing stages: data_preparation, modeling, training, evaluation, inference"
https://github.com/wpm/tfrnnlm,ok,False,2,0,1,tfrnnlm\main.py,fallback_nested,5,78,2,0,0,True,tfrnnlm/main.py:135 json.load [matched json.load],False,,False,,True,tfrnnlm/rnn.py:226 tf.train.SummaryWriter [matched SummaryWriter],False,,False,,"unverified: missing stages: data_preparation, modeling, evaluation, inference"
https://github.com/NervanaSystems/ngraph-python,no_entry,False,0,12,0,,,0,0,0,0,0,False,,False,,False,,False,,False,,False,,Dockerfile(s) found but no Python entry point could be resolved
https://github.com/ralf-meyer/NeuralNetworks,no_dockerfile,False,0,0,0,,,0,0,0,0,0,False,,False,,False,,False,,False,,False,,no Dockerfile and no fallback entry point found
https://github.com/nottombrown/rl-teacher,no_dockerfile,False,0,0,0,,,0,0,0,0,0,False,,False,,False,,False,,False,,False,,no Dockerfile and no fallback entry point found
https://github.com/WinterFu/Drlff_Scripts,ok,False,0,0,1,drlff\__main__.py,fallback_nested,2,0,1,0,0,False,,False,,False,,False,,False,,False,,"unverified: missing stages: data_acquisition, data_preparation, modeling, training, evaluation, inference"
https://github.com/wuyx/openai_baselines,no_dockerfile,False,0,0,0,,,0,0,0,0,0,False,,False,,False,,False,,False,,False,,no Dockerfile and no fallback entry point found
https://github.com/PAIR-code/saliency,no_dockerfile,False,0,0,0,,,0,0,0,0,0,False,,False,,False,,False,,False,,False,,no Dockerfile and no fallback entry point found
https://github.com/haotianteng/Chiron,ok,False,1,2,1,chiron\entry.py,fallback_console_script,5,9,2,0,0,True,chiron/utils/extract_sig_ref.py:98 h5py.File [matched h5py.File],False,,False,,False,,False,,False,,"unverified: missing stages: data_preparation, modeling, training, evaluation, inference"
https://github.com/onnx/onnx-tensorflow,ok,False,2,0,1,onnx_tf\cli.py,fallback_console_script,12,140,5,0,0,False,,False,,True,onnx_tf/backend_tf_module.py:0 class BackendTFModule [matched <class subclasses model base>],False,,False,,True,onnx_tf/converter.py:141 onnx.load [matched onnx.load],"unverified: missing stages: data_acquisition, data_preparation, training, evaluation"
https://github.com/Savahi/tnn,no_dockerfile,False,0,0,0,,,0,0,0,0,0,False,,False,,False,,False,,False,,False,,no Dockerfile and no fallback entry point found
https://github.com/HaroldMills/Vesper,ok,False,0,1,1,vesper\django\manage.py,fallback_console_script,1,1,0,0,0,False,,False,,False,,False,,False,,False,,"unverified: missing stages: data_acquisition, data_preparation, modeling, training, evaluation, inference"
https://github.com/Trusted-AI/adversarial-robustness-toolbox,no_entry,False,0,7,0,,,0,0,0,0,0,False,,False,,False,,False,,False,,False,,Dockerfile(s) found but no Python entry point could be resolved
