repo,status,verified,stages_present,dockerfiles_found,entry_points_resolved,entry_files,entry_route,reachable_files,total_functions,max_depth,parse_errors,dynamic_imports,data_acquisition,data_acquisition_evidence,data_preparation,data_preparation_evidence,modeling,modeling_evidence,training,training_evidence,evaluation,evaluation_evidence,inference,inference_evidence,detail
https://github.com/knolasco/Intro_to_ML_Course,no_dockerfile,False,0,0,0,,,0,0,0,0,0,False,,False,,False,,False,,False,,False,,no Dockerfile and no fallback entry point found
https://github.com/PaulaCervilla/Electricity-prices-predictions-in-Spain---Data-Science-TFM,no_dockerfile,False,0,0,0,,,0,0,0,0,0,False,,False,,False,,False,,False,,False,,no Dockerfile and no fallback entry point found
https://github.com/ilona94al/Fake-News-And-Plagiarism-Detection,no_dockerfile,False,0,0,0,,,0,0,0,0,0,False,,False,,False,,False,,False,,False,,no Dockerfile and no fallback entry point found
https://github.com/NightMachinary/soal_playground,no_dockerfile,False,0,0,0,,,0,0,0,0,0,False,,False,,False,,False,,False,,False,,no Dockerfile and no fallback entry point found
https://github.com/hc07180011/testing-cv,no_dockerfile,False,0,0,0,,,0,0,0,0,0,False,,False,,False,,False,,False,,False,,no Dockerfile and no fallback entry point found
https://github.com/Mustapha-AJEGHRIR/medical_txt_parser,no_dockerfile,False,0,0,0,,,0,0,0,0,0,False,,False,,False,,False,,False,,False,,no Dockerfile and no fallback entry point found
https://github.com/UBC-MDS/eazieda,no_dockerfile,False,0,0,0,,,0,0,0,0,0,False,,False,,False,,False,,False,,False,,no Dockerfile and no fallback entry point found
https://github.com/matheusvvb-19/WE4LKD-leukemia_w2v,ok,False,1,0,1,word2vec\train.py,fallback_nested,1,4,0,0,0,True,word2vec/train.py:70 pd.read_csv [matched pd.read_csv],False,,False,,False,,False,,False,,"unverified: missing stages: data_preparation, modeling, training, evaluation, inference"
https://github.com/KaiserWhoLearns/COVID19DataAnalysis,no_dockerfile,False,0,0,0,,,0,0,0,0,0,False,,False,,False,,False,,False,,False,,no Dockerfile and no fallback entry point found
https://github.com/g-peltier/Datacamp_follicles_detection,no_dockerfile,False,0,0,0,,,0,0,0,0,0,False,,False,,False,,False,,False,,False,,no Dockerfile and no fallback entry point found
https://github.com/Sense-GVT/SNCSE,no_dockerfile,False,0,0,0,,,0,0,0,0,0,False,,False,,False,,False,,False,,False,,no Dockerfile and no fallback entry point found
https://github.com/ksunjin/Deep-SVDD,ok,False,1,0,1,src\main.py,fallback_nested,1,1,0,0,0,True,src/main.py:114 datasets.main.load_dataset [matched load_dataset],False,,False,,False,,False,,False,,"unverified: missing stages: data_preparation, modeling, training, evaluation, inference"
https://github.com/denis2111/Tweet-Alert,no_entry,False,0,5,0,,,0,0,0,0,0,False,,False,,False,,False,,False,,False,,Dockerfile(s) found but no Python entry point could be resolved
https://github.com/ChristopherLiew/Crypto-Uncertainty-Index,ok,False,4,0,1,cli.py,fallback_console_script,23,62,3,0,0,True,pipelines/data_engineering/yfinance_data.py:18 sqlalchemy.create_engine [matched sqlalchemy.create_engine],True,pipelines/crypto_index/hedge_clf_based/ucry_hedge_index.py:46 transformers.AutoTokenizer.from_pretrained [matched AutoTokenizer.from_pretrained],True,pipelines/crypto_index/hedge_clf_based/ucry_hedge_index.py:50 transformers.AutoModelForSequenceClassification.from_pretrained [matched AutoModelForSequenceClassification.from_pretrained],False,,False,,True,pipelines/crypto_index/hedge_clf_based/ucry_hedge_index.py:53 transformers.pipelines.pipeline [matched pipeline],"unverified: missing stages: training, evaluation"
https://github.com/Dyl-M/ballchasing_ML,no_dockerfile,False,0,0,0,,,0,0,0,0,0,False,,False,,False,,False,,False,,False,,no Dockerfile and no fallback entry point found
https://github.com/MFori/HMM-Stock-Forecast,ok,False,3,0,1,hmm_stock_forecast\main.py,fallback_nested,11,36,3,0,0,True,hmm_stock_forecast/data/data.py:46 np.genfromtxt [matched np.genfromtxt],False,,True,hmm_stock_forecast/hmm/hmm.py:61 sklearn.cluster.KMeans [matched KMeans],False,,True,hmm_stock_forecast/main.py:40 hmm_stock_forecast.error.error.mean_absolute_percentage_error [matched mean_absolute_percentage_error],False,,"unverified: missing stages: data_preparation, training, inference"
https://github.com/polyaxon/traceml,no_dockerfile,False,0,0,0,,,0,0,0,0,0,False,,False,,False,,False,,False,,False,,no Dockerfile and no fallback entry point found
https://github.com/malkarol/mat_project,no_dockerfile,False,0,0,0,,,0,0,0,0,0,False,,False,,False,,False,,False,,False,,no Dockerfile and no fallback entry point found
https://github.com/karai15/SinGAN,no_dockerfile,False,0,0,0,,,0,0,0,0,0,False,,False,,False,,False,,False,,False,,no Dockerfile and no fallback entry point found
https://github.com/openep/signalanalysis,no_dockerfile,False,0,0,0,,,0,0,0,0,0,False,,False,,False,,False,,False,,False,,no Dockerfile and no fallback entry point found
https://github.com/ympaik87/heroku_fastapi_deployment,no_dockerfile,False,0,0,0,,,0,0,0,0,0,False,,False,,False,,False,,False,,False,,no Dockerfile and no fallback entry point found
https://github.com/valentingol/BagOfWordsCV,no_dockerfile,False,0,0,0,,,0,0,0,0,0,False,,False,,False,,False,,False,,False,,no Dockerfile and no fallback entry point found
https://github.com/j-lazo/computer_vision,ok,False,0,0,1,scripts\main.py,fallback_nested,1,0,0,0,0,False,,False,,False,,False,,False,,False,,"unverified: missing stages: data_acquisition, data_preparation, modeling, training, evaluation, inference"
https://github.com/SE-Projekt-LED-Detection/LED-Detection,ok,False,0,0,1,src\main.py,fallback_nested,1,3,0,0,0,False,,False,,False,,False,,False,,False,,"unverified: missing stages: data_acquisition, data_preparation, modeling, training, evaluation, inference"
https://github.com/cvqluu/simple_diarizer,no_dockerfile,False,0,0,0,,,0,0,0,0,0,False,,False,,False,,False,,False,,False,,no Dockerfile and no fallback entry point found
https://github.com/dataiku/dss-plugin-stress-test-center,no_dockerfile,False,0,0,0,,,0,0,0,0,0,False,,False,,False,,False,,False,,False,,no Dockerfile and no fallback entry point found
https://github.com/neuromodulation/py_neuromodulation,ok,True,6,0,1,py_neuromodulation\run_gui.py,fallback_console_script,51,401,5,0,2,True,py_neuromodulation/stream/settings.py:281 json.load [matched json.load],True,py_neuromodulation/stream/data_processor.py:255 np.nan_to_num [matched np.nan_to_num],True,py_neuromodulation/analysis/decode.py:121 sklearn.linear_model.LinearRegression [matched LinearRegression],True,py_neuromodulation/analysis/decode.py:563 model.fit [matched model.fit],True,py_neuromodulation/analysis/decode.py:462 sklearn.metrics.confusion_matrix [matched confusion_matrix],True,py_neuromodulation/analysis/decode.py:52 self.model.predict_proba [matched model.predict_proba],verified: all 6 stages present
https://github.com/StevenHuang2020/OpencvPython,no_dockerfile,False,0,0,0,,,0,0,0,0,0,False,,False,,False,,False,,False,,False,,no Dockerfile and no fallback entry point found
https://github.com/eugene-yang/tarexp,no_dockerfile,False,0,0,0,,,0,0,0,0,0,False,,False,,False,,False,,False,,False,,no Dockerfile and no fallback entry point found
https://github.com/Rolkarolka/IUM-delivery-optimization,no_dockerfile,False,0,0,0,,,0,0,0,0,0,False,,False,,False,,False,,False,,False,,no Dockerfile and no fallback entry point found
https://github.com/tpatzelt/drowsiness-detection,no_dockerfile,False,0,0,0,,,0,0,0,0,0,False,,False,,False,,False,,False,,False,,no Dockerfile and no fallback entry point found
https://github.com/yousefis/DenseUnet_Esophagus_Segmentation,no_dockerfile,False,0,0,0,,,0,0,0,0,0,False,,False,,False,,False,,False,,False,,no Dockerfile and no fallback entry point found
https://github.com/rharish101/PAI-Project,no_entry,False,0,5,0,,,0,0,0,0,0,False,,False,,False,,False,,False,,False,,Dockerfile(s) found but no Python entry point could be resolved
https://github.com/MarceloAlvesPereira/Springboard,no_dockerfile,False,0,0,0,,,0,0,0,0,0,False,,False,,False,,False,,False,,False,,no Dockerfile and no fallback entry point found
https://github.com/CelesVI/streamlit-twelve-apps,no_dockerfile,False,0,0,0,,,0,0,0,0,0,False,,False,,False,,False,,False,,False,,no Dockerfile and no fallback entry point found
https://github.com/Azure/RAI-vNext-Preview,no_entry,False,0,1,0,,,0,0,0,0,0,False,,False,,False,,False,,False,,False,,Dockerfile(s) found but no Python entry point could be resolved
https://github.com/dmatrix/ray-core-tutorial,no_dockerfile,False,0,0,0,,,0,0,0,0,0,False,,False,,False,,False,,False,,False,,no Dockerfile and no fallback entry point found
https://github.com/easeml/datascope,no_dockerfile,False,0,0,0,,,0,0,0,0,0,False,,False,,False,,False,,False,,False,,no Dockerfile and no fallback entry point found
https://github.com/RelevanceAI/RelevanceAI,no_dockerfile,False,0,0,0,,,0,0,0,0,0,False,,False,,False,,False,,False,,False,,no Dockerfile and no fallback entry point found
https://github.com/foulongeo/Weather_forecast,no_dockerfile,False,0,0,0,,,0,0,0,0,0,False,,False,,False,,False,,False,,False,,no Dockerfile and no fallback entry point found
https://github.com/obidam/ds2-2022,no_entry,False,0,1,0,,,0,0,0,0,0,False,,False,,False,,False,,False,,False,,Dockerfile(s) found but no Python entry point could be resolved
https://github.com/ChenddatHKU/scanpy,ok,False,5,0,1,scanpy\__main__.py,fallback_nested,40,374,8,0,1,True,scanpy/readwrite.py:354 h5py.File [matched h5py.File],True,scanpy/plotting/_anndata.py:721 pd.melt [matched .melt],True,scanpy/preprocessing/_simple.py:669 sm.GLM [matched sm.GLM],True,scanpy/preprocessing/_highly_variable_genes.py:84 model.fit [matched model.fit],True,scanpy/logging.py:46 self.log [matched self.log],False,,unverified: missing stages: inference
https://github.com/dianna-ai/dianna-exploration,no_dockerfile,False,0,0,0,,,0,0,0,0,0,False,,False,,False,,False,,False,,False,,no Dockerfile and no fallback entry point found
https://github.com/hsu-ai-course/hsu.ai,no_dockerfile,False,0,0,0,,,0,0,0,0,0,False,,False,,False,,False,,False,,False,,no Dockerfile and no fallback entry point found
https://github.com/AnasMations/Disease-detection,no_dockerfile,False,0,0,0,,,0,0,0,0,0,False,,False,,False,,False,,False,,False,,no Dockerfile and no fallback entry point found
https://github.com/Krankile/ensemble_forecasting,no_dockerfile,False,0,0,0,,,0,0,0,0,0,False,,False,,False,,False,,False,,False,,no Dockerfile and no fallback entry point found
https://github.com/opendilab/treevalue,no_dockerfile,False,0,0,0,,,0,0,0,0,0,False,,False,,False,,False,,False,,False,,no Dockerfile and no fallback entry point found
https://github.com/RohMinji/kt_intern_team2,no_dockerfile,False,0,0,0,,,0,0,0,0,0,False,,False,,False,,False,,False,,False,,no Dockerfile and no fallback entry point found
https://github.com/ahmedmbakr/deep-learning-v2-pytorch,no_dockerfile,False,0,0,0,,,0,0,0,0,0,False,,False,,False,,False,,False,,False,,no Dockerfile and no fallback entry point found
https://github.com/crocs-muni/DiSSECT,ok,False,1,1,1,dissect\utils\database_handler.py,fallback_console_script,27,101,3,0,0,True,dissect/utils/database_handler.py:15 pymongo.MongoClient [matched pymongo.MongoClient],False,,False,,False,,False,,False,,"unverified: missing stages: data_preparation, modeling, training, evaluation, inference"
https://github.com/magheata/qubart,ok,False,2,1,1,src\app.py,fallback_nested,1,2,0,0,0,True,src/app.py:68 pd.read_csv [matched pd.read_csv],False,,False,,False,,False,,True,src/app.py:160 st.write [matched st.write],"unverified: missing stages: data_preparation, modeling, training, evaluation"
https://github.com/9rince/kfp,no_entry,False,0,85,2,,dockerfile,0,0,0,0,0,False,,False,,False,,False,,False,,False,,no resolved entry point yielded a usable call graph
https://github.com/Sabokou/NLP,no_entry,False,0,1,0,,,0,0,0,0,0,False,,False,,False,,False,,False,,False,,Dockerfile(s) found but no Python entry point could be resolved
https://github.com/NicolasBenjamin/Python-Django,no_dockerfile,False,0,0,0,,,0,0,0,0,0,False,,False,,False,,False,,False,,False,,no Dockerfile and no fallback entry point found
https://github.com/jina-ai/annlite,no_entry,False,0,1,0,,,0,0,0,0,0,False,,False,,False,,False,,False,,False,,Dockerfile(s) found but no Python entry point could be resolved
https://github.com/Amruthadasvp/wsd-project-amru,no_dockerfile,False,0,0,0,,,0,0,0,0,0,False,,False,,False,,False,,False,,False,,no Dockerfile and no fallback entry point found
https://github.com/mlrun/functions,ok,False,1,0,1,cli\cli.py,fallback_console_script,10,101,2,0,0,True,cli/marketplace/build.py:278 json.load [matched json.load],False,,False,,False,,False,,False,,"unverified: missing stages: data_preparation, modeling, training, evaluation, inference"
https://github.com/guotao0628/gml,clone_failed,False,0,0,0,,,0,0,0,0,0,False,,False,,False,,False,,False,,False,,remote: Repository not found.
https://github.com/gaspardvilla/ML-Project,no_dockerfile,False,0,0,0,,,0,0,0,0,0,False,,False,,False,,False,,False,,False,,no Dockerfile and no fallback entry point found
https://github.com/zvtvz/zvt,no_dockerfile,False,0,0,0,,,0,0,0,0,0,False,,False,,False,,False,,False,,False,,no Dockerfile and no fallback entry point found
https://github.com/jbardet/neuron_analysis,no_dockerfile,False,0,0,0,,,0,0,0,0,0,False,,False,,False,,False,,False,,False,,no Dockerfile and no fallback entry point found
https://github.com/serykhelena/PYGuides,ok,False,0,0,1,pyguides\__main__.py,fallback_nested,3,5,1,0,0,False,,False,,False,,False,,False,,False,,"unverified: missing stages: data_acquisition, data_preparation, modeling, training, evaluation, inference"
https://github.com/nilax97/DL-Sys-Perf-Project,no_dockerfile,False,0,0,0,,,0,0,0,0,0,False,,False,,False,,False,,False,,False,,no Dockerfile and no fallback entry point found
https://github.com/kevinpmcgee14/ml_api_demo,ok,False,1,0,1,src\main.py,fallback_nested,3,4,1,0,0,False,,False,,False,,False,,False,,True,src/main.py:24 fastapi.FastAPI [matched FastAPI],"unverified: missing stages: data_acquisition, data_preparation, modeling, training, evaluation"
https://github.com/pyemeli/PythonDataScienceHandbook-notebooks-,no_dockerfile,False,0,0,0,,,0,0,0,0,0,False,,False,,False,,False,,False,,False,,no Dockerfile and no fallback entry point found
https://github.com/preetham-ganesh/forecast-of-rainfall-quantity,no_dockerfile,False,0,0,0,,,0,0,0,0,0,False,,False,,False,,False,,False,,False,,no Dockerfile and no fallback entry point found
https://github.com/EternalGoldenBraid/daily,no_dockerfile,False,0,0,0,,,0,0,0,0,0,False,,False,,False,,False,,False,,False,,no Dockerfile and no fallback entry point found
https://github.com/SmartMobilityAlgorithms/book,no_dockerfile,False,0,0,0,,,0,0,0,0,0,False,,False,,False,,False,,False,,False,,no Dockerfile and no fallback entry point found
https://github.com/IkerValdelvira/TFG_PRAFAI,no_dockerfile,False,0,0,0,,,0,0,0,0,0,False,,False,,False,,False,,False,,False,,no Dockerfile and no fallback entry point found
https://github.com/jan-kreischer/TRUSTED.AI,no_entry,False,0,1,0,,,0,0,0,0,0,False,,False,,False,,False,,False,,False,,Dockerfile(s) found but no Python entry point could be resolved
https://github.com/abizaregi/loan-eligibility-app,no_dockerfile,False,0,0,0,,,0,0,0,0,0,False,,False,,False,,False,,False,,False,,no Dockerfile and no fallback entry point found
https://github.com/jbustospelegri/breast_cancer_diagnosis,ok,False,0,0,1,src\main.py,fallback_nested,1,0,0,0,0,False,,False,,False,,False,,False,,False,,"unverified: missing stages: data_acquisition, data_preparation, modeling, training, evaluation, inference"
https://github.com/Many91/Projet_Energie_DataScientest,no_dockerfile,False,0,0,0,,,0,0,0,0,0,False,,False,,False,,False,,False,,False,,no Dockerfile and no fallback entry point found
https://github.com/credo-ai/credoai_lens,no_dockerfile,False,0,0,0,,,0,0,0,0,0,False,,False,,False,,False,,False,,False,,no Dockerfile and no fallback entry point found
https://github.com/yeefantan/ResNet-101T-for-HCR,no_dockerfile,False,0,0,0,,,0,0,0,0,0,False,,False,,False,,False,,False,,False,,no Dockerfile and no fallback entry point found
https://github.com/shruthi-git-actions/fraud_final,no_dockerfile,False,0,0,0,,,0,0,0,0,0,False,,False,,False,,False,,False,,False,,no Dockerfile and no fallback entry point found
https://github.com/quadbiolab/latent-lego,no_dockerfile,False,0,0,0,,,0,0,0,0,0,False,,False,,False,,False,,False,,False,,no Dockerfile and no fallback entry point found
https://github.com/krishnaShreedhar/wpi_cs539_ml_proj,no_dockerfile,False,0,0,0,,,0,0,0,0,0,False,,False,,False,,False,,False,,False,,no Dockerfile and no fallback entry point found
https://github.com/ay94/NER-datasets,no_dockerfile,False,0,0,0,,,0,0,0,0,0,False,,False,,False,,False,,False,,False,,no Dockerfile and no fallback entry point found
https://github.com/minxingzhang0107/PawNet,no_dockerfile,False,0,0,0,,,0,0,0,0,0,False,,False,,False,,False,,False,,False,,no Dockerfile and no fallback entry point found
https://github.com/napoler/BulidDataset,no_dockerfile,False,0,0,0,,,0,0,0,0,0,False,,False,,False,,False,,False,,False,,no Dockerfile and no fallback entry point found
https://github.com/leilaff89/house_sales_prediction,no_dockerfile,False,0,0,0,,,0,0,0,0,0,False,,False,,False,,False,,False,,False,,no Dockerfile and no fallback entry point found
https://github.com/juridics/brazilian-legal-text-dataset,no_dockerfile,False,0,0,0,,,0,0,0,0,0,False,,False,,False,,False,,False,,False,,no Dockerfile and no fallback entry point found
https://github.com/abramschon/accel,clone_failed,False,0,0,0,,,0,0,0,0,0,False,,False,,False,,False,,False,,False,,remote: Repository not found.
https://github.com/nexync/re_cycle_gt,no_dockerfile,False,0,0,0,,,0,0,0,0,0,False,,False,,False,,False,,False,,False,,no Dockerfile and no fallback entry point found
https://github.com/chloeskt/word2vec_eltdm,no_dockerfile,False,0,0,0,,,0,0,0,0,0,False,,False,,False,,False,,False,,False,,no Dockerfile and no fallback entry point found
https://github.com/cmimprota/CSR,no_dockerfile,False,0,0,0,,,0,0,0,0,0,False,,False,,False,,False,,False,,False,,no Dockerfile and no fallback entry point found
https://github.com/olaph-ai/olaph,no_entry,False,0,1,0,,,0,0,0,0,0,False,,False,,False,,False,,False,,False,,Dockerfile(s) found but no Python entry point could be resolved
https://github.com/bjuhasz7054/NBD_Deep_learning,no_entry,False,0,1,0,,,0,0,0,0,0,False,,False,,False,,False,,False,,False,,Dockerfile(s) found but no Python entry point could be resolved
https://github.com/zenml-io/zenml,no_entry,False,0,6,0,,,0,0,0,0,0,False,,False,,False,,False,,False,,False,,Dockerfile(s) found but no Python entry point could be resolved
https://github.com/webbasedToast/bachelor_project,no_dockerfile,False,0,0,0,,,0,0,0,0,0,False,,False,,False,,False,,False,,False,,no Dockerfile and no fallback entry point found
https://github.com/sukritishuk/ML_ZoomCamp_Capstone_Project,no_entry,False,0,1,0,,,0,0,0,0,0,False,,False,,False,,False,,False,,False,,Dockerfile(s) found but no Python entry point could be resolved
https://github.com/Vijay-03/Identifyingng-Fake-User-Profiles-on-Social-Media-Networks-Using-Artificial-Neural-Network,no_dockerfile,False,0,0,0,,,0,0,0,0,0,False,,False,,False,,False,,False,,False,,no Dockerfile and no fallback entry point found
https://github.com/alekart30/MLEng,no_entry,False,0,5,0,,,0,0,0,0,0,False,,False,,False,,False,,False,,False,,Dockerfile(s) found but no Python entry point could be resolved
https://github.com/sistm/CytOpT-python,ok,False,2,0,1,CytOpT\__main__.py,fallback_nested,8,21,2,0,0,True,CytOpT/CytOpt.py:157 pd.read_csv [matched pd.read_csv],True,CytOpT/descentAscent.py:103 sklearn.preprocessing.MinMaxScaler [matched MinMaxScaler],False,,False,,False,,False,,"unverified: missing stages: modeling, training, evaluation, inference"
https://github.com/divyakumar95/HumanCount,no_dockerfile,False,0,0,0,,,0,0,0,0,0,False,,False,,False,,False,,False,,False,,no Dockerfile and no fallback entry point found
https://github.com/vishaln15/pysigpro,no_dockerfile,False,0,0,0,,,0,0,0,0,0,False,,False,,False,,False,,False,,False,,no Dockerfile and no fallback entry point found
https://github.com/PWhiddy/PokemonRedExperiments,no_dockerfile,False,0,0,0,,,0,0,0,0,0,False,,False,,False,,False,,False,,False,,no Dockerfile and no fallback entry point found
https://github.com/Tee55/BrainPass,no_dockerfile,False,0,0,0,,,0,0,0,0,0,False,,False,,False,,False,,False,,False,,no Dockerfile and no fallback entry point found
https://github.com/capstoneJPM4/spug,no_dockerfile,False,0,0,0,,,0,0,0,0,0,False,,False,,False,,False,,False,,False,,no Dockerfile and no fallback entry point found
https://github.com/sandeepwadhwa0101/ML-For-Beginners,no_entry,False,0,1,0,,,0,0,0,0,0,False,,False,,False,,False,,False,,False,,Dockerfile(s) found but no Python entry point could be resolved
https://github.com/benjaminbellman/Springboard,no_dockerfile,False,0,0,0,,,0,0,0,0,0,False,,False,,False,,False,,False,,False,,no Dockerfile and no fallback entry point found
https://github.com/aman-gupta-1995/Machine-Learning-Mindware,no_dockerfile,False,0,0,0,,,0,0,0,0,0,False,,False,,False,,False,,False,,False,,no Dockerfile and no fallback entry point found
https://github.com/CAAI/rh-torch,ok,False,2,0,1,rhtorch\torch_training.py,fallback_console_script,6,13,2,0,1,True,rhtorch/utilities/config.py:21 ruamel.yaml.load [matched yaml.load],False,,False,,True,rhtorch/torch_training.py:169 trainer.fit [matched trainer.fit],False,,False,,"unverified: missing stages: data_preparation, modeling, evaluation, inference"
https://github.com/CITCOM-project/CausalTestingFramework,ok,False,3,1,1,causal_testing\__main__.py,fallback_nested,14,104,3,0,0,True,causal_testing/causal_testing_framework.py:127 json.load [matched json.load],True,causal_testing/__main__.py:193 pd.concat [matched pd.concat],False,,True,causal_testing/estimation/genetic_programming_regression_fitter.py:252 model.fit [matched model.fit],False,,False,,"unverified: missing stages: modeling, evaluation, inference"
https://github.com/jungsunyoo/hddm_twostep,no_entry,False,0,1,0,,,0,0,0,0,0,False,,False,,False,,False,,False,,False,,Dockerfile(s) found but no Python entry point could be resolved
https://github.com/cyrillegc/thesis-redux,no_dockerfile,False,0,0,0,,,0,0,0,0,0,False,,False,,False,,False,,False,,False,,no Dockerfile and no fallback entry point found
https://github.com/diqiuzhuanzhuan/semeval2022,no_dockerfile,False,0,0,0,,,0,0,0,0,0,False,,False,,False,,False,,False,,False,,no Dockerfile and no fallback entry point found
https://github.com/moe221/data-challenges-moe,no_entry,False,0,1,0,,,0,0,0,0,0,False,,False,,False,,False,,False,,False,,Dockerfile(s) found but no Python entry point could be resolved
https://github.com/jlcastanedacortes/Bigdata,no_dockerfile,False,0,0,0,,,0,0,0,0,0,False,,False,,False,,False,,False,,False,,no Dockerfile and no fallback entry point found
https://github.com/LRS4/cs50-artificial-intelligence,no_dockerfile,False,0,0,0,,,0,0,0,0,0,False,,False,,False,,False,,False,,False,,no Dockerfile and no fallback entry point found
https://github.com/kaileenc/Course-project,no_dockerfile,False,0,0,0,,,0,0,0,0,0,False,,False,,False,,False,,False,,False,,no Dockerfile and no fallback entry point found
https://github.com/AJMarshall-25/NLP_Recipe_Analysis,no_dockerfile,False,0,0,0,,,0,0,0,0,0,False,,False,,False,,False,,False,,False,,no Dockerfile and no fallback entry point found
https://github.com/seescoto/cds303_model_app,no_entry,False,0,1,0,,,0,0,0,0,0,False,,False,,False,,False,,False,,False,,Dockerfile(s) found but no Python entry point could be resolved
https://github.com/mcrovella/CS506-Computational-Tools-for-Data-Science,no_entry,False,0,1,0,,,0,0,0,0,0,False,,False,,False,,False,,False,,False,,Dockerfile(s) found but no Python entry point could be resolved
https://github.com/viewsetting/Attack4Good,no_dockerfile,False,0,0,0,,,0,0,0,0,0,False,,False,,False,,False,,False,,False,,no Dockerfile and no fallback entry point found
https://github.com/przebom/kurs_CV,no_dockerfile,False,0,0,0,,,0,0,0,0,0,False,,False,,False,,False,,False,,False,,no Dockerfile and no fallback entry point found
https://github.com/bhuvanabasapur/TeamInvincibles-Multitask-and-Multimodal-Representation-Learning-for-Music-Applications,no_entry,False,0,2,0,,,0,0,0,0,0,False,,False,,False,,False,,False,,False,,Dockerfile(s) found but no Python entry point could be resolved
https://github.com/Oneiroe/DeclarativeClusterMind,no_dockerfile,False,0,0,0,,,0,0,0,0,0,False,,False,,False,,False,,False,,False,,no Dockerfile and no fallback entry point found
https://github.com/xiaoyuxie-vico/PyDimension,ok,False,1,1,1,pydimension\data_generation\__main__.py,fallback_console_script,8,29,2,0,0,True,pydimension/data_generation/config.py:110 json.load [matched json.load],False,,False,,False,,False,,False,,"unverified: missing stages: data_preparation, modeling, training, evaluation, inference"
https://github.com/pablofs20/UMU-MISP-FL,no_dockerfile,False,0,0,0,,,0,0,0,0,0,False,,False,,False,,False,,False,,False,,no Dockerfile and no fallback entry point found
https://github.com/schmuecker/machine-learning-course,no_dockerfile,False,0,0,0,,,0,0,0,0,0,False,,False,,False,,False,,False,,False,,no Dockerfile and no fallback entry point found
https://github.com/hcji/ProSAP,no_dockerfile,False,0,0,0,,,0,0,0,0,0,False,,False,,False,,False,,False,,False,,no Dockerfile and no fallback entry point found
https://github.com/gmum/plugen,no_dockerfile,False,0,0,0,,,0,0,0,0,0,False,,False,,False,,False,,False,,False,,no Dockerfile and no fallback entry point found
https://github.com/Saharae/Final-Project-Group2,no_dockerfile,False,0,0,0,,,0,0,0,0,0,False,,False,,False,,False,,False,,False,,no Dockerfile and no fallback entry point found
https://github.com/meyer-lab/gc-valent,ok,False,4,0,1,ckine\figures\figureCommon.py,fallback_console_script,2,28,1,0,0,True,ckine/imports.py:19 pd.read_csv [matched pd.read_csv],True,ckine/figures/figureCommon.py:269 pd.concat [matched pd.concat],True,ckine/figures/figureCommon.py:324 sklearn.svm.SVC [matched SVC],False,,True,ckine/figures/figureCommon.py:347 sklearn.metrics.balanced_accuracy_score [matched balanced_accuracy_score],False,,"unverified: missing stages: training, inference"
https://github.com/Qulacs-Osaka/scikit-qulacs,no_entry,False,0,1,0,,,0,0,0,0,0,False,,False,,False,,False,,False,,False,,Dockerfile(s) found but no Python entry point could be resolved
https://github.com/sambit-giri/BCemu,no_dockerfile,False,0,0,0,,,0,0,0,0,0,False,,False,,False,,False,,False,,False,,no Dockerfile and no fallback entry point found
https://github.com/ShenghuaCheng/Aided-Diagnosis-System-for-Cervical-Cancer-Screening,no_dockerfile,False,0,0,0,,,0,0,0,0,0,False,,False,,False,,False,,False,,False,,no Dockerfile and no fallback entry point found
https://github.com/giova86/Python-LIS,no_dockerfile,False,0,0,0,,,0,0,0,0,0,False,,False,,False,,False,,False,,False,,no Dockerfile and no fallback entry point found
https://github.com/jackmleitch/CustomerChurn,no_dockerfile,False,0,0,0,,,0,0,0,0,0,False,,False,,False,,False,,False,,False,,no Dockerfile and no fallback entry point found
https://github.com/rabizao/oka,no_dockerfile,False,0,0,0,,,0,0,0,0,0,False,,False,,False,,False,,False,,False,,no Dockerfile and no fallback entry point found
https://github.com/bernpb/Fantasy_Football_Prediction,no_dockerfile,False,0,0,0,,,0,0,0,0,0,False,,False,,False,,False,,False,,False,,no Dockerfile and no fallback entry point found
https://github.com/JiushengChen/Transformers,no_entry,False,0,6,0,,,0,0,0,0,0,False,,False,,False,,False,,False,,False,,Dockerfile(s) found but no Python entry point could be resolved
https://github.com/Mi-Dora/PDVR_HKUST,no_dockerfile,False,0,0,0,,,0,0,0,0,0,False,,False,,False,,False,,False,,False,,no Dockerfile and no fallback entry point found
https://github.com/Sarathkumar254/ML_Projects_list,no_dockerfile,False,0,0,0,,,0,0,0,0,0,False,,False,,False,,False,,False,,False,,no Dockerfile and no fallback entry point found
https://github.com/neildhir/DCBO,no_dockerfile,False,0,0,0,,,0,0,0,0,0,False,,False,,False,,False,,False,,False,,no Dockerfile and no fallback entry point found
https://github.com/yurickyh/JudgementClassifier,no_entry,False,0,2,0,,,0,0,0,0,0,False,,False,,False,,False,,False,,False,,Dockerfile(s) found but no Python entry point could be resolved
https://github.com/lissrbay/bug_ml,no_dockerfile,False,0,0,0,,,0,0,0,0,0,False,,False,,False,,False,,False,,False,,no Dockerfile and no fallback entry point found
https://github.com/OBTCOCA/btc_research,no_entry,False,0,2,0,,,0,0,0,0,0,False,,False,,False,,False,,False,,False,,Dockerfile(s) found but no Python entry point could be resolved
https://github.com/Team-CMSC353/matrix_decomps,no_dockerfile,False,0,0,0,,,0,0,0,0,0,False,,False,,False,,False,,False,,False,,no Dockerfile and no fallback entry point found
https://github.com/openbenchmark/BARS,no_dockerfile,False,0,0,0,,,0,0,0,0,0,False,,False,,False,,False,,False,,False,,no Dockerfile and no fallback entry point found
https://github.com/TranNhiem/Heuristic_attention_simclr_tensorflow_modify,no_dockerfile,False,0,0,0,,,0,0,0,0,0,False,,False,,False,,False,,False,,False,,no Dockerfile and no fallback entry point found
https://github.com/vicentepese/deep-TCELL,no_dockerfile,False,0,0,0,,,0,0,0,0,0,False,,False,,False,,False,,False,,False,,no Dockerfile and no fallback entry point found
https://github.com/ChloeCarayon/application_bd,ok,False,0,0,1,src\main.py,fallback_nested,1,4,0,0,0,False,,False,,False,,False,,False,,False,,"unverified: missing stages: data_acquisition, data_preparation, modeling, training, evaluation, inference"
https://github.com/fornasari12/time-series-forecasting,no_dockerfile,False,0,0,0,,,0,0,0,0,0,False,,False,,False,,False,,False,,False,,no Dockerfile and no fallback entry point found
https://github.com/shiwuwen/Study,no_dockerfile,False,0,0,0,,,0,0,0,0,0,False,,False,,False,,False,,False,,False,,no Dockerfile and no fallback entry point found
https://github.com/Jeffrey-Sardina/twig-idgl,no_dockerfile,False,0,0,0,,,0,0,0,0,0,False,,False,,False,,False,,False,,False,,no Dockerfile and no fallback entry point found
https://github.com/lightly-ai/lightly,ok,False,5,0,1,lightly\cli\crop_cli.py,fallback_console_script,51,294,6,0,0,True,lightly/utils/cropping/crop_image_by_bounding_boxes.py:76 PIL.Image.open [matched Image.open],False,,True,lightly/cli/_helpers.py:218 nn.Sequential [matched nn.Sequential],True,lightly/cli/crop_cli.py:75 hydra.main [matched hydra.main],True,lightly/embedding/_base.py:65 self.log [matched self.log],True,lightly/embedding/embedding.py:111 self.model.eval [matched model.eval],unverified: missing stages: data_preparation
https://github.com/JaeYeopJeong/uplus-mlops,no_entry,False,0,1,0,,,0,0,0,0,0,False,,False,,False,,False,,False,,False,,Dockerfile(s) found but no Python entry point could be resolved
https://github.com/everydaycodings/Data-Science-End-To-End-Notebook-Project,no_dockerfile,False,0,0,0,,,0,0,0,0,0,False,,False,,False,,False,,False,,False,,no Dockerfile and no fallback entry point found
https://github.com/hoangtv2000/COViT,no_dockerfile,False,0,0,0,,,0,0,0,0,0,False,,False,,False,,False,,False,,False,,no Dockerfile and no fallback entry point found
https://github.com/cmougan/Novartis2021,no_dockerfile,False,0,0,0,,,0,0,0,0,0,False,,False,,False,,False,,False,,False,,no Dockerfile and no fallback entry point found
https://github.com/peterwilli/Endless-AWSW,no_entry,False,0,1,0,,,0,0,0,0,0,False,,False,,False,,False,,False,,False,,Dockerfile(s) found but no Python entry point could be resolved
https://github.com/lidialuq/fys-stk4155,no_dockerfile,False,0,0,0,,,0,0,0,0,0,False,,False,,False,,False,,False,,False,,no Dockerfile and no fallback entry point found
https://github.com/SKA-INAF/sclassifier-vae,no_dockerfile,False,0,0,0,,,0,0,0,0,0,False,,False,,False,,False,,False,,False,,no Dockerfile and no fallback entry point found
https://github.com/Omkk5124/Hackathon,ok,False,3,0,1,app\app.py,fallback_nested,1,8,0,0,0,True,app/app.py:71 pickle.load [matched pickle.load],True,app/app.py:109 torchvision.transforms.Compose [matched torchvision.transforms.*],False,,False,,False,,True,app/app.py:129 flask.Flask [matched Flask],"unverified: missing stages: modeling, training, evaluation"
https://github.com/ayyucedemirbas/machine_learning_algorithms,no_dockerfile,False,0,0,0,,,0,0,0,0,0,False,,False,,False,,False,,False,,False,,no Dockerfile and no fallback entry point found
https://github.com/Michael07220823/new_face,no_dockerfile,False,0,0,0,,,0,0,0,0,0,False,,False,,False,,False,,False,,False,,no Dockerfile and no fallback entry point found
https://github.com/FilippoPisello/Stat-Utils,no_dockerfile,False,0,0,0,,,0,0,0,0,0,False,,False,,False,,False,,False,,False,,no Dockerfile and no fallback entry point found
https://github.com/Ramneantu/deepfake-detection,no_dockerfile,False,0,0,0,,,0,0,0,0,0,False,,False,,False,,False,,False,,False,,no Dockerfile and no fallback entry point found
https://github.com/hddm-devs/hddm,no_entry,False,0,1,0,,,0,0,0,0,0,False,,False,,False,,False,,False,,False,,Dockerfile(s) found but no Python entry point could be resolved
https://github.com/sintiaalmeida/BigSlice,no_dockerfile,False,0,0,0,,,0,0,0,0,0,False,,False,,False,,False,,False,,False,,no Dockerfile and no fallback entry point found
https://github.com/GatorEthics/facial_recognition_bias,no_dockerfile,False,0,0,0,,,0,0,0,0,0,False,,False,,False,,False,,False,,False,,no Dockerfile and no fallback entry point found
https://github.com/krkryger/clim-dist,no_dockerfile,False,0,0,0,,,0,0,0,0,0,False,,False,,False,,False,,False,,False,,no Dockerfile and no fallback entry point found
https://github.com/alexander-paskal/news-bias-analysis,clone_failed,False,0,0,0,,,0,0,0,0,0,False,,False,,False,,False,,False,,False,,remote: Repository not found.
https://github.com/anishajain217/datascienceprojects,no_dockerfile,False,0,0,0,,,0,0,0,0,0,False,,False,,False,,False,,False,,False,,no Dockerfile and no fallback entry point found
https://github.com/osamhack2021/AI_WEB_AICARE_AIM_2021,no_entry,False,0,1,0,,,0,0,0,0,0,False,,False,,False,,False,,False,,False,,Dockerfile(s) found but no Python entry point could be resolved
https://github.com/nnadeau/pybotics,no_dockerfile,False,0,0,0,,,0,0,0,0,0,False,,False,,False,,False,,False,,False,,no Dockerfile and no fallback entry point found
https://github.com/POSTECH-IMLAB/PIMNet_External_Environment_Recognition,no_entry,False,0,1,0,,,0,0,0,0,0,False,,False,,False,,False,,False,,False,,Dockerfile(s) found but no Python entry point could be resolved
https://github.com/senhorinfinito/rental_price_analysis,no_dockerfile,False,0,0,0,,,0,0,0,0,0,False,,False,,False,,False,,False,,False,,no Dockerfile and no fallback entry point found
https://github.com/ShivHirani29/Azure2,no_entry,False,0,1,0,,,0,0,0,0,0,False,,False,,False,,False,,False,,False,,Dockerfile(s) found but no Python entry point could be resolved
https://github.com/shootinstar000/freqtradeb,ok,False,0,7,1,freqtrade\__main__.py,fallback_nested,2,0,1,0,0,False,,False,,False,,False,,False,,False,,"unverified: missing stages: data_acquisition, data_preparation, modeling, training, evaluation, inference"
https://github.com/hsh3n3/augur_project,ok,False,1,3,1,augur\cli\_multicommand.py,fallback_console_script,6,34,2,0,2,True,augur/application.py:78 sqlalchemy.create_engine [matched sqlalchemy.create_engine],False,,False,,False,,False,,False,,"unverified: missing stages: data_preparation, modeling, training, evaluation, inference"
https://github.com/alan-turing-institute/rds-course,no_dockerfile,False,0,0,0,,,0,0,0,0,0,False,,False,,False,,False,,False,,False,,no Dockerfile and no fallback entry point found
https://github.com/bpqdbpqd/zeus2_toolbox,no_dockerfile,False,0,0,0,,,0,0,0,0,0,False,,False,,False,,False,,False,,False,,no Dockerfile and no fallback entry point found
https://github.com/mdekstrand/cs533-web,no_entry,False,0,1,0,,,0,0,0,0,0,False,,False,,False,,False,,False,,False,,Dockerfile(s) found but no Python entry point could be resolved
https://github.com/NREL/celavi,ok,False,3,0,1,celavi\__main__.py,fallback_nested,21,112,3,0,0,True,celavi/scenario.py:60 yaml.load [matched yaml.load],True,celavi/scenario.py:711 pd.concat [matched pd.concat],True,celavi/compute_locations.py:373 sklearn.linear_model.LinearRegression [matched LinearRegression],False,,False,,False,,"unverified: missing stages: training, evaluation, inference"
https://github.com/facebookresearch/pysparnn,no_dockerfile,False,0,0,0,,,0,0,0,0,0,False,,False,,False,,False,,False,,False,,no Dockerfile and no fallback entry point found
https://github.com/VineethKonghot/Datasets,no_dockerfile,False,0,0,0,,,0,0,0,0,0,False,,False,,False,,False,,False,,False,,no Dockerfile and no fallback entry point found
https://github.com/sean830314/python-note,no_dockerfile,False,0,0,0,,,0,0,0,0,0,False,,False,,False,,False,,False,,False,,no Dockerfile and no fallback entry point found
https://github.com/Ay-De/SLM-CNN,no_dockerfile,False,0,0,0,,,0,0,0,0,0,False,,False,,False,,False,,False,,False,,no Dockerfile and no fallback entry point found
https://github.com/kssteven418/transformers-private,no_entry,False,0,7,0,,,0,0,0,0,0,False,,False,,False,,False,,False,,False,,Dockerfile(s) found but no Python entry point could be resolved
https://github.com/waidyanatha/quasar,no_dockerfile,False,0,0,0,,,0,0,0,0,0,False,,False,,False,,False,,False,,False,,no Dockerfile and no fallback entry point found
https://github.com/greentopsecret/random-forest-fennel-student-code,no_entry,False,0,7,0,,,0,0,0,0,0,False,,False,,False,,False,,False,,False,,Dockerfile(s) found but no Python entry point could be resolved
https://github.com/alawryaguila/multiAE,no_dockerfile,False,0,0,0,,,0,0,0,0,0,False,,False,,False,,False,,False,,False,,no Dockerfile and no fallback entry point found
https://github.com/tariqking/aist,no_dockerfile,False,0,0,0,,,0,0,0,0,0,False,,False,,False,,False,,False,,False,,no Dockerfile and no fallback entry point found
https://github.com/ajsalmeida/tesseract-team-future-projectliquor,no_dockerfile,False,0,0,0,,,0,0,0,0,0,False,,False,,False,,False,,False,,False,,no Dockerfile and no fallback entry point found
https://github.com/molinamelendezj/terrain-detect,no_entry,False,0,1,0,,,0,0,0,0,0,False,,False,,False,,False,,False,,False,,Dockerfile(s) found but no Python entry point could be resolved
https://github.com/ChristianSAW/Fourthbrain,no_dockerfile,False,0,0,0,,,0,0,0,0,0,False,,False,,False,,False,,False,,False,,no Dockerfile and no fallback entry point found
https://github.com/KrishArul26/Text-Classification-DBpedia-ontology-classes-Using-LSTM,no_dockerfile,False,0,0,0,,,0,0,0,0,0,False,,False,,False,,False,,False,,False,,no Dockerfile and no fallback entry point found
https://github.com/Nirav-Madhani/ADF_Project,no_dockerfile,False,0,0,0,,,0,0,0,0,0,False,,False,,False,,False,,False,,False,,no Dockerfile and no fallback entry point found
https://github.com/Buffoni/spectral_learning,no_dockerfile,False,0,0,0,,,0,0,0,0,0,False,,False,,False,,False,,False,,False,,no Dockerfile and no fallback entry point found
https://github.com/Quantco/glum,no_dockerfile,False,0,0,0,,,0,0,0,0,0,False,,False,,False,,False,,False,,False,,no Dockerfile and no fallback entry point found
https://github.com/tangleintel/transformer_tl,no_entry,False,0,7,0,,,0,0,0,0,0,False,,False,,False,,False,,False,,False,,Dockerfile(s) found but no Python entry point could be resolved
https://github.com/smb-h/nn-lab,no_dockerfile,False,0,0,0,,,0,0,0,0,0,False,,False,,False,,False,,False,,False,,no Dockerfile and no fallback entry point found
https://github.com/condran999/Stock-Prediction-Dashboard,no_dockerfile,False,0,0,0,,,0,0,0,0,0,False,,False,,False,,False,,False,,False,,no Dockerfile and no fallback entry point found
https://github.com/super-buster/OpenPrompt,no_dockerfile,False,0,0,0,,,0,0,0,0,0,False,,False,,False,,False,,False,,False,,no Dockerfile and no fallback entry point found
https://github.com/EducationalSciences693/ShadowspectRandomForest,no_dockerfile,False,0,0,0,,,0,0,0,0,0,False,,False,,False,,False,,False,,False,,no Dockerfile and no fallback entry point found
https://github.com/wyzhong/PaddleClas,ok,False,5,0,1,tools\train.py,fallback_nested,119,1134,5,0,2,True,ppcls/utils/config.py:57 yaml.load [matched yaml.load],False,,True,ppcls/arch/backbone/legendary_models/mobilenet_v1.py:131 paddle.nn.Sequential [matched nn.Sequential],True,ppcls/engine/train/train.py:60 engine.optimizer.step [matched optimizer.step],True,ppcls/utils/metrics.py:46 sklearn.metrics.hamming_loss [matched hamming_loss],True,ppcls/engine/engine.py:326 self.model.eval [matched model.eval],unverified: missing stages: data_preparation
https://github.com/UTK-ML-Dream-Team/accident-severity-prediction,no_dockerfile,False,0,0,0,,,0,0,0,0,0,False,,False,,False,,False,,False,,False,,no Dockerfile and no fallback entry point found
https://github.com/xulabs/aitom,ok,False,1,1,1,aitom\bin\picking.py,fallback_console_script,13,56,3,0,0,True,aitom/pick/dog/particle_picking_dog__filter.py:54 json.load [matched json.load],False,,False,,False,,False,,False,,"unverified: missing stages: data_preparation, modeling, training, evaluation, inference"
https://github.com/FlandreYScarlet/augur1,ok,False,1,3,1,augur\cli\_multicommand.py,fallback_console_script,6,34,2,0,2,True,augur/application.py:78 sqlalchemy.create_engine [matched sqlalchemy.create_engine],False,,False,,False,,False,,False,,"unverified: missing stages: data_preparation, modeling, training, evaluation, inference"
https://github.com/Forexience/Forexience,no_dockerfile,False,0,0,0,,,0,0,0,0,0,False,,False,,False,,False,,False,,False,,no Dockerfile and no fallback entry point found
https://github.com/Yu-AnChen/palom,ok,False,0,0,1,palom\cli\svs.py,fallback_console_script,3,7,1,0,0,False,,False,,False,,False,,False,,False,,"unverified: missing stages: data_acquisition, data_preparation, modeling, training, evaluation, inference"
https://github.com/amador2001/WQI-streamlit-app,no_dockerfile,False,0,0,0,,,0,0,0,0,0,False,,False,,False,,False,,False,,False,,no Dockerfile and no fallback entry point found
https://github.com/os-climate/aicoe-osc-demo,no_entry,False,0,1,0,,,0,0,0,0,0,False,,False,,False,,False,,False,,False,,Dockerfile(s) found but no Python entry point could be resolved
https://github.com/jmtastrero/CryptoRush,no_dockerfile,False,0,0,0,,,0,0,0,0,0,False,,False,,False,,False,,False,,False,,no Dockerfile and no fallback entry point found
https://github.com/GyuYoungCho/BOOKS,no_dockerfile,False,0,0,0,,,0,0,0,0,0,False,,False,,False,,False,,False,,False,,no Dockerfile and no fallback entry point found
https://github.com/Madhu-balaji-01/ASRProject,no_dockerfile,False,0,0,0,,,0,0,0,0,0,False,,False,,False,,False,,False,,False,,no Dockerfile and no fallback entry point found
https://github.com/mshubham1/Money-Laundering-Prevention,no_dockerfile,False,0,0,0,,,0,0,0,0,0,False,,False,,False,,False,,False,,False,,no Dockerfile and no fallback entry point found
https://github.com/sony/model_optimization,no_dockerfile,False,0,0,0,,,0,0,0,0,0,False,,False,,False,,False,,False,,False,,no Dockerfile and no fallback entry point found
https://github.com/Veranith/cs50ai,no_dockerfile,False,0,0,0,,,0,0,0,0,0,False,,False,,False,,False,,False,,False,,no Dockerfile and no fallback entry point found
https://github.com/katiekeegan/COVID-19-Image-Segmentation,no_dockerfile,False,0,0,0,,,0,0,0,0,0,False,,False,,False,,False,,False,,False,,no Dockerfile and no fallback entry point found
https://github.com/Amaranese/Poker-Ai-2021,no_entry,False,0,1,0,,,0,0,0,0,0,False,,False,,False,,False,,False,,False,,Dockerfile(s) found but no Python entry point could be resolved
https://github.com/jimilee/rcnnpose-pytorch-tracker,no_dockerfile,False,0,0,0,,,0,0,0,0,0,False,,False,,False,,False,,False,,False,,no Dockerfile and no fallback entry point found
https://github.com/explosion/projects,no_entry,False,0,1,0,,,0,0,0,0,0,False,,False,,False,,False,,False,,False,,Dockerfile(s) found but no Python entry point could be resolved
https://github.com/canmet-energy/btap_ml,no_entry,False,0,1,0,,,0,0,0,0,0,False,,False,,False,,False,,False,,False,,Dockerfile(s) found but no Python entry point could be resolved
https://github.com/JEstabrook/regulon-enrichment,ok,False,2,0,1,enricher\enrich.py,fallback_console_script,4,39,1,0,0,True,enricher/features/expression_utils.py:18 pd.read_csv [matched pd.read_csv],True,enricher/enrich.py:124 enricher.features.expression_utils.StandardScaler [matched StandardScaler],False,,False,,False,,False,,"unverified: missing stages: modeling, training, evaluation, inference"
https://github.com/lambda-science/EHRoes,no_entry,False,0,2,0,,,0,0,0,0,0,False,,False,,False,,False,,False,,False,,Dockerfile(s) found but no Python entry point could be resolved
https://github.com/opendp/smartnoise-sdk,no_dockerfile,False,0,0,0,,,0,0,0,0,0,False,,False,,False,,False,,False,,False,,no Dockerfile and no fallback entry point found
https://github.com/AIasd/ADFuzz,no_entry,False,0,2,0,,,0,0,0,0,0,False,,False,,False,,False,,False,,False,,Dockerfile(s) found but no Python entry point could be resolved
https://github.com/ViirajPatel/sem7,no_dockerfile,False,0,0,0,,,0,0,0,0,0,False,,False,,False,,False,,False,,False,,no Dockerfile and no fallback entry point found
https://github.com/davidhin/linevd,no_dockerfile,False,0,0,0,,,0,0,0,0,0,False,,False,,False,,False,,False,,False,,no Dockerfile and no fallback entry point found
https://github.com/MoritzM00/FactorAnalysis,no_dockerfile,False,0,0,0,,,0,0,0,0,0,False,,False,,False,,False,,False,,False,,no Dockerfile and no fallback entry point found
https://github.com/IBP-21-22/intbioproj,no_dockerfile,False,0,0,0,,,0,0,0,0,0,False,,False,,False,,False,,False,,False,,no Dockerfile and no fallback entry point found
https://github.com/DSCVITBHOPAL/ML-Reserve,no_entry,False,0,1,0,,,0,0,0,0,0,False,,False,,False,,False,,False,,False,,Dockerfile(s) found but no Python entry point could be resolved
https://github.com/monomest/Thesis,no_dockerfile,False,0,0,0,,,0,0,0,0,0,False,,False,,False,,False,,False,,False,,no Dockerfile and no fallback entry point found
https://github.com/Pikalchemist/dinos,no_dockerfile,False,0,0,0,,,0,0,0,0,0,False,,False,,False,,False,,False,,False,,no Dockerfile and no fallback entry point found
https://github.com/rjurney/Agile_Data_Code_2,no_entry,False,0,2,0,,,0,0,0,0,0,False,,False,,False,,False,,False,,False,,Dockerfile(s) found but no Python entry point could be resolved
https://github.com/pabloazurduy/routing_marketplace,no_dockerfile,False,0,0,0,,,0,0,0,0,0,False,,False,,False,,False,,False,,False,,no Dockerfile and no fallback entry point found
https://github.com/ajairamalware2/DDoSDN,no_dockerfile,False,0,0,0,,,0,0,0,0,0,False,,False,,False,,False,,False,,False,,no Dockerfile and no fallback entry point found
https://github.com/enam1977/python_devops_book,no_entry,False,0,4,0,,,0,0,0,0,0,False,,False,,False,,False,,False,,False,,Dockerfile(s) found but no Python entry point could be resolved
https://github.com/intel/PerfSpect,no_entry,False,0,3,0,,,0,0,0,0,0,False,,False,,False,,False,,False,,False,,Dockerfile(s) found but no Python entry point could be resolved
https://github.com/RBilella/DeepLearning,no_dockerfile,False,0,0,0,,,0,0,0,0,0,False,,False,,False,,False,,False,,False,,no Dockerfile and no fallback entry point found
https://github.com/coleygroup/molpal,ok,False,0,0,1,molpal\cli\main.py,fallback_console_script,1,1,0,0,0,False,,False,,False,,False,,False,,False,,"unverified: missing stages: data_acquisition, data_preparation, modeling, training, evaluation, inference"
https://github.com/batherk/piano-style,no_dockerfile,False,0,0,0,,,0,0,0,0,0,False,,False,,False,,False,,False,,False,,no Dockerfile and no fallback entry point found
https://github.com/adilalkp/project,no_entry,False,0,6,0,,,0,0,0,0,0,False,,False,,False,,False,,False,,False,,Dockerfile(s) found but no Python entry point could be resolved
https://github.com/norahollenstein/reading-task-classification,no_dockerfile,False,0,0,0,,,0,0,0,0,0,False,,False,,False,,False,,False,,False,,no Dockerfile and no fallback entry point found
https://github.com/iprafols/SQUEzE,no_dockerfile,False,0,0,0,,,0,0,0,0,0,False,,False,,False,,False,,False,,False,,no Dockerfile and no fallback entry point found
https://github.com/willparker123/fat-face,no_dockerfile,False,0,0,0,,,0,0,0,0,0,False,,False,,False,,False,,False,,False,,no Dockerfile and no fallback entry point found
https://github.com/Mascerade/supervised-product-matching,no_dockerfile,False,0,0,0,,,0,0,0,0,0,False,,False,,False,,False,,False,,False,,no Dockerfile and no fallback entry point found
https://github.com/hugotorche/CopenhagenBS,no_dockerfile,False,0,0,0,,,0,0,0,0,0,False,,False,,False,,False,,False,,False,,no Dockerfile and no fallback entry point found
https://github.com/DARMA-tasking/LB-analysis-framework,no_entry,False,0,2,0,,,0,0,0,0,0,False,,False,,False,,False,,False,,False,,Dockerfile(s) found but no Python entry point could be resolved
https://github.com/tejashah88/image-clusterduck,no_dockerfile,False,0,0,0,,,0,0,0,0,0,False,,False,,False,,False,,False,,False,,no Dockerfile and no fallback entry point found
https://github.com/microsoft/hi-ml,no_entry,False,0,2,0,,,0,0,0,0,0,False,,False,,False,,False,,False,,False,,Dockerfile(s) found but no Python entry point could be resolved
https://github.com/MoritzM00/Machine-Learning,no_dockerfile,False,0,0,0,,,0,0,0,0,0,False,,False,,False,,False,,False,,False,,no Dockerfile and no fallback entry point found
https://github.com/suchak1/hyperdrive,no_dockerfile,False,0,0,0,,,0,0,0,0,0,False,,False,,False,,False,,False,,False,,no Dockerfile and no fallback entry point found
https://github.com/ActiveBrainAtlas2/preprocessing-pipeline,no_dockerfile,False,0,0,0,,,0,0,0,0,0,False,,False,,False,,False,,False,,False,,no Dockerfile and no fallback entry point found
https://github.com/coax-dev/coax,no_dockerfile,False,0,0,0,,,0,0,0,0,0,False,,False,,False,,False,,False,,False,,no Dockerfile and no fallback entry point found
https://github.com/sldriedler/mltk,ok,False,0,0,1,mltk\__main__.py,fallback_nested,4,12,2,0,0,False,,False,,False,,False,,False,,False,,"unverified: missing stages: data_acquisition, data_preparation, modeling, training, evaluation, inference"
https://github.com/wei-enwang/merge_pcl,no_dockerfile,False,0,0,0,,,0,0,0,0,0,False,,False,,False,,False,,False,,False,,no Dockerfile and no fallback entry point found
https://github.com/MachineLearningJournalClub/SSVEP_IEEE_SMC_2021,no_dockerfile,False,0,0,0,,,0,0,0,0,0,False,,False,,False,,False,,False,,False,,no Dockerfile and no fallback entry point found
https://github.com/datathon21/breast_cancer_prediction,no_dockerfile,False,0,0,0,,,0,0,0,0,0,False,,False,,False,,False,,False,,False,,no Dockerfile and no fallback entry point found
https://github.com/Zaxela/Springboard,no_dockerfile,False,0,0,0,,,0,0,0,0,0,False,,False,,False,,False,,False,,False,,no Dockerfile and no fallback entry point found
https://github.com/JuanGriggio/SIA-Group5,no_dockerfile,False,0,0,0,,,0,0,0,0,0,False,,False,,False,,False,,False,,False,,no Dockerfile and no fallback entry point found
https://github.com/Jeong-Heui-Jin/BEE,no_dockerfile,False,0,0,0,,,0,0,0,0,0,False,,False,,False,,False,,False,,False,,no Dockerfile and no fallback entry point found
https://github.com/jonhilgart22/go-trader,no_entry,False,0,1,0,,,0,0,0,0,0,False,,False,,False,,False,,False,,False,,Dockerfile(s) found but no Python entry point could be resolved
https://github.com/zhaoruic-intel/bert_sparse,no_entry,False,0,53,0,,,0,0,0,0,0,False,,False,,False,,False,,False,,False,,Dockerfile(s) found but no Python entry point could be resolved
https://github.com/SijieZeng/tutorials,no_dockerfile,False,0,0,0,,,0,0,0,0,0,False,,False,,False,,False,,False,,False,,no Dockerfile and no fallback entry point found
https://github.com/gabgilling/dse-nichd,no_dockerfile,False,0,0,0,,,0,0,0,0,0,False,,False,,False,,False,,False,,False,,no Dockerfile and no fallback entry point found
https://github.com/koaning/simsity,no_dockerfile,False,0,0,0,,,0,0,0,0,0,False,,False,,False,,False,,False,,False,,no Dockerfile and no fallback entry point found
https://github.com/intel-analytics/BigDL,no_entry,False,0,8,0,,,0,0,0,0,0,False,,False,,False,,False,,False,,False,,Dockerfile(s) found but no Python entry point could be resolved
https://github.com/hashtagml/optical,no_entry,False,0,1,0,,,0,0,0,0,0,False,,False,,False,,False,,False,,False,,Dockerfile(s) found but no Python entry point could be resolved
https://github.com/narhim/autocoding,clone_failed,False,0,0,0,,,0,0,0,0,0,False,,False,,False,,False,,False,,False,,remote: Repository not found.
https://github.com/jabrusce/us_census_product_club,no_dockerfile,False,0,0,0,,,0,0,0,0,0,False,,False,,False,,False,,False,,False,,no Dockerfile and no fallback entry point found
https://github.com/PrimeshShamilka/GOO,no_dockerfile,False,0,0,0,,,0,0,0,0,0,False,,False,,False,,False,,False,,False,,no Dockerfile and no fallback entry point found
https://github.com/marcnol/pyHiM,no_dockerfile,False,0,0,0,,,0,0,0,0,0,False,,False,,False,,False,,False,,False,,no Dockerfile and no fallback entry point found
https://github.com/DIAGNijmegen/adhesion_detection,no_entry,False,0,5,0,,,0,0,0,0,0,False,,False,,False,,False,,False,,False,,Dockerfile(s) found but no Python entry point could be resolved
https://github.com/ailabx/ailabx,no_dockerfile,False,0,0,0,,,0,0,0,0,0,False,,False,,False,,False,,False,,False,,no Dockerfile and no fallback entry point found
https://github.com/scottclay/MLLytics,no_dockerfile,False,0,0,0,,,0,0,0,0,0,False,,False,,False,,False,,False,,False,,no Dockerfile and no fallback entry point found
https://github.com/pySRURGS/pyGOURGS,no_dockerfile,False,0,0,0,,,0,0,0,0,0,False,,False,,False,,False,,False,,False,,no Dockerfile and no fallback entry point found
https://github.com/itracanalise/analiseComentarios,no_dockerfile,False,0,0,0,,,0,0,0,0,0,False,,False,,False,,False,,False,,False,,no Dockerfile and no fallback entry point found
https://github.com/RickyMcMaster/pub_portfolio,no_entry,False,0,5,0,,,0,0,0,0,0,False,,False,,False,,False,,False,,False,,Dockerfile(s) found but no Python entry point could be resolved
https://github.com/Fuki-UoA/hiragana-recogniser,ok,False,0,0,1,app\app.py,fallback_nested,1,2,0,0,0,False,,False,,False,,False,,False,,False,,"unverified: missing stages: data_acquisition, data_preparation, modeling, training, evaluation, inference"
https://github.com/LeilaRanjbar82/ML-zoomcamp-course-homework,no_entry,False,0,5,0,,,0,0,0,0,0,False,,False,,False,,False,,False,,False,,Dockerfile(s) found but no Python entry point could be resolved
https://github.com/banypakha/ml_zoomcamp,no_entry,False,0,5,0,,,0,0,0,0,0,False,,False,,False,,False,,False,,False,,Dockerfile(s) found but no Python entry point could be resolved
https://github.com/gromag/natural-language-processing,no_entry,False,0,1,0,,,0,0,0,0,0,False,,False,,False,,False,,False,,False,,Dockerfile(s) found but no Python entry point could be resolved
https://github.com/GIS-Schatz/Schatz,no_dockerfile,False,0,0,0,,,0,0,0,0,0,False,,False,,False,,False,,False,,False,,no Dockerfile and no fallback entry point found
https://github.com/bahia14/PIVEN-A-Deep-Neural-Network-for-Prediction-Intervals,no_entry,False,0,1,0,,,0,0,0,0,0,False,,False,,False,,False,,False,,False,,Dockerfile(s) found but no Python entry point could be resolved
https://github.com/nindate/ml-zoomcamp-exercises,no_entry,False,0,2,0,,,0,0,0,0,0,False,,False,,False,,False,,False,,False,,Dockerfile(s) found but no Python entry point could be resolved
https://github.com/Yu-Group/rule-vetting,no_dockerfile,False,0,0,0,,,0,0,0,0,0,False,,False,,False,,False,,False,,False,,no Dockerfile and no fallback entry point found
https://github.com/Singular-Brain/DeepBioLCNet,no_entry,False,0,1,0,,,0,0,0,0,0,False,,False,,False,,False,,False,,False,,Dockerfile(s) found but no Python entry point could be resolved
https://github.com/HyperexD/BitPred,no_dockerfile,False,0,0,0,,,0,0,0,0,0,False,,False,,False,,False,,False,,False,,no Dockerfile and no fallback entry point found
https://github.com/LHCfitNikhef/EELSfitter,no_dockerfile,False,0,0,0,,,0,0,0,0,0,False,,False,,False,,False,,False,,False,,no Dockerfile and no fallback entry point found
https://github.com/bavard-ai/bavard-ml-utils,no_entry,False,0,3,0,,,0,0,0,0,0,False,,False,,False,,False,,False,,False,,Dockerfile(s) found but no Python entry point could be resolved
https://github.com/winsphinx/covid,no_dockerfile,False,0,0,0,,,0,0,0,0,0,False,,False,,False,,False,,False,,False,,no Dockerfile and no fallback entry point found
https://github.com/open-data-toronto/operations,no_dockerfile,False,0,0,0,,,0,0,0,0,0,False,,False,,False,,False,,False,,False,,no Dockerfile and no fallback entry point found
https://github.com/namhyemi/TIL,no_dockerfile,False,0,0,0,,,0,0,0,0,0,False,,False,,False,,False,,False,,False,,no Dockerfile and no fallback entry point found
https://github.com/Oafish1/ComManDo,no_dockerfile,False,0,0,0,,,0,0,0,0,0,False,,False,,False,,False,,False,,False,,no Dockerfile and no fallback entry point found
https://github.com/PlaytikaResearch/esntorch,no_dockerfile,False,0,0,0,,,0,0,0,0,0,False,,False,,False,,False,,False,,False,,no Dockerfile and no fallback entry point found
https://github.com/razorcd/ml-training,no_entry,False,0,8,0,,,0,0,0,0,0,False,,False,,False,,False,,False,,False,,Dockerfile(s) found but no Python entry point could be resolved
https://github.com/Ironhack-Data-Madrid-Agosto-2021/classroom-materials,no_dockerfile,False,0,0,0,,,0,0,0,0,0,False,,False,,False,,False,,False,,False,,no Dockerfile and no fallback entry point found
https://github.com/jayckaiser/adastra-analysis,ok,False,0,0,1,adastra_analysis\__main__.py,fallback_nested,2,0,1,0,0,False,,False,,False,,False,,False,,False,,"unverified: missing stages: data_acquisition, data_preparation, modeling, training, evaluation, inference"
https://github.com/niedeado/M05_ProjectReproducibility,ok,False,1,0,1,leaf_cc\main_script.py,fallback_console_script,2,2,1,0,0,False,,False,,False,,False,,False,,True,leaf_cc/main_script.py:88 model.predict [matched model.predict],"unverified: missing stages: data_acquisition, data_preparation, modeling, training, evaluation"
https://github.com/MTandHJ/freeplot,no_dockerfile,False,0,0,0,,,0,0,0,0,0,False,,False,,False,,False,,False,,False,,no Dockerfile and no fallback entry point found
https://github.com/hochschule-darmstadt/AutoML_Hauptseminar,no_entry,False,0,1,0,,,0,0,0,0,0,False,,False,,False,,False,,False,,False,,Dockerfile(s) found but no Python entry point could be resolved
https://github.com/benman1/time-series,no_dockerfile,False,0,0,0,,,0,0,0,0,0,False,,False,,False,,False,,False,,False,,no Dockerfile and no fallback entry point found
https://github.com/SairamNaragoni/deepracer-pirates-log-analysis,no_dockerfile,False,0,0,0,,,0,0,0,0,0,False,,False,,False,,False,,False,,False,,no Dockerfile and no fallback entry point found
https://github.com/Nakulbajaj101/deployHouseRegressionModel,no_entry,False,0,1,0,,,0,0,0,0,0,False,,False,,False,,False,,False,,False,,Dockerfile(s) found but no Python entry point could be resolved
https://github.com/zatserkl/PythonDataScienceHandbook-mycopy,no_dockerfile,False,0,0,0,,,0,0,0,0,0,False,,False,,False,,False,,False,,False,,no Dockerfile and no fallback entry point found
https://github.com/jmculnan/multimodal_data_preprocessing,no_dockerfile,False,0,0,0,,,0,0,0,0,0,False,,False,,False,,False,,False,,False,,no Dockerfile and no fallback entry point found
https://github.com/agerlac1/quenfo_py,no_dockerfile,False,0,0,0,,,0,0,0,0,0,False,,False,,False,,False,,False,,False,,no Dockerfile and no fallback entry point found
https://github.com/fneuhaus/JUNE_germany,no_dockerfile,False,0,0,0,,,0,0,0,0,0,False,,False,,False,,False,,False,,False,,no Dockerfile and no fallback entry point found
https://github.com/aimakerspace/Rarity,no_entry,False,0,1,0,,,0,0,0,0,0,False,,False,,False,,False,,False,,False,,Dockerfile(s) found but no Python entry point could be resolved
https://github.com/Artur-Mzyk/Analiza_i_bazy_danych,no_dockerfile,False,0,0,0,,,0,0,0,0,0,False,,False,,False,,False,,False,,False,,no Dockerfile and no fallback entry point found
https://github.com/AurelienMeray/pylenm,no_dockerfile,False,0,0,0,,,0,0,0,0,0,False,,False,,False,,False,,False,,False,,no Dockerfile and no fallback entry point found
https://github.com/MattiasBeming/LiU-AI-Project-Active-Learning-for-Music,ok,False,0,0,1,src\main.py,fallback_nested,1,1,0,0,0,False,,False,,False,,False,,False,,False,,"unverified: missing stages: data_acquisition, data_preparation, modeling, training, evaluation, inference"
https://github.com/pinellolab/simba,no_dockerfile,False,0,0,0,,,0,0,0,0,0,False,,False,,False,,False,,False,,False,,no Dockerfile and no fallback entry point found
https://github.com/BlockScience/reflexer-digital-twin,no_dockerfile,False,0,0,0,,,0,0,0,0,0,False,,False,,False,,False,,False,,False,,no Dockerfile and no fallback entry point found
https://github.com/nebw/unsupervised_behaviors,no_dockerfile,False,0,0,0,,,0,0,0,0,0,False,,False,,False,,False,,False,,False,,no Dockerfile and no fallback entry point found
https://github.com/LBJ-Wade/hierarc_SGL,no_dockerfile,False,0,0,0,,,0,0,0,0,0,False,,False,,False,,False,,False,,False,,no Dockerfile and no fallback entry point found
https://github.com/krishnakalisarkar/Be_Heart_Smart,no_dockerfile,False,0,0,0,,,0,0,0,0,0,False,,False,,False,,False,,False,,False,,no Dockerfile and no fallback entry point found
https://github.com/dominodatalab/domino-research,no_entry,False,0,6,0,,,0,0,0,0,0,False,,False,,False,,False,,False,,False,,Dockerfile(s) found but no Python entry point could be resolved
https://github.com/SchmollerLab/Cell_ACDC,ok,False,3,0,1,cellacdc\__main__.py,fallback_nested,18,511,3,0,8,True,cellacdc/__init__.py:277 pd.read_csv [matched pd.read_csv],True,cellacdc/myutils.py:2415 pd.concat [matched pd.concat],True,cellacdc/myutils.py:4724 acdcPromptSegment.Model [matched Model],False,,False,,False,,"unverified: missing stages: training, evaluation, inference"
https://github.com/TravisTian/PythonDataScienceHandbook,no_dockerfile,False,0,0,0,,,0,0,0,0,0,False,,False,,False,,False,,False,,False,,no Dockerfile and no fallback entry point found
https://github.com/microprediction/microprediction,no_dockerfile,False,0,0,0,,,0,0,0,0,0,False,,False,,False,,False,,False,,False,,no Dockerfile and no fallback entry point found
https://github.com/josafatburmeister/BirdSongIdentification,no_entry,False,0,1,0,,,0,0,0,0,0,False,,False,,False,,False,,False,,False,,Dockerfile(s) found but no Python entry point could be resolved
https://github.com/tammavarapu/dvc_test_pipeline,ok,False,2,0,1,src\train.py,fallback_nested,2,4,1,0,0,True,src/train.py:21 pd.read_csv [matched pd.read_csv],False,,True,src/train.py:30 sklearn.linear_model.ElasticNet [matched ElasticNet],False,,False,,False,,"unverified: missing stages: data_preparation, training, evaluation, inference"
https://github.com/ArthurAmmeux/pyVPLM-GUI,no_dockerfile,False,0,0,0,,,0,0,0,0,0,False,,False,,False,,False,,False,,False,,no Dockerfile and no fallback entry point found
https://github.com/Gobi1616/Datalogy_Final,no_dockerfile,False,0,0,0,,,0,0,0,0,0,False,,False,,False,,False,,False,,False,,no Dockerfile and no fallback entry point found
https://github.com/nadeemlab/SPT,ok,False,0,1,1,smprofiler\entry_point\cli.py,fallback_console_script,11,22,6,0,1,False,,False,,False,,False,,False,,False,,"unverified: missing stages: data_acquisition, data_preparation, modeling, training, evaluation, inference"
https://github.com/gsilvatici/MachineLearningStories,no_dockerfile,False,0,0,0,,,0,0,0,0,0,False,,False,,False,,False,,False,,False,,no Dockerfile and no fallback entry point found
https://github.com/cltl/pepper,no_dockerfile,False,0,0,0,,,0,0,0,0,0,False,,False,,False,,False,,False,,False,,no Dockerfile and no fallback entry point found
https://github.com/earthpulse/pytorch_eo,no_dockerfile,False,0,0,0,,,0,0,0,0,0,False,,False,,False,,False,,False,,False,,no Dockerfile and no fallback entry point found
https://github.com/Zainab-Aizaz/Zainabaizaz_ML,no_dockerfile,False,0,0,0,,,0,0,0,0,0,False,,False,,False,,False,,False,,False,,no Dockerfile and no fallback entry point found
https://github.com/chunribu/miidl,no_dockerfile,False,0,0,0,,,0,0,0,0,0,False,,False,,False,,False,,False,,False,,no Dockerfile and no fallback entry point found
https://github.com/sergioGMedinaP/Awari-DS-Mar2021,no_dockerfile,False,0,0,0,,,0,0,0,0,0,False,,False,,False,,False,,False,,False,,no Dockerfile and no fallback entry point found
https://github.com/NMBU-Data-Science/imskaper,no_dockerfile,False,0,0,0,,,0,0,0,0,0,False,,False,,False,,False,,False,,False,,no Dockerfile and no fallback entry point found
https://github.com/Reza-Pourrahim/X-Bot,ok,False,2,0,1,"Version 1 - XBot with Embedding and Bidirectional LSTM Model using Keras Model, and FastAPI and Vue.js\main.py",fallback_nested,1,20,0,0,0,True,"Version 1 - XBot with Embedding and Bidirectional LSTM Model using Keras Model, and FastAPI and Vue.js/main.py:28 pickle.load [matched pickle.load]",False,,False,,False,,False,,True,"Version 1 - XBot with Embedding and Bidirectional LSTM Model using Keras Model, and FastAPI and Vue.js/main.py:86 fastapi.FastAPI [matched FastAPI]","unverified: missing stages: data_preparation, modeling, training, evaluation"
https://github.com/NordAxon/ec-python-course,no_dockerfile,False,0,0,0,,,0,0,0,0,0,False,,False,,False,,False,,False,,False,,no Dockerfile and no fallback entry point found
https://github.com/Soohwan-Lee/Interactive-Zoom-Practice,no_dockerfile,False,0,0,0,,,0,0,0,0,0,False,,False,,False,,False,,False,,False,,no Dockerfile and no fallback entry point found
https://github.com/TUD-Dark-Pattern-2021/dark-pattern-python-side,no_dockerfile,False,0,0,0,,,0,0,0,0,0,False,,False,,False,,False,,False,,False,,no Dockerfile and no fallback entry point found
https://github.com/hfisser/s2_trucks,no_dockerfile,False,0,0,0,,,0,0,0,0,0,False,,False,,False,,False,,False,,False,,no Dockerfile and no fallback entry point found
https://github.com/StefanWinterToo/Master-Thesis,no_dockerfile,False,0,0,0,,,0,0,0,0,0,False,,False,,False,,False,,False,,False,,no Dockerfile and no fallback entry point found
https://github.com/snowaski/Supervised-Grasping-Public,no_dockerfile,False,0,0,0,,,0,0,0,0,0,False,,False,,False,,False,,False,,False,,no Dockerfile and no fallback entry point found
https://github.com/rahul263-stack/Disaster-Response-Pipeline,ok,False,3,0,1,app\run.py,fallback_nested,1,4,0,0,0,True,app/run.py:28 sqlalchemy.create_engine [matched sqlalchemy.create_engine],True,app/run.py:16 nltk.tokenize.word_tokenize [matched nltk.tokenize.word_tokenize],False,,False,,False,,True,app/run.py:12 flask.Flask [matched Flask],"unverified: missing stages: modeling, training, evaluation"
https://github.com/zarebulic/neural-semigroup-experiment,no_dockerfile,False,0,0,0,,,0,0,0,0,0,False,,False,,False,,False,,False,,False,,no Dockerfile and no fallback entry point found
https://github.com/microsoft/unilm,no_entry,False,0,1,0,,,0,0,0,0,0,False,,False,,False,,False,,False,,False,,Dockerfile(s) found but no Python entry point could be resolved
https://github.com/QLemma/qleet,no_dockerfile,False,0,0,0,,,0,0,0,0,0,False,,False,,False,,False,,False,,False,,no Dockerfile and no fallback entry point found
https://github.com/brs1977/sf_ocr,no_entry,False,0,2,0,,,0,0,0,0,0,False,,False,,False,,False,,False,,False,,Dockerfile(s) found but no Python entry point could be resolved
https://github.com/shadfdz/bda696_project,no_entry,False,0,1,0,,,0,0,0,0,0,False,,False,,False,,False,,False,,False,,Dockerfile(s) found but no Python entry point could be resolved
https://github.com/kitakou0313/kaggleTrain,no_entry,False,0,1,0,,,0,0,0,0,0,False,,False,,False,,False,,False,,False,,Dockerfile(s) found but no Python entry point could be resolved
https://github.com/ChenSQian/master-thesis,no_dockerfile,False,0,0,0,,,0,0,0,0,0,False,,False,,False,,False,,False,,False,,no Dockerfile and no fallback entry point found
https://github.com/Lorenz92/SKADC1,ok,False,3,0,1,src\train.py,fallback_nested,7,58,2,0,0,True,src/train.py:42 np.load [matched np.load],False,,True,src/models.py:14 keras.layers.Input [matched keras.layers.*],False,,True,src/utils.py:796 sklearn.metrics.average_precision_score [matched average_precision_score],False,,"unverified: missing stages: data_preparation, training, inference"
https://github.com/GreatLearning-NLP-Capstone-Group-9/Automatic-Ticket-Classification,no_dockerfile,False,0,0,0,,,0,0,0,0,0,False,,False,,False,,False,,False,,False,,no Dockerfile and no fallback entry point found
https://github.com/CFEL-CMI/Active-Learning-of-PES,no_dockerfile,False,0,0,0,,,0,0,0,0,0,False,,False,,False,,False,,False,,False,,no Dockerfile and no fallback entry point found
https://github.com/ahgit2021/deep-learning,no_dockerfile,False,0,0,0,,,0,0,0,0,0,False,,False,,False,,False,,False,,False,,no Dockerfile and no fallback entry point found
https://github.com/LisettGarcia/LisettGarcia,no_dockerfile,False,0,0,0,,,0,0,0,0,0,False,,False,,False,,False,,False,,False,,no Dockerfile and no fallback entry point found
https://github.com/ai4eu/tutorials,no_entry,False,0,95,0,,,0,0,0,0,0,False,,False,,False,,False,,False,,False,,Dockerfile(s) found but no Python entry point could be resolved
https://github.com/QPT-Family/QPT-CleverGo,no_dockerfile,False,0,0,0,,,0,0,0,0,0,False,,False,,False,,False,,False,,False,,no Dockerfile and no fallback entry point found
https://github.com/HongLabTHU/BrainQuake,no_dockerfile,False,0,0,0,,,0,0,0,0,0,False,,False,,False,,False,,False,,False,,no Dockerfile and no fallback entry point found
https://github.com/NiklasBeierl/nosyms,no_dockerfile,False,0,0,0,,,0,0,0,0,0,False,,False,,False,,False,,False,,False,,no Dockerfile and no fallback entry point found
https://github.com/frozenscrypt/deepdive-stuff,no_entry,False,0,1,0,,,0,0,0,0,0,False,,False,,False,,False,,False,,False,,Dockerfile(s) found but no Python entry point could be resolved
https://github.com/mgruppi/sense-demo,no_dockerfile,False,0,0,0,,,0,0,0,0,0,False,,False,,False,,False,,False,,False,,no Dockerfile and no fallback entry point found
https://github.com/yinanazhou/lyric-emotion,no_dockerfile,False,0,0,0,,,0,0,0,0,0,False,,False,,False,,False,,False,,False,,no Dockerfile and no fallback entry point found
https://github.com/wilhelm-lab/dlomix,no_entry,False,0,1,0,,,0,0,0,0,0,False,,False,,False,,False,,False,,False,,Dockerfile(s) found but no Python entry point could be resolved
https://github.com/Morawetz/Speech-to-text-data_collection,no_entry,False,0,3,0,,,0,0,0,0,0,False,,False,,False,,False,,False,,False,,Dockerfile(s) found but no Python entry point could be resolved
https://github.com/Eomys/SciDataTool,no_dockerfile,False,0,0,0,,,0,0,0,0,0,False,,False,,False,,False,,False,,False,,no Dockerfile and no fallback entry point found
https://github.com/NoFishLikeIan/nlp-financial-env,no_dockerfile,False,0,0,0,,,0,0,0,0,0,False,,False,,False,,False,,False,,False,,no Dockerfile and no fallback entry point found
https://github.com/rmhm1/RestApi_MWD,no_dockerfile,False,0,0,0,,,0,0,0,0,0,False,,False,,False,,False,,False,,False,,no Dockerfile and no fallback entry point found
https://github.com/swyang50066/segmentation,no_dockerfile,False,0,0,0,,,0,0,0,0,0,False,,False,,False,,False,,False,,False,,no Dockerfile and no fallback entry point found
https://github.com/alexxyu/fmri-svm,no_dockerfile,False,0,0,0,,,0,0,0,0,0,False,,False,,False,,False,,False,,False,,no Dockerfile and no fallback entry point found
https://github.com/EliorBenYosef/data-science,no_dockerfile,False,0,0,0,,,0,0,0,0,0,False,,False,,False,,False,,False,,False,,no Dockerfile and no fallback entry point found
https://github.com/ArthurPlatel/CCDC_pl,ok,False,0,0,1,ccd\app.py,fallback_nested,8,45,4,0,1,False,,False,,False,,False,,False,,False,,"unverified: missing stages: data_acquisition, data_preparation, modeling, training, evaluation, inference"
https://github.com/m-beau/NeuroPyxels,ok,True,6,0,1,npyx\c4\predict_cell_types.py,fallback_console_script,37,823,3,0,0,True,npyx/c4/predict_cell_types.py:214 pd.read_csv [matched pd.read_csv],True,npyx/corr.py:938 np.nan_to_num [matched np.nan_to_num],True,npyx/c4/dl_utils.py:0 class ConvEncoderResize [matched <class subclasses model base>],True,npyx/c4/run_deep_classifier.py:292 optimizer.zero_grad [matched optimizer.zero_grad],True,npyx/c4/plots_functions.py:215 sklearn.metrics.confusion_matrix [matched confusion_matrix],True,npyx/c4/run_deep_classifier.py:305 torch.no_grad [matched torch.no_grad],verified: all 6 stages present
https://github.com/shinyshoes404/covid-py-ml,no_entry,False,0,1,0,,,0,0,0,0,0,False,,False,,False,,False,,False,,False,,Dockerfile(s) found but no Python entry point could be resolved
https://github.com/semlawer/Chi-Covid-and-Food-Insecurity,no_dockerfile,False,0,0,0,,,0,0,0,0,0,False,,False,,False,,False,,False,,False,,no Dockerfile and no fallback entry point found
https://github.com/DVIC-ALFRED/xarm-hand-control,no_dockerfile,False,0,0,0,,,0,0,0,0,0,False,,False,,False,,False,,False,,False,,no Dockerfile and no fallback entry point found
https://github.com/Matheus-Schmitz/avaxtar,no_dockerfile,False,0,0,0,,,0,0,0,0,0,False,,False,,False,,False,,False,,False,,no Dockerfile and no fallback entry point found
https://github.com/coolteemf/coolteemf-deformetrica,ok,False,4,0,1,deformetrica\__main__.py,fallback_nested,63,698,6,0,0,True,deformetrica/launch/initialize_longitudinal_atlas.py:1098 np.loadtxt [matched np.loadtxt],True,deformetrica/core/models/principal_geodesic_analysis.py:219 sklearn.decomposition.PCA [matched PCA],True,deformetrica/core/model_tools/manifolds/metric_learning_nets.py:0 class AbstractNet [matched <class subclasses model base>],True,deformetrica/core/models/longitudinal_metric_learning.py:320 loss.backward [matched loss.backward],False,,False,,"unverified: missing stages: evaluation, inference"
https://github.com/abel1231/GraphSAGE,no_entry,False,0,2,0,,,0,0,0,0,0,False,,False,,False,,False,,False,,False,,Dockerfile(s) found but no Python entry point could be resolved
https://github.com/gallantlab/voxelwise_tutorials,no_entry,False,0,2,0,,,0,0,0,0,0,False,,False,,False,,False,,False,,False,,Dockerfile(s) found but no Python entry point could be resolved
https://github.com/estafons/Inharmonic-String-Detection,no_dockerfile,False,0,0,0,,,0,0,0,0,0,False,,False,,False,,False,,False,,False,,no Dockerfile and no fallback entry point found
https://github.com/xiaoye-hua/MachineLearning_DataScience,no_entry,False,0,2,0,,,0,0,0,0,0,False,,False,,False,,False,,False,,False,,Dockerfile(s) found but no Python entry point could be resolved
https://github.com/bioexcel/biobb_dna,ok,False,1,0,1,biobb_dna\curvesplus\biobb_curves.py,fallback_console_script,1,4,0,0,0,True,biobb_dna/curvesplus/biobb_curves.py:236 zipfile.ZipFile [matched zipfile.ZipFile],False,,False,,False,,False,,False,,"unverified: missing stages: data_preparation, modeling, training, evaluation, inference"
https://github.com/mindspore-ai/models,no_entry,False,0,92,0,,,0,0,0,0,0,False,,False,,False,,False,,False,,False,,Dockerfile(s) found but no Python entry point could be resolved
https://github.com/lzolyomi/DC3-Group2,no_dockerfile,False,0,0,0,,,0,0,0,0,0,False,,False,,False,,False,,False,,False,,no Dockerfile and no fallback entry point found
https://github.com/zbr17/GeDML,no_dockerfile,False,0,0,0,,,0,0,0,0,0,False,,False,,False,,False,,False,,False,,no Dockerfile and no fallback entry point found
https://github.com/changyaochen/MECE4520,no_dockerfile,False,0,0,0,,,0,0,0,0,0,False,,False,,False,,False,,False,,False,,no Dockerfile and no fallback entry point found
https://github.com/ixalodecte/AI-Log-Analyzer,no_dockerfile,False,0,0,0,,,0,0,0,0,0,False,,False,,False,,False,,False,,False,,no Dockerfile and no fallback entry point found
https://github.com/dienthaipham103/Enhanced_Appscanner,ok,False,1,0,1,enhanced_appscanner\train.py,fallback_nested,1,0,0,0,0,True,enhanced_appscanner/train.py:16 json.load [matched json.load],False,,False,,False,,False,,False,,"unverified: missing stages: data_preparation, modeling, training, evaluation, inference"
https://github.com/theDreamer911/180-days-of-data-science,no_dockerfile,False,0,0,0,,,0,0,0,0,0,False,,False,,False,,False,,False,,False,,no Dockerfile and no fallback entry point found
https://github.com/MishQ666/ProjectTwo-Alpha-Analysts,no_dockerfile,False,0,0,0,,,0,0,0,0,0,False,,False,,False,,False,,False,,False,,no Dockerfile and no fallback entry point found
https://github.com/bringmetohappiness/Breast-Cancer,no_dockerfile,False,0,0,0,,,0,0,0,0,0,False,,False,,False,,False,,False,,False,,no Dockerfile and no fallback entry point found
https://github.com/alimirzaei/spert,no_dockerfile,False,0,0,0,,,0,0,0,0,0,False,,False,,False,,False,,False,,False,,no Dockerfile and no fallback entry point found
https://github.com/santiagxf/M72109,no_dockerfile,False,0,0,0,,,0,0,0,0,0,False,,False,,False,,False,,False,,False,,no Dockerfile and no fallback entry point found
https://github.com/Topp-Roots-Lab/3d-root-crown-analysis-pipeline,ok,False,0,0,1,xrcap\cli.py,fallback_console_script,2,7,1,0,0,False,,False,,False,,False,,False,,False,,"unverified: missing stages: data_acquisition, data_preparation, modeling, training, evaluation, inference"
https://github.com/rafelafrance/herbarium_phenology,no_dockerfile,False,0,0,0,,,0,0,0,0,0,False,,False,,False,,False,,False,,False,,no Dockerfile and no fallback entry point found
https://github.com/kuleshov/cornell-cs5785-2021-applied-ml,no_dockerfile,False,0,0,0,,,0,0,0,0,0,False,,False,,False,,False,,False,,False,,no Dockerfile and no fallback entry point found
https://github.com/upura/yans2021-hackathon,ok,False,5,0,1,src\train.py,fallback_nested,1,7,0,0,0,True,src/train.py:138 torch.utils.data.DataLoader [matched DataLoader],True,src/train.py:192 transformers.AutoTokenizer.from_pretrained [matched AutoTokenizer.from_pretrained],True,src/train.py:191 transformers.AutoModel.from_pretrained [matched AutoModel.from_pretrained],True,src/train.py:160 loss.backward [matched loss.backward],True,src/train.py:98 seqeval.metrics.f1_score [matched f1_score],False,,unverified: missing stages: inference
https://github.com/hengwei-chan/simpletransformer,no_dockerfile,False,0,0,0,,,0,0,0,0,0,False,,False,,False,,False,,False,,False,,no Dockerfile and no fallback entry point found
https://github.com/unicef/kindly,no_entry,False,0,2,0,,,0,0,0,0,0,False,,False,,False,,False,,False,,False,,Dockerfile(s) found but no Python entry point could be resolved
https://github.com/Tchook115/ouatai,no_entry,False,0,1,0,,,0,0,0,0,0,False,,False,,False,,False,,False,,False,,Dockerfile(s) found but no Python entry point could be resolved
https://github.com/lunabaalbaki/Career-Guide-Dashboard-for-Lebanese-Students,no_dockerfile,False,0,0,0,,,0,0,0,0,0,False,,False,,False,,False,,False,,False,,no Dockerfile and no fallback entry point found
https://github.com/oocheol/Developer_Lab,no_dockerfile,False,0,0,0,,,0,0,0,0,0,False,,False,,False,,False,,False,,False,,no Dockerfile and no fallback entry point found
https://github.com/MalekNaimi/VGGSVM,no_dockerfile,False,0,0,0,,,0,0,0,0,0,False,,False,,False,,False,,False,,False,,no Dockerfile and no fallback entry point found
https://github.com/iassenegal221/ML-DL-algorithms,no_dockerfile,False,0,0,0,,,0,0,0,0,0,False,,False,,False,,False,,False,,False,,no Dockerfile and no fallback entry point found
https://github.com/Proteusiq/hisia,no_dockerfile,False,0,0,0,,,0,0,0,0,0,False,,False,,False,,False,,False,,False,,no Dockerfile and no fallback entry point found
https://github.com/rscdev7/autolearn,no_entry,False,0,3,0,,,0,0,0,0,0,False,,False,,False,,False,,False,,False,,Dockerfile(s) found but no Python entry point could be resolved
https://github.com/cvjena/fve_layer,no_dockerfile,False,0,0,0,,,0,0,0,0,0,False,,False,,False,,False,,False,,False,,no Dockerfile and no fallback entry point found
https://github.com/dongnguyen1999/centernet,ok,False,4,0,1,centernet_count\train.py,fallback_nested,11,78,3,0,0,True,centernet_count/dataset/vn_vehicle.py:17 pd.read_csv [matched pd.read_csv],True,centernet_count/dataset/vn_vehicle.py:26 pd.concat [matched pd.concat],True,centernet_count/models/decode.py:43 tf.keras.layers.Lambda [matched tf.keras.layers.*],True,centernet_count/train.py:65 model.fit [matched model.fit],False,,False,,"unverified: missing stages: evaluation, inference"
https://github.com/hengwei-chan/open-drug-discovery-toolkit,no_dockerfile,False,0,0,0,,,0,0,0,0,0,False,,False,,False,,False,,False,,False,,no Dockerfile and no fallback entry point found
https://github.com/CMUSTRUDEL/DIRTY,no_dockerfile,False,0,0,0,,,0,0,0,0,0,False,,False,,False,,False,,False,,False,,no Dockerfile and no fallback entry point found
https://github.com/dogaegeozden/python_projects,no_dockerfile,False,0,0,0,,,0,0,0,0,0,False,,False,,False,,False,,False,,False,,no Dockerfile and no fallback entry point found
https://github.com/LLNL/autoatlas,ok,False,4,0,1,aascripts\aatrain.py,fallback_console_script,7,42,2,0,0,True,autoatlas/aatlas.py:337 torch.utils.data.DataLoader [matched DataLoader],False,,True,autoatlas/aatlas.py:307 nn.ModuleList [matched nn.ModuleList],True,autoatlas/aatlas.py:347 self.optimizer.zero_grad [matched optimizer.zero_grad],False,,True,autoatlas/aatlas.py:418 self.model.eval [matched model.eval],"unverified: missing stages: data_preparation, evaluation"
https://github.com/joeanton719/My-Data-Science-Projects,no_dockerfile,False,0,0,0,,,0,0,0,0,0,False,,False,,False,,False,,False,,False,,no Dockerfile and no fallback entry point found
https://github.com/JetBrains-Research/relevant-tasks-search,no_dockerfile,False,0,0,0,,,0,0,0,0,0,False,,False,,False,,False,,False,,False,,no Dockerfile and no fallback entry point found
https://github.com/AgAminn/pattern_recog_candlesticks,ok,False,3,0,1,app\main.py,fallback_nested,10,55,2,0,0,True,app/pattern_detector.py:159 pd.read_csv [matched pd.read_csv],True,app/pattern_detector.py:162 pd.to_datetime [matched pd.to_datetime],False,,False,,False,,True,app/main.py:23 flask.Flask [matched Flask],"unverified: missing stages: modeling, training, evaluation"
https://github.com/hustvl/YOLOP,no_dockerfile,False,0,0,0,,,0,0,0,0,0,False,,False,,False,,False,,False,,False,,no Dockerfile and no fallback entry point found
https://github.com/APRader/pac-smt-arithmetic,no_dockerfile,False,0,0,0,,,0,0,0,0,0,False,,False,,False,,False,,False,,False,,no Dockerfile and no fallback entry point found
https://github.com/Risitop/transmorph,no_dockerfile,False,0,0,0,,,0,0,0,0,0,False,,False,,False,,False,,False,,False,,no Dockerfile and no fallback entry point found
https://github.com/HuilinWu2/Online-Sentiment-Analysis-on-Twitter-Streams,no_dockerfile,False,0,0,0,,,0,0,0,0,0,False,,False,,False,,False,,False,,False,,no Dockerfile and no fallback entry point found
https://github.com/Em3line/Butterfly_identification,no_entry,False,0,1,0,,,0,0,0,0,0,False,,False,,False,,False,,False,,False,,Dockerfile(s) found but no Python entry point could be resolved
https://github.com/zmaalgorithmia/jenkins_credit_card_approval_real_time_inference,no_dockerfile,False,0,0,0,,,0,0,0,0,0,False,,False,,False,,False,,False,,False,,no Dockerfile and no fallback entry point found
https://github.com/acse-jat20/DD-GAN,no_dockerfile,False,0,0,0,,,0,0,0,0,0,False,,False,,False,,False,,False,,False,,no Dockerfile and no fallback entry point found
https://github.com/alibaba/EasyRec,no_entry,False,0,1,0,,,0,0,0,0,0,False,,False,,False,,False,,False,,False,,Dockerfile(s) found but no Python entry point could be resolved
https://github.com/amrit2356/Dev-Training-AI-and-DL,no_dockerfile,False,0,0,0,,,0,0,0,0,0,False,,False,,False,,False,,False,,False,,no Dockerfile and no fallback entry point found
https://github.com/gregoirelafay/neural-art,no_entry,False,0,1,0,,,0,0,0,0,0,False,,False,,False,,False,,False,,False,,Dockerfile(s) found but no Python entry point could be resolved
https://github.com/Probabilistic-ML/lecture-notes,no_dockerfile,False,0,0,0,,,0,0,0,0,0,False,,False,,False,,False,,False,,False,,no Dockerfile and no fallback entry point found
https://github.com/JFfarrell/summer_project,no_entry,False,0,2,0,,,0,0,0,0,0,False,,False,,False,,False,,False,,False,,Dockerfile(s) found but no Python entry point could be resolved
https://github.com/daigo0927/blog,no_entry,False,0,15,0,,,0,0,0,0,0,False,,False,,False,,False,,False,,False,,Dockerfile(s) found but no Python entry point could be resolved
https://github.com/ivapylibs/puzzle_solver,no_dockerfile,False,0,0,0,,,0,0,0,0,0,False,,False,,False,,False,,False,,False,,no Dockerfile and no fallback entry point found
https://github.com/SheenDullu/CSE515-MWDB-Group-6,no_dockerfile,False,0,0,0,,,0,0,0,0,0,False,,False,,False,,False,,False,,False,,no Dockerfile and no fallback entry point found
https://github.com/victorviro/ml_pipeline,no_entry,False,0,5,0,,,0,0,0,0,0,False,,False,,False,,False,,False,,False,,Dockerfile(s) found but no Python entry point could be resolved
https://github.com/bargavj/EvaluatingDPML,ok,False,5,0,1,evaluating_dpml\main.py,fallback_nested,6,54,3,0,0,True,core/data_util.py:19 np.load [matched np.load],True,core/attack.py:428 sklearn.preprocessing.QuantileTransformer [matched QuantileTransformer],True,core/utilities.py:145 sklearn.tree.DecisionTreeClassifier [matched DecisionTreeClassifier],True,core/utilities.py:154 clf.fit [matched clf.fit],True,evaluating_dpml/main.py:49 core.utilities.log_loss [matched log_loss],False,,unverified: missing stages: inference
https://github.com/EddyDavies/Trade_With_Twitter,ok,False,0,0,1,src\main.py,fallback_nested,1,0,0,0,0,False,,False,,False,,False,,False,,False,,"unverified: missing stages: data_acquisition, data_preparation, modeling, training, evaluation, inference"
https://github.com/JustinToribio/ml-pipeline,no_entry,False,0,5,0,,,0,0,0,0,0,False,,False,,False,,False,,False,,False,,Dockerfile(s) found but no Python entry point could be resolved
https://github.com/mlensing/Spotify_Project,no_dockerfile,False,0,0,0,,,0,0,0,0,0,False,,False,,False,,False,,False,,False,,no Dockerfile and no fallback entry point found
https://github.com/Chr1st1anG/NLP,no_dockerfile,False,0,0,0,,,0,0,0,0,0,False,,False,,False,,False,,False,,False,,no Dockerfile and no fallback entry point found
https://github.com/spyrosUofA/MastersResearch_orfanos,no_dockerfile,False,0,0,0,,,0,0,0,0,0,False,,False,,False,,False,,False,,False,,no Dockerfile and no fallback entry point found
https://github.com/autodidact-m/Projects,no_entry,False,0,3,0,,,0,0,0,0,0,False,,False,,False,,False,,False,,False,,Dockerfile(s) found but no Python entry point could be resolved
https://github.com/Henrique-Potter/ppu_experiments,no_dockerfile,False,0,0,0,,,0,0,0,0,0,False,,False,,False,,False,,False,,False,,no Dockerfile and no fallback entry point found
https://github.com/Shuvo-saha/Retail-Analytics-Showcase,no_entry,False,0,1,0,,,0,0,0,0,0,False,,False,,False,,False,,False,,False,,Dockerfile(s) found but no Python entry point could be resolved
https://github.com/selflein/MA-EBM,ok,True,6,0,1,uncertainty_est\train.py,fallback_nested,58,505,5,0,0,True,uncertainty_est/models/__init__.py:81 yaml.load [matched yaml.load],True,uncertainty_est/data/dataloaders.py:80 torchvision.transforms.Resize [matched torchvision.transforms.*],True,uncertainty_est/models/normalizing_flow/image_flows.py:95 nn.ModuleList [matched nn.ModuleList],True,uncertainty_est/train.py:148 trainer.fit [matched trainer.fit],True,uncertainty_est/train.py:151 trainer.test [matched trainer.test],True,uncertainty_est/train.py:151 trainer.test [matched trainer.test],verified: all 6 stages present
https://github.com/bigbreadguy/soprize-doyouknowclub,no_dockerfile,False,0,0,0,,,0,0,0,0,0,False,,False,,False,,False,,False,,False,,no Dockerfile and no fallback entry point found
https://github.com/karthikraja95/fika,ok,False,2,1,1,fika\__main__.py,fallback_nested,4,19,3,0,0,True,fika/config/user_config.py:11 yaml.safe_load [matched yaml.safe_load],True,fika/util.py:82 sklearn.preprocessing.LabelEncoder [matched LabelEncoder],False,,False,,False,,False,,"unverified: missing stages: modeling, training, evaluation, inference"
https://github.com/theairbend3r/decoding-thoughts,no_dockerfile,False,0,0,0,,,0,0,0,0,0,False,,False,,False,,False,,False,,False,,no Dockerfile and no fallback entry point found
https://github.com/matannagar/Bart-Text-Summarization,no_dockerfile,False,0,0,0,,,0,0,0,0,0,False,,False,,False,,False,,False,,False,,no Dockerfile and no fallback entry point found
https://github.com/MatthieuSarkis/Portfolio-Optimization-and-Goal-Based-Investment-with-Reinforcement-Learning,ok,False,4,0,1,src\main.py,fallback_nested,9,65,2,0,0,True,src/get_data.py:51 pd.read_csv [matched pd.read_csv],True,src/get_data.py:78 pd.to_datetime [matched pd.to_datetime],True,src/networks.py:0 class Network [matched <class subclasses model base>],True,src/agents.py:282 self.value.optimizer.zero_grad [matched optimizer.zero_grad],False,,False,,"unverified: missing stages: evaluation, inference"
https://github.com/rachitest/VRA_Conference_Rec_App,no_dockerfile,False,0,0,0,,,0,0,0,0,0,False,,False,,False,,False,,False,,False,,no Dockerfile and no fallback entry point found
https://github.com/SrivenkatAnr/rcube-3x3,no_dockerfile,False,0,0,0,,,0,0,0,0,0,False,,False,,False,,False,,False,,False,,no Dockerfile and no fallback entry point found
https://github.com/16stelter/NIH-chest-xray-classifier,no_dockerfile,False,0,0,0,,,0,0,0,0,0,False,,False,,False,,False,,False,,False,,no Dockerfile and no fallback entry point found
https://github.com/hstruggle/DeepXDE,no_dockerfile,False,0,0,0,,,0,0,0,0,0,False,,False,,False,,False,,False,,False,,no Dockerfile and no fallback entry point found
https://github.com/Brandt-J/HSI-Evaluator,no_dockerfile,False,0,0,0,,,0,0,0,0,0,False,,False,,False,,False,,False,,False,,no Dockerfile and no fallback entry point found
https://github.com/RudyLo/MIRCROSOFT_Intro_Machine_Learning,no_dockerfile,False,0,0,0,,,0,0,0,0,0,False,,False,,False,,False,,False,,False,,no Dockerfile and no fallback entry point found
https://github.com/jfilter/hyperhyper,no_dockerfile,False,0,0,0,,,0,0,0,0,0,False,,False,,False,,False,,False,,False,,no Dockerfile and no fallback entry point found
https://github.com/COVID-IWG/epimargin-studies,no_dockerfile,False,0,0,0,,,0,0,0,0,0,False,,False,,False,,False,,False,,False,,no Dockerfile and no fallback entry point found
https://github.com/MartinBarus/barusini,no_dockerfile,False,0,0,0,,,0,0,0,0,0,False,,False,,False,,False,,False,,False,,no Dockerfile and no fallback entry point found
https://github.com/adtamayop/mlops_dataops_e2e_app,no_entry,False,0,1,0,,,0,0,0,0,0,False,,False,,False,,False,,False,,False,,Dockerfile(s) found but no Python entry point could be resolved
https://github.com/andre-albuquerque/news-recommender-system,no_dockerfile,False,0,0,0,,,0,0,0,0,0,False,,False,,False,,False,,False,,False,,no Dockerfile and no fallback entry point found
https://github.com/Baskar-t/face_mask_classifier_app,no_dockerfile,False,0,0,0,,,0,0,0,0,0,False,,False,,False,,False,,False,,False,,no Dockerfile and no fallback entry point found
https://github.com/akikoogawa7/RHS-Regression-Model-Comparison,no_dockerfile,False,0,0,0,,,0,0,0,0,0,False,,False,,False,,False,,False,,False,,no Dockerfile and no fallback entry point found
https://github.com/GarrettMerz/Projects,no_dockerfile,False,0,0,0,,,0,0,0,0,0,False,,False,,False,,False,,False,,False,,no Dockerfile and no fallback entry point found
https://github.com/weiaicunzai/hover-net,no_dockerfile,False,0,0,0,,,0,0,0,0,0,False,,False,,False,,False,,False,,False,,no Dockerfile and no fallback entry point found
https://github.com/tyler303047/GNNVPR,no_entry,False,0,1,0,,,0,0,0,0,0,False,,False,,False,,False,,False,,False,,Dockerfile(s) found but no Python entry point could be resolved
https://github.com/gerzin/irony-and-sarcasm-detector-italian,no_dockerfile,False,0,0,0,,,0,0,0,0,0,False,,False,,False,,False,,False,,False,,no Dockerfile and no fallback entry point found
https://github.com/histocartography/athena,no_entry,False,0,1,0,,,0,0,0,0,0,False,,False,,False,,False,,False,,False,,Dockerfile(s) found but no Python entry point could be resolved
https://github.com/nadiabrancati/ABNN-WSI-Classification,no_dockerfile,False,0,0,0,,,0,0,0,0,0,False,,False,,False,,False,,False,,False,,no Dockerfile and no fallback entry point found
https://github.com/niannujiaowj/H5_HuggingFace_GenerateWithEmbeddingInput,no_entry,False,0,7,0,,,0,0,0,0,0,False,,False,,False,,False,,False,,False,,Dockerfile(s) found but no Python entry point could be resolved
https://github.com/Zinoex/bayne,no_dockerfile,False,0,0,0,,,0,0,0,0,0,False,,False,,False,,False,,False,,False,,no Dockerfile and no fallback entry point found
https://github.com/jbrusey/domus_mlsim,no_dockerfile,False,0,0,0,,,0,0,0,0,0,False,,False,,False,,False,,False,,False,,no Dockerfile and no fallback entry point found
https://github.com/LUMII-Syslab/RRU,no_dockerfile,False,0,0,0,,,0,0,0,0,0,False,,False,,False,,False,,False,,False,,no Dockerfile and no fallback entry point found
https://github.com/CahidArda/data-science-intenship-study,no_dockerfile,False,0,0,0,,,0,0,0,0,0,False,,False,,False,,False,,False,,False,,no Dockerfile and no fallback entry point found
https://github.com/DeepanChakravarthiPadmanabhan/Soccer_Robot_Perception,ok,False,3,0,1,soccer_robot_perception\train.py,fallback_console_script,9,29,4,0,0,False,,False,,False,,True,soccer_robot_perception/train_manager/train_model.py:37 torch.utils.tensorboard.SummaryWriter [matched tensorboard.SummaryWriter],True,soccer_robot_perception/trainer/trainer.py:263 wandb.log [matched wandb.log],True,soccer_robot_perception/trainer/trainer.py:319 torch.no_grad [matched torch.no_grad],"unverified: missing stages: data_acquisition, data_preparation, modeling"
https://github.com/RyanKor/2021-google-ml-bootcamp,no_dockerfile,False,0,0,0,,,0,0,0,0,0,False,,False,,False,,False,,False,,False,,no Dockerfile and no fallback entry point found
https://github.com/daniEL2371/pharmaceutical-sales-prediction,no_dockerfile,False,0,0,0,,,0,0,0,0,0,False,,False,,False,,False,,False,,False,,no Dockerfile and no fallback entry point found
https://github.com/mrpeerat/OSKut,no_dockerfile,False,0,0,0,,,0,0,0,0,0,False,,False,,False,,False,,False,,False,,no Dockerfile and no fallback entry point found
https://github.com/aimakerspace/sgnlp,no_entry,False,0,24,0,,,0,0,0,0,0,False,,False,,False,,False,,False,,False,,Dockerfile(s) found but no Python entry point could be resolved
https://github.com/mmendezs2021/Em-prende,no_dockerfile,False,0,0,0,,,0,0,0,0,0,False,,False,,False,,False,,False,,False,,no Dockerfile and no fallback entry point found
https://github.com/reichang182/Transformer,no_entry,False,0,7,0,,,0,0,0,0,0,False,,False,,False,,False,,False,,False,,Dockerfile(s) found but no Python entry point could be resolved
https://github.com/dianas11xx/Moodify,ok,False,2,0,1,Moodipy\main.py,fallback_nested,23,142,5,0,0,True,Moodipy/moodAnalyzer.py:7 pd.read_csv [matched pd.read_csv],False,,False,,False,,False,,True,Moodipy/moodAnalyzer.py:20 model.predict_proba [matched model.predict_proba],"unverified: missing stages: data_preparation, modeling, training, evaluation"
https://github.com/stanfordmlgroup/ngboost,no_dockerfile,False,0,0,0,,,0,0,0,0,0,False,,False,,False,,False,,False,,False,,no Dockerfile and no fallback entry point found
https://github.com/strateg17/SMART_DS_Academy_Prod1-,no_entry,False,0,1,1,,dockerfile,0,0,0,0,0,False,,False,,False,,False,,False,,False,,no resolved entry point yielded a usable call graph
https://github.com/jrabinowicz/KNN,no_dockerfile,False,0,0,0,,,0,0,0,0,0,False,,False,,False,,False,,False,,False,,no Dockerfile and no fallback entry point found
https://github.com/soarsmu/BiasFinder,no_dockerfile,False,0,0,0,,,0,0,0,0,0,False,,False,,False,,False,,False,,False,,no Dockerfile and no fallback entry point found
https://github.com/fidelity/spock,no_dockerfile,False,0,0,0,,,0,0,0,0,0,False,,False,,False,,False,,False,,False,,no Dockerfile and no fallback entry point found
https://github.com/hivemind-debug/debug,ok,False,4,1,1,hivemind\hivemind_cli\run_server.py,fallback_console_script,67,615,7,0,0,True,hivemind/p2p/p2p_daemon.py:326 requests.get [matched requests.get],False,,True,hivemind/moe/server/layers/common.py:0 class FeedforwardBlock [matched <class subclasses model base>],True,hivemind/moe/server/expert_backend.py:179 self.optimizer.step [matched optimizer.step],False,,True,hivemind/moe/server/expert_backend.py:112 torch.no_grad [matched torch.no_grad],"unverified: missing stages: data_preparation, evaluation"
https://github.com/amm98d/scout-rover,no_dockerfile,False,0,0,0,,,0,0,0,0,0,False,,False,,False,,False,,False,,False,,no Dockerfile and no fallback entry point found
https://github.com/NCAR/rda-ML-resource,no_dockerfile,False,0,0,0,,,0,0,0,0,0,False,,False,,False,,False,,False,,False,,no Dockerfile and no fallback entry point found
https://github.com/CDL-Quantum/Hackathon2021,no_dockerfile,False,0,0,0,,,0,0,0,0,0,False,,False,,False,,False,,False,,False,,no Dockerfile and no fallback entry point found
https://github.com/yaga1183/Hand_Gesture-CNNGestureRecognizer,no_dockerfile,False,0,0,0,,,0,0,0,0,0,False,,False,,False,,False,,False,,False,,no Dockerfile and no fallback entry point found
https://github.com/craymichael/PostHocExplainerEvaluation,no_dockerfile,False,0,0,0,,,0,0,0,0,0,False,,False,,False,,False,,False,,False,,no Dockerfile and no fallback entry point found
https://github.com/kumarjay/DVC_pract01,no_dockerfile,False,0,0,0,,,0,0,0,0,0,False,,False,,False,,False,,False,,False,,no Dockerfile and no fallback entry point found
https://github.com/jangsoopark/AConvNet-pytorch,ok,False,5,1,1,src\train.py,fallback_nested,1,4,0,0,0,True,src/train.py:38 torch.utils.data.DataLoader [matched DataLoader],True,src/train.py:31 torchvision.transforms.ToTensor [matched torchvision.transforms.*],True,src/train.py:73 model.Model [matched Model],True,src/train.py:102 m.lr_scheduler.step [matched lr_scheduler.step],False,,True,src/train.py:44 torch.no_grad [matched torch.no_grad],unverified: missing stages: evaluation
https://github.com/HausReport/MightyLogic,no_dockerfile,False,0,0,0,,,0,0,0,0,0,False,,False,,False,,False,,False,,False,,no Dockerfile and no fallback entry point found
https://github.com/ptc-tech/workshop-git-cnn,no_dockerfile,False,0,0,0,,,0,0,0,0,0,False,,False,,False,,False,,False,,False,,no Dockerfile and no fallback entry point found
https://github.com/decile-team/trust,no_dockerfile,False,0,0,0,,,0,0,0,0,0,False,,False,,False,,False,,False,,False,,no Dockerfile and no fallback entry point found
https://github.com/lareaulab/psix,no_dockerfile,False,0,0,0,,,0,0,0,0,0,False,,False,,False,,False,,False,,False,,no Dockerfile and no fallback entry point found
https://github.com/gabrielasuchopar/info-nas,no_dockerfile,False,0,0,0,,,0,0,0,0,0,False,,False,,False,,False,,False,,False,,no Dockerfile and no fallback entry point found
https://github.com/Caphace-Ethan/abtest-mlops,no_dockerfile,False,0,0,0,,,0,0,0,0,0,False,,False,,False,,False,,False,,False,,no Dockerfile and no fallback entry point found
https://github.com/mgonzal1/wombats-malos,no_dockerfile,False,0,0,0,,,0,0,0,0,0,False,,False,,False,,False,,False,,False,,no Dockerfile and no fallback entry point found
https://github.com/neurodatascience/course-materials-2021,no_dockerfile,False,0,0,0,,,0,0,0,0,0,False,,False,,False,,False,,False,,False,,no Dockerfile and no fallback entry point found
https://github.com/haesemeyer/imaging_pipeline,no_dockerfile,False,0,0,0,,,0,0,0,0,0,False,,False,,False,,False,,False,,False,,no Dockerfile and no fallback entry point found
https://github.com/mezidia/song-helper,clone_failed,False,0,0,0,,,0,0,0,0,0,False,,False,,False,,False,,False,,False,,remote: Repository not found.
https://github.com/meaningfy-ws/sem-covid,no_entry,False,0,2,0,,,0,0,0,0,0,False,,False,,False,,False,,False,,False,,Dockerfile(s) found but no Python entry point could be resolved
https://github.com/secure-the-bag-capstone/project,no_dockerfile,False,0,0,0,,,0,0,0,0,0,False,,False,,False,,False,,False,,False,,no Dockerfile and no fallback entry point found
https://github.com/catcamacho/emocodes,no_dockerfile,False,0,0,0,,,0,0,0,0,0,False,,False,,False,,False,,False,,False,,no Dockerfile and no fallback entry point found
https://github.com/chews0n/glowing-waffle,ok,False,4,0,1,glowingwaffle\__main__.py,fallback_nested,6,32,2,0,0,True,glowingwaffle/__main__.py:161 pd.read_csv [matched pd.read_csv],True,glowingwaffle/data/ImportFromCsv.py:80 self.df.dropna [matched df.dropna],True,glowingwaffle/modelling/RandomForestModel.py:63 catboost.CatBoostRegressor [matched CatBoostRegressor],False,,True,glowingwaffle/modelling/RandomForestModel.py:82 sklearn.metrics.mean_absolute_error [matched mean_absolute_error],False,,"unverified: missing stages: training, inference"
https://github.com/OmdenaAI/omdena-philippines-renewable,no_dockerfile,False,0,0,0,,,0,0,0,0,0,False,,False,,False,,False,,False,,False,,no Dockerfile and no fallback entry point found
https://github.com/drds1/divinity,no_entry,False,0,1,0,,,0,0,0,0,0,False,,False,,False,,False,,False,,False,,Dockerfile(s) found but no Python entry point could be resolved
https://github.com/PoindexterAnanya/Demo-Repo,no_entry,False,0,1,0,,,0,0,0,0,0,False,,False,,False,,False,,False,,False,,Dockerfile(s) found but no Python entry point could be resolved
https://github.com/srbhr/Naive-Resume-Matching,no_dockerfile,False,0,0,0,,,0,0,0,0,0,False,,False,,False,,False,,False,,False,,no Dockerfile and no fallback entry point found
https://github.com/shreyassks/production-optimization,no_entry,False,0,2,0,,,0,0,0,0,0,False,,False,,False,,False,,False,,False,,Dockerfile(s) found but no Python entry point could be resolved
https://github.com/AmishaAgrawal20/ML-Project,no_dockerfile,False,0,0,0,,,0,0,0,0,0,False,,False,,False,,False,,False,,False,,no Dockerfile and no fallback entry point found
https://github.com/facebookresearch/CodeGen,no_dockerfile,False,0,0,0,,,0,0,0,0,0,False,,False,,False,,False,,False,,False,,no Dockerfile and no fallback entry point found
https://github.com/Aggregate-Intellect/original-handson-packages,no_entry,False,0,3,0,,,0,0,0,0,0,False,,False,,False,,False,,False,,False,,Dockerfile(s) found but no Python entry point could be resolved
https://github.com/manandoshi1607/NM373_ParyavaranAI,no_dockerfile,False,0,0,0,,,0,0,0,0,0,False,,False,,False,,False,,False,,False,,no Dockerfile and no fallback entry point found
https://github.com/Thijsvanede/DeepLog,ok,False,3,0,1,deeplog\__main__.py,fallback_nested,4,12,2,0,0,True,deeplog/preprocessor.py:274 pd.read_csv [matched pd.read_csv],False,,True,deeplog/deeplog.py:0 class DeepLog [matched <class subclasses model base>],False,,True,deeplog/__main__.py:143 sklearn.metrics.classification_report [matched classification_report],False,,"unverified: missing stages: data_preparation, training, inference"
https://github.com/utsavdey/Fundamentals-Of-Deep-Learning-Assignments,no_dockerfile,False,0,0,0,,,0,0,0,0,0,False,,False,,False,,False,,False,,False,,no Dockerfile and no fallback entry point found
https://github.com/AIIP-DEV/accutuning_helpers,no_dockerfile,False,0,0,0,,,0,0,0,0,0,False,,False,,False,,False,,False,,False,,no Dockerfile and no fallback entry point found
https://github.com/microsoft/nn-Meter,ok,False,5,0,1,nn_meter\utils\nn_meter_cli\interface.py,fallback_console_script,75,346,9,0,10,True,nn_meter/utils/nn_meter_cli/registry.py:24 yaml.load [matched yaml.load],True,nn_meter/builder/kernel_predictor_builder/predictor_builder/build_predictor.py:61 sklearn.model_selection.train_test_split [matched train_test_split],True,nn_meter/builder/backend_meta/fusion_rule_tester/build_tf_models.py:0 class SingleOpModel [matched <class subclasses model base>],False,,True,nn_meter/utils/evaluation.py:20 sklearn.metrics.mean_squared_error [matched mean_squared_error],True,nn_meter/ir_converter/utils.py:38 onnx.load [matched onnx.load],unverified: missing stages: training
https://github.com/lazeroffmichael/smart-park,ok,False,1,0,1,server\run.py,fallback_nested,1,0,0,0,0,False,,False,,False,,False,,False,,True,server/run.py:8 flask.Flask [matched Flask],"unverified: missing stages: data_acquisition, data_preparation, modeling, training, evaluation"
https://github.com/nbren12/uwnet,no_entry,False,0,2,0,,,0,0,0,0,0,False,,False,,False,,False,,False,,False,,Dockerfile(s) found but no Python entry point could be resolved
https://github.com/thequickbrownfoxjumpedoverthelazydog/Crush-CHD,no_dockerfile,False,0,0,0,,,0,0,0,0,0,False,,False,,False,,False,,False,,False,,no Dockerfile and no fallback entry point found
https://github.com/yolannsabaux/document-classifier,ok,False,3,1,1,src\main.py,fallback_nested,3,20,1,0,0,True,src/utils/extract_text.py:51 PIL.Image.open [matched Image.open],True,src/utils/util.py:17 spacy.load [matched spacy.load],False,,False,,False,,True,src/utils/util.py:40 self.model.predict [matched model.predict],"unverified: missing stages: modeling, training, evaluation"
https://github.com/nd-ball/py-irt,no_dockerfile,False,0,0,0,,,0,0,0,0,0,False,,False,,False,,False,,False,,False,,no Dockerfile and no fallback entry point found
https://github.com/clementjumel/tesa,no_dockerfile,False,0,0,0,,,0,0,0,0,0,False,,False,,False,,False,,False,,False,,no Dockerfile and no fallback entry point found
https://github.com/TomasArrachea/TP-Organizacion-de-Datos,no_dockerfile,False,0,0,0,,,0,0,0,0,0,False,,False,,False,,False,,False,,False,,no Dockerfile and no fallback entry point found
https://github.com/rishabhdhenkawat/productSearchEngine,no_dockerfile,False,0,0,0,,,0,0,0,0,0,False,,False,,False,,False,,False,,False,,no Dockerfile and no fallback entry point found
https://github.com/THEOLEX-IO/legal_doc_processing,no_entry,False,0,3,0,,,0,0,0,0,0,False,,False,,False,,False,,False,,False,,Dockerfile(s) found but no Python entry point could be resolved
https://github.com/sustainable-processes/summit,ok,False,5,1,1,summit\run.py,fallback_nested,28,398,3,0,0,True,summit/run.py:245 json.load [matched json.load],True,summit/experiment.py:92 pd.concat [matched pd.concat],True,summit/benchmarks/experimental_emulator.py:0 class ANNRegressor [matched <class subclasses model base>],False,,True,summit/benchmarks/experimental_emulator.py:310 sklearn.model_selection.cross_validate [matched cross_validate],True,summit/benchmarks/experimental_emulator.py:197 estimator.predict [matched estimator.predict],unverified: missing stages: training
https://github.com/ve450su2021-group26/poster-v3,no_dockerfile,False,0,0,0,,,0,0,0,0,0,False,,False,,False,,False,,False,,False,,no Dockerfile and no fallback entry point found
https://github.com/Jianhao-zheng/deep-learning-v2-pytorch,no_dockerfile,False,0,0,0,,,0,0,0,0,0,False,,False,,False,,False,,False,,False,,no Dockerfile and no fallback entry point found
https://github.com/ZeusCodes-Official/DS-Olympus-,no_dockerfile,False,0,0,0,,,0,0,0,0,0,False,,False,,False,,False,,False,,False,,no Dockerfile and no fallback entry point found
https://github.com/Tamrika/Python,no_dockerfile,False,0,0,0,,,0,0,0,0,0,False,,False,,False,,False,,False,,False,,no Dockerfile and no fallback entry point found
https://github.com/avcaliani/mr-owlf,no_entry,False,0,4,0,,,0,0,0,0,0,False,,False,,False,,False,,False,,False,,Dockerfile(s) found but no Python entry point could be resolved
https://github.com/GiorgosMandi/EventDetectionDataset-Unifier,no_dockerfile,False,0,0,0,,,0,0,0,0,0,False,,False,,False,,False,,False,,False,,no Dockerfile and no fallback entry point found
https://github.com/Pythaon/uppysales_,no_dockerfile,False,0,0,0,,,0,0,0,0,0,False,,False,,False,,False,,False,,False,,no Dockerfile and no fallback entry point found
https://github.com/mbc95/AISS_CV,no_entry,False,0,3,0,,,0,0,0,0,0,False,,False,,False,,False,,False,,False,,Dockerfile(s) found but no Python entry point could be resolved
https://github.com/MCFpy/mcf,no_dockerfile,False,0,0,0,,,0,0,0,0,0,False,,False,,False,,False,,False,,False,,no Dockerfile and no fallback entry point found
https://github.com/YuanGongND/ast,ok,False,1,0,1,src\run.py,fallback_nested,1,0,0,0,0,True,src/run.py:117 np.loadtxt [matched np.loadtxt],False,,False,,False,,False,,False,,"unverified: missing stages: data_preparation, modeling, training, evaluation, inference"
https://github.com/danielle16/stock_predictions_final_project,no_dockerfile,False,0,0,0,,,0,0,0,0,0,False,,False,,False,,False,,False,,False,,no Dockerfile and no fallback entry point found
https://github.com/JorisRoels/domain-adaptive-segmentation,no_dockerfile,False,0,0,0,,,0,0,0,0,0,False,,False,,False,,False,,False,,False,,no Dockerfile and no fallback entry point found
https://github.com/OmdenaAI/Arabic-Chapter,no_dockerfile,False,0,0,0,,,0,0,0,0,0,False,,False,,False,,False,,False,,False,,no Dockerfile and no fallback entry point found
https://github.com/jatin837/spambuster,no_dockerfile,False,0,0,0,,,0,0,0,0,0,False,,False,,False,,False,,False,,False,,no Dockerfile and no fallback entry point found
https://github.com/textflint/textflint,ok,False,3,0,1,textflint\textflint_cli.py,fallback_console_script,77,678,8,0,8,True,textflint/common/utils/load.py:118 json.load [matched json.load],True,textflint/common/preprocess/en_processor.py:60 spacy.load [matched spacy.load],False,,False,,True,textflint/engine.py:127 model.evaluate [matched model.evaluate],False,,"unverified: missing stages: modeling, training, inference"
https://github.com/jantje676/cross-modal,no_dockerfile,False,0,0,0,,,0,0,0,0,0,False,,False,,False,,False,,False,,False,,no Dockerfile and no fallback entry point found
https://github.com/geblanco/mcqa_utils,ok,False,2,0,1,mcqa_utils\mcqa_utils.py,fallback_console_script,8,81,1,0,0,True,mcqa_utils/mcqa_utils.py:244 json.load [matched json.load],False,,False,,False,,True,mcqa_utils/mcqa_utils.py:363 mlflow.log_metrics [matched mlflow.log_metrics],False,,"unverified: missing stages: data_preparation, modeling, training, inference"
https://github.com/saketkc/pySCTransform,no_dockerfile,False,0,0,0,,,0,0,0,0,0,False,,False,,False,,False,,False,,False,,no Dockerfile and no fallback entry point found
https://github.com/Mioulin/Connectivity-Based-Parcellation-Tools,ok,False,1,0,1,cbptools\main.py,fallback_nested,8,96,2,0,1,True,cbptools/validation.py:69 yaml.safe_load [matched yaml.safe_load],False,,False,,False,,False,,False,,"unverified: missing stages: data_preparation, modeling, training, evaluation, inference"
https://github.com/keir20/CleanWater,no_dockerfile,False,0,0,0,,,0,0,0,0,0,False,,False,,False,,False,,False,,False,,no Dockerfile and no fallback entry point found
https://github.com/selam88/mirror_gitlab_app,ok,False,1,1,1,src\train.py,fallback_nested,1,1,0,0,0,False,,False,,False,,True,src/train.py:28 model.fit [matched model.fit],False,,False,,"unverified: missing stages: data_acquisition, data_preparation, modeling, evaluation, inference"
https://github.com/pineappledafruitdude/AISSCV,no_entry,False,0,3,0,,,0,0,0,0,0,False,,False,,False,,False,,False,,False,,Dockerfile(s) found but no Python entry point could be resolved
https://github.com/pixelcode009/-Mymlprojects,no_dockerfile,False,0,0,0,,,0,0,0,0,0,False,,False,,False,,False,,False,,False,,no Dockerfile and no fallback entry point found
https://github.com/ShumilinDmA/SberDL,no_dockerfile,False,0,0,0,,,0,0,0,0,0,False,,False,,False,,False,,False,,False,,no Dockerfile and no fallback entry point found
https://github.com/javabudd/jtrader,ok,True,6,1,1,jtrader\main.py,fallback_nested,49,210,6,0,0,True,jtrader/core/ml.py:72 pd.read_pickle [matched pd.read_pickle],True,jtrader/core/backtester.py:33 pd.to_datetime [matched pd.to_datetime],True,jtrader/core/trader/pairs.py:60 sklearn.linear_model.LinearRegression [matched LinearRegression],True,jtrader/core/trader/pairs.py:70 regr.fit [matched regr.fit],True,jtrader/core/trader/pairs.py:74 sklearn.metrics.r2_score [matched r2_score],True,jtrader/core/ml.py:254 model.predict [matched model.predict],verified: all 6 stages present
https://github.com/waffoo/accel,no_dockerfile,False,0,0,0,,,0,0,0,0,0,False,,False,,False,,False,,False,,False,,no Dockerfile and no fallback entry point found
https://github.com/JayThibs/fastapi-streamlit-postgresql-ml-template,no_dockerfile,False,0,0,0,,,0,0,0,0,0,False,,False,,False,,False,,False,,False,,no Dockerfile and no fallback entry point found
https://github.com/jsonpickle/jsonpickle,no_dockerfile,False,0,0,0,,,0,0,0,0,0,False,,False,,False,,False,,False,,False,,no Dockerfile and no fallback entry point found
https://github.com/M0h3eN/pyhawkes,no_dockerfile,False,0,0,0,,,0,0,0,0,0,False,,False,,False,,False,,False,,False,,no Dockerfile and no fallback entry point found
https://github.com/NicholasARossi/Cochlear_Implant_Hackathon,no_dockerfile,False,0,0,0,,,0,0,0,0,0,False,,False,,False,,False,,False,,False,,no Dockerfile and no fallback entry point found
https://github.com/uvnikgupta/mlflow,no_entry,False,0,7,0,,,0,0,0,0,0,False,,False,,False,,False,,False,,False,,Dockerfile(s) found but no Python entry point could be resolved
https://github.com/Zainali5/PyRapidML,no_dockerfile,False,0,0,0,,,0,0,0,0,0,False,,False,,False,,False,,False,,False,,no Dockerfile and no fallback entry point found
https://github.com/aflatoune/Huawei,no_dockerfile,False,0,0,0,,,0,0,0,0,0,False,,False,,False,,False,,False,,False,,no Dockerfile and no fallback entry point found
https://github.com/meiyalian/VICTweetAnalyzer,no_entry,False,0,5,0,,,0,0,0,0,0,False,,False,,False,,False,,False,,False,,Dockerfile(s) found but no Python entry point could be resolved
https://github.com/yuanz271/vlgpax,no_dockerfile,False,0,0,0,,,0,0,0,0,0,False,,False,,False,,False,,False,,False,,no Dockerfile and no fallback entry point found
https://github.com/Jingnan-Jia/ssc_scoring,ok,True,6,0,1,ssc_scoring\run.py,fallback_nested,16,167,3,0,0,True,ssc_scoring/mymodules/tool.py:151 pd.read_csv [matched pd.read_csv],True,ssc_scoring/mymodules/mydata.py:123 sklearn.model_selection.KFold [matched KFold],True,ssc_scoring/mymodules/myloss.py:0 class MSEHigher [matched <class subclasses model base>],True,ssc_scoring/run.py:176 loss.backward [matched loss.backward],True,ssc_scoring/run.py:186 mlflow.log_metric [matched mlflow.log_metric],True,ssc_scoring/run.py:130 torch.no_grad [matched torch.no_grad],verified: all 6 stages present
https://github.com/hannahmehravari/dissertation,no_entry,False,0,1,0,,,0,0,0,0,0,False,,False,,False,,False,,False,,False,,Dockerfile(s) found but no Python entry point could be resolved
https://github.com/noahscantron/Springboard,no_dockerfile,False,0,0,0,,,0,0,0,0,0,False,,False,,False,,False,,False,,False,,no Dockerfile and no fallback entry point found
https://github.com/epfl-ml4ed/flipped-classroom,no_dockerfile,False,0,0,0,,,0,0,0,0,0,False,,False,,False,,False,,False,,False,,no Dockerfile and no fallback entry point found
https://github.com/marcosdelcueto/NonFullereneAcceptorPrediction,no_dockerfile,False,0,0,0,,,0,0,0,0,0,False,,False,,False,,False,,False,,False,,no Dockerfile and no fallback entry point found
https://github.com/Muhammad-Yunus/Materi-Training,no_dockerfile,False,0,0,0,,,0,0,0,0,0,False,,False,,False,,False,,False,,False,,no Dockerfile and no fallback entry point found
https://github.com/subhadarship/nlp4if-2021,ok,False,0,0,1,src\train.py,fallback_nested,1,0,0,0,0,False,,False,,False,,False,,False,,False,,"unverified: missing stages: data_acquisition, data_preparation, modeling, training, evaluation, inference"
https://github.com/nikharkesari/Machine-Learning,no_dockerfile,False,0,0,0,,,0,0,0,0,0,False,,False,,False,,False,,False,,False,,no Dockerfile and no fallback entry point found
https://github.com/pspinaunipi/Financial_ML_project,no_dockerfile,False,0,0,0,,,0,0,0,0,0,False,,False,,False,,False,,False,,False,,no Dockerfile and no fallback entry point found
https://github.com/sanpigh/MRIsegmentation,no_dockerfile,False,0,0,0,,,0,0,0,0,0,False,,False,,False,,False,,False,,False,,no Dockerfile and no fallback entry point found
https://github.com/boringlee24/Ribbon,no_dockerfile,False,0,0,0,,,0,0,0,0,0,False,,False,,False,,False,,False,,False,,no Dockerfile and no fallback entry point found
https://github.com/pirai-28/pymks,no_entry,False,0,1,0,,,0,0,0,0,0,False,,False,,False,,False,,False,,False,,Dockerfile(s) found but no Python entry point could be resolved
https://github.com/songhan89/chexpert-aml,no_dockerfile,False,0,0,0,,,0,0,0,0,0,False,,False,,False,,False,,False,,False,,no Dockerfile and no fallback entry point found
https://github.com/Isurusachitha/testapi,ok,False,2,0,1,application\main.py,fallback_nested,1,4,0,0,0,True,application/main.py:66 librosa.load [matched librosa.load],False,,False,,False,,False,,True,application/main.py:33 fastapi.FastAPI [matched FastAPI],"unverified: missing stages: data_preparation, modeling, training, evaluation"
https://github.com/EWiliams0590/Spotify,no_dockerfile,False,0,0,0,,,0,0,0,0,0,False,,False,,False,,False,,False,,False,,no Dockerfile and no fallback entry point found
https://github.com/EricTsai83/deep_learning_specialization,no_dockerfile,False,0,0,0,,,0,0,0,0,0,False,,False,,False,,False,,False,,False,,no Dockerfile and no fallback entry point found
https://github.com/Lantian-Lance-Zhang/semi-supervised-learning-for-histopathology,no_dockerfile,False,0,0,0,,,0,0,0,0,0,False,,False,,False,,False,,False,,False,,no Dockerfile and no fallback entry point found
https://github.com/uenian33/nx100_robotic_tasks,no_dockerfile,False,0,0,0,,,0,0,0,0,0,False,,False,,False,,False,,False,,False,,no Dockerfile and no fallback entry point found
https://github.com/AD-SDL/polybot-web-service,ok,False,1,0,1,polybot\cli.py,fallback_console_script,7,27,2,0,1,True,polybot/cli.py:37 requests.post [matched requests.post],False,,False,,False,,False,,False,,"unverified: missing stages: data_preparation, modeling, training, evaluation, inference"
https://github.com/FreyaDaeralda/IA_Segmentation,no_entry,False,0,2,0,,,0,0,0,0,0,False,,False,,False,,False,,False,,False,,Dockerfile(s) found but no Python entry point could be resolved
https://github.com/tarunbhavnani/ml_diaries,no_entry,False,0,6,3,,dockerfile,0,0,0,0,0,False,,False,,False,,False,,False,,False,,no resolved entry point yielded a usable call graph
https://github.com/xiaoqian19940510/TASLP-EAREE,no_dockerfile,False,0,0,0,,,0,0,0,0,0,False,,False,,False,,False,,False,,False,,no Dockerfile and no fallback entry point found
https://github.com/Pawel-M/Machine-Learning-and-Reasoning,no_dockerfile,False,0,0,0,,,0,0,0,0,0,False,,False,,False,,False,,False,,False,,no Dockerfile and no fallback entry point found
https://github.com/pullynnhah/100days,no_dockerfile,False,0,0,0,,,0,0,0,0,0,False,,False,,False,,False,,False,,False,,no Dockerfile and no fallback entry point found
https://github.com/Kemalisfan/Purwadhika-JCDS-Final-Project,no_dockerfile,False,0,0,0,,,0,0,0,0,0,False,,False,,False,,False,,False,,False,,no Dockerfile and no fallback entry point found
https://github.com/CognitiveScale/cortex-fabric-examples,no_entry,False,0,38,0,,,0,0,0,0,0,False,,False,,False,,False,,False,,False,,Dockerfile(s) found but no Python entry point could be resolved
https://github.com/ambareeshravi/Thesis_VideoAnomalyDetection,no_dockerfile,False,0,0,0,,,0,0,0,0,0,False,,False,,False,,False,,False,,False,,no Dockerfile and no fallback entry point found
https://github.com/TH-1000/Exercises,no_dockerfile,False,0,0,0,,,0,0,0,0,0,False,,False,,False,,False,,False,,False,,no Dockerfile and no fallback entry point found
https://github.com/pyrfume/pyrfume,no_entry,False,0,6,0,,,0,0,0,0,0,False,,False,,False,,False,,False,,False,,Dockerfile(s) found but no Python entry point could be resolved
https://github.com/xueyanmu/facenet-xm,no_dockerfile,False,0,0,0,,,0,0,0,0,0,False,,False,,False,,False,,False,,False,,no Dockerfile and no fallback entry point found
https://github.com/kostaskaragiorgos/Disaster-or-Not,no_dockerfile,False,0,0,0,,,0,0,0,0,0,False,,False,,False,,False,,False,,False,,no Dockerfile and no fallback entry point found
https://github.com/kostaskaragiorgos/Titanic-Dataset,no_dockerfile,False,0,0,0,,,0,0,0,0,0,False,,False,,False,,False,,False,,False,,no Dockerfile and no fallback entry point found
https://github.com/simontkl/torch-vantage6,no_entry,False,0,1,0,,,0,0,0,0,0,False,,False,,False,,False,,False,,False,,Dockerfile(s) found but no Python entry point could be resolved
https://github.com/sunmic/RecSys2021,no_dockerfile,False,0,0,0,,,0,0,0,0,0,False,,False,,False,,False,,False,,False,,no Dockerfile and no fallback entry point found
https://github.com/blueginah/DrivingHelper,no_dockerfile,False,0,0,0,,,0,0,0,0,0,False,,False,,False,,False,,False,,False,,no Dockerfile and no fallback entry point found
https://github.com/fmiotello/fastVC,ok,False,2,0,1,src\main.py,fallback_nested,1,4,0,0,0,True,src/main.py:122 librosa.load [matched librosa.load],True,src/main.py:166 nltk.stem.WordNetLemmatizer [matched nltk.stem.WordNetLemmatizer],False,,False,,False,,False,,"unverified: missing stages: modeling, training, evaluation, inference"
https://github.com/pandafengye/MIST,ok,False,2,0,1,MIST.py,fallback_console_script,7,20,2,0,0,True,MIST/_strain.py:112 pd.read_csv [matched pd.read_csv],True,MIST/_bootstrap.py:479 pd.concat [matched pd.concat],False,,False,,False,,False,,"unverified: missing stages: modeling, training, evaluation, inference"
https://github.com/AndrejHafner/how-good-is-my-plot,no_dockerfile,False,0,0,0,,,0,0,0,0,0,False,,False,,False,,False,,False,,False,,no Dockerfile and no fallback entry point found
https://github.com/aiuniver/terra_gui,no_dockerfile,False,0,0,0,,,0,0,0,0,0,False,,False,,False,,False,,False,,False,,no Dockerfile and no fallback entry point found
https://github.com/clams97/ES_Dashboard,no_dockerfile,False,0,0,0,,,0,0,0,0,0,False,,False,,False,,False,,False,,False,,no Dockerfile and no fallback entry point found
https://github.com/vbertret/SwimmerDetection,no_dockerfile,False,0,0,0,,,0,0,0,0,0,False,,False,,False,,False,,False,,False,,no Dockerfile and no fallback entry point found
https://github.com/pavelvod/dzl,no_dockerfile,False,0,0,0,,,0,0,0,0,0,False,,False,,False,,False,,False,,False,,no Dockerfile and no fallback entry point found
https://github.com/olivierzach/tricentis_lead_scoring,ok,False,2,1,1,app\main.py,fallback_nested,1,2,0,0,0,False,,True,app/main.py:47 pd.to_datetime [matched pd.to_datetime],False,,False,,False,,True,app/main.py:9 flask.Flask [matched Flask],"unverified: missing stages: data_acquisition, modeling, training, evaluation"
https://github.com/tsalles/autoencoder-reducer,no_dockerfile,False,0,0,0,,,0,0,0,0,0,False,,False,,False,,False,,False,,False,,no Dockerfile and no fallback entry point found
https://github.com/belapyc/colab_access,no_dockerfile,False,0,0,0,,,0,0,0,0,0,False,,False,,False,,False,,False,,False,,no Dockerfile and no fallback entry point found
https://github.com/LeoVogiatzis/medical_data_analysis,no_dockerfile,False,0,0,0,,,0,0,0,0,0,False,,False,,False,,False,,False,,False,,no Dockerfile and no fallback entry point found
https://github.com/naeemmrz/MasPA.py,no_dockerfile,False,0,0,0,,,0,0,0,0,0,False,,False,,False,,False,,False,,False,,no Dockerfile and no fallback entry point found
https://github.com/futotta-risu/JABA,ok,False,0,0,1,JABA\app.py,fallback_nested,1,1,0,0,0,False,,False,,False,,False,,False,,False,,"unverified: missing stages: data_acquisition, data_preparation, modeling, training, evaluation, inference"
https://github.com/bahtman/MLops-transformers,no_dockerfile,False,0,0,0,,,0,0,0,0,0,False,,False,,False,,False,,False,,False,,no Dockerfile and no fallback entry point found
https://github.com/Lera31415/bh,no_dockerfile,False,0,0,0,,,0,0,0,0,0,False,,False,,False,,False,,False,,False,,no Dockerfile and no fallback entry point found
https://github.com/broadinstitute/cds-ensemble,ok,False,5,0,1,cds_ensemble\__main__.py,fallback_nested,7,54,2,0,0,True,cds_ensemble/parsing_utilities.py:34 pd.read_feather [matched pd.read_feather],True,cds_ensemble/__main__.py:54 df.astype [matched df.astype],False,,True,cds_ensemble/run_ensemble.py:180 model.fit [matched model.fit],True,cds_ensemble/run_ensemble.py:72 sklearn.metrics.roc_auc_score [matched roc_auc_score],True,cds_ensemble/run_ensemble.py:181 model.predict [matched model.predict],unverified: missing stages: modeling
https://github.com/weissman-lab/frailtyclassifier,no_entry,False,0,2,0,,,0,0,0,0,0,False,,False,,False,,False,,False,,False,,Dockerfile(s) found but no Python entry point could be resolved
https://github.com/jordai/NumberOfSpeakerEstimation,no_dockerfile,False,0,0,0,,,0,0,0,0,0,False,,False,,False,,False,,False,,False,,no Dockerfile and no fallback entry point found
https://github.com/Dikower/MoscowCityHack,no_entry,False,0,3,0,,,0,0,0,0,0,False,,False,,False,,False,,False,,False,,Dockerfile(s) found but no Python entry point could be resolved
https://github.com/m-harikiran/UnRedactor,ok,False,1,0,1,project2\main.py,fallback_nested,1,1,0,0,0,False,,False,,True,project2/main.py:46 sklearn.neighbors.KNeighborsClassifier [matched KNeighborsClassifier],False,,False,,False,,"unverified: missing stages: data_acquisition, data_preparation, training, evaluation, inference"
https://github.com/rwchakra/apotoma,no_entry,False,0,1,0,,,0,0,0,0,0,False,,False,,False,,False,,False,,False,,Dockerfile(s) found but no Python entry point could be resolved
https://github.com/marsggbo/hyperbox,ok,False,4,1,1,hyperbox\run.py,fallback_nested,3,2,1,0,0,False,,False,,True,hyperbox/train.py:38 hydra.utils.instantiate [matched hydra.utils.instantiate],True,hyperbox/run.py:18 hydra.main [matched hydra.main],True,hyperbox/train.py:86 trainer.test [matched trainer.test],True,hyperbox/train.py:86 trainer.test [matched trainer.test],"unverified: missing stages: data_acquisition, data_preparation"
https://github.com/JennaFlan2426/Springboard,no_dockerfile,False,0,0,0,,,0,0,0,0,0,False,,False,,False,,False,,False,,False,,no Dockerfile and no fallback entry point found
https://github.com/skit-ai/N-Best-ASR-Transformer,no_dockerfile,False,0,0,0,,,0,0,0,0,0,False,,False,,False,,False,,False,,False,,no Dockerfile and no fallback entry point found
https://github.com/nyashaChiza/Real-Time-Credit-Card-Transaction-Fraud-Detection,ok,False,1,0,1,app\app.py,fallback_nested,1,19,0,0,0,False,,False,,False,,False,,False,,True,app/app.py:14 flask.Flask [matched Flask],"unverified: missing stages: data_acquisition, data_preparation, modeling, training, evaluation"
https://github.com/zuliani99/AutoML-Benchmark,no_entry,False,0,1,0,,,0,0,0,0,0,False,,False,,False,,False,,False,,False,,Dockerfile(s) found but no Python entry point could be resolved
https://github.com/bholeneha/Text_Classification,no_dockerfile,False,0,0,0,,,0,0,0,0,0,False,,False,,False,,False,,False,,False,,no Dockerfile and no fallback entry point found
https://github.com/CesareMagnetti/DeepUSsimulation,no_dockerfile,False,0,0,0,,,0,0,0,0,0,False,,False,,False,,False,,False,,False,,no Dockerfile and no fallback entry point found
https://github.com/rpatel26/ECE229Group7,no_dockerfile,False,0,0,0,,,0,0,0,0,0,False,,False,,False,,False,,False,,False,,no Dockerfile and no fallback entry point found
https://github.com/jcouto/wfield,ok,False,1,0,1,wfield\cli.py,fallback_console_script,16,270,2,0,0,True,wfield/cli.py:104 np.load [matched np.load],False,,False,,False,,False,,False,,"unverified: missing stages: data_preparation, modeling, training, evaluation, inference"
https://github.com/fmarcelneves/Rental-price-analysis-and-forecast-Curitiba-PR,no_dockerfile,False,0,0,0,,,0,0,0,0,0,False,,False,,False,,False,,False,,False,,no Dockerfile and no fallback entry point found
https://github.com/fabiocceruti/Portfolio,no_entry,False,0,1,0,,,0,0,0,0,0,False,,False,,False,,False,,False,,False,,Dockerfile(s) found but no Python entry point could be resolved
https://github.com/vlavrent/Clustering-BD,no_dockerfile,False,0,0,0,,,0,0,0,0,0,False,,False,,False,,False,,False,,False,,no Dockerfile and no fallback entry point found
https://github.com/Education4Climate/Education4Climate,no_dockerfile,False,0,0,0,,,0,0,0,0,0,False,,False,,False,,False,,False,,False,,no Dockerfile and no fallback entry point found
https://github.com/exafmm/pyexafmm,ok,False,1,0,1,ci\cli.py,fallback_console_script,2,4,1,0,0,True,utils/data.py:22 json.load [matched json.load],False,,False,,False,,False,,False,,"unverified: missing stages: data_preparation, modeling, training, evaluation, inference"
https://github.com/KIT-MBS/pyrexMD,no_dockerfile,False,0,0,0,,,0,0,0,0,0,False,,False,,False,,False,,False,,False,,no Dockerfile and no fallback entry point found
https://github.com/pandagud/Master_Satelite_Image_Inpainting,no_entry,False,0,2,0,,,0,0,0,0,0,False,,False,,False,,False,,False,,False,,Dockerfile(s) found but no Python entry point could be resolved
https://github.com/vkola-lab/azrt2021,no_dockerfile,False,0,0,0,,,0,0,0,0,0,False,,False,,False,,False,,False,,False,,no Dockerfile and no fallback entry point found
https://github.com/marcoaurelio5/Data-Science,no_dockerfile,False,0,0,0,,,0,0,0,0,0,False,,False,,False,,False,,False,,False,,no Dockerfile and no fallback entry point found
https://github.com/DmitriyKhodykin/USFinancials,no_dockerfile,False,0,0,0,,,0,0,0,0,0,False,,False,,False,,False,,False,,False,,no Dockerfile and no fallback entry point found
https://github.com/danm91/le_kingmakers,no_entry,False,0,1,0,,,0,0,0,0,0,False,,False,,False,,False,,False,,False,,Dockerfile(s) found but no Python entry point could be resolved
https://github.com/muyun/dev.nllp,no_dockerfile,False,0,0,0,,,0,0,0,0,0,False,,False,,False,,False,,False,,False,,no Dockerfile and no fallback entry point found
https://github.com/illyanyc/cu_fintech_assignments,no_dockerfile,False,0,0,0,,,0,0,0,0,0,False,,False,,False,,False,,False,,False,,no Dockerfile and no fallback entry point found
https://github.com/shruti-shrz/Issue-Catcher,no_dockerfile,False,0,0,0,,,0,0,0,0,0,False,,False,,False,,False,,False,,False,,no Dockerfile and no fallback entry point found
https://github.com/boemer00/Netflix,no_entry,False,0,1,0,,,0,0,0,0,0,False,,False,,False,,False,,False,,False,,Dockerfile(s) found but no Python entry point could be resolved
https://github.com/decile-team/spear,no_dockerfile,False,0,0,0,,,0,0,0,0,0,False,,False,,False,,False,,False,,False,,no Dockerfile and no fallback entry point found
https://github.com/rafiberlin/sose21-pm-language-and-vision-g1,ok,False,1,0,1,avatar\scripts\slurk\game_master_cli.py,fallback_console_script,7,77,4,0,0,True,config/util.py:12 json.load [matched json.load],False,,False,,False,,False,,False,,"unverified: missing stages: data_preparation, modeling, training, evaluation, inference"
https://github.com/SD-Group-11/ml-frontend,no_dockerfile,False,0,0,0,,,0,0,0,0,0,False,,False,,False,,False,,False,,False,,no Dockerfile and no fallback entry point found
https://github.com/jvcanavarro/Book2Speech,no_dockerfile,False,0,0,0,,,0,0,0,0,0,False,,False,,False,,False,,False,,False,,no Dockerfile and no fallback entry point found
https://github.com/deoliveirajoshua/REU2021-human-context-recognition,no_dockerfile,False,0,0,0,,,0,0,0,0,0,False,,False,,False,,False,,False,,False,,no Dockerfile and no fallback entry point found
https://github.com/sunya-ch/ray-repo-clone,ok,False,3,9,1,rllib\train.py,fallback_nested,129,1193,10,0,4,True,rllib/train.py:153 yaml.safe_load [matched yaml.safe_load],False,,True,rllib/utils/torch_ops.py:0 class Swish [matched <class subclasses model base>],False,,False,,True,rllib/policy/torch_policy.py:222 torch.no_grad [matched torch.no_grad],"unverified: missing stages: data_preparation, training, evaluation"
https://github.com/PaddlePaddle/paddle-ce-latest-kpis,no_entry,False,0,1,0,,,0,0,0,0,0,False,,False,,False,,False,,False,,False,,Dockerfile(s) found but no Python entry point could be resolved
https://github.com/baraline/convst,no_dockerfile,False,0,0,0,,,0,0,0,0,0,False,,False,,False,,False,,False,,False,,no Dockerfile and no fallback entry point found
https://github.com/scharpham/Springboard,no_dockerfile,False,0,0,0,,,0,0,0,0,0,False,,False,,False,,False,,False,,False,,no Dockerfile and no fallback entry point found
https://github.com/eomheejun/boostcamp,no_dockerfile,False,0,0,0,,,0,0,0,0,0,False,,False,,False,,False,,False,,False,,no Dockerfile and no fallback entry point found
https://github.com/josephedward/Libridex,no_entry,False,0,1,0,,,0,0,0,0,0,False,,False,,False,,False,,False,,False,,Dockerfile(s) found but no Python entry point could be resolved
https://github.com/B21-CAP0133/verify-android-app,no_entry,False,0,1,1,,dockerfile,0,0,0,0,0,False,,False,,False,,False,,False,,False,,no resolved entry point yielded a usable call graph
https://github.com/Noileeer/retentioneering,no_dockerfile,False,0,0,0,,,0,0,0,0,0,False,,False,,False,,False,,False,,False,,no Dockerfile and no fallback entry point found
https://github.com/DNGros/R-U-A-Robot,no_dockerfile,False,0,0,0,,,0,0,0,0,0,False,,False,,False,,False,,False,,False,,no Dockerfile and no fallback entry point found
https://github.com/apache/incubator-liminal,no_entry,False,0,1,0,,,0,0,0,0,0,False,,False,,False,,False,,False,,False,,Dockerfile(s) found but no Python entry point could be resolved
https://github.com/JackInTaiwan/ViDB,no_dockerfile,False,0,0,0,,,0,0,0,0,0,False,,False,,False,,False,,False,,False,,no Dockerfile and no fallback entry point found
https://github.com/MIC-DKFZ/nnDetection,ok,True,6,2,1,scripts\train.py,fallback_nested,95,631,6,0,2,True,nndet/utils/config.py:53 json.load [matched json.load],True,nndet/io/datamodule/base.py:126 sklearn.model_selection.KFold [matched KFold],True,nndet/ptmodule/base_module.py:0 class LightningBaseModule [matched <class subclasses model base>],True,scripts/train.py:290 trainer.fit [matched trainer.fit],True,nndet/utils/analysis.py:212 sklearn.metrics.confusion_matrix [matched confusion_matrix],True,nndet/inference/ensembler/base.py:116 torch.no_grad [matched torch.no_grad],verified: all 6 stages present
https://github.com/MESMER-group/mesmer,no_dockerfile,False,0,0,0,,,0,0,0,0,0,False,,False,,False,,False,,False,,False,,no Dockerfile and no fallback entry point found
https://github.com/DengBoCong/text-similarity,no_dockerfile,False,0,0,0,,,0,0,0,0,0,False,,False,,False,,False,,False,,False,,no Dockerfile and no fallback entry point found
https://github.com/vinodswnt306-gcp/mlops,no_entry,False,0,1,0,,,0,0,0,0,0,False,,False,,False,,False,,False,,False,,Dockerfile(s) found but no Python entry point could be resolved
https://github.com/jwang280/seismic-tec-anomaly-deeplearning,no_dockerfile,False,0,0,0,,,0,0,0,0,0,False,,False,,False,,False,,False,,False,,no Dockerfile and no fallback entry point found
https://github.com/Astro-Kozume/Killua-Bot,no_entry,False,0,7,0,,,0,0,0,0,0,False,,False,,False,,False,,False,,False,,Dockerfile(s) found but no Python entry point could be resolved
https://github.com/Tohoun/ML-INRIA,no_dockerfile,False,0,0,0,,,0,0,0,0,0,False,,False,,False,,False,,False,,False,,no Dockerfile and no fallback entry point found
https://github.com/lgov/kul_advanalytics,no_dockerfile,False,0,0,0,,,0,0,0,0,0,False,,False,,False,,False,,False,,False,,no Dockerfile and no fallback entry point found
https://github.com/chilam27/Improve_Review_Product_System_Deploy,no_dockerfile,False,0,0,0,,,0,0,0,0,0,False,,False,,False,,False,,False,,False,,no Dockerfile and no fallback entry point found
https://github.com/DevinKreuzer/SAN,no_dockerfile,False,0,0,0,,,0,0,0,0,0,False,,False,,False,,False,,False,,False,,no Dockerfile and no fallback entry point found
https://github.com/rezhv/UCD_Noyce,no_dockerfile,False,0,0,0,,,0,0,0,0,0,False,,False,,False,,False,,False,,False,,no Dockerfile and no fallback entry point found
https://github.com/AndreevP/speech_distances,no_dockerfile,False,0,0,0,,,0,0,0,0,0,False,,False,,False,,False,,False,,False,,no Dockerfile and no fallback entry point found
https://github.com/jundeli/bindsnet,no_entry,False,0,1,0,,,0,0,0,0,0,False,,False,,False,,False,,False,,False,,Dockerfile(s) found but no Python entry point could be resolved
https://github.com/ProgramBoon/monitor2,no_dockerfile,False,0,0,0,,,0,0,0,0,0,False,,False,,False,,False,,False,,False,,no Dockerfile and no fallback entry point found
https://github.com/resa-git/model_serving,no_entry,False,0,1,0,,,0,0,0,0,0,False,,False,,False,,False,,False,,False,,Dockerfile(s) found but no Python entry point could be resolved
https://github.com/alexanderkrauck/RecSys2021,no_entry,False,0,11,0,,,0,0,0,0,0,False,,False,,False,,False,,False,,False,,Dockerfile(s) found but no Python entry point could be resolved
https://github.com/Technocolabs100/Reinforcement-Learning-for-Flight-Ticket-Pricing-DST-1,no_dockerfile,False,0,0,0,,,0,0,0,0,0,False,,False,,False,,False,,False,,False,,no Dockerfile and no fallback entry point found
https://github.com/meghalshah9531/Deep_Learning_Udacity,no_dockerfile,False,0,0,0,,,0,0,0,0,0,False,,False,,False,,False,,False,,False,,no Dockerfile and no fallback entry point found
https://github.com/fvmassoli/mocca-anomaly-detection,no_dockerfile,False,0,0,0,,,0,0,0,0,0,False,,False,,False,,False,,False,,False,,no Dockerfile and no fallback entry point found
https://github.com/Yuvalabs/agriapp,ok,False,3,0,1,app\app.py,fallback_nested,1,8,0,0,0,True,app/app.py:94 pickle.load [matched pickle.load],True,app/app.py:132 torchvision.transforms.Compose [matched torchvision.transforms.*],False,,False,,False,,True,app/app.py:152 flask.Flask [matched Flask],"unverified: missing stages: modeling, training, evaluation"
https://github.com/AutoViML/deep_autoviml,no_dockerfile,False,0,0,0,,,0,0,0,0,0,False,,False,,False,,False,,False,,False,,no Dockerfile and no fallback entry point found
https://github.com/kiyoon/PyVideoAI,no_dockerfile,False,0,0,0,,,0,0,0,0,0,False,,False,,False,,False,,False,,False,,no Dockerfile and no fallback entry point found
https://github.com/YoungAndJin96/Regression_LifeExpectancy,no_dockerfile,False,0,0,0,,,0,0,0,0,0,False,,False,,False,,False,,False,,False,,no Dockerfile and no fallback entry point found
https://github.com/XinnuoXu/AugNLG,no_dockerfile,False,0,0,0,,,0,0,0,0,0,False,,False,,False,,False,,False,,False,,no Dockerfile and no fallback entry point found
https://github.com/wiktor779/Attributions,no_dockerfile,False,0,0,0,,,0,0,0,0,0,False,,False,,False,,False,,False,,False,,no Dockerfile and no fallback entry point found
https://github.com/made-ml-in-prod-2021/ekhusainov,no_entry,False,0,9,0,,,0,0,0,0,0,False,,False,,False,,False,,False,,False,,Dockerfile(s) found but no Python entry point could be resolved
https://github.com/graviraja/MLOps-Basics,no_entry,False,0,5,0,,,0,0,0,0,0,False,,False,,False,,False,,False,,False,,Dockerfile(s) found but no Python entry point could be resolved
https://github.com/TimStromajer/NLP-Offensive-language-exploratory-analysis,no_dockerfile,False,0,0,0,,,0,0,0,0,0,False,,False,,False,,False,,False,,False,,no Dockerfile and no fallback entry point found
https://github.com/arafeh94/localfed,no_entry,False,0,1,0,,,0,0,0,0,0,False,,False,,False,,False,,False,,False,,Dockerfile(s) found but no Python entry point could be resolved
https://github.com/jhbrito/SatForest,no_dockerfile,False,0,0,0,,,0,0,0,0,0,False,,False,,False,,False,,False,,False,,no Dockerfile and no fallback entry point found
https://github.com/Anonymous-2491/Drop-Clause-Interpretable-TM,no_dockerfile,False,0,0,0,,,0,0,0,0,0,False,,False,,False,,False,,False,,False,,no Dockerfile and no fallback entry point found
https://github.com/MOW-88/new-data-science,no_entry,False,0,1,0,,,0,0,0,0,0,False,,False,,False,,False,,False,,False,,Dockerfile(s) found but no Python entry point could be resolved
https://github.com/TrofJul/Diplom-Kitchens,no_dockerfile,False,0,0,0,,,0,0,0,0,0,False,,False,,False,,False,,False,,False,,no Dockerfile and no fallback entry point found
https://github.com/singultek/recommender_system,no_dockerfile,False,0,0,0,,,0,0,0,0,0,False,,False,,False,,False,,False,,False,,no Dockerfile and no fallback entry point found
https://github.com/luyang1210/differentialprivacy,no_dockerfile,False,0,0,0,,,0,0,0,0,0,False,,False,,False,,False,,False,,False,,no Dockerfile and no fallback entry point found
https://github.com/JakobLangenbahn/crosslingual_information_retrieval,no_dockerfile,False,0,0,0,,,0,0,0,0,0,False,,False,,False,,False,,False,,False,,no Dockerfile and no fallback entry point found
https://github.com/AleCioc/odysseus,no_entry,False,0,1,1,,dockerfile,0,0,0,0,0,False,,False,,False,,False,,False,,False,,no resolved entry point yielded a usable call graph
https://github.com/Azure/DeepLearningForTimeSeriesForecasting,no_dockerfile,False,0,0,0,,,0,0,0,0,0,False,,False,,False,,False,,False,,False,,no Dockerfile and no fallback entry point found
https://github.com/fgsdt1/Deep_Learning,no_dockerfile,False,0,0,0,,,0,0,0,0,0,False,,False,,False,,False,,False,,False,,no Dockerfile and no fallback entry point found
https://github.com/oist/ecsu-dyadic_interaction,ok,False,1,0,1,dyadic_interaction\main.py,fallback_nested,11,75,3,0,0,True,dyadic_interaction/simulation.py:149 json.load [matched json.load],False,,False,,False,,False,,False,,"unverified: missing stages: data_preparation, modeling, training, evaluation, inference"
https://github.com/ShinoYasx/tat,no_dockerfile,False,0,0,0,,,0,0,0,0,0,False,,False,,False,,False,,False,,False,,no Dockerfile and no fallback entry point found
https://github.com/CLUEbenchmark/FewCLUE,no_dockerfile,False,0,0,0,,,0,0,0,0,0,False,,False,,False,,False,,False,,False,,no Dockerfile and no fallback entry point found
https://github.com/lucasobispo/precificacao_mercadolivre_tcc,no_dockerfile,False,0,0,0,,,0,0,0,0,0,False,,False,,False,,False,,False,,False,,no Dockerfile and no fallback entry point found
https://github.com/vassilispapadop/chexpert,no_dockerfile,False,0,0,0,,,0,0,0,0,0,False,,False,,False,,False,,False,,False,,no Dockerfile and no fallback entry point found
https://github.com/suhyunyoon/Fashion-Image-Regression,no_dockerfile,False,0,0,0,,,0,0,0,0,0,False,,False,,False,,False,,False,,False,,no Dockerfile and no fallback entry point found
https://github.com/khadarvalli/recommendation,no_dockerfile,False,0,0,0,,,0,0,0,0,0,False,,False,,False,,False,,False,,False,,no Dockerfile and no fallback entry point found
https://github.com/approach0/pya0,ok,False,5,0,1,utils\__main__.py,fallback_nested,7,42,1,0,0,True,utils/index_manager.py:64 urllib.request.urlretrieve [matched urllib.request.urlretrieve],True,utils/mergerun.py:280 pd.merge [matched pd.merge],True,utils/l2r.py:85 sklearn.linear_model.LinearRegression [matched LinearRegression],True,utils/l2r.py:87 model.fit [matched model.fit],False,,True,utils/l2r.py:127 model.predict [matched model.predict],unverified: missing stages: evaluation
https://github.com/tejones/retailstoreofthefuture,no_entry,False,0,8,0,,,0,0,0,0,0,False,,False,,False,,False,,False,,False,,Dockerfile(s) found but no Python entry point could be resolved
https://github.com/shahules786/twitter-emotions,ok,False,5,1,1,twitteremotions\app.py,fallback_nested,5,16,2,0,0,True,twitteremotions/emotions.py:40 pd.read_csv [matched pd.read_csv],True,twitteremotions/emotions.py:41 sklearn.model_selection.train_test_split [matched train_test_split],True,twitteremotions/utils/model.py:0 class EmotionModel [matched <class subclasses model base>],True,twitteremotions/utils/engine.py:21 optimizer.zero_grad [matched optimizer.zero_grad],False,,True,twitteremotions/app.py:6 flask.Flask [matched Flask],unverified: missing stages: evaluation
https://github.com/jluethi/napari-feature-visualization,no_dockerfile,False,0,0,0,,,0,0,0,0,0,False,,False,,False,,False,,False,,False,,no Dockerfile and no fallback entry point found
https://github.com/maxima04/recommender,no_dockerfile,False,0,0,0,,,0,0,0,0,0,False,,False,,False,,False,,False,,False,,no Dockerfile and no fallback entry point found
https://github.com/oist/ecsu-dol-simulation,ok,False,1,0,1,dol\main.py,fallback_nested,11,102,3,0,0,True,dol/simulation_synergy.py:205 json.load [matched json.load],False,,False,,False,,False,,False,,"unverified: missing stages: data_preparation, modeling, training, evaluation, inference"
https://github.com/Harshvardhan1999/The-Movie-Cinema,no_dockerfile,False,0,0,0,,,0,0,0,0,0,False,,False,,False,,False,,False,,False,,no Dockerfile and no fallback entry point found
https://github.com/granantuin/meteo_ml,no_dockerfile,False,0,0,0,,,0,0,0,0,0,False,,False,,False,,False,,False,,False,,no Dockerfile and no fallback entry point found
https://github.com/henrikolsvik/maplegf,no_dockerfile,False,0,0,0,,,0,0,0,0,0,False,,False,,False,,False,,False,,False,,no Dockerfile and no fallback entry point found
https://github.com/made-ml-in-prod-2021/andyst75,no_entry,False,0,6,0,,,0,0,0,0,0,False,,False,,False,,False,,False,,False,,Dockerfile(s) found but no Python entry point could be resolved
https://github.com/enliktjioe/master-thesis-2021,no_dockerfile,False,0,0,0,,,0,0,0,0,0,False,,False,,False,,False,,False,,False,,no Dockerfile and no fallback entry point found
https://github.com/luskry/aptardi,no_dockerfile,False,0,0,0,,,0,0,0,0,0,False,,False,,False,,False,,False,,False,,no Dockerfile and no fallback entry point found
https://github.com/bahp/vital-sqi,no_dockerfile,False,0,0,0,,,0,0,0,0,0,False,,False,,False,,False,,False,,False,,no Dockerfile and no fallback entry point found
https://github.com/lzontar/Partitioning-of-urban-networks-to-optimize-postal-delivery-routes,no_dockerfile,False,0,0,0,,,0,0,0,0,0,False,,False,,False,,False,,False,,False,,no Dockerfile and no fallback entry point found
https://github.com/simpeg/simpeg,no_dockerfile,False,0,0,0,,,0,0,0,0,0,False,,False,,False,,False,,False,,False,,no Dockerfile and no fallback entry point found
https://github.com/BME-SmartLab/txt-ult2wav,no_dockerfile,False,0,0,0,,,0,0,0,0,0,False,,False,,False,,False,,False,,False,,no Dockerfile and no fallback entry point found
https://github.com/myao20/Part2ProjectUpdated,no_dockerfile,False,0,0,0,,,0,0,0,0,0,False,,False,,False,,False,,False,,False,,no Dockerfile and no fallback entry point found
https://github.com/PV-Lab/Benchmarking,no_dockerfile,False,0,0,0,,,0,0,0,0,0,False,,False,,False,,False,,False,,False,,no Dockerfile and no fallback entry point found
https://github.com/Omar-Safwat/HealthCare_project,no_dockerfile,False,0,0,0,,,0,0,0,0,0,False,,False,,False,,False,,False,,False,,no Dockerfile and no fallback entry point found
https://github.com/hekaplex/2021_04_DSI_WDX2,no_dockerfile,False,0,0,0,,,0,0,0,0,0,False,,False,,False,,False,,False,,False,,no Dockerfile and no fallback entry point found
https://github.com/rasgointelligence/feature-engineering-tutorials,no_dockerfile,False,0,0,0,,,0,0,0,0,0,False,,False,,False,,False,,False,,False,,no Dockerfile and no fallback entry point found
https://github.com/ZJU-OpenKS/OpenKS,no_dockerfile,False,0,0,0,,,0,0,0,0,0,False,,False,,False,,False,,False,,False,,no Dockerfile and no fallback entry point found
https://github.com/mhoogen/ML4QS,no_entry,False,0,1,0,,,0,0,0,0,0,False,,False,,False,,False,,False,,False,,Dockerfile(s) found but no Python entry point could be resolved
https://github.com/BIMSBbioinfo/bavaria,no_dockerfile,False,0,0,0,,,0,0,0,0,0,False,,False,,False,,False,,False,,False,,no Dockerfile and no fallback entry point found
https://github.com/danielTeniente/proyecto_capstone,no_dockerfile,False,0,0,0,,,0,0,0,0,0,False,,False,,False,,False,,False,,False,,no Dockerfile and no fallback entry point found
https://github.com/joniumGit/moons,no_dockerfile,False,0,0,0,,,0,0,0,0,0,False,,False,,False,,False,,False,,False,,no Dockerfile and no fallback entry point found
https://github.com/simiaolin/cobras_explanation,ok,False,3,0,1,cobras_ts\cli\cli.py,fallback_console_script,15,54,3,0,0,True,cobras_ts/cli/cli.py:25 def prepare_data [matched <lightning hook prepare_data>],False,,True,cobras_ts/cobras_dtw.py:22 sklearn.cluster.SpectralClustering [matched SpectralClustering],False,,True,cobras_ts/cli/cli.py:238 sklearn.metrics.adjusted_rand_score [matched adjusted_rand_score],False,,"unverified: missing stages: data_preparation, training, inference"
https://github.com/sorgerlab/indra,no_entry,False,0,2,0,,,0,0,0,0,0,False,,False,,False,,False,,False,,False,,Dockerfile(s) found but no Python entry point could be resolved
https://github.com/judithspd/predictive-maintenance,no_dockerfile,False,0,0,0,,,0,0,0,0,0,False,,False,,False,,False,,False,,False,,no Dockerfile and no fallback entry point found
https://github.com/liuli-io/liuli,no_entry,False,0,4,0,,,0,0,0,0,0,False,,False,,False,,False,,False,,False,,Dockerfile(s) found but no Python entry point could be resolved
https://github.com/cornell-cup/r2-chatbot,ok,False,1,0,1,r2_chatterbot\main.py,fallback_nested,1,2,0,0,0,True,r2_chatterbot/main.py:62 pd.read_csv [matched pd.read_csv],False,,False,,False,,False,,False,,"unverified: missing stages: data_preparation, modeling, training, evaluation, inference"
https://github.com/acmater/exmoset,no_dockerfile,False,0,0,0,,,0,0,0,0,0,False,,False,,False,,False,,False,,False,,no Dockerfile and no fallback entry point found
https://github.com/Tristan-T/evenements_tweeters,no_dockerfile,False,0,0,0,,,0,0,0,0,0,False,,False,,False,,False,,False,,False,,no Dockerfile and no fallback entry point found
https://github.com/JaimeGarciaVel/Trabajo_final,no_dockerfile,False,0,0,0,,,0,0,0,0,0,False,,False,,False,,False,,False,,False,,no Dockerfile and no fallback entry point found
https://github.com/MakotoDataiku/lstm-test,no_dockerfile,False,0,0,0,,,0,0,0,0,0,False,,False,,False,,False,,False,,False,,no Dockerfile and no fallback entry point found
https://github.com/binkjakub/lib-suggest,no_dockerfile,False,0,0,0,,,0,0,0,0,0,False,,False,,False,,False,,False,,False,,no Dockerfile and no fallback entry point found
https://github.com/JonoSax/3DHistologicalReconstruction,no_dockerfile,False,0,0,0,,,0,0,0,0,0,False,,False,,False,,False,,False,,False,,no Dockerfile and no fallback entry point found
https://github.com/Yuanqiwu/CRC,no_dockerfile,False,0,0,0,,,0,0,0,0,0,False,,False,,False,,False,,False,,False,,no Dockerfile and no fallback entry point found
https://github.com/deayalar/deeplearning_unitn,no_dockerfile,False,0,0,0,,,0,0,0,0,0,False,,False,,False,,False,,False,,False,,no Dockerfile and no fallback entry point found
https://github.com/IBM/federated-learning-lib,no_entry,False,0,1,0,,,0,0,0,0,0,False,,False,,False,,False,,False,,False,,Dockerfile(s) found but no Python entry point could be resolved
https://github.com/alarehage/star_wars_who_am_i,ok,False,2,0,1,src\app.py,fallback_nested,3,8,1,0,0,True,src/inference.py:15 yaml.safe_load [matched yaml.safe_load],False,,False,,False,,False,,True,src/app.py:20 flask.Flask [matched Flask],"unverified: missing stages: data_preparation, modeling, training, evaluation"
https://github.com/Spnetic-5/ML_mastery,no_entry,False,0,1,0,,,0,0,0,0,0,False,,False,,False,,False,,False,,False,,Dockerfile(s) found but no Python entry point could be resolved
https://github.com/marwage/stock_prediction,no_dockerfile,False,0,0,0,,,0,0,0,0,0,False,,False,,False,,False,,False,,False,,no Dockerfile and no fallback entry point found
https://github.com/AsmirMumin/Retail-Coupon-Recommendation-for-Revenue-Optimization,no_dockerfile,False,0,0,0,,,0,0,0,0,0,False,,False,,False,,False,,False,,False,,no Dockerfile and no fallback entry point found
https://github.com/neetinds/Springboard,no_dockerfile,False,0,0,0,,,0,0,0,0,0,False,,False,,False,,False,,False,,False,,no Dockerfile and no fallback entry point found
https://github.com/SuLab/MechRepoNet,no_dockerfile,False,0,0,0,,,0,0,0,0,0,False,,False,,False,,False,,False,,False,,no Dockerfile and no fallback entry point found
https://github.com/yimejky/fiit-dp-thesis-code,no_dockerfile,False,0,0,0,,,0,0,0,0,0,False,,False,,False,,False,,False,,False,,no Dockerfile and no fallback entry point found
https://github.com/campbtaf/stock-predictions,no_dockerfile,False,0,0,0,,,0,0,0,0,0,False,,False,,False,,False,,False,,False,,no Dockerfile and no fallback entry point found
https://github.com/nngu6036/ML,no_dockerfile,False,0,0,0,,,0,0,0,0,0,False,,False,,False,,False,,False,,False,,no Dockerfile and no fallback entry point found
https://github.com/robkravec/t-SNE-Implementation,no_dockerfile,False,0,0,0,,,0,0,0,0,0,False,,False,,False,,False,,False,,False,,no Dockerfile and no fallback entry point found
https://github.com/tridungduong16/multiobj-scm-cf,no_dockerfile,False,0,0,0,,,0,0,0,0,0,False,,False,,False,,False,,False,,False,,no Dockerfile and no fallback entry point found
https://github.com/walter-robson/Spiking-Neural-Nets,no_entry,False,0,1,0,,,0,0,0,0,0,False,,False,,False,,False,,False,,False,,Dockerfile(s) found but no Python entry point could be resolved
https://github.com/s0v3r3ign/fastai_course_v4,no_dockerfile,False,0,0,0,,,0,0,0,0,0,False,,False,,False,,False,,False,,False,,no Dockerfile and no fallback entry point found
https://github.com/cedfactory/tiase,no_entry,False,0,1,0,,,0,0,0,0,0,False,,False,,False,,False,,False,,False,,Dockerfile(s) found but no Python entry point could be resolved
https://github.com/marcgpalmer/azureml-examples,no_entry,False,0,3,0,,,0,0,0,0,0,False,,False,,False,,False,,False,,False,,Dockerfile(s) found but no Python entry point could be resolved
https://github.com/DadosAbertosDeFeira/analises,no_dockerfile,False,0,0,0,,,0,0,0,0,0,False,,False,,False,,False,,False,,False,,no Dockerfile and no fallback entry point found
https://github.com/albertotonda/HumanModels,no_dockerfile,False,0,0,0,,,0,0,0,0,0,False,,False,,False,,False,,False,,False,,no Dockerfile and no fallback entry point found
https://github.com/nickplas/Internship_ESTECO,no_dockerfile,False,0,0,0,,,0,0,0,0,0,False,,False,,False,,False,,False,,False,,no Dockerfile and no fallback entry point found
https://github.com/GabrielPenaU3F/epydemics,no_dockerfile,False,0,0,0,,,0,0,0,0,0,False,,False,,False,,False,,False,,False,,no Dockerfile and no fallback entry point found
https://github.com/blodstone/transformers_constraint,no_entry,False,0,7,0,,,0,0,0,0,0,False,,False,,False,,False,,False,,False,,Dockerfile(s) found but no Python entry point could be resolved
https://github.com/ucphhpc/nbi-jupyter-docker-stacks,no_entry,False,0,27,0,,,0,0,0,0,0,False,,False,,False,,False,,False,,False,,Dockerfile(s) found but no Python entry point could be resolved
https://github.com/YushinJung-ATG/SageMaker-Workshop,no_entry,False,0,20,0,,,0,0,0,0,0,False,,False,,False,,False,,False,,False,,Dockerfile(s) found but no Python entry point could be resolved
https://github.com/jbaxx/baseball-bunch-backend,no_dockerfile,False,0,0,0,,,0,0,0,0,0,False,,False,,False,,False,,False,,False,,no Dockerfile and no fallback entry point found
https://github.com/dfwhite-unc/Clinical-Cases-LAIR,no_dockerfile,False,0,0,0,,,0,0,0,0,0,False,,False,,False,,False,,False,,False,,no Dockerfile and no fallback entry point found
https://github.com/azminewasi/DataCamp,no_dockerfile,False,0,0,0,,,0,0,0,0,0,False,,False,,False,,False,,False,,False,,no Dockerfile and no fallback entry point found
https://github.com/ErikPohle/CSCI-4308-TerumoBCT,no_entry,False,0,1,0,,,0,0,0,0,0,False,,False,,False,,False,,False,,False,,Dockerfile(s) found but no Python entry point could be resolved
https://github.com/georgSquared/Multi-genre-Classification-on-Literary-Books,no_dockerfile,False,0,0,0,,,0,0,0,0,0,False,,False,,False,,False,,False,,False,,no Dockerfile and no fallback entry point found
https://github.com/mwheeler235/opensea-rest,no_dockerfile,False,0,0,0,,,0,0,0,0,0,False,,False,,False,,False,,False,,False,,no Dockerfile and no fallback entry point found
https://github.com/eddardd/CrossDomainFaultDiagnosis,no_dockerfile,False,0,0,0,,,0,0,0,0,0,False,,False,,False,,False,,False,,False,,no Dockerfile and no fallback entry point found
https://github.com/Data-Lama/covid_geoinsights_pipeline,no_dockerfile,False,0,0,0,,,0,0,0,0,0,False,,False,,False,,False,,False,,False,,no Dockerfile and no fallback entry point found
https://github.com/MuhamedAbdalla/Automatic-Audio-Book-Based-On-Emotion-Detection,no_entry,False,0,4,0,,,0,0,0,0,0,False,,False,,False,,False,,False,,False,,Dockerfile(s) found but no Python entry point could be resolved
https://github.com/VegardIversen/TTT4275_project,no_dockerfile,False,0,0,0,,,0,0,0,0,0,False,,False,,False,,False,,False,,False,,no Dockerfile and no fallback entry point found
https://github.com/hotchpotch/similar-documents-cli,no_entry,False,0,1,0,,,0,0,0,0,0,False,,False,,False,,False,,False,,False,,Dockerfile(s) found but no Python entry point could be resolved
https://github.com/jpbburns/LING573,ok,False,4,0,1,src\main.py,fallback_nested,1,11,0,0,0,True,src/main.py:41 torch.utils.data.DataLoader [matched DataLoader],True,src/main.py:32 transformers.BertTokenizer.from_pretrained [matched BertTokenizer.from_pretrained],False,,True,src/main.py:68 loss.backward [matched loss.backward],False,,True,src/main.py:98 self.model.eval [matched model.eval],"unverified: missing stages: modeling, evaluation"
https://github.com/OSU-slatelab/vp-pairwise,ok,False,1,0,1,mixcon\main.py,fallback_nested,1,0,0,0,0,False,,False,,False,,False,,True,mixcon/main.py:147 trainer.evaluate [matched trainer.evaluate],False,,"unverified: missing stages: data_acquisition, data_preparation, modeling, training, inference"
https://github.com/udgsg/Hackathon2021,no_dockerfile,False,0,0,0,,,0,0,0,0,0,False,,False,,False,,False,,False,,False,,no Dockerfile and no fallback entry point found
https://github.com/davidzheng66/python3,no_dockerfile,False,0,0,0,,,0,0,0,0,0,False,,False,,False,,False,,False,,False,,no Dockerfile and no fallback entry point found
https://github.com/GarethEdwards30/DataAnalysiswithPandas,no_dockerfile,False,0,0,0,,,0,0,0,0,0,False,,False,,False,,False,,False,,False,,no Dockerfile and no fallback entry point found
https://github.com/102757017/basic,no_dockerfile,False,0,0,0,,,0,0,0,0,0,False,,False,,False,,False,,False,,False,,no Dockerfile and no fallback entry point found
https://github.com/therajtiwari/Agli-Thali,no_dockerfile,False,0,0,0,,,0,0,0,0,0,False,,False,,False,,False,,False,,False,,no Dockerfile and no fallback entry point found
https://github.com/phaunos/phaunos_ml,no_dockerfile,False,0,0,0,,,0,0,0,0,0,False,,False,,False,,False,,False,,False,,no Dockerfile and no fallback entry point found
https://github.com/nalinigans/federated-inference,ok,False,0,2,1,openfl\interface\cli.py,fallback_console_script,1,10,0,0,1,False,,False,,False,,False,,False,,False,,"unverified: missing stages: data_acquisition, data_preparation, modeling, training, evaluation, inference"
https://github.com/wandb/sweeps,no_dockerfile,False,0,0,0,,,0,0,0,0,0,False,,False,,False,,False,,False,,False,,no Dockerfile and no fallback entry point found
https://github.com/marcosvppfernandes/recommender_system,no_dockerfile,False,0,0,0,,,0,0,0,0,0,False,,False,,False,,False,,False,,False,,no Dockerfile and no fallback entry point found
https://github.com/shibuiwilliam/ml-system-in-actions,no_entry,False,0,58,4,,dockerfile,0,0,0,0,0,False,,False,,False,,False,,False,,False,,no resolved entry point yielded a usable call graph
https://github.com/seung-lab/chunkflow,ok,False,3,3,1,chunkflow\__main__.py,fallback_nested,47,420,4,0,0,True,chunkflow/flow/flow.py:574 np.load [matched np.load],True,chunkflow/flow/log_summary.py:58 df.groupby [matched df.groupby],False,,False,,False,,True,chunkflow/flow/divid_conquer/patch/pytorch.py:102 torch.no_grad [matched torch.no_grad],"unverified: missing stages: modeling, training, evaluation"
https://github.com/AICPS/hw2vec,no_dockerfile,False,0,0,0,,,0,0,0,0,0,False,,False,,False,,False,,False,,False,,no Dockerfile and no fallback entry point found
https://github.com/gzhhu/podcast-recommendation,no_dockerfile,False,0,0,0,,,0,0,0,0,0,False,,False,,False,,False,,False,,False,,no Dockerfile and no fallback entry point found
https://github.com/shubham1810/OccupancyNet-Lightning,ok,False,0,0,1,src\run.py,fallback_nested,1,0,0,0,0,False,,False,,False,,False,,False,,False,,"unverified: missing stages: data_acquisition, data_preparation, modeling, training, evaluation, inference"
https://github.com/alessandrodemela/myCOVID19VaccineAnalysis,no_dockerfile,False,0,0,0,,,0,0,0,0,0,False,,False,,False,,False,,False,,False,,no Dockerfile and no fallback entry point found
https://github.com/bigdata-ustc/EduKTM,no_dockerfile,False,0,0,0,,,0,0,0,0,0,False,,False,,False,,False,,False,,False,,no Dockerfile and no fallback entry point found
https://github.com/MatanDavidian/DoHlyzer_fixed,ok,False,1,0,1,visualizer\main.py,fallback_nested,1,5,0,0,0,True,visualizer/main.py:78 json.load [matched json.load],False,,False,,False,,False,,False,,"unverified: missing stages: data_preparation, modeling, training, evaluation, inference"
https://github.com/richherr/ds100,no_dockerfile,False,0,0,0,,,0,0,0,0,0,False,,False,,False,,False,,False,,False,,no Dockerfile and no fallback entry point found
https://github.com/ExamDay/NeuralGREWT,no_dockerfile,False,0,0,0,,,0,0,0,0,0,False,,False,,False,,False,,False,,False,,no Dockerfile and no fallback entry point found
https://github.com/evidentlyai/evidently,no_entry,False,0,2,0,,,0,0,0,0,0,False,,False,,False,,False,,False,,False,,Dockerfile(s) found but no Python entry point could be resolved
https://github.com/igorvlnascimento/DeepREF,no_dockerfile,False,0,0,0,,,0,0,0,0,0,False,,False,,False,,False,,False,,False,,no Dockerfile and no fallback entry point found
https://github.com/jdonzallaz/solarnet,ok,True,6,0,1,solarnet\main.py,fallback_nested,42,223,4,0,0,True,solarnet/tasks/dataset.py:281 pd.read_parquet [matched pd.read_parquet],True,solarnet/tasks/dataset.py:342 df.astype [matched df.astype],True,solarnet/models/backbone.py:29 nn.Sequential [matched nn.Sequential],True,solarnet/tasks/train.py:54 solarnet.utils.trainer.train [matched trainer.train],True,solarnet/tasks/test.py:60 trainer.test [matched trainer.test],True,solarnet/tasks/test.py:60 trainer.test [matched trainer.test],verified: all 6 stages present
https://github.com/emmanueljordy/RobDimRed,no_dockerfile,False,0,0,0,,,0,0,0,0,0,False,,False,,False,,False,,False,,False,,no Dockerfile and no fallback entry point found
https://github.com/Open-Speech-EkStep/punctuation-ITN,no_dockerfile,False,0,0,0,,,0,0,0,0,0,False,,False,,False,,False,,False,,False,,no Dockerfile and no fallback entry point found
https://github.com/neerajsharma9195/paql-project,no_dockerfile,False,0,0,0,,,0,0,0,0,0,False,,False,,False,,False,,False,,False,,no Dockerfile and no fallback entry point found
https://github.com/miska924/TimeSeriesForecast,no_dockerfile,False,0,0,0,,,0,0,0,0,0,False,,False,,False,,False,,False,,False,,no Dockerfile and no fallback entry point found
https://github.com/BooneyBeCoding/final_project,no_dockerfile,False,0,0,0,,,0,0,0,0,0,False,,False,,False,,False,,False,,False,,no Dockerfile and no fallback entry point found
https://github.com/rocklee9/NhanDien,ok,False,5,0,1,src\main.py,fallback_nested,3,69,1,0,0,True,src/main.py:106 PIL.Image.open [matched Image.open],True,src/facenet.py:411 sklearn.model_selection.KFold [matched KFold],True,src/main.py:217 sklearn.svm.SVC [matched SVC],True,src/main.py:218 model.fit [matched model.fit],False,,True,src/main.py:40 flask.Flask [matched Flask],unverified: missing stages: evaluation
https://github.com/suriya-jambunathan/MLANT,no_dockerfile,False,0,0,0,,,0,0,0,0,0,False,,False,,False,,False,,False,,False,,no Dockerfile and no fallback entry point found
https://github.com/zhou-xingxing/graduate_work,no_dockerfile,False,0,0,0,,,0,0,0,0,0,False,,False,,False,,False,,False,,False,,no Dockerfile and no fallback entry point found
https://github.com/ckinateder/abraham,no_dockerfile,False,0,0,0,,,0,0,0,0,0,False,,False,,False,,False,,False,,False,,no Dockerfile and no fallback entry point found
https://github.com/materialsproject/matbench,no_dockerfile,False,0,0,0,,,0,0,0,0,0,False,,False,,False,,False,,False,,False,,no Dockerfile and no fallback entry point found
https://github.com/szaman19/MPSML,no_dockerfile,False,0,0,0,,,0,0,0,0,0,False,,False,,False,,False,,False,,False,,no Dockerfile and no fallback entry point found
https://github.com/Cyphio/Familiarity-driven-navigation,no_dockerfile,False,0,0,0,,,0,0,0,0,0,False,,False,,False,,False,,False,,False,,no Dockerfile and no fallback entry point found
https://github.com/physimals/hcp-asl,ok,False,1,0,1,scripts\run_pipeline.py,fallback_console_script,13,61,2,0,0,True,hcpasl/asl_correction.py:163 nibabel.load [matched nibabel.load],False,,False,,False,,False,,False,,"unverified: missing stages: data_preparation, modeling, training, evaluation, inference"
https://github.com/mcgill-femr/scipion-em-cryomethods,no_dockerfile,False,0,0,0,,,0,0,0,0,0,False,,False,,False,,False,,False,,False,,no Dockerfile and no fallback entry point found
https://github.com/kyasanur/https-github.com-cloudxlab-ml,no_dockerfile,False,0,0,0,,,0,0,0,0,0,False,,False,,False,,False,,False,,False,,no Dockerfile and no fallback entry point found
https://github.com/Yongcheng123/OCL,ok,False,5,1,1,selene_sdk\__main__.py,fallback_nested,18,113,5,0,1,True,selene_sdk/utils/config.py:296 yaml.load [matched yaml.load],False,,True,selene_sdk/utils/multi_model_wrapper.py:0 class MultiModelWrapper [matched <class subclasses model base>],True,selene_sdk/train_model.py:456 self.optimizer.zero_grad [matched optimizer.zero_grad],True,selene_sdk/utils/performance_metrics.py:93 sklearn.metrics.roc_curve [matched roc_curve],True,selene_sdk/evaluate_model.py:109 self.model.eval [matched model.eval],unverified: missing stages: data_preparation
https://github.com/Stigant/Disaster-Project,ok,False,2,0,1,app\run.py,fallback_nested,1,3,0,0,0,False,,True,app/run.py:45 df.pivot_table [matched .pivot_table],False,,False,,False,,True,app/run.py:22 flask.Flask [matched Flask],"unverified: missing stages: data_acquisition, modeling, training, evaluation"
https://github.com/ikram-hamizi/LSTM_gendered_names_classification,ok,False,3,0,1,src\train.py,fallback_nested,5,5,1,0,0,True,scripts/dataExtract.py:10 pd.read_csv [matched pd.read_csv],True,src/train.py:27 sklearn.preprocessing.LabelEncoder [matched LabelEncoder],True,src/train.py:96 keras.layers.Embedding [matched layers.Embedding],False,,False,,False,,"unverified: missing stages: training, evaluation, inference"
https://github.com/Dpananos/PKBayes2py,no_dockerfile,False,0,0,0,,,0,0,0,0,0,False,,False,,False,,False,,False,,False,,no Dockerfile and no fallback entry point found
https://github.com/UCA-Datalab/nilm-thresholding,ok,True,6,0,1,nilmth\train.py,fallback_nested,16,96,4,0,0,True,nilmth/utils/model.py:44 nilmth.data.dataloader.DataLoader [matched DataLoader],True,nilmth/data/threshold.py:150 np.nan_to_num [matched np.nan_to_num],True,nilmth/model/conv.py:0 class Encoder [matched <class subclasses model base>],True,nilmth/model/pytorch.py:181 self.optimizer.zero_grad [matched optimizer.zero_grad],True,nilmth/utils/scores.py:51 sklearn.metrics.mean_squared_error [matched mean_squared_error],True,nilmth/model/pytorch.py:198 self.model.eval [matched model.eval],verified: all 6 stages present
https://github.com/ElizabethNg99/Capstone-Project-Time-Series-Forecasting,no_dockerfile,False,0,0,0,,,0,0,0,0,0,False,,False,,False,,False,,False,,False,,no Dockerfile and no fallback entry point found
https://github.com/tuttelikz/farabio,no_dockerfile,False,0,0,0,,,0,0,0,0,0,False,,False,,False,,False,,False,,False,,no Dockerfile and no fallback entry point found
https://github.com/estasney/hNMF,no_dockerfile,False,0,0,0,,,0,0,0,0,0,False,,False,,False,,False,,False,,False,,no Dockerfile and no fallback entry point found
https://github.com/rwth-imi/openMNGlab,no_dockerfile,False,0,0,0,,,0,0,0,0,0,False,,False,,False,,False,,False,,False,,no Dockerfile and no fallback entry point found
https://github.com/ekzm8523/AI_Tech,no_dockerfile,False,0,0,0,,,0,0,0,0,0,False,,False,,False,,False,,False,,False,,no Dockerfile and no fallback entry point found
https://github.com/justinepicar/springboard-casestudies,no_dockerfile,False,0,0,0,,,0,0,0,0,0,False,,False,,False,,False,,False,,False,,no Dockerfile and no fallback entry point found
https://github.com/LabPorject/CMPT733-final-project,no_entry,False,0,1,0,,,0,0,0,0,0,False,,False,,False,,False,,False,,False,,Dockerfile(s) found but no Python entry point could be resolved
https://github.com/thpthp1/NewsNeuralizer,no_dockerfile,False,0,0,0,,,0,0,0,0,0,False,,False,,False,,False,,False,,False,,no Dockerfile and no fallback entry point found
https://github.com/deeplearning2020/dbn,no_entry,False,0,1,0,,,0,0,0,0,0,False,,False,,False,,False,,False,,False,,Dockerfile(s) found but no Python entry point could be resolved
https://github.com/boliqq07/featurebox,ok,False,0,0,1,featurebox\cli\main.py,fallback_console_script,1,2,0,0,1,False,,False,,False,,False,,False,,False,,"unverified: missing stages: data_acquisition, data_preparation, modeling, training, evaluation, inference"
https://github.com/gregthatcher/DataScience,no_dockerfile,False,0,0,0,,,0,0,0,0,0,False,,False,,False,,False,,False,,False,,no Dockerfile and no fallback entry point found
https://github.com/sahilmodi/CheXpert-FewShot-Learning,ok,True,6,0,1,chexpert_specific\train.py,fallback_nested,7,21,2,0,0,True,chexpert_specific/model/dataloader.py:18 pd.read_csv [matched pd.read_csv],True,utils/transforms.py:5 torchvision.transforms.Compose [matched torchvision.transforms.*],True,chexpert_specific/model/net.py:0 class Net [matched <class subclasses model base>],True,chexpert_specific/train.py:88 trainer.train [matched trainer.train],True,chexpert_specific/model/trainer.py:129 self.writer.add_scalar [matched writer.add_scalar],True,chexpert_specific/model/trainer.py:97 torch.no_grad [matched torch.no_grad],verified: all 6 stages present
https://github.com/FlaviaVtr/TRAINDELAY,no_dockerfile,False,0,0,0,,,0,0,0,0,0,False,,False,,False,,False,,False,,False,,no Dockerfile and no fallback entry point found
https://github.com/JIPiration/web-deploy-tutorials,no_dockerfile,False,0,0,0,,,0,0,0,0,0,False,,False,,False,,False,,False,,False,,no Dockerfile and no fallback entry point found
https://github.com/23subbhashit/StoryTellar,no_dockerfile,False,0,0,0,,,0,0,0,0,0,False,,False,,False,,False,,False,,False,,no Dockerfile and no fallback entry point found
https://github.com/cmougan/MonitoringUncertainty,no_dockerfile,False,0,0,0,,,0,0,0,0,0,False,,False,,False,,False,,False,,False,,no Dockerfile and no fallback entry point found
https://github.com/HenriqueCR1291/data_science_producao,no_dockerfile,False,0,0,0,,,0,0,0,0,0,False,,False,,False,,False,,False,,False,,no Dockerfile and no fallback entry point found
https://github.com/p-lambda/in-n-out,ok,False,5,0,1,innout\main.py,fallback_nested,3,25,1,0,1,True,innout/main.py:373 pd.read_csv [matched pd.read_csv],True,innout/load_utils.py:123 torchvision.transforms.Compose [matched torchvision.transforms.*],False,,True,innout/main.py:73 loss.backward [matched loss.backward],True,innout/main.py:202 sklearn.metrics.roc_auc_score [matched roc_auc_score],True,innout/main.py:118 model.eval [matched model.eval],unverified: missing stages: modeling
https://github.com/Heronalps/Sparta,no_dockerfile,False,0,0,0,,,0,0,0,0,0,False,,False,,False,,False,,False,,False,,no Dockerfile and no fallback entry point found
https://github.com/knodle/knodle,no_dockerfile,False,0,0,0,,,0,0,0,0,0,False,,False,,False,,False,,False,,False,,no Dockerfile and no fallback entry point found
https://github.com/Hypatia-II/hackathon_energy_data_hack,no_dockerfile,False,0,0,0,,,0,0,0,0,0,False,,False,,False,,False,,False,,False,,no Dockerfile and no fallback entry point found
https://github.com/OXDBXKXO/energy-data-hack,no_dockerfile,False,0,0,0,,,0,0,0,0,0,False,,False,,False,,False,,False,,False,,no Dockerfile and no fallback entry point found
https://github.com/ckbr0/RIS,ok,False,1,0,1,src\run.py,fallback_nested,1,1,0,0,0,False,,True,src/run.py:55 sklearn.model_selection.train_test_split [matched train_test_split],False,,False,,False,,False,,"unverified: missing stages: data_acquisition, modeling, training, evaluation, inference"
https://github.com/Dr-CAT-Brain/DrCAT_servis,no_dockerfile,False,0,0,0,,,0,0,0,0,0,False,,False,,False,,False,,False,,False,,no Dockerfile and no fallback entry point found
https://github.com/cyourth-cognonic/aws-workshop,no_entry,False,0,20,0,,,0,0,0,0,0,False,,False,,False,,False,,False,,False,,Dockerfile(s) found but no Python entry point could be resolved
https://github.com/Dia-and-Bronze/strategy.gg-server,no_dockerfile,False,0,0,0,,,0,0,0,0,0,False,,False,,False,,False,,False,,False,,no Dockerfile and no fallback entry point found
https://github.com/DiegoCorrea/Exploiting-Personalized-Calibration-and-Metrics-for-Fairness-Recommendation,ok,False,1,1,1,code\main.py,fallback_nested,1,5,0,0,0,False,,True,code/main.py:51 pd.concat [matched pd.concat],False,,False,,False,,False,,"unverified: missing stages: data_acquisition, modeling, training, evaluation, inference"
https://github.com/saraghsm/sound-of-failure,no_dockerfile,False,0,0,0,,,0,0,0,0,0,False,,False,,False,,False,,False,,False,,no Dockerfile and no fallback entry point found
https://github.com/fraenkel-lab/mogp,no_dockerfile,False,0,0,0,,,0,0,0,0,0,False,,False,,False,,False,,False,,False,,no Dockerfile and no fallback entry point found
https://github.com/bahia14/Automated-Time-Series-Models-in-Python,no_dockerfile,False,0,0,0,,,0,0,0,0,0,False,,False,,False,,False,,False,,False,,no Dockerfile and no fallback entry point found
https://github.com/AmiraSamirSoliman/MicroserviceAPI,no_entry,False,0,2,0,,,0,0,0,0,0,False,,False,,False,,False,,False,,False,,Dockerfile(s) found but no Python entry point could be resolved
https://github.com/blank54/connlp,no_dockerfile,False,0,0,0,,,0,0,0,0,0,False,,False,,False,,False,,False,,False,,no Dockerfile and no fallback entry point found
https://github.com/Computational-Plant-Science/SMART,no_entry,False,0,1,0,,,0,0,0,0,0,False,,False,,False,,False,,False,,False,,Dockerfile(s) found but no Python entry point could be resolved
https://github.com/abhiktiwari/LetsUpgrade-AI-ML,no_dockerfile,False,0,0,0,,,0,0,0,0,0,False,,False,,False,,False,,False,,False,,no Dockerfile and no fallback entry point found
https://github.com/mhubl/botrecon,ok,False,1,0,1,botrecon\__main__.py,fallback_nested,7,34,2,0,0,False,,False,,False,,False,,False,,True,botrecon/predictions.py:90 model.predict_proba [matched model.predict_proba],"unverified: missing stages: data_acquisition, data_preparation, modeling, training, evaluation"
https://github.com/sophiabulcock/boardgames_dashboard,no_dockerfile,False,0,0,0,,,0,0,0,0,0,False,,False,,False,,False,,False,,False,,no Dockerfile and no fallback entry point found
https://github.com/flow2ml/Flow2ML,no_entry,False,0,1,0,,,0,0,0,0,0,False,,False,,False,,False,,False,,False,,Dockerfile(s) found but no Python entry point could be resolved
https://github.com/pennlabs/penn-courses,no_entry,False,0,7,0,,,0,0,0,0,0,False,,False,,False,,False,,False,,False,,Dockerfile(s) found but no Python entry point could be resolved
https://github.com/JeffT13/rd-diarization,no_dockerfile,False,0,0,0,,,0,0,0,0,0,False,,False,,False,,False,,False,,False,,no Dockerfile and no fallback entry point found
https://github.com/SuangLim/-Deep-Learning,ok,False,0,0,1,deeplab\train.py,fallback_nested,4,6,1,0,0,False,,False,,False,,False,,False,,False,,"unverified: missing stages: data_acquisition, data_preparation, modeling, training, evaluation, inference"
https://github.com/PhonologicalCorpusTools/CorpusTools,ok,False,1,0,1,corpustools\command_line\pct.py,fallback_console_script,74,1680,4,0,0,True,corpustools/gui/iogui.py:388 urllib.request.urlretrieve [matched urllib.request.urlretrieve],False,,False,,False,,False,,False,,"unverified: missing stages: data_preparation, modeling, training, evaluation, inference"
https://github.com/manavg/Deep-learning-v2-pytorch,no_dockerfile,False,0,0,0,,,0,0,0,0,0,False,,False,,False,,False,,False,,False,,no Dockerfile and no fallback entry point found
https://github.com/LibCity/Bigscity-LibCity-Docs-zh_CN,no_dockerfile,False,0,0,0,,,0,0,0,0,0,False,,False,,False,,False,,False,,False,,no Dockerfile and no fallback entry point found
https://github.com/grdavis/college-basketball-elo,no_dockerfile,False,0,0,0,,,0,0,0,0,0,False,,False,,False,,False,,False,,False,,no Dockerfile and no fallback entry point found
https://github.com/abhishekhm/Udacity-Deep_Learning,no_dockerfile,False,0,0,0,,,0,0,0,0,0,False,,False,,False,,False,,False,,False,,no Dockerfile and no fallback entry point found
https://github.com/GGC17/htw,no_dockerfile,False,0,0,0,,,0,0,0,0,0,False,,False,,False,,False,,False,,False,,no Dockerfile and no fallback entry point found
https://github.com/ditwoo/batteries,no_dockerfile,False,0,0,0,,,0,0,0,0,0,False,,False,,False,,False,,False,,False,,no Dockerfile and no fallback entry point found
https://github.com/tlamadon/bipartitepandas,no_dockerfile,False,0,0,0,,,0,0,0,0,0,False,,False,,False,,False,,False,,False,,no Dockerfile and no fallback entry point found
https://github.com/pro0255/NAVY,no_dockerfile,False,0,0,0,,,0,0,0,0,0,False,,False,,False,,False,,False,,False,,no Dockerfile and no fallback entry point found
https://github.com/sgol62/computer-vision-course,no_dockerfile,False,0,0,0,,,0,0,0,0,0,False,,False,,False,,False,,False,,False,,no Dockerfile and no fallback entry point found
https://github.com/jpark143-jp/jpark143-jp.github.io,no_dockerfile,False,0,0,0,,,0,0,0,0,0,False,,False,,False,,False,,False,,False,,no Dockerfile and no fallback entry point found
https://github.com/dermasugita/Viola-SV,no_entry,False,0,1,0,,,0,0,0,0,0,False,,False,,False,,False,,False,,False,,Dockerfile(s) found but no Python entry point could be resolved
https://github.com/kul-group/MAZE-sim,no_dockerfile,False,0,0,0,,,0,0,0,0,0,False,,False,,False,,False,,False,,False,,no Dockerfile and no fallback entry point found
https://github.com/Faiir/robust_active_learning,no_dockerfile,False,0,0,0,,,0,0,0,0,0,False,,False,,False,,False,,False,,False,,no Dockerfile and no fallback entry point found
https://github.com/rgmyr/coremdlr,no_dockerfile,False,0,0,0,,,0,0,0,0,0,False,,False,,False,,False,,False,,False,,no Dockerfile and no fallback entry point found
https://github.com/MalteHB/language_analytics_cds,no_dockerfile,False,0,0,0,,,0,0,0,0,0,False,,False,,False,,False,,False,,False,,no Dockerfile and no fallback entry point found
https://github.com/Dearsu520/automotive-modeling-project,no_dockerfile,False,0,0,0,,,0,0,0,0,0,False,,False,,False,,False,,False,,False,,no Dockerfile and no fallback entry point found
https://github.com/WraySmith/boardgame-explorer,no_dockerfile,False,0,0,0,,,0,0,0,0,0,False,,False,,False,,False,,False,,False,,no Dockerfile and no fallback entry point found
https://github.com/renanfmoises/consumer-behavior-analytics,no_dockerfile,False,0,0,0,,,0,0,0,0,0,False,,False,,False,,False,,False,,False,,no Dockerfile and no fallback entry point found
https://github.com/amritpurshotam/mlops-example,no_dockerfile,False,0,0,0,,,0,0,0,0,0,False,,False,,False,,False,,False,,False,,no Dockerfile and no fallback entry point found
https://github.com/dginst/crypto_correlation,no_dockerfile,False,0,0,0,,,0,0,0,0,0,False,,False,,False,,False,,False,,False,,no Dockerfile and no fallback entry point found
https://github.com/glennmacapinlac/Finalproject,no_dockerfile,False,0,0,0,,,0,0,0,0,0,False,,False,,False,,False,,False,,False,,no Dockerfile and no fallback entry point found
https://github.com/saif-gorges/Beer-Recommendation-App,no_dockerfile,False,0,0,0,,,0,0,0,0,0,False,,False,,False,,False,,False,,False,,no Dockerfile and no fallback entry point found
https://github.com/thuml/Transfer-Learning-Library,no_dockerfile,False,0,0,0,,,0,0,0,0,0,False,,False,,False,,False,,False,,False,,no Dockerfile and no fallback entry point found
https://github.com/Museum-Barberini/Barberini-Analytics,no_entry,False,0,1,0,,,0,0,0,0,0,False,,False,,False,,False,,False,,False,,Dockerfile(s) found but no Python entry point could be resolved
https://github.com/bayarpark/probconcepts,no_dockerfile,False,0,0,0,,,0,0,0,0,0,False,,False,,False,,False,,False,,False,,no Dockerfile and no fallback entry point found
https://github.com/DivyaKarade/AutoDL,no_dockerfile,False,0,0,0,,,0,0,0,0,0,False,,False,,False,,False,,False,,False,,no Dockerfile and no fallback entry point found
https://github.com/mszinte/PredictEye,no_dockerfile,False,0,0,0,,,0,0,0,0,0,False,,False,,False,,False,,False,,False,,no Dockerfile and no fallback entry point found
https://github.com/waico/tsad,no_dockerfile,False,0,0,0,,,0,0,0,0,0,False,,False,,False,,False,,False,,False,,no Dockerfile and no fallback entry point found
https://github.com/novioleo/Savior,no_entry,False,0,1,0,,,0,0,0,0,0,False,,False,,False,,False,,False,,False,,Dockerfile(s) found but no Python entry point could be resolved
https://github.com/jh-lau/solid_ai_waddle,no_dockerfile,False,0,0,0,,,0,0,0,0,0,False,,False,,False,,False,,False,,False,,no Dockerfile and no fallback entry point found
https://github.com/Regis111/cancer-poc,ok,False,0,0,1,app\app.py,fallback_nested,1,0,0,0,0,False,,False,,False,,False,,False,,False,,"unverified: missing stages: data_acquisition, data_preparation, modeling, training, evaluation, inference"
https://github.com/sarusso/Timeseria,no_entry,False,0,1,0,,,0,0,0,0,0,False,,False,,False,,False,,False,,False,,Dockerfile(s) found but no Python entry point could be resolved
https://github.com/ons-cherif/Covid19-New-Cases-Classification,no_dockerfile,False,0,0,0,,,0,0,0,0,0,False,,False,,False,,False,,False,,False,,no Dockerfile and no fallback entry point found
https://github.com/AnuragSen23/HackNITR-2.0-Data_Decoders,no_dockerfile,False,0,0,0,,,0,0,0,0,0,False,,False,,False,,False,,False,,False,,no Dockerfile and no fallback entry point found
https://github.com/zhihou7/HOI-CL,no_dockerfile,False,0,0,0,,,0,0,0,0,0,False,,False,,False,,False,,False,,False,,no Dockerfile and no fallback entry point found
https://github.com/mgudorf/orbithunter,no_dockerfile,False,0,0,0,,,0,0,0,0,0,False,,False,,False,,False,,False,,False,,no Dockerfile and no fallback entry point found
https://github.com/bradleyyam/fair-child,no_dockerfile,False,0,0,0,,,0,0,0,0,0,False,,False,,False,,False,,False,,False,,no Dockerfile and no fallback entry point found
https://github.com/novonordisk-research/ProcessOptimizer,no_dockerfile,False,0,0,0,,,0,0,0,0,0,False,,False,,False,,False,,False,,False,,no Dockerfile and no fallback entry point found
https://github.com/cwieder/metabolomics-ORA,no_dockerfile,False,0,0,0,,,0,0,0,0,0,False,,False,,False,,False,,False,,False,,no Dockerfile and no fallback entry point found
https://github.com/ta-oliver/infertrade,no_dockerfile,False,0,0,0,,,0,0,0,0,0,False,,False,,False,,False,,False,,False,,no Dockerfile and no fallback entry point found
https://github.com/ejfeldman7/pizza_vision,no_dockerfile,False,0,0,0,,,0,0,0,0,0,False,,False,,False,,False,,False,,False,,no Dockerfile and no fallback entry point found
https://github.com/iloveslowfood/KakaoBrunchRS,no_dockerfile,False,0,0,0,,,0,0,0,0,0,False,,False,,False,,False,,False,,False,,no Dockerfile and no fallback entry point found
https://github.com/bcollazo/catanatron,no_entry,False,0,3,0,,,0,0,0,0,0,False,,False,,False,,False,,False,,False,,Dockerfile(s) found but no Python entry point could be resolved
https://github.com/mysociety/notebook_helper,no_entry,False,0,1,0,,,0,0,0,0,0,False,,False,,False,,False,,False,,False,,Dockerfile(s) found but no Python entry point could be resolved
https://github.com/DeepLearnPhysics/lartpc_mlreco3d,ok,False,4,0,1,analysis\run.py,fallback_nested,51,423,7,0,0,True,analysis/run.py:40 yaml.safe_load [matched yaml.safe_load],False,,True,mlreco/models/experimental/bayes/calibration.py:0 class CalibrationNLLLoss [matched <class subclasses model base>],False,,True,analysis/manager.py:214 self.log [matched self.log],True,mlreco/trainval.py:368 model.eval [matched model.eval],"unverified: missing stages: data_preparation, training"
https://github.com/AnhMD98/PythonFlask_GoogleLogin_OAuth2,no_entry,False,0,2,0,,,0,0,0,0,0,False,,False,,False,,False,,False,,False,,Dockerfile(s) found but no Python entry point could be resolved
https://github.com/anndvision/quince,ok,False,0,0,1,quince\application\main.py,fallback_console_script,2,20,1,0,0,False,,False,,False,,False,,False,,False,,"unverified: missing stages: data_acquisition, data_preparation, modeling, training, evaluation, inference"
https://github.com/andrewcharlesjones/pcpca,no_dockerfile,False,0,0,0,,,0,0,0,0,0,False,,False,,False,,False,,False,,False,,no Dockerfile and no fallback entry point found
https://github.com/elangovana/large-scale-ptm-ppi,no_entry,False,0,1,0,,,0,0,0,0,0,False,,False,,False,,False,,False,,False,,Dockerfile(s) found but no Python entry point could be resolved
https://github.com/JZYoshi/AFDA,no_dockerfile,False,0,0,0,,,0,0,0,0,0,False,,False,,False,,False,,False,,False,,no Dockerfile and no fallback entry point found
https://github.com/npetras/cs39440_stock_prediction_sources,no_dockerfile,False,0,0,0,,,0,0,0,0,0,False,,False,,False,,False,,False,,False,,no Dockerfile and no fallback entry point found
https://github.com/zouharvi/kb-shrink,no_dockerfile,False,0,0,0,,,0,0,0,0,0,False,,False,,False,,False,,False,,False,,no Dockerfile and no fallback entry point found
https://github.com/beaversisme/docassemble,no_entry,False,0,2,0,,,0,0,0,0,0,False,,False,,False,,False,,False,,False,,Dockerfile(s) found but no Python entry point could be resolved
https://github.com/catchvivek94/Team5_CSYE7245_Spring2021,no_entry,False,0,1,0,,,0,0,0,0,0,False,,False,,False,,False,,False,,False,,Dockerfile(s) found but no Python entry point could be resolved
https://github.com/ThetaNord/Mocap-DRMM,no_dockerfile,False,0,0,0,,,0,0,0,0,0,False,,False,,False,,False,,False,,False,,no Dockerfile and no fallback entry point found
https://github.com/marian42/mesh_to_sdf,no_dockerfile,False,0,0,0,,,0,0,0,0,0,False,,False,,False,,False,,False,,False,,no Dockerfile and no fallback entry point found
https://github.com/AlexLaur/TradeHelper,no_dockerfile,False,0,0,0,,,0,0,0,0,0,False,,False,,False,,False,,False,,False,,no Dockerfile and no fallback entry point found
https://github.com/MJC598/Neuron_Burst_Analysis,no_dockerfile,False,0,0,0,,,0,0,0,0,0,False,,False,,False,,False,,False,,False,,no Dockerfile and no fallback entry point found
https://github.com/Martlgap/FaceIDLight,no_dockerfile,False,0,0,0,,,0,0,0,0,0,False,,False,,False,,False,,False,,False,,no Dockerfile and no fallback entry point found
https://github.com/Subrat123-ops/Pandas_subrat,no_dockerfile,False,0,0,0,,,0,0,0,0,0,False,,False,,False,,False,,False,,False,,no Dockerfile and no fallback entry point found
https://github.com/adlane98/SRM4BMRI,no_dockerfile,False,0,0,0,,,0,0,0,0,0,False,,False,,False,,False,,False,,False,,no Dockerfile and no fallback entry point found
https://github.com/FedericoCinus/WoMG,no_dockerfile,False,0,0,0,,,0,0,0,0,0,False,,False,,False,,False,,False,,False,,no Dockerfile and no fallback entry point found
https://github.com/BloomTech-Labs/PT17_cityspire-d-ds,ok,False,1,0,1,app\main.py,fallback_nested,2,2,1,0,0,False,,False,,False,,False,,False,,True,app/main.py:20 fastapi.FastAPI [matched FastAPI],"unverified: missing stages: data_acquisition, data_preparation, modeling, training, evaluation"
https://github.com/sujaybokil/CS6910-Assignment1,no_dockerfile,False,0,0,0,,,0,0,0,0,0,False,,False,,False,,False,,False,,False,,no Dockerfile and no fallback entry point found
https://github.com/AI-Cloud-and-Edge-Implementations/Project15-G4,ok,False,5,1,1,elephantcallscounter\__main__.py,fallback_nested,41,137,5,0,0,True,elephantcallscounter/adapters/azure_interface.py:52 azure.storage.blob.BlobClient [matched azure.storage.blob.BlobClient],False,,True,elephantcallscounter/application/persistence/models/elephants.py:0 class Elephants [matched <class subclasses model base>],True,elephantcallscounter/models/resnet_model.py:88 model.fit [matched model.fit],True,elephantcallscounter/models/resnet_model.py:104 sklearn.metrics.confusion_matrix [matched confusion_matrix],True,elephantcallscounter/app_factory.py:53 flask.Flask [matched Flask],unverified: missing stages: data_preparation
https://github.com/p-amonpitakpun/cpcu-delivery,no_entry,False,0,1,0,,,0,0,0,0,0,False,,False,,False,,False,,False,,False,,Dockerfile(s) found but no Python entry point could be resolved
https://github.com/ruancomelli/boiling-learning,ok,False,0,0,1,boiling_learning\__main__.py,fallback_nested,4,0,1,0,0,False,,False,,False,,False,,False,,False,,"unverified: missing stages: data_acquisition, data_preparation, modeling, training, evaluation, inference"
https://github.com/marygooneratne/PFHV,no_dockerfile,False,0,0,0,,,0,0,0,0,0,False,,False,,False,,False,,False,,False,,no Dockerfile and no fallback entry point found
https://github.com/DanielSims1/BioASQ-QA-System,no_dockerfile,False,0,0,0,,,0,0,0,0,0,False,,False,,False,,False,,False,,False,,no Dockerfile and no fallback entry point found
https://github.com/waico/SKAB,no_dockerfile,False,0,0,0,,,0,0,0,0,0,False,,False,,False,,False,,False,,False,,no Dockerfile and no fallback entry point found
https://github.com/ohebbi/predicting-solid-state-qubit-material-hosts,no_dockerfile,False,0,0,0,,,0,0,0,0,0,False,,False,,False,,False,,False,,False,,no Dockerfile and no fallback entry point found
https://github.com/kbaranko/peaky-finders,no_dockerfile,False,0,0,0,,,0,0,0,0,0,False,,False,,False,,False,,False,,False,,no Dockerfile and no fallback entry point found
https://github.com/miaomiaojj/django_login,no_dockerfile,False,0,0,0,,,0,0,0,0,0,False,,False,,False,,False,,False,,False,,no Dockerfile and no fallback entry point found
https://github.com/spencerahill/puffins,no_dockerfile,False,0,0,0,,,0,0,0,0,0,False,,False,,False,,False,,False,,False,,no Dockerfile and no fallback entry point found
https://github.com/SteffenTunkel/atoml_cmp,ok,False,2,6,1,atoml_cmp\__main__.py,fallback_nested,3,23,2,0,0,True,atoml_cmp/run_tool.py:211 json.load [matched json.load],False,,False,,False,,True,atoml_cmp/evaluation.py:240 sklearn.metrics.confusion_matrix [matched confusion_matrix],False,,"unverified: missing stages: data_preparation, modeling, training, inference"
https://github.com/martimunicoy/PELEAnalysis,no_dockerfile,False,0,0,0,,,0,0,0,0,0,False,,False,,False,,False,,False,,False,,no Dockerfile and no fallback entry point found
https://github.com/mnPanic/metnum-tp2,no_dockerfile,False,0,0,0,,,0,0,0,0,0,False,,False,,False,,False,,False,,False,,no Dockerfile and no fallback entry point found
https://github.com/lukapecnik/NiaClass,no_dockerfile,False,0,0,0,,,0,0,0,0,0,False,,False,,False,,False,,False,,False,,no Dockerfile and no fallback entry point found
https://github.com/joranerogier/RecSysProject,ok,False,0,0,1,src\main.py,fallback_nested,1,2,0,0,0,False,,False,,False,,False,,False,,False,,"unverified: missing stages: data_acquisition, data_preparation, modeling, training, evaluation, inference"
https://github.com/TashaShen/Azure-Samples,no_entry,False,0,3,0,,,0,0,0,0,0,False,,False,,False,,False,,False,,False,,Dockerfile(s) found but no Python entry point could be resolved
https://github.com/salazaru/Susumeru,no_dockerfile,False,0,0,0,,,0,0,0,0,0,False,,False,,False,,False,,False,,False,,no Dockerfile and no fallback entry point found
https://github.com/observethesun/helio,no_dockerfile,False,0,0,0,,,0,0,0,0,0,False,,False,,False,,False,,False,,False,,no Dockerfile and no fallback entry point found
https://github.com/le1nux/datastack,no_dockerfile,False,0,0,0,,,0,0,0,0,0,False,,False,,False,,False,,False,,False,,no Dockerfile and no fallback entry point found
https://github.com/joaofracasso/banknoteBrazil,ok,False,1,2,1,app\app.py,fallback_nested,1,1,0,0,0,False,,False,,False,,False,,False,,True,app/app.py:10 onnxruntime.InferenceSession [matched onnxruntime.InferenceSession],"unverified: missing stages: data_acquisition, data_preparation, modeling, training, evaluation"
https://github.com/katiehuang1221/HR-Analytics-Predict-Who-Will-Leave-The-Job,no_dockerfile,False,0,0,0,,,0,0,0,0,0,False,,False,,False,,False,,False,,False,,no Dockerfile and no fallback entry point found
https://github.com/gaborvecsei/Stocks-Pattern-Analyzer,no_entry,False,0,1,0,,,0,0,0,0,0,False,,False,,False,,False,,False,,False,,Dockerfile(s) found but no Python entry point could be resolved
https://github.com/sagol-python-for-neuroscientists/textbook-public,no_dockerfile,False,0,0,0,,,0,0,0,0,0,False,,False,,False,,False,,False,,False,,no Dockerfile and no fallback entry point found
https://github.com/2kunal6/MLadapters,no_dockerfile,False,0,0,0,,,0,0,0,0,0,False,,False,,False,,False,,False,,False,,no Dockerfile and no fallback entry point found
https://github.com/MicroMedIAn/MicroMind,no_dockerfile,False,0,0,0,,,0,0,0,0,0,False,,False,,False,,False,,False,,False,,no Dockerfile and no fallback entry point found
https://github.com/MonnierThomas/mnist_classification,ok,False,3,1,1,src\app.py,fallback_nested,1,9,0,0,0,True,src/app.py:111 PIL.Image.open [matched Image.open],True,src/app.py:64 sklearn.pipeline.Pipeline [matched sklearn.pipeline.Pipeline],True,src/app.py:64 sklearn.svm.SVC [matched SVC],False,,False,,False,,"unverified: missing stages: training, evaluation, inference"
https://github.com/wbsg-uni-mannheim/productCategorization,no_dockerfile,False,0,0,0,,,0,0,0,0,0,False,,False,,False,,False,,False,,False,,no Dockerfile and no fallback entry point found
https://github.com/microsoft/knowledge-extraction-recipes-forms,no_entry,False,0,5,0,,,0,0,0,0,0,False,,False,,False,,False,,False,,False,,Dockerfile(s) found but no Python entry point could be resolved
https://github.com/martinResearch/DEODR,no_dockerfile,False,0,0,0,,,0,0,0,0,0,False,,False,,False,,False,,False,,False,,no Dockerfile and no fallback entry point found
https://github.com/MutexUnlocked/boostgang,no_dockerfile,False,0,0,0,,,0,0,0,0,0,False,,False,,False,,False,,False,,False,,no Dockerfile and no fallback entry point found
https://github.com/arianne1998/1BM110,no_dockerfile,False,0,0,0,,,0,0,0,0,0,False,,False,,False,,False,,False,,False,,no Dockerfile and no fallback entry point found
https://github.com/sherbold/data-science-crashkurs,no_dockerfile,False,0,0,0,,,0,0,0,0,0,False,,False,,False,,False,,False,,False,,no Dockerfile and no fallback entry point found
https://github.com/hahnsangkim/hanbit_mlfi,no_dockerfile,False,0,0,0,,,0,0,0,0,0,False,,False,,False,,False,,False,,False,,no Dockerfile and no fallback entry point found
https://github.com/crispitagorico/sigkernel,no_dockerfile,False,0,0,0,,,0,0,0,0,0,False,,False,,False,,False,,False,,False,,no Dockerfile and no fallback entry point found
https://github.com/pomodorozhong/pythonsheet,no_dockerfile,False,0,0,0,,,0,0,0,0,0,False,,False,,False,,False,,False,,False,,no Dockerfile and no fallback entry point found
https://github.com/markolalovic/longevity-research-screening,no_dockerfile,False,0,0,0,,,0,0,0,0,0,False,,False,,False,,False,,False,,False,,no Dockerfile and no fallback entry point found
https://github.com/ashishpapanai/stockDL,ok,False,0,0,1,stockDL\__main__.py,fallback_nested,3,2,2,0,0,False,,False,,False,,False,,False,,False,,"unverified: missing stages: data_acquisition, data_preparation, modeling, training, evaluation, inference"
https://github.com/levs72/realpython_materials,no_entry,False,0,2,0,,,0,0,0,0,0,False,,False,,False,,False,,False,,False,,Dockerfile(s) found but no Python entry point could be resolved
https://github.com/bitextor/bicleaner-ai,no_dockerfile,False,0,0,0,,,0,0,0,0,0,False,,False,,False,,False,,False,,False,,no Dockerfile and no fallback entry point found
https://github.com/edin-ogtal/medborger-ml,no_dockerfile,False,0,0,0,,,0,0,0,0,0,False,,False,,False,,False,,False,,False,,no Dockerfile and no fallback entry point found
https://github.com/saisrinivas-ai/python,no_dockerfile,False,0,0,0,,,0,0,0,0,0,False,,False,,False,,False,,False,,False,,no Dockerfile and no fallback entry point found
https://github.com/codingalzi/handson-ml2,no_dockerfile,False,0,0,0,,,0,0,0,0,0,False,,False,,False,,False,,False,,False,,no Dockerfile and no fallback entry point found
https://github.com/callanhoskins/emoji-gan,no_dockerfile,False,0,0,0,,,0,0,0,0,0,False,,False,,False,,False,,False,,False,,no Dockerfile and no fallback entry point found
https://github.com/satzbeleg/bwsample,no_dockerfile,False,0,0,0,,,0,0,0,0,0,False,,False,,False,,False,,False,,False,,no Dockerfile and no fallback entry point found
https://github.com/sangeetajay/Springboard,no_dockerfile,False,0,0,0,,,0,0,0,0,0,False,,False,,False,,False,,False,,False,,no Dockerfile and no fallback entry point found
https://github.com/czubert/SERSitiVIS,no_dockerfile,False,0,0,0,,,0,0,0,0,0,False,,False,,False,,False,,False,,False,,no Dockerfile and no fallback entry point found
https://github.com/IdentiDoc/identiDoc,no_dockerfile,False,0,0,0,,,0,0,0,0,0,False,,False,,False,,False,,False,,False,,no Dockerfile and no fallback entry point found
https://github.com/JosipDzidara/Web-scraper,no_dockerfile,False,0,0,0,,,0,0,0,0,0,False,,False,,False,,False,,False,,False,,no Dockerfile and no fallback entry point found
https://github.com/thuiar/Adaptive-Decision-Boundary,no_dockerfile,False,0,0,0,,,0,0,0,0,0,False,,False,,False,,False,,False,,False,,no Dockerfile and no fallback entry point found
https://github.com/nikhil-garg/EMG_exp,no_dockerfile,False,0,0,0,,,0,0,0,0,0,False,,False,,False,,False,,False,,False,,no Dockerfile and no fallback entry point found
https://github.com/aws-samples/aws-lambda-docker-serverless-inference,no_entry,False,0,13,0,,,0,0,0,0,0,False,,False,,False,,False,,False,,False,,Dockerfile(s) found but no Python entry point could be resolved
https://github.com/Adlinalwyn/SFU_ML,ok,False,0,0,1,RPi_Script\main.py,fallback_nested,1,2,0,0,0,False,,False,,False,,False,,False,,False,,"unverified: missing stages: data_acquisition, data_preparation, modeling, training, evaluation, inference"
https://github.com/abhilashsaj/Wearable-Based-Health-Monitoring-System,no_dockerfile,False,0,0,0,,,0,0,0,0,0,False,,False,,False,,False,,False,,False,,no Dockerfile and no fallback entry point found
https://github.com/samderanova/MappingForGood,no_dockerfile,False,0,0,0,,,0,0,0,0,0,False,,False,,False,,False,,False,,False,,no Dockerfile and no fallback entry point found
https://github.com/NOEL-MNI/deepFCD,ok,False,1,2,1,app\train.py,fallback_nested,1,0,0,0,0,True,app/train.py:220 nibabel.load [matched nibabel.load],False,,False,,False,,False,,False,,"unverified: missing stages: data_preparation, modeling, training, evaluation, inference"
https://github.com/IntelligentSystemsLaboratory/Computer-Says-I-Dont-Know,no_dockerfile,False,0,0,0,,,0,0,0,0,0,False,,False,,False,,False,,False,,False,,no Dockerfile and no fallback entry point found
https://github.com/semeniuta/pdata,no_dockerfile,False,0,0,0,,,0,0,0,0,0,False,,False,,False,,False,,False,,False,,no Dockerfile and no fallback entry point found
https://github.com/tardigrade33/nxcurve,no_dockerfile,False,0,0,0,,,0,0,0,0,0,False,,False,,False,,False,,False,,False,,no Dockerfile and no fallback entry point found
https://github.com/DonatJR/ita_ws20,ok,False,1,0,1,src\main.py,fallback_nested,1,1,0,0,0,False,,True,src/main.py:47 pd.merge [matched pd.merge],False,,False,,False,,False,,"unverified: missing stages: data_acquisition, modeling, training, evaluation, inference"
https://github.com/GiannisKeramidas/deep-learning,no_dockerfile,False,0,0,0,,,0,0,0,0,0,False,,False,,False,,False,,False,,False,,no Dockerfile and no fallback entry point found
https://github.com/sunspai1/Practical-NLP,no_dockerfile,False,0,0,0,,,0,0,0,0,0,False,,False,,False,,False,,False,,False,,no Dockerfile and no fallback entry point found
https://github.com/syncdoth/Eagle-Eye-Pneumonia-Detection,no_dockerfile,False,0,0,0,,,0,0,0,0,0,False,,False,,False,,False,,False,,False,,no Dockerfile and no fallback entry point found
https://github.com/anthony-correia/HEA,no_dockerfile,False,0,0,0,,,0,0,0,0,0,False,,False,,False,,False,,False,,False,,no Dockerfile and no fallback entry point found
https://github.com/CMOONCS/Transformer,no_entry,False,0,6,0,,,0,0,0,0,0,False,,False,,False,,False,,False,,False,,Dockerfile(s) found but no Python entry point could be resolved
https://github.com/wlsong/PyLipID,no_dockerfile,False,0,0,0,,,0,0,0,0,0,False,,False,,False,,False,,False,,False,,no Dockerfile and no fallback entry point found
https://github.com/florianbeyer/maptor,no_dockerfile,False,0,0,0,,,0,0,0,0,0,False,,False,,False,,False,,False,,False,,no Dockerfile and no fallback entry point found
https://github.com/bojito/ml-album-popularity,no_dockerfile,False,0,0,0,,,0,0,0,0,0,False,,False,,False,,False,,False,,False,,no Dockerfile and no fallback entry point found
https://github.com/notallheroeswearcapes/ML_Ex3,ok,False,1,0,1,deeplearn\cli.py,fallback_console_script,2,5,1,0,0,False,,False,,True,deeplearn/cli.py:34 deeplearn.model.Model [matched Model],False,,False,,False,,"unverified: missing stages: data_acquisition, data_preparation, training, evaluation, inference"
https://github.com/UST-QuAntiL/qhana,ok,False,3,0,1,qhana\main.py,fallback_nested,38,536,8,0,0,True,qhana/backend/elementComparer.py:167 json.load [matched json.load],True,qhana/backend/dataForPlots.py:26 sklearn.decomposition.PCA [matched PCA],True,qhana/backend/clustering.py:2367 sklearn.cluster.KMeans [matched KMeans],False,,False,,False,,"unverified: missing stages: training, evaluation, inference"
https://github.com/gifford-lab/prescient,ok,False,4,0,1,prescient\__main__.py,fallback_nested,14,30,4,0,0,True,prescient/commands/process_data.py:34 pd.read_csv [matched pd.read_csv],True,prescient/commands/process_data.py:67 sklearn.preprocessing.StandardScaler [matched StandardScaler],True,prescient/train/model.py:0 class IntReLU [matched <class subclasses model base>],True,prescient/train/run.py:66 optimizer.step [matched optimizer.step],False,,False,,"unverified: missing stages: evaluation, inference"
https://github.com/burnpiro/xai-correlation,no_dockerfile,False,0,0,0,,,0,0,0,0,0,False,,False,,False,,False,,False,,False,,no Dockerfile and no fallback entry point found
https://github.com/MiltonCalamaro/Datathon-Interbank-2020,no_dockerfile,False,0,0,0,,,0,0,0,0,0,False,,False,,False,,False,,False,,False,,no Dockerfile and no fallback entry point found
https://github.com/Biomatters/Azimuth,no_dockerfile,False,0,0,0,,,0,0,0,0,0,False,,False,,False,,False,,False,,False,,no Dockerfile and no fallback entry point found
https://github.com/fredericsonergia/confomity-presence,no_entry,False,0,1,0,,,0,0,0,0,0,False,,False,,False,,False,,False,,False,,Dockerfile(s) found but no Python entry point could be resolved
https://github.com/rwiatr/aggets,ok,True,6,0,1,aggets\main.py,fallback_nested,16,191,3,0,0,True,aggets/util.py:12 pickle.load [matched pickle.load],True,aggets/ds/aggregators.py:59 np.nan_to_num [matched np.nan_to_num],True,aggets/main.py:34 nn.Sequential [matched nn.Sequential],True,aggets/train.py:41 self.optimizer.zero_grad [matched optimizer.zero_grad],True,aggets/ds/plotters.py:13 sklearn.metrics.roc_auc_score [matched roc_auc_score],True,aggets/train.py:90 torch.no_grad [matched torch.no_grad],verified: all 6 stages present
https://github.com/4theKnowledge/s-vaal,ok,False,1,0,1,src\main.py,fallback_nested,1,4,0,0,0,True,src/main.py:52 torch.utils.data.DataLoader [matched DataLoader],False,,False,,False,,False,,False,,"unverified: missing stages: data_preparation, modeling, training, evaluation, inference"
https://github.com/nosscafe66/noss,no_entry,False,0,2,0,,,0,0,0,0,0,False,,False,,False,,False,,False,,False,,Dockerfile(s) found but no Python entry point could be resolved
https://github.com/calume/agileFlex,no_dockerfile,False,0,0,0,,,0,0,0,0,0,False,,False,,False,,False,,False,,False,,no Dockerfile and no fallback entry point found
https://github.com/glangetasq/FundClustering_Fall2020,no_dockerfile,False,0,0,0,,,0,0,0,0,0,False,,False,,False,,False,,False,,False,,no Dockerfile and no fallback entry point found
https://github.com/deepeshhada/ReXPlug,no_dockerfile,False,0,0,0,,,0,0,0,0,0,False,,False,,False,,False,,False,,False,,no Dockerfile and no fallback entry point found
https://github.com/vivekmahato/mlots,no_dockerfile,False,0,0,0,,,0,0,0,0,0,False,,False,,False,,False,,False,,False,,no Dockerfile and no fallback entry point found
https://github.com/ctaela/cta_dive,no_dockerfile,False,0,0,0,,,0,0,0,0,0,False,,False,,False,,False,,False,,False,,no Dockerfile and no fallback entry point found
https://github.com/nourGhribi/nourGhribi.github.io,no_entry,False,0,4,0,,,0,0,0,0,0,False,,False,,False,,False,,False,,False,,Dockerfile(s) found but no Python entry point could be resolved
https://github.com/wkostelecki/ezplot9,no_dockerfile,False,0,0,0,,,0,0,0,0,0,False,,False,,False,,False,,False,,False,,no Dockerfile and no fallback entry point found
https://github.com/tylerjrichards/Getting-Started-with-Streamlit-for-Data-Science,no_dockerfile,False,0,0,0,,,0,0,0,0,0,False,,False,,False,,False,,False,,False,,no Dockerfile and no fallback entry point found
https://github.com/etikedi/etikedi,ok,False,2,2,1,backend\__main__.py,fallback_nested,36,111,3,0,0,True,backend/importing/cifar.py:42 pickle.load [matched pickle.load],False,,False,,False,,False,,True,backend/config/app.py:6 fastapi.FastAPI [matched FastAPI],"unverified: missing stages: data_preparation, modeling, training, evaluation"
https://github.com/gauravpks/ml-repo,no_dockerfile,False,0,0,0,,,0,0,0,0,0,False,,False,,False,,False,,False,,False,,no Dockerfile and no fallback entry point found
https://github.com/tjoignant/Wavelets,clone_failed,False,0,0,0,,,0,0,0,0,0,False,,False,,False,,False,,False,,False,,remote: Repository not found.
https://github.com/MilesCranmer/PySR,ok,False,5,2,1,pysr\__main__.py,fallback_nested,36,522,7,0,1,True,pysr/test/test_jax.py:172 np.load [matched np.load],True,pysr/sr.py:3325 pd.concat [matched pd.concat],True,pysr/sr.py:0 class PySRRegressor [matched <class subclasses model base>],True,pysr/test/test_autodiff.py:36 model.fit [matched model.fit],False,,True,pysr/test/test_main.py:470 model.predict [matched model.predict],unverified: missing stages: evaluation
https://github.com/kac123/Icon-Matching-Project,no_dockerfile,False,0,0,0,,,0,0,0,0,0,False,,False,,False,,False,,False,,False,,no Dockerfile and no fallback entry point found
https://github.com/paulodder/fact2021,ok,False,2,0,1,scripts\train.py,fallback_nested,1,7,0,0,0,False,,False,,False,,True,scripts/train.py:239 trainer.fit [matched trainer.fit],False,,True,scripts/train.py:169 torch.no_grad [matched torch.no_grad],"unverified: missing stages: data_acquisition, data_preparation, modeling, evaluation"
https://github.com/felixludos/omni-learn,no_dockerfile,False,0,0,0,,,0,0,0,0,0,False,,False,,False,,False,,False,,False,,no Dockerfile and no fallback entry point found
https://github.com/COVIDAnalytics/covid19_hypertensive_treatments,no_dockerfile,False,0,0,0,,,0,0,0,0,0,False,,False,,False,,False,,False,,False,,no Dockerfile and no fallback entry point found
https://github.com/BlueBrain/atlas-alignment,ok,False,2,0,1,atlalign\label\cli.py,fallback_console_script,9,113,3,0,0,True,atlalign/data.py:269 np.load [matched np.load],False,,False,,False,,False,,True,atlalign/visualization.py:396 model.predict [matched model.predict],"unverified: missing stages: data_preparation, modeling, training, evaluation"
https://github.com/melaniebeck/airline_delay_prediction,no_dockerfile,False,0,0,0,,,0,0,0,0,0,False,,False,,False,,False,,False,,False,,no Dockerfile and no fallback entry point found
https://github.com/HSV-AI/presentations,no_entry,False,0,2,0,,,0,0,0,0,0,False,,False,,False,,False,,False,,False,,Dockerfile(s) found but no Python entry point could be resolved
https://github.com/orestislampridis/X-SPELLS,no_dockerfile,False,0,0,0,,,0,0,0,0,0,False,,False,,False,,False,,False,,False,,no Dockerfile and no fallback entry point found
https://github.com/LAMDA-NJU/Deep-Forest,no_dockerfile,False,0,0,0,,,0,0,0,0,0,False,,False,,False,,False,,False,,False,,no Dockerfile and no fallback entry point found
https://github.com/cosmohawk/summer_project_2020,no_dockerfile,False,0,0,0,,,0,0,0,0,0,False,,False,,False,,False,,False,,False,,no Dockerfile and no fallback entry point found
https://github.com/jmscslgroup/strym,no_dockerfile,False,0,0,0,,,0,0,0,0,0,False,,False,,False,,False,,False,,False,,no Dockerfile and no fallback entry point found
https://github.com/AlexisMolinaMR/PeleAI,no_dockerfile,False,0,0,0,,,0,0,0,0,0,False,,False,,False,,False,,False,,False,,no Dockerfile and no fallback entry point found
https://github.com/pypeit/PypeIt,ok,False,1,0,1,pypeit\scripts\rectify_2dspec.py,fallback_console_script,9,68,3,0,0,True,pypeit/utils.py:1731 pickle.load [matched pickle.load],False,,False,,False,,False,,False,,"unverified: missing stages: data_preparation, modeling, training, evaluation, inference"
https://github.com/baishalidutta/Pneumonia-Detection,no_dockerfile,False,0,0,0,,,0,0,0,0,0,False,,False,,False,,False,,False,,False,,no Dockerfile and no fallback entry point found
https://github.com/lffloyd/embedded-topic-model,no_dockerfile,False,0,0,0,,,0,0,0,0,0,False,,False,,False,,False,,False,,False,,no Dockerfile and no fallback entry point found
https://github.com/radreyfus/Docassemble,no_entry,False,0,2,0,,,0,0,0,0,0,False,,False,,False,,False,,False,,False,,Dockerfile(s) found but no Python entry point could be resolved
https://github.com/WhyBeU/DPML,no_dockerfile,False,0,0,0,,,0,0,0,0,0,False,,False,,False,,False,,False,,False,,no Dockerfile and no fallback entry point found
https://github.com/o20021106/dailybrieftw,no_entry,False,0,2,0,,,0,0,0,0,0,False,,False,,False,,False,,False,,False,,Dockerfile(s) found but no Python entry point could be resolved
https://github.com/Kashan8876/Smart-Health-Consultant,no_dockerfile,False,0,0,0,,,0,0,0,0,0,False,,False,,False,,False,,False,,False,,no Dockerfile and no fallback entry point found
https://github.com/yex33/L01,no_dockerfile,False,0,0,0,,,0,0,0,0,0,False,,False,,False,,False,,False,,False,,no Dockerfile and no fallback entry point found
https://github.com/dqna64/fastbook-experimental,no_dockerfile,False,0,0,0,,,0,0,0,0,0,False,,False,,False,,False,,False,,False,,no Dockerfile and no fallback entry point found
https://github.com/celinekattenberg/semantic_similarity,no_dockerfile,False,0,0,0,,,0,0,0,0,0,False,,False,,False,,False,,False,,False,,no Dockerfile and no fallback entry point found
https://github.com/kollingdanielle/FastAI,no_dockerfile,False,0,0,0,,,0,0,0,0,0,False,,False,,False,,False,,False,,False,,no Dockerfile and no fallback entry point found
https://github.com/rishvita/Algorithmic-Digital-Marketing,no_dockerfile,False,0,0,0,,,0,0,0,0,0,False,,False,,False,,False,,False,,False,,no Dockerfile and no fallback entry point found
https://github.com/barahona-research-group/hcga,ok,True,6,0,1,hcga\app.py,fallback_nested,11,92,3,0,1,True,hcga/app.py:114 hcga.io.load_dataset [matched load_dataset],True,hcga/extraction.py:240 pd.concat [matched pd.concat],True,hcga/analysis.py:161 sklearn.ensemble.RandomForestClassifier [matched RandomForestClassifier],True,hcga/analysis.py:394 model.fit [matched model.fit],True,hcga/analysis.py:397 sklearn.metrics.accuracy_score [matched accuracy_score],True,hcga/analysis.py:397 model.predict [matched model.predict],verified: all 6 stages present
https://github.com/usc-isi-i2/kgtk-search,no_entry,False,0,1,0,,,0,0,0,0,0,False,,False,,False,,False,,False,,False,,Dockerfile(s) found but no Python entry point could be resolved
https://github.com/zellerlab/stag,ok,False,4,0,1,stag\__main__.py,fallback_nested,15,114,2,0,0,True,stag/classify_genome.py:264 h5py.File [matched h5py.File],False,,True,stag/create_db.py:132 sklearn.linear_model.LogisticRegression [matched LogisticRegression],True,stag/create_db.py:133 clf.fit [matched clf.fit],False,,True,stag/create_db.py:248 clf.predict [matched clf.predict],"unverified: missing stages: data_preparation, evaluation"
https://github.com/CAMBI-tech/BciPy,ok,True,6,0,1,bcipy\main.py,fallback_nested,62,680,6,0,2,True,bcipy/io/load.py:73 json.load [matched json.load],True,bcipy/signal/model/pca_rda_kde/pca_rda_kde.py:50 bcipy.signal.model.pipeline.Pipeline [matched Pipeline],True,bcipy/signal/model/gaussian_mixture/gaussian_mixture.py:185 sklearn.mixture.GaussianMixture [matched GaussianMixture],True,bcipy/signal/model/gaussian_mixture/gaussian_mixture.py:187 model.fit [matched model.fit],True,bcipy/signal/model/cross_validation.py:72 sklearn.metrics.roc_curve [matched roc_curve],True,bcipy/signal/model/gaussian_mixture/gaussian_mixture.py:232 self.model.predict_proba [matched model.predict_proba],verified: all 6 stages present
https://github.com/nalinda05kl/nonlinear_activations,no_dockerfile,False,0,0,0,,,0,0,0,0,0,False,,False,,False,,False,,False,,False,,no Dockerfile and no fallback entry point found
https://github.com/n1o/study_notes,no_dockerfile,False,0,0,0,,,0,0,0,0,0,False,,False,,False,,False,,False,,False,,no Dockerfile and no fallback entry point found
https://github.com/mohitnagarkotibca/Projects,no_dockerfile,False,0,0,0,,,0,0,0,0,0,False,,False,,False,,False,,False,,False,,no Dockerfile and no fallback entry point found
https://github.com/slowy07/AIProjects,no_dockerfile,False,0,0,0,,,0,0,0,0,0,False,,False,,False,,False,,False,,False,,no Dockerfile and no fallback entry point found
https://github.com/adrigrillo/IBEXPredictor,no_dockerfile,False,0,0,0,,,0,0,0,0,0,False,,False,,False,,False,,False,,False,,no Dockerfile and no fallback entry point found
https://github.com/nilesc/NYCETA,no_dockerfile,False,0,0,0,,,0,0,0,0,0,False,,False,,False,,False,,False,,False,,no Dockerfile and no fallback entry point found
https://github.com/amzn/amazon-ray,ok,False,3,11,1,rllib\train.py,fallback_nested,139,1404,9,0,4,True,rllib/train.py:150 yaml.safe_load [matched yaml.safe_load],False,,True,rllib/utils/torch_utils.py:0 class Swish [matched <class subclasses model base>],False,,False,,True,rllib/policy/torch_policy.py:282 torch.no_grad [matched torch.no_grad],"unverified: missing stages: data_preparation, training, evaluation"
https://github.com/jeffluppes/ISMI2018,no_entry,False,0,1,1,,dockerfile,0,0,0,0,0,False,,False,,False,,False,,False,,False,,no resolved entry point yielded a usable call graph
https://github.com/facebookresearch/vissl,no_entry,False,0,2,0,,,0,0,0,0,0,False,,False,,False,,False,,False,,False,,Dockerfile(s) found but no Python entry point could be resolved
https://github.com/palaciossruben/acerto,no_dockerfile,False,0,0,0,,,0,0,0,0,0,False,,False,,False,,False,,False,,False,,no Dockerfile and no fallback entry point found
https://github.com/ssz66666/ADS_SH2_Project,no_dockerfile,False,0,0,0,,,0,0,0,0,0,False,,False,,False,,False,,False,,False,,no Dockerfile and no fallback entry point found
https://github.com/junkhp/esuits_junki,no_dockerfile,False,0,0,0,,,0,0,0,0,0,False,,False,,False,,False,,False,,False,,no Dockerfile and no fallback entry point found
https://github.com/JDAI-CV/fast-reid,no_entry,False,0,5,0,,,0,0,0,0,0,False,,False,,False,,False,,False,,False,,Dockerfile(s) found but no Python entry point could be resolved
https://github.com/Hweinstock/text-analyzer,no_dockerfile,False,0,0,0,,,0,0,0,0,0,False,,False,,False,,False,,False,,False,,no Dockerfile and no fallback entry point found
https://github.com/suakow/transformers,no_entry,False,0,7,0,,,0,0,0,0,0,False,,False,,False,,False,,False,,False,,Dockerfile(s) found but no Python entry point could be resolved
https://github.com/jbekios/IDS-2020-2,no_dockerfile,False,0,0,0,,,0,0,0,0,0,False,,False,,False,,False,,False,,False,,no Dockerfile and no fallback entry point found
https://github.com/amrane99/CAI-Classification,no_dockerfile,False,0,0,0,,,0,0,0,0,0,False,,False,,False,,False,,False,,False,,no Dockerfile and no fallback entry point found
https://github.com/thunlp/KernelGAT,no_dockerfile,False,0,0,0,,,0,0,0,0,0,False,,False,,False,,False,,False,,False,,no Dockerfile and no fallback entry point found
https://github.com/neurodata/SDTF,no_dockerfile,False,0,0,0,,,0,0,0,0,0,False,,False,,False,,False,,False,,False,,no Dockerfile and no fallback entry point found
https://github.com/martin-sicho/genui,no_dockerfile,False,0,0,0,,,0,0,0,0,0,False,,False,,False,,False,,False,,False,,no Dockerfile and no fallback entry point found
https://github.com/neurodata/maggot_connectome,no_dockerfile,False,0,0,0,,,0,0,0,0,0,False,,False,,False,,False,,False,,False,,no Dockerfile and no fallback entry point found
https://github.com/etalab-ia/pseudonymisation_decisions_ce,ok,False,1,0,1,api\main.py,fallback_nested,7,19,2,0,0,False,,False,,False,,False,,False,,True,api/app.py:6 flask.Flask [matched Flask],"unverified: missing stages: data_acquisition, data_preparation, modeling, training, evaluation"
https://github.com/MindSetLib/Insolver,ok,False,0,1,1,insolver\serving\run_service.py,fallback_console_script,1,2,0,0,0,False,,False,,False,,False,,False,,False,,"unverified: missing stages: data_acquisition, data_preparation, modeling, training, evaluation, inference"
https://github.com/Yu-Group/veridical-flow,no_dockerfile,False,0,0,0,,,0,0,0,0,0,False,,False,,False,,False,,False,,False,,no Dockerfile and no fallback entry point found
https://github.com/VIDA-NYU/openclean-core,no_dockerfile,False,0,0,0,,,0,0,0,0,0,False,,False,,False,,False,,False,,False,,no Dockerfile and no fallback entry point found
https://github.com/grd349/PBjam,no_dockerfile,False,0,0,0,,,0,0,0,0,0,False,,False,,False,,False,,False,,False,,no Dockerfile and no fallback entry point found
https://github.com/zhengying-liu/automl-workflow,no_dockerfile,False,0,0,0,,,0,0,0,0,0,False,,False,,False,,False,,False,,False,,no Dockerfile and no fallback entry point found
https://github.com/maureendss/multilingual_lfe,no_dockerfile,False,0,0,0,,,0,0,0,0,0,False,,False,,False,,False,,False,,False,,no Dockerfile and no fallback entry point found
https://github.com/numthipka/Deep-Learning,ok,False,0,0,1,deeplab\train.py,fallback_nested,4,6,1,0,0,False,,False,,False,,False,,False,,False,,"unverified: missing stages: data_acquisition, data_preparation, modeling, training, evaluation, inference"
https://github.com/Kuriankkr/Ohio-State-Listings-Rent-Prediction-Model,no_entry,False,0,1,0,,,0,0,0,0,0,False,,False,,False,,False,,False,,False,,Dockerfile(s) found but no Python entry point could be resolved
https://github.com/vcutrona/nest,no_dockerfile,False,0,0,0,,,0,0,0,0,0,False,,False,,False,,False,,False,,False,,no Dockerfile and no fallback entry point found
https://github.com/NoahFinberg/insight_extractor,no_dockerfile,False,0,0,0,,,0,0,0,0,0,False,,False,,False,,False,,False,,False,,no Dockerfile and no fallback entry point found
https://github.com/MouadBH/arabic-offensive-language-detection,no_dockerfile,False,0,0,0,,,0,0,0,0,0,False,,False,,False,,False,,False,,False,,no Dockerfile and no fallback entry point found
https://github.com/jigawhat/caveart,no_dockerfile,False,0,0,0,,,0,0,0,0,0,False,,False,,False,,False,,False,,False,,no Dockerfile and no fallback entry point found
https://github.com/VictorZXY/meowjong,no_dockerfile,False,0,0,0,,,0,0,0,0,0,False,,False,,False,,False,,False,,False,,no Dockerfile and no fallback entry point found
https://github.com/Dadajon/dl-with-big-data,no_entry,False,0,2,0,,,0,0,0,0,0,False,,False,,False,,False,,False,,False,,Dockerfile(s) found but no Python entry point could be resolved
https://github.com/Adamantios/Clustering,no_dockerfile,False,0,0,0,,,0,0,0,0,0,False,,False,,False,,False,,False,,False,,no Dockerfile and no fallback entry point found
https://github.com/gladcolor/StreetView,no_dockerfile,False,0,0,0,,,0,0,0,0,0,False,,False,,False,,False,,False,,False,,no Dockerfile and no fallback entry point found
https://github.com/Aravindpunugoti/Pandas-from-codebasics,no_dockerfile,False,0,0,0,,,0,0,0,0,0,False,,False,,False,,False,,False,,False,,no Dockerfile and no fallback entry point found
https://github.com/zurkin1/Pathweigh,no_dockerfile,False,0,0,0,,,0,0,0,0,0,False,,False,,False,,False,,False,,False,,no Dockerfile and no fallback entry point found
https://github.com/skywalker0803r/c620,no_dockerfile,False,0,0,0,,,0,0,0,0,0,False,,False,,False,,False,,False,,False,,no Dockerfile and no fallback entry point found
https://github.com/loft-br/xgboost-survival-embeddings,no_dockerfile,False,0,0,0,,,0,0,0,0,0,False,,False,,False,,False,,False,,False,,no Dockerfile and no fallback entry point found
https://github.com/PhillHenry/ueba,no_dockerfile,False,0,0,0,,,0,0,0,0,0,False,,False,,False,,False,,False,,False,,no Dockerfile and no fallback entry point found
https://github.com/DoubleML/doubleml-serverless,no_dockerfile,False,0,0,0,,,0,0,0,0,0,False,,False,,False,,False,,False,,False,,no Dockerfile and no fallback entry point found
https://github.com/StanfordBioinformatics/Hummingbird,ok,False,4,1,1,Hummingbird\hummingbird.py,fallback_console_script,8,92,3,0,0,True,Hummingbird/hummingbird.py:33 json.load [matched json.load],False,,True,Hummingbird/hummingbird_utils.py:108 sklearn.linear_model.LinearRegression [matched LinearRegression],True,Hummingbird/hummingbird_utils.py:109 regr.fit [matched regr.fit],False,,True,Hummingbird/hummingbird_utils.py:112 regr.predict [matched regr.predict],"unverified: missing stages: data_preparation, evaluation"
https://github.com/cirbuk/smartmails,no_entry,False,0,1,0,,,0,0,0,0,0,False,,False,,False,,False,,False,,False,,Dockerfile(s) found but no Python entry point could be resolved
https://github.com/rtmcardle/McArdlePortfolio,no_dockerfile,False,0,0,0,,,0,0,0,0,0,False,,False,,False,,False,,False,,False,,no Dockerfile and no fallback entry point found
https://github.com/neurospin/pymultifracs,no_dockerfile,False,0,0,0,,,0,0,0,0,0,False,,False,,False,,False,,False,,False,,no Dockerfile and no fallback entry point found
https://github.com/jzsmoreno/Workflow,no_dockerfile,False,0,0,0,,,0,0,0,0,0,False,,False,,False,,False,,False,,False,,no Dockerfile and no fallback entry point found
https://github.com/mithunnj/Capstone-Feature-LSTM,no_dockerfile,False,0,0,0,,,0,0,0,0,0,False,,False,,False,,False,,False,,False,,no Dockerfile and no fallback entry point found
https://github.com/0x6f736f646f/variational-quantum-classifier-on-heartattack,no_dockerfile,False,0,0,0,,,0,0,0,0,0,False,,False,,False,,False,,False,,False,,no Dockerfile and no fallback entry point found
https://github.com/sanjay-rendu/MLPolicyLab_Project,no_dockerfile,False,0,0,0,,,0,0,0,0,0,False,,False,,False,,False,,False,,False,,no Dockerfile and no fallback entry point found
https://github.com/mbirkholzupc/mai_ci_ddmr,no_dockerfile,False,0,0,0,,,0,0,0,0,0,False,,False,,False,,False,,False,,False,,no Dockerfile and no fallback entry point found
https://github.com/lesteve/scikit-learn-tutorial,no_dockerfile,False,0,0,0,,,0,0,0,0,0,False,,False,,False,,False,,False,,False,,no Dockerfile and no fallback entry point found
https://github.com/CoGian/keyword-extraction-with-greekBERT,no_dockerfile,False,0,0,0,,,0,0,0,0,0,False,,False,,False,,False,,False,,False,,no Dockerfile and no fallback entry point found
https://github.com/materialsvirtuallab/mlearn,no_dockerfile,False,0,0,0,,,0,0,0,0,0,False,,False,,False,,False,,False,,False,,no Dockerfile and no fallback entry point found
https://github.com/jingquan-wang/mrp7pred,ok,True,6,0,1,mrp7pred\train.py,fallback_nested,13,67,5,0,0,True,mrp7pred/preprocess.py:49 pd.read_csv [matched pd.read_csv],True,mrp7pred/train.py:54 sklearn.pipeline.Pipeline [matched sklearn.pipeline.Pipeline],True,mrp7pred/grid.py:14 sklearn.ensemble.RandomForestClassifier [matched RandomForestClassifier],True,mrp7pred/train.py:62 sklearn.model_selection.GridSearchCV [matched GridSearchCV],True,mrp7pred/utils.py:131 sklearn.metrics.average_precision_score [matched average_precision_score],True,mrp7pred/utils.py:271 self.estimator.predict [matched estimator.predict],verified: all 6 stages present
https://github.com/sowantharajan/pythonCode,no_dockerfile,False,0,0,0,,,0,0,0,0,0,False,,False,,False,,False,,False,,False,,no Dockerfile and no fallback entry point found
https://github.com/zuhairah87/fastai-book,no_dockerfile,False,0,0,0,,,0,0,0,0,0,False,,False,,False,,False,,False,,False,,no Dockerfile and no fallback entry point found
https://github.com/khaledsabry97/Argus,ok,False,3,0,1,Car_Detection_TF\train.py,fallback_nested,3,26,1,0,0,True,Car_Detection_TF/yolo3/utils.py:39 PIL.Image.open [matched Image.open],False,,True,Car_Detection_TF/train.py:109 keras.layers.Input [matched keras.layers.*],True,Car_Detection_TF/train.py:59 model.fit_generator [matched model.fit_generator],False,,False,,"unverified: missing stages: data_preparation, evaluation, inference"
https://github.com/siddheshm14/Data-Analysis-Project,no_dockerfile,False,0,0,0,,,0,0,0,0,0,False,,False,,False,,False,,False,,False,,no Dockerfile and no fallback entry point found
https://github.com/PabloAsensio/MUVA-biometria,no_dockerfile,False,0,0,0,,,0,0,0,0,0,False,,False,,False,,False,,False,,False,,no Dockerfile and no fallback entry point found
https://github.com/MrParosk/pyDenStream,no_dockerfile,False,0,0,0,,,0,0,0,0,0,False,,False,,False,,False,,False,,False,,no Dockerfile and no fallback entry point found
https://github.com/bmensah/springboard,no_dockerfile,False,0,0,0,,,0,0,0,0,0,False,,False,,False,,False,,False,,False,,no Dockerfile and no fallback entry point found
https://github.com/openKG-field/kgbook-2020,no_dockerfile,False,0,0,0,,,0,0,0,0,0,False,,False,,False,,False,,False,,False,,no Dockerfile and no fallback entry point found
https://github.com/BaptisteHurel/Python,no_entry,False,0,16,0,,,0,0,0,0,0,False,,False,,False,,False,,False,,False,,Dockerfile(s) found but no Python entry point could be resolved
https://github.com/MarkusKiesel93/reproducibility_multi-emotion_detection,no_entry,False,0,1,0,,,0,0,0,0,0,False,,False,,False,,False,,False,,False,,Dockerfile(s) found but no Python entry point could be resolved
https://github.com/Guiliang/statistical-DRL-interpreter,no_dockerfile,False,0,0,0,,,0,0,0,0,0,False,,False,,False,,False,,False,,False,,no Dockerfile and no fallback entry point found
https://github.com/srom/nbias,no_dockerfile,False,0,0,0,,,0,0,0,0,0,False,,False,,False,,False,,False,,False,,no Dockerfile and no fallback entry point found
https://github.com/jingwen-z/python-playground,no_dockerfile,False,0,0,0,,,0,0,0,0,0,False,,False,,False,,False,,False,,False,,no Dockerfile and no fallback entry point found
https://github.com/chatopera/Synonyms,no_dockerfile,False,0,0,0,,,0,0,0,0,0,False,,False,,False,,False,,False,,False,,no Dockerfile and no fallback entry point found
https://github.com/robbdunlap/covid_app,no_dockerfile,False,0,0,0,,,0,0,0,0,0,False,,False,,False,,False,,False,,False,,no Dockerfile and no fallback entry point found
https://github.com/Tinbeh97/MovieGenre,no_dockerfile,False,0,0,0,,,0,0,0,0,0,False,,False,,False,,False,,False,,False,,no Dockerfile and no fallback entry point found
https://github.com/jroakes/ForecastGA,no_dockerfile,False,0,0,0,,,0,0,0,0,0,False,,False,,False,,False,,False,,False,,no Dockerfile and no fallback entry point found
https://github.com/NiklasHoltmeyer/sentiment-analysis,no_dockerfile,False,0,0,0,,,0,0,0,0,0,False,,False,,False,,False,,False,,False,,no Dockerfile and no fallback entry point found
https://github.com/jonjacobs24/wnv-prediction,no_entry,False,0,1,0,,,0,0,0,0,0,False,,False,,False,,False,,False,,False,,Dockerfile(s) found but no Python entry point could be resolved
https://github.com/google-research/ruse,no_dockerfile,False,0,0,0,,,0,0,0,0,0,False,,False,,False,,False,,False,,False,,no Dockerfile and no fallback entry point found
https://github.com/pzivich/zEpid,no_dockerfile,False,0,0,0,,,0,0,0,0,0,False,,False,,False,,False,,False,,False,,no Dockerfile and no fallback entry point found
https://github.com/YevgenyW/ML-UCU-2019,no_dockerfile,False,0,0,0,,,0,0,0,0,0,False,,False,,False,,False,,False,,False,,no Dockerfile and no fallback entry point found
https://github.com/mingjunwang88/ray_anyscale,no_dockerfile,False,0,0,0,,,0,0,0,0,0,False,,False,,False,,False,,False,,False,,no Dockerfile and no fallback entry point found
https://github.com/yifeiacc/ogbExperiment,no_dockerfile,False,0,0,0,,,0,0,0,0,0,False,,False,,False,,False,,False,,False,,no Dockerfile and no fallback entry point found
https://github.com/gpalmz/tetris,ok,False,0,0,1,src\main.py,fallback_nested,1,1,0,0,0,False,,False,,False,,False,,False,,False,,"unverified: missing stages: data_acquisition, data_preparation, modeling, training, evaluation, inference"
https://github.com/Palaniyappan-S/LetsUpgrade-AI-ML,no_dockerfile,False,0,0,0,,,0,0,0,0,0,False,,False,,False,,False,,False,,False,,no Dockerfile and no fallback entry point found
https://github.com/Guli-Y/NYCtaxifarePredictor,no_dockerfile,False,0,0,0,,,0,0,0,0,0,False,,False,,False,,False,,False,,False,,no Dockerfile and no fallback entry point found
https://github.com/xuanloct4/xtreme-vision,no_dockerfile,False,0,0,0,,,0,0,0,0,0,False,,False,,False,,False,,False,,False,,no Dockerfile and no fallback entry point found
https://github.com/Ericjung008/Twitter-Sentiment-Analysis,no_dockerfile,False,0,0,0,,,0,0,0,0,0,False,,False,,False,,False,,False,,False,,no Dockerfile and no fallback entry point found
https://github.com/mEyob/used-car-analytics,no_dockerfile,False,0,0,0,,,0,0,0,0,0,False,,False,,False,,False,,False,,False,,no Dockerfile and no fallback entry point found
https://github.com/LibCity/Bigscity-LibCity-Docs,no_dockerfile,False,0,0,0,,,0,0,0,0,0,False,,False,,False,,False,,False,,False,,no Dockerfile and no fallback entry point found
https://github.com/isl-org/Open3D-ML,no_dockerfile,False,0,0,0,,,0,0,0,0,0,False,,False,,False,,False,,False,,False,,no Dockerfile and no fallback entry point found
https://github.com/greenlytics/mqe-forecast,no_dockerfile,False,0,0,0,,,0,0,0,0,0,False,,False,,False,,False,,False,,False,,no Dockerfile and no fallback entry point found
https://github.com/feifang24/mtl-epistemic-uncertainty,no_dockerfile,False,0,0,0,,,0,0,0,0,0,False,,False,,False,,False,,False,,False,,no Dockerfile and no fallback entry point found
https://github.com/sdorkenw/MeshParty,no_dockerfile,False,0,0,0,,,0,0,0,0,0,False,,False,,False,,False,,False,,False,,no Dockerfile and no fallback entry point found
https://github.com/andrewtavis/causeinfer,no_dockerfile,False,0,0,0,,,0,0,0,0,0,False,,False,,False,,False,,False,,False,,no Dockerfile and no fallback entry point found
https://github.com/MichaelOw/five-minute-midas,no_dockerfile,False,0,0,0,,,0,0,0,0,0,False,,False,,False,,False,,False,,False,,no Dockerfile and no fallback entry point found
https://github.com/khanamsk/Deep-Learning-dengan-Keras,no_dockerfile,False,0,0,0,,,0,0,0,0,0,False,,False,,False,,False,,False,,False,,no Dockerfile and no fallback entry point found
https://github.com/vermouth1992/mbrl-hvac,no_dockerfile,False,0,0,0,,,0,0,0,0,0,False,,False,,False,,False,,False,,False,,no Dockerfile and no fallback entry point found
https://github.com/yannvon/road-segmentation,ok,False,0,0,1,src\run.py,fallback_nested,1,0,0,0,0,False,,False,,False,,False,,False,,False,,"unverified: missing stages: data_acquisition, data_preparation, modeling, training, evaluation, inference"
https://github.com/rxng8/Virtual-Tryon-Project,no_dockerfile,False,0,0,0,,,0,0,0,0,0,False,,False,,False,,False,,False,,False,,no Dockerfile and no fallback entry point found
https://github.com/brandongk-ubco/segmenter,ok,False,5,1,1,segmenter\train.py,fallback_nested,43,131,4,0,0,True,segmenter/train.py:48 json.load [matched json.load],True,segmenter/augmentations/predict_augments.py:5 A.Compose [matched A.Compose],True,segmenter/train.py:101 tf.keras.layers.Input [matched tf.keras.layers.*],True,segmenter/train.py:153 model.fit [matched model.fit],True,segmenter/metrics/__init__.py:17 segmentation_models.metrics.Precision [matched Precision],False,,unverified: missing stages: inference
https://github.com/newsviz/newsviz,no_entry,False,0,1,0,,,0,0,0,0,0,False,,False,,False,,False,,False,,False,,Dockerfile(s) found but no Python entry point could be resolved
https://github.com/MaxDam/deep-learning-experiments,no_dockerfile,False,0,0,0,,,0,0,0,0,0,False,,False,,False,,False,,False,,False,,no Dockerfile and no fallback entry point found
https://github.com/KUAN-HSUN-LI/SDML,no_dockerfile,False,0,0,0,,,0,0,0,0,0,False,,False,,False,,False,,False,,False,,no Dockerfile and no fallback entry point found
https://github.com/NeuronQ/udacity-capstone,no_dockerfile,False,0,0,0,,,0,0,0,0,0,False,,False,,False,,False,,False,,False,,no Dockerfile and no fallback entry point found
https://github.com/ebrunet28/smp,ok,False,2,0,1,app\main.py,fallback_nested,1,1,0,0,0,False,,False,,True,app/main.py:12 smp.models.model.Model [matched Model],False,,False,,True,app/main.py:8 flask.Flask [matched Flask],"unverified: missing stages: data_acquisition, data_preparation, training, evaluation"
https://github.com/OSLL/sirius-cv,ok,False,1,0,1,Bardin_Petr\main.py,fallback_nested,1,1,0,0,0,True,Bardin_Petr/main.py:26 cv2.VideoCapture [matched cv2.VideoCapture],False,,False,,False,,False,,False,,"unverified: missing stages: data_preparation, modeling, training, evaluation, inference"
https://github.com/vqdang/hover_net,no_dockerfile,False,0,0,0,,,0,0,0,0,0,False,,False,,False,,False,,False,,False,,no Dockerfile and no fallback entry point found
https://github.com/wkirui/ML-Model,no_entry,False,0,1,0,,,0,0,0,0,0,False,,False,,False,,False,,False,,False,,Dockerfile(s) found but no Python entry point could be resolved
https://github.com/engeir/FPP-project,no_dockerfile,False,0,0,0,,,0,0,0,0,0,False,,False,,False,,False,,False,,False,,no Dockerfile and no fallback entry point found
https://github.com/asfadmin/Discovery-WKTUtils,no_dockerfile,False,0,0,0,,,0,0,0,0,0,False,,False,,False,,False,,False,,False,,no Dockerfile and no fallback entry point found
https://github.com/paultro708/DataReduction,no_dockerfile,False,0,0,0,,,0,0,0,0,0,False,,False,,False,,False,,False,,False,,no Dockerfile and no fallback entry point found
https://github.com/iory/scikit-robot,ok,False,0,0,1,skrobot\apps\cli.py,fallback_console_script,1,3,0,0,2,False,,False,,False,,False,,False,,False,,"unverified: missing stages: data_acquisition, data_preparation, modeling, training, evaluation, inference"
https://github.com/ramp-kits/stroke_lesions,no_dockerfile,False,0,0,0,,,0,0,0,0,0,False,,False,,False,,False,,False,,False,,no Dockerfile and no fallback entry point found
https://github.com/ubco-mds-2020-labs/data-533-lab-4-mqharris,no_dockerfile,False,0,0,0,,,0,0,0,0,0,False,,False,,False,,False,,False,,False,,no Dockerfile and no fallback entry point found
https://github.com/jirvingphd/online-dtsc-pt-041320-cohort-notes,no_dockerfile,False,0,0,0,,,0,0,0,0,0,False,,False,,False,,False,,False,,False,,no Dockerfile and no fallback entry point found
https://github.com/Russell-Newton/StatiCat,no_dockerfile,False,0,0,0,,,0,0,0,0,0,False,,False,,False,,False,,False,,False,,no Dockerfile and no fallback entry point found
https://github.com/pajav7/cross-sell-app,no_dockerfile,False,0,0,0,,,0,0,0,0,0,False,,False,,False,,False,,False,,False,,no Dockerfile and no fallback entry point found
https://github.com/UN-OCHA/rwint-deprecated-reliefweb-tag-assistant,no_dockerfile,False,0,0,0,,,0,0,0,0,0,False,,False,,False,,False,,False,,False,,no Dockerfile and no fallback entry point found
https://github.com/gwatkinson/projet-python-twitter,no_dockerfile,False,0,0,0,,,0,0,0,0,0,False,,False,,False,,False,,False,,False,,no Dockerfile and no fallback entry point found
https://github.com/matthewbburrell/nlp_of_social_media_post_mlb,no_dockerfile,False,0,0,0,,,0,0,0,0,0,False,,False,,False,,False,,False,,False,,no Dockerfile and no fallback entry point found
https://github.com/DistilledData/LearningToDS,no_dockerfile,False,0,0,0,,,0,0,0,0,0,False,,False,,False,,False,,False,,False,,no Dockerfile and no fallback entry point found
https://github.com/jpcano1/python_utils,no_dockerfile,False,0,0,0,,,0,0,0,0,0,False,,False,,False,,False,,False,,False,,no Dockerfile and no fallback entry point found
https://github.com/mtyszler/LivingIncomeModel,ok,False,3,0,1,app\run.py,fallback_nested,1,8,0,0,0,False,,True,app/run.py:42 sklearn.model_selection.train_test_split [matched train_test_split],False,,False,,True,app/run.py:275 sklearn.metrics.accuracy_score [matched accuracy_score],True,app/run.py:21 flask.Flask [matched Flask],"unverified: missing stages: data_acquisition, modeling, training"
https://github.com/MartinKlapacz/multifidelity-datafusion-GPs,no_dockerfile,False,0,0,0,,,0,0,0,0,0,False,,False,,False,,False,,False,,False,,no Dockerfile and no fallback entry point found
https://github.com/ain-soph/trojanzoo,no_entry,False,0,2,0,,,0,0,0,0,0,False,,False,,False,,False,,False,,False,,Dockerfile(s) found but no Python entry point could be resolved
https://github.com/NelsonIg/EMNIST--Classification,no_dockerfile,False,0,0,0,,,0,0,0,0,0,False,,False,,False,,False,,False,,False,,no Dockerfile and no fallback entry point found
https://github.com/yashtamakuwala/COMP9321-Assignment-2,no_dockerfile,False,0,0,0,,,0,0,0,0,0,False,,False,,False,,False,,False,,False,,no Dockerfile and no fallback entry point found
https://github.com/zonradkuse/city-tour-recsys,no_dockerfile,False,0,0,0,,,0,0,0,0,0,False,,False,,False,,False,,False,,False,,no Dockerfile and no fallback entry point found
https://github.com/dieterich-lab/clinical_deid,no_dockerfile,False,0,0,0,,,0,0,0,0,0,False,,False,,False,,False,,False,,False,,no Dockerfile and no fallback entry point found
https://github.com/jmsckv/EncDecMeta,no_entry,False,0,1,0,,,0,0,0,0,0,False,,False,,False,,False,,False,,False,,Dockerfile(s) found but no Python entry point could be resolved
https://github.com/ar-ambuj23/covid19_pocus_ultrasound_pytorch,no_dockerfile,False,0,0,0,,,0,0,0,0,0,False,,False,,False,,False,,False,,False,,no Dockerfile and no fallback entry point found
https://github.com/Spider-Babies-Round-2/spider-babies-round-2,no_dockerfile,False,0,0,0,,,0,0,0,0,0,False,,False,,False,,False,,False,,False,,no Dockerfile and no fallback entry point found
https://github.com/usef-kh/EC-523-Deep-Learning-Project,no_dockerfile,False,0,0,0,,,0,0,0,0,0,False,,False,,False,,False,,False,,False,,no Dockerfile and no fallback entry point found
https://github.com/liuyibin-git/insightface,no_dockerfile,False,0,0,0,,,0,0,0,0,0,False,,False,,False,,False,,False,,False,,no Dockerfile and no fallback entry point found
https://github.com/tyiannak/amvoc,ok,False,3,0,1,src\main.py,fallback_nested,1,20,0,0,0,True,src/main.py:539 np.load [matched np.load],False,,True,src/main.py:725 sklearn.svm.SVC [matched SVC],True,src/main.py:740 clf.fit [matched clf.fit],False,,False,,"unverified: missing stages: data_preparation, evaluation, inference"
https://github.com/RH5648/yelpify,no_dockerfile,False,0,0,0,,,0,0,0,0,0,False,,False,,False,,False,,False,,False,,no Dockerfile and no fallback entry point found
https://github.com/shalin4788/Springboard-Do-not-refer-,no_dockerfile,False,0,0,0,,,0,0,0,0,0,False,,False,,False,,False,,False,,False,,no Dockerfile and no fallback entry point found
https://github.com/stanleykywu/Predicting-Stocks,no_dockerfile,False,0,0,0,,,0,0,0,0,0,False,,False,,False,,False,,False,,False,,no Dockerfile and no fallback entry point found
https://github.com/YingfanWang/PaCMAP,no_dockerfile,False,0,0,0,,,0,0,0,0,0,False,,False,,False,,False,,False,,False,,no Dockerfile and no fallback entry point found
https://github.com/ethanweber/SGD-Loss-Landscape,no_dockerfile,False,0,0,0,,,0,0,0,0,0,False,,False,,False,,False,,False,,False,,no Dockerfile and no fallback entry point found
https://github.com/rwbfd/OpenCompetitionV2,no_dockerfile,False,0,0,0,,,0,0,0,0,0,False,,False,,False,,False,,False,,False,,no Dockerfile and no fallback entry point found
https://github.com/zapatos24/senator_nlp_vote_prediction,no_entry,False,0,2,0,,,0,0,0,0,0,False,,False,,False,,False,,False,,False,,Dockerfile(s) found but no Python entry point could be resolved
https://github.com/BloomTech-Labs/LabsPT13-Resfeber-B-DS,no_entry,False,0,1,0,,,0,0,0,0,0,False,,False,,False,,False,,False,,False,,Dockerfile(s) found but no Python entry point could be resolved
https://github.com/Prider/music-api,no_dockerfile,False,0,0,0,,,0,0,0,0,0,False,,False,,False,,False,,False,,False,,no Dockerfile and no fallback entry point found
https://github.com/apoorvumang/CronKGQA,no_dockerfile,False,0,0,0,,,0,0,0,0,0,False,,False,,False,,False,,False,,False,,no Dockerfile and no fallback entry point found
https://github.com/biolab/text-semantics,no_dockerfile,False,0,0,0,,,0,0,0,0,0,False,,False,,False,,False,,False,,False,,no Dockerfile and no fallback entry point found
https://github.com/redhairedcelt/Final-Project-Group1,no_dockerfile,False,0,0,0,,,0,0,0,0,0,False,,False,,False,,False,,False,,False,,no Dockerfile and no fallback entry point found
https://github.com/mtinti/TbGPI3,no_dockerfile,False,0,0,0,,,0,0,0,0,0,False,,False,,False,,False,,False,,False,,no Dockerfile and no fallback entry point found
https://github.com/avamys/CapacityBasedLearning,no_dockerfile,False,0,0,0,,,0,0,0,0,0,False,,False,,False,,False,,False,,False,,no Dockerfile and no fallback entry point found
https://github.com/TheoPaillusson/car_crash,no_dockerfile,False,0,0,0,,,0,0,0,0,0,False,,False,,False,,False,,False,,False,,no Dockerfile and no fallback entry point found
https://github.com/lixinze777/servicemarq2.0,no_entry,False,0,1,0,,,0,0,0,0,0,False,,False,,False,,False,,False,,False,,Dockerfile(s) found but no Python entry point could be resolved
https://github.com/sunlightlabs/fcc-net-neutrality-comments,no_dockerfile,False,0,0,0,,,0,0,0,0,0,False,,False,,False,,False,,False,,False,,no Dockerfile and no fallback entry point found
https://github.com/ec500-software-engineering/project-10-health-application,no_dockerfile,False,0,0,0,,,0,0,0,0,0,False,,False,,False,,False,,False,,False,,no Dockerfile and no fallback entry point found
https://github.com/AmishWarlord/MachineLearning,clone_failed,False,0,0,0,,,0,0,0,0,0,False,,False,,False,,False,,False,,False,,remote: Repository not found.
https://github.com/Didayolo/ranky,no_dockerfile,False,0,0,0,,,0,0,0,0,0,False,,False,,False,,False,,False,,False,,no Dockerfile and no fallback entry point found
https://github.com/zorawatters/deepstock-reupload,no_entry,False,0,3,0,,,0,0,0,0,0,False,,False,,False,,False,,False,,False,,Dockerfile(s) found but no Python entry point could be resolved
https://github.com/kruegener/Alexa_Server,no_dockerfile,False,0,0,0,,,0,0,0,0,0,False,,False,,False,,False,,False,,False,,no Dockerfile and no fallback entry point found
https://github.com/Lansov/TrackEverything,no_entry,False,0,1,0,,,0,0,0,0,0,False,,False,,False,,False,,False,,False,,Dockerfile(s) found but no Python entry point could be resolved
https://github.com/judymao/capstone,no_dockerfile,False,0,0,0,,,0,0,0,0,0,False,,False,,False,,False,,False,,False,,no Dockerfile and no fallback entry point found
https://github.com/mkutu/Nilgai,no_dockerfile,False,0,0,0,,,0,0,0,0,0,False,,False,,False,,False,,False,,False,,no Dockerfile and no fallback entry point found
https://github.com/Decathlon/decavision,no_dockerfile,False,0,0,0,,,0,0,0,0,0,False,,False,,False,,False,,False,,False,,no Dockerfile and no fallback entry point found
https://github.com/vb690/bazaar,no_dockerfile,False,0,0,0,,,0,0,0,0,0,False,,False,,False,,False,,False,,False,,no Dockerfile and no fallback entry point found
https://github.com/acamit/DataScience,no_entry,False,0,1,0,,,0,0,0,0,0,False,,False,,False,,False,,False,,False,,Dockerfile(s) found but no Python entry point could be resolved
https://github.com/aalok-sathe/wfc-transformers,no_entry,False,0,7,0,,,0,0,0,0,0,False,,False,,False,,False,,False,,False,,Dockerfile(s) found but no Python entry point could be resolved
https://github.com/shubhang8/DeepSSL,no_dockerfile,False,0,0,0,,,0,0,0,0,0,False,,False,,False,,False,,False,,False,,no Dockerfile and no fallback entry point found
https://github.com/pyensemble/wildwood,no_dockerfile,False,0,0,0,,,0,0,0,0,0,False,,False,,False,,False,,False,,False,,no Dockerfile and no fallback entry point found
https://github.com/stlk/socialist,no_dockerfile,False,0,0,0,,,0,0,0,0,0,False,,False,,False,,False,,False,,False,,no Dockerfile and no fallback entry point found
https://github.com/devintark/qmapper_twitter,no_dockerfile,False,0,0,0,,,0,0,0,0,0,False,,False,,False,,False,,False,,False,,no Dockerfile and no fallback entry point found
https://github.com/vitalab/neuralteleportation,no_dockerfile,False,0,0,0,,,0,0,0,0,0,False,,False,,False,,False,,False,,False,,no Dockerfile and no fallback entry point found
https://github.com/yeodongbin/PythonLecture,no_dockerfile,False,0,0,0,,,0,0,0,0,0,False,,False,,False,,False,,False,,False,,no Dockerfile and no fallback entry point found
https://github.com/grahamgower/genomatnn,ok,False,0,0,1,genomatnn\__main__.py,fallback_nested,2,0,1,0,0,False,,False,,False,,False,,False,,False,,"unverified: missing stages: data_acquisition, data_preparation, modeling, training, evaluation, inference"
https://github.com/contatc2/green_mood_tracker,no_dockerfile,False,0,0,0,,,0,0,0,0,0,False,,False,,False,,False,,False,,False,,no Dockerfile and no fallback entry point found
https://github.com/juanchimdo/splocked,no_dockerfile,False,0,0,0,,,0,0,0,0,0,False,,False,,False,,False,,False,,False,,no Dockerfile and no fallback entry point found
https://github.com/AhmadzadehSanaz/Studio-Lab-Healthcare-Ellinger,no_dockerfile,False,0,0,0,,,0,0,0,0,0,False,,False,,False,,False,,False,,False,,no Dockerfile and no fallback entry point found
https://github.com/DaniyalWaheed/FYP_Backend,no_dockerfile,False,0,0,0,,,0,0,0,0,0,False,,False,,False,,False,,False,,False,,no Dockerfile and no fallback entry point found
https://github.com/acabreragnz/aa-18,no_dockerfile,False,0,0,0,,,0,0,0,0,0,False,,False,,False,,False,,False,,False,,no Dockerfile and no fallback entry point found
https://github.com/jelneo/Data-Preprocessing-Helper,no_dockerfile,False,0,0,0,,,0,0,0,0,0,False,,False,,False,,False,,False,,False,,no Dockerfile and no fallback entry point found
https://github.com/ogrisel/scikit-learn-github-actions,no_dockerfile,False,0,0,0,,,0,0,0,0,0,False,,False,,False,,False,,False,,False,,no Dockerfile and no fallback entry point found
https://github.com/psnehas/Stock-Prediction-using-Neural-Networks,ok,False,1,0,1,src\app.py,fallback_nested,1,3,0,0,0,False,,False,,False,,False,,False,,True,src/app.py:17 flask.Flask [matched Flask],"unverified: missing stages: data_acquisition, data_preparation, modeling, training, evaluation"
https://github.com/le1nux/mlgym,no_dockerfile,False,0,0,0,,,0,0,0,0,0,False,,False,,False,,False,,False,,False,,no Dockerfile and no fallback entry point found
https://github.com/AlexMoreo/dante-verification,no_dockerfile,False,0,0,0,,,0,0,0,0,0,False,,False,,False,,False,,False,,False,,no Dockerfile and no fallback entry point found
https://github.com/Thopiax/pydemic,no_dockerfile,False,0,0,0,,,0,0,0,0,0,False,,False,,False,,False,,False,,False,,no Dockerfile and no fallback entry point found
https://github.com/RogerioLS/Covid-19Mundial,no_dockerfile,False,0,0,0,,,0,0,0,0,0,False,,False,,False,,False,,False,,False,,no Dockerfile and no fallback entry point found
https://github.com/jeffra/transformers,no_entry,False,0,13,0,,,0,0,0,0,0,False,,False,,False,,False,,False,,False,,Dockerfile(s) found but no Python entry point could be resolved
https://github.com/agrawalraj/active_learning,no_dockerfile,False,0,0,0,,,0,0,0,0,0,False,,False,,False,,False,,False,,False,,no Dockerfile and no fallback entry point found
https://github.com/COMP3297-HotZone/HotZoneBackendv2,no_dockerfile,False,0,0,0,,,0,0,0,0,0,False,,False,,False,,False,,False,,False,,no Dockerfile and no fallback entry point found
https://github.com/Hooduck/Machine-learning-training,no_dockerfile,False,0,0,0,,,0,0,0,0,0,False,,False,,False,,False,,False,,False,,no Dockerfile and no fallback entry point found
https://github.com/sonnhfit/machine_learning_tutorial,no_dockerfile,False,0,0,0,,,0,0,0,0,0,False,,False,,False,,False,,False,,False,,no Dockerfile and no fallback entry point found
https://github.com/kaspiotr/Morphosyntactic-tagger,no_dockerfile,False,0,0,0,,,0,0,0,0,0,False,,False,,False,,False,,False,,False,,no Dockerfile and no fallback entry point found
https://github.com/terman37/Metaheuristics_Optimizations,no_dockerfile,False,0,0,0,,,0,0,0,0,0,False,,False,,False,,False,,False,,False,,no Dockerfile and no fallback entry point found
https://github.com/elifesciences/peerscout,no_entry,False,0,4,0,,,0,0,0,0,0,False,,False,,False,,False,,False,,False,,Dockerfile(s) found but no Python entry point could be resolved
https://github.com/LucilleN/dv-classifier,no_dockerfile,False,0,0,0,,,0,0,0,0,0,False,,False,,False,,False,,False,,False,,no Dockerfile and no fallback entry point found
https://github.com/vnepveu/regression_pipeline,no_dockerfile,False,0,0,0,,,0,0,0,0,0,False,,False,,False,,False,,False,,False,,no Dockerfile and no fallback entry point found
https://github.com/brianhie/uncertainty,no_dockerfile,False,0,0,0,,,0,0,0,0,0,False,,False,,False,,False,,False,,False,,no Dockerfile and no fallback entry point found
https://github.com/Jahnic/Portfolio,no_dockerfile,False,0,0,0,,,0,0,0,0,0,False,,False,,False,,False,,False,,False,,no Dockerfile and no fallback entry point found
https://github.com/SimonPerryman/FYP,no_dockerfile,False,0,0,0,,,0,0,0,0,0,False,,False,,False,,False,,False,,False,,no Dockerfile and no fallback entry point found
https://github.com/YusuriAR/Incidentes_c5,no_dockerfile,False,0,0,0,,,0,0,0,0,0,False,,False,,False,,False,,False,,False,,no Dockerfile and no fallback entry point found
https://github.com/nextgrid/deep-learning-labs-openAI,no_entry,False,0,1,0,,,0,0,0,0,0,False,,False,,False,,False,,False,,False,,Dockerfile(s) found but no Python entry point could be resolved
https://github.com/adaros92/genreml,ok,False,1,4,1,genreml\model\__main__.py,fallback_console_script,5,6,1,0,0,True,genreml/model/__main__.py:145 pd.read_csv [matched pd.read_csv],False,,False,,False,,False,,False,,"unverified: missing stages: data_preparation, modeling, training, evaluation, inference"
https://github.com/TimoFlesch/intro2python,no_dockerfile,False,0,0,0,,,0,0,0,0,0,False,,False,,False,,False,,False,,False,,no Dockerfile and no fallback entry point found
https://github.com/necator9/model_training,no_dockerfile,False,0,0,0,,,0,0,0,0,0,False,,False,,False,,False,,False,,False,,no Dockerfile and no fallback entry point found
https://github.com/Joshmantova/Event-Fraud-Detection,no_entry,False,0,1,0,,,0,0,0,0,0,False,,False,,False,,False,,False,,False,,Dockerfile(s) found but no Python entry point could be resolved
https://github.com/tyler-w-medlin/SCoRe,no_dockerfile,False,0,0,0,,,0,0,0,0,0,False,,False,,False,,False,,False,,False,,no Dockerfile and no fallback entry point found
https://github.com/pinnouse/amadeus,no_entry,False,0,2,0,,,0,0,0,0,0,False,,False,,False,,False,,False,,False,,Dockerfile(s) found but no Python entry point could be resolved
https://github.com/AbhishekMaity001/Machine-Learning-Projects,no_dockerfile,False,0,0,0,,,0,0,0,0,0,False,,False,,False,,False,,False,,False,,no Dockerfile and no fallback entry point found
https://github.com/pkardas/agh-fake-news,no_dockerfile,False,0,0,0,,,0,0,0,0,0,False,,False,,False,,False,,False,,False,,no Dockerfile and no fallback entry point found
https://github.com/solankiravi/Python,no_dockerfile,False,0,0,0,,,0,0,0,0,0,False,,False,,False,,False,,False,,False,,no Dockerfile and no fallback entry point found
https://github.com/ThanosPAS/gent2-predictor,ok,True,6,0,1,gent2_predictor\__main__.py,fallback_nested,9,41,2,0,0,True,gent2_predictor/data_parser/data_parser.py:22 pd.read_excel [matched pd.read_excel],True,gent2_predictor/data_parser/data_parser.py:33 pd.concat [matched pd.concat],True,gent2_predictor/__main__.py:93 nn.Transformer [matched nn.Transformer],True,gent2_predictor/predictor/ffn_trainer.py:74 self.optimizer.zero_grad [matched optimizer.zero_grad],True,gent2_predictor/predictor/ffn_trainer.py:210 sklearn.metrics.classification_report [matched classification_report],True,gent2_predictor/__main__.py:70 trainer.predict [matched trainer.predict],verified: all 6 stages present
https://github.com/leibks/AE_Recommender_System,ok,False,1,0,1,src\main.py,fallback_nested,8,50,3,0,0,True,src/modules/RMSystemModel.py:80 pickle.load [matched pickle.load],False,,False,,False,,False,,False,,"unverified: missing stages: data_preparation, modeling, training, evaluation, inference"
https://github.com/sandeepsinghsengar/MPU,ok,False,0,0,1,mpunet\bin\mp.py,fallback_console_script,2,2,1,0,1,False,,False,,False,,False,,False,,False,,"unverified: missing stages: data_acquisition, data_preparation, modeling, training, evaluation, inference"
https://github.com/raoulvm/wcs,no_dockerfile,False,0,0,0,,,0,0,0,0,0,False,,False,,False,,False,,False,,False,,no Dockerfile and no fallback entry point found
https://github.com/Andrew-Mackay/WebScienceCoursework,no_dockerfile,False,0,0,0,,,0,0,0,0,0,False,,False,,False,,False,,False,,False,,no Dockerfile and no fallback entry point found
https://github.com/anhddo/wine-quality-visualization,no_dockerfile,False,0,0,0,,,0,0,0,0,0,False,,False,,False,,False,,False,,False,,no Dockerfile and no fallback entry point found
https://github.com/KrishnaswamyLab/Multiscale_PHATE,no_dockerfile,False,0,0,0,,,0,0,0,0,0,False,,False,,False,,False,,False,,False,,no Dockerfile and no fallback entry point found
https://github.com/priyal1508/udacity-deep-learning,no_dockerfile,False,0,0,0,,,0,0,0,0,0,False,,False,,False,,False,,False,,False,,no Dockerfile and no fallback entry point found
https://github.com/MoyangFlower/text-classification-cnn-rnn,no_dockerfile,False,0,0,0,,,0,0,0,0,0,False,,False,,False,,False,,False,,False,,no Dockerfile and no fallback entry point found
https://github.com/kendreaditya/EEG-connectome-analysis,no_entry,False,0,1,0,,,0,0,0,0,0,False,,False,,False,,False,,False,,False,,Dockerfile(s) found but no Python entry point could be resolved
https://github.com/I-am-Cazza/group31-project,no_dockerfile,False,0,0,0,,,0,0,0,0,0,False,,False,,False,,False,,False,,False,,no Dockerfile and no fallback entry point found
https://github.com/diditaks/extract-dominant-skincolor,no_dockerfile,False,0,0,0,,,0,0,0,0,0,False,,False,,False,,False,,False,,False,,no Dockerfile and no fallback entry point found
https://github.com/eligardella/ml4chem,no_dockerfile,False,0,0,0,,,0,0,0,0,0,False,,False,,False,,False,,False,,False,,no Dockerfile and no fallback entry point found
https://github.com/cxz/notebooks,no_dockerfile,False,0,0,0,,,0,0,0,0,0,False,,False,,False,,False,,False,,False,,no Dockerfile and no fallback entry point found
https://github.com/tiennguyen87/facenet,no_dockerfile,False,0,0,0,,,0,0,0,0,0,False,,False,,False,,False,,False,,False,,no Dockerfile and no fallback entry point found
https://github.com/maxhumber/MVML,ok,False,2,1,1,app\main.py,fallback_nested,2,8,1,0,0,True,app/main.py:13 pickle.load [matched pickle.load],False,,False,,False,,False,,True,app/main.py:6 flask.Flask [matched Flask],"unverified: missing stages: data_preparation, modeling, training, evaluation"
https://github.com/hjelleyman/Antarctica-M.2,no_dockerfile,False,0,0,0,,,0,0,0,0,0,False,,False,,False,,False,,False,,False,,no Dockerfile and no fallback entry point found
https://github.com/rdvoskin/msccs-t23,no_dockerfile,False,0,0,0,,,0,0,0,0,0,False,,False,,False,,False,,False,,False,,no Dockerfile and no fallback entry point found
https://github.com/dmatrix/tmls-workshop,no_dockerfile,False,0,0,0,,,0,0,0,0,0,False,,False,,False,,False,,False,,False,,no Dockerfile and no fallback entry point found
https://github.com/janmaltel/tetris,no_dockerfile,False,0,0,0,,,0,0,0,0,0,False,,False,,False,,False,,False,,False,,no Dockerfile and no fallback entry point found
https://github.com/tlanclos/isthemountainout,no_entry,False,0,2,0,,,0,0,0,0,0,False,,False,,False,,False,,False,,False,,Dockerfile(s) found but no Python entry point could be resolved
https://github.com/ICB-DCM/solverstudy,no_dockerfile,False,0,0,0,,,0,0,0,0,0,False,,False,,False,,False,,False,,False,,no Dockerfile and no fallback entry point found
https://github.com/ricky4235/Python,no_dockerfile,False,0,0,0,,,0,0,0,0,0,False,,False,,False,,False,,False,,False,,no Dockerfile and no fallback entry point found
https://github.com/amspector100/knockpy,no_dockerfile,False,0,0,0,,,0,0,0,0,0,False,,False,,False,,False,,False,,False,,no Dockerfile and no fallback entry point found
https://github.com/CheerfulUser/TESSreduce,no_dockerfile,False,0,0,0,,,0,0,0,0,0,False,,False,,False,,False,,False,,False,,no Dockerfile and no fallback entry point found
https://github.com/sf-fl/federatedML,no_dockerfile,False,0,0,0,,,0,0,0,0,0,False,,False,,False,,False,,False,,False,,no Dockerfile and no fallback entry point found
https://github.com/SoloSynth1/adworth-grouping-api,ok,False,1,0,1,src\main.py,fallback_nested,1,3,0,0,0,False,,False,,False,,False,,False,,True,src/main.py:13 flask.Flask [matched Flask],"unverified: missing stages: data_acquisition, data_preparation, modeling, training, evaluation"
https://github.com/Gemicai/Gemicai,no_dockerfile,False,0,0,0,,,0,0,0,0,0,False,,False,,False,,False,,False,,False,,no Dockerfile and no fallback entry point found
https://github.com/aditeyabaral/kepler-exoplanet-analysis,no_dockerfile,False,0,0,0,,,0,0,0,0,0,False,,False,,False,,False,,False,,False,,no Dockerfile and no fallback entry point found
https://github.com/acarl005/docsund,no_entry,False,0,5,0,,,0,0,0,0,0,False,,False,,False,,False,,False,,False,,Dockerfile(s) found but no Python entry point could be resolved
https://github.com/mt-lids-sefi/odgapi,no_dockerfile,False,0,0,0,,,0,0,0,0,0,False,,False,,False,,False,,False,,False,,no Dockerfile and no fallback entry point found
https://github.com/MorphisHe/key_sentence_extractor,no_dockerfile,False,0,0,0,,,0,0,0,0,0,False,,False,,False,,False,,False,,False,,no Dockerfile and no fallback entry point found
https://github.com/lucashm/tcc-1,no_dockerfile,False,0,0,0,,,0,0,0,0,0,False,,False,,False,,False,,False,,False,,no Dockerfile and no fallback entry point found
https://github.com/lichao312214129/easylearn,ok,False,5,0,1,eslearn\run.py,fallback_nested,23,178,4,0,0,True,eslearn/GUI/easylearn_main_run.py:120 requests.get [matched requests.get],True,eslearn/base.py:384 sklearn.pipeline.Pipeline [matched sklearn.pipeline.Pipeline],False,,True,eslearn/base.py:450 sklearn.model_selection.GridSearchCV [matched GridSearchCV],True,eslearn/model_evaluator.py:88 sklearn.metrics.accuracy_score [matched accuracy_score],True,eslearn/machine_learning/classification/_base_classification.py:80 model.predict [matched model.predict],unverified: missing stages: modeling
https://github.com/pupil-labs/pupil,no_dockerfile,False,0,0,0,,,0,0,0,0,0,False,,False,,False,,False,,False,,False,,no Dockerfile and no fallback entry point found
https://github.com/aauyeung19/Hiking-Trail-Recommendation-NLP,no_dockerfile,False,0,0,0,,,0,0,0,0,0,False,,False,,False,,False,,False,,False,,no Dockerfile and no fallback entry point found
https://github.com/ctlab/parallel-rearrangements,ok,False,4,0,1,parebrick\main.py,fallback_console_script,14,88,2,0,0,True,parebrick/utils/data/converters.py:16 pd.read_csv [matched pd.read_csv],True,parebrick/utils/data/parsers.py:46 df.groupby [matched df.groupby],True,parebrick/clustering/clustering.py:28 sklearn.cluster.AgglomerativeClustering [matched AgglomerativeClustering],True,parebrick/clustering/clustering.py:28 fit_predict [matched .fit_predict],False,,False,,"unverified: missing stages: evaluation, inference"
https://github.com/dbis-uibk/MediaEval2020,no_dockerfile,False,0,0,0,,,0,0,0,0,0,False,,False,,False,,False,,False,,False,,no Dockerfile and no fallback entry point found
https://github.com/ButterTree/bit_project_JHS2K,no_dockerfile,False,0,0,0,,,0,0,0,0,0,False,,False,,False,,False,,False,,False,,no Dockerfile and no fallback entry point found
https://github.com/thvlio/PVC,no_dockerfile,False,0,0,0,,,0,0,0,0,0,False,,False,,False,,False,,False,,False,,no Dockerfile and no fallback entry point found
https://github.com/NeuroDataDesign/the-ents,no_dockerfile,False,0,0,0,,,0,0,0,0,0,False,,False,,False,,False,,False,,False,,no Dockerfile and no fallback entry point found
https://github.com/arnav-gudibande/conceptSHAP,no_dockerfile,False,0,0,0,,,0,0,0,0,0,False,,False,,False,,False,,False,,False,,no Dockerfile and no fallback entry point found
https://github.com/KevinMoonLab/GRAE,ok,False,5,0,1,scripts\main.py,fallback_nested,19,164,4,0,0,True,scripts/main.py:54 pd.read_csv [matched pd.read_csv],True,grae/data/images.py:365 torchvision.transforms.Compose [matched torchvision.transforms.*],True,grae/metrics/score.py:128 sklearn.linear_model.LogisticRegression [matched LogisticRegression],True,grae/experiments/experiments.py:74 comet_ml.Experiment [matched comet_ml.Experiment],True,grae/models/base_model.py:172 sklearn.metrics.mean_squared_error [matched mean_squared_error],False,,unverified: missing stages: inference
https://github.com/Check4facts/Check4Facts,no_dockerfile,False,0,0,0,,,0,0,0,0,0,False,,False,,False,,False,,False,,False,,no Dockerfile and no fallback entry point found
https://github.com/sirfoga/attila,no_dockerfile,False,0,0,0,,,0,0,0,0,0,False,,False,,False,,False,,False,,False,,no Dockerfile and no fallback entry point found
https://github.com/sdss/astra,no_dockerfile,False,0,0,0,,,0,0,0,0,0,False,,False,,False,,False,,False,,False,,no Dockerfile and no fallback entry point found
https://github.com/DarrylLobo/QueensProjects,no_dockerfile,False,0,0,0,,,0,0,0,0,0,False,,False,,False,,False,,False,,False,,no Dockerfile and no fallback entry point found
https://github.com/alexhanganu/nimb,no_dockerfile,False,0,0,0,,,0,0,0,0,0,False,,False,,False,,False,,False,,False,,no Dockerfile and no fallback entry point found
https://github.com/karvla/histosnet,no_dockerfile,False,0,0,0,,,0,0,0,0,0,False,,False,,False,,False,,False,,False,,no Dockerfile and no fallback entry point found
https://github.com/tavlarios/OPER3384,no_dockerfile,False,0,0,0,,,0,0,0,0,0,False,,False,,False,,False,,False,,False,,no Dockerfile and no fallback entry point found
https://github.com/Garrafao/TokenChange,no_dockerfile,False,0,0,0,,,0,0,0,0,0,False,,False,,False,,False,,False,,False,,no Dockerfile and no fallback entry point found
https://github.com/Djack1010/tami,no_entry,False,0,1,0,,,0,0,0,0,0,False,,False,,False,,False,,False,,False,,Dockerfile(s) found but no Python entry point could be resolved
https://github.com/yzerlaut/physion,no_dockerfile,False,0,0,0,,,0,0,0,0,0,False,,False,,False,,False,,False,,False,,no Dockerfile and no fallback entry point found
https://github.com/bat67/awesome-ai-books-and-code,no_dockerfile,False,0,0,0,,,0,0,0,0,0,False,,False,,False,,False,,False,,False,,no Dockerfile and no fallback entry point found
https://github.com/mqne/GraphLSTM,no_dockerfile,False,0,0,0,,,0,0,0,0,0,False,,False,,False,,False,,False,,False,,no Dockerfile and no fallback entry point found
https://github.com/kasanari/ParlAIForSocialRobotTraining,no_dockerfile,False,0,0,0,,,0,0,0,0,0,False,,False,,False,,False,,False,,False,,no Dockerfile and no fallback entry point found
https://github.com/dakaun/worldmodel,no_entry,False,0,1,0,,,0,0,0,0,0,False,,False,,False,,False,,False,,False,,Dockerfile(s) found but no Python entry point could be resolved
https://github.com/sai-prasanna/bert-experiments,no_dockerfile,False,0,0,0,,,0,0,0,0,0,False,,False,,False,,False,,False,,False,,no Dockerfile and no fallback entry point found
https://github.com/di-dimitrov/SEMEVAL-2021-task6-corpus,no_dockerfile,False,0,0,0,,,0,0,0,0,0,False,,False,,False,,False,,False,,False,,no Dockerfile and no fallback entry point found
https://github.com/thibaultsmnt/coeva2,no_dockerfile,False,0,0,0,,,0,0,0,0,0,False,,False,,False,,False,,False,,False,,no Dockerfile and no fallback entry point found
https://github.com/TorchEnsemble-Community/Ensemble-Pytorch,no_dockerfile,False,0,0,0,,,0,0,0,0,0,False,,False,,False,,False,,False,,False,,no Dockerfile and no fallback entry point found
https://github.com/prhuppertz/Burned_Area_Detection,no_dockerfile,False,0,0,0,,,0,0,0,0,0,False,,False,,False,,False,,False,,False,,no Dockerfile and no fallback entry point found
https://github.com/batherk/covid-19-clustering,no_dockerfile,False,0,0,0,,,0,0,0,0,0,False,,False,,False,,False,,False,,False,,no Dockerfile and no fallback entry point found
https://github.com/Living-with-machines/AtypicalAnimacy,no_dockerfile,False,0,0,0,,,0,0,0,0,0,False,,False,,False,,False,,False,,False,,no Dockerfile and no fallback entry point found
https://github.com/LONG-9621/cogdl,ok,False,1,0,1,scripts\train.py,fallback_nested,4,11,2,0,1,True,scripts/train.py:70 yaml.load [matched yaml.load],False,,False,,False,,False,,False,,"unverified: missing stages: data_preparation, modeling, training, evaluation, inference"
https://github.com/scalet06/YOLOv4tensorflow,ok,False,1,0,1,src\train.py,fallback_nested,1,4,0,0,0,False,,False,,False,,True,src/train.py:80 torch.utils.tensorboard.SummaryWriter [matched tensorboard.SummaryWriter],False,,False,,"unverified: missing stages: data_acquisition, data_preparation, modeling, evaluation, inference"
https://github.com/alibekU/sales_forecast,ok,False,1,0,1,app\run.py,fallback_nested,1,6,0,0,0,False,,False,,False,,False,,False,,True,app/run.py:21 flask.Flask [matched Flask],"unverified: missing stages: data_acquisition, data_preparation, modeling, training, evaluation"
https://github.com/FscoreLab/banh_bao,no_entry,False,0,1,0,,,0,0,0,0,0,False,,False,,False,,False,,False,,False,,Dockerfile(s) found but no Python entry point could be resolved
https://github.com/dylandoblar/ss-speaker-rec,ok,False,1,0,1,pase\train.py,fallback_nested,2,6,1,0,0,True,pase/train.py:189 json.load [matched json.load],False,,False,,False,,False,,False,,"unverified: missing stages: data_preparation, modeling, training, evaluation, inference"
https://github.com/samreenkazi/natural-language-processing,no_entry,False,0,1,0,,,0,0,0,0,0,False,,False,,False,,False,,False,,False,,Dockerfile(s) found but no Python entry point could be resolved
https://github.com/chenchenpan/MS-intern-project,no_dockerfile,False,0,0,0,,,0,0,0,0,0,False,,False,,False,,False,,False,,False,,no Dockerfile and no fallback entry point found
https://github.com/cornell-cs5740-18sp/assignment3_stringing_it,no_dockerfile,False,0,0,0,,,0,0,0,0,0,False,,False,,False,,False,,False,,False,,no Dockerfile and no fallback entry point found
https://github.com/jtquisenberry/NLP,no_dockerfile,False,0,0,0,,,0,0,0,0,0,False,,False,,False,,False,,False,,False,,no Dockerfile and no fallback entry point found
https://github.com/dbolser-ebi/Dream_TF_net,no_dockerfile,False,0,0,0,,,0,0,0,0,0,False,,False,,False,,False,,False,,False,,no Dockerfile and no fallback entry point found
https://github.com/marioboley/realkd.py,no_dockerfile,False,0,0,0,,,0,0,0,0,0,False,,False,,False,,False,,False,,False,,no Dockerfile and no fallback entry point found
https://github.com/eth-cscs/abcpy,no_dockerfile,False,0,0,0,,,0,0,0,0,0,False,,False,,False,,False,,False,,False,,no Dockerfile and no fallback entry point found
https://github.com/ssabcire/py-research,no_dockerfile,False,0,0,0,,,0,0,0,0,0,False,,False,,False,,False,,False,,False,,no Dockerfile and no fallback entry point found
https://github.com/laserkelvin/umda,no_dockerfile,False,0,0,0,,,0,0,0,0,0,False,,False,,False,,False,,False,,False,,no Dockerfile and no fallback entry point found
https://github.com/PythonBiellaGroup/MaterialeSerate,no_entry,False,0,12,0,,,0,0,0,0,0,False,,False,,False,,False,,False,,False,,Dockerfile(s) found but no Python entry point could be resolved
https://github.com/stevieg3/fpl-analysis,no_entry,False,0,1,0,,,0,0,0,0,0,False,,False,,False,,False,,False,,False,,Dockerfile(s) found but no Python entry point could be resolved
https://github.com/AdamBajger/PV056_AutoML-Testing-Framework,ok,False,4,0,1,pv056_2019\data_splitter.py,fallback_console_script,18,64,3,0,0,True,pv056_2019/data_splitter.py:28 json.load [matched json.load],True,pv056_2019/data_splitter.py:37 sklearn.model_selection.KFold [matched KFold],True,pv056_2019/outlier_detection/TD.py:10 sklearn.tree.DecisionTreeClassifier [matched DecisionTreeClassifier],True,pv056_2019/outlier_detection/__init__.py:55 self.clf.fit [matched clf.fit],False,,False,,"unverified: missing stages: evaluation, inference"
https://github.com/kapilthakre/Census-Income-Prediction,no_dockerfile,False,0,0,0,,,0,0,0,0,0,False,,False,,False,,False,,False,,False,,no Dockerfile and no fallback entry point found
https://github.com/doug1043/SistemBot,no_dockerfile,False,0,0,0,,,0,0,0,0,0,False,,False,,False,,False,,False,,False,,no Dockerfile and no fallback entry point found
https://github.com/sberniz/dslabs,no_entry,False,0,1,0,,,0,0,0,0,0,False,,False,,False,,False,,False,,False,,Dockerfile(s) found but no Python entry point could be resolved
https://github.com/TMarquet/belief_attack_gpu,no_dockerfile,False,0,0,0,,,0,0,0,0,0,False,,False,,False,,False,,False,,False,,no Dockerfile and no fallback entry point found
https://github.com/T3p/lrcb,no_dockerfile,False,0,0,0,,,0,0,0,0,0,False,,False,,False,,False,,False,,False,,no Dockerfile and no fallback entry point found
https://github.com/VenoGaube/ImageLibrary,no_dockerfile,False,0,0,0,,,0,0,0,0,0,False,,False,,False,,False,,False,,False,,no Dockerfile and no fallback entry point found
https://github.com/p-ai-org/p-jazz,no_dockerfile,False,0,0,0,,,0,0,0,0,0,False,,False,,False,,False,,False,,False,,no Dockerfile and no fallback entry point found
https://github.com/marcelogumercinocosta/portal,no_entry,False,0,3,0,,,0,0,0,0,0,False,,False,,False,,False,,False,,False,,Dockerfile(s) found but no Python entry point could be resolved
https://github.com/luferrer/DCA-PLDA,ok,False,4,0,1,scripts\train.py,fallback_nested,6,138,2,0,0,True,dca_plda/data.py:40 np.load [matched np.load],False,,True,dca_plda/modules.py:0 class DCA_PLDA_Backend [matched <class subclasses model base>],True,dca_plda/utils_for_scripts.py:227 lr_scheduler.step [matched lr_scheduler.step],False,,True,dca_plda/utils_for_scripts.py:394 model.eval [matched model.eval],"unverified: missing stages: data_preparation, evaluation"
https://github.com/lorek/ZPS2020,no_dockerfile,False,0,0,0,,,0,0,0,0,0,False,,False,,False,,False,,False,,False,,no Dockerfile and no fallback entry point found
https://github.com/stbeau/projet-62,no_dockerfile,False,0,0,0,,,0,0,0,0,0,False,,False,,False,,False,,False,,False,,no Dockerfile and no fallback entry point found
https://github.com/mohdahmad242/Transfer-Learning-Model-hosted-on-Heroku-using-React-Flask,no_dockerfile,False,0,0,0,,,0,0,0,0,0,False,,False,,False,,False,,False,,False,,no Dockerfile and no fallback entry point found
https://github.com/yaodong/sci-vis-extension,no_entry,False,0,3,0,,,0,0,0,0,0,False,,False,,False,,False,,False,,False,,Dockerfile(s) found but no Python entry point could be resolved
https://github.com/srivathsapv/cgda_project,no_dockerfile,False,0,0,0,,,0,0,0,0,0,False,,False,,False,,False,,False,,False,,no Dockerfile and no fallback entry point found
https://github.com/imiled/TechnicalAnalysisLearningwithResnet,no_dockerfile,False,0,0,0,,,0,0,0,0,0,False,,False,,False,,False,,False,,False,,no Dockerfile and no fallback entry point found
https://github.com/krasserm/bayesian-machine-learning,no_dockerfile,False,0,0,0,,,0,0,0,0,0,False,,False,,False,,False,,False,,False,,no Dockerfile and no fallback entry point found
https://github.com/AIforGoodSimulator/model_validation,no_dockerfile,False,0,0,0,,,0,0,0,0,0,False,,False,,False,,False,,False,,False,,no Dockerfile and no fallback entry point found
https://github.com/epiqc/PartialCompilation,no_dockerfile,False,0,0,0,,,0,0,0,0,0,False,,False,,False,,False,,False,,False,,no Dockerfile and no fallback entry point found
https://github.com/vedantdave77/project.Orca,no_dockerfile,False,0,0,0,,,0,0,0,0,0,False,,False,,False,,False,,False,,False,,no Dockerfile and no fallback entry point found
https://github.com/fox-daniel/Genre,no_dockerfile,False,0,0,0,,,0,0,0,0,0,False,,False,,False,,False,,False,,False,,no Dockerfile and no fallback entry point found
https://github.com/zalanborsos/bilevel_coresets,no_dockerfile,False,0,0,0,,,0,0,0,0,0,False,,False,,False,,False,,False,,False,,no Dockerfile and no fallback entry point found
https://github.com/premolab/NNGP,no_dockerfile,False,0,0,0,,,0,0,0,0,0,False,,False,,False,,False,,False,,False,,no Dockerfile and no fallback entry point found
https://github.com/Superzchen/iLearnPlus,no_dockerfile,False,0,0,0,,,0,0,0,0,0,False,,False,,False,,False,,False,,False,,no Dockerfile and no fallback entry point found
https://github.com/MalteEbner/Learning-active-learning-with-ensembles-of-active-learning-agents,no_dockerfile,False,0,0,0,,,0,0,0,0,0,False,,False,,False,,False,,False,,False,,no Dockerfile and no fallback entry point found
https://github.com/thanhlongb/car-share-iot,ok,False,0,0,1,masterpi\run.py,fallback_nested,1,0,0,0,0,False,,False,,False,,False,,False,,False,,"unverified: missing stages: data_acquisition, data_preparation, modeling, training, evaluation, inference"
https://github.com/jzang18/transformers,no_entry,False,0,7,0,,,0,0,0,0,0,False,,False,,False,,False,,False,,False,,Dockerfile(s) found but no Python entry point could be resolved
https://github.com/SimonTeshuva/interpretable_Rule_Ensemble,no_dockerfile,False,0,0,0,,,0,0,0,0,0,False,,False,,False,,False,,False,,False,,no Dockerfile and no fallback entry point found
https://github.com/yxwlr995/-PythonDataScienceHandbook1019,no_dockerfile,False,0,0,0,,,0,0,0,0,0,False,,False,,False,,False,,False,,False,,no Dockerfile and no fallback entry point found
https://github.com/Build-Week-Kickstarter-Success-PT/DS,ok,False,1,0,1,app\main.py,fallback_nested,2,0,1,0,0,False,,False,,False,,False,,False,,True,app/main.py:7 fastapi.FastAPI [matched FastAPI],"unverified: missing stages: data_acquisition, data_preparation, modeling, training, evaluation"
https://github.com/pallavithanikonda/maniva_challenge,no_dockerfile,False,0,0,0,,,0,0,0,0,0,False,,False,,False,,False,,False,,False,,no Dockerfile and no fallback entry point found
https://github.com/bioinformatics-ua/PatientFM,ok,False,0,0,1,src\main.py,fallback_nested,1,4,0,0,0,False,,False,,False,,False,,False,,False,,"unverified: missing stages: data_acquisition, data_preparation, modeling, training, evaluation, inference"
https://github.com/libratom/ratom-notebooks,no_dockerfile,False,0,0,0,,,0,0,0,0,0,False,,False,,False,,False,,False,,False,,no Dockerfile and no fallback entry point found
https://github.com/Notgnoshi/generative,no_entry,False,0,1,0,,,0,0,0,0,0,False,,False,,False,,False,,False,,False,,Dockerfile(s) found but no Python entry point could be resolved
https://github.com/successar/AttentionExplanation_Dev,no_dockerfile,False,0,0,0,,,0,0,0,0,0,False,,False,,False,,False,,False,,False,,no Dockerfile and no fallback entry point found
https://github.com/Harsh188/100_Days_of_ML,no_dockerfile,False,0,0,0,,,0,0,0,0,0,False,,False,,False,,False,,False,,False,,no Dockerfile and no fallback entry point found
https://github.com/mmc-tudelft/lyricpsych,ok,False,2,0,1,lyricpsych\cli.py,fallback_console_script,11,65,2,0,0,True,lyricpsych/cli.py:100 json.load [matched json.load],True,lyricpsych/preprocessing.py:24 nltk.stem.WordNetLemmatizer [matched nltk.stem.WordNetLemmatizer],False,,False,,False,,False,,"unverified: missing stages: modeling, training, evaluation, inference"
https://github.com/codemasterlike/freqtrade,ok,False,0,1,1,freqtrade\__main__.py,fallback_nested,2,0,1,0,0,False,,False,,False,,False,,False,,False,,"unverified: missing stages: data_acquisition, data_preparation, modeling, training, evaluation, inference"
https://github.com/ragrawal/mlplumber,no_dockerfile,False,0,0,0,,,0,0,0,0,0,False,,False,,False,,False,,False,,False,,no Dockerfile and no fallback entry point found
https://github.com/ddnimara/DD2412-Project-Grad-CAM,no_dockerfile,False,0,0,0,,,0,0,0,0,0,False,,False,,False,,False,,False,,False,,no Dockerfile and no fallback entry point found
https://github.com/Build-Week-Spotify-Song-Suggestion-1/DS-Unit-3,ok,False,2,0,1,spotify\app.py,fallback_nested,2,15,1,0,0,True,spotify/app.py:29 pickle.load [matched pickle.load],False,,False,,False,,False,,True,spotify/app.py:24 flask.Flask [matched Flask],"unverified: missing stages: data_preparation, modeling, training, evaluation"
https://github.com/glotzerlab/signac-examples,no_dockerfile,False,0,0,0,,,0,0,0,0,0,False,,False,,False,,False,,False,,False,,no Dockerfile and no fallback entry point found
https://github.com/makkorjamal/hsdigitizer,ok,False,0,0,1,src\__main__.py,fallback_nested,1,1,0,0,0,False,,False,,False,,False,,False,,False,,"unverified: missing stages: data_acquisition, data_preparation, modeling, training, evaluation, inference"
https://github.com/hugueds/tank-stickers,ok,False,0,0,1,app\main.py,fallback_nested,1,0,0,0,0,False,,False,,False,,False,,False,,False,,"unverified: missing stages: data_acquisition, data_preparation, modeling, training, evaluation, inference"
https://github.com/189569400/ParlAI,ok,False,5,0,1,parlai\__main__.py,fallback_nested,24,577,5,0,8,True,parlai/core/opt.py:125 json.load [matched json.load],True,parlai/core/image_featurizers.py:94 self.transforms.Compose [matched transforms.Compose],True,parlai/utils/torch.py:0 class IdentityLayer [matched <class subclasses model base>],False,,True,parlai/core/metrics.py:462 nltk.translate.bleu_score.sentence_bleu [matched sentence_bleu],True,parlai/core/image_featurizers.py:178 self.torch.no_grad [matched torch.no_grad],unverified: missing stages: training
https://github.com/leandrorodor/PGR-IESB-P9041-CDNA-20203,no_dockerfile,False,0,0,0,,,0,0,0,0,0,False,,False,,False,,False,,False,,False,,no Dockerfile and no fallback entry point found
https://github.com/henryHTH/Personal-Projects,no_dockerfile,False,0,0,0,,,0,0,0,0,0,False,,False,,False,,False,,False,,False,,no Dockerfile and no fallback entry point found
https://github.com/MLH-Fellowship/Best-Geese,no_dockerfile,False,0,0,0,,,0,0,0,0,0,False,,False,,False,,False,,False,,False,,no Dockerfile and no fallback entry point found
https://github.com/icaros-usc/milp_constrained_gan,no_dockerfile,False,0,0,0,,,0,0,0,0,0,False,,False,,False,,False,,False,,False,,no Dockerfile and no fallback entry point found
https://github.com/Lucile-S/Exploration_info_pdf,no_dockerfile,False,0,0,0,,,0,0,0,0,0,False,,False,,False,,False,,False,,False,,no Dockerfile and no fallback entry point found
https://github.com/lana-e/picture_preference,no_dockerfile,False,0,0,0,,,0,0,0,0,0,False,,False,,False,,False,,False,,False,,no Dockerfile and no fallback entry point found
https://github.com/alibekU/disaster_messages_categorization,ok,False,2,0,1,app\run.py,fallback_nested,1,3,0,0,0,True,app/run.py:18 sqlalchemy.create_engine [matched sqlalchemy.create_engine],False,,False,,False,,False,,True,app/run.py:15 flask.Flask [matched Flask],"unverified: missing stages: data_preparation, modeling, training, evaluation"
https://github.com/tisu19021997/thesis-recsys,no_dockerfile,False,0,0,0,,,0,0,0,0,0,False,,False,,False,,False,,False,,False,,no Dockerfile and no fallback entry point found
https://github.com/kumatheworld/g2p,no_dockerfile,False,0,0,0,,,0,0,0,0,0,False,,False,,False,,False,,False,,False,,no Dockerfile and no fallback entry point found
https://github.com/parashardhapola/scarf,no_entry,False,0,1,0,,,0,0,0,0,0,False,,False,,False,,False,,False,,False,,Dockerfile(s) found but no Python entry point could be resolved
https://github.com/mark-luke/Python-Decoder,no_dockerfile,False,0,0,0,,,0,0,0,0,0,False,,False,,False,,False,,False,,False,,no Dockerfile and no fallback entry point found
https://github.com/Avinash2609/merging_files,no_dockerfile,False,0,0,0,,,0,0,0,0,0,False,,False,,False,,False,,False,,False,,no Dockerfile and no fallback entry point found
https://github.com/prijatelj/exputils,no_dockerfile,False,0,0,0,,,0,0,0,0,0,False,,False,,False,,False,,False,,False,,no Dockerfile and no fallback entry point found
https://github.com/Jiang15/Image_analysis_and_pattern-recognition,no_dockerfile,False,0,0,0,,,0,0,0,0,0,False,,False,,False,,False,,False,,False,,no Dockerfile and no fallback entry point found
https://github.com/Learn-Write-Repeat/Contribution-program,no_dockerfile,False,0,0,0,,,0,0,0,0,0,False,,False,,False,,False,,False,,False,,no Dockerfile and no fallback entry point found
https://github.com/Benorli/CMCB,no_dockerfile,False,0,0,0,,,0,0,0,0,0,False,,False,,False,,False,,False,,False,,no Dockerfile and no fallback entry point found
https://github.com/jayden-chua/cn-deep-learning,no_dockerfile,False,0,0,0,,,0,0,0,0,0,False,,False,,False,,False,,False,,False,,no Dockerfile and no fallback entry point found
https://github.com/madkehl/DisasterResponse,no_dockerfile,False,0,0,0,,,0,0,0,0,0,False,,False,,False,,False,,False,,False,,no Dockerfile and no fallback entry point found
https://github.com/tficar/Portfolio,clone_failed,False,0,0,0,,,0,0,0,0,0,False,,False,,False,,False,,False,,False,,remote: Repository not found.
https://github.com/joaopfonseca/ml-research,no_dockerfile,False,0,0,0,,,0,0,0,0,0,False,,False,,False,,False,,False,,False,,no Dockerfile and no fallback entry point found
https://github.com/Nasajon/mlflow_training_tracking,no_entry,False,0,1,0,,,0,0,0,0,0,False,,False,,False,,False,,False,,False,,Dockerfile(s) found but no Python entry point could be resolved
https://github.com/Arturjssln/ImageAnalysisPatternRecognition,no_dockerfile,False,0,0,0,,,0,0,0,0,0,False,,False,,False,,False,,False,,False,,no Dockerfile and no fallback entry point found
https://github.com/alephdata/followthemoney-predict,ok,False,3,1,1,followthemoney_predict\cli.py,fallback_console_script,4,17,2,0,0,True,followthemoney_predict/util.py:76 gcsfs.GCSFileSystem [matched gcsfs.GCSFileSystem],False,,False,,False,,True,followthemoney_predict/util.py:143 sklearn.metrics.confusion_matrix [matched confusion_matrix],True,followthemoney_predict/util.py:143 model.predict [matched model.predict],"unverified: missing stages: data_preparation, modeling, training"
https://github.com/hysKim1/AI_Vision,no_dockerfile,False,0,0,0,,,0,0,0,0,0,False,,False,,False,,False,,False,,False,,no Dockerfile and no fallback entry point found
https://github.com/Yaccoub/Co-Tour,no_entry,False,0,1,0,,,0,0,0,0,0,False,,False,,False,,False,,False,,False,,Dockerfile(s) found but no Python entry point could be resolved
https://github.com/mapequation/mapping-hypergraphs,ok,False,0,0,1,hypergraph\__main__.py,fallback_nested,8,59,3,0,0,False,,False,,False,,False,,False,,False,,"unverified: missing stages: data_acquisition, data_preparation, modeling, training, evaluation, inference"
https://github.com/rezasanatkar/transformers,ok,False,5,1,1,transformers\__main__.py,fallback_nested,71,1080,5,0,0,True,transformers/convert_transfo_xl_original_tf_checkpoint_to_pytorch.py:55 pickle.load [matched pickle.load],True,transformers/tokenization_auto.py:115 tokenization_roberta.RobertaTokenizer.from_pretrained [matched RobertaTokenizer.from_pretrained],True,transformers/modeling_utils.py:0 class PreTrainedModel [matched <class subclasses model base>],False,,True,transformers/data/metrics/__init__.py:46 sklearn.metrics.f1_score [matched f1_score],True,transformers/modeling_utils.py:651 model.eval [matched model.eval],unverified: missing stages: training
https://github.com/amir9ume/research,no_dockerfile,False,0,0,0,,,0,0,0,0,0,False,,False,,False,,False,,False,,False,,no Dockerfile and no fallback entry point found
https://github.com/jaeriver/capstone-2020-2,no_dockerfile,False,0,0,0,,,0,0,0,0,0,False,,False,,False,,False,,False,,False,,no Dockerfile and no fallback entry point found
https://github.com/KaplanLab/KMDHierarchicalClustering,no_dockerfile,False,0,0,0,,,0,0,0,0,0,False,,False,,False,,False,,False,,False,,no Dockerfile and no fallback entry point found
https://github.com/xiaoqian19940510/text-classification-surveys,no_dockerfile,False,0,0,0,,,0,0,0,0,0,False,,False,,False,,False,,False,,False,,no Dockerfile and no fallback entry point found
https://github.com/DanielJuravski/heMoji,ok,False,1,1,1,docker\app.py,fallback_nested,1,3,0,0,0,False,,False,,False,,False,,False,,True,docker/app.py:32 flask.Flask [matched Flask],"unverified: missing stages: data_acquisition, data_preparation, modeling, training, evaluation"
https://github.com/samsinai/FLEXS,no_dockerfile,False,0,0,0,,,0,0,0,0,0,False,,False,,False,,False,,False,,False,,no Dockerfile and no fallback entry point found
https://github.com/hbtom/tensorrec,no_dockerfile,False,0,0,0,,,0,0,0,0,0,False,,False,,False,,False,,False,,False,,no Dockerfile and no fallback entry point found
https://github.com/jerradmgenson/qdaim-proto,no_entry,False,0,1,0,,,0,0,0,0,0,False,,False,,False,,False,,False,,False,,Dockerfile(s) found but no Python entry point could be resolved
https://github.com/ofbennett/sentiment-analysis-app,no_entry,False,0,3,0,,,0,0,0,0,0,False,,False,,False,,False,,False,,False,,Dockerfile(s) found but no Python entry point could be resolved
https://github.com/korepwx/mlcomp,ok,False,2,0,1,mlcomp\board\cli.py,fallback_console_script,44,305,4,0,2,True,mlcomp/persist/storage.py:570 gzip.open [matched gzip.open],False,,False,,False,,True,mlcomp/report/components/classification.py:153 sklearn.metrics.precision_recall_curve [matched precision_recall_curve],False,,"unverified: missing stages: data_preparation, modeling, training, inference"
https://github.com/GaganpreetKhurana/Financial_Assistant,no_dockerfile,False,0,0,0,,,0,0,0,0,0,False,,False,,False,,False,,False,,False,,no Dockerfile and no fallback entry point found
https://github.com/PervasiveWellbeingTech/inquire-web-backend,no_dockerfile,False,0,0,0,,,0,0,0,0,0,False,,False,,False,,False,,False,,False,,no Dockerfile and no fallback entry point found
https://github.com/nmichlo/disent,ok,True,6,0,1,experiment\run.py,fallback_nested,127,953,7,0,1,True,experiment/util/hydra_data.py:138 def prepare_data [matched <lightning hook prepare_data>],True,disent/util/visualize/vis_util.py:257 np.nan_to_num [matched np.nan_to_num],True,experiment/run.py:72 hydra.utils.instantiate [matched hydra.utils.instantiate],True,experiment/run.py:362 lightning.Trainer [matched lightning.Trainer],True,disent/frameworks/_framework.py:208 def validation_step [matched <lightning hook validation_step>],True,disent/util/lightning/callbacks/_callback_vis_latents.py:152 torch.no_grad [matched torch.no_grad],verified: all 6 stages present
https://github.com/rgioai/FREDcast,no_dockerfile,False,0,0,0,,,0,0,0,0,0,False,,False,,False,,False,,False,,False,,no Dockerfile and no fallback entry point found
https://github.com/jonasbtn/helipad_detection,no_dockerfile,False,0,0,0,,,0,0,0,0,0,False,,False,,False,,False,,False,,False,,no Dockerfile and no fallback entry point found
https://github.com/Akash-Ubale/Complete-Machine-Learning,no_dockerfile,False,0,0,0,,,0,0,0,0,0,False,,False,,False,,False,,False,,False,,no Dockerfile and no fallback entry point found
https://github.com/junaidrahim/Hacktoberfest-KIIT-2021,no_dockerfile,False,0,0,0,,,0,0,0,0,0,False,,False,,False,,False,,False,,False,,no Dockerfile and no fallback entry point found
https://github.com/Malachov/mydatapreprocessing,no_entry,False,0,1,0,,,0,0,0,0,0,False,,False,,False,,False,,False,,False,,Dockerfile(s) found but no Python entry point could be resolved
https://github.com/fbkarsdorp/nnfit,ok,False,4,0,1,src\train.py,fallback_nested,1,6,0,0,0,True,src/train.py:155 dataset.DataLoader [matched DataLoader],False,,False,,True,src/train.py:63 optimizer.zero_grad [matched optimizer.zero_grad],True,src/train.py:101 sklearn.metrics.accuracy_score [matched accuracy_score],True,src/train.py:76 torch.no_grad [matched torch.no_grad],"unverified: missing stages: data_preparation, modeling"
https://github.com/wkentaro-archive/lecture2014w-utmi-intelligent-mechano-informatics,no_dockerfile,False,0,0,0,,,0,0,0,0,0,False,,False,,False,,False,,False,,False,,no Dockerfile and no fallback entry point found
https://github.com/icescentral/MASK_public,no_dockerfile,False,0,0,0,,,0,0,0,0,0,False,,False,,False,,False,,False,,False,,no Dockerfile and no fallback entry point found
https://github.com/sdevenes/M05_MiniProject,ok,False,0,0,1,rr\experiment\__main__.py,fallback_console_script,2,1,1,0,0,False,,False,,False,,False,,False,,False,,"unverified: missing stages: data_acquisition, data_preparation, modeling, training, evaluation, inference"
https://github.com/greatday4april/what-to-eat-ml-backend,no_dockerfile,False,0,0,0,,,0,0,0,0,0,False,,False,,False,,False,,False,,False,,no Dockerfile and no fallback entry point found
https://github.com/lhirschfeld/ensemble_factory,no_dockerfile,False,0,0,0,,,0,0,0,0,0,False,,False,,False,,False,,False,,False,,no Dockerfile and no fallback entry point found
https://github.com/jaisenbe58r/Pebrassos,no_entry,False,0,2,0,,,0,0,0,0,0,False,,False,,False,,False,,False,,False,,Dockerfile(s) found but no Python entry point could be resolved
https://github.com/CVxTz/DeepTabular,no_dockerfile,False,0,0,0,,,0,0,0,0,0,False,,False,,False,,False,,False,,False,,no Dockerfile and no fallback entry point found
https://github.com/DesmondYuan/deepD,ok,False,2,0,1,scripts\main.py,fallback_nested,6,38,2,0,0,True,scripts/main.py:57 json.load [matched json.load],True,DeepD/data.py:101 sklearn.preprocessing.StandardScaler [matched StandardScaler],False,,False,,False,,False,,"unverified: missing stages: modeling, training, evaluation, inference"
https://github.com/shreyansh26/Weekend-Projects,no_entry,False,0,2,0,,,0,0,0,0,0,False,,False,,False,,False,,False,,False,,Dockerfile(s) found but no Python entry point could be resolved
https://github.com/KohheiAdachi/HAR_tutorial,no_dockerfile,False,0,0,0,,,0,0,0,0,0,False,,False,,False,,False,,False,,False,,no Dockerfile and no fallback entry point found
https://github.com/martaarozarena/KSchool-Master-Final-Project,no_dockerfile,False,0,0,0,,,0,0,0,0,0,False,,False,,False,,False,,False,,False,,no Dockerfile and no fallback entry point found
https://github.com/piojanu/Planning-in-Imagination,no_dockerfile,False,0,0,0,,,0,0,0,0,0,False,,False,,False,,False,,False,,False,,no Dockerfile and no fallback entry point found
https://github.com/henryrcho/realtor-insights,no_dockerfile,False,0,0,0,,,0,0,0,0,0,False,,False,,False,,False,,False,,False,,no Dockerfile and no fallback entry point found
https://github.com/FIIT-IAU/2020-2021,no_dockerfile,False,0,0,0,,,0,0,0,0,0,False,,False,,False,,False,,False,,False,,no Dockerfile and no fallback entry point found
https://github.com/alteryx/evalml,ok,False,5,1,1,evalml\__main__.py,fallback_nested,203,1110,8,0,1,True,evalml/preprocessing/utils.py:32 pd.read_csv [matched pd.read_csv],True,evalml/utils/gen_utils.py:352 pd.concat [matched pd.concat],True,evalml/pipelines/components/utils.py:0 class WrappedSKClassifier [matched <class subclasses model base>],False,,True,evalml/model_understanding/metrics.py:34 sklearn.metrics.confusion_matrix [matched confusion_matrix],True,evalml/model_understanding/permutation_importance.py:425 pipeline.estimator.predict [matched estimator.predict],unverified: missing stages: training
https://github.com/tianqitang1/PlasmidHostMahalanobisMatcher,no_dockerfile,False,0,0,0,,,0,0,0,0,0,False,,False,,False,,False,,False,,False,,no Dockerfile and no fallback entry point found
https://github.com/ysterin/deep_cluster,no_dockerfile,False,0,0,0,,,0,0,0,0,0,False,,False,,False,,False,,False,,False,,no Dockerfile and no fallback entry point found
https://github.com/chrismattmann/MLwithTensorFlow2ed,no_entry,False,0,1,0,,,0,0,0,0,0,False,,False,,False,,False,,False,,False,,Dockerfile(s) found but no Python entry point could be resolved
https://github.com/CarlosGitHub2020/face,ok,False,1,2,1,scripts\train.py,fallback_nested,11,225,5,0,1,True,lib/image.py:269 cv2.imread [matched cv2.imread],False,,False,,False,,False,,False,,"unverified: missing stages: data_preparation, modeling, training, evaluation, inference"
https://github.com/alfredo-cuesta/MUVA_RP_2020,no_dockerfile,False,0,0,0,,,0,0,0,0,0,False,,False,,False,,False,,False,,False,,no Dockerfile and no fallback entry point found
https://github.com/benjaminlewis-1000/django_picasa,no_dockerfile,False,0,0,0,,,0,0,0,0,0,False,,False,,False,,False,,False,,False,,no Dockerfile and no fallback entry point found
https://github.com/karangupta26/Apparel-Recommendation-System,no_dockerfile,False,0,0,0,,,0,0,0,0,0,False,,False,,False,,False,,False,,False,,no Dockerfile and no fallback entry point found
https://github.com/anthonyjatoba/deep_radiomics,no_dockerfile,False,0,0,0,,,0,0,0,0,0,False,,False,,False,,False,,False,,False,,no Dockerfile and no fallback entry point found
https://github.com/ejarmand/SingleCellFusion,no_dockerfile,False,0,0,0,,,0,0,0,0,0,False,,False,,False,,False,,False,,False,,no Dockerfile and no fallback entry point found
https://github.com/saegsali/hackzurich,no_dockerfile,False,0,0,0,,,0,0,0,0,0,False,,False,,False,,False,,False,,False,,no Dockerfile and no fallback entry point found
https://github.com/ChubaOraka/data-science-on-aws-workshop-2020-09-26,no_entry,False,0,15,0,,,0,0,0,0,0,False,,False,,False,,False,,False,,False,,Dockerfile(s) found but no Python entry point could be resolved
https://github.com/YShu7/WhereIsWaldo,no_dockerfile,False,0,0,0,,,0,0,0,0,0,False,,False,,False,,False,,False,,False,,no Dockerfile and no fallback entry point found
https://github.com/elangovana/nlp-train-test-overlap-detector,no_dockerfile,False,0,0,0,,,0,0,0,0,0,False,,False,,False,,False,,False,,False,,no Dockerfile and no fallback entry point found
https://github.com/Xingbaji/rasa_bert_nlu,ok,True,6,0,1,rasa_nlu\run.py,fallback_nested,55,529,5,0,2,True,rasa_nlu/persistor.py:132 tarfile.open [matched tarfile.open],True,rasa_nlu/classifiers/sklearn_intent_classifier.py:91 sklearn.preprocessing.LabelEncoder [matched LabelEncoder],True,rasa_nlu/classifiers/bert_intent_classifier.py:102 keras.layers.Input [matched keras.layers.*],True,rasa_nlu/classifiers/bert_intent_classifier.py:174 self.model.fit [matched model.fit],True,rasa_nlu/classifiers/bert_intent_classifier.py:182 self.model.evaluate [matched model.evaluate],True,rasa_nlu/classifiers/bert_intent_classifier.py:200 self.model.predict [matched model.predict],verified: all 6 stages present
https://github.com/cramirezpe/CoLoRe_analysis,ok,False,1,0,1,CoLoRe_analysis\compute_data_CCL.py,fallback_console_script,3,16,1,0,0,True,CoLoRe_analysis/compute_data_CCL.py:288 np.loadtxt [matched np.loadtxt],False,,False,,False,,False,,False,,"unverified: missing stages: data_preparation, modeling, training, evaluation, inference"
https://github.com/RoysamLab/whole_brain_analysis,ok,False,0,1,1,CLASSIFICATION\main.py,fallback_nested,1,1,0,0,0,False,,False,,False,,False,,False,,False,,"unverified: missing stages: data_acquisition, data_preparation, modeling, training, evaluation, inference"
https://github.com/thisisjeffchen/amazon_reviews_summarization,no_dockerfile,False,0,0,0,,,0,0,0,0,0,False,,False,,False,,False,,False,,False,,no Dockerfile and no fallback entry point found
https://github.com/SecexSaudeTCU/noticias_ner,no_dockerfile,False,0,0,0,,,0,0,0,0,0,False,,False,,False,,False,,False,,False,,no Dockerfile and no fallback entry point found
https://github.com/ibm-watson-iot/functions,no_dockerfile,False,0,0,0,,,0,0,0,0,0,False,,False,,False,,False,,False,,False,,no Dockerfile and no fallback entry point found
https://github.com/MHKiT-Software/MHKiT-Python,no_dockerfile,False,0,0,0,,,0,0,0,0,0,False,,False,,False,,False,,False,,False,,no Dockerfile and no fallback entry point found
https://github.com/indyfree/tailor,no_dockerfile,False,0,0,0,,,0,0,0,0,0,False,,False,,False,,False,,False,,False,,no Dockerfile and no fallback entry point found
https://github.com/PhilPearson83/ml_starter,no_dockerfile,False,0,0,0,,,0,0,0,0,0,False,,False,,False,,False,,False,,False,,no Dockerfile and no fallback entry point found
https://github.com/CaroDur/MIALab,no_dockerfile,False,0,0,0,,,0,0,0,0,0,False,,False,,False,,False,,False,,False,,no Dockerfile and no fallback entry point found
https://github.com/mayukhmondal/ABC-DLS,no_dockerfile,False,0,0,0,,,0,0,0,0,0,False,,False,,False,,False,,False,,False,,no Dockerfile and no fallback entry point found
https://github.com/soyhyoj/fraud-detection-paysim,no_dockerfile,False,0,0,0,,,0,0,0,0,0,False,,False,,False,,False,,False,,False,,no Dockerfile and no fallback entry point found
https://github.com/Iskriyana/deep-food,no_entry,False,0,1,0,,,0,0,0,0,0,False,,False,,False,,False,,False,,False,,Dockerfile(s) found but no Python entry point could be resolved
https://github.com/iclaserplasma/GeminiXANES2020_analysis,no_dockerfile,False,0,0,0,,,0,0,0,0,0,False,,False,,False,,False,,False,,False,,no Dockerfile and no fallback entry point found
https://github.com/abogdanova/FedMed,no_entry,False,0,1,0,,,0,0,0,0,0,False,,False,,False,,False,,False,,False,,Dockerfile(s) found but no Python entry point could be resolved
https://github.com/bytedance/mega-ai,no_dockerfile,False,0,0,0,,,0,0,0,0,0,False,,False,,False,,False,,False,,False,,no Dockerfile and no fallback entry point found
https://github.com/chenlingantelope/scVI_TSP,no_dockerfile,False,0,0,0,,,0,0,0,0,0,False,,False,,False,,False,,False,,False,,no Dockerfile and no fallback entry point found
https://github.com/handar423/test-transformer,no_entry,False,0,7,0,,,0,0,0,0,0,False,,False,,False,,False,,False,,False,,Dockerfile(s) found but no Python entry point could be resolved
https://github.com/slbinilkumar/SourceSeparation,ok,False,3,0,1,source_separation\train.py,fallback_nested,8,42,2,0,0,True,source_separation/data_objects/music.py:100 scipy.io.wavfile.read [matched scipy.io.wavfile.read],False,,True,source_separation/model.py:0 class SourceSeparationModel [matched <class subclasses model base>],True,source_separation/train.py:80 loss.backward [matched loss.backward],False,,False,,"unverified: missing stages: data_preparation, evaluation, inference"
https://github.com/tiagobotari/melime,no_dockerfile,False,0,0,0,,,0,0,0,0,0,False,,False,,False,,False,,False,,False,,no Dockerfile and no fallback entry point found
https://github.com/nitbix/toupee,no_dockerfile,False,0,0,0,,,0,0,0,0,0,False,,False,,False,,False,,False,,False,,no Dockerfile and no fallback entry point found
https://github.com/gridgentoo/IgnitePytorch,no_entry,False,0,6,0,,,0,0,0,0,0,False,,False,,False,,False,,False,,False,,Dockerfile(s) found but no Python entry point could be resolved
https://github.com/ueckmann/Reddit-NLP-Project,no_dockerfile,False,0,0,0,,,0,0,0,0,0,False,,False,,False,,False,,False,,False,,no Dockerfile and no fallback entry point found
https://github.com/rishav4101/10daysofcode-stock_prediction,no_dockerfile,False,0,0,0,,,0,0,0,0,0,False,,False,,False,,False,,False,,False,,no Dockerfile and no fallback entry point found
https://github.com/enmwmak/ML-for-Spkrec,no_dockerfile,False,0,0,0,,,0,0,0,0,0,False,,False,,False,,False,,False,,False,,no Dockerfile and no fallback entry point found
https://github.com/pysal/spopt,no_dockerfile,False,0,0,0,,,0,0,0,0,0,False,,False,,False,,False,,False,,False,,no Dockerfile and no fallback entry point found
https://github.com/bigheiniu/FakeNewsGen,no_entry,False,0,1,0,,,0,0,0,0,0,False,,False,,False,,False,,False,,False,,Dockerfile(s) found but no Python entry point could be resolved
https://github.com/vivi489/gp_ucb_python_lib,no_dockerfile,False,0,0,0,,,0,0,0,0,0,False,,False,,False,,False,,False,,False,,no Dockerfile and no fallback entry point found
https://github.com/lambdaofgod/github_search,no_dockerfile,False,0,0,0,,,0,0,0,0,0,False,,False,,False,,False,,False,,False,,no Dockerfile and no fallback entry point found
https://github.com/Rajesh-ML-Engg/Liver_Disease_Data_Analysis,no_entry,False,0,1,0,,,0,0,0,0,0,False,,False,,False,,False,,False,,False,,Dockerfile(s) found but no Python entry point could be resolved
https://github.com/maz2009/moabb,ok,False,4,0,1,moabb\run.py,fallback_nested,12,52,3,0,1,True,moabb/run.py:47 yaml.load [matched yaml.load],True,moabb/run.py:203 pd.concat [matched pd.concat],True,moabb/pipelines/utils.py:0 class FilterBank [matched <class subclasses model base>],False,,True,moabb/evaluations/evaluations.py:64 sklearn.model_selection.cross_val_score [matched cross_val_score],False,,"unverified: missing stages: training, inference"
https://github.com/fpli-mbr/duplicatesuricate,no_dockerfile,False,0,0,0,,,0,0,0,0,0,False,,False,,False,,False,,False,,False,,no Dockerfile and no fallback entry point found
https://github.com/dliu742/surpriver,no_entry,False,0,1,0,,,0,0,0,0,0,False,,False,,False,,False,,False,,False,,Dockerfile(s) found but no Python entry point could be resolved
https://github.com/Ohtar10/wtsp,no_entry,False,0,1,0,,,0,0,0,0,0,False,,False,,False,,False,,False,,False,,Dockerfile(s) found but no Python entry point could be resolved
https://github.com/dputhier/pygtftk,no_entry,False,0,1,0,,,0,0,0,0,0,False,,False,,False,,False,,False,,False,,Dockerfile(s) found but no Python entry point could be resolved
https://github.com/janosh/thermo,no_dockerfile,False,0,0,0,,,0,0,0,0,0,False,,False,,False,,False,,False,,False,,no Dockerfile and no fallback entry point found
https://github.com/megagonlabs/leam,no_entry,False,0,2,0,,,0,0,0,0,0,False,,False,,False,,False,,False,,False,,Dockerfile(s) found but no Python entry point could be resolved
https://github.com/GRSEB9S/transfer-learning-1,no_dockerfile,False,0,0,0,,,0,0,0,0,0,False,,False,,False,,False,,False,,False,,no Dockerfile and no fallback entry point found
https://github.com/spacetelescope/jdat_notebooks,no_dockerfile,False,0,0,0,,,0,0,0,0,0,False,,False,,False,,False,,False,,False,,no Dockerfile and no fallback entry point found
https://github.com/OrjanStr/FYS-STK4155_Project1,no_dockerfile,False,0,0,0,,,0,0,0,0,0,False,,False,,False,,False,,False,,False,,no Dockerfile and no fallback entry point found
https://github.com/lilygrier/chicago-sqrp-project,no_dockerfile,False,0,0,0,,,0,0,0,0,0,False,,False,,False,,False,,False,,False,,no Dockerfile and no fallback entry point found
https://github.com/vlgiitr/GenZoo,ok,False,1,0,1,VAE\main.py,fallback_nested,1,1,0,0,0,False,,False,,False,,False,,False,,True,VAE/main.py:91 model.eval [matched model.eval],"unverified: missing stages: data_acquisition, data_preparation, modeling, training, evaluation"
https://github.com/quanted/vb_django,no_entry,False,0,1,0,,,0,0,0,0,0,False,,False,,False,,False,,False,,False,,Dockerfile(s) found but no Python entry point could be resolved
https://github.com/DnanaDev/Covid19-India-Analysis-and-Forecasting,no_entry,False,0,1,0,,,0,0,0,0,0,False,,False,,False,,False,,False,,False,,Dockerfile(s) found but no Python entry point could be resolved
https://github.com/tumido/capsnet-face,ok,False,5,0,1,capsnet\__main__.py,fallback_nested,7,27,3,0,0,True,capsnet/dataset.py:137 zipfile.ZipFile [matched zipfile.ZipFile],True,capsnet/dataset.py:54 sklearn.model_selection.train_test_split [matched train_test_split],True,capsnet/network.py:71 keras.layers.Input [matched keras.layers.*],True,capsnet/network.py:236 model.fit_generator [matched model.fit_generator],True,capsnet/network.py:267 model.evaluate [matched model.evaluate],False,,unverified: missing stages: inference
https://github.com/LiTrans/BSMD,no_dockerfile,False,0,0,0,,,0,0,0,0,0,False,,False,,False,,False,,False,,False,,no Dockerfile and no fallback entry point found
https://github.com/crawling-framework/crawling-framework.github.io,no_dockerfile,False,0,0,0,,,0,0,0,0,0,False,,False,,False,,False,,False,,False,,no Dockerfile and no fallback entry point found
https://github.com/gitquart/appPythonML,no_dockerfile,False,0,0,0,,,0,0,0,0,0,False,,False,,False,,False,,False,,False,,no Dockerfile and no fallback entry point found
https://github.com/mateibejan1/ai-masters,no_dockerfile,False,0,0,0,,,0,0,0,0,0,False,,False,,False,,False,,False,,False,,no Dockerfile and no fallback entry point found
https://github.com/areomoon/Mongochu,no_dockerfile,False,0,0,0,,,0,0,0,0,0,False,,False,,False,,False,,False,,False,,no Dockerfile and no fallback entry point found
https://github.com/davelet/yh-ml-learning-group-201903,no_entry,False,0,4,0,,,0,0,0,0,0,False,,False,,False,,False,,False,,False,,Dockerfile(s) found but no Python entry point could be resolved
https://github.com/DamianDobrev/gesture-recognition,no_dockerfile,False,0,0,0,,,0,0,0,0,0,False,,False,,False,,False,,False,,False,,no Dockerfile and no fallback entry point found
https://github.com/shh2000/Bigscity-HMP-Toolkit,no_dockerfile,False,0,0,0,,,0,0,0,0,0,False,,False,,False,,False,,False,,False,,no Dockerfile and no fallback entry point found
https://github.com/TissueMAPS/TmLibrary,ok,False,0,0,1,tmlib\workflow\manager.py,fallback_console_script,1,0,0,1,0,False,,False,,False,,False,,False,,False,,"unverified: missing stages: data_acquisition, data_preparation, modeling, training, evaluation, inference"
https://github.com/kevinlin47/ASLMachineLearning,no_dockerfile,False,0,0,0,,,0,0,0,0,0,False,,False,,False,,False,,False,,False,,no Dockerfile and no fallback entry point found
https://github.com/woroko/TUNIBot,no_dockerfile,False,0,0,0,,,0,0,0,0,0,False,,False,,False,,False,,False,,False,,no Dockerfile and no fallback entry point found
https://github.com/yangzilong1986/kongqi123,ok,False,0,0,1,src\run.py,fallback_nested,1,1,0,0,0,False,,False,,False,,False,,False,,False,,"unverified: missing stages: data_acquisition, data_preparation, modeling, training, evaluation, inference"
https://github.com/shane-miller/Fantasy-NHML,no_dockerfile,False,0,0,0,,,0,0,0,0,0,False,,False,,False,,False,,False,,False,,no Dockerfile and no fallback entry point found
https://github.com/shannonfenn/boolnet,no_dockerfile,False,0,0,0,,,0,0,0,0,0,False,,False,,False,,False,,False,,False,,no Dockerfile and no fallback entry point found
https://github.com/hugoisrr/demonstrator,no_entry,False,0,2,0,,,0,0,0,0,0,False,,False,,False,,False,,False,,False,,Dockerfile(s) found but no Python entry point could be resolved
https://github.com/PolyCortex/polydodo,no_entry,False,0,1,0,,,0,0,0,0,0,False,,False,,False,,False,,False,,False,,Dockerfile(s) found but no Python entry point could be resolved
https://github.com/moming2k/TradingProjects,ok,False,0,0,1,HKHorseDB\main.py,fallback_nested,1,0,0,0,0,False,,False,,False,,False,,False,,False,,"unverified: missing stages: data_acquisition, data_preparation, modeling, training, evaluation, inference"
https://github.com/lukoucky/image_recommendation,no_entry,False,0,1,0,,,0,0,0,0,0,False,,False,,False,,False,,False,,False,,Dockerfile(s) found but no Python entry point could be resolved
https://github.com/llinzy/gen_text_analysis,no_dockerfile,False,0,0,0,,,0,0,0,0,0,False,,False,,False,,False,,False,,False,,no Dockerfile and no fallback entry point found
https://github.com/FrancoBobadilla/NeuralMap,no_dockerfile,False,0,0,0,,,0,0,0,0,0,False,,False,,False,,False,,False,,False,,no Dockerfile and no fallback entry point found
https://github.com/recepayddogdu/Data-Science,no_dockerfile,False,0,0,0,,,0,0,0,0,0,False,,False,,False,,False,,False,,False,,no Dockerfile and no fallback entry point found
https://github.com/anonymous-1992/Timeseries_multiout_forecasting,no_dockerfile,False,0,0,0,,,0,0,0,0,0,False,,False,,False,,False,,False,,False,,no Dockerfile and no fallback entry point found
https://github.com/imetanon/g11apidocker,ok,False,2,1,1,app\main.py,fallback_nested,1,12,0,0,0,True,app/main.py:158 pickle.load [matched pickle.load],False,,False,,False,,False,,True,app/main.py:59 flask.Flask [matched Flask],"unverified: missing stages: data_preparation, modeling, training, evaluation"
https://github.com/brandoncryu/ames_ml_project,no_dockerfile,False,0,0,0,,,0,0,0,0,0,False,,False,,False,,False,,False,,False,,no Dockerfile and no fallback entry point found
https://github.com/fgrelard/ProcessMRI,ok,False,3,0,1,src\main.py,fallback_nested,30,237,3,0,0,True,src/imageio.py:67 nibabel.load [matched nibabel.load],True,src/expfitcontroller.py:112 np.nan_to_num [matched np.nan_to_num],True,src/exponentialfit.py:413 sklearn.mixture.GaussianMixture [matched GaussianMixture],False,,False,,False,,"unverified: missing stages: training, evaluation, inference"
https://github.com/slickml/slick-ml,no_dockerfile,False,0,0,0,,,0,0,0,0,0,False,,False,,False,,False,,False,,False,,no Dockerfile and no fallback entry point found
https://github.com/Daniahblog/SinGAN,no_dockerfile,False,0,0,0,,,0,0,0,0,0,False,,False,,False,,False,,False,,False,,no Dockerfile and no fallback entry point found
https://github.com/pycroscopy/BGlib,ok,False,0,0,1,bglib_mcp_server.py,fallback_console_script,1,11,0,0,1,False,,False,,False,,False,,False,,False,,"unverified: missing stages: data_acquisition, data_preparation, modeling, training, evaluation, inference"
https://github.com/simonmrog/python,no_entry,False,0,13,0,,,0,0,0,0,0,False,,False,,False,,False,,False,,False,,Dockerfile(s) found but no Python entry point could be resolved
https://github.com/brajard/reddaml,no_dockerfile,False,0,0,0,,,0,0,0,0,0,False,,False,,False,,False,,False,,False,,no Dockerfile and no fallback entry point found
https://github.com/matheusft/modelling_ml,ok,False,0,0,1,src\main.py,fallback_nested,1,0,0,0,0,False,,False,,False,,False,,False,,False,,"unverified: missing stages: data_acquisition, data_preparation, modeling, training, evaluation, inference"
https://github.com/med-cab-1/machine_learning,ok,False,1,0,1,app\main.py,fallback_nested,2,0,1,0,0,False,,False,,False,,False,,False,,True,app/main.py:7 fastapi.FastAPI [matched FastAPI],"unverified: missing stages: data_acquisition, data_preparation, modeling, training, evaluation"
https://github.com/Autobot1/ml,no_dockerfile,False,0,0,0,,,0,0,0,0,0,False,,False,,False,,False,,False,,False,,no Dockerfile and no fallback entry point found
https://github.com/heliohackweek/mms_data_hunt,no_dockerfile,False,0,0,0,,,0,0,0,0,0,False,,False,,False,,False,,False,,False,,no Dockerfile and no fallback entry point found
https://github.com/wildltr/ptranking,no_dockerfile,False,0,0,0,,,0,0,0,0,0,False,,False,,False,,False,,False,,False,,no Dockerfile and no fallback entry point found
https://github.com/Christopher-Thornton/hmni,no_dockerfile,False,0,0,0,,,0,0,0,0,0,False,,False,,False,,False,,False,,False,,no Dockerfile and no fallback entry point found
https://github.com/RalphMul/MachineLearning,no_dockerfile,False,0,0,0,,,0,0,0,0,0,False,,False,,False,,False,,False,,False,,no Dockerfile and no fallback entry point found
https://github.com/ali-amirahmadii/CLA_mimum_single_share_size,no_entry,False,0,2,0,,,0,0,0,0,0,False,,False,,False,,False,,False,,False,,Dockerfile(s) found but no Python entry point could be resolved
https://github.com/ucbds-infra/otter-grader,ok,False,2,1,1,otter\__main__.py,fallback_nested,60,370,6,0,2,True,otter/generate/__init__.py:182 json.load [matched json.load],True,otter/grade/utils.py:60 pd.concat [matched pd.concat],False,,False,,False,,False,,"unverified: missing stages: modeling, training, evaluation, inference"
https://github.com/amitgoswami1027/ProductionalizeMachineLearningModels-Master,no_entry,False,0,11,0,,,0,0,0,0,0,False,,False,,False,,False,,False,,False,,Dockerfile(s) found but no Python entry point could be resolved
https://github.com/lnugraha/regression-analysis,no_dockerfile,False,0,0,0,,,0,0,0,0,0,False,,False,,False,,False,,False,,False,,no Dockerfile and no fallback entry point found
https://github.com/sambellsoup/Cover_Letter_Analysis,no_dockerfile,False,0,0,0,,,0,0,0,0,0,False,,False,,False,,False,,False,,False,,no Dockerfile and no fallback entry point found
https://github.com/Optimization-Algorithms/ks.py,no_dockerfile,False,0,0,0,,,0,0,0,0,0,False,,False,,False,,False,,False,,False,,no Dockerfile and no fallback entry point found
https://github.com/jguhlin/lostruct-py,no_dockerfile,False,0,0,0,,,0,0,0,0,0,False,,False,,False,,False,,False,,False,,no Dockerfile and no fallback entry point found
https://github.com/SamyaMaiti2012/fastbook,no_dockerfile,False,0,0,0,,,0,0,0,0,0,False,,False,,False,,False,,False,,False,,no Dockerfile and no fallback entry point found
https://github.com/hadisfr/twitter-followings-clustering,no_dockerfile,False,0,0,0,,,0,0,0,0,0,False,,False,,False,,False,,False,,False,,no Dockerfile and no fallback entry point found
https://github.com/woctezuma/match-steam-banners,no_dockerfile,False,0,0,0,,,0,0,0,0,0,False,,False,,False,,False,,False,,False,,no Dockerfile and no fallback entry point found
https://github.com/yrnb/fastai_coursev4,no_dockerfile,False,0,0,0,,,0,0,0,0,0,False,,False,,False,,False,,False,,False,,no Dockerfile and no fallback entry point found
https://github.com/hkailee/quanp,ok,False,5,0,1,quanp\__main__.py,fallback_nested,38,362,8,0,0,True,quanp/readwrite.py:629 gzip.open [matched gzip.open],True,quanp/plotting/_anndata.py:721 pd.melt [matched .melt],True,quanp/preprocessing/_simple.py:679 sm.GLM [matched sm.GLM],True,quanp/preprocessing/_pca.py:160 pca_.partial_fit [matched .partial_fit],True,quanp/logging.py:45 self.log [matched self.log],False,,unverified: missing stages: inference
https://github.com/boostcamp-2020/relay_02,no_dockerfile,False,0,0,0,,,0,0,0,0,0,False,,False,,False,,False,,False,,False,,no Dockerfile and no fallback entry point found
https://github.com/melaniezheng/twitter_travel,no_dockerfile,False,0,0,0,,,0,0,0,0,0,False,,False,,False,,False,,False,,False,,no Dockerfile and no fallback entry point found
https://github.com/Gerdome/psda-group-4-assignment-1,no_dockerfile,False,0,0,0,,,0,0,0,0,0,False,,False,,False,,False,,False,,False,,no Dockerfile and no fallback entry point found
https://github.com/voidful/TFkit,ok,True,6,1,1,tfkit\train.py,fallback_nested,15,81,3,0,1,True,tfkit/train.py:227 torch.utils.data.DataLoader [matched DataLoader],True,tfkit/utility/tok.py:55 transformers.AutoTokenizer.from_pretrained [matched AutoTokenizer.from_pretrained],True,tfkit/train.py:125 model_class.Model [matched Model],True,tfkit/utility/logger.py:18 torch.utils.tensorboard.SummaryWriter [matched tensorboard.SummaryWriter],True,tfkit/utility/eval_metric.py:219 nlgeval.compute_metrics [matched compute_metrics],True,tfkit/utility/training_utils.py:177 model.eval [matched model.eval],verified: all 6 stages present
https://github.com/JFLandrigan/eagles,no_dockerfile,False,0,0,0,,,0,0,0,0,0,False,,False,,False,,False,,False,,False,,no Dockerfile and no fallback entry point found
https://github.com/softwaresaved/jamie,no_dockerfile,False,0,0,0,,,0,0,0,0,0,False,,False,,False,,False,,False,,False,,no Dockerfile and no fallback entry point found
https://github.com/Apiyo21/10Academy,no_entry,False,0,1,0,,,0,0,0,0,0,False,,False,,False,,False,,False,,False,,Dockerfile(s) found but no Python entry point could be resolved
https://github.com/Khalizo/Deep-Learning-Detection-Of-EEG-Based-Attention,no_dockerfile,False,0,0,0,,,0,0,0,0,0,False,,False,,False,,False,,False,,False,,no Dockerfile and no fallback entry point found
https://github.com/amac-lfc/frsystem,no_dockerfile,False,0,0,0,,,0,0,0,0,0,False,,False,,False,,False,,False,,False,,no Dockerfile and no fallback entry point found
https://github.com/cheesama/nlu_flow_github,no_entry,False,0,12,0,,,0,0,0,0,0,False,,False,,False,,False,,False,,False,,Dockerfile(s) found but no Python entry point could be resolved
https://github.com/marciovai/tweet_sentiment_predictor_api,no_entry,False,0,1,0,,,0,0,0,0,0,False,,False,,False,,False,,False,,False,,Dockerfile(s) found but no Python entry point could be resolved
https://github.com/bhairavmehta2016/enterprisenew,no_entry,False,0,24,0,,,0,0,0,0,0,False,,False,,False,,False,,False,,False,,Dockerfile(s) found but no Python entry point could be resolved
https://github.com/razle24/AI-Link-a-Pix,no_dockerfile,False,0,0,0,,,0,0,0,0,0,False,,False,,False,,False,,False,,False,,no Dockerfile and no fallback entry point found
https://github.com/claimskg/claimskg-embeddings,no_dockerfile,False,0,0,0,,,0,0,0,0,0,False,,False,,False,,False,,False,,False,,no Dockerfile and no fallback entry point found
https://github.com/VictoriaAkintomide/10Academy,no_dockerfile,False,0,0,0,,,0,0,0,0,0,False,,False,,False,,False,,False,,False,,no Dockerfile and no fallback entry point found
https://github.com/artemponomarevjetski/aws-ml-data-pipeline-deep-learniing,no_entry,False,0,15,0,,,0,0,0,0,0,False,,False,,False,,False,,False,,False,,Dockerfile(s) found but no Python entry point could be resolved
https://github.com/lambdaofgod/pytorch_hackathon,no_dockerfile,False,0,0,0,,,0,0,0,0,0,False,,False,,False,,False,,False,,False,,no Dockerfile and no fallback entry point found
https://github.com/udaylunawat/Automatic-License-Plate-Recognition,no_entry,False,0,1,0,,,0,0,0,0,0,False,,False,,False,,False,,False,,False,,Dockerfile(s) found but no Python entry point could be resolved
https://github.com/mindspore-ai/mindarmour,no_dockerfile,False,0,0,0,,,0,0,0,0,0,False,,False,,False,,False,,False,,False,,no Dockerfile and no fallback entry point found
https://github.com/cybertraining-dsc/fa19-516-174,no_entry,False,0,2,0,,,0,0,0,0,0,False,,False,,False,,False,,False,,False,,Dockerfile(s) found but no Python entry point could be resolved
https://github.com/alexmjn/allay-ds,no_dockerfile,False,0,0,0,,,0,0,0,0,0,False,,False,,False,,False,,False,,False,,no Dockerfile and no fallback entry point found
https://github.com/acdh-oeaw/elexis_mwsa_model,ok,False,4,0,1,mwsa_model\train.py,fallback_nested,6,80,3,0,0,True,mwsa_model/train.py:29 yaml.safe_load [matched yaml.safe_load],True,mwsa_model/transformers/lang_pipeline.py:10 sklearn.pipeline.Pipeline [matched sklearn.pipeline.Pipeline],True,mwsa_model/train.py:51 sklearn.ensemble.RandomForestClassifier [matched RandomForestClassifier],True,mwsa_model/service/model_trainer.py:38 sklearn.model_selection.GridSearchCV [matched GridSearchCV],False,,False,,"unverified: missing stages: evaluation, inference"
https://github.com/abkoesdw/The-Elements-of-Statistical-Learning-Python-Codes,no_dockerfile,False,0,0,0,,,0,0,0,0,0,False,,False,,False,,False,,False,,False,,no Dockerfile and no fallback entry point found
https://github.com/Strandtasche/MasterarbeitTobias,no_dockerfile,False,0,0,0,,,0,0,0,0,0,False,,False,,False,,False,,False,,False,,no Dockerfile and no fallback entry point found
https://github.com/Gautam-J/Machine-Learning,no_dockerfile,False,0,0,0,,,0,0,0,0,0,False,,False,,False,,False,,False,,False,,no Dockerfile and no fallback entry point found
https://github.com/mcdomx/cs109b_groupproject,no_dockerfile,False,0,0,0,,,0,0,0,0,0,False,,False,,False,,False,,False,,False,,no Dockerfile and no fallback entry point found
https://github.com/DavisOwen/algoTrading,no_dockerfile,False,0,0,0,,,0,0,0,0,0,False,,False,,False,,False,,False,,False,,no Dockerfile and no fallback entry point found
https://github.com/UFMG-Database-lab/TGA,no_entry,False,0,1,0,,,0,0,0,0,0,False,,False,,False,,False,,False,,False,,Dockerfile(s) found but no Python entry point could be resolved
https://github.com/Deep-Inception/izanami_web,no_entry,False,0,5,0,,,0,0,0,0,0,False,,False,,False,,False,,False,,False,,Dockerfile(s) found but no Python entry point could be resolved
https://github.com/vijay-jindal/Interactive-ML-Platform,no_dockerfile,False,0,0,0,,,0,0,0,0,0,False,,False,,False,,False,,False,,False,,no Dockerfile and no fallback entry point found
https://github.com/ritwickraj78/Fashion-AI,ok,False,1,0,1,backend\main.py,fallback_nested,1,6,0,0,0,False,,False,,False,,False,,False,,True,backend/main.py:13 fastapi.FastAPI [matched FastAPI],"unverified: missing stages: data_acquisition, data_preparation, modeling, training, evaluation"
https://github.com/drds1/Sentiment_NLP,no_dockerfile,False,0,0,0,,,0,0,0,0,0,False,,False,,False,,False,,False,,False,,no Dockerfile and no fallback entry point found
https://github.com/ghutchis/chem1000,no_dockerfile,False,0,0,0,,,0,0,0,0,0,False,,False,,False,,False,,False,,False,,no Dockerfile and no fallback entry point found
https://github.com/scikit-learn-contrib/polylearn,no_dockerfile,False,0,0,0,,,0,0,0,0,0,False,,False,,False,,False,,False,,False,,no Dockerfile and no fallback entry point found
https://github.com/shreyans29/Chat-bot,no_dockerfile,False,0,0,0,,,0,0,0,0,0,False,,False,,False,,False,,False,,False,,no Dockerfile and no fallback entry point found
https://github.com/scotthlee/covid-casedefs,no_dockerfile,False,0,0,0,,,0,0,0,0,0,False,,False,,False,,False,,False,,False,,no Dockerfile and no fallback entry point found
https://github.com/hannasv/MS,no_dockerfile,False,0,0,0,,,0,0,0,0,0,False,,False,,False,,False,,False,,False,,no Dockerfile and no fallback entry point found
https://github.com/Maryam-Ah/MLOps,no_dockerfile,False,0,0,0,,,0,0,0,0,0,False,,False,,False,,False,,False,,False,,no Dockerfile and no fallback entry point found
https://github.com/kiccho1101/kaggle_global_wheat_detection,no_dockerfile,False,0,0,0,,,0,0,0,0,0,False,,False,,False,,False,,False,,False,,no Dockerfile and no fallback entry point found
https://github.com/Relph1119/statistical-learning-method-camp,no_dockerfile,False,0,0,0,,,0,0,0,0,0,False,,False,,False,,False,,False,,False,,no Dockerfile and no fallback entry point found
https://github.com/afrancl/UMAP_lab_meeting,no_dockerfile,False,0,0,0,,,0,0,0,0,0,False,,False,,False,,False,,False,,False,,no Dockerfile and no fallback entry point found
https://github.com/fhkankan/markup,no_entry,False,0,1,0,,,0,0,0,0,0,False,,False,,False,,False,,False,,False,,Dockerfile(s) found but no Python entry point could be resolved
https://github.com/mathslug/showdown_warrior,no_dockerfile,False,0,0,0,,,0,0,0,0,0,False,,False,,False,,False,,False,,False,,no Dockerfile and no fallback entry point found
https://github.com/DANCEcollaborative/reddit_analysis_pipeline_xinru,no_dockerfile,False,0,0,0,,,0,0,0,0,0,False,,False,,False,,False,,False,,False,,no Dockerfile and no fallback entry point found
https://github.com/zzachw/PyHealth,no_entry,False,0,1,0,,,0,0,0,0,0,False,,False,,False,,False,,False,,False,,Dockerfile(s) found but no Python entry point could be resolved
https://github.com/DragonBanana/rec_sys_challenge_2020,no_dockerfile,False,0,0,0,,,0,0,0,0,0,False,,False,,False,,False,,False,,False,,no Dockerfile and no fallback entry point found
https://github.com/samoshyn/NBU_site,no_dockerfile,False,0,0,0,,,0,0,0,0,0,False,,False,,False,,False,,False,,False,,no Dockerfile and no fallback entry point found
https://github.com/fruzzano/vmaf-1,no_entry,False,0,1,0,,,0,0,0,0,0,False,,False,,False,,False,,False,,False,,Dockerfile(s) found but no Python entry point could be resolved
https://github.com/lxmecon/machine,no_entry,False,0,1,0,,,0,0,0,0,0,False,,False,,False,,False,,False,,False,,Dockerfile(s) found but no Python entry point could be resolved
https://github.com/mmcelhan/nfl_capstone,no_dockerfile,False,0,0,0,,,0,0,0,0,0,False,,False,,False,,False,,False,,False,,no Dockerfile and no fallback entry point found
https://github.com/daniCh8/road-segmentation-eth-cil-2020,no_dockerfile,False,0,0,0,,,0,0,0,0,0,False,,False,,False,,False,,False,,False,,no Dockerfile and no fallback entry point found
https://github.com/reinojohn/FaceSwap,ok,False,1,2,1,scripts\train.py,fallback_nested,11,221,5,0,1,True,lib/image.py:269 cv2.imread [matched cv2.imread],False,,False,,False,,False,,False,,"unverified: missing stages: data_preparation, modeling, training, evaluation, inference"
https://github.com/bioidiap/bob.pad.base,no_dockerfile,False,0,0,0,,,0,0,0,0,0,False,,False,,False,,False,,False,,False,,no Dockerfile and no fallback entry point found
https://github.com/AninditaGuha98/Learning-Management-System-serverless-application,no_entry,False,0,1,0,,,0,0,0,0,0,False,,False,,False,,False,,False,,False,,Dockerfile(s) found but no Python entry point could be resolved
https://github.com/cloudhubs/log-errors,no_dockerfile,False,0,0,0,,,0,0,0,0,0,False,,False,,False,,False,,False,,False,,no Dockerfile and no fallback entry point found
https://github.com/gadm21/HAPPY-AI,no_dockerfile,False,0,0,0,,,0,0,0,0,0,False,,False,,False,,False,,False,,False,,no Dockerfile and no fallback entry point found
https://github.com/lturing/tacotronv2_wavernn_chinese,no_dockerfile,False,0,0,0,,,0,0,0,0,0,False,,False,,False,,False,,False,,False,,no Dockerfile and no fallback entry point found
https://github.com/mechAneko12/vr_project,no_dockerfile,False,0,0,0,,,0,0,0,0,0,False,,False,,False,,False,,False,,False,,no Dockerfile and no fallback entry point found
https://github.com/Keiaxx/UAB-Capstone-HomeIOT-Archive,no_dockerfile,False,0,0,0,,,0,0,0,0,0,False,,False,,False,,False,,False,,False,,no Dockerfile and no fallback entry point found
https://github.com/satishchandrareddy/IntroML,no_dockerfile,False,0,0,0,,,0,0,0,0,0,False,,False,,False,,False,,False,,False,,no Dockerfile and no fallback entry point found
https://github.com/pabloarosado/modev,no_dockerfile,False,0,0,0,,,0,0,0,0,0,False,,False,,False,,False,,False,,False,,no Dockerfile and no fallback entry point found
https://github.com/XinyiYS/CollaborativeFairFederatedLearning,no_dockerfile,False,0,0,0,,,0,0,0,0,0,False,,False,,False,,False,,False,,False,,no Dockerfile and no fallback entry point found
https://github.com/finiteautomata/offenseval2020,no_dockerfile,False,0,0,0,,,0,0,0,0,0,False,,False,,False,,False,,False,,False,,no Dockerfile and no fallback entry point found
https://github.com/liyong4x/lm1b,no_dockerfile,False,0,0,0,,,0,0,0,0,0,False,,False,,False,,False,,False,,False,,no Dockerfile and no fallback entry point found
https://github.com/aws/sagemaker-scikit-learn-extension,no_dockerfile,False,0,0,0,,,0,0,0,0,0,False,,False,,False,,False,,False,,False,,no Dockerfile and no fallback entry point found
https://github.com/aws/sagemaker-xgboost-container,no_entry,False,0,4,0,,,0,0,0,0,0,False,,False,,False,,False,,False,,False,,Dockerfile(s) found but no Python entry point could be resolved
https://github.com/awslabs/dgl-lifesci,no_entry,False,0,2,0,,,0,0,0,0,0,False,,False,,False,,False,,False,,False,,Dockerfile(s) found but no Python entry point could be resolved
https://github.com/lffloyd/reddit-topic-modelling,no_dockerfile,False,0,0,0,,,0,0,0,0,0,False,,False,,False,,False,,False,,False,,no Dockerfile and no fallback entry point found
https://github.com/Lucs1590/Nkocr,no_dockerfile,False,0,0,0,,,0,0,0,0,0,False,,False,,False,,False,,False,,False,,no Dockerfile and no fallback entry point found
https://github.com/Glassinatorn/Stockytron,no_entry,False,0,2,0,,,0,0,0,0,0,False,,False,,False,,False,,False,,False,,Dockerfile(s) found but no Python entry point could be resolved
https://github.com/corvideon/aitiaexplorer,no_dockerfile,False,0,0,0,,,0,0,0,0,0,False,,False,,False,,False,,False,,False,,no Dockerfile and no fallback entry point found
https://github.com/vinhdv1628/introduction_AI_utils,no_dockerfile,False,0,0,0,,,0,0,0,0,0,False,,False,,False,,False,,False,,False,,no Dockerfile and no fallback entry point found
https://github.com/darkerego/bmcli,no_dockerfile,False,0,0,0,,,0,0,0,0,0,False,,False,,False,,False,,False,,False,,no Dockerfile and no fallback entry point found
https://github.com/zillow/luminaire,no_dockerfile,False,0,0,0,,,0,0,0,0,0,False,,False,,False,,False,,False,,False,,no Dockerfile and no fallback entry point found
https://github.com/danielvicentini/socialdistance,ok,False,1,0,1,mask-detection\app.py,fallback_nested,1,2,0,0,0,False,,False,,False,,False,,False,,True,mask-detection/app.py:5 flask.Flask [matched Flask],"unverified: missing stages: data_acquisition, data_preparation, modeling, training, evaluation"
https://github.com/elenche95/stores,no_dockerfile,False,0,0,0,,,0,0,0,0,0,False,,False,,False,,False,,False,,False,,no Dockerfile and no fallback entry point found
https://github.com/ArthurCamara/bert-axioms,no_dockerfile,False,0,0,0,,,0,0,0,0,0,False,,False,,False,,False,,False,,False,,no Dockerfile and no fallback entry point found
https://github.com/dcaohuu18/c_stats,no_dockerfile,False,0,0,0,,,0,0,0,0,0,False,,False,,False,,False,,False,,False,,no Dockerfile and no fallback entry point found
https://github.com/rohit077/100_Days_of_ML,no_dockerfile,False,0,0,0,,,0,0,0,0,0,False,,False,,False,,False,,False,,False,,no Dockerfile and no fallback entry point found
https://github.com/run-cmw/trending-yt-vids-api,no_entry,False,0,1,0,,,0,0,0,0,0,False,,False,,False,,False,,False,,False,,Dockerfile(s) found but no Python entry point could be resolved
https://github.com/ctyfang/amz-targetless-cal,no_dockerfile,False,0,0,0,,,0,0,0,0,0,False,,False,,False,,False,,False,,False,,no Dockerfile and no fallback entry point found
https://github.com/se-sic/VaRA-Tool-Suite,no_dockerfile,False,0,0,0,,,0,0,0,0,0,False,,False,,False,,False,,False,,False,,no Dockerfile and no fallback entry point found
https://github.com/MikhailBalandin/Machine-Learning-with-Python,no_dockerfile,False,0,0,0,,,0,0,0,0,0,False,,False,,False,,False,,False,,False,,no Dockerfile and no fallback entry point found
https://github.com/vasoto/w2cservice,no_entry,False,0,1,0,,,0,0,0,0,0,False,,False,,False,,False,,False,,False,,Dockerfile(s) found but no Python entry point could be resolved
https://github.com/asyml/forte,ok,False,1,0,1,forte\command_line\generate_ontology\__main__.py,fallback_console_script,27,408,5,0,0,True,forte/data/ontology/ontology_code_generator.py:763 json.load [matched json.load],False,,False,,False,,False,,False,,"unverified: missing stages: data_preparation, modeling, training, evaluation, inference"
https://github.com/j-cap/Master-Thesis,no_dockerfile,False,0,0,0,,,0,0,0,0,0,False,,False,,False,,False,,False,,False,,no Dockerfile and no fallback entry point found
https://github.com/wragge/hackingheritage2020,no_dockerfile,False,0,0,0,,,0,0,0,0,0,False,,False,,False,,False,,False,,False,,no Dockerfile and no fallback entry point found
https://github.com/CSLukeW/MLProto,ok,False,2,0,1,MLProto\MLProto\ProtoMake.py,fallback_console_script,2,1,1,0,0,True,MLProto/MLProto/ProtoMake.py:32 pd.read_csv [matched pd.read_csv],False,,False,,False,,True,MLProto/MLProto/ProtoMake.py:45 model.evaluate [matched model.evaluate],False,,"unverified: missing stages: data_preparation, modeling, training, inference"
https://github.com/IBM/sib,no_dockerfile,False,0,0,0,,,0,0,0,0,0,False,,False,,False,,False,,False,,False,,no Dockerfile and no fallback entry point found
https://github.com/donakwale2020/materials,no_dockerfile,False,0,0,0,,,0,0,0,0,0,False,,False,,False,,False,,False,,False,,no Dockerfile and no fallback entry point found
https://github.com/senofsky/face-mask-detector,ok,False,1,0,1,face_mask_detector\command_line_interface.py,fallback_console_script,6,26,3,0,0,True,face_mask_detector/lib.py:196 cv2.imread [matched cv2.imread],False,,False,,False,,False,,False,,"unverified: missing stages: data_preparation, modeling, training, evaluation, inference"
https://github.com/CityScope/CS_Mobility_Service,no_dockerfile,False,0,0,0,,,0,0,0,0,0,False,,False,,False,,False,,False,,False,,no Dockerfile and no fallback entry point found
https://github.com/TUD-STKS/PyRCN,no_dockerfile,False,0,0,0,,,0,0,0,0,0,False,,False,,False,,False,,False,,False,,no Dockerfile and no fallback entry point found
https://github.com/johnsonj561/HCPCS-Embeddings-For-Fraud-Detection,no_dockerfile,False,0,0,0,,,0,0,0,0,0,False,,False,,False,,False,,False,,False,,no Dockerfile and no fallback entry point found
https://github.com/sandeepnair2812/Recommendation-system-using-deep-learning,no_dockerfile,False,0,0,0,,,0,0,0,0,0,False,,False,,False,,False,,False,,False,,no Dockerfile and no fallback entry point found
https://github.com/AI-sandbox/XGMix,no_dockerfile,False,0,0,0,,,0,0,0,0,0,False,,False,,False,,False,,False,,False,,no Dockerfile and no fallback entry point found
https://github.com/gionanide/OpiRec,no_dockerfile,False,0,0,0,,,0,0,0,0,0,False,,False,,False,,False,,False,,False,,no Dockerfile and no fallback entry point found
https://github.com/ISS-IS02PT/PRS-PM-ISY5002-GROUP5,no_entry,False,0,3,0,,,0,0,0,0,0,False,,False,,False,,False,,False,,False,,Dockerfile(s) found but no Python entry point could be resolved
https://github.com/popiol/daytrader,no_entry,False,0,1,0,,,0,0,0,0,0,False,,False,,False,,False,,False,,False,,Dockerfile(s) found but no Python entry point could be resolved
https://github.com/yurimida/TIL,no_dockerfile,False,0,0,0,,,0,0,0,0,0,False,,False,,False,,False,,False,,False,,no Dockerfile and no fallback entry point found
https://github.com/Nicolik/HippocampusSegmentationMRI,no_dockerfile,False,0,0,0,,,0,0,0,0,0,False,,False,,False,,False,,False,,False,,no Dockerfile and no fallback entry point found
https://github.com/hallamlab/leADS,ok,False,0,0,1,src\main.py,fallback_nested,1,4,0,0,0,False,,False,,False,,False,,False,,False,,"unverified: missing stages: data_acquisition, data_preparation, modeling, training, evaluation, inference"
https://github.com/autoai-org/Tinyml,no_dockerfile,False,0,0,0,,,0,0,0,0,0,False,,False,,False,,False,,False,,False,,no Dockerfile and no fallback entry point found
https://github.com/Ibrokhimsadikov/Streamlit_app,no_dockerfile,False,0,0,0,,,0,0,0,0,0,False,,False,,False,,False,,False,,False,,no Dockerfile and no fallback entry point found
https://github.com/Raniac/NEURO-LEARN-DOCKER,no_entry,False,0,10,0,,,0,0,0,0,0,False,,False,,False,,False,,False,,False,,Dockerfile(s) found but no Python entry point could be resolved
https://github.com/KnowledgeCaptureAndDiscovery/sosen,ok,False,1,0,1,sosen\__main__.py,fallback_nested,12,61,3,0,0,True,sosen/cli.py:53 json.load [matched json.load],False,,False,,False,,False,,False,,"unverified: missing stages: data_preparation, modeling, training, evaluation, inference"
https://github.com/rajkishorsingh/IBM,no_entry,False,0,1,0,,,0,0,0,0,0,False,,False,,False,,False,,False,,False,,Dockerfile(s) found but no Python entry point could be resolved
https://github.com/CDEIUK/bias-mitigation,no_dockerfile,False,0,0,0,,,0,0,0,0,0,False,,False,,False,,False,,False,,False,,no Dockerfile and no fallback entry point found
https://github.com/yefetBenTili/Deep-learning-udacity,no_dockerfile,False,0,0,0,,,0,0,0,0,0,False,,False,,False,,False,,False,,False,,no Dockerfile and no fallback entry point found
https://github.com/csy1204/recsys_2019_conf_ver,no_dockerfile,False,0,0,0,,,0,0,0,0,0,False,,False,,False,,False,,False,,False,,no Dockerfile and no fallback entry point found
https://github.com/Chayan199916/bsc-final-year-project,no_dockerfile,False,0,0,0,,,0,0,0,0,0,False,,False,,False,,False,,False,,False,,no Dockerfile and no fallback entry point found
https://github.com/MTG/DCASE-models,ok,False,0,0,1,visualization\app.py,fallback_nested,1,0,0,0,0,False,,False,,False,,False,,False,,False,,"unverified: missing stages: data_acquisition, data_preparation, modeling, training, evaluation, inference"
https://github.com/webis-de/acl20-crawling-mailing-lists,no_dockerfile,False,0,0,0,,,0,0,0,0,0,False,,False,,False,,False,,False,,False,,no Dockerfile and no fallback entry point found
https://github.com/quadram-institute-bioscience/peroba,ok,False,0,0,1,perobarosa\peroba.py,fallback_console_script,2,6,1,0,0,False,,False,,False,,False,,False,,False,,"unverified: missing stages: data_acquisition, data_preparation, modeling, training, evaluation, inference"
https://github.com/informationcake/SKA_SDC1_solution,no_entry,False,0,1,0,,,0,0,0,0,0,False,,False,,False,,False,,False,,False,,Dockerfile(s) found but no Python entry point could be resolved
https://github.com/gozsari/SLPred,no_dockerfile,False,0,0,0,,,0,0,0,0,0,False,,False,,False,,False,,False,,False,,no Dockerfile and no fallback entry point found
https://github.com/anandareis/tarifacao-sistemas-transmissao,no_dockerfile,False,0,0,0,,,0,0,0,0,0,False,,False,,False,,False,,False,,False,,no Dockerfile and no fallback entry point found
https://github.com/sjvrijn/multi-level-co-surrogates,no_dockerfile,False,0,0,0,,,0,0,0,0,0,False,,False,,False,,False,,False,,False,,no Dockerfile and no fallback entry point found
https://github.com/imics-lab/identifying_label_noise,no_dockerfile,False,0,0,0,,,0,0,0,0,0,False,,False,,False,,False,,False,,False,,no Dockerfile and no fallback entry point found
https://github.com/FenryrMKIII/udacity-deepLearning,no_dockerfile,False,0,0,0,,,0,0,0,0,0,False,,False,,False,,False,,False,,False,,no Dockerfile and no fallback entry point found
https://github.com/jvanlier/self-driving-car-engineer,no_dockerfile,False,0,0,0,,,0,0,0,0,0,False,,False,,False,,False,,False,,False,,no Dockerfile and no fallback entry point found
https://github.com/pysal/pointpats,no_dockerfile,False,0,0,0,,,0,0,0,0,0,False,,False,,False,,False,,False,,False,,no Dockerfile and no fallback entry point found
https://github.com/glasgowcompbio/vimms,no_dockerfile,False,0,0,0,,,0,0,0,0,0,False,,False,,False,,False,,False,,False,,no Dockerfile and no fallback entry point found
https://github.com/aberkoveo/skillfactory,no_dockerfile,False,0,0,0,,,0,0,0,0,0,False,,False,,False,,False,,False,,False,,no Dockerfile and no fallback entry point found
https://github.com/NingWang1990/pySTEM,no_dockerfile,False,0,0,0,,,0,0,0,0,0,False,,False,,False,,False,,False,,False,,no Dockerfile and no fallback entry point found
https://github.com/bcatoto/bsf,no_dockerfile,False,0,0,0,,,0,0,0,0,0,False,,False,,False,,False,,False,,False,,no Dockerfile and no fallback entry point found
https://github.com/ulelab/imaps,no_dockerfile,False,0,0,0,,,0,0,0,0,0,False,,False,,False,,False,,False,,False,,no Dockerfile and no fallback entry point found
https://github.com/Eylen/deep-learning-nanodegree,no_dockerfile,False,0,0,0,,,0,0,0,0,0,False,,False,,False,,False,,False,,False,,no Dockerfile and no fallback entry point found
https://github.com/federico-stacchietti/bioinformatica,no_dockerfile,False,0,0,0,,,0,0,0,0,0,False,,False,,False,,False,,False,,False,,no Dockerfile and no fallback entry point found
https://github.com/VaCH2/tosca-analysis,no_dockerfile,False,0,0,0,,,0,0,0,0,0,False,,False,,False,,False,,False,,False,,no Dockerfile and no fallback entry point found
https://github.com/mmyros/cluster_quality,ok,False,1,0,1,cluster_quality\scripts\cluster_quality.py,fallback_console_script,3,10,1,0,0,False,,True,cluster_quality/wrappers.py:420 pd.concat [matched pd.concat],False,,False,,False,,False,,"unverified: missing stages: data_acquisition, modeling, training, evaluation, inference"
https://github.com/dpbac/twitter_analysis_online_grocery_NL,no_dockerfile,False,0,0,0,,,0,0,0,0,0,False,,False,,False,,False,,False,,False,,no Dockerfile and no fallback entry point found
https://github.com/civisanalytics/python-glmnet,no_dockerfile,False,0,0,0,,,0,0,0,0,0,False,,False,,False,,False,,False,,False,,no Dockerfile and no fallback entry point found
https://github.com/afriksv/MLFlowProject,no_entry,False,0,5,0,,,0,0,0,0,0,False,,False,,False,,False,,False,,False,,Dockerfile(s) found but no Python entry point could be resolved
https://github.com/Bonny1812/Data-Science-Portfolio,no_dockerfile,False,0,0,0,,,0,0,0,0,0,False,,False,,False,,False,,False,,False,,no Dockerfile and no fallback entry point found
https://github.com/raulbarrue/titanic_api,no_dockerfile,False,0,0,0,,,0,0,0,0,0,False,,False,,False,,False,,False,,False,,no Dockerfile and no fallback entry point found
https://github.com/franec94/Pittsburgh-Bridge-Dataset,no_dockerfile,False,0,0,0,,,0,0,0,0,0,False,,False,,False,,False,,False,,False,,no Dockerfile and no fallback entry point found
https://github.com/abhishekunique/RND-ashwin,ok,False,1,3,1,softlearning\scripts\console_scripts.py,fallback_console_script,3,43,2,0,4,False,,False,,False,,True,examples/instrument.py:246 ray.tune.run [matched ray.tune.run],False,,False,,"unverified: missing stages: data_acquisition, data_preparation, modeling, evaluation, inference"
https://github.com/xhuang2016/Seismic-Detection,no_dockerfile,False,0,0,0,,,0,0,0,0,0,False,,False,,False,,False,,False,,False,,no Dockerfile and no fallback entry point found
https://github.com/meyer-lab/systemsSerology,no_dockerfile,False,0,0,0,,,0,0,0,0,0,False,,False,,False,,False,,False,,False,,no Dockerfile and no fallback entry point found
https://github.com/BhargavRE25/DataScience-Portfolio,no_dockerfile,False,0,0,0,,,0,0,0,0,0,False,,False,,False,,False,,False,,False,,no Dockerfile and no fallback entry point found
https://github.com/myselfHimanshu/ultron-vision,no_dockerfile,False,0,0,0,,,0,0,0,0,0,False,,False,,False,,False,,False,,False,,no Dockerfile and no fallback entry point found
https://github.com/isayevlab/DRACON,no_entry,False,0,1,0,,,0,0,0,0,0,False,,False,,False,,False,,False,,False,,Dockerfile(s) found but no Python entry point could be resolved
https://github.com/angelpaulml17/machine-learning,no_dockerfile,False,0,0,0,,,0,0,0,0,0,False,,False,,False,,False,,False,,False,,no Dockerfile and no fallback entry point found
https://github.com/Pragnya77/Machine_Learning_python,no_dockerfile,False,0,0,0,,,0,0,0,0,0,False,,False,,False,,False,,False,,False,,no Dockerfile and no fallback entry point found
https://github.com/hongjuzzang/room_of_truth,no_dockerfile,False,0,0,0,,,0,0,0,0,0,False,,False,,False,,False,,False,,False,,no Dockerfile and no fallback entry point found
https://github.com/ReginaMayhem/ClusterBusters,no_dockerfile,False,0,0,0,,,0,0,0,0,0,False,,False,,False,,False,,False,,False,,no Dockerfile and no fallback entry point found
https://github.com/amanshenoy/multilogue-net,no_dockerfile,False,0,0,0,,,0,0,0,0,0,False,,False,,False,,False,,False,,False,,no Dockerfile and no fallback entry point found
https://github.com/kjappelbaum/oximachinerunner,no_dockerfile,False,0,0,0,,,0,0,0,0,0,False,,False,,False,,False,,False,,False,,no Dockerfile and no fallback entry point found
https://github.com/ddpoe/emt_project,ok,True,6,0,1,source\main.py,fallback_nested,1,5,0,0,0,True,source/main.py:33 pd.read_csv [matched pd.read_csv],True,source/main.py:205 PCA [matched PCA],True,source/main.py:121 KMeans [matched KMeans],True,source/main.py:9 model.fit [matched model.fit],True,source/main.py:293 sklearn.metrics.mean_squared_error [matched mean_squared_error],True,source/main.py:276 model.predict [matched model.predict],verified: all 6 stages present
https://github.com/jsyoon0823/hide-and-seek,no_entry,False,0,2,0,,,0,0,0,0,0,False,,False,,False,,False,,False,,False,,Dockerfile(s) found but no Python entry point could be resolved
https://github.com/sthory/Pytorch,no_dockerfile,False,0,0,0,,,0,0,0,0,0,False,,False,,False,,False,,False,,False,,no Dockerfile and no fallback entry point found
https://github.com/sassoftware/python-sasctl,no_dockerfile,False,0,0,0,,,0,0,0,0,0,False,,False,,False,,False,,False,,False,,no Dockerfile and no fallback entry point found
https://github.com/jiaying777/E.SUN_Fugle_project,no_dockerfile,False,0,0,0,,,0,0,0,0,0,False,,False,,False,,False,,False,,False,,no Dockerfile and no fallback entry point found
https://github.com/Navigator254/datasets,no_dockerfile,False,0,0,0,,,0,0,0,0,0,False,,False,,False,,False,,False,,False,,no Dockerfile and no fallback entry point found
https://github.com/TAO-Dataset/tao,no_dockerfile,False,0,0,0,,,0,0,0,0,0,False,,False,,False,,False,,False,,False,,no Dockerfile and no fallback entry point found
https://github.com/rusantsovsv/portfolio,no_dockerfile,False,0,0,0,,,0,0,0,0,0,False,,False,,False,,False,,False,,False,,no Dockerfile and no fallback entry point found
https://github.com/tayutaedomo/tensorflow-sandbox,no_dockerfile,False,0,0,0,,,0,0,0,0,0,False,,False,,False,,False,,False,,False,,no Dockerfile and no fallback entry point found
https://github.com/changjung1995/WQD7005_Data_Mining,no_dockerfile,False,0,0,0,,,0,0,0,0,0,False,,False,,False,,False,,False,,False,,no Dockerfile and no fallback entry point found
https://github.com/sarahnursyaza/Used-Car-Price-Prediction,no_dockerfile,False,0,0,0,,,0,0,0,0,0,False,,False,,False,,False,,False,,False,,no Dockerfile and no fallback entry point found
https://github.com/AfiqahRoha/DataMining,no_dockerfile,False,0,0,0,,,0,0,0,0,0,False,,False,,False,,False,,False,,False,,no Dockerfile and no fallback entry point found
https://github.com/JHUAPL/PINE,no_entry,False,0,7,0,,,0,0,0,0,0,False,,False,,False,,False,,False,,False,,Dockerfile(s) found but no Python entry point could be resolved
https://github.com/FanWangEcon/pyfan,no_dockerfile,False,0,0,0,,,0,0,0,0,0,False,,False,,False,,False,,False,,False,,no Dockerfile and no fallback entry point found
https://github.com/BloomTech-Labs/video-journal-for-teams-ds,no_entry,False,0,1,0,,,0,0,0,0,0,False,,False,,False,,False,,False,,False,,Dockerfile(s) found but no Python entry point could be resolved
https://github.com/ElementAI/embedding-propagation,no_dockerfile,False,0,0,0,,,0,0,0,0,0,False,,False,,False,,False,,False,,False,,no Dockerfile and no fallback entry point found
https://github.com/remiID/handson-ml,no_entry,False,0,1,0,,,0,0,0,0,0,False,,False,,False,,False,,False,,False,,Dockerfile(s) found but no Python entry point could be resolved
https://github.com/ShaoxiongYuan/PycharmProjects,no_dockerfile,False,0,0,0,,,0,0,0,0,0,False,,False,,False,,False,,False,,False,,no Dockerfile and no fallback entry point found
https://github.com/akre96/opthamology_image_processing,no_dockerfile,False,0,0,0,,,0,0,0,0,0,False,,False,,False,,False,,False,,False,,no Dockerfile and no fallback entry point found
https://github.com/RainVagel/confidence-thesis,no_dockerfile,False,0,0,0,,,0,0,0,0,0,False,,False,,False,,False,,False,,False,,no Dockerfile and no fallback entry point found
https://github.com/brian-team/brian2modelfitting,no_dockerfile,False,0,0,0,,,0,0,0,0,0,False,,False,,False,,False,,False,,False,,no Dockerfile and no fallback entry point found
https://github.com/atoms-to-intelligence/tapestry,no_dockerfile,False,0,0,0,,,0,0,0,0,0,False,,False,,False,,False,,False,,False,,no Dockerfile and no fallback entry point found
https://github.com/Megatron8010/science_concierge,no_dockerfile,False,0,0,0,,,0,0,0,0,0,False,,False,,False,,False,,False,,False,,no Dockerfile and no fallback entry point found
https://github.com/tkleyton/codenation,no_dockerfile,False,0,0,0,,,0,0,0,0,0,False,,False,,False,,False,,False,,False,,no Dockerfile and no fallback entry point found
https://github.com/PacktWorkshops/The-Supervised-Learning-Workshop,no_dockerfile,False,0,0,0,,,0,0,0,0,0,False,,False,,False,,False,,False,,False,,no Dockerfile and no fallback entry point found
https://github.com/digitalepidemiologylab/covid-twitter-bert,no_dockerfile,False,0,0,0,,,0,0,0,0,0,False,,False,,False,,False,,False,,False,,no Dockerfile and no fallback entry point found
https://github.com/fish-quant/big-fish,no_dockerfile,False,0,0,0,,,0,0,0,0,0,False,,False,,False,,False,,False,,False,,no Dockerfile and no fallback entry point found
https://github.com/collab-uniba/PanelJamDataExtractor,no_dockerfile,False,0,0,0,,,0,0,0,0,0,False,,False,,False,,False,,False,,False,,no Dockerfile and no fallback entry point found
https://github.com/sowmiya-2805/SForientation_assignments,no_dockerfile,False,0,0,0,,,0,0,0,0,0,False,,False,,False,,False,,False,,False,,no Dockerfile and no fallback entry point found
https://github.com/murray-cecile/cfpb-complaints,no_dockerfile,False,0,0,0,,,0,0,0,0,0,False,,False,,False,,False,,False,,False,,no Dockerfile and no fallback entry point found
https://github.com/Mymoza/BeatPD-CLSP-JHU,no_dockerfile,False,0,0,0,,,0,0,0,0,0,False,,False,,False,,False,,False,,False,,no Dockerfile and no fallback entry point found
https://github.com/chathika/EvolutionaryModelDiscovery,no_dockerfile,False,0,0,0,,,0,0,0,0,0,False,,False,,False,,False,,False,,False,,no Dockerfile and no fallback entry point found
https://github.com/danielchain3/BoolQ,no_entry,False,0,6,0,,,0,0,0,0,0,False,,False,,False,,False,,False,,False,,Dockerfile(s) found but no Python entry point could be resolved
https://github.com/pupil-labs/pye3d-detector,no_dockerfile,False,0,0,0,,,0,0,0,0,0,False,,False,,False,,False,,False,,False,,no Dockerfile and no fallback entry point found
https://github.com/MichaelBehr/LSTM-RNN-for-Text-Generating-items-in-DnD,no_dockerfile,False,0,0,0,,,0,0,0,0,0,False,,False,,False,,False,,False,,False,,no Dockerfile and no fallback entry point found
https://github.com/svjan5/medtype,no_entry,False,0,1,0,,,0,0,0,0,0,False,,False,,False,,False,,False,,False,,Dockerfile(s) found but no Python entry point could be resolved
https://github.com/ElementAI/LCFCN,no_dockerfile,False,0,0,0,,,0,0,0,0,0,False,,False,,False,,False,,False,,False,,no Dockerfile and no fallback entry point found
https://github.com/gesteves91/software-engineering-ml,no_dockerfile,False,0,0,0,,,0,0,0,0,0,False,,False,,False,,False,,False,,False,,no Dockerfile and no fallback entry point found
https://github.com/kubeflow-kale/kale,ok,False,4,1,1,kale\cli.py,fallback_console_script,16,181,4,0,0,True,kale/marshal/backends.py:89 np.load [matched np.load],True,kale/processors/nbprocessor.py:228 kale.pipeline.Pipeline [matched Pipeline],True,kale/marshal/backends.py:154 xgb.DMatrix [matched xgb.DMatrix],False,,False,,True,kale/marshal/backends.py:170 torch.jit.script [matched torch.jit.script],"unverified: missing stages: training, evaluation"
https://github.com/shaunchua94/projects,no_dockerfile,False,0,0,0,,,0,0,0,0,0,False,,False,,False,,False,,False,,False,,no Dockerfile and no fallback entry point found
https://github.com/martinsps/Visualization_SD,no_dockerfile,False,0,0,0,,,0,0,0,0,0,False,,False,,False,,False,,False,,False,,no Dockerfile and no fallback entry point found
https://github.com/doraadong/MESSI,ok,True,6,0,1,messi\messi.py,fallback_console_script,6,63,2,0,0,True,messi/data_processing.py:97 pd.read_csv [matched pd.read_csv],True,messi/data_processing.py:961 sklearn.preprocessing.PolynomialFeatures [matched PolynomialFeatures],True,messi/messi.py:433 sklearn.cluster.AgglomerativeClustering [matched AgglomerativeClustering],True,messi/messi.py:437 model.fit [matched model.fit],True,messi/hme.py:269 sklearn.metrics.log_loss [matched log_loss],True,messi/messi.py:467 model.predict [matched model.predict],verified: all 6 stages present
https://github.com/visionjo/pykinship,no_dockerfile,False,0,0,0,,,0,0,0,0,0,False,,False,,False,,False,,False,,False,,no Dockerfile and no fallback entry point found
https://github.com/GiuliaLanzillotta/Econobox-SA,ok,True,6,0,1,classifier\main.py,fallback_nested,29,180,3,0,0,True,classifier/pipeline.py:998 np.load [matched np.load],True,classifier/pipeline.py:884 sklearn.model_selection.KFold [matched KFold],True,BERT_NN.py:135 tf.keras.layers.Input [matched tf.keras.layers.*],True,classifier/vanilla_NN.py:64 self.model.fit [matched model.fit],True,classifier/vanilla_NN.py:79 self.model.evaluate [matched model.evaluate],True,classifier/pipeline.py:844 model.model.predict [matched model.predict],verified: all 6 stages present
https://github.com/ucalyptus/BS-Nets-Implementation-Pytorch,no_entry,False,0,1,0,,,0,0,0,0,0,False,,False,,False,,False,,False,,False,,Dockerfile(s) found but no Python entry point could be resolved
https://github.com/ppdebreuck/modnet,no_dockerfile,False,0,0,0,,,0,0,0,0,0,False,,False,,False,,False,,False,,False,,no Dockerfile and no fallback entry point found
https://github.com/teammanicotti/writingstyle,ok,False,0,2,1,seniorproject\__main__.py,fallback_nested,1,0,0,0,0,False,,False,,False,,False,,False,,False,,"unverified: missing stages: data_acquisition, data_preparation, modeling, training, evaluation, inference"
https://github.com/irgroup/trec-covid,ok,False,0,0,1,scripts\train.py,fallback_nested,1,0,0,0,0,False,,False,,False,,False,,False,,False,,"unverified: missing stages: data_acquisition, data_preparation, modeling, training, evaluation, inference"
https://github.com/christopher-gong/optometry,no_dockerfile,False,0,0,0,,,0,0,0,0,0,False,,False,,False,,False,,False,,False,,no Dockerfile and no fallback entry point found
https://github.com/AlfandaryAviv/Transitions,no_dockerfile,False,0,0,0,,,0,0,0,0,0,False,,False,,False,,False,,False,,False,,no Dockerfile and no fallback entry point found
https://github.com/nkinesis/tcc-gabriel,no_dockerfile,False,0,0,0,,,0,0,0,0,0,False,,False,,False,,False,,False,,False,,no Dockerfile and no fallback entry point found
https://github.com/pikvic/sgm-python,ok,True,6,2,1,app\main.py,fallback_nested,32,88,3,0,0,True,app/core/tasks.py:28 requests.get [matched requests.get],True,app/methods/legacy/tasks.py:149 sklearn.preprocessing.StandardScaler [matched StandardScaler],True,app/methods/legacy/tasks.py:39 sklearn.linear_model.LinearRegression [matched LinearRegression],True,app/methods/legacy/tasks.py:229 kmeans.fit_predict [matched .fit_predict],True,app/methods/legacy/tasks.py:45 sklearn.metrics.mean_squared_error [matched mean_squared_error],True,app/main.py:28 fastapi.FastAPI [matched FastAPI],verified: all 6 stages present
https://github.com/Midoriii/EPL-prediction,no_dockerfile,False,0,0,0,,,0,0,0,0,0,False,,False,,False,,False,,False,,False,,no Dockerfile and no fallback entry point found
https://github.com/christiancosgrove/cs767final,no_dockerfile,False,0,0,0,,,0,0,0,0,0,False,,False,,False,,False,,False,,False,,no Dockerfile and no fallback entry point found
https://github.com/altescy/colt,no_dockerfile,False,0,0,0,,,0,0,0,0,0,False,,False,,False,,False,,False,,False,,no Dockerfile and no fallback entry point found
https://github.com/Ancrilin/Gan-s-Exploration,no_dockerfile,False,0,0,0,,,0,0,0,0,0,False,,False,,False,,False,,False,,False,,no Dockerfile and no fallback entry point found
https://github.com/chridey/fever2-columbia,ok,False,1,1,1,src\train.py,fallback_nested,1,1,0,0,0,False,,False,,False,,True,src/train.py:120 trainer.train [matched trainer.train],False,,False,,"unverified: missing stages: data_acquisition, data_preparation, modeling, evaluation, inference"
https://github.com/BNext-IQT/antivirals,ok,False,4,1,1,antivirals\__main__.py,fallback_nested,7,60,2,0,0,True,antivirals/__init__.py:10 sqlalchemy.create_engine [matched sqlalchemy.create_engine],True,antivirals/chem.py:118 sklearn.model_selection.train_test_split [matched train_test_split],True,antivirals/chem.py:106 sklearn.ensemble.RandomForestClassifier [matched RandomForestClassifier],False,,True,antivirals/chem.py:128 sklearn.metrics.roc_auc_score [matched roc_auc_score],False,,"unverified: missing stages: training, inference"
https://github.com/KillingJoke42/reddit-flair-detector-india,no_dockerfile,False,0,0,0,,,0,0,0,0,0,False,,False,,False,,False,,False,,False,,no Dockerfile and no fallback entry point found
https://github.com/prise6/medias-trends,ok,False,4,1,1,mediastrends\cli.py,fallback_console_script,32,315,4,0,0,True,mediastrends/tools/config.py:92 yaml.safe_load [matched yaml.safe_load],True,mediastrends/trends/TrendsEngine.py:63 pd.concat [matched pd.concat],True,mediastrends/database/peewee/PTorrent.py:0 class PTorrent [matched <class subclasses model base>],True,mediastrends/tools/movies.py:51 fit_predict [matched .fit_predict],False,,False,,"unverified: missing stages: evaluation, inference"
https://github.com/bjmorgan/pyscses,no_dockerfile,False,0,0,0,,,0,0,0,0,0,False,,False,,False,,False,,False,,False,,no Dockerfile and no fallback entry point found
https://github.com/Taha-Daniel/air_passenger,no_dockerfile,False,0,0,0,,,0,0,0,0,0,False,,False,,False,,False,,False,,False,,no Dockerfile and no fallback entry point found
https://github.com/priyankadonta/Digital_Marketing_Analytics,no_dockerfile,False,0,0,0,,,0,0,0,0,0,False,,False,,False,,False,,False,,False,,no Dockerfile and no fallback entry point found
https://github.com/NickTidwell/StockMarket_GroupProject,no_dockerfile,False,0,0,0,,,0,0,0,0,0,False,,False,,False,,False,,False,,False,,no Dockerfile and no fallback entry point found
https://github.com/chanship72/pathloss,no_dockerfile,False,0,0,0,,,0,0,0,0,0,False,,False,,False,,False,,False,,False,,no Dockerfile and no fallback entry point found
https://github.com/HMS-IDAC/BINDER,no_dockerfile,False,0,0,0,,,0,0,0,0,0,False,,False,,False,,False,,False,,False,,no Dockerfile and no fallback entry point found
https://github.com/koen199/Udacity_working_repo,no_dockerfile,False,0,0,0,,,0,0,0,0,0,False,,False,,False,,False,,False,,False,,no Dockerfile and no fallback entry point found
https://github.com/evrenarslan/Python-Egitim,no_dockerfile,False,0,0,0,,,0,0,0,0,0,False,,False,,False,,False,,False,,False,,no Dockerfile and no fallback entry point found
https://github.com/bukolastella/Data-Science,no_dockerfile,False,0,0,0,,,0,0,0,0,0,False,,False,,False,,False,,False,,False,,no Dockerfile and no fallback entry point found
https://github.com/xphongvn/dcase2020,ok,False,1,0,1,SVDD\main.py,fallback_nested,1,1,0,0,0,True,SVDD/main.py:114 datasets.main.load_dataset [matched load_dataset],False,,False,,False,,False,,False,,"unverified: missing stages: data_preparation, modeling, training, evaluation, inference"
https://github.com/krantirk/Face-Track-Detect-Extract,no_dockerfile,False,0,0,0,,,0,0,0,0,0,False,,False,,False,,False,,False,,False,,no Dockerfile and no fallback entry point found
https://github.com/sharajpanwar/CC-WGAN-GP,no_dockerfile,False,0,0,0,,,0,0,0,0,0,False,,False,,False,,False,,False,,False,,no Dockerfile and no fallback entry point found
https://github.com/who8736/stockdatamanage,no_dockerfile,False,0,0,0,,,0,0,0,0,0,False,,False,,False,,False,,False,,False,,no Dockerfile and no fallback entry point found
https://github.com/JBris/data_mining_group_assignment,no_entry,False,0,2,0,,,0,0,0,0,0,False,,False,,False,,False,,False,,False,,Dockerfile(s) found but no Python entry point could be resolved
https://github.com/rajdeep-biswas/covid19-prediction,no_dockerfile,False,0,0,0,,,0,0,0,0,0,False,,False,,False,,False,,False,,False,,no Dockerfile and no fallback entry point found
https://github.com/QData/TextAttack,ok,True,6,0,1,textattack\__main__.py,fallback_nested,158,690,8,0,1,True,textattack/model_args.py:279 json.load [matched json.load],True,textattack/model_args.py:224 transformers.AutoTokenizer.from_pretrained [matched AutoTokenizer.from_pretrained],True,textattack/model_args.py:221 transformers.AutoModelForSequenceClassification.from_pretrained [matched AutoModelForSequenceClassification.from_pretrained],True,textattack/trainer.py:489 def training_step [matched <lightning hook training_step>],True,textattack/trainer.py:325 wandb.log [matched wandb.log],True,textattack/trainer.py:716 model.eval [matched model.eval],verified: all 6 stages present
https://github.com/vinceLuong/residual-sample-nn,no_dockerfile,False,0,0,0,,,0,0,0,0,0,False,,False,,False,,False,,False,,False,,no Dockerfile and no fallback entry point found
https://github.com/rahlk/frisky-frog,no_dockerfile,False,0,0,0,,,0,0,0,0,0,False,,False,,False,,False,,False,,False,,no Dockerfile and no fallback entry point found
https://github.com/sy-wada/blue_benchmark_with_transformers,no_dockerfile,False,0,0,0,,,0,0,0,0,0,False,,False,,False,,False,,False,,False,,no Dockerfile and no fallback entry point found
https://github.com/stanton119/data-analysis,no_dockerfile,False,0,0,0,,,0,0,0,0,0,False,,False,,False,,False,,False,,False,,no Dockerfile and no fallback entry point found
https://github.com/Data-drone/spark_learn,no_entry,False,0,2,0,,,0,0,0,0,0,False,,False,,False,,False,,False,,False,,Dockerfile(s) found but no Python entry point could be resolved
https://github.com/privacytrustlab/ml_privacy_meter,no_dockerfile,False,0,0,0,,,0,0,0,0,0,False,,False,,False,,False,,False,,False,,no Dockerfile and no fallback entry point found
https://github.com/a3darekar/digital_immunization_registry,no_dockerfile,False,0,0,0,,,0,0,0,0,0,False,,False,,False,,False,,False,,False,,no Dockerfile and no fallback entry point found
https://github.com/NaveenVSrinivasan/COVIDAnalysis,no_dockerfile,False,0,0,0,,,0,0,0,0,0,False,,False,,False,,False,,False,,False,,no Dockerfile and no fallback entry point found
https://github.com/fabio-echegaray/centrosome-tracking,no_dockerfile,False,0,0,0,,,0,0,0,0,0,False,,False,,False,,False,,False,,False,,no Dockerfile and no fallback entry point found
https://github.com/pattyhendrix/badai,no_dockerfile,False,0,0,0,,,0,0,0,0,0,False,,False,,False,,False,,False,,False,,no Dockerfile and no fallback entry point found
https://github.com/valdassukevicius/Hands-On-ML,no_entry,False,0,1,0,,,0,0,0,0,0,False,,False,,False,,False,,False,,False,,Dockerfile(s) found but no Python entry point could be resolved
https://github.com/michael-causalens/ds_toolbox,no_dockerfile,False,0,0,0,,,0,0,0,0,0,False,,False,,False,,False,,False,,False,,no Dockerfile and no fallback entry point found
https://github.com/StevenGolovkine/FDApy,no_dockerfile,False,0,0,0,,,0,0,0,0,0,False,,False,,False,,False,,False,,False,,no Dockerfile and no fallback entry point found
https://github.com/aksarkar/scmodes,no_dockerfile,False,0,0,0,,,0,0,0,0,0,False,,False,,False,,False,,False,,False,,no Dockerfile and no fallback entry point found
https://github.com/egorkrash/SiameseNetwork,no_dockerfile,False,0,0,0,,,0,0,0,0,0,False,,False,,False,,False,,False,,False,,no Dockerfile and no fallback entry point found
https://github.com/riteshkarvaloc/medical-demo,no_entry,False,0,1,0,,,0,0,0,0,0,False,,False,,False,,False,,False,,False,,Dockerfile(s) found but no Python entry point could be resolved
https://github.com/edbeard/ChemSchematicResolver,no_dockerfile,False,0,0,0,,,0,0,0,0,0,False,,False,,False,,False,,False,,False,,no Dockerfile and no fallback entry point found
https://github.com/CryptSen/CryptoForecast,no_entry,False,0,3,0,,,0,0,0,0,0,False,,False,,False,,False,,False,,False,,Dockerfile(s) found but no Python entry point could be resolved
https://github.com/stbiadmin/fastai,no_dockerfile,False,0,0,0,,,0,0,0,0,0,False,,False,,False,,False,,False,,False,,no Dockerfile and no fallback entry point found
https://github.com/thomaskeefe/sigclust,no_dockerfile,False,0,0,0,,,0,0,0,0,0,False,,False,,False,,False,,False,,False,,no Dockerfile and no fallback entry point found
https://github.com/AHartmaier/pyLabFEA,no_dockerfile,False,0,0,0,,,0,0,0,0,0,False,,False,,False,,False,,False,,False,,no Dockerfile and no fallback entry point found
https://github.com/emnordi/ce888,no_dockerfile,False,0,0,0,,,0,0,0,0,0,False,,False,,False,,False,,False,,False,,no Dockerfile and no fallback entry point found
https://github.com/cloudjerry/tf-gamesbiz,ok,False,2,0,1,gamesbiz\train.py,fallback_nested,3,21,2,0,0,True,gamesbiz/train.py:33 pd.read_csv [matched pd.read_csv],True,gamesbiz/train.py:46 sklearn.preprocessing.MinMaxScaler [matched MinMaxScaler],False,,False,,False,,False,,"unverified: missing stages: modeling, training, evaluation, inference"
https://github.com/barium-project/qubit-reliability,no_dockerfile,False,0,0,0,,,0,0,0,0,0,False,,False,,False,,False,,False,,False,,no Dockerfile and no fallback entry point found
https://github.com/h4nyu/imet-2020-fgvc7,no_entry,False,0,1,0,,,0,0,0,0,0,False,,False,,False,,False,,False,,False,,Dockerfile(s) found but no Python entry point could be resolved
https://github.com/hietalajulius/word-2-vec-nlp,no_dockerfile,False,0,0,0,,,0,0,0,0,0,False,,False,,False,,False,,False,,False,,no Dockerfile and no fallback entry point found
https://github.com/PanosIs/tu-machine-learning,no_dockerfile,False,0,0,0,,,0,0,0,0,0,False,,False,,False,,False,,False,,False,,no Dockerfile and no fallback entry point found
https://github.com/GatiAher/Xkcd_Data_Visualization,no_dockerfile,False,0,0,0,,,0,0,0,0,0,False,,False,,False,,False,,False,,False,,no Dockerfile and no fallback entry point found
https://github.com/taylorjsimpson/TJSProjects,no_dockerfile,False,0,0,0,,,0,0,0,0,0,False,,False,,False,,False,,False,,False,,no Dockerfile and no fallback entry point found
https://github.com/zgulde/zgulde-python,ok,False,0,0,1,zgulde\__main__.py,fallback_nested,1,0,0,0,0,False,,False,,False,,False,,False,,False,,"unverified: missing stages: data_acquisition, data_preparation, modeling, training, evaluation, inference"
https://github.com/YnsOzt/umons_mnmt,no_dockerfile,False,0,0,0,,,0,0,0,0,0,False,,False,,False,,False,,False,,False,,no Dockerfile and no fallback entry point found
https://github.com/omicsEye/omeClust,ok,False,1,0,1,omeClust\omeClust.py,fallback_console_script,2,6,1,0,0,False,,True,omeClust/omeClust.py:172 pd.concat [matched pd.concat],False,,False,,False,,False,,"unverified: missing stages: data_acquisition, modeling, training, evaluation, inference"
https://github.com/hallamlab/SABer,no_entry,False,0,1,0,,,0,0,0,0,0,False,,False,,False,,False,,False,,False,,Dockerfile(s) found but no Python entry point could be resolved
https://github.com/gongtian1234/CV2019,no_dockerfile,False,0,0,0,,,0,0,0,0,0,False,,False,,False,,False,,False,,False,,no Dockerfile and no fallback entry point found
https://github.com/achenbachsven/learningSkript,no_dockerfile,False,0,0,0,,,0,0,0,0,0,False,,False,,False,,False,,False,,False,,no Dockerfile and no fallback entry point found
https://github.com/HSE-LAMBDA/satellite-2019,no_dockerfile,False,0,0,0,,,0,0,0,0,0,False,,False,,False,,False,,False,,False,,no Dockerfile and no fallback entry point found
https://github.com/asafsilman/GalaxyEnvironmentAnalysis,no_dockerfile,False,0,0,0,,,0,0,0,0,0,False,,False,,False,,False,,False,,False,,no Dockerfile and no fallback entry point found
https://github.com/oxcompsoc/learntocode,no_dockerfile,False,0,0,0,,,0,0,0,0,0,False,,False,,False,,False,,False,,False,,no Dockerfile and no fallback entry point found
https://github.com/MobsLab/neuroEncoders,no_dockerfile,False,0,0,0,,,0,0,0,0,0,False,,False,,False,,False,,False,,False,,no Dockerfile and no fallback entry point found
https://github.com/hep-lbdl/CaloGAN,ok,False,3,1,1,models\train.py,fallback_nested,2,3,1,0,0,True,models/train.py:157 yaml.load [matched yaml.load],True,models/train.py:208 sklearn.preprocessing.LabelEncoder [matched LabelEncoder],True,models/train.py:216 keras.layers.Input [matched keras.layers.*],False,,False,,False,,"unverified: missing stages: training, evaluation, inference"
https://github.com/Smartrealtyio/realty_backend,ok,False,4,0,1,app\app.py,fallback_nested,5,24,1,0,0,True,utils/developers.py:37 pd.read_csv [matched pd.read_csv],True,utils/price_term.py:60 pd.concat [matched pd.concat],True,utils/price_term.py:260 sklearn.linear_model.LinearRegression [matched LinearRegression],False,,False,,True,app/app.py:12 flask.Flask [matched Flask],"unverified: missing stages: training, evaluation"
https://github.com/grosenberger/easypqp,ok,False,4,1,1,easypqp\main.py,fallback_nested,10,122,1,0,0,True,easypqp/main.py:911 sqlite3.connect [matched sqlite3.connect],True,easypqp/main.py:918 pd.cut [matched pd.cut],True,easypqp/library.py:403 sklearn.linear_model.linear_model.LinearRegression [matched LinearRegression],True,easypqp/library.py:354 sklearn.linear_model.model_selection.GridSearchCV [matched GridSearchCV],False,,False,,"unverified: missing stages: evaluation, inference"
https://github.com/wellcometrust/deep_reference_parser,ok,False,5,0,1,deep_reference_parser\__main__.py,fallback_nested,15,61,4,0,0,True,deep_reference_parser/common.py:45 urllib.request.urlretrieve [matched urllib.request.urlretrieve],False,,True,deep_reference_parser/deep_reference_parser.py:369 keras.layers.Input [matched keras.layers.*],True,deep_reference_parser/deep_reference_parser.py:516 self.model.fit [matched model.fit],True,deep_reference_parser/model_utils.py:447 sklearn.metrics.precision_recall_fscore_support [matched precision_recall_fscore_support],True,deep_reference_parser/deep_reference_parser.py:898 self.model.predict [matched model.predict],unverified: missing stages: data_preparation
https://github.com/int-brain-lab/ibllib,ok,False,4,0,1,ibllib\qc\task_qc_viewer\task_qc.py,fallback_console_script,76,1082,6,0,2,True,ibllib/io/raw_data_loaders.py:137 np.fromfile [matched np.fromfile],True,ibllib/qc/task_metrics.py:524 np.nan_to_num [matched np.nan_to_num],True,brainbox/population/decode.py:304 sklearn.linear_model.LinearRegression [matched LinearRegression],False,,True,brainbox/io/one.py:1002 SpikeSortingLoader.compute_metrics [matched compute_metrics],False,,"unverified: missing stages: training, inference"
https://github.com/ruthvik92/SpykeFlow,no_dockerfile,False,0,0,0,,,0,0,0,0,0,False,,False,,False,,False,,False,,False,,no Dockerfile and no fallback entry point found
https://github.com/EBargallo/https-github.com-jordipons-sklearn-audio-transfer-learning,no_dockerfile,False,0,0,0,,,0,0,0,0,0,False,,False,,False,,False,,False,,False,,no Dockerfile and no fallback entry point found
https://github.com/wellcometrust/WellcomeML,ok,False,0,0,1,wellcomeml\__main__.py,fallback_nested,1,1,0,0,0,False,,False,,False,,False,,False,,False,,"unverified: missing stages: data_acquisition, data_preparation, modeling, training, evaluation, inference"
https://github.com/ebonnefemne/Microbiome-Protein-Folding,no_dockerfile,False,0,0,0,,,0,0,0,0,0,False,,False,,False,,False,,False,,False,,no Dockerfile and no fallback entry point found
https://github.com/vertti/crypto-tweet-spam-ml,no_entry,False,0,1,0,,,0,0,0,0,0,False,,False,,False,,False,,False,,False,,Dockerfile(s) found but no Python entry point could be resolved
https://github.com/silkroading/open_model_zoo,no_dockerfile,False,0,0,0,,,0,0,0,0,0,False,,False,,False,,False,,False,,False,,no Dockerfile and no fallback entry point found
https://github.com/imanousar/Automatic-Subtitles-Synchronization,no_dockerfile,False,0,0,0,,,0,0,0,0,0,False,,False,,False,,False,,False,,False,,no Dockerfile and no fallback entry point found
https://github.com/gabrielasuchopar/genens,no_dockerfile,False,0,0,0,,,0,0,0,0,0,False,,False,,False,,False,,False,,False,,no Dockerfile and no fallback entry point found
https://github.com/janedoesrepo/Autoencoder-ImbalancedCreditData,no_dockerfile,False,0,0,0,,,0,0,0,0,0,False,,False,,False,,False,,False,,False,,no Dockerfile and no fallback entry point found
https://github.com/adamw00000/MAK-Datahub,no_dockerfile,False,0,0,0,,,0,0,0,0,0,False,,False,,False,,False,,False,,False,,no Dockerfile and no fallback entry point found
https://github.com/tmcclintock/PanoramAI,no_dockerfile,False,0,0,0,,,0,0,0,0,0,False,,False,,False,,False,,False,,False,,no Dockerfile and no fallback entry point found
https://github.com/staceythood/Opioid-Epidemic-in-Connecticut-,no_dockerfile,False,0,0,0,,,0,0,0,0,0,False,,False,,False,,False,,False,,False,,no Dockerfile and no fallback entry point found
https://github.com/AngeloCa/Subvention_prediction,no_dockerfile,False,0,0,0,,,0,0,0,0,0,False,,False,,False,,False,,False,,False,,no Dockerfile and no fallback entry point found
https://github.com/giotto-ai/time_series_energy_demand,no_dockerfile,False,0,0,0,,,0,0,0,0,0,False,,False,,False,,False,,False,,False,,no Dockerfile and no fallback entry point found
https://github.com/seahrh/sgcharts-ml,no_dockerfile,False,0,0,0,,,0,0,0,0,0,False,,False,,False,,False,,False,,False,,no Dockerfile and no fallback entry point found
https://github.com/quantumblacklabs/causalnex,clone_failed,False,0,0,0,,,0,0,0,0,0,False,,False,,False,,False,,False,,False,,remote: Repository not found.
https://github.com/NC0DER/GraphOfDocs,no_dockerfile,False,0,0,0,,,0,0,0,0,0,False,,False,,False,,False,,False,,False,,no Dockerfile and no fallback entry point found
https://github.com/CalvinHuynh/project-olympic,ok,False,4,1,1,api\app.py,fallback_nested,46,138,5,0,0,True,api/dashboard/dash_overview/occupancy_overview.py:141 pd.read_pickle [matched pd.read_pickle],True,api/dashboard/dash_forecast/occupancy_forecast.py:45 pd.to_datetime [matched pd.to_datetime],True,api/models/base.py:0 class Base [matched <class subclasses model base>],False,,False,,True,api/app_setup.py:99 flask.Flask [matched Flask],"unverified: missing stages: training, evaluation"
https://github.com/DavidDanielSteiner/btc_blockchain_analytics,no_dockerfile,False,0,0,0,,,0,0,0,0,0,False,,False,,False,,False,,False,,False,,no Dockerfile and no fallback entry point found
https://github.com/bethanymbaker/arch,ok,False,1,1,1,app\main.py,fallback_nested,1,2,0,0,0,False,,False,,False,,False,,False,,True,app/main.py:6 fastapi.FastAPI [matched FastAPI],"unverified: missing stages: data_acquisition, data_preparation, modeling, training, evaluation"
https://github.com/viktorsapozhok/cafeen,ok,False,0,0,1,cafeen\cli.py,fallback_console_script,2,3,1,0,0,False,,False,,False,,False,,False,,False,,"unverified: missing stages: data_acquisition, data_preparation, modeling, training, evaluation, inference"
https://github.com/medema-group/bigslice,no_entry,False,0,1,0,,,0,0,0,0,0,False,,False,,False,,False,,False,,False,,Dockerfile(s) found but no Python entry point could be resolved
https://github.com/guillermo-navas-palencia/optbinning,no_dockerfile,False,0,0,0,,,0,0,0,0,0,False,,False,,False,,False,,False,,False,,no Dockerfile and no fallback entry point found
https://github.com/fd0r/Wildfire-Area,no_dockerfile,False,0,0,0,,,0,0,0,0,0,False,,False,,False,,False,,False,,False,,no Dockerfile and no fallback entry point found
https://github.com/W-Tran/predicting-next-purchase,no_dockerfile,False,0,0,0,,,0,0,0,0,0,False,,False,,False,,False,,False,,False,,no Dockerfile and no fallback entry point found
https://github.com/navitacion/ashrae-energy-prediction,ok,False,5,0,1,Run\run.py,fallback_nested,5,15,2,0,0,True,Run/run.py:32 pd.read_csv [matched pd.read_csv],True,Utils/utils.py:56 sklearn.preprocessing.LabelEncoder [matched LabelEncoder],True,Utils/utils.py:92 lgb.Dataset [matched lgb.Dataset],True,Utils/utils.py:105 lgb.train [matched lgb.train],False,,True,Run/run.py:72 trainer.predict [matched trainer.predict],unverified: missing stages: evaluation
https://github.com/amld/workshop-unsupervised-fraud,no_entry,False,0,1,0,,,0,0,0,0,0,False,,False,,False,,False,,False,,False,,Dockerfile(s) found but no Python entry point could be resolved
https://github.com/zehengl/ez-address-parser,no_dockerfile,False,0,0,0,,,0,0,0,0,0,False,,False,,False,,False,,False,,False,,no Dockerfile and no fallback entry point found
https://github.com/vadno/emdiff,no_dockerfile,False,0,0,0,,,0,0,0,0,0,False,,False,,False,,False,,False,,False,,no Dockerfile and no fallback entry point found
https://github.com/MouseLand/rastermap,ok,False,4,0,1,rastermap\__main__.py,fallback_nested,9,42,3,0,0,True,rastermap/__main__.py:44 np.load [matched np.load],True,rastermap/svd.py:33 sklearn.decomposition.TruncatedSVD [matched TruncatedSVD],True,rastermap/cluster.py:159 sklearn.cluster.MiniBatchKMeans [matched MiniBatchKMeans],True,rastermap/__main__.py:70 model.fit [matched model.fit],False,,False,,"unverified: missing stages: evaluation, inference"
https://github.com/syasini/NLOOP,no_dockerfile,False,0,0,0,,,0,0,0,0,0,False,,False,,False,,False,,False,,False,,no Dockerfile and no fallback entry point found
https://github.com/ggrz7/2019-kam-proj2-multi-search,no_dockerfile,False,0,0,0,,,0,0,0,0,0,False,,False,,False,,False,,False,,False,,no Dockerfile and no fallback entry point found
https://github.com/seiching/PythonDataScienceHandbook,no_dockerfile,False,0,0,0,,,0,0,0,0,0,False,,False,,False,,False,,False,,False,,no Dockerfile and no fallback entry point found
https://github.com/YovchevIvan/FACT-UVA,no_dockerfile,False,0,0,0,,,0,0,0,0,0,False,,False,,False,,False,,False,,False,,no Dockerfile and no fallback entry point found
https://github.com/ReneeErnst/end-to-end-model-test-gcp,no_dockerfile,False,0,0,0,,,0,0,0,0,0,False,,False,,False,,False,,False,,False,,no Dockerfile and no fallback entry point found
https://github.com/md-experiments/glue_benchmark,no_dockerfile,False,0,0,0,,,0,0,0,0,0,False,,False,,False,,False,,False,,False,,no Dockerfile and no fallback entry point found
https://github.com/smoke-trees/gesture-drive,no_dockerfile,False,0,0,0,,,0,0,0,0,0,False,,False,,False,,False,,False,,False,,no Dockerfile and no fallback entry point found
https://github.com/Aj0SK/bachelor_thesis,no_dockerfile,False,0,0,0,,,0,0,0,0,0,False,,False,,False,,False,,False,,False,,no Dockerfile and no fallback entry point found
https://github.com/palekseym/ml-2019-08,no_dockerfile,False,0,0,0,,,0,0,0,0,0,False,,False,,False,,False,,False,,False,,no Dockerfile and no fallback entry point found
https://github.com/jax79sg/artyins-classifierservice,clone_failed,False,0,0,0,,,0,0,0,0,0,False,,False,,False,,False,,False,,False,,remote: Repository not found.
https://github.com/qwqmlf/qwgc,no_dockerfile,False,0,0,0,,,0,0,0,0,0,False,,False,,False,,False,,False,,False,,no Dockerfile and no fallback entry point found
https://github.com/godzilla-but-nice/mindreader,no_dockerfile,False,0,0,0,,,0,0,0,0,0,False,,False,,False,,False,,False,,False,,no Dockerfile and no fallback entry point found
https://github.com/gigium/PedMS-Classification,no_dockerfile,False,0,0,0,,,0,0,0,0,0,False,,False,,False,,False,,False,,False,,no Dockerfile and no fallback entry point found
https://github.com/MeeshCompBio/Modeling,no_entry,False,0,1,0,,,0,0,0,0,0,False,,False,,False,,False,,False,,False,,Dockerfile(s) found but no Python entry point could be resolved
https://github.com/Ashton-Sidhu/toot,no_entry,False,0,1,0,,,0,0,0,0,0,False,,False,,False,,False,,False,,False,,Dockerfile(s) found but no Python entry point could be resolved
https://github.com/linewalks/prism,no_entry,False,0,1,0,,,0,0,0,0,0,False,,False,,False,,False,,False,,False,,Dockerfile(s) found but no Python entry point could be resolved
https://github.com/mariaangelapellegrino/Evaluation-Framework,no_dockerfile,False,0,0,0,,,0,0,0,0,0,False,,False,,False,,False,,False,,False,,no Dockerfile and no fallback entry point found
https://github.com/tojhe/earthquake-damage-model,no_dockerfile,False,0,0,0,,,0,0,0,0,0,False,,False,,False,,False,,False,,False,,no Dockerfile and no fallback entry point found
https://github.com/percevalw/nlstruct,no_dockerfile,False,0,0,0,,,0,0,0,0,0,False,,False,,False,,False,,False,,False,,no Dockerfile and no fallback entry point found
https://github.com/Nlorio/election_forecast,no_dockerfile,False,0,0,0,,,0,0,0,0,0,False,,False,,False,,False,,False,,False,,no Dockerfile and no fallback entry point found
https://github.com/subex/dominance-analysis,no_dockerfile,False,0,0,0,,,0,0,0,0,0,False,,False,,False,,False,,False,,False,,no Dockerfile and no fallback entry point found
https://github.com/MathieuRita/SinGAN_styletransfer,no_dockerfile,False,0,0,0,,,0,0,0,0,0,False,,False,,False,,False,,False,,False,,no Dockerfile and no fallback entry point found
https://github.com/benjaminMatteJean/Projet4101,no_dockerfile,False,0,0,0,,,0,0,0,0,0,False,,False,,False,,False,,False,,False,,no Dockerfile and no fallback entry point found
https://github.com/Adithya-t/CLX_PY,no_dockerfile,False,0,0,0,,,0,0,0,0,0,False,,False,,False,,False,,False,,False,,no Dockerfile and no fallback entry point found
https://github.com/McMasterRS/LFSpy,no_dockerfile,False,0,0,0,,,0,0,0,0,0,False,,False,,False,,False,,False,,False,,no Dockerfile and no fallback entry point found
https://github.com/pajouheshgar/MIR-Project,no_dockerfile,False,0,0,0,,,0,0,0,0,0,False,,False,,False,,False,,False,,False,,no Dockerfile and no fallback entry point found
https://github.com/CexyNature/Crabspy,no_dockerfile,False,0,0,0,,,0,0,0,0,0,False,,False,,False,,False,,False,,False,,no Dockerfile and no fallback entry point found
https://github.com/lovit/ekmeans,no_dockerfile,False,0,0,0,,,0,0,0,0,0,False,,False,,False,,False,,False,,False,,no Dockerfile and no fallback entry point found
https://github.com/jamjensen/mapping-disaster-risk,no_dockerfile,False,0,0,0,,,0,0,0,0,0,False,,False,,False,,False,,False,,False,,no Dockerfile and no fallback entry point found
https://github.com/linlearn/linlearn,no_dockerfile,False,0,0,0,,,0,0,0,0,0,False,,False,,False,,False,,False,,False,,no Dockerfile and no fallback entry point found
https://github.com/AnitadeMelloKoch/azure_web,no_dockerfile,False,0,0,0,,,0,0,0,0,0,False,,False,,False,,False,,False,,False,,no Dockerfile and no fallback entry point found
https://github.com/sungki81/ml,no_dockerfile,False,0,0,0,,,0,0,0,0,0,False,,False,,False,,False,,False,,False,,no Dockerfile and no fallback entry point found
https://github.com/simard-landscape-lab/sari-tutorial,no_dockerfile,False,0,0,0,,,0,0,0,0,0,False,,False,,False,,False,,False,,False,,no Dockerfile and no fallback entry point found
https://github.com/LeonardoSanBenitez/Loris-Industrial-Intelligence,no_entry,False,0,2,0,,,0,0,0,0,0,False,,False,,False,,False,,False,,False,,Dockerfile(s) found but no Python entry point could be resolved
https://github.com/AbdulSaleh/dialog-probing,no_dockerfile,False,0,0,0,,,0,0,0,0,0,False,,False,,False,,False,,False,,False,,no Dockerfile and no fallback entry point found
https://github.com/AlanPearl/mocksurvey,ok,False,2,0,1,mocksurvey\__main__.py,fallback_nested,6,253,4,0,0,True,mocksurvey/mocksurvey.py:639 json.load [matched json.load],True,mocksurvey/mocksurvey.py:1627 pd.concat [matched pd.concat],False,,False,,False,,False,,"unverified: missing stages: modeling, training, evaluation, inference"
https://github.com/intelligentagents/aprendizagem-supervisionada,no_entry,False,0,4,0,,,0,0,0,0,0,False,,False,,False,,False,,False,,False,,Dockerfile(s) found but no Python entry point could be resolved
https://github.com/manishds4u/ds4u-project,no_entry,False,0,1,0,,,0,0,0,0,0,False,,False,,False,,False,,False,,False,,Dockerfile(s) found but no Python entry point could be resolved
https://github.com/onofricamila/ClusteringPlotterAndDBCVCalc,no_dockerfile,False,0,0,0,,,0,0,0,0,0,False,,False,,False,,False,,False,,False,,no Dockerfile and no fallback entry point found
https://github.com/chuang5317/Hatespeech-Mitigation-Plugin,no_dockerfile,False,0,0,0,,,0,0,0,0,0,False,,False,,False,,False,,False,,False,,no Dockerfile and no fallback entry point found
https://github.com/equinor/eNLP,no_dockerfile,False,0,0,0,,,0,0,0,0,0,False,,False,,False,,False,,False,,False,,no Dockerfile and no fallback entry point found
https://github.com/DS3Lab/cognival,no_dockerfile,False,0,0,0,,,0,0,0,0,0,False,,False,,False,,False,,False,,False,,no Dockerfile and no fallback entry point found
https://github.com/j-bd/foodvisor,no_dockerfile,False,0,0,0,,,0,0,0,0,0,False,,False,,False,,False,,False,,False,,no Dockerfile and no fallback entry point found
https://github.com/wilsynh/COMP9321-Assignment2,no_dockerfile,False,0,0,0,,,0,0,0,0,0,False,,False,,False,,False,,False,,False,,no Dockerfile and no fallback entry point found
https://github.com/yzhao062/SUOD,no_dockerfile,False,0,0,0,,,0,0,0,0,0,False,,False,,False,,False,,False,,False,,no Dockerfile and no fallback entry point found
https://github.com/USC-LHAMa/CSCI544_Project,no_entry,False,0,1,0,,,0,0,0,0,0,False,,False,,False,,False,,False,,False,,Dockerfile(s) found but no Python entry point could be resolved
https://github.com/EwoutBergsma/CognitiveRoboticsMF,no_dockerfile,False,0,0,0,,,0,0,0,0,0,False,,False,,False,,False,,False,,False,,no Dockerfile and no fallback entry point found
https://github.com/conradbm/optimization,no_dockerfile,False,0,0,0,,,0,0,0,0,0,False,,False,,False,,False,,False,,False,,no Dockerfile and no fallback entry point found
https://github.com/jakglewis/DSRCompTwo,no_dockerfile,False,0,0,0,,,0,0,0,0,0,False,,False,,False,,False,,False,,False,,no Dockerfile and no fallback entry point found
https://github.com/kiccho1101/kaggle-base,ok,False,5,3,1,hp_tuning\run.py,fallback_nested,3,7,2,0,0,True,hp_tuning/run.py:59 json.load [matched json.load],True,hp_tuning/run.py:19 sklearn.model_selection.train_test_split [matched train_test_split],True,hp_tuning/run.py:25 lgb.Dataset [matched lgb.Dataset],True,hp_tuning/run.py:43 lgb.train [matched lgb.train],True,hp_tuning/run.py:46 sklearn.metrics.metrics.accuracy_score [matched accuracy_score],False,,unverified: missing stages: inference
https://github.com/ucl-exoplanets/deepARTransit,no_dockerfile,False,0,0,0,,,0,0,0,0,0,False,,False,,False,,False,,False,,False,,no Dockerfile and no fallback entry point found
https://github.com/microsoft/nni,ok,False,5,3,1,nni\__main__.py,fallback_nested,156,1672,13,0,8,True,nni/tools/package_utils/config_manager.py:67 yaml.safe_load [matched yaml.safe_load],False,,True,nni/nas/nn/pytorch/base.py:0 class MutableModule [matched <class subclasses model base>],True,nni/nas/execution/cgo/evaluator.py:58 def training_step [matched <lightning hook training_step>],True,nni/nas/execution/cgo/evaluator.py:74 def validation_step [matched <lightning hook validation_step>],True,nni/nas/space/pytorch/graph.py:58 torch.jit.script [matched torch.jit.script],unverified: missing stages: data_preparation
https://github.com/inovex/justcause,no_dockerfile,False,0,0,0,,,0,0,0,0,0,False,,False,,False,,False,,False,,False,,no Dockerfile and no fallback entry point found
https://github.com/samhiatt/avian_vocalizations,ok,False,3,0,1,avian_vocalizations\data.py,fallback_console_script,1,24,0,0,0,True,avian_vocalizations/data.py:37 json.load [matched json.load],True,avian_vocalizations/data.py:55 sklearn.preprocessing.LabelEncoder [matched LabelEncoder],False,,True,avian_vocalizations/data.py:382 melsg_scaler.partial_fit [matched .partial_fit],False,,False,,"unverified: missing stages: modeling, evaluation, inference"
https://github.com/BloomTech-Labs/yelp-dataset-challenge-2-ds,no_dockerfile,False,0,0,0,,,0,0,0,0,0,False,,False,,False,,False,,False,,False,,no Dockerfile and no fallback entry point found
https://github.com/Sisyphus192/deep-dishes,no_dockerfile,False,0,0,0,,,0,0,0,0,0,False,,False,,False,,False,,False,,False,,no Dockerfile and no fallback entry point found
https://github.com/deatinor/giotto-learn,no_dockerfile,False,0,0,0,,,0,0,0,0,0,False,,False,,False,,False,,False,,False,,no Dockerfile and no fallback entry point found
https://github.com/jvargas2/team0-project,no_dockerfile,False,0,0,0,,,0,0,0,0,0,False,,False,,False,,False,,False,,False,,no Dockerfile and no fallback entry point found
https://github.com/menajosep/dirichlet_uncertainty,no_dockerfile,False,0,0,0,,,0,0,0,0,0,False,,False,,False,,False,,False,,False,,no Dockerfile and no fallback entry point found
https://github.com/kingcheng2000/opencv-machine-learning,no_dockerfile,False,0,0,0,,,0,0,0,0,0,False,,False,,False,,False,,False,,False,,no Dockerfile and no fallback entry point found
https://github.com/nawaphonOHM/CoEChatBot,no_dockerfile,False,0,0,0,,,0,0,0,0,0,False,,False,,False,,False,,False,,False,,no Dockerfile and no fallback entry point found
https://github.com/KerasKorea/KerasObjectDetector,ok,False,3,1,1,keras_yolov3\train.py,fallback_nested,3,27,1,0,0,True,keras_yolov3/yolo3/utils.py:39 PIL.Image.open [matched Image.open],False,,True,keras_yolov3/train.py:109 keras.layers.Input [matched keras.layers.*],True,keras_yolov3/train.py:59 model.fit_generator [matched model.fit_generator],False,,False,,"unverified: missing stages: data_preparation, evaluation, inference"
https://github.com/valdivia4/Deep-Learning-Lunge-Detection,no_dockerfile,False,0,0,0,,,0,0,0,0,0,False,,False,,False,,False,,False,,False,,no Dockerfile and no fallback entry point found
https://github.com/dlm427/tensenflow,no_dockerfile,False,0,0,0,,,0,0,0,0,0,False,,False,,False,,False,,False,,False,,no Dockerfile and no fallback entry point found
https://github.com/asarnow/whatsmyblob,no_dockerfile,False,0,0,0,,,0,0,0,0,0,False,,False,,False,,False,,False,,False,,no Dockerfile and no fallback entry point found
https://github.com/rndev2017/ExoBoost,no_dockerfile,False,0,0,0,,,0,0,0,0,0,False,,False,,False,,False,,False,,False,,no Dockerfile and no fallback entry point found
https://github.com/alaflaquiere/learn-spatial-structure,no_dockerfile,False,0,0,0,,,0,0,0,0,0,False,,False,,False,,False,,False,,False,,no Dockerfile and no fallback entry point found
https://github.com/siddjagadish/tennis_new,no_dockerfile,False,0,0,0,,,0,0,0,0,0,False,,False,,False,,False,,False,,False,,no Dockerfile and no fallback entry point found
https://github.com/glutonator/ironyDetectionPy,no_dockerfile,False,0,0,0,,,0,0,0,0,0,False,,False,,False,,False,,False,,False,,no Dockerfile and no fallback entry point found
https://github.com/aishwarya-1/data_analytics_project,no_dockerfile,False,0,0,0,,,0,0,0,0,0,False,,False,,False,,False,,False,,False,,no Dockerfile and no fallback entry point found
https://github.com/shruti-jadon/Hands-on-One-Shot-Learning,no_dockerfile,False,0,0,0,,,0,0,0,0,0,False,,False,,False,,False,,False,,False,,no Dockerfile and no fallback entry point found
https://github.com/jettify/ibreakdown,no_dockerfile,False,0,0,0,,,0,0,0,0,0,False,,False,,False,,False,,False,,False,,no Dockerfile and no fallback entry point found
https://github.com/zhong110020/facenet,no_dockerfile,False,0,0,0,,,0,0,0,0,0,False,,False,,False,,False,,False,,False,,no Dockerfile and no fallback entry point found
https://github.com/rahulchalla143/temp,ok,False,0,0,1,code\train.py,fallback_nested,1,2,0,0,0,False,,False,,False,,False,,False,,False,,"unverified: missing stages: data_acquisition, data_preparation, modeling, training, evaluation, inference"
https://github.com/toadies/7346_Cloud_Automation,no_entry,False,0,1,0,,,0,0,0,0,0,False,,False,,False,,False,,False,,False,,Dockerfile(s) found but no Python entry point could be resolved
https://github.com/CRLab/curvox,no_dockerfile,False,0,0,0,,,0,0,0,0,0,False,,False,,False,,False,,False,,False,,no Dockerfile and no fallback entry point found
https://github.com/RaRe-Technologies/gensim,no_dockerfile,False,0,0,0,,,0,0,0,0,0,False,,False,,False,,False,,False,,False,,no Dockerfile and no fallback entry point found
https://github.com/SreenijaK/rasa-ner,ok,False,4,1,1,rasa\__main__.py,fallback_nested,106,1591,6,0,4,True,rasa/utils/io.py:186 tarfile.open [matched tarfile.open],True,rasa/nlu/test.py:1072 sklearn.model_selection.StratifiedKFold [matched StratifiedKFold],False,,True,rasa/nlu/train.py:80 trainer.train [matched trainer.train],True,rasa/test.py:205 rasa.nlu.test.cross_validate [matched cross_validate],False,,"unverified: missing stages: modeling, inference"
https://github.com/Nimesh-Patel/Auto_TextGenerator,no_dockerfile,False,0,0,0,,,0,0,0,0,0,False,,False,,False,,False,,False,,False,,no Dockerfile and no fallback entry point found
https://github.com/SystemsGenetics/GSForge,no_entry,False,0,3,0,,,0,0,0,0,0,False,,False,,False,,False,,False,,False,,Dockerfile(s) found but no Python entry point could be resolved
https://github.com/KeishiIshihara/cnn_classifiers,no_dockerfile,False,0,0,0,,,0,0,0,0,0,False,,False,,False,,False,,False,,False,,no Dockerfile and no fallback entry point found
https://github.com/ngshya/recoengi,no_dockerfile,False,0,0,0,,,0,0,0,0,0,False,,False,,False,,False,,False,,False,,no Dockerfile and no fallback entry point found
https://github.com/gnsiva/ml-from-scratch,no_dockerfile,False,0,0,0,,,0,0,0,0,0,False,,False,,False,,False,,False,,False,,no Dockerfile and no fallback entry point found
https://github.com/jiajunhua/kozistr-Awesome-GANs,no_dockerfile,False,0,0,0,,,0,0,0,0,0,False,,False,,False,,False,,False,,False,,no Dockerfile and no fallback entry point found
https://github.com/weishunliao/Dublin-bus,no_entry,False,0,1,0,,,0,0,0,0,0,False,,False,,False,,False,,False,,False,,Dockerfile(s) found but no Python entry point could be resolved
https://github.com/jcrichard/firls,no_dockerfile,False,0,0,0,,,0,0,0,0,0,False,,False,,False,,False,,False,,False,,no Dockerfile and no fallback entry point found
https://github.com/allegro/allRank,ok,True,6,1,1,allrank\main.py,fallback_nested,28,117,3,0,1,True,allrank/config.py:83 json.load [matched json.load],True,allrank/data/dataset_loading.py:194 torchvision.transforms.Compose [matched torchvision.transforms.*],True,allrank/models/model.py:0 class FCModel [matched <class subclasses model base>],True,allrank/training/train_utils.py:23 loss.backward [matched loss.backward],True,allrank/training/train_utils.py:99 compute_metrics [matched compute_metrics],True,allrank/training/train_utils.py:101 model.eval [matched model.eval],verified: all 6 stages present
https://github.com/Chamaco326/xraylarch,no_dockerfile,False,0,0,0,,,0,0,0,0,0,False,,False,,False,,False,,False,,False,,no Dockerfile and no fallback entry point found
https://github.com/peterschnatz/BritePrice,no_dockerfile,False,0,0,0,,,0,0,0,0,0,False,,False,,False,,False,,False,,False,,no Dockerfile and no fallback entry point found
https://github.com/mjirik/scaffan,ok,False,0,0,1,scaffan\__main__.py,fallback_nested,2,0,1,0,0,False,,False,,False,,False,,False,,False,,"unverified: missing stages: data_acquisition, data_preparation, modeling, training, evaluation, inference"
https://github.com/cosmonautd/Turret,no_dockerfile,False,0,0,0,,,0,0,0,0,0,False,,False,,False,,False,,False,,False,,no Dockerfile and no fallback entry point found
https://github.com/nablabits/ML,no_dockerfile,False,0,0,0,,,0,0,0,0,0,False,,False,,False,,False,,False,,False,,no Dockerfile and no fallback entry point found
https://github.com/TianjinMouth/TeaML,no_dockerfile,False,0,0,0,,,0,0,0,0,0,False,,False,,False,,False,,False,,False,,no Dockerfile and no fallback entry point found
https://github.com/fengyue723/K-prototypes,no_dockerfile,False,0,0,0,,,0,0,0,0,0,False,,False,,False,,False,,False,,False,,no Dockerfile and no fallback entry point found
https://github.com/ilanolkies/metnum-tp2,no_dockerfile,False,0,0,0,,,0,0,0,0,0,False,,False,,False,,False,,False,,False,,no Dockerfile and no fallback entry point found
https://github.com/harpap/video-face-clusters,no_dockerfile,False,0,0,0,,,0,0,0,0,0,False,,False,,False,,False,,False,,False,,no Dockerfile and no fallback entry point found
https://github.com/JustinGOSSES/HoustonScienceCity,no_dockerfile,False,0,0,0,,,0,0,0,0,0,False,,False,,False,,False,,False,,False,,no Dockerfile and no fallback entry point found
https://github.com/Labaien96/SHAP,no_dockerfile,False,0,0,0,,,0,0,0,0,0,False,,False,,False,,False,,False,,False,,no Dockerfile and no fallback entry point found
https://github.com/neuronest/courses-labs,no_dockerfile,False,0,0,0,,,0,0,0,0,0,False,,False,,False,,False,,False,,False,,no Dockerfile and no fallback entry point found
https://github.com/ViennaRNA/ernwin,no_dockerfile,False,0,0,0,,,0,0,0,0,0,False,,False,,False,,False,,False,,False,,no Dockerfile and no fallback entry point found
https://github.com/LinkGeoML/LGM-Classification,no_dockerfile,False,0,0,0,,,0,0,0,0,0,False,,False,,False,,False,,False,,False,,no Dockerfile and no fallback entry point found
https://github.com/ciandt-d1/chicago-taxi-forecast,no_entry,False,0,6,0,,,0,0,0,0,0,False,,False,,False,,False,,False,,False,,Dockerfile(s) found but no Python entry point could be resolved
https://github.com/jkobject/JKBio,no_dockerfile,False,0,0,0,,,0,0,0,0,0,False,,False,,False,,False,,False,,False,,no Dockerfile and no fallback entry point found
https://github.com/nasa-jpl/ASSESS,ok,False,2,1,1,api\main.py,fallback_nested,1,15,0,0,0,True,api/main.py:101 yaml.safe_load [matched yaml.safe_load],False,,False,,False,,False,,True,api/main.py:38 fastapi.FastAPI [matched FastAPI],"unverified: missing stages: data_preparation, modeling, training, evaluation"
https://github.com/BYUCamachoLab/SiPANN,no_dockerfile,False,0,0,0,,,0,0,0,0,0,False,,False,,False,,False,,False,,False,,no Dockerfile and no fallback entry point found
https://github.com/dssg/usal_echo_public,no_dockerfile,False,0,0,0,,,0,0,0,0,0,False,,False,,False,,False,,False,,False,,no Dockerfile and no fallback entry point found
https://github.com/BloomTech-Labs/forest-fire-watch-ds,no_dockerfile,False,0,0,0,,,0,0,0,0,0,False,,False,,False,,False,,False,,False,,no Dockerfile and no fallback entry point found
https://github.com/JosuaKugler/TdT_chatbot,no_dockerfile,False,0,0,0,,,0,0,0,0,0,False,,False,,False,,False,,False,,False,,no Dockerfile and no fallback entry point found
https://github.com/willb/data-sketching-and-other-magic-tricks,no_dockerfile,False,0,0,0,,,0,0,0,0,0,False,,False,,False,,False,,False,,False,,no Dockerfile and no fallback entry point found
https://github.com/fancompute/wavetorch,ok,False,5,0,1,wavetorch\train.py,fallback_nested,10,54,3,0,0,False,,True,wavetorch/train.py:115 pd.to_datetime [matched pd.to_datetime],True,wavetorch/cell.py:0 class WaveCell [matched <class subclasses model base>],True,wavetorch/train.py:60 optimizer.zero_grad [matched optimizer.zero_grad],True,wavetorch/train.py:90 sklearn.metrics.confusion_matrix [matched confusion_matrix],True,wavetorch/train.py:67 torch.no_grad [matched torch.no_grad],unverified: missing stages: data_acquisition
https://github.com/klaussfreire/cvastrophoto,ok,False,0,0,1,cvastrophoto\__main__.py,fallback_nested,2,0,1,0,0,False,,False,,False,,False,,False,,False,,"unverified: missing stages: data_acquisition, data_preparation, modeling, training, evaluation, inference"
https://github.com/yusuke0519/pytransfer,no_dockerfile,False,0,0,0,,,0,0,0,0,0,False,,False,,False,,False,,False,,False,,no Dockerfile and no fallback entry point found
https://github.com/simonharris/pykmeans,no_dockerfile,False,0,0,0,,,0,0,0,0,0,False,,False,,False,,False,,False,,False,,no Dockerfile and no fallback entry point found
https://github.com/adimajo/glmdisc_python,no_dockerfile,False,0,0,0,,,0,0,0,0,0,False,,False,,False,,False,,False,,False,,no Dockerfile and no fallback entry point found
https://github.com/oscar-franzen/adobo,no_dockerfile,False,0,0,0,,,0,0,0,0,0,False,,False,,False,,False,,False,,False,,no Dockerfile and no fallback entry point found
https://github.com/AaronPiUC/datastructure4blog,no_dockerfile,False,0,0,0,,,0,0,0,0,0,False,,False,,False,,False,,False,,False,,no Dockerfile and no fallback entry point found
https://github.com/fabiankueppers/calibration-framework,no_dockerfile,False,0,0,0,,,0,0,0,0,0,False,,False,,False,,False,,False,,False,,no Dockerfile and no fallback entry point found
https://github.com/loosolab/TOBIAS,ok,False,1,0,1,tobias\TOBIAS.py,fallback_console_script,5,54,2,0,1,False,,False,,False,,False,,True,tobias/utils/logger.py:51 self.log [matched self.log],False,,"unverified: missing stages: data_acquisition, data_preparation, modeling, training, inference"
https://github.com/aferral/mejora_clasificador_feedback_CAM,ok,False,3,0,1,select_tool\main.py,fallback_nested,23,274,4,0,0,True,select_tool/img_selector.py:88 pickle.load [matched pickle.load],False,,False,,False,,True,classification_models/classification_model.py:308 sklearn.metrics.accuracy_score [matched accuracy_score],True,classification_models/simple_model.py:199 model.eval [matched model.eval],"unverified: missing stages: data_preparation, modeling, training"
https://github.com/Coricos/Challenger,clone_failed,False,0,0,0,,,0,0,0,0,0,False,,False,,False,,False,,False,,False,,remote: Repository not found.
https://github.com/kundajelab/bpnet,ok,False,0,0,1,bpnet\cli\bpnettrainer.py,fallback_console_script,5,3,1,0,0,False,,False,,False,,False,,False,,False,,"unverified: missing stages: data_acquisition, data_preparation, modeling, training, evaluation, inference"
https://github.com/yarden-livnat/ipyregulus,no_dockerfile,False,0,0,0,,,0,0,0,0,0,False,,False,,False,,False,,False,,False,,no Dockerfile and no fallback entry point found
https://github.com/naoki623/OpenNE,no_dockerfile,False,0,0,0,,,0,0,0,0,0,False,,False,,False,,False,,False,,False,,no Dockerfile and no fallback entry point found
https://github.com/mbhall88/pandora_simulations,no_dockerfile,False,0,0,0,,,0,0,0,0,0,False,,False,,False,,False,,False,,False,,no Dockerfile and no fallback entry point found
https://github.com/PacktPublishing/Learn-Python-by-Building-Data-Science-Applications,no_entry,False,0,1,0,,,0,0,0,0,0,False,,False,,False,,False,,False,,False,,Dockerfile(s) found but no Python entry point could be resolved
https://github.com/stratosphereips/IRC-Malware-Detection,no_dockerfile,False,0,0,0,,,0,0,0,0,0,False,,False,,False,,False,,False,,False,,no Dockerfile and no fallback entry point found
https://github.com/gammaboard/gammaboard,no_dockerfile,False,0,0,0,,,0,0,0,0,0,False,,False,,False,,False,,False,,False,,no Dockerfile and no fallback entry point found
https://github.com/Hazoom/autodesc,no_dockerfile,False,0,0,0,,,0,0,0,0,0,False,,False,,False,,False,,False,,False,,no Dockerfile and no fallback entry point found
https://github.com/davidbp/python_tutorials,no_dockerfile,False,0,0,0,,,0,0,0,0,0,False,,False,,False,,False,,False,,False,,no Dockerfile and no fallback entry point found
https://github.com/QuantitativeCriticismLab/qcrit,no_dockerfile,False,0,0,0,,,0,0,0,0,0,False,,False,,False,,False,,False,,False,,no Dockerfile and no fallback entry point found
https://github.com/Lenaxiao/Waste-Water-Treatment-Project,ok,False,0,0,1,waste_not_the_water\app.py,fallback_nested,1,1,0,0,0,False,,False,,False,,False,,False,,False,,"unverified: missing stages: data_acquisition, data_preparation, modeling, training, evaluation, inference"
https://github.com/luiztauffer/pandasVIS,ok,False,2,0,1,pandasvis\main.py,fallback_nested,15,81,4,0,0,True,pandasvis/main.py:201 pd.read_csv [matched pd.read_csv],True,pandasvis/classes/scatter_matrix.py:51 df.groupby [matched df.groupby],False,,False,,False,,False,,"unverified: missing stages: modeling, training, evaluation, inference"
https://github.com/Korfeusz/DESY_photon_pulse_property_predictor,no_dockerfile,False,0,0,0,,,0,0,0,0,0,False,,False,,False,,False,,False,,False,,no Dockerfile and no fallback entry point found
https://github.com/OmarElsebaey/IMDB-reviews,no_dockerfile,False,0,0,0,,,0,0,0,0,0,False,,False,,False,,False,,False,,False,,no Dockerfile and no fallback entry point found
https://github.com/DeepLearnI/orbit-trial-model,no_dockerfile,False,0,0,0,,,0,0,0,0,0,False,,False,,False,,False,,False,,False,,no Dockerfile and no fallback entry point found
https://github.com/creyesp/houses-project,no_dockerfile,False,0,0,0,,,0,0,0,0,0,False,,False,,False,,False,,False,,False,,no Dockerfile and no fallback entry point found
https://github.com/e-mission/e-mission-upc-aggregator,no_entry,False,0,9,0,,,0,0,0,0,0,False,,False,,False,,False,,False,,False,,Dockerfile(s) found but no Python entry point could be resolved
https://github.com/OneOneFour/IsingMonteCarlo,no_dockerfile,False,0,0,0,,,0,0,0,0,0,False,,False,,False,,False,,False,,False,,no Dockerfile and no fallback entry point found
https://github.com/Alexdimas/Orange-Canvas,no_dockerfile,False,0,0,0,,,0,0,0,0,0,False,,False,,False,,False,,False,,False,,no Dockerfile and no fallback entry point found
https://github.com/sandeep-mistry/MSc-Project-Malware-Analysis-Economics,no_dockerfile,False,0,0,0,,,0,0,0,0,0,False,,False,,False,,False,,False,,False,,no Dockerfile and no fallback entry point found
https://github.com/leona-ha/Skin-Screening_Web-App,no_dockerfile,False,0,0,0,,,0,0,0,0,0,False,,False,,False,,False,,False,,False,,no Dockerfile and no fallback entry point found
https://github.com/rsyi/pylift-custom,no_dockerfile,False,0,0,0,,,0,0,0,0,0,False,,False,,False,,False,,False,,False,,no Dockerfile and no fallback entry point found
https://github.com/PFLeget/treegp,no_dockerfile,False,0,0,0,,,0,0,0,0,0,False,,False,,False,,False,,False,,False,,no Dockerfile and no fallback entry point found
https://github.com/bmanikan/deep-learning-udacity,no_dockerfile,False,0,0,0,,,0,0,0,0,0,False,,False,,False,,False,,False,,False,,no Dockerfile and no fallback entry point found
https://github.com/nickderobertis/dero,no_dockerfile,False,0,0,0,,,0,0,0,0,0,False,,False,,False,,False,,False,,False,,no Dockerfile and no fallback entry point found
https://github.com/cunning-stunts/stunt_net,no_dockerfile,False,0,0,0,,,0,0,0,0,0,False,,False,,False,,False,,False,,False,,no Dockerfile and no fallback entry point found
https://github.com/hkaneko1985/dcekit,no_entry,False,0,1,0,,,0,0,0,0,0,False,,False,,False,,False,,False,,False,,Dockerfile(s) found but no Python entry point could be resolved
https://github.com/herilalaina/mosaic_ml,no_dockerfile,False,0,0,0,,,0,0,0,0,0,False,,False,,False,,False,,False,,False,,no Dockerfile and no fallback entry point found
https://github.com/andurooo/boulder-restaurant-recommender,no_entry,False,0,1,0,,,0,0,0,0,0,False,,False,,False,,False,,False,,False,,Dockerfile(s) found but no Python entry point could be resolved
https://github.com/sharan21/attention-interpretation,no_dockerfile,False,0,0,0,,,0,0,0,0,0,False,,False,,False,,False,,False,,False,,no Dockerfile and no fallback entry point found
https://github.com/BlaneCordes/customer_segments,no_dockerfile,False,0,0,0,,,0,0,0,0,0,False,,False,,False,,False,,False,,False,,no Dockerfile and no fallback entry point found
https://github.com/paaatcha/raug,ok,False,5,1,1,raug\train.py,fallback_nested,8,66,2,0,0,True,raug/utils/classification_metrics.py:420 pd.read_csv [matched pd.read_csv],True,raug/utils/common.py:186 torchvision.transforms.functional.normalize [matched torchvision.transforms.*],False,,True,raug/train.py:116 optimizer.zero_grad [matched optimizer.zero_grad],True,raug/eval.py:111 metrics.compute_metrics [matched compute_metrics],True,raug/checkpoints.py:90 model.eval [matched model.eval],unverified: missing stages: modeling
https://github.com/pkomiske/EnergyFlow,no_dockerfile,False,0,0,0,,,0,0,0,0,0,False,,False,,False,,False,,False,,False,,no Dockerfile and no fallback entry point found
https://github.com/jlevy44/PathFlowAI,ok,False,2,1,1,pathflowai\cli_preprocessing.py,fallback_console_script,2,51,1,0,0,True,pathflowai/cli_preprocessing.py:181 sqlite3.connect [matched sqlite3.connect],True,pathflowai/utils.py:798 pd.concat [matched pd.concat],False,,False,,False,,False,,"unverified: missing stages: modeling, training, evaluation, inference"
https://github.com/Sparrow0hawk/crime_sim_toolkit,no_dockerfile,False,0,0,0,,,0,0,0,0,0,False,,False,,False,,False,,False,,False,,no Dockerfile and no fallback entry point found
https://github.com/mihahauke/scinol_icml2019,no_entry,False,0,1,0,,,0,0,0,0,0,False,,False,,False,,False,,False,,False,,Dockerfile(s) found but no Python entry point could be resolved
https://github.com/magrathj/Disaster-Response-NLP-Pipeline,ok,False,4,0,1,disaster_app\run.py,fallback_nested,2,6,1,0,0,True,disaster_app/run.py:77 sqlalchemy.create_engine [matched sqlalchemy.create_engine],True,disaster_app/run.py:67 nltk.stem.WordNetLemmatizer [matched nltk.stem.WordNetLemmatizer],True,disaster_app/run.py:0 class StartingVerbExtractor [matched <class subclasses model base>],False,,False,,True,disaster_app/run.py:165 model.predict [matched model.predict],"unverified: missing stages: training, evaluation"
https://github.com/chameleonTK/continual-learning-for-HAR,no_dockerfile,False,0,0,0,,,0,0,0,0,0,False,,False,,False,,False,,False,,False,,no Dockerfile and no fallback entry point found
https://github.com/mars-project/mars,ok,False,2,3,1,mars\deploy\oscar\supervisor.py,fallback_console_script,679,6389,14,0,11,True,mars/dataframe/utils.py:1223 sqlalchemy.create_engine [matched sqlalchemy.create_engine],True,mars/utils.py:745 pd.concat [matched pd.concat],False,,False,,False,,False,,"unverified: missing stages: modeling, training, evaluation, inference"
https://github.com/ChanaRoss/Thesis,no_dockerfile,False,0,0,0,,,0,0,0,0,0,False,,False,,False,,False,,False,,False,,no Dockerfile and no fallback entry point found
https://github.com/MarcelRobeer/ContrastiveExplanation,no_dockerfile,False,0,0,0,,,0,0,0,0,0,False,,False,,False,,False,,False,,False,,no Dockerfile and no fallback entry point found
https://github.com/Galsor/Protein_image_processing,no_dockerfile,False,0,0,0,,,0,0,0,0,0,False,,False,,False,,False,,False,,False,,no Dockerfile and no fallback entry point found
https://github.com/gxite/pcn-acam,no_dockerfile,False,0,0,0,,,0,0,0,0,0,False,,False,,False,,False,,False,,False,,no Dockerfile and no fallback entry point found
https://github.com/Aniket02/CSCIE599-WebCrawler,no_entry,False,0,3,0,,,0,0,0,0,0,False,,False,,False,,False,,False,,False,,Dockerfile(s) found but no Python entry point could be resolved
https://github.com/tshantan24/tweetsock,no_dockerfile,False,0,0,0,,,0,0,0,0,0,False,,False,,False,,False,,False,,False,,no Dockerfile and no fallback entry point found
https://github.com/lzivadinovic/ondrejov_internship_2019,no_dockerfile,False,0,0,0,,,0,0,0,0,0,False,,False,,False,,False,,False,,False,,no Dockerfile and no fallback entry point found
https://github.com/jim-schwoebel/voice_gender_detection,no_dockerfile,False,0,0,0,,,0,0,0,0,0,False,,False,,False,,False,,False,,False,,no Dockerfile and no fallback entry point found
https://github.com/maged918/tagaware-rec-sys,no_dockerfile,False,0,0,0,,,0,0,0,0,0,False,,False,,False,,False,,False,,False,,no Dockerfile and no fallback entry point found
https://github.com/bluebibi/upbit_auto_trade,no_dockerfile,False,0,0,0,,,0,0,0,0,0,False,,False,,False,,False,,False,,False,,no Dockerfile and no fallback entry point found
https://github.com/qingzma/DBEstClient,ok,False,5,0,1,dbestclient\main.py,fallback_nested,23,239,4,0,0,True,dbestclient/tools/dftools.py:28 pd.read_csv [matched pd.read_csv],True,dbestclient/executor/queryenginemdn.py:886 df.groupby [matched df.groupby],True,dbestclient/ml/mdn.py:0 class MDN [matched <class subclasses model base>],True,dbestclient/ml/mdn.py:542 loss.backward [matched loss.backward],False,,True,dbestclient/ml/mdn.py:545 self.model.eval [matched model.eval],unverified: missing stages: evaluation
https://github.com/mariosfish/machine_learning_classification,no_dockerfile,False,0,0,0,,,0,0,0,0,0,False,,False,,False,,False,,False,,False,,no Dockerfile and no fallback entry point found
https://github.com/surfacetj/Auto-6,ok,False,4,1,1,pytorch_transformers\__main__.py,fallback_nested,19,374,3,0,0,True,pytorch_transformers/convert_transfo_xl_checkpoint_to_pytorch.py:56 pickle.load [matched pickle.load],True,pytorch_transformers/tokenization_xlm.py:128 spacy.load [matched spacy.load],True,pytorch_transformers/modeling_bert.py:0 class BertEmbeddings [matched <class subclasses model base>],False,,False,,True,pytorch_transformers/modeling_transfo_xl.py:1101 torch.no_grad [matched torch.no_grad],"unverified: missing stages: training, evaluation"
https://github.com/oulenz/fuzzy-rough-learn,no_dockerfile,False,0,0,0,,,0,0,0,0,0,False,,False,,False,,False,,False,,False,,no Dockerfile and no fallback entry point found
https://github.com/abhishek2024/Chatbot-Deep-Learning,ok,False,5,0,1,deeppavlov\__main__.py,fallback_nested,49,244,4,0,2,True,deeppavlov/core/common/file.py:37 json.load [matched json.load],True,deeppavlov/core/common/cross_validation.py:74 sklearn.model_selection.KFold [matched KFold],False,,True,deeppavlov/core/commands/train.py:121 trainer.train [matched trainer.train],True,deeppavlov/core/commands/train.py:137 trainer.evaluate [matched trainer.evaluate],True,deeppavlov/utils/alexa/server.py:40 flask.Flask [matched Flask],unverified: missing stages: modeling
https://github.com/georgedouzas/sports-betting,no_dockerfile,False,0,0,0,,,0,0,0,0,0,False,,False,,False,,False,,False,,False,,no Dockerfile and no fallback entry point found
https://github.com/Valentyn1997/seal-regression,ok,False,2,0,1,seal_regression\main.py,fallback_nested,4,37,1,0,0,False,,False,,False,,True,seal_regression/main.py:38 model.fit [matched model.fit],False,,True,seal_regression/main.py:42 model.predict [matched model.predict],"unverified: missing stages: data_acquisition, data_preparation, modeling, evaluation"
https://github.com/williamfzc/stagesepx,ok,False,0,1,1,stagesepx\cli.py,fallback_console_script,2,1,1,0,0,False,,False,,False,,False,,False,,False,,"unverified: missing stages: data_acquisition, data_preparation, modeling, training, evaluation, inference"
https://github.com/tapilab/elevate-osna-harassment,ok,False,0,0,1,osna\cli.py,fallback_console_script,1,0,0,1,0,False,,False,,False,,False,,False,,False,,"unverified: missing stages: data_acquisition, data_preparation, modeling, training, evaluation, inference"
https://github.com/sintel-dev/Orion,ok,False,4,1,1,orion\__main__.py,fallback_nested,12,76,3,0,0,True,orion/benchmark.py:41 pd.read_csv [matched pd.read_csv],True,orion/benchmark.py:410 pd.concat [matched pd.concat],False,,False,,True,orion/evaluation/common.py:26 sklearn.metrics.confusion_matrix [matched confusion_matrix],True,orion/analysis.py:43 pipeline.predict [matched pipeline.predict],"unverified: missing stages: modeling, training"
https://github.com/GuyTeichman/RNAlysis,no_dockerfile,False,0,0,0,,,0,0,0,0,0,False,,False,,False,,False,,False,,False,,no Dockerfile and no fallback entry point found
https://github.com/chodi150/ForumTextsScrapper,no_dockerfile,False,0,0,0,,,0,0,0,0,0,False,,False,,False,,False,,False,,False,,no Dockerfile and no fallback entry point found
https://github.com/aristoteleo/dynamo-release,no_entry,False,0,1,0,,,0,0,0,0,0,False,,False,,False,,False,,False,,False,,Dockerfile(s) found but no Python entry point could be resolved
https://github.com/velexi-corporation/RESEARCH-2020-SpectraML,no_dockerfile,False,0,0,0,,,0,0,0,0,0,False,,False,,False,,False,,False,,False,,no Dockerfile and no fallback entry point found
https://github.com/yanxp/AIfuture,ok,False,0,0,1,retinaface\train.py,fallback_nested,1,8,0,0,0,False,,False,,False,,False,,False,,False,,"unverified: missing stages: data_acquisition, data_preparation, modeling, training, evaluation, inference"
https://github.com/plandes/deeplearn,no_dockerfile,False,0,0,0,,,0,0,0,0,0,False,,False,,False,,False,,False,,False,,no Dockerfile and no fallback entry point found
https://github.com/lvwerra/deep-math,no_dockerfile,False,0,0,0,,,0,0,0,0,0,False,,False,,False,,False,,False,,False,,no Dockerfile and no fallback entry point found
https://github.com/luisbelloch/pandas_notebooks,no_entry,False,0,1,0,,,0,0,0,0,0,False,,False,,False,,False,,False,,False,,Dockerfile(s) found but no Python entry point could be resolved
https://github.com/lavanova/CIL_project,no_dockerfile,False,0,0,0,,,0,0,0,0,0,False,,False,,False,,False,,False,,False,,no Dockerfile and no fallback entry point found
https://github.com/BIAPT/Scripts,no_dockerfile,False,0,0,0,,,0,0,0,0,0,False,,False,,False,,False,,False,,False,,no Dockerfile and no fallback entry point found
https://github.com/JordiBolibar/ALPGM,no_dockerfile,False,0,0,0,,,0,0,0,0,0,False,,False,,False,,False,,False,,False,,no Dockerfile and no fallback entry point found
https://github.com/drensin/Remixatron,no_entry,False,0,1,0,,,0,0,0,0,0,False,,False,,False,,False,,False,,False,,Dockerfile(s) found but no Python entry point could be resolved
https://github.com/CheckPointSW/Karta,no_dockerfile,False,0,0,0,,,0,0,0,0,0,False,,False,,False,,False,,False,,False,,no Dockerfile and no fallback entry point found
https://github.com/Jared-Luxton/NASA-astronauts-telomeres-chromosomes,no_dockerfile,False,0,0,0,,,0,0,0,0,0,False,,False,,False,,False,,False,,False,,no Dockerfile and no fallback entry point found
https://github.com/karmaresearch/takco,ok,False,3,0,1,takco\__main__.py,fallback_nested,9,143,3,0,0,True,takco/__init__.py:56 csv.reader [matched csv.reader],True,takco/__init__.py:370 pd.concat [matched pd.concat],False,,False,,False,,True,takco/app/__init__.py:14 flask.Flask [matched Flask],"unverified: missing stages: modeling, training, evaluation"
https://github.com/pysal/esda,no_dockerfile,False,0,0,0,,,0,0,0,0,0,False,,False,,False,,False,,False,,False,,no Dockerfile and no fallback entry point found
https://github.com/SekouDiaoNlp/mlconjug3,ok,False,3,0,1,mlconjug3\cli.py,fallback_console_script,20,70,3,0,0,True,mlconjug3/cli.py:268 yaml.load [matched yaml.load],True,mlconjug3/models/models.py:79 sklearn.pipeline.Pipeline [matched sklearn.pipeline.Pipeline],False,,False,,False,,True,mlconjug3/mlconjug.py:116 self.model.predict [matched model.predict],"unverified: missing stages: modeling, training, evaluation"
https://github.com/LajosNeto/learning-ml,no_dockerfile,False,0,0,0,,,0,0,0,0,0,False,,False,,False,,False,,False,,False,,no Dockerfile and no fallback entry point found
https://github.com/Ashton-Sidhu/aethos,ok,False,2,0,1,aethos\__main__.py,fallback_nested,4,17,3,0,0,True,aethos/config/user_config.py:13 yaml.safe_load [matched yaml.safe_load],True,aethos/util.py:87 sklearn.preprocessing.LabelEncoder [matched LabelEncoder],False,,False,,False,,False,,"unverified: missing stages: modeling, training, evaluation, inference"
https://github.com/hiteshwadekar/northstar-cloud,ok,False,0,1,1,northstar_cloud\cli\northstar_cloud_user_services_start.py,fallback_console_script,4,2,1,0,0,False,,False,,False,,False,,False,,False,,"unverified: missing stages: data_acquisition, data_preparation, modeling, training, evaluation, inference"
https://github.com/lopuhin/kaggle-jigsaw-2019,no_dockerfile,False,0,0,0,,,0,0,0,0,0,False,,False,,False,,False,,False,,False,,no Dockerfile and no fallback entry point found
https://github.com/alberttxu/semmatch,ok,False,2,0,1,semmatch\__main__.py,fallback_nested,6,85,2,0,0,True,semmatch/image.py:22 PIL.ImageQt.Image.open [matched Image.open],False,,True,semmatch/groups.py:111 sklearn.cluster.KMeans [matched KMeans],False,,False,,False,,"unverified: missing stages: data_preparation, training, evaluation, inference"
https://github.com/aktilot/insight2019,no_dockerfile,False,0,0,0,,,0,0,0,0,0,False,,False,,False,,False,,False,,False,,no Dockerfile and no fallback entry point found
https://github.com/slack-lunch/slack-lunchinator,no_entry,False,0,1,0,,,0,0,0,0,0,False,,False,,False,,False,,False,,False,,Dockerfile(s) found but no Python entry point could be resolved
https://github.com/mr-chen-king/auto_control_app,no_dockerfile,False,0,0,0,,,0,0,0,0,0,False,,False,,False,,False,,False,,False,,no Dockerfile and no fallback entry point found
https://github.com/floscha/tabular-dataset,no_dockerfile,False,0,0,0,,,0,0,0,0,0,False,,False,,False,,False,,False,,False,,no Dockerfile and no fallback entry point found
https://github.com/martiansideofthemoon/squash-generation,no_entry,False,0,1,0,,,0,0,0,0,0,False,,False,,False,,False,,False,,False,,Dockerfile(s) found but no Python entry point could be resolved
https://github.com/DarkAEther/Apathetic-ML,no_entry,False,0,58,0,,,0,0,0,0,0,False,,False,,False,,False,,False,,False,,Dockerfile(s) found but no Python entry point could be resolved
https://github.com/standroidbeta/TwitOff,ok,False,2,0,1,twitoff\app.py,fallback_nested,4,12,1,0,0,False,,False,,True,twitoff/models.py:0 class User [matched <class subclasses model base>],False,,False,,True,twitoff/app.py:18 flask.Flask [matched Flask],"unverified: missing stages: data_acquisition, data_preparation, training, evaluation"
https://github.com/jiangfuqing/Crispr-single_cell-screens-Crop-seq,no_dockerfile,False,0,0,0,,,0,0,0,0,0,False,,False,,False,,False,,False,,False,,no Dockerfile and no fallback entry point found
https://github.com/michaelgfalk/clean-ocr,ok,False,5,0,1,cleanocr\train.py,fallback_nested,4,33,1,0,0,True,cleanocr/train.py:292 pickle.load [matched pickle.load],True,cleanocr/preprocess.py:175 tf.keras.preprocessing.text.Tokenizer [matched Tokenizer],True,cleanocr/model.py:0 class Encoder [matched <class subclasses model base>],True,cleanocr/train.py:137 tf.GradientTape [matched tf.GradientTape],True,cleanocr/train.py:47 tf.keras.metrics.Mean [matched tf.keras.metrics.*],False,,unverified: missing stages: inference
https://github.com/open-mmlab/mmaction,no_entry,False,0,1,0,,,0,0,0,0,0,False,,False,,False,,False,,False,,False,,Dockerfile(s) found but no Python entry point could be resolved
https://github.com/hpi-bp1819-naumann/shift-detector,no_dockerfile,False,0,0,0,,,0,0,0,0,0,False,,False,,False,,False,,False,,False,,no Dockerfile and no fallback entry point found
https://github.com/alan-turing-institute/das-public,no_dockerfile,False,0,0,0,,,0,0,0,0,0,False,,False,,False,,False,,False,,False,,no Dockerfile and no fallback entry point found
https://github.com/criteo-research/reco-gym,no_dockerfile,False,0,0,0,,,0,0,0,0,0,False,,False,,False,,False,,False,,False,,no Dockerfile and no fallback entry point found
https://github.com/ex4sperans/freesound-classification,no_dockerfile,False,0,0,0,,,0,0,0,0,0,False,,False,,False,,False,,False,,False,,no Dockerfile and no fallback entry point found
https://github.com/MrLaki5/Sentiment-analysis-nlp,ok,False,5,0,1,src\main.py,fallback_nested,2,6,1,0,0,True,src/main.py:53 json.load [matched json.load],True,src/main.py:160 sklearn.preprocessing.StandardScaler [matched StandardScaler],True,src/ml_algorithms.py:91 sklearn.naive_bayes.MultinomialNB [matched MultinomialNB],True,src/ml_algorithms.py:59 sklearn.model_selection.GridSearchCV [matched GridSearchCV],True,src/main.py:243 sklearn.metrics.accuracy_score [matched accuracy_score],False,,unverified: missing stages: inference
https://github.com/elutow/sherli_joking,no_dockerfile,False,0,0,0,,,0,0,0,0,0,False,,False,,False,,False,,False,,False,,no Dockerfile and no fallback entry point found
https://github.com/vinkrish/ml-jupyter-notebook,no_dockerfile,False,0,0,0,,,0,0,0,0,0,False,,False,,False,,False,,False,,False,,no Dockerfile and no fallback entry point found
https://github.com/luponzo86/rhapsody,no_dockerfile,False,0,0,0,,,0,0,0,0,0,False,,False,,False,,False,,False,,False,,no Dockerfile and no fallback entry point found
https://github.com/yongzhuo/Keras-TextClassification,no_dockerfile,False,0,0,0,,,0,0,0,0,0,False,,False,,False,,False,,False,,False,,no Dockerfile and no fallback entry point found
https://github.com/prophetai/apollo,ok,False,0,0,1,src\main.py,fallback_nested,1,1,0,0,0,False,,False,,False,,False,,False,,False,,"unverified: missing stages: data_acquisition, data_preparation, modeling, training, evaluation, inference"
https://github.com/lululxvi/deepxde,no_entry,False,0,1,0,,,0,0,0,0,0,False,,False,,False,,False,,False,,False,,Dockerfile(s) found but no Python entry point could be resolved
https://github.com/rizki96/ds_challenge,no_dockerfile,False,0,0,0,,,0,0,0,0,0,False,,False,,False,,False,,False,,False,,no Dockerfile and no fallback entry point found
https://github.com/samarthbhargav/symstat,no_dockerfile,False,0,0,0,,,0,0,0,0,0,False,,False,,False,,False,,False,,False,,no Dockerfile and no fallback entry point found
https://github.com/bcjack12/ml-class_july_2019,no_dockerfile,False,0,0,0,,,0,0,0,0,0,False,,False,,False,,False,,False,,False,,no Dockerfile and no fallback entry point found
https://github.com/tapilab/elevate-osna-starter,ok,False,2,0,1,osna\cli.py,fallback_console_script,3,6,1,0,0,False,,False,,True,osna/cli.py:53 sklearn.linear_model.LogisticRegression [matched LogisticRegression],False,,False,,True,osna/app/__init__.py:4 flask.Flask [matched Flask],"unverified: missing stages: data_acquisition, data_preparation, training, evaluation"
https://github.com/psoilis/Crowd-Computing-Group-1,no_dockerfile,False,0,0,0,,,0,0,0,0,0,False,,False,,False,,False,,False,,False,,no Dockerfile and no fallback entry point found
https://github.com/yoavram/curveball,ok,False,1,1,1,curveball\scripts\cli.py,fallback_console_script,3,34,2,0,0,True,curveball/scripts/cli.py:122 pd.read_csv [matched pd.read_csv],False,,False,,False,,False,,False,,"unverified: missing stages: data_preparation, modeling, training, evaluation, inference"
https://github.com/winnawat/AWS-foryou,no_dockerfile,False,0,0,0,,,0,0,0,0,0,False,,False,,False,,False,,False,,False,,no Dockerfile and no fallback entry point found
https://github.com/ellawang44/Breidablik,no_dockerfile,False,0,0,0,,,0,0,0,0,0,False,,False,,False,,False,,False,,False,,no Dockerfile and no fallback entry point found
https://github.com/neurodatascience/fmralign-tutorials,no_dockerfile,False,0,0,0,,,0,0,0,0,0,False,,False,,False,,False,,False,,False,,no Dockerfile and no fallback entry point found
https://github.com/N-Demir/ElephantCallAI,ok,False,3,0,1,src\train.py,fallback_nested,1,4,0,0,0,False,,False,,False,,True,src/train.py:35 optimizer.zero_grad [matched optimizer.zero_grad],True,src/train.py:248 writer.add_scalar [matched writer.add_scalar],True,src/train.py:120 model.eval [matched model.eval],"unverified: missing stages: data_acquisition, data_preparation, modeling"
https://github.com/Kavaldrin/PITE-PyTorch,no_dockerfile,False,0,0,0,,,0,0,0,0,0,False,,False,,False,,False,,False,,False,,no Dockerfile and no fallback entry point found
https://github.com/edgeslab/CTL,no_dockerfile,False,0,0,0,,,0,0,0,0,0,False,,False,,False,,False,,False,,False,,no Dockerfile and no fallback entry point found
https://github.com/Neuraxio/Neuraxle,no_dockerfile,False,0,0,0,,,0,0,0,0,0,False,,False,,False,,False,,False,,False,,no Dockerfile and no fallback entry point found
https://github.com/signal-and-image-processing-fs19/oct-image-srf-detection,no_dockerfile,False,0,0,0,,,0,0,0,0,0,False,,False,,False,,False,,False,,False,,no Dockerfile and no fallback entry point found
https://github.com/pramukta/mftrees,ok,False,1,0,1,mftrees\features.py,fallback_console_script,1,5,0,0,0,True,mftrees/features.py:92 rasterio.open [matched rasterio.open],False,,False,,False,,False,,False,,"unverified: missing stages: data_preparation, modeling, training, evaluation, inference"
https://github.com/umbertogriffo/fast-near-duplicate-image-search,no_dockerfile,False,0,0,0,,,0,0,0,0,0,False,,False,,False,,False,,False,,False,,no Dockerfile and no fallback entry point found
https://github.com/jopilipina/thesis,no_dockerfile,False,0,0,0,,,0,0,0,0,0,False,,False,,False,,False,,False,,False,,no Dockerfile and no fallback entry point found
https://github.com/adrigrillo/dl,no_dockerfile,False,0,0,0,,,0,0,0,0,0,False,,False,,False,,False,,False,,False,,no Dockerfile and no fallback entry point found
https://github.com/kiapanahi/machine-learning-course,no_dockerfile,False,0,0,0,,,0,0,0,0,0,False,,False,,False,,False,,False,,False,,no Dockerfile and no fallback entry point found
https://github.com/tynski/VoicePathology,no_dockerfile,False,0,0,0,,,0,0,0,0,0,False,,False,,False,,False,,False,,False,,no Dockerfile and no fallback entry point found
https://github.com/paulourio/war,no_dockerfile,False,0,0,0,,,0,0,0,0,0,False,,False,,False,,False,,False,,False,,no Dockerfile and no fallback entry point found
https://github.com/littlewine/snorkel-ml,no_dockerfile,False,0,0,0,,,0,0,0,0,0,False,,False,,False,,False,,False,,False,,no Dockerfile and no fallback entry point found
https://github.com/SravanKumarReddy1990/facial-recognition,ok,False,1,2,1,face_recognition\face_recognition_cli.py,fallback_console_script,2,20,1,0,0,True,face_recognition/api.py:86 PIL.Image.Image.open [matched Image.open],False,,False,,False,,False,,False,,"unverified: missing stages: data_preparation, modeling, training, evaluation, inference"
https://github.com/ucladevx/Metis,no_entry,False,0,1,0,,,0,0,0,0,0,False,,False,,False,,False,,False,,False,,Dockerfile(s) found but no Python entry point could be resolved
https://github.com/atorch/cnn_land_cover,no_entry,False,0,1,0,,,0,0,0,0,0,False,,False,,False,,False,,False,,False,,Dockerfile(s) found but no Python entry point could be resolved
https://github.com/yoooooohu/my-facenet-for-IQIYI2019,no_dockerfile,False,0,0,0,,,0,0,0,0,0,False,,False,,False,,False,,False,,False,,no Dockerfile and no fallback entry point found
https://github.com/ed-turner/look-a-like,no_dockerfile,False,0,0,0,,,0,0,0,0,0,False,,False,,False,,False,,False,,False,,no Dockerfile and no fallback entry point found
https://github.com/jiujiezz/deephlapan,no_dockerfile,False,0,0,0,,,0,0,0,0,0,False,,False,,False,,False,,False,,False,,no Dockerfile and no fallback entry point found
https://github.com/serina-robinson/adenylpred,no_dockerfile,False,0,0,0,,,0,0,0,0,0,False,,False,,False,,False,,False,,False,,no Dockerfile and no fallback entry point found
https://github.com/marctuscher/gqcnn,no_entry,False,0,2,0,,,0,0,0,0,0,False,,False,,False,,False,,False,,False,,Dockerfile(s) found but no Python entry point could be resolved
https://github.com/fabianbruckschen/sampled,no_dockerfile,False,0,0,0,,,0,0,0,0,0,False,,False,,False,,False,,False,,False,,no Dockerfile and no fallback entry point found
https://github.com/wenhaoz-fengcai/cs247,no_dockerfile,False,0,0,0,,,0,0,0,0,0,False,,False,,False,,False,,False,,False,,no Dockerfile and no fallback entry point found
https://github.com/asuresh8/CSCIE599-WebCrawler-Spring2019,no_entry,False,0,3,0,,,0,0,0,0,0,False,,False,,False,,False,,False,,False,,Dockerfile(s) found but no Python entry point could be resolved
https://github.com/sasayabaku/Machine-Learning-notebook-memo,no_entry,False,0,2,0,,,0,0,0,0,0,False,,False,,False,,False,,False,,False,,Dockerfile(s) found but no Python entry point could be resolved
https://github.com/ashwinsharma-as/pridicting-bitcoin-price,no_dockerfile,False,0,0,0,,,0,0,0,0,0,False,,False,,False,,False,,False,,False,,no Dockerfile and no fallback entry point found
https://github.com/CMSCompOps/WorkflowWebTools,no_dockerfile,False,0,0,0,,,0,0,0,0,0,False,,False,,False,,False,,False,,False,,no Dockerfile and no fallback entry point found
https://github.com/suthakar-mari/jenkins-python-test,ok,False,1,0,1,irisvmpy\iris.py,fallback_console_script,1,1,0,0,0,False,,False,,True,irisvmpy/iris.py:21 sklearn.svm.SVC [matched SVC],False,,False,,False,,"unverified: missing stages: data_acquisition, data_preparation, training, evaluation, inference"
https://github.com/choosehappy/HistoQC,ok,False,0,1,1,histoqc\__main__.py,fallback_nested,8,54,3,0,1,False,,False,,False,,False,,False,,False,,"unverified: missing stages: data_acquisition, data_preparation, modeling, training, evaluation, inference"
https://github.com/betas-org/betas,no_dockerfile,False,0,0,0,,,0,0,0,0,0,False,,False,,False,,False,,False,,False,,no Dockerfile and no fallback entry point found
https://github.com/huhydro/ml-class,no_dockerfile,False,0,0,0,,,0,0,0,0,0,False,,False,,False,,False,,False,,False,,no Dockerfile and no fallback entry point found
https://github.com/blindauth/abstention,no_dockerfile,False,0,0,0,,,0,0,0,0,0,False,,False,,False,,False,,False,,False,,no Dockerfile and no fallback entry point found
https://github.com/rshah98626/SleepDeepNetwork,no_dockerfile,False,0,0,0,,,0,0,0,0,0,False,,False,,False,,False,,False,,False,,no Dockerfile and no fallback entry point found
https://github.com/ct-studio-buildboard/ST19-40,no_dockerfile,False,0,0,0,,,0,0,0,0,0,False,,False,,False,,False,,False,,False,,no Dockerfile and no fallback entry point found
https://github.com/haesemeyer/GradientPrediction,no_dockerfile,False,0,0,0,,,0,0,0,0,0,False,,False,,False,,False,,False,,False,,no Dockerfile and no fallback entry point found
https://github.com/dremok/mustard-lime-emerald,no_dockerfile,False,0,0,0,,,0,0,0,0,0,False,,False,,False,,False,,False,,False,,no Dockerfile and no fallback entry point found
https://github.com/Bboatman/MagicDeckGenerator,ok,False,0,0,1,magicDeckGenerator\main.py,fallback_nested,1,5,0,0,0,False,,False,,False,,False,,False,,False,,"unverified: missing stages: data_acquisition, data_preparation, modeling, training, evaluation, inference"
https://github.com/mtrazzi/quantilizers,no_dockerfile,False,0,0,0,,,0,0,0,0,0,False,,False,,False,,False,,False,,False,,no Dockerfile and no fallback entry point found
https://github.com/podondra/lampy,no_dockerfile,False,0,0,0,,,0,0,0,0,0,False,,False,,False,,False,,False,,False,,no Dockerfile and no fallback entry point found
https://github.com/cortandr/MASRL,no_dockerfile,False,0,0,0,,,0,0,0,0,0,False,,False,,False,,False,,False,,False,,no Dockerfile and no fallback entry point found
https://github.com/PeterSzakacs/convnet_euso,no_entry,False,0,1,0,,,0,0,0,0,0,False,,False,,False,,False,,False,,False,,Dockerfile(s) found but no Python entry point could be resolved
https://github.com/natelangholz/stat418-tools-in-datascience,no_entry,False,0,5,0,,,0,0,0,0,0,False,,False,,False,,False,,False,,False,,Dockerfile(s) found but no Python entry point could be resolved
https://github.com/tesorrells/RF-Drone-Detection,no_dockerfile,False,0,0,0,,,0,0,0,0,0,False,,False,,False,,False,,False,,False,,no Dockerfile and no fallback entry point found
https://github.com/charlesll/rampy,no_dockerfile,False,0,0,0,,,0,0,0,0,0,False,,False,,False,,False,,False,,False,,no Dockerfile and no fallback entry point found
https://github.com/iamvon/viBlind,no_entry,False,0,1,0,,,0,0,0,0,0,False,,False,,False,,False,,False,,False,,Dockerfile(s) found but no Python entry point could be resolved
https://github.com/pinargoktepe/PatRec,ok,False,3,0,1,Exercise_2a\main.py,fallback_nested,2,2,1,0,0,True,Exercise_2a/DataSet.py:12 np.loadtxt [matched np.loadtxt],False,,True,Exercise_2a/main.py:17 sklearn.svm.SVC [matched SVC],False,,True,Exercise_2a/main.py:21 sklearn.model_selection.cross_validate [matched cross_validate],False,,"unverified: missing stages: data_preparation, training, inference"
https://github.com/Gardner-BinfLab/Avoidance-v2,no_dockerfile,False,0,0,0,,,0,0,0,0,0,False,,False,,False,,False,,False,,False,,no Dockerfile and no fallback entry point found
https://github.com/recuraki/PythonJunkTest,no_dockerfile,False,0,0,0,,,0,0,0,0,0,False,,False,,False,,False,,False,,False,,no Dockerfile and no fallback entry point found
https://github.com/adamjorr/kbbq-py,ok,False,1,0,1,kbbq\main.py,fallback_nested,7,67,2,0,0,False,,False,,True,kbbq/compare_reads.py:72 sklearn.linear_model.LogisticRegression [matched LogisticRegression],False,,False,,False,,"unverified: missing stages: data_acquisition, data_preparation, training, evaluation, inference"
https://github.com/p-christ/nn_builder,no_dockerfile,False,0,0,0,,,0,0,0,0,0,False,,False,,False,,False,,False,,False,,no Dockerfile and no fallback entry point found
https://github.com/capybara1/ArtificialIntelligenceDemo,no_dockerfile,False,0,0,0,,,0,0,0,0,0,False,,False,,False,,False,,False,,False,,no Dockerfile and no fallback entry point found
https://github.com/dsgiitr/Assignments,no_dockerfile,False,0,0,0,,,0,0,0,0,0,False,,False,,False,,False,,False,,False,,no Dockerfile and no fallback entry point found
https://github.com/SMAPPNYU/smapp_text_classifier,no_dockerfile,False,0,0,0,,,0,0,0,0,0,False,,False,,False,,False,,False,,False,,no Dockerfile and no fallback entry point found
https://github.com/samuelmurray/gaussian-process,no_dockerfile,False,0,0,0,,,0,0,0,0,0,False,,False,,False,,False,,False,,False,,no Dockerfile and no fallback entry point found
https://github.com/itratrahman/machine_learning_projects,no_dockerfile,False,0,0,0,,,0,0,0,0,0,False,,False,,False,,False,,False,,False,,no Dockerfile and no fallback entry point found
https://github.com/fadymedhat/MCLNN-theano,no_dockerfile,False,0,0,0,,,0,0,0,0,0,False,,False,,False,,False,,False,,False,,no Dockerfile and no fallback entry point found
https://github.com/Blacksimo/MSED-3D,no_dockerfile,False,0,0,0,,,0,0,0,0,0,False,,False,,False,,False,,False,,False,,no Dockerfile and no fallback entry point found
https://github.com/KevinLiao159/MyDataSciencePortfolio,no_dockerfile,False,0,0,0,,,0,0,0,0,0,False,,False,,False,,False,,False,,False,,no Dockerfile and no fallback entry point found
https://github.com/dhruvrnaik/pytorch_challenge,no_dockerfile,False,0,0,0,,,0,0,0,0,0,False,,False,,False,,False,,False,,False,,no Dockerfile and no fallback entry point found
https://github.com/sun-yitao/PsychicLearners,no_dockerfile,False,0,0,0,,,0,0,0,0,0,False,,False,,False,,False,,False,,False,,no Dockerfile and no fallback entry point found
https://github.com/Amglex/Mutual-Funds,no_dockerfile,False,0,0,0,,,0,0,0,0,0,False,,False,,False,,False,,False,,False,,no Dockerfile and no fallback entry point found
https://github.com/jiexunsee/graph-cnn-recommender-systems,ok,False,2,0,1,gcmc_adaptation\main.py,fallback_nested,1,1,0,0,0,True,gcmc_adaptation/main.py:79 np.load [matched np.load],False,,False,,False,,True,gcmc_adaptation/main.py:510 sklearn.metrics.roc_auc_score [matched roc_auc_score],False,,"unverified: missing stages: data_preparation, modeling, training, inference"
https://github.com/kearnsw/bio-nlp,no_dockerfile,False,0,0,0,,,0,0,0,0,0,False,,False,,False,,False,,False,,False,,no Dockerfile and no fallback entry point found
https://github.com/Yachida/CrazyPets,no_dockerfile,False,0,0,0,,,0,0,0,0,0,False,,False,,False,,False,,False,,False,,no Dockerfile and no fallback entry point found
https://github.com/SoftwareDefinedBuildings/mortar-analytics,no_dockerfile,False,0,0,0,,,0,0,0,0,0,False,,False,,False,,False,,False,,False,,no Dockerfile and no fallback entry point found
https://github.com/nyaang/CourseDesigns,no_dockerfile,False,0,0,0,,,0,0,0,0,0,False,,False,,False,,False,,False,,False,,no Dockerfile and no fallback entry point found
https://github.com/tupleblog/generate-thai-lyrics,no_entry,False,0,1,0,,,0,0,0,0,0,False,,False,,False,,False,,False,,False,,Dockerfile(s) found but no Python entry point could be resolved
https://github.com/pncnmnp/Pizzy,no_dockerfile,False,0,0,0,,,0,0,0,0,0,False,,False,,False,,False,,False,,False,,no Dockerfile and no fallback entry point found
https://github.com/carl24k/fight-churn,no_dockerfile,False,0,0,0,,,0,0,0,0,0,False,,False,,False,,False,,False,,False,,no Dockerfile and no fallback entry point found
https://github.com/h4ste/pronto,no_dockerfile,False,0,0,0,,,0,0,0,0,0,False,,False,,False,,False,,False,,False,,no Dockerfile and no fallback entry point found
https://github.com/find-tech/straggler-search-system,no_dockerfile,False,0,0,0,,,0,0,0,0,0,False,,False,,False,,False,,False,,False,,no Dockerfile and no fallback entry point found
https://github.com/anomaly-detection-macrobase-benchmark/scripts,no_dockerfile,False,0,0,0,,,0,0,0,0,0,False,,False,,False,,False,,False,,False,,no Dockerfile and no fallback entry point found
https://github.com/byu-dml/d3m-experimenter,no_entry,False,0,1,0,,,0,0,0,0,0,False,,False,,False,,False,,False,,False,,Dockerfile(s) found but no Python entry point could be resolved
https://github.com/NCBI-Hackathons/RNA-Seq-in-the-Cloud,no_entry,False,0,4,0,,,0,0,0,0,0,False,,False,,False,,False,,False,,False,,Dockerfile(s) found but no Python entry point could be resolved
https://github.com/Brain-Mapper/BrainMapperV2,no_dockerfile,False,0,0,0,,,0,0,0,0,0,False,,False,,False,,False,,False,,False,,no Dockerfile and no fallback entry point found
https://github.com/irisyeung0725/DataScienceHandbook,no_dockerfile,False,0,0,0,,,0,0,0,0,0,False,,False,,False,,False,,False,,False,,no Dockerfile and no fallback entry point found
https://github.com/PacktPublishing/Hands-On-Application-Development-with-PyCharm,no_dockerfile,False,0,0,0,,,0,0,0,0,0,False,,False,,False,,False,,False,,False,,no Dockerfile and no fallback entry point found
https://github.com/mv1388/aitoolbox,no_dockerfile,False,0,0,0,,,0,0,0,0,0,False,,False,,False,,False,,False,,False,,no Dockerfile and no fallback entry point found
https://github.com/rgeorgi/INTENT2,no_dockerfile,False,0,0,0,,,0,0,0,0,0,False,,False,,False,,False,,False,,False,,no Dockerfile and no fallback entry point found
https://github.com/geilerloui/deep-learning,no_dockerfile,False,0,0,0,,,0,0,0,0,0,False,,False,,False,,False,,False,,False,,no Dockerfile and no fallback entry point found
https://github.com/havanagrawal/clomask,no_dockerfile,False,0,0,0,,,0,0,0,0,0,False,,False,,False,,False,,False,,False,,no Dockerfile and no fallback entry point found
https://github.com/htafer/courses,no_dockerfile,False,0,0,0,,,0,0,0,0,0,False,,False,,False,,False,,False,,False,,no Dockerfile and no fallback entry point found
https://github.com/chakravarthi19/models-,ok,False,4,1,1,ludwig\train.py,fallback_nested,48,480,4,0,0,True,ludwig/train.py:168 yaml.load [matched yaml.load],True,ludwig/data/concatenate_datasets.py:58 pd.concat [matched pd.concat],True,ludwig/train.py:401 ludwig.models.model.Model [matched Model],False,,True,ludwig/features/binary_feature.py:317 ludwig.utils.metrics_utils.roc_curve [matched roc_curve],False,,"unverified: missing stages: training, inference"
https://github.com/data61/landshark,ok,False,2,1,1,landshark\scripts\cli.py,fallback_console_script,14,120,3,0,0,True,landshark/saver.py:83 json.load [matched json.load],False,,False,,False,,False,,True,landshark/scripts/cli.py:141 landshark.model.predict [matched model.predict],"unverified: missing stages: data_preparation, modeling, training, evaluation"
https://github.com/scikit-learn-contrib/mimic,no_dockerfile,False,0,0,0,,,0,0,0,0,0,False,,False,,False,,False,,False,,False,,no Dockerfile and no fallback entry point found
https://github.com/artursil/virtual_trainer,no_dockerfile,False,0,0,0,,,0,0,0,0,0,False,,False,,False,,False,,False,,False,,no Dockerfile and no fallback entry point found
https://github.com/scikit-learn-contrib/scikit-learn-extra,no_dockerfile,False,0,0,0,,,0,0,0,0,0,False,,False,,False,,False,,False,,False,,no Dockerfile and no fallback entry point found
https://github.com/johnmsholar/cs224n-project,no_dockerfile,False,0,0,0,,,0,0,0,0,0,False,,False,,False,,False,,False,,False,,no Dockerfile and no fallback entry point found
https://github.com/MAIF/melusine,no_dockerfile,False,0,0,0,,,0,0,0,0,0,False,,False,,False,,False,,False,,False,,no Dockerfile and no fallback entry point found
https://github.com/AndBooth/leeds-ds-meetup,no_dockerfile,False,0,0,0,,,0,0,0,0,0,False,,False,,False,,False,,False,,False,,no Dockerfile and no fallback entry point found
https://github.com/SolbiatiAlessandro/kaggle-pets,no_dockerfile,False,0,0,0,,,0,0,0,0,0,False,,False,,False,,False,,False,,False,,no Dockerfile and no fallback entry point found
https://github.com/DTUComputeCognitiveSystems/bayesian_cut,no_dockerfile,False,0,0,0,,,0,0,0,0,0,False,,False,,False,,False,,False,,False,,no Dockerfile and no fallback entry point found
https://github.com/koaning/brent,no_dockerfile,False,0,0,0,,,0,0,0,0,0,False,,False,,False,,False,,False,,False,,no Dockerfile and no fallback entry point found
https://github.com/sethah/deeptennis,no_dockerfile,False,0,0,0,,,0,0,0,0,0,False,,False,,False,,False,,False,,False,,no Dockerfile and no fallback entry point found
https://github.com/matthaeusheer/ml-project,no_dockerfile,False,0,0,0,,,0,0,0,0,0,False,,False,,False,,False,,False,,False,,no Dockerfile and no fallback entry point found
https://github.com/indralab/adeft,no_dockerfile,False,0,0,0,,,0,0,0,0,0,False,,False,,False,,False,,False,,False,,no Dockerfile and no fallback entry point found
https://github.com/michalmaayan/parking-ticket-project,no_dockerfile,False,0,0,0,,,0,0,0,0,0,False,,False,,False,,False,,False,,False,,no Dockerfile and no fallback entry point found
https://github.com/shreya-03/Sherlock,no_dockerfile,False,0,0,0,,,0,0,0,0,0,False,,False,,False,,False,,False,,False,,no Dockerfile and no fallback entry point found
https://github.com/ajbradberry96/SeniorDesignCAPIRS,no_dockerfile,False,0,0,0,,,0,0,0,0,0,False,,False,,False,,False,,False,,False,,no Dockerfile and no fallback entry point found
https://github.com/chalendony/iot-htsensor,no_dockerfile,False,0,0,0,,,0,0,0,0,0,False,,False,,False,,False,,False,,False,,no Dockerfile and no fallback entry point found
https://github.com/microsoft/msticpy,no_entry,False,0,1,0,,,0,0,0,0,0,False,,False,,False,,False,,False,,False,,Dockerfile(s) found but no Python entry point could be resolved
https://github.com/HaoJiangGuo/faceswap,ok,False,1,2,1,scripts\train.py,fallback_nested,13,141,4,0,1,True,scripts/train.py:169 cv2.imread [matched cv2.imread],False,,False,,False,,False,,False,,"unverified: missing stages: data_preparation, modeling, training, evaluation, inference"
https://github.com/konodyuk/kts,ok,False,0,0,1,kts\cli\scripts.py,fallback_console_script,2,8,1,0,0,False,,False,,False,,False,,False,,False,,"unverified: missing stages: data_acquisition, data_preparation, modeling, training, evaluation, inference"
https://github.com/facebookresearch/ParlAI,ok,False,5,1,1,parlai\__main__.py,fallback_nested,27,640,6,0,14,True,parlai/core/opt.py:133 json.load [matched json.load],True,parlai/core/image_featurizers.py:94 self.transforms.Compose [matched transforms.Compose],True,parlai/utils/torch.py:0 class IdentityLayer [matched <class subclasses model base>],False,,True,parlai/core/metrics.py:610 nltk.translate.bleu_score.sentence_bleu [matched sentence_bleu],True,parlai/core/image_featurizers.py:177 torch.no_grad [matched torch.no_grad],unverified: missing stages: training
https://github.com/HoganZhang/open-reid,no_dockerfile,False,0,0,0,,,0,0,0,0,0,False,,False,,False,,False,,False,,False,,no Dockerfile and no fallback entry point found
https://github.com/alexanderkeijser73/DeepMusicRecommendation,no_dockerfile,False,0,0,0,,,0,0,0,0,0,False,,False,,False,,False,,False,,False,,no Dockerfile and no fallback entry point found
https://github.com/alexH2456/ECSE415-FinalProject,no_dockerfile,False,0,0,0,,,0,0,0,0,0,False,,False,,False,,False,,False,,False,,no Dockerfile and no fallback entry point found
https://github.com/smalvika8/NLP_Coursera,no_entry,False,0,1,0,,,0,0,0,0,0,False,,False,,False,,False,,False,,False,,Dockerfile(s) found but no Python entry point could be resolved
https://github.com/csymvoul/Incremental_DBSCAN,no_dockerfile,False,0,0,0,,,0,0,0,0,0,False,,False,,False,,False,,False,,False,,no Dockerfile and no fallback entry point found
https://github.com/Morgan-Swanson/polycan,ok,False,0,0,1,polycan\__main__.py,fallback_nested,1,0,0,1,0,False,,False,,False,,False,,False,,False,,"unverified: missing stages: data_acquisition, data_preparation, modeling, training, evaluation, inference"
https://github.com/notmatthancock/level-set-machine-learning,no_dockerfile,False,0,0,0,,,0,0,0,0,0,False,,False,,False,,False,,False,,False,,no Dockerfile and no fallback entry point found
https://github.com/smtlearning/incal,ok,False,4,0,1,incal\experiments\cli.py,fallback_console_script,19,170,4,0,0,True,incal/experiments/prepare.py:105 zipfile.ZipFile [matched zipfile.ZipFile],False,,True,incal/violations/dt_selection.py:38 sklearn.tree.DecisionTreeClassifier [matched DecisionTreeClassifier],True,incal/violations/dt_selection.py:39 estimator.fit [matched estimator.fit],True,incal/observe/inc_logging.py:24 self.log [matched self.log],False,,"unverified: missing stages: data_preparation, inference"
https://github.com/ZhiruiFeng/CarsMemory,no_dockerfile,False,0,0,0,,,0,0,0,0,0,False,,False,,False,,False,,False,,False,,no Dockerfile and no fallback entry point found
https://github.com/sebdei/semantic_search_for_pois,no_entry,False,0,2,0,,,0,0,0,0,0,False,,False,,False,,False,,False,,False,,Dockerfile(s) found but no Python entry point could be resolved
https://github.com/druedaplata/buildings_repo,no_dockerfile,False,0,0,0,,,0,0,0,0,0,False,,False,,False,,False,,False,,False,,no Dockerfile and no fallback entry point found
https://github.com/koktf23/Clairvoyant,no_dockerfile,False,0,0,0,,,0,0,0,0,0,False,,False,,False,,False,,False,,False,,no Dockerfile and no fallback entry point found
https://github.com/gmunglani/fret-ibra,ok,False,0,0,1,ibra\__main__.py,fallback_nested,2,2,1,0,0,False,,False,,False,,False,,False,,False,,"unverified: missing stages: data_acquisition, data_preparation, modeling, training, evaluation, inference"
https://github.com/mahsa-sa/pyfish,no_dockerfile,False,0,0,0,,,0,0,0,0,0,False,,False,,False,,False,,False,,False,,no Dockerfile and no fallback entry point found
https://github.com/TheShadow29/subreddit-classification-dataset,no_dockerfile,False,0,0,0,,,0,0,0,0,0,False,,False,,False,,False,,False,,False,,no Dockerfile and no fallback entry point found
https://github.com/vishalpatel2890/album-hits,no_dockerfile,False,0,0,0,,,0,0,0,0,0,False,,False,,False,,False,,False,,False,,no Dockerfile and no fallback entry point found
https://github.com/aliihsank/Churn-Analysis-API,no_dockerfile,False,0,0,0,,,0,0,0,0,0,False,,False,,False,,False,,False,,False,,no Dockerfile and no fallback entry point found
https://github.com/MartinXPN/word2morph,ok,True,6,0,1,word2morph\train.py,fallback_nested,19,98,3,0,0,True,word2morph/training/gym.py:48 word2morph.data.loaders.DataLoader [matched DataLoader],True,word2morph/util/metrics.py:14 sklearn.preprocessing.LabelBinarizer [matched LabelBinarizer],True,word2morph/models/cnn.py:0 class CNNModel [matched <class subclasses model base>],True,word2morph/training/gym.py:131 self.model.fit_generator [matched model.fit_generator],True,word2morph/util/metrics.py:18 sklearn.metrics.roc_auc_score [matched roc_auc_score],True,word2morph/util/metrics.py:77 self.model.predict [matched model.predict],verified: all 6 stages present
https://github.com/StevenLiuWen/sRNN_TSC_Anomaly_Detection,no_dockerfile,False,0,0,0,,,0,0,0,0,0,False,,False,,False,,False,,False,,False,,no Dockerfile and no fallback entry point found
https://github.com/geraldomacias/MarkLogic,no_entry,False,0,1,0,,,0,0,0,0,0,False,,False,,False,,False,,False,,False,,Dockerfile(s) found but no Python entry point could be resolved
https://github.com/artist-differentiatior/artist-differentiator,no_dockerfile,False,0,0,0,,,0,0,0,0,0,False,,False,,False,,False,,False,,False,,no Dockerfile and no fallback entry point found
https://github.com/GeoscienceAustralia/hiperseis,no_entry,False,0,1,0,,,0,0,0,0,0,False,,False,,False,,False,,False,,False,,Dockerfile(s) found but no Python entry point could be resolved
https://github.com/Lila14/miniMDS,no_dockerfile,False,0,0,0,,,0,0,0,0,0,False,,False,,False,,False,,False,,False,,no Dockerfile and no fallback entry point found
https://github.com/quadflor/Quadflor,no_dockerfile,False,0,0,0,,,0,0,0,0,0,False,,False,,False,,False,,False,,False,,no Dockerfile and no fallback entry point found
https://github.com/jvivian/Bayesian-Outlier-Model,no_entry,False,0,1,0,,,0,0,0,0,0,False,,False,,False,,False,,False,,False,,Dockerfile(s) found but no Python entry point could be resolved
https://github.com/ahlusar1989/machine-learning,no_dockerfile,False,0,0,0,,,0,0,0,0,0,False,,False,,False,,False,,False,,False,,no Dockerfile and no fallback entry point found
https://github.com/pmiara/Sequence-Classification,no_entry,False,0,1,0,,,0,0,0,0,0,False,,False,,False,,False,,False,,False,,Dockerfile(s) found but no Python entry point could be resolved
https://github.com/brunedv/changepoint_cython,no_dockerfile,False,0,0,0,,,0,0,0,0,0,False,,False,,False,,False,,False,,False,,no Dockerfile and no fallback entry point found
https://github.com/ScienceStacks/microbepy,no_dockerfile,False,0,0,0,,,0,0,0,0,0,False,,False,,False,,False,,False,,False,,no Dockerfile and no fallback entry point found
https://github.com/AndreaCossu/Relation-Network-PyTorch,no_dockerfile,False,0,0,0,,,0,0,0,0,0,False,,False,,False,,False,,False,,False,,no Dockerfile and no fallback entry point found
https://github.com/kboone/avocado,no_dockerfile,False,0,0,0,,,0,0,0,0,0,False,,False,,False,,False,,False,,False,,no Dockerfile and no fallback entry point found
https://github.com/NUAA-AL/ALiPy,no_dockerfile,False,0,0,0,,,0,0,0,0,0,False,,False,,False,,False,,False,,False,,no Dockerfile and no fallback entry point found
https://github.com/zavolanlab/TECtool,no_entry,False,0,1,0,,,0,0,0,0,0,False,,False,,False,,False,,False,,False,,Dockerfile(s) found but no Python entry point could be resolved
https://github.com/searobbersduck/CustomerServiceAI,no_dockerfile,False,0,0,0,,,0,0,0,0,0,False,,False,,False,,False,,False,,False,,no Dockerfile and no fallback entry point found
https://github.com/zhanpenghe/USC-CS-Courses,no_dockerfile,False,0,0,0,,,0,0,0,0,0,False,,False,,False,,False,,False,,False,,no Dockerfile and no fallback entry point found
https://github.com/anhthynguyen/Udacity-bikesharing,no_dockerfile,False,0,0,0,,,0,0,0,0,0,False,,False,,False,,False,,False,,False,,no Dockerfile and no fallback entry point found
https://github.com/happygds/two_level,ok,False,0,0,1,roi1d_pooling_avg\main.py,fallback_nested,1,0,0,0,0,False,,False,,False,,False,,False,,False,,"unverified: missing stages: data_acquisition, data_preparation, modeling, training, evaluation, inference"
https://github.com/i-machine-think/diagNNose,no_dockerfile,False,0,0,0,,,0,0,0,0,0,False,,False,,False,,False,,False,,False,,no Dockerfile and no fallback entry point found
https://github.com/aarshtalati/machine-learning,no_dockerfile,False,0,0,0,,,0,0,0,0,0,False,,False,,False,,False,,False,,False,,no Dockerfile and no fallback entry point found
https://github.com/Law-AI/summarization,no_dockerfile,False,0,0,0,,,0,0,0,0,0,False,,False,,False,,False,,False,,False,,no Dockerfile and no fallback entry point found
https://github.com/ace-racer/Extending-Board-Games-using-deep-learning,no_entry,False,0,1,0,,,0,0,0,0,0,False,,False,,False,,False,,False,,False,,Dockerfile(s) found but no Python entry point could be resolved
https://github.com/sensorlab/link-quality-estimation,no_dockerfile,False,0,0,0,,,0,0,0,0,0,False,,False,,False,,False,,False,,False,,no Dockerfile and no fallback entry point found
https://github.com/dkoutsou/Data-Science-Lab,no_dockerfile,False,0,0,0,,,0,0,0,0,0,False,,False,,False,,False,,False,,False,,no Dockerfile and no fallback entry point found
https://github.com/massich/my_mne,no_dockerfile,False,0,0,0,,,0,0,0,0,0,False,,False,,False,,False,,False,,False,,no Dockerfile and no fallback entry point found
https://github.com/annapurna-09/deep-learning-v2-pytorch,no_dockerfile,False,0,0,0,,,0,0,0,0,0,False,,False,,False,,False,,False,,False,,no Dockerfile and no fallback entry point found
https://github.com/tensorflow/data-validation,no_entry,False,0,1,0,,,0,0,0,0,0,False,,False,,False,,False,,False,,False,,Dockerfile(s) found but no Python entry point could be resolved
https://github.com/BlackcOVER/test_class_rnn_cnn,no_dockerfile,False,0,0,0,,,0,0,0,0,0,False,,False,,False,,False,,False,,False,,no Dockerfile and no fallback entry point found
https://github.com/GurekamSidhu/PB-38,no_dockerfile,False,0,0,0,,,0,0,0,0,0,False,,False,,False,,False,,False,,False,,no Dockerfile and no fallback entry point found
https://github.com/zatang007/Machine-Learning-Coursera,no_dockerfile,False,0,0,0,,,0,0,0,0,0,False,,False,,False,,False,,False,,False,,no Dockerfile and no fallback entry point found
https://github.com/venkatesha2411/Data-science-,no_dockerfile,False,0,0,0,,,0,0,0,0,0,False,,False,,False,,False,,False,,False,,no Dockerfile and no fallback entry point found
https://github.com/jesse-toftum/cash_ml,no_entry,False,0,1,0,,,0,0,0,0,0,False,,False,,False,,False,,False,,False,,Dockerfile(s) found but no Python entry point could be resolved
https://github.com/berkugudur/CS401_Senior_Project,no_dockerfile,False,0,0,0,,,0,0,0,0,0,False,,False,,False,,False,,False,,False,,no Dockerfile and no fallback entry point found
https://github.com/so-sc/VTU-Lab-Material,no_dockerfile,False,0,0,0,,,0,0,0,0,0,False,,False,,False,,False,,False,,False,,no Dockerfile and no fallback entry point found
https://github.com/UCSD-SEELab/SmartHome,no_dockerfile,False,0,0,0,,,0,0,0,0,0,False,,False,,False,,False,,False,,False,,no Dockerfile and no fallback entry point found
https://github.com/CCS-Thesis/iro_repo_2,no_dockerfile,False,0,0,0,,,0,0,0,0,0,False,,False,,False,,False,,False,,False,,no Dockerfile and no fallback entry point found
https://github.com/ryahollands99/Udacity-AI-Programming-with-Python,no_dockerfile,False,0,0,0,,,0,0,0,0,0,False,,False,,False,,False,,False,,False,,no Dockerfile and no fallback entry point found
https://github.com/kqf/phos,no_entry,False,0,2,0,,,0,0,0,0,0,False,,False,,False,,False,,False,,False,,Dockerfile(s) found but no Python entry point could be resolved
https://github.com/lovit/soynlp,no_dockerfile,False,0,0,0,,,0,0,0,0,0,False,,False,,False,,False,,False,,False,,no Dockerfile and no fallback entry point found
https://github.com/PavanTejaDokku/https-github.com-eltonlaw-impyute,no_entry,False,0,2,0,,,0,0,0,0,0,False,,False,,False,,False,,False,,False,,Dockerfile(s) found but no Python entry point could be resolved
https://github.com/bigbagy/NLP-document-parsing-and-clustering,ok,False,0,0,1,src\run.py,fallback_nested,1,0,0,0,0,False,,False,,False,,False,,False,,False,,"unverified: missing stages: data_acquisition, data_preparation, modeling, training, evaluation, inference"
https://github.com/harpone/keyword_cluster,no_dockerfile,False,0,0,0,,,0,0,0,0,0,False,,False,,False,,False,,False,,False,,no Dockerfile and no fallback entry point found
https://github.com/ania4data/Disaster_response_pipeline_app,ok,False,3,0,1,app\run.py,fallback_nested,1,4,0,0,0,True,app/run.py:92 sqlalchemy.create_engine [matched sqlalchemy.create_engine],True,app/run.py:76 nltk.tokenize.word_tokenize [matched nltk.tokenize.word_tokenize],False,,False,,False,,True,app/run.py:24 flask.Flask [matched Flask],"unverified: missing stages: modeling, training, evaluation"
https://github.com/Lulzasaur/Machine-Learning-Stock-Picker,no_dockerfile,False,0,0,0,,,0,0,0,0,0,False,,False,,False,,False,,False,,False,,no Dockerfile and no fallback entry point found
https://github.com/ravi-gopalan/ML,no_dockerfile,False,0,0,0,,,0,0,0,0,0,False,,False,,False,,False,,False,,False,,no Dockerfile and no fallback entry point found
https://github.com/janez87/social-smart-meter-new,no_dockerfile,False,0,0,0,,,0,0,0,0,0,False,,False,,False,,False,,False,,False,,no Dockerfile and no fallback entry point found
https://github.com/smspillaz/aalto-CS-kaggle-competitions,no_dockerfile,False,0,0,0,,,0,0,0,0,0,False,,False,,False,,False,,False,,False,,no Dockerfile and no fallback entry point found
https://github.com/mp2516/AIHack,no_dockerfile,False,0,0,0,,,0,0,0,0,0,False,,False,,False,,False,,False,,False,,no Dockerfile and no fallback entry point found
https://github.com/Rosevear/Capstone,no_dockerfile,False,0,0,0,,,0,0,0,0,0,False,,False,,False,,False,,False,,False,,no Dockerfile and no fallback entry point found
https://github.com/j-dr/pyaddgals,no_entry,False,0,1,0,,,0,0,0,0,0,False,,False,,False,,False,,False,,False,,Dockerfile(s) found but no Python entry point could be resolved
https://github.com/mikelhsia/Python,no_dockerfile,False,0,0,0,,,0,0,0,0,0,False,,False,,False,,False,,False,,False,,no Dockerfile and no fallback entry point found
https://github.com/machine-learning-study-group/movie-sentiment-analysis,no_entry,False,0,1,0,,,0,0,0,0,0,False,,False,,False,,False,,False,,False,,Dockerfile(s) found but no Python entry point could be resolved
https://github.com/elangovana/PPI-Relation-Extraction-Py,ok,False,1,1,1,source\train.py,fallback_nested,1,2,0,0,0,False,,True,source/train.py:14 Pipeline.Pipeline [matched Pipeline],False,,False,,False,,False,,"unverified: missing stages: data_acquisition, modeling, training, evaluation, inference"
https://github.com/navinrahim/deep-learning-v2-pytorch,no_dockerfile,False,0,0,0,,,0,0,0,0,0,False,,False,,False,,False,,False,,False,,no Dockerfile and no fallback entry point found
https://github.com/sohe1l/deep-learning-pytorch,no_dockerfile,False,0,0,0,,,0,0,0,0,0,False,,False,,False,,False,,False,,False,,no Dockerfile and no fallback entry point found
https://github.com/palash1992/DynamicGEM,no_dockerfile,False,0,0,0,,,0,0,0,0,0,False,,False,,False,,False,,False,,False,,no Dockerfile and no fallback entry point found
https://github.com/cs224w-f18-wikipedia-retention/wikipedia-retention,no_dockerfile,False,0,0,0,,,0,0,0,0,0,False,,False,,False,,False,,False,,False,,no Dockerfile and no fallback entry point found
https://github.com/palisadoes/AI,no_dockerfile,False,0,0,0,,,0,0,0,0,0,False,,False,,False,,False,,False,,False,,no Dockerfile and no fallback entry point found
https://github.com/aswinzz/Tweezy,no_dockerfile,False,0,0,0,,,0,0,0,0,0,False,,False,,False,,False,,False,,False,,no Dockerfile and no fallback entry point found
https://github.com/bazykinlab/ML-maternal-cell-contamination,no_dockerfile,False,0,0,0,,,0,0,0,0,0,False,,False,,False,,False,,False,,False,,no Dockerfile and no fallback entry point found
https://github.com/Roaldb86/Heroku-site,no_dockerfile,False,0,0,0,,,0,0,0,0,0,False,,False,,False,,False,,False,,False,,no Dockerfile and no fallback entry point found
https://github.com/OMR-Research/mung,no_dockerfile,False,0,0,0,,,0,0,0,0,0,False,,False,,False,,False,,False,,False,,no Dockerfile and no fallback entry point found
https://github.com/markusgl/TextAnalytics,no_dockerfile,False,0,0,0,,,0,0,0,0,0,False,,False,,False,,False,,False,,False,,no Dockerfile and no fallback entry point found
https://github.com/richban/tachikoma,no_dockerfile,False,0,0,0,,,0,0,0,0,0,False,,False,,False,,False,,False,,False,,no Dockerfile and no fallback entry point found
https://github.com/dillonmabry/youtube-sentiment-helper,ok,False,1,0,1,youtube_sentiment\main.py,fallback_nested,7,20,2,0,0,False,,False,,False,,False,,False,,True,youtube_sentiment/nlp.py:23 self.model.predict [matched model.predict],"unverified: missing stages: data_acquisition, data_preparation, modeling, training, evaluation"
https://github.com/hugcis/arxiv-explorer,no_entry,False,0,1,0,,,0,0,0,0,0,False,,False,,False,,False,,False,,False,,Dockerfile(s) found but no Python entry point could be resolved
https://github.com/entrepreneur-interet-general/tf-han,no_dockerfile,False,0,0,0,,,0,0,0,0,0,False,,False,,False,,False,,False,,False,,no Dockerfile and no fallback entry point found
https://github.com/bmwant/solenie,no_dockerfile,False,0,0,0,,,0,0,0,0,0,False,,False,,False,,False,,False,,False,,no Dockerfile and no fallback entry point found
https://github.com/icoxfog417/graph-convolution-nlp,no_dockerfile,False,0,0,0,,,0,0,0,0,0,False,,False,,False,,False,,False,,False,,no Dockerfile and no fallback entry point found
https://github.com/devbruce/IDEA,no_entry,False,0,1,0,,,0,0,0,0,0,False,,False,,False,,False,,False,,False,,Dockerfile(s) found but no Python entry point could be resolved
https://github.com/US579/Data-Analytics-Service-Project-for-COMP9321,no_dockerfile,False,0,0,0,,,0,0,0,0,0,False,,False,,False,,False,,False,,False,,no Dockerfile and no fallback entry point found
https://github.com/SmokinCaterpillar/TrufflePig,ok,False,5,0,1,trufflepig\main.py,fallback_nested,20,148,2,3,0,True,trufflepig/preprocessing.py:451 pd.read_pickle [matched pd.read_pickle],True,trufflepig/main.py:95 pd.concat [matched pd.concat],True,trufflepig/model.py:0 class Doc2VecModel [matched <class subclasses model base>],True,trufflepig/model.py:617 sklearn.model_selection.GridSearchCV [matched GridSearchCV],False,,True,trufflepig/model.py:909 pipeline.predict [matched pipeline.predict],unverified: missing stages: evaluation
https://github.com/emma-k-alexandra/trans_girls_rule_the_world,no_dockerfile,False,0,0,0,,,0,0,0,0,0,False,,False,,False,,False,,False,,False,,no Dockerfile and no fallback entry point found
https://github.com/freddylukai/KaggleChallenge,ok,False,1,1,1,src\train.py,fallback_nested,1,2,0,0,0,False,,False,,False,,True,src/train.py:163 object_detection.legacy.trainer.train [matched trainer.train],False,,False,,"unverified: missing stages: data_acquisition, data_preparation, modeling, evaluation, inference"
https://github.com/liyu10000/pneumoconiosis,no_dockerfile,False,0,0,0,,,0,0,0,0,0,False,,False,,False,,False,,False,,False,,no Dockerfile and no fallback entry point found
https://github.com/kiblawi/RelationExtractionPubTator,no_dockerfile,False,0,0,0,,,0,0,0,0,0,False,,False,,False,,False,,False,,False,,no Dockerfile and no fallback entry point found
https://github.com/fasthall/kmeans-service,no_dockerfile,False,0,0,0,,,0,0,0,0,0,False,,False,,False,,False,,False,,False,,no Dockerfile and no fallback entry point found
https://github.com/boustrophedon/algorithms_playground,no_dockerfile,False,0,0,0,,,0,0,0,0,0,False,,False,,False,,False,,False,,False,,no Dockerfile and no fallback entry point found
https://github.com/MrMao/allennlp,ok,False,5,2,1,allennlp\run.py,fallback_nested,292,1597,8,0,2,True,allennlp/commands/elmo.py:334 h5py.File [matched h5py.File],True,allennlp/common/util.py:258 spacy.load [matched spacy.load],True,allennlp/modules/elmo.py:0 class Elmo [matched <class subclasses model base>],True,allennlp/commands/fine_tune.py:228 trainer.train [matched trainer.train],False,,True,allennlp/commands/elmo.py:378 torch.no_grad [matched torch.no_grad],unverified: missing stages: evaluation
https://github.com/aha-oretama/deep-learning-from-scratch-2,no_dockerfile,False,0,0,0,,,0,0,0,0,0,False,,False,,False,,False,,False,,False,,no Dockerfile and no fallback entry point found
https://github.com/ethanthai2/ml-handson,no_entry,False,0,1,0,,,0,0,0,0,0,False,,False,,False,,False,,False,,False,,Dockerfile(s) found but no Python entry point could be resolved
https://github.com/pradeepkr12/fastai_2016,no_dockerfile,False,0,0,0,,,0,0,0,0,0,False,,False,,False,,False,,False,,False,,no Dockerfile and no fallback entry point found
https://github.com/Scienziatopazzo/svm-thesis,no_dockerfile,False,0,0,0,,,0,0,0,0,0,False,,False,,False,,False,,False,,False,,no Dockerfile and no fallback entry point found
https://github.com/vedantkene/veda,no_dockerfile,False,0,0,0,,,0,0,0,0,0,False,,False,,False,,False,,False,,False,,no Dockerfile and no fallback entry point found
https://github.com/luis2689/Python-HandBOOK,no_dockerfile,False,0,0,0,,,0,0,0,0,0,False,,False,,False,,False,,False,,False,,no Dockerfile and no fallback entry point found
https://github.com/UKYSpeechLab/ukybirddet,no_dockerfile,False,0,0,0,,,0,0,0,0,0,False,,False,,False,,False,,False,,False,,no Dockerfile and no fallback entry point found
https://github.com/evancasey1/EasyML,no_dockerfile,False,0,0,0,,,0,0,0,0,0,False,,False,,False,,False,,False,,False,,no Dockerfile and no fallback entry point found
https://github.com/lucaslioli/tweetGather,no_dockerfile,False,0,0,0,,,0,0,0,0,0,False,,False,,False,,False,,False,,False,,no Dockerfile and no fallback entry point found
https://github.com/kostelansky17/NAOlution,no_dockerfile,False,0,0,0,,,0,0,0,0,0,False,,False,,False,,False,,False,,False,,no Dockerfile and no fallback entry point found
https://github.com/eric-erki/facenet,no_dockerfile,False,0,0,0,,,0,0,0,0,0,False,,False,,False,,False,,False,,False,,no Dockerfile and no fallback entry point found
https://github.com/amitabh27/IBM_Hack_Challenge,no_dockerfile,False,0,0,0,,,0,0,0,0,0,False,,False,,False,,False,,False,,False,,no Dockerfile and no fallback entry point found
https://github.com/instillai/TensorFlow-Course,no_dockerfile,False,0,0,0,,,0,0,0,0,0,False,,False,,False,,False,,False,,False,,no Dockerfile and no fallback entry point found
https://github.com/wilversings/AutomatedNnTuning,no_dockerfile,False,0,0,0,,,0,0,0,0,0,False,,False,,False,,False,,False,,False,,no Dockerfile and no fallback entry point found
https://github.com/UKPLab/icmi2018-multimodal-debates,no_dockerfile,False,0,0,0,,,0,0,0,0,0,False,,False,,False,,False,,False,,False,,no Dockerfile and no fallback entry point found
https://github.com/devhliu/TFDeepSurv,no_dockerfile,False,0,0,0,,,0,0,0,0,0,False,,False,,False,,False,,False,,False,,no Dockerfile and no fallback entry point found
https://github.com/marvin-ai/incubator-apache-marvin,no_entry,False,0,6,0,,,0,0,0,0,0,False,,False,,False,,False,,False,,False,,Dockerfile(s) found but no Python entry point could be resolved
https://github.com/laempy/pyoints,no_dockerfile,False,0,0,0,,,0,0,0,0,0,False,,False,,False,,False,,False,,False,,no Dockerfile and no fallback entry point found
https://github.com/hernanbari/pylissom,no_dockerfile,False,0,0,0,,,0,0,0,0,0,False,,False,,False,,False,,False,,False,,no Dockerfile and no fallback entry point found
https://github.com/keisuke-kiriyama/SynopsisMan,ok,False,1,0,1,src\main.py,fallback_nested,1,27,0,0,0,False,,False,,False,,False,,True,src/main.py:364 rouge.Rouge [matched Rouge],False,,"unverified: missing stages: data_acquisition, data_preparation, modeling, training, inference"
https://github.com/buiqtuan/python-playground,no_dockerfile,False,0,0,0,,,0,0,0,0,0,False,,False,,False,,False,,False,,False,,no Dockerfile and no fallback entry point found
https://github.com/phueb/TrainDSMs,no_dockerfile,False,0,0,0,,,0,0,0,0,0,False,,False,,False,,False,,False,,False,,no Dockerfile and no fallback entry point found
https://github.com/wesbarnett/insight,no_entry,False,0,1,0,,,0,0,0,0,0,False,,False,,False,,False,,False,,False,,Dockerfile(s) found but no Python entry point could be resolved
https://github.com/Quer-io/Quer.io,no_dockerfile,False,0,0,0,,,0,0,0,0,0,False,,False,,False,,False,,False,,False,,no Dockerfile and no fallback entry point found
https://github.com/Oracen-zz/MIDAS,no_dockerfile,False,0,0,0,,,0,0,0,0,0,False,,False,,False,,False,,False,,False,,no Dockerfile and no fallback entry point found
https://github.com/ver228/tierpsy-tracker,ok,False,2,0,1,tierpsy\gui\SelectApp.py,fallback_console_script,91,822,8,0,2,True,tierpsy/helper/params/tracker_param.py:83 json.load [matched json.load],True,tierpsy/gui/MWTrackerViewer.py:534 pd.concat [matched pd.concat],False,,False,,False,,False,,"unverified: missing stages: modeling, training, evaluation, inference"
https://github.com/rriveros/machineLearning,no_dockerfile,False,0,0,0,,,0,0,0,0,0,False,,False,,False,,False,,False,,False,,no Dockerfile and no fallback entry point found
https://github.com/tlagrone/iris,no_dockerfile,False,0,0,0,,,0,0,0,0,0,False,,False,,False,,False,,False,,False,,no Dockerfile and no fallback entry point found
https://github.com/luckhoi56/machineLearningUdacity,no_dockerfile,False,0,0,0,,,0,0,0,0,0,False,,False,,False,,False,,False,,False,,no Dockerfile and no fallback entry point found
https://github.com/empiricalstateofmind/eventgraphs,no_dockerfile,False,0,0,0,,,0,0,0,0,0,False,,False,,False,,False,,False,,False,,no Dockerfile and no fallback entry point found
https://github.com/varun9208/paraphrase-generation,ok,False,5,0,1,binary_classification\run.py,fallback_nested,5,22,1,0,0,True,binary_classification/run.py:181 torchtext.datasets.IMDB.splits [matched torchtext.datasets.*],True,binary_classification/run.py:21 spacy.load [matched spacy.load],True,binary_classification/cnn_model.py:0 class CNN [matched <class subclasses model base>],True,binary_classification/run.py:76 optimizer.zero_grad [matched optimizer.zero_grad],False,,True,binary_classification/run.py:105 model.eval [matched model.eval],unverified: missing stages: evaluation
https://github.com/chriamue/protoseg,ok,False,4,0,1,protoseg\cli\submit.py,fallback_console_script,11,53,2,0,3,True,protoseg/cli/submit.py:61 protoseg.DataLoader [matched DataLoader],True,protoseg/augmentation.py:239 imgaug.augmenters.Sometimes [matched imgaug.augmenters.*],True,protoseg/cli/submit.py:59 protoseg.Model [matched Model],True,protoseg/hyperparamoptimizer.py:33 self.trainer.train [matched trainer.train],False,,False,,"unverified: missing stages: evaluation, inference"
https://github.com/Trusted-AI/AIF360,no_entry,False,0,1,0,,,0,0,0,0,0,False,,False,,False,,False,,False,,False,,Dockerfile(s) found but no Python entry point could be resolved
https://github.com/BioroboticsLab/bb_txdetect,ok,False,4,0,1,bb_txdetect\train.py,fallback_nested,3,10,1,0,0,True,bb_txdetect/train.py:158 torch.utils.data.DataLoader [matched DataLoader],False,,False,,True,bb_txdetect/train.py:37 optimizer.zero_grad [matched optimizer.zero_grad],True,bb_txdetect/train.py:49 sklearn.metrics.f1_score [matched f1_score],True,bb_txdetect/train.py:27 model.eval [matched model.eval],"unverified: missing stages: data_preparation, modeling"
https://github.com/Iot-bupt/big-data-server,no_dockerfile,False,0,0,0,,,0,0,0,0,0,False,,False,,False,,False,,False,,False,,no Dockerfile and no fallback entry point found
https://github.com/wannaphong/thai-ner,no_dockerfile,False,0,0,0,,,0,0,0,0,0,False,,False,,False,,False,,False,,False,,no Dockerfile and no fallback entry point found
https://github.com/Neurita/pypes,ok,False,0,0,1,neuro_pypes\run.py,fallback_nested,2,3,1,0,0,False,,False,,False,,False,,False,,False,,"unverified: missing stages: data_acquisition, data_preparation, modeling, training, evaluation, inference"
https://github.com/goranged/kmodes,no_dockerfile,False,0,0,0,,,0,0,0,0,0,False,,False,,False,,False,,False,,False,,no Dockerfile and no fallback entry point found
https://github.com/shaharazulay/stacker,no_dockerfile,False,0,0,0,,,0,0,0,0,0,False,,False,,False,,False,,False,,False,,no Dockerfile and no fallback entry point found
https://github.com/codeconomics/DataTools,no_dockerfile,False,0,0,0,,,0,0,0,0,0,False,,False,,False,,False,,False,,False,,no Dockerfile and no fallback entry point found
https://github.com/mylife467/PythonDataScienceHandbook,no_dockerfile,False,0,0,0,,,0,0,0,0,0,False,,False,,False,,False,,False,,False,,no Dockerfile and no fallback entry point found
https://github.com/HPI-Information-Systems/QuaggaLib,ok,False,3,0,1,Quagga\__main__.py,fallback_nested,10,136,2,0,0,False,,True,Quagga/__main__.py:34 Quagga.Utils.BlockParser.Normalizer.Normalizer [matched Normalizer],True,Quagga/Utils/ModelBuilder.py:42 Quagga.Utils.Model.Model [matched Model],False,,False,,True,Quagga/__main__.py:193 self.model.predict [matched model.predict],"unverified: missing stages: data_acquisition, training, evaluation"
https://github.com/fossology/atarashi,ok,False,1,1,1,atarashi\atarashii.py,fallback_console_script,10,37,3,0,0,True,atarashi/agents/cosineSimNgram.py:49 json.load [matched json.load],False,,False,,False,,False,,False,,"unverified: missing stages: data_preparation, modeling, training, evaluation, inference"
https://github.com/jvcm/time-series,no_dockerfile,False,0,0,0,,,0,0,0,0,0,False,,False,,False,,False,,False,,False,,no Dockerfile and no fallback entry point found
https://github.com/anllogui/pythonCI,no_entry,False,0,3,0,,,0,0,0,0,0,False,,False,,False,,False,,False,,False,,Dockerfile(s) found but no Python entry point could be resolved
https://github.com/theislab/scvelo,no_dockerfile,False,0,0,0,,,0,0,0,0,0,False,,False,,False,,False,,False,,False,,no Dockerfile and no fallback entry point found
https://github.com/Geoyi/pixel-decoder,ok,False,4,1,1,pixel_decoder\main.py,fallback_nested,8,29,3,0,0,False,,True,pixel_decoder/train.py:34 sklearn.model_selection.KFold [matched KFold],True,pixel_decoder/resnet_unet.py:17 keras.layers.Conv2D [matched layers.Conv2D],True,pixel_decoder/train.py:66 model.fit_generator [matched model.fit_generator],False,,True,pixel_decoder/predict.py:58 model.predict [matched model.predict],"unverified: missing stages: data_acquisition, evaluation"
https://github.com/edisonfillus/python-datacamp,no_dockerfile,False,0,0,0,,,0,0,0,0,0,False,,False,,False,,False,,False,,False,,no Dockerfile and no fallback entry point found
https://github.com/probinso/color-pollution,no_dockerfile,False,0,0,0,,,0,0,0,0,0,False,,False,,False,,False,,False,,False,,no Dockerfile and no fallback entry point found
https://github.com/IzidoroBaltazar/MachineLearningEngineer,no_dockerfile,False,0,0,0,,,0,0,0,0,0,False,,False,,False,,False,,False,,False,,no Dockerfile and no fallback entry point found
https://github.com/nirdizati/nirdizati-training-backend,no_dockerfile,False,0,0,0,,,0,0,0,0,0,False,,False,,False,,False,,False,,False,,no Dockerfile and no fallback entry point found
https://github.com/hunkim/DeepLearningZeroToAll,no_dockerfile,False,0,0,0,,,0,0,0,0,0,False,,False,,False,,False,,False,,False,,no Dockerfile and no fallback entry point found
https://github.com/ntsd/my-solutions,no_dockerfile,False,0,0,0,,,0,0,0,0,0,False,,False,,False,,False,,False,,False,,no Dockerfile and no fallback entry point found
https://github.com/AntoinePassemiers/Beyond-Gradient-Descent,no_dockerfile,False,0,0,0,,,0,0,0,0,0,False,,False,,False,,False,,False,,False,,no Dockerfile and no fallback entry point found
https://github.com/IgorMedved/Dog-Breed-Classifier,no_dockerfile,False,0,0,0,,,0,0,0,0,0,False,,False,,False,,False,,False,,False,,no Dockerfile and no fallback entry point found
https://github.com/keithjjones/malgazer,no_dockerfile,False,0,0,0,,,0,0,0,0,0,False,,False,,False,,False,,False,,False,,no Dockerfile and no fallback entry point found
https://github.com/vzantedeschi/multiviewLSVM,no_dockerfile,False,0,0,0,,,0,0,0,0,0,False,,False,,False,,False,,False,,False,,no Dockerfile and no fallback entry point found
https://github.com/abin-saju/MLND,no_dockerfile,False,0,0,0,,,0,0,0,0,0,False,,False,,False,,False,,False,,False,,no Dockerfile and no fallback entry point found
https://github.com/averma10/https-github.com-amueller-scipy_2015_sklearn_tutorial,no_dockerfile,False,0,0,0,,,0,0,0,0,0,False,,False,,False,,False,,False,,False,,no Dockerfile and no fallback entry point found
https://github.com/Hector-hedb12/flu_tracker,no_dockerfile,False,0,0,0,,,0,0,0,0,0,False,,False,,False,,False,,False,,False,,no Dockerfile and no fallback entry point found
https://github.com/elastic/ember,no_entry,False,0,1,0,,,0,0,0,0,0,False,,False,,False,,False,,False,,False,,Dockerfile(s) found but no Python entry point could be resolved
https://github.com/KirovVerst/qparallel,no_dockerfile,False,0,0,0,,,0,0,0,0,0,False,,False,,False,,False,,False,,False,,no Dockerfile and no fallback entry point found
https://github.com/diegosst/opinion-mining,ok,False,0,0,1,src\main.py,fallback_nested,1,0,0,0,0,False,,False,,False,,False,,False,,False,,"unverified: missing stages: data_acquisition, data_preparation, modeling, training, evaluation, inference"
https://github.com/mnslarcher/udacity,no_dockerfile,False,0,0,0,,,0,0,0,0,0,False,,False,,False,,False,,False,,False,,no Dockerfile and no fallback entry point found
https://github.com/amraw/Fake-News-Busters,no_dockerfile,False,0,0,0,,,0,0,0,0,0,False,,False,,False,,False,,False,,False,,no Dockerfile and no fallback entry point found
https://github.com/vipulgupta2048/scrape,no_dockerfile,False,0,0,0,,,0,0,0,0,0,False,,False,,False,,False,,False,,False,,no Dockerfile and no fallback entry point found
https://github.com/cosanlab/py-feat,no_dockerfile,False,0,0,0,,,0,0,0,0,0,False,,False,,False,,False,,False,,False,,no Dockerfile and no fallback entry point found
https://github.com/titu1994/MLSTM-FCN,no_dockerfile,False,0,0,0,,,0,0,0,0,0,False,,False,,False,,False,,False,,False,,no Dockerfile and no fallback entry point found
https://github.com/bubc/udacity-ml,no_dockerfile,False,0,0,0,,,0,0,0,0,0,False,,False,,False,,False,,False,,False,,no Dockerfile and no fallback entry point found
https://github.com/telecombcn-dl/2017-dlai-team3,no_dockerfile,False,0,0,0,,,0,0,0,0,0,False,,False,,False,,False,,False,,False,,no Dockerfile and no fallback entry point found
https://github.com/AxelGoetz/website-fingerprinting,no_dockerfile,False,0,0,0,,,0,0,0,0,0,False,,False,,False,,False,,False,,False,,no Dockerfile and no fallback entry point found
https://github.com/jcbachmann/blending-evaluation,no_dockerfile,False,0,0,0,,,0,0,0,0,0,False,,False,,False,,False,,False,,False,,no Dockerfile and no fallback entry point found
https://github.com/jfkirk/tensorrec,no_dockerfile,False,0,0,0,,,0,0,0,0,0,False,,False,,False,,False,,False,,False,,no Dockerfile and no fallback entry point found
https://github.com/keytotime/Open-CSynapse,no_dockerfile,False,0,0,0,,,0,0,0,0,0,False,,False,,False,,False,,False,,False,,no Dockerfile and no fallback entry point found
https://github.com/HSISeg/HSISeg,no_dockerfile,False,0,0,0,,,0,0,0,0,0,False,,False,,False,,False,,False,,False,,no Dockerfile and no fallback entry point found
https://github.com/kblancoa/deep-learning,no_dockerfile,False,0,0,0,,,0,0,0,0,0,False,,False,,False,,False,,False,,False,,no Dockerfile and no fallback entry point found
https://github.com/dataiku/dataiku-contrib,no_dockerfile,False,0,0,0,,,0,0,0,0,0,False,,False,,False,,False,,False,,False,,no Dockerfile and no fallback entry point found
https://github.com/JasonThomasData/text_analysis_steam_reviews,no_dockerfile,False,0,0,0,,,0,0,0,0,0,False,,False,,False,,False,,False,,False,,no Dockerfile and no fallback entry point found
https://github.com/manurFR/machine-learning-fun,no_dockerfile,False,0,0,0,,,0,0,0,0,0,False,,False,,False,,False,,False,,False,,no Dockerfile and no fallback entry point found
https://github.com/thehackerwithin/berkeley,no_entry,False,0,3,0,,,0,0,0,0,0,False,,False,,False,,False,,False,,False,,Dockerfile(s) found but no Python entry point could be resolved
https://github.com/lpfann/fri,ok,False,2,0,1,fri\main.py,fallback_nested,7,74,2,0,0,False,,False,,True,fri/main.py:0 class FRIBase [matched <class subclasses model base>],True,fri/parameter_searcher.py:71 sklearn.model_selection.RandomizedSearchCV [matched RandomizedSearchCV],False,,False,,"unverified: missing stages: data_acquisition, data_preparation, evaluation, inference"
https://github.com/guptachetan1997/Episodes,no_dockerfile,False,0,0,0,,,0,0,0,0,0,False,,False,,False,,False,,False,,False,,no Dockerfile and no fallback entry point found
https://github.com/tadatitam/info-flow-experiments,no_dockerfile,False,0,0,0,,,0,0,0,0,0,False,,False,,False,,False,,False,,False,,no Dockerfile and no fallback entry point found
https://github.com/mirri66/xgbmagic,no_dockerfile,False,0,0,0,,,0,0,0,0,0,False,,False,,False,,False,,False,,False,,no Dockerfile and no fallback entry point found
https://github.com/HarryTanME/deep-learning-udacity,no_dockerfile,False,0,0,0,,,0,0,0,0,0,False,,False,,False,,False,,False,,False,,no Dockerfile and no fallback entry point found
https://github.com/mgawino/coal-mines-ml,no_dockerfile,False,0,0,0,,,0,0,0,0,0,False,,False,,False,,False,,False,,False,,no Dockerfile and no fallback entry point found
https://github.com/olantwin/muon_shield_optimisation,no_dockerfile,False,0,0,0,,,0,0,0,0,0,False,,False,,False,,False,,False,,False,,no Dockerfile and no fallback entry point found
https://github.com/JeremyCraigMartinez/omscs-ml,no_entry,False,0,2,0,,,0,0,0,0,0,False,,False,,False,,False,,False,,False,,Dockerfile(s) found but no Python entry point could be resolved
https://github.com/allenai/document-qa,no_dockerfile,False,0,0,0,,,0,0,0,0,0,False,,False,,False,,False,,False,,False,,no Dockerfile and no fallback entry point found
https://github.com/flaviocordova/udacity_deep_learn_project,no_dockerfile,False,0,0,0,,,0,0,0,0,0,False,,False,,False,,False,,False,,False,,no Dockerfile and no fallback entry point found
https://github.com/MachineLearningTVEEP/DotaWinPredictions,no_dockerfile,False,0,0,0,,,0,0,0,0,0,False,,False,,False,,False,,False,,False,,no Dockerfile and no fallback entry point found
https://github.com/thiagohenriquef/mppy,no_dockerfile,False,0,0,0,,,0,0,0,0,0,False,,False,,False,,False,,False,,False,,no Dockerfile and no fallback entry point found
https://github.com/spillai/pybot,no_entry,False,0,2,0,,,0,0,0,0,0,False,,False,,False,,False,,False,,False,,Dockerfile(s) found but no Python entry point could be resolved
https://github.com/chen0040/keras-sentiment-analysis-web-api,no_dockerfile,False,0,0,0,,,0,0,0,0,0,False,,False,,False,,False,,False,,False,,no Dockerfile and no fallback entry point found
https://github.com/itscharlieb/comp-598-project-3,ok,False,0,0,1,src\main.py,fallback_nested,1,4,0,0,0,False,,False,,False,,False,,False,,False,,"unverified: missing stages: data_acquisition, data_preparation, modeling, training, evaluation, inference"
https://github.com/cedavidyang/Life_Cycle_Management_Optimization,no_dockerfile,False,0,0,0,,,0,0,0,0,0,False,,False,,False,,False,,False,,False,,no Dockerfile and no fallback entry point found
https://github.com/seomoz/mozsci,no_dockerfile,False,0,0,0,,,0,0,0,0,0,False,,False,,False,,False,,False,,False,,no Dockerfile and no fallback entry point found
https://github.com/kandluis/machine-learning,no_dockerfile,False,0,0,0,,,0,0,0,0,0,False,,False,,False,,False,,False,,False,,no Dockerfile and no fallback entry point found
https://github.com/petered/plato,no_dockerfile,False,0,0,0,,,0,0,0,0,0,False,,False,,False,,False,,False,,False,,no Dockerfile and no fallback entry point found
https://github.com/kurianbenoy/Spammy,no_dockerfile,False,0,0,0,,,0,0,0,0,0,False,,False,,False,,False,,False,,False,,no Dockerfile and no fallback entry point found
https://github.com/sheffieldnlp/cwi,no_entry,False,0,1,0,,,0,0,0,0,0,False,,False,,False,,False,,False,,False,,Dockerfile(s) found but no Python entry point could be resolved
https://github.com/hachreak/remokit,no_dockerfile,False,0,0,0,,,0,0,0,0,0,False,,False,,False,,False,,False,,False,,no Dockerfile and no fallback entry point found
https://github.com/ITE-5th/eya,no_dockerfile,False,0,0,0,,,0,0,0,0,0,False,,False,,False,,False,,False,,False,,no Dockerfile and no fallback entry point found
https://github.com/peterhurford/kaggle-avito_demand,no_dockerfile,False,0,0,0,,,0,0,0,0,0,False,,False,,False,,False,,False,,False,,no Dockerfile and no fallback entry point found
https://github.com/berkeley-stat159/project-iota,no_dockerfile,False,0,0,0,,,0,0,0,0,0,False,,False,,False,,False,,False,,False,,no Dockerfile and no fallback entry point found
https://github.com/ligechina/Automatic_Speech_Recognition,no_dockerfile,False,0,0,0,,,0,0,0,0,0,False,,False,,False,,False,,False,,False,,no Dockerfile and no fallback entry point found
https://github.com/doughertyeric/cimese_net,no_dockerfile,False,0,0,0,,,0,0,0,0,0,False,,False,,False,,False,,False,,False,,no Dockerfile and no fallback entry point found
https://github.com/kochkinaelena/branchLSTM,no_dockerfile,False,0,0,0,,,0,0,0,0,0,False,,False,,False,,False,,False,,False,,no Dockerfile and no fallback entry point found
https://github.com/metgem/metgem,ok,False,3,0,1,metgem\cli.py,fallback_console_script,36,159,4,0,0,True,metgem/workers/core/read_metadata.py:46 pd.read_excel [matched pd.read_excel],True,metgem/mappings/__init__.py:34 np.nan_to_num [matched np.nan_to_num],True,metgem/workers/core/clusterize.py:29 hdbscan.HDBSCAN [matched HDBSCAN],False,,False,,False,,"unverified: missing stages: training, evaluation, inference"
https://github.com/michjk/information_retrieval_classification,no_dockerfile,False,0,0,0,,,0,0,0,0,0,False,,False,,False,,False,,False,,False,,no Dockerfile and no fallback entry point found
https://github.com/nerziego/ML-Proj1,no_dockerfile,False,0,0,0,,,0,0,0,0,0,False,,False,,False,,False,,False,,False,,no Dockerfile and no fallback entry point found
https://github.com/RandLive/Avito-Demand-Prediction-Challenge-18th-place-solution,no_dockerfile,False,0,0,0,,,0,0,0,0,0,False,,False,,False,,False,,False,,False,,no Dockerfile and no fallback entry point found
https://github.com/Orkis-Research/Quaternion-Convolutional-Neural-Networks-for-End-to-End-Automatic-Speech-Recognition,no_dockerfile,False,0,0,0,,,0,0,0,0,0,False,,False,,False,,False,,False,,False,,no Dockerfile and no fallback entry point found
https://github.com/atrof/TweetLikeTrump,no_dockerfile,False,0,0,0,,,0,0,0,0,0,False,,False,,False,,False,,False,,False,,no Dockerfile and no fallback entry point found
https://github.com/cproctor/language_games,no_dockerfile,False,0,0,0,,,0,0,0,0,0,False,,False,,False,,False,,False,,False,,no Dockerfile and no fallback entry point found
https://github.com/alanzhang88/SONegativeCommentDetection,clone_failed,False,0,0,0,,,0,0,0,0,0,False,,False,,False,,False,,False,,False,,error: invalid path 'predictWeb/demo/Models/CNN/__init__.py  '
https://github.com/lxw0109/DigitRecognizer,no_dockerfile,False,0,0,0,,,0,0,0,0,0,False,,False,,False,,False,,False,,False,,no Dockerfile and no fallback entry point found
https://github.com/PhysicsTeacher13/New_Machine_Learning_Nanodegree,no_dockerfile,False,0,0,0,,,0,0,0,0,0,False,,False,,False,,False,,False,,False,,no Dockerfile and no fallback entry point found
https://github.com/olibchr/factChecker,no_dockerfile,False,0,0,0,,,0,0,0,0,0,False,,False,,False,,False,,False,,False,,no Dockerfile and no fallback entry point found
https://github.com/SubsequentMemoryPredictionProject/stsm-prediction-server,no_dockerfile,False,0,0,0,,,0,0,0,0,0,False,,False,,False,,False,,False,,False,,no Dockerfile and no fallback entry point found
https://github.com/rve/DM-Lab,no_dockerfile,False,0,0,0,,,0,0,0,0,0,False,,False,,False,,False,,False,,False,,no Dockerfile and no fallback entry point found
https://github.com/dmcinerney/domain-project,no_dockerfile,False,0,0,0,,,0,0,0,0,0,False,,False,,False,,False,,False,,False,,no Dockerfile and no fallback entry point found
https://github.com/wmkouw/libTLDA,no_dockerfile,False,0,0,0,,,0,0,0,0,0,False,,False,,False,,False,,False,,False,,no Dockerfile and no fallback entry point found
https://github.com/ciaua/clip2frame,no_dockerfile,False,0,0,0,,,0,0,0,0,0,False,,False,,False,,False,,False,,False,,no Dockerfile and no fallback entry point found
https://github.com/sandiprb/frac-hac,ok,False,1,0,1,app\app.py,fallback_nested,1,1,0,0,0,False,,False,,False,,False,,False,,True,app/app.py:7 flask.Flask [matched Flask],"unverified: missing stages: data_acquisition, data_preparation, modeling, training, evaluation"
https://github.com/yueranyuan/vector_edu,no_dockerfile,False,0,0,0,,,0,0,0,0,0,False,,False,,False,,False,,False,,False,,no Dockerfile and no fallback entry point found
https://github.com/yasserglez/kaggle,no_dockerfile,False,0,0,0,,,0,0,0,0,0,False,,False,,False,,False,,False,,False,,no Dockerfile and no fallback entry point found
https://github.com/tommartensen/fake-news-detector,no_dockerfile,False,0,0,0,,,0,0,0,0,0,False,,False,,False,,False,,False,,False,,no Dockerfile and no fallback entry point found
https://github.com/anyashka/MachineLearningUJ,no_dockerfile,False,0,0,0,,,0,0,0,0,0,False,,False,,False,,False,,False,,False,,no Dockerfile and no fallback entry point found
https://github.com/dlsolomo/retail_demo,no_entry,False,0,2,0,,,0,0,0,0,0,False,,False,,False,,False,,False,,False,,Dockerfile(s) found but no Python entry point could be resolved
https://github.com/andy-cruk/rto_image_analysis,no_dockerfile,False,0,0,0,,,0,0,0,0,0,False,,False,,False,,False,,False,,False,,no Dockerfile and no fallback entry point found
https://github.com/mmw125/MuDimA,ok,False,0,0,1,server\app.py,fallback_nested,1,0,0,1,0,False,,False,,False,,False,,False,,False,,"unverified: missing stages: data_acquisition, data_preparation, modeling, training, evaluation, inference"
https://github.com/dongkwan-kim/BubblePop,no_dockerfile,False,0,0,0,,,0,0,0,0,0,False,,False,,False,,False,,False,,False,,no Dockerfile and no fallback entry point found
https://github.com/karthnv/udacity_machlearn,no_dockerfile,False,0,0,0,,,0,0,0,0,0,False,,False,,False,,False,,False,,False,,no Dockerfile and no fallback entry point found
https://github.com/leiqinga/dachuang,no_dockerfile,False,0,0,0,,,0,0,0,0,0,False,,False,,False,,False,,False,,False,,no Dockerfile and no fallback entry point found
https://github.com/linuxbender/Deep_Learning,no_dockerfile,False,0,0,0,,,0,0,0,0,0,False,,False,,False,,False,,False,,False,,no Dockerfile and no fallback entry point found
https://github.com/sejalv/movierec,no_dockerfile,False,0,0,0,,,0,0,0,0,0,False,,False,,False,,False,,False,,False,,no Dockerfile and no fallback entry point found
https://github.com/jeancochrane/learning,no_dockerfile,False,0,0,0,,,0,0,0,0,0,False,,False,,False,,False,,False,,False,,no Dockerfile and no fallback entry point found
https://github.com/lucasns/projeto-ri,ok,False,0,0,1,project\app.py,fallback_nested,1,0,0,1,0,False,,False,,False,,False,,False,,False,,"unverified: missing stages: data_acquisition, data_preparation, modeling, training, evaluation, inference"
https://github.com/rosabraatz/DynamicPricingMultipleProducts,ok,False,1,0,1,visualization\app.py,fallback_nested,11,39,2,0,0,False,,False,,True,core/regression.py:63 sklearn.linear_model.LogisticRegression [matched LogisticRegression],False,,False,,False,,"unverified: missing stages: data_acquisition, data_preparation, training, evaluation, inference"
https://github.com/apsdehal/Heuristics-Problem-Solving,no_dockerfile,False,0,0,0,,,0,0,0,0,0,False,,False,,False,,False,,False,,False,,no Dockerfile and no fallback entry point found
https://github.com/TalaikisInc/Quantrade,no_dockerfile,False,0,0,0,,,0,0,0,0,0,False,,False,,False,,False,,False,,False,,no Dockerfile and no fallback entry point found
https://github.com/AceFire6/hons-project,no_dockerfile,False,0,0,0,,,0,0,0,0,0,False,,False,,False,,False,,False,,False,,no Dockerfile and no fallback entry point found
https://github.com/ylogx/aesthetics,ok,False,4,0,1,aesthetics\cli.py,fallback_console_script,6,35,3,0,0,True,aesthetics/fisher/cli.py:57 cv2.imread [matched cv2.imread],False,,True,aesthetics/fisher/cli.py:30 sklearn.svm.SVC [matched SVC],True,aesthetics/fisher/cli.py:24 clf.fit [matched clf.fit],True,aesthetics/fisher/cli.py:46 sklearn.metrics.confusion_matrix [matched confusion_matrix],False,,"unverified: missing stages: data_preparation, inference"
https://github.com/foxan/machine-learning,no_dockerfile,False,0,0,0,,,0,0,0,0,0,False,,False,,False,,False,,False,,False,,no Dockerfile and no fallback entry point found
https://github.com/kingtaurus/cs231n,no_dockerfile,False,0,0,0,,,0,0,0,0,0,False,,False,,False,,False,,False,,False,,no Dockerfile and no fallback entry point found
https://github.com/huangjingzheng/Nielsen_neural_network_and_deep_learning,no_dockerfile,False,0,0,0,,,0,0,0,0,0,False,,False,,False,,False,,False,,False,,no Dockerfile and no fallback entry point found
https://github.com/ahmadxy/NN,no_dockerfile,False,0,0,0,,,0,0,0,0,0,False,,False,,False,,False,,False,,False,,no Dockerfile and no fallback entry point found
https://github.com/Corvids/deep_learning,no_dockerfile,False,0,0,0,,,0,0,0,0,0,False,,False,,False,,False,,False,,False,,no Dockerfile and no fallback entry point found
https://github.com/amygwong/csc59866,no_dockerfile,False,0,0,0,,,0,0,0,0,0,False,,False,,False,,False,,False,,False,,no Dockerfile and no fallback entry point found
https://github.com/one-for-all/deep-learning,no_dockerfile,False,0,0,0,,,0,0,0,0,0,False,,False,,False,,False,,False,,False,,no Dockerfile and no fallback entry point found
https://github.com/manifoldai/merf,clone_failed,False,0,0,0,,,0,0,0,0,0,False,,False,,False,,False,,False,,False,,error: invalid path 'data/Rossmann Store Sales | Kaggle eval.pdf'
https://github.com/ELEKTRONN/ELEKTRONN2,no_dockerfile,False,0,0,0,,,0,0,0,0,0,False,,False,,False,,False,,False,,False,,no Dockerfile and no fallback entry point found
https://github.com/njchiang/task-fmri-utils,no_dockerfile,False,0,0,0,,,0,0,0,0,0,False,,False,,False,,False,,False,,False,,no Dockerfile and no fallback entry point found
https://github.com/Enucatl/machine-learning-aging-brains,no_dockerfile,False,0,0,0,,,0,0,0,0,0,False,,False,,False,,False,,False,,False,,no Dockerfile and no fallback entry point found
https://github.com/alepulver/tp-final-incc,no_dockerfile,False,0,0,0,,,0,0,0,0,0,False,,False,,False,,False,,False,,False,,no Dockerfile and no fallback entry point found
https://github.com/scikit-learn-contrib/category_encoders,no_dockerfile,False,0,0,0,,,0,0,0,0,0,False,,False,,False,,False,,False,,False,,no Dockerfile and no fallback entry point found
https://github.com/neuroinfo-os/deep-bottleneck,no_entry,False,0,1,0,,,0,0,0,0,0,False,,False,,False,,False,,False,,False,,Dockerfile(s) found but no Python entry point could be resolved
https://github.com/iceberg425/ml_scikit-learn,no_entry,False,0,1,0,,,0,0,0,0,0,False,,False,,False,,False,,False,,False,,Dockerfile(s) found but no Python entry point could be resolved
https://github.com/microsoft/arcticseals,no_entry,False,0,4,0,,,0,0,0,0,0,False,,False,,False,,False,,False,,False,,Dockerfile(s) found but no Python entry point could be resolved
https://github.com/abdullahselek/spampy,ok,False,0,0,1,spampy\__main__.py,fallback_nested,2,1,1,0,0,False,,False,,False,,False,,False,,False,,"unverified: missing stages: data_acquisition, data_preparation, modeling, training, evaluation, inference"
https://github.com/Intelligent-Systems-Phystech/StartCode,no_dockerfile,False,0,0,0,,,0,0,0,0,0,False,,False,,False,,False,,False,,False,,no Dockerfile and no fallback entry point found
https://github.com/kkraoj/leafnet,no_dockerfile,False,0,0,0,,,0,0,0,0,0,False,,False,,False,,False,,False,,False,,no Dockerfile and no fallback entry point found
https://github.com/lucasxlu/DataHouse,no_dockerfile,False,0,0,0,,,0,0,0,0,0,False,,False,,False,,False,,False,,False,,no Dockerfile and no fallback entry point found
https://github.com/neurodata-cobalt/bloby,no_entry,False,0,1,0,,,0,0,0,0,0,False,,False,,False,,False,,False,,False,,Dockerfile(s) found but no Python entry point could be resolved
https://github.com/WillieMaddox/MixSig,no_dockerfile,False,0,0,0,,,0,0,0,0,0,False,,False,,False,,False,,False,,False,,no Dockerfile and no fallback entry point found
https://github.com/AlwaysLearningDeeper/Salesforce-Predictive-Modelling,no_dockerfile,False,0,0,0,,,0,0,0,0,0,False,,False,,False,,False,,False,,False,,no Dockerfile and no fallback entry point found
https://github.com/louismartin/email-classification-challenge,no_dockerfile,False,0,0,0,,,0,0,0,0,0,False,,False,,False,,False,,False,,False,,no Dockerfile and no fallback entry point found
https://github.com/lubdubjubes/Udacity,no_dockerfile,False,0,0,0,,,0,0,0,0,0,False,,False,,False,,False,,False,,False,,no Dockerfile and no fallback entry point found
https://github.com/texty/amber-methodology,no_dockerfile,False,0,0,0,,,0,0,0,0,0,False,,False,,False,,False,,False,,False,,no Dockerfile and no fallback entry point found
https://github.com/ELEKTRONN/elektronn3,no_dockerfile,False,0,0,0,,,0,0,0,0,0,False,,False,,False,,False,,False,,False,,no Dockerfile and no fallback entry point found
https://github.com/sdv-dev/RDT,no_dockerfile,False,0,0,0,,,0,0,0,0,0,False,,False,,False,,False,,False,,False,,no Dockerfile and no fallback entry point found
https://github.com/pylhc/Beta-Beat.src,no_dockerfile,False,0,0,0,,,0,0,0,0,0,False,,False,,False,,False,,False,,False,,no Dockerfile and no fallback entry point found
https://github.com/Priya997/SKF-Chatbot,no_dockerfile,False,0,0,0,,,0,0,0,0,0,False,,False,,False,,False,,False,,False,,no Dockerfile and no fallback entry point found
https://github.com/david-gonzalez/diplodatos,no_entry,False,0,1,0,,,0,0,0,0,0,False,,False,,False,,False,,False,,False,,Dockerfile(s) found but no Python entry point could be resolved
https://github.com/c0d1ngm0nk3y/soccer_prediction,no_dockerfile,False,0,0,0,,,0,0,0,0,0,False,,False,,False,,False,,False,,False,,no Dockerfile and no fallback entry point found
https://github.com/gsi-upm/gsitk,no_entry,False,0,2,0,,,0,0,0,0,0,False,,False,,False,,False,,False,,False,,Dockerfile(s) found but no Python entry point could be resolved
https://github.com/mbeyeler/opencv-machine-learning,no_dockerfile,False,0,0,0,,,0,0,0,0,0,False,,False,,False,,False,,False,,False,,no Dockerfile and no fallback entry point found
https://github.com/sanghack81/SDCIT,no_dockerfile,False,0,0,0,,,0,0,0,0,0,False,,False,,False,,False,,False,,False,,no Dockerfile and no fallback entry point found
https://github.com/louis-r/adversarial_models,no_dockerfile,False,0,0,0,,,0,0,0,0,0,False,,False,,False,,False,,False,,False,,no Dockerfile and no fallback entry point found
https://github.com/nadbordrozd/text-top-model,no_dockerfile,False,0,0,0,,,0,0,0,0,0,False,,False,,False,,False,,False,,False,,no Dockerfile and no fallback entry point found
https://github.com/divyashan/time_series,no_dockerfile,False,0,0,0,,,0,0,0,0,0,False,,False,,False,,False,,False,,False,,no Dockerfile and no fallback entry point found
https://github.com/Borda/pyImSegm,no_dockerfile,False,0,0,0,,,0,0,0,0,0,False,,False,,False,,False,,False,,False,,no Dockerfile and no fallback entry point found
https://github.com/SuyashLakhotia/RossmannStoreSales,no_dockerfile,False,0,0,0,,,0,0,0,0,0,False,,False,,False,,False,,False,,False,,no Dockerfile and no fallback entry point found
https://github.com/imatge-upc/VNeAT,no_dockerfile,False,0,0,0,,,0,0,0,0,0,False,,False,,False,,False,,False,,False,,no Dockerfile and no fallback entry point found
https://github.com/murchie85/DeepLearningConvolutionalNeuralNets,no_dockerfile,False,0,0,0,,,0,0,0,0,0,False,,False,,False,,False,,False,,False,,no Dockerfile and no fallback entry point found
https://github.com/nabilbg/Deep_Learning_Nanodegree,no_dockerfile,False,0,0,0,,,0,0,0,0,0,False,,False,,False,,False,,False,,False,,no Dockerfile and no fallback entry point found
https://github.com/toschoch/dineral,ok,False,3,0,1,dineral\main.py,fallback_nested,35,167,5,0,0,True,dineral/internaldata/property.py:30 json.load [matched json.load],True,dineral/plots/api.py:53 pd.to_datetime [matched pd.to_datetime],False,,False,,False,,True,dineral/gui/qtfinance.py:101 clf.predict [matched clf.predict],"unverified: missing stages: modeling, training, evaluation"
https://github.com/thomasdunlap/machine-learning-nd,no_dockerfile,False,0,0,0,,,0,0,0,0,0,False,,False,,False,,False,,False,,False,,no Dockerfile and no fallback entry point found
https://github.com/brayan07/ProjectSamples,no_dockerfile,False,0,0,0,,,0,0,0,0,0,False,,False,,False,,False,,False,,False,,no Dockerfile and no fallback entry point found
https://github.com/citlaligm/Deep-Learning-Nanodegree-Foundations,no_dockerfile,False,0,0,0,,,0,0,0,0,0,False,,False,,False,,False,,False,,False,,no Dockerfile and no fallback entry point found
https://github.com/MTG6/FoodInspection,no_dockerfile,False,0,0,0,,,0,0,0,0,0,False,,False,,False,,False,,False,,False,,no Dockerfile and no fallback entry point found
https://github.com/liuhualin333/4045Proj17-18,no_dockerfile,False,0,0,0,,,0,0,0,0,0,False,,False,,False,,False,,False,,False,,no Dockerfile and no fallback entry point found
https://github.com/bostondiditeam/ros,no_dockerfile,False,0,0,0,,,0,0,0,0,0,False,,False,,False,,False,,False,,False,,no Dockerfile and no fallback entry point found
https://github.com/maggie0106/Graph-CNN-in-3D-Point-Cloud-Classification,no_dockerfile,False,0,0,0,,,0,0,0,0,0,False,,False,,False,,False,,False,,False,,no Dockerfile and no fallback entry point found
https://github.com/lqhuang/SOD-cryoem,no_dockerfile,False,0,0,0,,,0,0,0,0,0,False,,False,,False,,False,,False,,False,,no Dockerfile and no fallback entry point found
https://github.com/johannesgiorgis/deep_learning,no_dockerfile,False,0,0,0,,,0,0,0,0,0,False,,False,,False,,False,,False,,False,,no Dockerfile and no fallback entry point found
https://github.com/cesium-ml/cesium,no_entry,False,0,1,0,,,0,0,0,0,0,False,,False,,False,,False,,False,,False,,Dockerfile(s) found but no Python entry point could be resolved
https://github.com/evilkost/miXGENE,no_dockerfile,False,0,0,0,,,0,0,0,0,0,False,,False,,False,,False,,False,,False,,no Dockerfile and no fallback entry point found
https://github.com/JoseDiazAmado/deep-learning-Udacity,no_dockerfile,False,0,0,0,,,0,0,0,0,0,False,,False,,False,,False,,False,,False,,no Dockerfile and no fallback entry point found
https://github.com/ItsLastDay/PipInstall,no_dockerfile,False,0,0,0,,,0,0,0,0,0,False,,False,,False,,False,,False,,False,,no Dockerfile and no fallback entry point found
https://github.com/vulpalam/Udacity-DL,no_dockerfile,False,0,0,0,,,0,0,0,0,0,False,,False,,False,,False,,False,,False,,no Dockerfile and no fallback entry point found
https://github.com/fdudatamining/framework,no_entry,False,0,1,0,,,0,0,0,0,0,False,,False,,False,,False,,False,,False,,Dockerfile(s) found but no Python entry point could be resolved
https://github.com/msultan/kinase_msm,ok,False,1,0,1,kinase_msm\vmd_write.py,fallback_console_script,5,34,2,0,0,True,kinase_msm/data_loader.py:85 yaml.load [matched yaml.load],False,,False,,False,,False,,False,,"unverified: missing stages: data_preparation, modeling, training, evaluation, inference"
https://github.com/kylinorange/kaggle-planet,no_dockerfile,False,0,0,0,,,0,0,0,0,0,False,,False,,False,,False,,False,,False,,no Dockerfile and no fallback entry point found
https://github.com/andreasjansson/old-crap-look-away,no_dockerfile,False,0,0,0,,,0,0,0,0,0,False,,False,,False,,False,,False,,False,,no Dockerfile and no fallback entry point found
https://github.com/agadiraju/519finalproject,no_dockerfile,False,0,0,0,,,0,0,0,0,0,False,,False,,False,,False,,False,,False,,no Dockerfile and no fallback entry point found
https://github.com/whitezhang/Research,no_dockerfile,False,0,0,0,,,0,0,0,0,0,False,,False,,False,,False,,False,,False,,no Dockerfile and no fallback entry point found
https://github.com/indrajithi/mgc-django,no_dockerfile,False,0,0,0,,,0,0,0,0,0,False,,False,,False,,False,,False,,False,,no Dockerfile and no fallback entry point found
https://github.com/ErikGartner/sentimental,no_dockerfile,False,0,0,0,,,0,0,0,0,0,False,,False,,False,,False,,False,,False,,no Dockerfile and no fallback entry point found
https://github.com/mramospe/mvacfg,no_dockerfile,False,0,0,0,,,0,0,0,0,0,False,,False,,False,,False,,False,,False,,no Dockerfile and no fallback entry point found
https://github.com/perrygeo/pyimpute,no_dockerfile,False,0,0,0,,,0,0,0,0,0,False,,False,,False,,False,,False,,False,,no Dockerfile and no fallback entry point found
https://github.com/csteinmetz1/NeuralReverberator,no_dockerfile,False,0,0,0,,,0,0,0,0,0,False,,False,,False,,False,,False,,False,,no Dockerfile and no fallback entry point found
https://github.com/dohlee/python-dohlee,no_dockerfile,False,0,0,0,,,0,0,0,0,0,False,,False,,False,,False,,False,,False,,no Dockerfile and no fallback entry point found
https://github.com/gaussian37/pytorch_deep_learning_models,no_dockerfile,False,0,0,0,,,0,0,0,0,0,False,,False,,False,,False,,False,,False,,no Dockerfile and no fallback entry point found
https://github.com/Alexzsh/chinese_short_text_classification,no_dockerfile,False,0,0,0,,,0,0,0,0,0,False,,False,,False,,False,,False,,False,,no Dockerfile and no fallback entry point found
https://github.com/iturricf/clusteris,no_dockerfile,False,0,0,0,,,0,0,0,0,0,False,,False,,False,,False,,False,,False,,no Dockerfile and no fallback entry point found
https://github.com/FoxerLee/SSE-DAM2018,no_dockerfile,False,0,0,0,,,0,0,0,0,0,False,,False,,False,,False,,False,,False,,no Dockerfile and no fallback entry point found
https://github.com/robustor123/DeepLearningZeroToAll,no_dockerfile,False,0,0,0,,,0,0,0,0,0,False,,False,,False,,False,,False,,False,,no Dockerfile and no fallback entry point found
https://github.com/rekcurd/rekcurd-example,no_dockerfile,False,0,0,0,,,0,0,0,0,0,False,,False,,False,,False,,False,,False,,no Dockerfile and no fallback entry point found
https://github.com/wfbradley/snpko,no_dockerfile,False,0,0,0,,,0,0,0,0,0,False,,False,,False,,False,,False,,False,,no Dockerfile and no fallback entry point found
https://github.com/globus-labs/skluma-local-deploy,no_entry,False,0,5,0,,,0,0,0,0,0,False,,False,,False,,False,,False,,False,,Dockerfile(s) found but no Python entry point could be resolved
https://github.com/tsudhahar/deep_learning,no_entry,False,0,1,0,,,0,0,0,0,0,False,,False,,False,,False,,False,,False,,Dockerfile(s) found but no Python entry point could be resolved
https://github.com/gabrielStanovsky/supervised-oie,no_dockerfile,False,0,0,0,,,0,0,0,0,0,False,,False,,False,,False,,False,,False,,no Dockerfile and no fallback entry point found
https://github.com/minhto2802/mlviz,no_dockerfile,False,0,0,0,,,0,0,0,0,0,False,,False,,False,,False,,False,,False,,no Dockerfile and no fallback entry point found
https://github.com/vlivashkin/pygkernels,no_dockerfile,False,0,0,0,,,0,0,0,0,0,False,,False,,False,,False,,False,,False,,no Dockerfile and no fallback entry point found
https://github.com/lxw0109/ChineseSentimentAnalysis,no_dockerfile,False,0,0,0,,,0,0,0,0,0,False,,False,,False,,False,,False,,False,,no Dockerfile and no fallback entry point found
https://github.com/sdestercke/classifip,no_dockerfile,False,0,0,0,,,0,0,0,0,0,False,,False,,False,,False,,False,,False,,no Dockerfile and no fallback entry point found
https://github.com/konmaj/sentence-embedding,no_entry,False,0,1,0,,,0,0,0,0,0,False,,False,,False,,False,,False,,False,,Dockerfile(s) found but no Python entry point could be resolved
https://github.com/vanoudh/sklearn2,no_dockerfile,False,0,0,0,,,0,0,0,0,0,False,,False,,False,,False,,False,,False,,no Dockerfile and no fallback entry point found
https://github.com/Jhengsh/tidyframe,no_dockerfile,False,0,0,0,,,0,0,0,0,0,False,,False,,False,,False,,False,,False,,no Dockerfile and no fallback entry point found
https://github.com/rmsouza01/ML101,no_dockerfile,False,0,0,0,,,0,0,0,0,0,False,,False,,False,,False,,False,,False,,no Dockerfile and no fallback entry point found
https://github.com/bryanriosb/PythonDataScienceHandbook,no_dockerfile,False,0,0,0,,,0,0,0,0,0,False,,False,,False,,False,,False,,False,,no Dockerfile and no fallback entry point found
https://github.com/kahnvex/hidi,no_dockerfile,False,0,0,0,,,0,0,0,0,0,False,,False,,False,,False,,False,,False,,no Dockerfile and no fallback entry point found
https://github.com/danilofrp/neural-stocks,no_dockerfile,False,0,0,0,,,0,0,0,0,0,False,,False,,False,,False,,False,,False,,no Dockerfile and no fallback entry point found
https://github.com/malogrisard/NTDScourse,no_entry,False,0,1,0,,,0,0,0,0,0,False,,False,,False,,False,,False,,False,,Dockerfile(s) found but no Python entry point could be resolved
https://github.com/JanetMatsen/Machine_Learning_CSE_546,no_dockerfile,False,0,0,0,,,0,0,0,0,0,False,,False,,False,,False,,False,,False,,no Dockerfile and no fallback entry point found
https://github.com/ragot05/mnist,no_dockerfile,False,0,0,0,,,0,0,0,0,0,False,,False,,False,,False,,False,,False,,no Dockerfile and no fallback entry point found
https://github.com/JamesBrofos/Stein,no_dockerfile,False,0,0,0,,,0,0,0,0,0,False,,False,,False,,False,,False,,False,,no Dockerfile and no fallback entry point found
https://github.com/lfpelison/novo-caminho,no_dockerfile,False,0,0,0,,,0,0,0,0,0,False,,False,,False,,False,,False,,False,,no Dockerfile and no fallback entry point found
https://github.com/johnnykwwang/IR_Final,no_dockerfile,False,0,0,0,,,0,0,0,0,0,False,,False,,False,,False,,False,,False,,no Dockerfile and no fallback entry point found
https://github.com/blubars/Spectral-Clustering,no_dockerfile,False,0,0,0,,,0,0,0,0,0,False,,False,,False,,False,,False,,False,,no Dockerfile and no fallback entry point found
https://github.com/santipuch590/mlcv-project,no_dockerfile,False,0,0,0,,,0,0,0,0,0,False,,False,,False,,False,,False,,False,,no Dockerfile and no fallback entry point found
https://github.com/dataforgoodfr/batch2_cresus,no_dockerfile,False,0,0,0,,,0,0,0,0,0,False,,False,,False,,False,,False,,False,,no Dockerfile and no fallback entry point found
https://github.com/nipreps/mriqc,ok,False,5,1,1,mriqc\__main__.py,fallback_nested,43,222,7,0,0,True,mriqc/cli/parser.py:549 yaml.safe_load [matched yaml.safe_load],True,mriqc/interfaces/anatomical.py:112 np.nan_to_num [matched np.nan_to_num],True,mriqc/interfaces/diffusion.py:469 sklearn.cluster.KMeans [matched KMeans],True,mriqc/interfaces/diffusion.py:468 sklearn.model_selection.GridSearchCV [matched GridSearchCV],False,,True,mriqc/interfaces/diffusion.py:1256 estimator.predict [matched estimator.predict],unverified: missing stages: evaluation
https://github.com/lhaze/data-science-playground,no_dockerfile,False,0,0,0,,,0,0,0,0,0,False,,False,,False,,False,,False,,False,,no Dockerfile and no fallback entry point found
https://github.com/Marwari/FDS,no_dockerfile,False,0,0,0,,,0,0,0,0,0,False,,False,,False,,False,,False,,False,,no Dockerfile and no fallback entry point found
https://github.com/IRC-SPHERE/SPHERE-HyperStream,no_dockerfile,False,0,0,0,,,0,0,0,0,0,False,,False,,False,,False,,False,,False,,no Dockerfile and no fallback entry point found
https://github.com/MarinaMeyta/WhoseCppCode,no_dockerfile,False,0,0,0,,,0,0,0,0,0,False,,False,,False,,False,,False,,False,,no Dockerfile and no fallback entry point found
https://github.com/ambarsoni/cs4300sp2016-airbnb-similar-listings,no_dockerfile,False,0,0,0,,,0,0,0,0,0,False,,False,,False,,False,,False,,False,,no Dockerfile and no fallback entry point found
https://github.com/columbia-applied-data-science/rosetta,no_dockerfile,False,0,0,0,,,0,0,0,0,0,False,,False,,False,,False,,False,,False,,no Dockerfile and no fallback entry point found
https://github.com/tushushu/deep-learning,no_dockerfile,False,0,0,0,,,0,0,0,0,0,False,,False,,False,,False,,False,,False,,no Dockerfile and no fallback entry point found
https://github.com/hartikainen/berkeley-cs294,no_dockerfile,False,0,0,0,,,0,0,0,0,0,False,,False,,False,,False,,False,,False,,no Dockerfile and no fallback entry point found
https://github.com/jasonlaska/spherecluster,no_dockerfile,False,0,0,0,,,0,0,0,0,0,False,,False,,False,,False,,False,,False,,no Dockerfile and no fallback entry point found
https://github.com/dtrckd/pymake,ok,False,5,0,1,pymake\zymake.py,fallback_console_script,27,550,5,0,9,True,pymake/frontend/io.py:65 pickle.load [matched pickle.load],True,pymake/model.py:497 sklearn.pipeline.make_pipeline [matched make_pipeline],True,pymake/util/algo.py:515 sklearn.cluster.KMeans [matched KMeans],False,,True,pymake/frontend/frontendnetwork.py:922 sklearn.metrics.adjusted_mutual_info_score [matched adjusted_mutual_info_score],True,pymake/frontend/frontendnetwork.py:829 model.generate [matched model.generate],unverified: missing stages: training
https://github.com/janvanrijn/openml-pimp,no_entry,False,0,1,0,,,0,0,0,0,0,False,,False,,False,,False,,False,,False,,Dockerfile(s) found but no Python entry point could be resolved
https://github.com/trentwoodbury/BeerRecommender,ok,False,3,0,1,website\app.py,fallback_nested,5,18,1,2,0,True,website/app.py:92 sqlite3.connect [matched sqlite3.connect],True,recommender_package/utils/munging.py:50 pd.to_numeric [matched pd.to_numeric],False,,False,,False,,True,website/app.py:84 flask.Flask [matched Flask],"unverified: missing stages: modeling, training, evaluation"
https://github.com/brunoolimpio/machine-learning,no_dockerfile,False,0,0,0,,,0,0,0,0,0,False,,False,,False,,False,,False,,False,,no Dockerfile and no fallback entry point found
https://github.com/ivan-magda/deep-learning-foundation,no_dockerfile,False,0,0,0,,,0,0,0,0,0,False,,False,,False,,False,,False,,False,,no Dockerfile and no fallback entry point found
https://github.com/berkeley-stat159/project-beta,no_dockerfile,False,0,0,0,,,0,0,0,0,0,False,,False,,False,,False,,False,,False,,no Dockerfile and no fallback entry point found
https://github.com/MaviccPRP/ml_ner,clone_failed,False,0,0,0,,,0,0,0,0,0,False,,False,,False,,False,,False,,False,,error: invalid path 'literature/pdf/Introduction to the CoNLL-2003 Shared Task: - Sang 2003.pdf'
https://github.com/lucasrodes/kPCA-denoising-python,no_dockerfile,False,0,0,0,,,0,0,0,0,0,False,,False,,False,,False,,False,,False,,no Dockerfile and no fallback entry point found
https://github.com/pystruct/pystruct,no_dockerfile,False,0,0,0,,,0,0,0,0,0,False,,False,,False,,False,,False,,False,,no Dockerfile and no fallback entry point found
https://github.com/s14t284/NLP100,no_dockerfile,False,0,0,0,,,0,0,0,0,0,False,,False,,False,,False,,False,,False,,no Dockerfile and no fallback entry point found
https://github.com/jpriggs/Stockgenie,no_dockerfile,False,0,0,0,,,0,0,0,0,0,False,,False,,False,,False,,False,,False,,no Dockerfile and no fallback entry point found
https://github.com/MouseLand/suite2p,ok,False,5,0,1,suite2p\__main__.py,fallback_nested,26,107,5,0,0,True,suite2p/__main__.py:30 np.load [matched np.load],True,suite2p/registration/metrics.py:60 sklearn.decomposition.PCA [matched PCA],True,suite2p/classification/classifier.py:162 sklearn.linear_model.LogisticRegression [matched LogisticRegression],True,suite2p/classification/classifier.py:163 self.model.fit [matched model.fit],False,,True,suite2p/run_s2p.py:303 pipeline [matched pipeline],unverified: missing stages: evaluation
https://github.com/iuriramos/DunnoTheWay,no_dockerfile,False,0,0,0,,,0,0,0,0,0,False,,False,,False,,False,,False,,False,,no Dockerfile and no fallback entry point found
https://github.com/seppo0010/sysarmy-sueldos-2019.1,no_dockerfile,False,0,0,0,,,0,0,0,0,0,False,,False,,False,,False,,False,,False,,no Dockerfile and no fallback entry point found
https://github.com/castiel1985/opencv,ok,False,1,3,1,rest\run.py,fallback_nested,1,1,0,0,0,False,,False,,False,,False,,False,,True,rest/run.py:5 flask.Flask [matched Flask],"unverified: missing stages: data_acquisition, data_preparation, modeling, training, evaluation"
https://github.com/sujithv28/Behavioral-Cloning-Hacktorial,no_dockerfile,False,0,0,0,,,0,0,0,0,0,False,,False,,False,,False,,False,,False,,no Dockerfile and no fallback entry point found
https://github.com/luyang1210/AnomalyDetection,no_dockerfile,False,0,0,0,,,0,0,0,0,0,False,,False,,False,,False,,False,,False,,no Dockerfile and no fallback entry point found
https://github.com/csamuelsson/bayesianNN,no_dockerfile,False,0,0,0,,,0,0,0,0,0,False,,False,,False,,False,,False,,False,,no Dockerfile and no fallback entry point found
https://github.com/rioyokotalab/polaris,no_dockerfile,False,0,0,0,,,0,0,0,0,0,False,,False,,False,,False,,False,,False,,no Dockerfile and no fallback entry point found
https://github.com/cccristi07/EpanetWrapper,no_dockerfile,False,0,0,0,,,0,0,0,0,0,False,,False,,False,,False,,False,,False,,no Dockerfile and no fallback entry point found
https://github.com/adzialocha/tomomibot,ok,False,5,0,1,tomomibot\train.py,fallback_nested,6,41,2,0,0,True,tomomibot/utils.py:53 json.load [matched json.load],True,tomomibot/audio.py:33 sklearn.decomposition.PCA [matched PCA],True,tomomibot/train.py:31 sklearn.cluster.KMeans [matched KMeans],True,tomomibot/train.py:257 model.fit_generator [matched model.fit_generator],False,,True,tomomibot/train.py:276 model.predict [matched model.predict],unverified: missing stages: evaluation
https://github.com/mlcollege/introduction-to-ml,no_entry,False,0,1,0,,,0,0,0,0,0,False,,False,,False,,False,,False,,False,,Dockerfile(s) found but no Python entry point could be resolved
https://github.com/DiploDatos/AprendizajeSupervisado,no_dockerfile,False,0,0,0,,,0,0,0,0,0,False,,False,,False,,False,,False,,False,,no Dockerfile and no fallback entry point found
https://github.com/gmum/ml2017,no_dockerfile,False,0,0,0,,,0,0,0,0,0,False,,False,,False,,False,,False,,False,,no Dockerfile and no fallback entry point found
https://github.com/meiwanlanjun/PythonDataScienceHandbook,no_dockerfile,False,0,0,0,,,0,0,0,0,0,False,,False,,False,,False,,False,,False,,no Dockerfile and no fallback entry point found
https://github.com/tincho4t/truco-qlearning,ok,False,0,0,1,src\main.py,fallback_nested,1,1,0,0,0,False,,False,,False,,False,,False,,False,,"unverified: missing stages: data_acquisition, data_preparation, modeling, training, evaluation, inference"
https://github.com/ernest4/dublin_bikes_flask_app_team_12,ok,False,4,0,1,dublinBikes\run.py,fallback_nested,5,18,2,0,0,True,dublinBikes/myDatabase.py:25 requests.get [matched requests.get],True,dublinBikes/myDatabase.py:255 pd.to_datetime [matched pd.to_datetime],True,dublinBikes/dataAnalytics.py:159 sklearn.ensemble.RandomForestRegressor [matched RandomForestRegressor],False,,False,,True,dublinBikes/run.py:22 flask.Flask [matched Flask],"unverified: missing stages: training, evaluation"
https://github.com/gittea-rpi/realML,no_dockerfile,False,0,0,0,,,0,0,0,0,0,False,,False,,False,,False,,False,,False,,no Dockerfile and no fallback entry point found
https://github.com/yzhangcs/SoTu,no_dockerfile,False,0,0,0,,,0,0,0,0,0,False,,False,,False,,False,,False,,False,,no Dockerfile and no fallback entry point found
https://github.com/TiagoGallo/PVC,no_dockerfile,False,0,0,0,,,0,0,0,0,0,False,,False,,False,,False,,False,,False,,no Dockerfile and no fallback entry point found
https://github.com/vlejd/diploma_thesis,no_dockerfile,False,0,0,0,,,0,0,0,0,0,False,,False,,False,,False,,False,,False,,no Dockerfile and no fallback entry point found
https://github.com/Cuky88/APICrawler,no_dockerfile,False,0,0,0,,,0,0,0,0,0,False,,False,,False,,False,,False,,False,,no Dockerfile and no fallback entry point found
https://github.com/davidarnett1121/Neural-Networks-and-Deep-Learning,no_dockerfile,False,0,0,0,,,0,0,0,0,0,False,,False,,False,,False,,False,,False,,no Dockerfile and no fallback entry point found
https://github.com/lasigeBioTM/BOLSTM,no_entry,False,0,1,0,,,0,0,0,0,0,False,,False,,False,,False,,False,,False,,Dockerfile(s) found but no Python entry point could be resolved
https://github.com/FreakyBytes/bas-observe,ok,False,0,0,1,bas_observe\__main__.py,fallback_nested,2,0,1,0,0,False,,False,,False,,False,,False,,False,,"unverified: missing stages: data_acquisition, data_preparation, modeling, training, evaluation, inference"
https://github.com/ControCurator/controcurator,no_dockerfile,False,0,0,0,,,0,0,0,0,0,False,,False,,False,,False,,False,,False,,no Dockerfile and no fallback entry point found
https://github.com/uglyboxer/capstone,no_dockerfile,False,0,0,0,,,0,0,0,0,0,False,,False,,False,,False,,False,,False,,no Dockerfile and no fallback entry point found
https://github.com/GjjvdBurg/PyGenSVM,no_dockerfile,False,0,0,0,,,0,0,0,0,0,False,,False,,False,,False,,False,,False,,no Dockerfile and no fallback entry point found
https://github.com/daesunm/Project1,no_dockerfile,False,0,0,0,,,0,0,0,0,0,False,,False,,False,,False,,False,,False,,no Dockerfile and no fallback entry point found
https://github.com/oscarbranson/latools,no_dockerfile,False,0,0,0,,,0,0,0,0,0,False,,False,,False,,False,,False,,False,,no Dockerfile and no fallback entry point found
https://github.com/GavinNishizawa/ncaa-march-madness-2018,no_dockerfile,False,0,0,0,,,0,0,0,0,0,False,,False,,False,,False,,False,,False,,no Dockerfile and no fallback entry point found
https://github.com/animeshnayan/machine-learning,no_dockerfile,False,0,0,0,,,0,0,0,0,0,False,,False,,False,,False,,False,,False,,no Dockerfile and no fallback entry point found
https://github.com/wangsix/vmo,no_dockerfile,False,0,0,0,,,0,0,0,0,0,False,,False,,False,,False,,False,,False,,no Dockerfile and no fallback entry point found
https://github.com/hans/deepBLE,no_dockerfile,False,0,0,0,,,0,0,0,0,0,False,,False,,False,,False,,False,,False,,no Dockerfile and no fallback entry point found
https://github.com/mstrazar/orange3-recommendation,no_dockerfile,False,0,0,0,,,0,0,0,0,0,False,,False,,False,,False,,False,,False,,no Dockerfile and no fallback entry point found
https://github.com/nghiattran/udacity_deep_learning,no_dockerfile,False,0,0,0,,,0,0,0,0,0,False,,False,,False,,False,,False,,False,,no Dockerfile and no fallback entry point found
https://github.com/alkaline-ml/pmdarima,no_dockerfile,False,0,0,0,,,0,0,0,0,0,False,,False,,False,,False,,False,,False,,no Dockerfile and no fallback entry point found
https://github.com/ralis14/Udacity-Projects,no_dockerfile,False,0,0,0,,,0,0,0,0,0,False,,False,,False,,False,,False,,False,,no Dockerfile and no fallback entry point found
https://github.com/ntucllab/libact,no_dockerfile,False,0,0,0,,,0,0,0,0,0,False,,False,,False,,False,,False,,False,,no Dockerfile and no fallback entry point found
https://github.com/kpahi/django-news-extraction,no_dockerfile,False,0,0,0,,,0,0,0,0,0,False,,False,,False,,False,,False,,False,,no Dockerfile and no fallback entry point found
https://github.com/arunsoman/drone,ok,False,0,0,1,drone\__main__.py,fallback_nested,1,0,0,0,0,False,,False,,False,,False,,False,,False,,"unverified: missing stages: data_acquisition, data_preparation, modeling, training, evaluation, inference"
https://github.com/mavrik72/machine-learning,no_dockerfile,False,0,0,0,,,0,0,0,0,0,False,,False,,False,,False,,False,,False,,no Dockerfile and no fallback entry point found
https://github.com/amueller/scipy-2017-sklearn,no_dockerfile,False,0,0,0,,,0,0,0,0,0,False,,False,,False,,False,,False,,False,,no Dockerfile and no fallback entry point found
https://github.com/a-johnston/environment-audio,no_dockerfile,False,0,0,0,,,0,0,0,0,0,False,,False,,False,,False,,False,,False,,no Dockerfile and no fallback entry point found
https://github.com/JayanthRR/fake-news-challenge,no_dockerfile,False,0,0,0,,,0,0,0,0,0,False,,False,,False,,False,,False,,False,,no Dockerfile and no fallback entry point found
https://github.com/norbert/fickle,no_dockerfile,False,0,0,0,,,0,0,0,0,0,False,,False,,False,,False,,False,,False,,no Dockerfile and no fallback entry point found
https://github.com/bdogmoney/MapRCst360,no_dockerfile,False,0,0,0,,,0,0,0,0,0,False,,False,,False,,False,,False,,False,,no Dockerfile and no fallback entry point found
https://github.com/danijar/seminar-knowledge-mining,no_dockerfile,False,0,0,0,,,0,0,0,0,0,False,,False,,False,,False,,False,,False,,no Dockerfile and no fallback entry point found
https://github.com/Ori226/p300_lstm,no_dockerfile,False,0,0,0,,,0,0,0,0,0,False,,False,,False,,False,,False,,False,,no Dockerfile and no fallback entry point found
https://github.com/chinkeongho/test,no_dockerfile,False,0,0,0,,,0,0,0,0,0,False,,False,,False,,False,,False,,False,,no Dockerfile and no fallback entry point found
https://github.com/camomile-project/scripts,no_entry,False,0,1,0,,,0,0,0,0,0,False,,False,,False,,False,,False,,False,,Dockerfile(s) found but no Python entry point could be resolved
https://github.com/wordsum/wordsum-python,no_entry,False,0,2,0,,,0,0,0,0,0,False,,False,,False,,False,,False,,False,,Dockerfile(s) found but no Python entry point could be resolved
https://github.com/daoudclarke/fbsearch,no_dockerfile,False,0,0,0,,,0,0,0,0,0,False,,False,,False,,False,,False,,False,,no Dockerfile and no fallback entry point found
https://github.com/nitte93/Smart-cab,no_dockerfile,False,0,0,0,,,0,0,0,0,0,False,,False,,False,,False,,False,,False,,no Dockerfile and no fallback entry point found
https://github.com/samirak93/herokuapp,no_dockerfile,False,0,0,0,,,0,0,0,0,0,False,,False,,False,,False,,False,,False,,no Dockerfile and no fallback entry point found
https://github.com/wdwang/pyABC,ok,False,0,0,1,test_performance\__main__.py,fallback_nested,1,0,0,0,0,False,,False,,False,,False,,False,,False,,"unverified: missing stages: data_acquisition, data_preparation, modeling, training, evaluation, inference"
https://github.com/jfemiani/srp-boxes,no_entry,False,0,1,0,,,0,0,0,0,0,False,,False,,False,,False,,False,,False,,Dockerfile(s) found but no Python entry point could be resolved
https://github.com/rickyHong/kubeflow-seldon-example-repl,no_entry,False,0,3,0,,,0,0,0,0,0,False,,False,,False,,False,,False,,False,,Dockerfile(s) found but no Python entry point could be resolved
https://github.com/superMrzhou/ugc,clone_failed,False,0,0,0,,,0,0,0,0,0,False,,False,,False,,False,,False,,False,,error: invalid path 'hiso/runs/01-18-02:04:20/events.out.tfevents.1516259060.cist-PowerEdge-R730'
https://github.com/berkeley-stat159/project-eta,no_dockerfile,False,0,0,0,,,0,0,0,0,0,False,,False,,False,,False,,False,,False,,no Dockerfile and no fallback entry point found
https://github.com/tao-pr/vor-knowledge-graph,no_dockerfile,False,0,0,0,,,0,0,0,0,0,False,,False,,False,,False,,False,,False,,no Dockerfile and no fallback entry point found
https://github.com/Monteeee/Underwater_pipe_crack_detection,no_dockerfile,False,0,0,0,,,0,0,0,0,0,False,,False,,False,,False,,False,,False,,no Dockerfile and no fallback entry point found
https://github.com/busizshen/tusharetest,no_entry,False,0,2,0,,,0,0,0,0,0,False,,False,,False,,False,,False,,False,,Dockerfile(s) found but no Python entry point could be resolved
https://github.com/MSchnei/pyprf_feature,ok,False,2,0,1,pyprf_feature\analysis\__main__.py,fallback_console_script,13,40,3,0,0,True,pyprf_feature/analysis/load_config.py:43 csv.reader [matched csv.reader],True,pyprf_feature/analysis/find_prf_cpu.py:133 sklearn.model_selection.KFold [matched KFold],False,,False,,False,,False,,"unverified: missing stages: modeling, training, evaluation, inference"
https://github.com/djgagne/lorenz_gan,no_dockerfile,False,0,0,0,,,0,0,0,0,0,False,,False,,False,,False,,False,,False,,no Dockerfile and no fallback entry point found
https://github.com/myhangshi/plus,no_entry,False,0,1,0,,,0,0,0,0,0,False,,False,,False,,False,,False,,False,,Dockerfile(s) found but no Python entry point could be resolved
https://github.com/bonzanini/nlp-tutorial,no_dockerfile,False,0,0,0,,,0,0,0,0,0,False,,False,,False,,False,,False,,False,,no Dockerfile and no fallback entry point found
https://github.com/liufei11111/cs224n_project,no_dockerfile,False,0,0,0,,,0,0,0,0,0,False,,False,,False,,False,,False,,False,,no Dockerfile and no fallback entry point found
https://github.com/VladKha/face_detector,no_entry,False,0,1,0,,,0,0,0,0,0,False,,False,,False,,False,,False,,False,,Dockerfile(s) found but no Python entry point could be resolved
https://github.com/GRIDAPPSD/gridappsd-pyvvo,clone_failed,False,0,0,0,,,0,0,0,0,0,False,,False,,False,,False,,False,,False,,Error downloading object: pyvvo/tests/models/IEEE8500.xml (77c2f6e): Smudge error: Error downloading pyvvo/tests/models/IEEE8500.xml (77c2f6e8217f5f5b467b32da664d95828adbaae748a363f822c67c274dd05d63): batch response: Resource not accessible by personal access token
https://github.com/lisalaux/CellProfilerModule,ok,False,3,0,1,cellprofiler\__main__.py,fallback_nested,45,762,5,13,3,True,cellprofiler/__main__.py:684 h5py.File [matched h5py.File],True,cellprofiler/__main__.py:504 cellprofiler.pipeline.pipeline.Pipeline [matched Pipeline],True,cellprofiler/module.py:0 class ImageProcessing [matched <class subclasses model base>],False,,False,,False,,"unverified: missing stages: training, evaluation, inference"
https://github.com/KennisnetwerkDataScience/Wifi-punten-in-Leeuwarden,no_dockerfile,False,0,0,0,,,0,0,0,0,0,False,,False,,False,,False,,False,,False,,no Dockerfile and no fallback entry point found
https://github.com/juugii/FastProject,ok,False,3,0,1,FastProject\CLI.py,fallback_console_script,13,77,5,0,0,False,,True,FastProject/Interactive.py:180 pd.concat [matched pd.concat],True,FastProject/Projections.py:299 sklearn.cluster.MiniBatchKMeans [matched MiniBatchKMeans],True,FastProject/Projections.py:199 model.fit [matched model.fit],False,,False,,"unverified: missing stages: data_acquisition, evaluation, inference"
https://github.com/csala/BTB_test,no_dockerfile,False,0,0,0,,,0,0,0,0,0,False,,False,,False,,False,,False,,False,,no Dockerfile and no fallback entry point found
https://github.com/AlexandreSev/Patch-Match,no_dockerfile,False,0,0,0,,,0,0,0,0,0,False,,False,,False,,False,,False,,False,,no Dockerfile and no fallback entry point found
https://github.com/tofulawrence/udacity-machine-learning,no_dockerfile,False,0,0,0,,,0,0,0,0,0,False,,False,,False,,False,,False,,False,,no Dockerfile and no fallback entry point found
https://github.com/flybywind/neural-networks-and-deep-learning,no_dockerfile,False,0,0,0,,,0,0,0,0,0,False,,False,,False,,False,,False,,False,,no Dockerfile and no fallback entry point found
https://github.com/bioelectric-interfaces/nfb,ok,False,4,0,1,pynfb\main.py,fallback_nested,66,642,6,0,2,True,pynfb/postprocessing/plot_all_fb_bars.py:10 h5py.File [matched h5py.File],True,pynfb/signals/bci.py:25 sklearn.preprocessing.StandardScaler [matched StandardScaler],True,pynfb/signals/bci.py:24 sklearn.ensemble.RandomForestClassifier [matched RandomForestClassifier],True,pynfb/signals/bci.py:86 self.model.fit [matched model.fit],False,,False,,"unverified: missing stages: evaluation, inference"
https://github.com/iai-group/nordlys,no_dockerfile,False,0,0,0,,,0,0,0,0,0,False,,False,,False,,False,,False,,False,,no Dockerfile and no fallback entry point found
https://github.com/seanjh/NaiveBayes-MAHW3,no_dockerfile,False,0,0,0,,,0,0,0,0,0,False,,False,,False,,False,,False,,False,,no Dockerfile and no fallback entry point found
https://github.com/kevindoyle93/predictive-analysis-football-data,no_dockerfile,False,0,0,0,,,0,0,0,0,0,False,,False,,False,,False,,False,,False,,no Dockerfile and no fallback entry point found
https://github.com/data-skeptic/bot-survey-engine,no_entry,False,0,1,0,,,0,0,0,0,0,False,,False,,False,,False,,False,,False,,Dockerfile(s) found but no Python entry point could be resolved
https://github.com/grahammorehead/gmutils,ok,True,6,0,1,gmutils\run.py,fallback_nested,5,114,2,0,0,True,gmutils/utils.py:775 pickle.load [matched pickle.load],True,gmutils/dataset.py:402 sklearn.model_selection.train_test_split [matched train_test_split],True,gmutils/run.py:49 model.Model [matched Model],True,gmutils/model.py:124 self.model.fit [matched model.fit],True,gmutils/utils.py:1313 sklearn.metrics.roc_curve [matched roc_curve],True,gmutils/model.py:163 self.model.predict [matched model.predict],verified: all 6 stages present
https://github.com/martenlienen/tum-graph-analytics,no_dockerfile,False,0,0,0,,,0,0,0,0,0,False,,False,,False,,False,,False,,False,,no Dockerfile and no fallback entry point found
https://github.com/amccarte/branduniv,ok,False,0,0,1,brandelion\cli\brandelion.py,fallback_console_script,2,1,1,0,0,False,,False,,False,,False,,False,,False,,"unverified: missing stages: data_acquisition, data_preparation, modeling, training, evaluation, inference"
https://github.com/jkilpatr/Browbeat-ML,ok,False,0,0,1,bml\bml.py,fallback_console_script,1,3,0,0,0,False,,False,,False,,False,,False,,False,,"unverified: missing stages: data_acquisition, data_preparation, modeling, training, evaluation, inference"
https://github.com/nibalizer/replay_processing,ok,False,0,0,1,replay_processing\replayscan.py,fallback_console_script,4,19,2,0,0,False,,False,,False,,False,,False,,False,,"unverified: missing stages: data_acquisition, data_preparation, modeling, training, evaluation, inference"
https://github.com/huangshunliang/boss-sensor,no_dockerfile,False,0,0,0,,,0,0,0,0,0,False,,False,,False,,False,,False,,False,,no Dockerfile and no fallback entry point found
https://github.com/Hate-Speech-Detection-Project/machine-learning,no_dockerfile,False,0,0,0,,,0,0,0,0,0,False,,False,,False,,False,,False,,False,,no Dockerfile and no fallback entry point found
https://github.com/DiegoAgher/learnPongPython,no_dockerfile,False,0,0,0,,,0,0,0,0,0,False,,False,,False,,False,,False,,False,,no Dockerfile and no fallback entry point found
https://github.com/apayne19/DoubleAuctionMarket,no_dockerfile,False,0,0,0,,,0,0,0,0,0,False,,False,,False,,False,,False,,False,,no Dockerfile and no fallback entry point found
https://github.com/hristy93/VkusotiikiContentFiltering,no_dockerfile,False,0,0,0,,,0,0,0,0,0,False,,False,,False,,False,,False,,False,,no Dockerfile and no fallback entry point found
https://github.com/b72uno/courses,no_dockerfile,False,0,0,0,,,0,0,0,0,0,False,,False,,False,,False,,False,,False,,no Dockerfile and no fallback entry point found
https://github.com/lefnire/tforce_btc_trader,no_dockerfile,False,0,0,0,,,0,0,0,0,0,False,,False,,False,,False,,False,,False,,no Dockerfile and no fallback entry point found
https://github.com/espoirMur/Student-Grade-Predictor,no_dockerfile,False,0,0,0,,,0,0,0,0,0,False,,False,,False,,False,,False,,False,,no Dockerfile and no fallback entry point found
https://github.com/daemon515/ml,no_dockerfile,False,0,0,0,,,0,0,0,0,0,False,,False,,False,,False,,False,,False,,no Dockerfile and no fallback entry point found
https://github.com/zhiyanfoo/caltech-machine-learning,no_dockerfile,False,0,0,0,,,0,0,0,0,0,False,,False,,False,,False,,False,,False,,no Dockerfile and no fallback entry point found
https://github.com/harymitchell/neural-network-web-platform,no_dockerfile,False,0,0,0,,,0,0,0,0,0,False,,False,,False,,False,,False,,False,,no Dockerfile and no fallback entry point found
https://github.com/nok/sklearn-porter,ok,False,3,1,1,sklearn_porter\cli\__main__.py,fallback_console_script,21,73,4,0,1,False,,False,,True,sklearn_porter/Estimator.py:383 sklearn_porter.estimator.DecisionTreeClassifier.DecisionTreeClassifier [matched DecisionTreeClassifier],False,,True,sklearn_porter/Estimator.py:840 sklearn.metrics.accuracy_score [matched accuracy_score],True,sklearn_porter/Estimator.py:830 self._estimator.estimator.predict [matched estimator.predict],"unverified: missing stages: data_acquisition, data_preparation, training"
https://github.com/fhcrc/deenurp,ok,False,0,1,1,deenurp.py,fallback_console_script,2,5,1,0,1,False,,False,,False,,False,,False,,False,,"unverified: missing stages: data_acquisition, data_preparation, modeling, training, evaluation, inference"
https://github.com/matrix0415/streamining-highlight-4-arena-of-valor,no_entry,False,0,1,0,,,0,0,0,0,0,False,,False,,False,,False,,False,,False,,Dockerfile(s) found but no Python entry point could be resolved
https://github.com/byu-dml/metalearn,no_dockerfile,False,0,0,0,,,0,0,0,0,0,False,,False,,False,,False,,False,,False,,no Dockerfile and no fallback entry point found
https://github.com/tylermassey/reddit-comments-kaggle,clone_failed,False,0,0,0,,,0,0,0,0,0,False,,False,,False,,False,,False,,False,,Error downloading object: project/data/subreddit_newsubset.zip (84d49ff): Smudge error: Error downloading project/data/subreddit_newsubset.zip (84d49ff58f7df1893b73502deb1457a5e9055cc3cf10685dc524d5c1084d9249): batch response: Resource not accessible by personal access token
https://github.com/georgek/accounts,ok,False,3,0,1,accounts\cli.py,fallback_console_script,5,40,2,0,0,True,accounts/cli.py:100 csv.reader [matched csv.reader],False,,False,,True,accounts/cli.py:96 clf.fit [matched clf.fit],False,,True,accounts/cli.py:108 clf.predict [matched clf.predict],"unverified: missing stages: data_preparation, modeling, evaluation"
https://github.com/guruucsd/PING,no_dockerfile,False,0,0,0,,,0,0,0,0,0,False,,False,,False,,False,,False,,False,,no Dockerfile and no fallback entry point found
https://github.com/EPFLMachineLearningTeamYoor/Project02,no_dockerfile,False,0,0,0,,,0,0,0,0,0,False,,False,,False,,False,,False,,False,,no Dockerfile and no fallback entry point found
https://github.com/eea/eea.corpus,no_entry,False,0,1,0,,,0,0,0,0,0,False,,False,,False,,False,,False,,False,,Dockerfile(s) found but no Python entry point could be resolved
https://github.com/Cyvhee/SemEval2018-Task3,no_dockerfile,False,0,0,0,,,0,0,0,0,0,False,,False,,False,,False,,False,,False,,no Dockerfile and no fallback entry point found
https://github.com/AllenInstitute/neuroglia,no_dockerfile,False,0,0,0,,,0,0,0,0,0,False,,False,,False,,False,,False,,False,,no Dockerfile and no fallback entry point found
https://github.com/josejimenezluna/pyGPGO,no_dockerfile,False,0,0,0,,,0,0,0,0,0,False,,False,,False,,False,,False,,False,,no Dockerfile and no fallback entry point found
https://github.com/Flowerfan524/Semi-Reid,no_dockerfile,False,0,0,0,,,0,0,0,0,0,False,,False,,False,,False,,False,,False,,no Dockerfile and no fallback entry point found
https://github.com/carlomt/dicom_tools,no_dockerfile,False,0,0,0,,,0,0,0,0,0,False,,False,,False,,False,,False,,False,,no Dockerfile and no fallback entry point found
https://github.com/pic2mood/pictomood,ok,False,5,0,1,pictomood\pictomood.py,fallback_console_script,5,22,1,0,1,True,pictomood/utils.py:30 PIL.Image.open [matched Image.open],True,pictomood/lib/mlp.py:36 sklearn.model_selection.KFold [matched KFold],True,pictomood/lib/mlp.py:21 sklearn.neural_network.MLPClassifier [matched MLPClassifier],True,pictomood/lib/mlp.py:39 self.model.fit [matched model.fit],False,,True,pictomood/lib/mlp.py:44 self.model.predict [matched model.predict],unverified: missing stages: evaluation
https://github.com/tyrion/trl,no_dockerfile,False,0,0,0,,,0,0,0,0,0,False,,False,,False,,False,,False,,False,,no Dockerfile and no fallback entry point found
https://github.com/foerstner-lab/GRADitude,no_entry,False,0,1,0,,,0,0,0,0,0,False,,False,,False,,False,,False,,False,,Dockerfile(s) found but no Python entry point could be resolved
https://github.com/wsyjwps1983/autosklearn,no_dockerfile,False,0,0,0,,,0,0,0,0,0,False,,False,,False,,False,,False,,False,,no Dockerfile and no fallback entry point found
https://github.com/mikekestemont/verification,no_dockerfile,False,0,0,0,,,0,0,0,0,0,False,,False,,False,,False,,False,,False,,no Dockerfile and no fallback entry point found
https://github.com/LanguageMachines/quoll,no_dockerfile,False,0,0,0,,,0,0,0,0,0,False,,False,,False,,False,,False,,False,,no Dockerfile and no fallback entry point found
https://github.com/snipsco/snips-nlu-metrics,no_dockerfile,False,0,0,0,,,0,0,0,0,0,False,,False,,False,,False,,False,,False,,no Dockerfile and no fallback entry point found
https://github.com/yjzhang/uncurl_python,no_dockerfile,False,0,0,0,,,0,0,0,0,0,False,,False,,False,,False,,False,,False,,no Dockerfile and no fallback entry point found
https://github.com/jay-johnson/antinex-utils,no_dockerfile,False,0,0,0,,,0,0,0,0,0,False,,False,,False,,False,,False,,False,,no Dockerfile and no fallback entry point found
https://github.com/theunissenlab/soundsig,no_dockerfile,False,0,0,0,,,0,0,0,0,0,False,,False,,False,,False,,False,,False,,no Dockerfile and no fallback entry point found
https://github.com/shiftmark/HPA-SingleCellClassification,no_dockerfile,False,0,0,0,,,0,0,0,0,0,False,,False,,False,,False,,False,,False,,no Dockerfile and no fallback entry point found
https://github.com/jina-ai/docarray,no_dockerfile,False,0,0,0,,,0,0,0,0,0,False,,False,,False,,False,,False,,False,,no Dockerfile and no fallback entry point found
https://github.com/dimassibassem/traffic_signs_web_app,no_dockerfile,False,0,0,0,,,0,0,0,0,0,False,,False,,False,,False,,False,,False,,no Dockerfile and no fallback entry point found
https://github.com/ScanLab-ossi/SDN-DCRNN,no_dockerfile,False,0,0,0,,,0,0,0,0,0,False,,False,,False,,False,,False,,False,,no Dockerfile and no fallback entry point found
https://github.com/coderzami/TensorFlow,no_entry,False,0,1,0,,,0,0,0,0,0,False,,False,,False,,False,,False,,False,,Dockerfile(s) found but no Python entry point could be resolved
https://github.com/JXproject/coltran-open-review,no_dockerfile,False,0,0,0,,,0,0,0,0,0,False,,False,,False,,False,,False,,False,,no Dockerfile and no fallback entry point found
https://github.com/Somertonman/prizmoid,no_dockerfile,False,0,0,0,,,0,0,0,0,0,False,,False,,False,,False,,False,,False,,no Dockerfile and no fallback entry point found
https://github.com/ilai2/collabs-ft-colab,no_dockerfile,False,0,0,0,,,0,0,0,0,0,False,,False,,False,,False,,False,,False,,no Dockerfile and no fallback entry point found
https://github.com/naivenlp/rapidnlp-datasets,no_dockerfile,False,0,0,0,,,0,0,0,0,0,False,,False,,False,,False,,False,,False,,no Dockerfile and no fallback entry point found
https://github.com/xiaohuihong/PRS-PM-2021-09-15-GRP-3Musketeers-DetectiveMask,no_dockerfile,False,0,0,0,,,0,0,0,0,0,False,,False,,False,,False,,False,,False,,no Dockerfile and no fallback entry point found
https://github.com/EverLookNeverSee/diagtomodel,no_dockerfile,False,0,0,0,,,0,0,0,0,0,False,,False,,False,,False,,False,,False,,no Dockerfile and no fallback entry point found
https://github.com/Profesor-JH/Speech_Recognition,no_dockerfile,False,0,0,0,,,0,0,0,0,0,False,,False,,False,,False,,False,,False,,no Dockerfile and no fallback entry point found
https://github.com/wangli320/textClassifier,no_dockerfile,False,0,0,0,,,0,0,0,0,0,False,,False,,False,,False,,False,,False,,no Dockerfile and no fallback entry point found
https://github.com/marcus-neo/TradoBot,no_dockerfile,False,0,0,0,,,0,0,0,0,0,False,,False,,False,,False,,False,,False,,no Dockerfile and no fallback entry point found
https://github.com/bsc-scanflow/scanflow,no_entry,False,0,5,0,,,0,0,0,0,0,False,,False,,False,,False,,False,,False,,Dockerfile(s) found but no Python entry point could be resolved
https://github.com/soumik12345/point-cloud-segmentation,no_entry,False,0,1,0,,,0,0,0,0,0,False,,False,,False,,False,,False,,False,,Dockerfile(s) found but no Python entry point could be resolved
https://github.com/christophuv/PeakBot,no_dockerfile,False,0,0,0,,,0,0,0,0,0,False,,False,,False,,False,,False,,False,,no Dockerfile and no fallback entry point found
https://github.com/hanh-thepepsimist/Money_Heist,no_dockerfile,False,0,0,0,,,0,0,0,0,0,False,,False,,False,,False,,False,,False,,no Dockerfile and no fallback entry point found
https://github.com/mylesagray/anpr-knative,no_entry,False,0,5,0,,,0,0,0,0,0,False,,False,,False,,False,,False,,False,,Dockerfile(s) found but no Python entry point could be resolved
https://github.com/JulianEgas/Front_End_Team58,no_dockerfile,False,0,0,0,,,0,0,0,0,0,False,,False,,False,,False,,False,,False,,no Dockerfile and no fallback entry point found
https://github.com/DavisWeaver/evo_dm,no_dockerfile,False,0,0,0,,,0,0,0,0,0,False,,False,,False,,False,,False,,False,,no Dockerfile and no fallback entry point found
https://github.com/nardienapratama/tensorflow-deployment,no_entry,False,0,1,0,,,0,0,0,0,0,False,,False,,False,,False,,False,,False,,Dockerfile(s) found but no Python entry point could be resolved
https://github.com/Yin-Tzu/predict_DA_reaction_product2_10model,no_dockerfile,False,0,0,0,,,0,0,0,0,0,False,,False,,False,,False,,False,,False,,no Dockerfile and no fallback entry point found
https://github.com/behnamh217rn21/tensortrade_v2,no_entry,False,0,1,0,,,0,0,0,0,0,False,,False,,False,,False,,False,,False,,Dockerfile(s) found but no Python entry point could be resolved
https://github.com/seancarverphd/rl_for_uav,no_dockerfile,False,0,0,0,,,0,0,0,0,0,False,,False,,False,,False,,False,,False,,no Dockerfile and no fallback entry point found
https://github.com/arijitthegame/enformer_performer,no_dockerfile,False,0,0,0,,,0,0,0,0,0,False,,False,,False,,False,,False,,False,,no Dockerfile and no fallback entry point found
https://github.com/novalegra/jaeb-equations,no_dockerfile,False,0,0,0,,,0,0,0,0,0,False,,False,,False,,False,,False,,False,,no Dockerfile and no fallback entry point found
https://github.com/Silicon-Valley-Pre-Internship/Linist,no_entry,False,0,2,0,,,0,0,0,0,0,False,,False,,False,,False,,False,,False,,Dockerfile(s) found but no Python entry point could be resolved
https://github.com/codebasics/potato-disease-classification,no_dockerfile,False,0,0,0,,,0,0,0,0,0,False,,False,,False,,False,,False,,False,,no Dockerfile and no fallback entry point found
https://github.com/KrishArul26/Smart-Way-Gate-Monitoring-System-for-Supermarket-Due-to-the-Covid-19-Period-using-AI--Live-Streaming,no_dockerfile,False,0,0,0,,,0,0,0,0,0,False,,False,,False,,False,,False,,False,,no Dockerfile and no fallback entry point found
https://github.com/marta-seq/propythia,no_dockerfile,False,0,0,0,,,0,0,0,0,0,False,,False,,False,,False,,False,,False,,no Dockerfile and no fallback entry point found
https://github.com/tamsinLC/TensorFlow-Model-Garden,no_entry,False,0,3,0,,,0,0,0,0,0,False,,False,,False,,False,,False,,False,,Dockerfile(s) found but no Python entry point could be resolved
https://github.com/kopagm/skillfactory_rds,no_dockerfile,False,0,0,0,,,0,0,0,0,0,False,,False,,False,,False,,False,,False,,no Dockerfile and no fallback entry point found
https://github.com/alihussainia/Machine-Learning-GKE-Autopilot,no_entry,False,0,1,0,,,0,0,0,0,0,False,,False,,False,,False,,False,,False,,Dockerfile(s) found but no Python entry point could be resolved
https://github.com/m3ngineer/ds-cookbook,no_dockerfile,False,0,0,0,,,0,0,0,0,0,False,,False,,False,,False,,False,,False,,no Dockerfile and no fallback entry point found
https://github.com/suzs11/ML,no_dockerfile,False,0,0,0,,,0,0,0,0,0,False,,False,,False,,False,,False,,False,,no Dockerfile and no fallback entry point found
https://github.com/Humboldt-WI/dissertations,no_dockerfile,False,0,0,0,,,0,0,0,0,0,False,,False,,False,,False,,False,,False,,no Dockerfile and no fallback entry point found
https://github.com/Just-DIRECT-Capstone/Protein-Purification-Model-Public,no_dockerfile,False,0,0,0,,,0,0,0,0,0,False,,False,,False,,False,,False,,False,,no Dockerfile and no fallback entry point found
https://github.com/xlukas10/anubis,no_dockerfile,False,0,0,0,,,0,0,0,0,0,False,,False,,False,,False,,False,,False,,no Dockerfile and no fallback entry point found
https://github.com/player-eric/CoverYourNose,no_entry,False,0,2,0,,,0,0,0,0,0,False,,False,,False,,False,,False,,False,,Dockerfile(s) found but no Python entry point could be resolved
https://github.com/lefatoum2/Emotion_detection,no_dockerfile,False,0,0,0,,,0,0,0,0,0,False,,False,,False,,False,,False,,False,,no Dockerfile and no fallback entry point found
https://github.com/Veluga/elevator-scheduling,no_dockerfile,False,0,0,0,,,0,0,0,0,0,False,,False,,False,,False,,False,,False,,no Dockerfile and no fallback entry point found
https://github.com/premonish/YOUNGER,no_dockerfile,False,0,0,0,,,0,0,0,0,0,False,,False,,False,,False,,False,,False,,no Dockerfile and no fallback entry point found
https://github.com/ChewKinWhye/bioimage-captioning,no_dockerfile,False,0,0,0,,,0,0,0,0,0,False,,False,,False,,False,,False,,False,,no Dockerfile and no fallback entry point found
https://github.com/Farkites/GAN_quick_draw,no_dockerfile,False,0,0,0,,,0,0,0,0,0,False,,False,,False,,False,,False,,False,,no Dockerfile and no fallback entry point found
https://github.com/logicesecutor/3D_scene_generator,no_dockerfile,False,0,0,0,,,0,0,0,0,0,False,,False,,False,,False,,False,,False,,no Dockerfile and no fallback entry point found
https://github.com/stollcri/dali,no_dockerfile,False,0,0,0,,,0,0,0,0,0,False,,False,,False,,False,,False,,False,,no Dockerfile and no fallback entry point found
https://github.com/iRatG/DataEducation,no_dockerfile,False,0,0,0,,,0,0,0,0,0,False,,False,,False,,False,,False,,False,,no Dockerfile and no fallback entry point found
https://github.com/antoineBarbez/SMAD,no_dockerfile,False,0,0,0,,,0,0,0,0,0,False,,False,,False,,False,,False,,False,,no Dockerfile and no fallback entry point found
https://github.com/SeldonIO/tempo,no_entry,False,0,1,0,,,0,0,0,0,0,False,,False,,False,,False,,False,,False,,Dockerfile(s) found but no Python entry point could be resolved
https://github.com/sign-language-processing/datasets,no_dockerfile,False,0,0,0,,,0,0,0,0,0,False,,False,,False,,False,,False,,False,,no Dockerfile and no fallback entry point found
https://github.com/lukaszbrzozowski/ReLeGy,no_dockerfile,False,0,0,0,,,0,0,0,0,0,False,,False,,False,,False,,False,,False,,no Dockerfile and no fallback entry point found
https://github.com/Tombriss/car-counting-yolo-deepsort,no_dockerfile,False,0,0,0,,,0,0,0,0,0,False,,False,,False,,False,,False,,False,,no Dockerfile and no fallback entry point found
https://github.com/Dobatymo/genutility,no_dockerfile,False,0,0,0,,,0,0,0,0,0,False,,False,,False,,False,,False,,False,,no Dockerfile and no fallback entry point found
https://github.com/aisu-programming/Chord-Estimation,no_dockerfile,False,0,0,0,,,0,0,0,0,0,False,,False,,False,,False,,False,,False,,no Dockerfile and no fallback entry point found
https://github.com/John-Land/image_classification_web_app,no_dockerfile,False,0,0,0,,,0,0,0,0,0,False,,False,,False,,False,,False,,False,,no Dockerfile and no fallback entry point found
https://github.com/armelf/Financial-Algorithms,no_dockerfile,False,0,0,0,,,0,0,0,0,0,False,,False,,False,,False,,False,,False,,no Dockerfile and no fallback entry point found
https://github.com/VVasanth/SpleeterTF2.0_Unofficial,no_dockerfile,False,0,0,0,,,0,0,0,0,0,False,,False,,False,,False,,False,,False,,no Dockerfile and no fallback entry point found
https://github.com/samuelbarrett1234/adversarial-ml,no_dockerfile,False,0,0,0,,,0,0,0,0,0,False,,False,,False,,False,,False,,False,,no Dockerfile and no fallback entry point found
https://github.com/HemantGosavi/kerasocrnew,no_entry,False,0,1,0,,,0,0,0,0,0,False,,False,,False,,False,,False,,False,,Dockerfile(s) found but no Python entry point could be resolved
https://github.com/antonai91/reinforcement_learning,no_dockerfile,False,0,0,0,,,0,0,0,0,0,False,,False,,False,,False,,False,,False,,no Dockerfile and no fallback entry point found
https://github.com/mikekap/raspberrypi,no_entry,False,0,4,0,,,0,0,0,0,0,False,,False,,False,,False,,False,,False,,Dockerfile(s) found but no Python entry point could be resolved
https://github.com/BU-CLOUD-F20/Containerizing_Neural_Nets,no_entry,False,0,4,0,,,0,0,0,0,0,False,,False,,False,,False,,False,,False,,Dockerfile(s) found but no Python entry point could be resolved
https://github.com/Cameron-Beaulieu/Veil,no_dockerfile,False,0,0,0,,,0,0,0,0,0,False,,False,,False,,False,,False,,False,,no Dockerfile and no fallback entry point found
https://github.com/ironbar/AnimalAI-Olympics,no_entry,False,0,1,0,,,0,0,0,0,0,False,,False,,False,,False,,False,,False,,Dockerfile(s) found but no Python entry point could be resolved
https://github.com/T3am5hark/cv2pipeline,no_dockerfile,False,0,0,0,,,0,0,0,0,0,False,,False,,False,,False,,False,,False,,no Dockerfile and no fallback entry point found
https://github.com/weilianglin101/DeepLearningExamples,no_entry,False,0,45,0,,,0,0,0,0,0,False,,False,,False,,False,,False,,False,,Dockerfile(s) found but no Python entry point could be resolved
https://github.com/raspberrypilearning/image-identifier,no_dockerfile,False,0,0,0,,,0,0,0,0,0,False,,False,,False,,False,,False,,False,,no Dockerfile and no fallback entry point found
https://github.com/atcb0506/binary_classifier_lab,no_entry,False,0,2,0,,,0,0,0,0,0,False,,False,,False,,False,,False,,False,,Dockerfile(s) found but no Python entry point could be resolved
https://github.com/matheusflds/tcc-api,no_dockerfile,False,0,0,0,,,0,0,0,0,0,False,,False,,False,,False,,False,,False,,no Dockerfile and no fallback entry point found
https://github.com/T-Almeida/mmnrm,no_dockerfile,False,0,0,0,,,0,0,0,0,0,False,,False,,False,,False,,False,,False,,no Dockerfile and no fallback entry point found
https://github.com/pabloi09/physionet-challenge-2020,no_entry,False,0,4,0,,,0,0,0,0,0,False,,False,,False,,False,,False,,False,,Dockerfile(s) found but no Python entry point could be resolved
https://github.com/Alexx882/ImageGenerator,no_dockerfile,False,0,0,0,,,0,0,0,0,0,False,,False,,False,,False,,False,,False,,no Dockerfile and no fallback entry point found
https://github.com/google/CommonLoopUtils,no_dockerfile,False,0,0,0,,,0,0,0,0,0,False,,False,,False,,False,,False,,False,,no Dockerfile and no fallback entry point found
https://github.com/UCSD-E4E/ml-mangrove,no_entry,False,0,2,0,,,0,0,0,0,0,False,,False,,False,,False,,False,,False,,Dockerfile(s) found but no Python entry point could be resolved
https://github.com/RakeshRaj97/Super-Resolution,no_dockerfile,False,0,0,0,,,0,0,0,0,0,False,,False,,False,,False,,False,,False,,no Dockerfile and no fallback entry point found
https://github.com/lshalon/ezpeezy,no_dockerfile,False,0,0,0,,,0,0,0,0,0,False,,False,,False,,False,,False,,False,,no Dockerfile and no fallback entry point found
https://github.com/DLOOF/Deep-Learning-Object-Oriented-Framework-Python,no_dockerfile,False,0,0,0,,,0,0,0,0,0,False,,False,,False,,False,,False,,False,,no Dockerfile and no fallback entry point found
https://github.com/henryle-n/Handwriting-Prediction-Tensorflow2,no_entry,False,0,2,0,,,0,0,0,0,0,False,,False,,False,,False,,False,,False,,Dockerfile(s) found but no Python entry point could be resolved
https://github.com/zhangxuan1918/tensorflow3DMMRendering,no_entry,False,0,1,0,,,0,0,0,0,0,False,,False,,False,,False,,False,,False,,Dockerfile(s) found but no Python entry point could be resolved
https://github.com/RenXiangyuan/tf_bert,no_dockerfile,False,0,0,0,,,0,0,0,0,0,False,,False,,False,,False,,False,,False,,no Dockerfile and no fallback entry point found
https://github.com/alexcercos/ML-Agents,no_entry,False,0,1,0,,,0,0,0,0,0,False,,False,,False,,False,,False,,False,,Dockerfile(s) found but no Python entry point could be resolved
https://github.com/marload/aquvitae,no_dockerfile,False,0,0,0,,,0,0,0,0,0,False,,False,,False,,False,,False,,False,,no Dockerfile and no fallback entry point found
https://github.com/shkarupa-alex/segme,no_dockerfile,False,0,0,0,,,0,0,0,0,0,False,,False,,False,,False,,False,,False,,no Dockerfile and no fallback entry point found
https://github.com/jeslago/epftoolbox,no_dockerfile,False,0,0,0,,,0,0,0,0,0,False,,False,,False,,False,,False,,False,,no Dockerfile and no fallback entry point found
https://github.com/Shen-Lab/SS-GCNs,no_dockerfile,False,0,0,0,,,0,0,0,0,0,False,,False,,False,,False,,False,,False,,no Dockerfile and no fallback entry point found
https://github.com/googleinterns/contextual-query-rewrites,no_dockerfile,False,0,0,0,,,0,0,0,0,0,False,,False,,False,,False,,False,,False,,no Dockerfile and no fallback entry point found
https://github.com/taranO/IB-semi-supervised-classification,no_dockerfile,False,0,0,0,,,0,0,0,0,0,False,,False,,False,,False,,False,,False,,no Dockerfile and no fallback entry point found
https://github.com/hermanwh/master-thesis,no_dockerfile,False,0,0,0,,,0,0,0,0,0,False,,False,,False,,False,,False,,False,,no Dockerfile and no fallback entry point found
https://github.com/NotNANtoN/CV-Project-2020,no_entry,False,0,1,0,,,0,0,0,0,0,False,,False,,False,,False,,False,,False,,Dockerfile(s) found but no Python entry point could be resolved
https://github.com/fedex-2020/GoogleCloudPlatform,no_entry,False,0,13,0,,,0,0,0,0,0,False,,False,,False,,False,,False,,False,,Dockerfile(s) found but no Python entry point could be resolved
https://github.com/bostankhan6/Object-Detection-YoloV3-RetinaNet-FasterRCNN,no_dockerfile,False,0,0,0,,,0,0,0,0,0,False,,False,,False,,False,,False,,False,,no Dockerfile and no fallback entry point found
https://github.com/dershao/RealTimeMandarin,no_entry,False,0,3,0,,,0,0,0,0,0,False,,False,,False,,False,,False,,False,,Dockerfile(s) found but no Python entry point could be resolved
https://github.com/navraj28/OSPPre,no_entry,False,0,1,0,,,0,0,0,0,0,False,,False,,False,,False,,False,,False,,Dockerfile(s) found but no Python entry point could be resolved
https://github.com/nasa/delta,no_entry,False,0,1,0,,,0,0,0,0,0,False,,False,,False,,False,,False,,False,,Dockerfile(s) found but no Python entry point could be resolved
https://github.com/andrzej2298/sport_match_android_app_server,no_entry,False,0,1,0,,,0,0,0,0,0,False,,False,,False,,False,,False,,False,,Dockerfile(s) found but no Python entry point could be resolved
https://github.com/Marie-Tomasik/Project3,no_entry,False,0,1,0,,,0,0,0,0,0,False,,False,,False,,False,,False,,False,,Dockerfile(s) found but no Python entry point could be resolved
https://github.com/rocklionmba/Deep-Learners,no_dockerfile,False,0,0,0,,,0,0,0,0,0,False,,False,,False,,False,,False,,False,,no Dockerfile and no fallback entry point found
https://github.com/damiankoper/ripo,no_dockerfile,False,0,0,0,,,0,0,0,0,0,False,,False,,False,,False,,False,,False,,no Dockerfile and no fallback entry point found
https://github.com/muriloHoracio/TERL,no_dockerfile,False,0,0,0,,,0,0,0,0,0,False,,False,,False,,False,,False,,False,,no Dockerfile and no fallback entry point found
https://github.com/RyanSaxe/CubeCobraRecommender,no_entry,False,0,1,0,,,0,0,0,0,0,False,,False,,False,,False,,False,,False,,Dockerfile(s) found but no Python entry point could be resolved
https://github.com/colinrsmall/ehm_faces,no_dockerfile,False,0,0,0,,,0,0,0,0,0,False,,False,,False,,False,,False,,False,,no Dockerfile and no fallback entry point found
https://github.com/icml205688/icml205688_code,no_dockerfile,False,0,0,0,,,0,0,0,0,0,False,,False,,False,,False,,False,,False,,no Dockerfile and no fallback entry point found
https://github.com/Team-Cpp/Team-Cpp,no_entry,False,0,1,0,,,0,0,0,0,0,False,,False,,False,,False,,False,,False,,Dockerfile(s) found but no Python entry point could be resolved
https://github.com/matiktli/gym-multispace-ai,no_dockerfile,False,0,0,0,,,0,0,0,0,0,False,,False,,False,,False,,False,,False,,no Dockerfile and no fallback entry point found
https://github.com/CarNDCapstone/CarND-Capstone,no_entry,False,0,2,0,,,0,0,0,0,0,False,,False,,False,,False,,False,,False,,Dockerfile(s) found but no Python entry point could be resolved
https://github.com/MokkeMeguru/TFGENZOO,no_entry,False,0,1,0,,,0,0,0,0,0,False,,False,,False,,False,,False,,False,,Dockerfile(s) found but no Python entry point could be resolved
https://github.com/Targeting-AI-Robot/Robotics,no_dockerfile,False,0,0,0,,,0,0,0,0,0,False,,False,,False,,False,,False,,False,,no Dockerfile and no fallback entry point found
https://github.com/X-rayLaser/multi-directional-mdrnn,no_dockerfile,False,0,0,0,,,0,0,0,0,0,False,,False,,False,,False,,False,,False,,no Dockerfile and no fallback entry point found
https://github.com/goodgodgd/xpt-mde-2021,no_dockerfile,False,0,0,0,,,0,0,0,0,0,False,,False,,False,,False,,False,,False,,no Dockerfile and no fallback entry point found
https://github.com/joelosw/vector_yoshi,no_dockerfile,False,0,0,0,,,0,0,0,0,0,False,,False,,False,,False,,False,,False,,no Dockerfile and no fallback entry point found
https://github.com/galeone/facectrl,no_dockerfile,False,0,0,0,,,0,0,0,0,0,False,,False,,False,,False,,False,,False,,no Dockerfile and no fallback entry point found
https://github.com/Leebz/Pytorch_Algorithms,no_dockerfile,False,0,0,0,,,0,0,0,0,0,False,,False,,False,,False,,False,,False,,no Dockerfile and no fallback entry point found
https://github.com/rolczynski/Automatic-Speech-Recognition,no_dockerfile,False,0,0,0,,,0,0,0,0,0,False,,False,,False,,False,,False,,False,,no Dockerfile and no fallback entry point found
https://github.com/ErikaRenzetti75/tensorflow,no_entry,False,0,1,0,,,0,0,0,0,0,False,,False,,False,,False,,False,,False,,Dockerfile(s) found but no Python entry point could be resolved
https://github.com/radoll/pinto,no_dockerfile,False,0,0,0,,,0,0,0,0,0,False,,False,,False,,False,,False,,False,,no Dockerfile and no fallback entry point found
https://github.com/Yiming-Miao/Calorie-Predictor,no_dockerfile,False,0,0,0,,,0,0,0,0,0,False,,False,,False,,False,,False,,False,,no Dockerfile and no fallback entry point found
https://github.com/rpachauri/snake,no_dockerfile,False,0,0,0,,,0,0,0,0,0,False,,False,,False,,False,,False,,False,,no Dockerfile and no fallback entry point found
https://github.com/wilsonify/tensorflow-examples,no_dockerfile,False,0,0,0,,,0,0,0,0,0,False,,False,,False,,False,,False,,False,,no Dockerfile and no fallback entry point found
https://github.com/chenxli/Pytorch_tutorial,no_dockerfile,False,0,0,0,,,0,0,0,0,0,False,,False,,False,,False,,False,,False,,no Dockerfile and no fallback entry point found
https://github.com/skygoo/Peppa_Pig_Face_Engine,no_dockerfile,False,0,0,0,,,0,0,0,0,0,False,,False,,False,,False,,False,,False,,no Dockerfile and no fallback entry point found
https://github.com/jtang9001/skynet2,no_dockerfile,False,0,0,0,,,0,0,0,0,0,False,,False,,False,,False,,False,,False,,no Dockerfile and no fallback entry point found
https://github.com/phamthanhtri/zaailabcorelib,no_dockerfile,False,0,0,0,,,0,0,0,0,0,False,,False,,False,,False,,False,,False,,no Dockerfile and no fallback entry point found
https://github.com/idealo/imagededup,no_dockerfile,False,0,0,0,,,0,0,0,0,0,False,,False,,False,,False,,False,,False,,no Dockerfile and no fallback entry point found
https://github.com/wnm1503303791/pycode,no_dockerfile,False,0,0,0,,,0,0,0,0,0,False,,False,,False,,False,,False,,False,,no Dockerfile and no fallback entry point found
https://github.com/parasj/checkmate,no_dockerfile,False,0,0,0,,,0,0,0,0,0,False,,False,,False,,False,,False,,False,,no Dockerfile and no fallback entry point found
https://github.com/sentinel-hub/eo-flow,no_dockerfile,False,0,0,0,,,0,0,0,0,0,False,,False,,False,,False,,False,,False,,no Dockerfile and no fallback entry point found
https://github.com/610265158/Peppa_Pig_Face_Engine,no_dockerfile,False,0,0,0,,,0,0,0,0,0,False,,False,,False,,False,,False,,False,,no Dockerfile and no fallback entry point found
https://github.com/beibeiJ/deep-reinforcement-learning,no_dockerfile,False,0,0,0,,,0,0,0,0,0,False,,False,,False,,False,,False,,False,,no Dockerfile and no fallback entry point found
https://github.com/alteryx/nlp_primitives,no_dockerfile,False,0,0,0,,,0,0,0,0,0,False,,False,,False,,False,,False,,False,,no Dockerfile and no fallback entry point found
https://github.com/ml4astro/galaxy2galaxy,no_dockerfile,False,0,0,0,,,0,0,0,0,0,False,,False,,False,,False,,False,,False,,no Dockerfile and no fallback entry point found
https://github.com/praneet22/ThirdEye-Backyard-Webcam,no_entry,False,0,7,0,,,0,0,0,0,0,False,,False,,False,,False,,False,,False,,Dockerfile(s) found but no Python entry point could be resolved
https://github.com/godkillok/xunfei,no_dockerfile,False,0,0,0,,,0,0,0,0,0,False,,False,,False,,False,,False,,False,,no Dockerfile and no fallback entry point found
https://github.com/samhiatt/ddpg_agent,no_dockerfile,False,0,0,0,,,0,0,0,0,0,False,,False,,False,,False,,False,,False,,no Dockerfile and no fallback entry point found
https://github.com/kr-colab/ReLERNN,no_dockerfile,False,0,0,0,,,0,0,0,0,0,False,,False,,False,,False,,False,,False,,no Dockerfile and no fallback entry point found
https://github.com/cpmpercussion/creative-prediction,no_entry,False,0,1,0,,,0,0,0,0,0,False,,False,,False,,False,,False,,False,,Dockerfile(s) found but no Python entry point could be resolved
https://github.com/nikvaessen/recolor-tiny-imagenet,no_dockerfile,False,0,0,0,,,0,0,0,0,0,False,,False,,False,,False,,False,,False,,no Dockerfile and no fallback entry point found
https://github.com/snknitin/collaboration-tennis,no_dockerfile,False,0,0,0,,,0,0,0,0,0,False,,False,,False,,False,,False,,False,,no Dockerfile and no fallback entry point found
https://github.com/mikepm35/wibsie_ml,no_dockerfile,False,0,0,0,,,0,0,0,0,0,False,,False,,False,,False,,False,,False,,no Dockerfile and no fallback entry point found
https://github.com/YashNita/PyTorch-Tutorial-for-Deep-Learning-Researchers,no_dockerfile,False,0,0,0,,,0,0,0,0,0,False,,False,,False,,False,,False,,False,,no Dockerfile and no fallback entry point found
https://github.com/workmanjack/3d-form,no_dockerfile,False,0,0,0,,,0,0,0,0,0,False,,False,,False,,False,,False,,False,,no Dockerfile and no fallback entry point found
https://github.com/neptune-ai/neptune-tensorboard,no_dockerfile,False,0,0,0,,,0,0,0,0,0,False,,False,,False,,False,,False,,False,,no Dockerfile and no fallback entry point found
https://github.com/vijuSR/face_recognition,no_dockerfile,False,0,0,0,,,0,0,0,0,0,False,,False,,False,,False,,False,,False,,no Dockerfile and no fallback entry point found
https://github.com/junghyun397/TetrisXQ,no_dockerfile,False,0,0,0,,,0,0,0,0,0,False,,False,,False,,False,,False,,False,,no Dockerfile and no fallback entry point found
https://github.com/catherinelee274/fraud_detection,no_entry,False,0,1,0,,,0,0,0,0,0,False,,False,,False,,False,,False,,False,,Dockerfile(s) found but no Python entry point could be resolved
https://github.com/kingcheng2000/Mask_RCNN,no_dockerfile,False,0,0,0,,,0,0,0,0,0,False,,False,,False,,False,,False,,False,,no Dockerfile and no fallback entry point found
https://github.com/mengwangk/ai-playground,no_entry,False,0,1,0,,,0,0,0,0,0,False,,False,,False,,False,,False,,False,,Dockerfile(s) found but no Python entry point could be resolved
https://github.com/yongwenyu/-,no_dockerfile,False,0,0,0,,,0,0,0,0,0,False,,False,,False,,False,,False,,False,,no Dockerfile and no fallback entry point found
https://github.com/bigboNed3/bert_serving,no_dockerfile,False,0,0,0,,,0,0,0,0,0,False,,False,,False,,False,,False,,False,,no Dockerfile and no fallback entry point found
https://github.com/geekinglcq/opendac2018,no_dockerfile,False,0,0,0,,,0,0,0,0,0,False,,False,,False,,False,,False,,False,,no Dockerfile and no fallback entry point found
https://github.com/rundherum/pymia,no_dockerfile,False,0,0,0,,,0,0,0,0,0,False,,False,,False,,False,,False,,False,,no Dockerfile and no fallback entry point found
https://github.com/188xuhe/handson-ml,no_entry,False,0,1,0,,,0,0,0,0,0,False,,False,,False,,False,,False,,False,,Dockerfile(s) found but no Python entry point could be resolved
https://github.com/gloveboxes/Creating-an-image-recognition-solution-with-Azure-IoT-Edge-and-Azure-Cognitive-Services,no_entry,False,0,6,0,,,0,0,0,0,0,False,,False,,False,,False,,False,,False,,Dockerfile(s) found but no Python entry point could be resolved
https://github.com/thirionjl/chains,no_dockerfile,False,0,0,0,,,0,0,0,0,0,False,,False,,False,,False,,False,,False,,no Dockerfile and no fallback entry point found
https://github.com/aroig/nnutil,no_dockerfile,False,0,0,0,,,0,0,0,0,0,False,,False,,False,,False,,False,,False,,no Dockerfile and no fallback entry point found
https://github.com/shahed2137/gcp,no_entry,False,0,24,3,,dockerfile,0,0,0,0,0,False,,False,,False,,False,,False,,False,,no resolved entry point yielded a usable call graph
https://github.com/vohoaiviet/pytorch-tutorial,no_dockerfile,False,0,0,0,,,0,0,0,0,0,False,,False,,False,,False,,False,,False,,no Dockerfile and no fallback entry point found
https://github.com/rickyHong/Lip-Reading-repl,no_dockerfile,False,0,0,0,,,0,0,0,0,0,False,,False,,False,,False,,False,,False,,no Dockerfile and no fallback entry point found
https://github.com/murali1996/time_series_classification_prediction,no_dockerfile,False,0,0,0,,,0,0,0,0,0,False,,False,,False,,False,,False,,False,,no Dockerfile and no fallback entry point found
https://github.com/tsaiid/femh-dicom,no_entry,False,0,1,0,,,0,0,0,0,0,False,,False,,False,,False,,False,,False,,Dockerfile(s) found but no Python entry point could be resolved
https://github.com/rebeccabernie/CurrencyAnalyser,no_dockerfile,False,0,0,0,,,0,0,0,0,0,False,,False,,False,,False,,False,,False,,no Dockerfile and no fallback entry point found
https://github.com/stridera/CarND-Capstone,no_entry,False,0,1,0,,,0,0,0,0,0,False,,False,,False,,False,,False,,False,,Dockerfile(s) found but no Python entry point could be resolved
https://github.com/JdeRobot/ObjectDetector,no_dockerfile,False,0,0,0,,,0,0,0,0,0,False,,False,,False,,False,,False,,False,,no Dockerfile and no fallback entry point found
https://github.com/gabrieleangeletti/Deep-Learning-TensorFlow,no_dockerfile,False,0,0,0,,,0,0,0,0,0,False,,False,,False,,False,,False,,False,,no Dockerfile and no fallback entry point found
https://github.com/levi106/CarND-Capstone,no_entry,False,0,1,0,,,0,0,0,0,0,False,,False,,False,,False,,False,,False,,Dockerfile(s) found but no Python entry point could be resolved
https://github.com/radpet/team_a,no_dockerfile,False,0,0,0,,,0,0,0,0,0,False,,False,,False,,False,,False,,False,,no Dockerfile and no fallback entry point found
https://github.com/AotY/chatbot-retrieval,no_dockerfile,False,0,0,0,,,0,0,0,0,0,False,,False,,False,,False,,False,,False,,no Dockerfile and no fallback entry point found
https://github.com/eYSIP-2017/eYSIP-2017_Development_of_Web_Interface_for_GH_Farm_Produce,no_dockerfile,False,0,0,0,,,0,0,0,0,0,False,,False,,False,,False,,False,,False,,no Dockerfile and no fallback entry point found
https://github.com/likhtal/CarND-Capstone,no_entry,False,0,1,0,,,0,0,0,0,0,False,,False,,False,,False,,False,,False,,Dockerfile(s) found but no Python entry point could be resolved
https://github.com/imwillhang/I2A-TensorFlow,no_dockerfile,False,0,0,0,,,0,0,0,0,0,False,,False,,False,,False,,False,,False,,no Dockerfile and no fallback entry point found
https://github.com/m-debnath/machine-learning,no_dockerfile,False,0,0,0,,,0,0,0,0,0,False,,False,,False,,False,,False,,False,,no Dockerfile and no fallback entry point found
https://github.com/leokury/MLND,no_dockerfile,False,0,0,0,,,0,0,0,0,0,False,,False,,False,,False,,False,,False,,no Dockerfile and no fallback entry point found
https://github.com/Schwittleymani/ECO,no_dockerfile,False,0,0,0,,,0,0,0,0,0,False,,False,,False,,False,,False,,False,,no Dockerfile and no fallback entry point found
https://github.com/pkumusic/E-DRL,no_dockerfile,False,0,0,0,,,0,0,0,0,0,False,,False,,False,,False,,False,,False,,no Dockerfile and no fallback entry point found
https://github.com/moodlehq/moodle-mlbackend-python,no_dockerfile,False,0,0,0,,,0,0,0,0,0,False,,False,,False,,False,,False,,False,,no Dockerfile and no fallback entry point found
https://github.com/sakalouski/PhyloConvNetPolimi,no_dockerfile,False,0,0,0,,,0,0,0,0,0,False,,False,,False,,False,,False,,False,,no Dockerfile and no fallback entry point found
https://github.com/onnx/tensorflow-onnx,no_dockerfile,False,0,0,0,,,0,0,0,0,0,False,,False,,False,,False,,False,,False,,no Dockerfile and no fallback entry point found
https://github.com/cajal/pipeline,no_entry,False,0,3,0,,,0,0,0,0,0,False,,False,,False,,False,,False,,False,,Dockerfile(s) found but no Python entry point could be resolved
https://github.com/usc-isi-i2/dsbox-cleaning,no_dockerfile,False,0,0,0,,,0,0,0,0,0,False,,False,,False,,False,,False,,False,,no Dockerfile and no fallback entry point found
https://github.com/simonpf/furry-guacamole,no_dockerfile,False,0,0,0,,,0,0,0,0,0,False,,False,,False,,False,,False,,False,,no Dockerfile and no fallback entry point found
https://github.com/mbrner/taco_salad,no_dockerfile,False,0,0,0,,,0,0,0,0,0,False,,False,,False,,False,,False,,False,,no Dockerfile and no fallback entry point found
https://github.com/LukeMathWalker/StochNet,no_dockerfile,False,0,0,0,,,0,0,0,0,0,False,,False,,False,,False,,False,,False,,no Dockerfile and no fallback entry point found
https://github.com/kjchalup/neural_networks,no_dockerfile,False,0,0,0,,,0,0,0,0,0,False,,False,,False,,False,,False,,False,,no Dockerfile and no fallback entry point found
https://github.com/hycis/TensorGraph,no_dockerfile,False,0,0,0,,,0,0,0,0,0,False,,False,,False,,False,,False,,False,,no Dockerfile and no fallback entry point found
https://github.com/morganics/bayesianpy,no_entry,False,0,2,0,,,0,0,0,0,0,False,,False,,False,,False,,False,,False,,Dockerfile(s) found but no Python entry point could be resolved
https://github.com/takuti/PyHivemall,no_dockerfile,False,0,0,0,,,0,0,0,0,0,False,,False,,False,,False,,False,,False,,no Dockerfile and no fallback entry point found
https://github.com/ROHAN0011/Face-Mask-Detection,no_dockerfile,False,0,0,0,,,0,0,0,0,0,False,,False,,False,,False,,False,,False,,no Dockerfile and no fallback entry point found
https://github.com/Aeocp/Traffic_SpeedDetect_YOLOX,no_dockerfile,False,0,0,0,,,0,0,0,0,0,False,,False,,False,,False,,False,,False,,no Dockerfile and no fallback entry point found
https://github.com/Tako64tako/CTOs,no_entry,False,0,1,0,,,0,0,0,0,0,False,,False,,False,,False,,False,,False,,Dockerfile(s) found but no Python entry point could be resolved
https://github.com/TheDurableDane/from-tard-to-pro-at-2048,no_dockerfile,False,0,0,0,,,0,0,0,0,0,False,,False,,False,,False,,False,,False,,no Dockerfile and no fallback entry point found
https://github.com/koscew/Metis_Module7_Data_Engineering_Project,no_dockerfile,False,0,0,0,,,0,0,0,0,0,False,,False,,False,,False,,False,,False,,no Dockerfile and no fallback entry point found
https://github.com/thinkingmachines/christmAIs,no_entry,False,0,1,1,,dockerfile,0,0,0,0,0,False,,False,,False,,False,,False,,False,,no resolved entry point yielded a usable call graph
https://github.com/YunfeiZHAO/RLD,no_dockerfile,False,0,0,0,,,0,0,0,0,0,False,,False,,False,,False,,False,,False,,no Dockerfile and no fallback entry point found
https://github.com/541541ccode/WUSIYI-ANSWER,no_dockerfile,False,0,0,0,,,0,0,0,0,0,False,,False,,False,,False,,False,,False,,no Dockerfile and no fallback entry point found
https://github.com/IEsneault/VisionCapstone,no_entry,False,0,4,0,,,0,0,0,0,0,False,,False,,False,,False,,False,,False,,Dockerfile(s) found but no Python entry point could be resolved
https://github.com/raiyan1437/Cat_Or_Dog_Prediction,no_dockerfile,False,0,0,0,,,0,0,0,0,0,False,,False,,False,,False,,False,,False,,no Dockerfile and no fallback entry point found
https://github.com/pinkpinkdrink/AC215_pinkdrink,no_entry,False,0,5,0,,,0,0,0,0,0,False,,False,,False,,False,,False,,False,,Dockerfile(s) found but no Python entry point could be resolved
https://github.com/itisused/2021_NLP_Project,no_dockerfile,False,0,0,0,,,0,0,0,0,0,False,,False,,False,,False,,False,,False,,no Dockerfile and no fallback entry point found
https://github.com/nichpass/Bucknell-Senior-Design-2021,no_dockerfile,False,0,0,0,,,0,0,0,0,0,False,,False,,False,,False,,False,,False,,no Dockerfile and no fallback entry point found
https://github.com/Bodhis4ttva/LHC_Net,no_dockerfile,False,0,0,0,,,0,0,0,0,0,False,,False,,False,,False,,False,,False,,no Dockerfile and no fallback entry point found
https://github.com/rhnfzl/business-process-dashboard-using-lstm,no_dockerfile,False,0,0,0,,,0,0,0,0,0,False,,False,,False,,False,,False,,False,,no Dockerfile and no fallback entry point found
https://github.com/daniel-bogdoll/deep_generative_models,no_dockerfile,False,0,0,0,,,0,0,0,0,0,False,,False,,False,,False,,False,,False,,no Dockerfile and no fallback entry point found
https://github.com/harrythegemini/GU-ANLY-580-FALL-2021,no_dockerfile,False,0,0,0,,,0,0,0,0,0,False,,False,,False,,False,,False,,False,,no Dockerfile and no fallback entry point found
https://github.com/brianmanderson/Callbacks,no_dockerfile,False,0,0,0,,,0,0,0,0,0,False,,False,,False,,False,,False,,False,,no Dockerfile and no fallback entry point found
https://github.com/RobertJN64/MLDashboard,no_dockerfile,False,0,0,0,,,0,0,0,0,0,False,,False,,False,,False,,False,,False,,no Dockerfile and no fallback entry point found
https://github.com/tinkerhub/Practical-AI-Bootcamp,no_entry,False,0,2,0,,,0,0,0,0,0,False,,False,,False,,False,,False,,False,,Dockerfile(s) found but no Python entry point could be resolved
https://github.com/viggy-ravi/gene-prediction,no_dockerfile,False,0,0,0,,,0,0,0,0,0,False,,False,,False,,False,,False,,False,,no Dockerfile and no fallback entry point found
https://github.com/Hamza5/multilevel-diacritizer,no_entry,False,0,1,0,,,0,0,0,0,0,False,,False,,False,,False,,False,,False,,Dockerfile(s) found but no Python entry point could be resolved
https://github.com/oypjoshua/Data_Science,no_dockerfile,False,0,0,0,,,0,0,0,0,0,False,,False,,False,,False,,False,,False,,no Dockerfile and no fallback entry point found
https://github.com/bgoonz/The-Algorithms,no_entry,False,0,4,0,,,0,0,0,0,0,False,,False,,False,,False,,False,,False,,Dockerfile(s) found but no Python entry point could be resolved
https://github.com/jina-ai/executors,no_entry,False,0,27,0,,,0,0,0,0,0,False,,False,,False,,False,,False,,False,,Dockerfile(s) found but no Python entry point could be resolved
https://github.com/les-ctrl/pi-git,no_dockerfile,False,0,0,0,,,0,0,0,0,0,False,,False,,False,,False,,False,,False,,no Dockerfile and no fallback entry point found
https://github.com/iamsoroush/OpenPoseV2,no_dockerfile,False,0,0,0,,,0,0,0,0,0,False,,False,,False,,False,,False,,False,,no Dockerfile and no fallback entry point found
https://github.com/matt-bendel/ComparisonStudy,no_dockerfile,False,0,0,0,,,0,0,0,0,0,False,,False,,False,,False,,False,,False,,no Dockerfile and no fallback entry point found
https://github.com/jkim1000/Bioinformatics-project-NN,no_dockerfile,False,0,0,0,,,0,0,0,0,0,False,,False,,False,,False,,False,,False,,no Dockerfile and no fallback entry point found
https://github.com/ap8718/Robots4Hospitals,no_dockerfile,False,0,0,0,,,0,0,0,0,0,False,,False,,False,,False,,False,,False,,no Dockerfile and no fallback entry point found
https://github.com/pengfei99/SparkStreamingCV,no_entry,False,0,1,0,,,0,0,0,0,0,False,,False,,False,,False,,False,,False,,Dockerfile(s) found but no Python entry point could be resolved
https://github.com/jocelynhsu8/neural-style-transfer-art,no_dockerfile,False,0,0,0,,,0,0,0,0,0,False,,False,,False,,False,,False,,False,,no Dockerfile and no fallback entry point found
https://github.com/BOUALILILila/ExactMatchMarking,no_dockerfile,False,0,0,0,,,0,0,0,0,0,False,,False,,False,,False,,False,,False,,no Dockerfile and no fallback entry point found
https://github.com/sagarkumar2804/Histopathology_Prediction,no_dockerfile,False,0,0,0,,,0,0,0,0,0,False,,False,,False,,False,,False,,False,,no Dockerfile and no fallback entry point found
https://github.com/GustavoChichanoski/COVID,no_dockerfile,False,0,0,0,,,0,0,0,0,0,False,,False,,False,,False,,False,,False,,no Dockerfile and no fallback entry point found
https://github.com/ThoThuong/FLASK-YOLOV4,no_dockerfile,False,0,0,0,,,0,0,0,0,0,False,,False,,False,,False,,False,,False,,no Dockerfile and no fallback entry point found
https://github.com/sekarlm/license-plate-recognition,no_dockerfile,False,0,0,0,,,0,0,0,0,0,False,,False,,False,,False,,False,,False,,no Dockerfile and no fallback entry point found
https://github.com/Johni-ge/water,no_dockerfile,False,0,0,0,,,0,0,0,0,0,False,,False,,False,,False,,False,,False,,no Dockerfile and no fallback entry point found
https://github.com/Steeldune/ML_mask_prediction,no_dockerfile,False,0,0,0,,,0,0,0,0,0,False,,False,,False,,False,,False,,False,,no Dockerfile and no fallback entry point found
https://github.com/marchcarax/Portfolio-stats,no_dockerfile,False,0,0,0,,,0,0,0,0,0,False,,False,,False,,False,,False,,False,,no Dockerfile and no fallback entry point found
https://github.com/EmmaMuhleman1/Markets,no_entry,False,0,7,0,,,0,0,0,0,0,False,,False,,False,,False,,False,,False,,Dockerfile(s) found but no Python entry point could be resolved
https://github.com/docestavivo/pruebaSonarPython,no_dockerfile,False,0,0,0,,,0,0,0,0,0,False,,False,,False,,False,,False,,False,,no Dockerfile and no fallback entry point found
https://github.com/CaimeiWang/Tensorflow2_Object_Detection_API_Train_TrafficLights_windows10,no_entry,False,0,3,0,,,0,0,0,0,0,False,,False,,False,,False,,False,,False,,Dockerfile(s) found but no Python entry point could be resolved
https://github.com/azhar2ds/Natural-language-processing,no_dockerfile,False,0,0,0,,,0,0,0,0,0,False,,False,,False,,False,,False,,False,,no Dockerfile and no fallback entry point found
https://github.com/angela18199/CVRP_RL_Capstone,no_entry,False,0,1,0,,,0,0,0,0,0,False,,False,,False,,False,,False,,False,,Dockerfile(s) found but no Python entry point could be resolved
https://github.com/jakelever/corona-ml,no_dockerfile,False,0,0,0,,,0,0,0,0,0,False,,False,,False,,False,,False,,False,,no Dockerfile and no fallback entry point found
https://github.com/ddungiii/handson-ml,no_entry,False,0,1,0,,,0,0,0,0,0,False,,False,,False,,False,,False,,False,,Dockerfile(s) found but no Python entry point could be resolved
https://github.com/atzoriandrea/spark_tensorflow,no_dockerfile,False,0,0,0,,,0,0,0,0,0,False,,False,,False,,False,,False,,False,,no Dockerfile and no fallback entry point found
https://github.com/oaowren/IT3105---Artificial-Intelligence-Programming,no_dockerfile,False,0,0,0,,,0,0,0,0,0,False,,False,,False,,False,,False,,False,,no Dockerfile and no fallback entry point found
https://github.com/beeunstable6/Mask_RCNN_TF2,no_entry,False,0,2,0,,,0,0,0,0,0,False,,False,,False,,False,,False,,False,,Dockerfile(s) found but no Python entry point could be resolved
https://github.com/MMJ9703/lstmtest,no_dockerfile,False,0,0,0,,,0,0,0,0,0,False,,False,,False,,False,,False,,False,,no Dockerfile and no fallback entry point found
https://github.com/Menna13/RecycleVision,no_entry,False,0,1,0,,,0,0,0,0,0,False,,False,,False,,False,,False,,False,,Dockerfile(s) found but no Python entry point could be resolved
https://github.com/Aabidah/Myproject,no_dockerfile,False,0,0,0,,,0,0,0,0,0,False,,False,,False,,False,,False,,False,,no Dockerfile and no fallback entry point found
https://github.com/umangjpatel/kerax,no_dockerfile,False,0,0,0,,,0,0,0,0,0,False,,False,,False,,False,,False,,False,,no Dockerfile and no fallback entry point found
https://github.com/LeeWhittaker/data_science_projects,no_dockerfile,False,0,0,0,,,0,0,0,0,0,False,,False,,False,,False,,False,,False,,no Dockerfile and no fallback entry point found
https://github.com/bhmurphy/speech-fuzzer,no_dockerfile,False,0,0,0,,,0,0,0,0,0,False,,False,,False,,False,,False,,False,,no Dockerfile and no fallback entry point found
https://github.com/MentenAI/menten_gcn,no_dockerfile,False,0,0,0,,,0,0,0,0,0,False,,False,,False,,False,,False,,False,,no Dockerfile and no fallback entry point found
https://github.com/MinjungShin/Look-UP,no_entry,False,0,2,0,,,0,0,0,0,0,False,,False,,False,,False,,False,,False,,Dockerfile(s) found but no Python entry point could be resolved
https://github.com/mrjjo18/study,no_dockerfile,False,0,0,0,,,0,0,0,0,0,False,,False,,False,,False,,False,,False,,no Dockerfile and no fallback entry point found
https://github.com/RohanSogani/textS,no_dockerfile,False,0,0,0,,,0,0,0,0,0,False,,False,,False,,False,,False,,False,,no Dockerfile and no fallback entry point found
https://github.com/Reichidad/Team-Monday-Capstone,no_entry,False,0,1,0,,,0,0,0,0,0,False,,False,,False,,False,,False,,False,,Dockerfile(s) found but no Python entry point could be resolved
https://github.com/MadhuAtBerkeley/w207_Project,no_dockerfile,False,0,0,0,,,0,0,0,0,0,False,,False,,False,,False,,False,,False,,no Dockerfile and no fallback entry point found
https://github.com/vnguye34/personalized-catchphrase-generator,no_dockerfile,False,0,0,0,,,0,0,0,0,0,False,,False,,False,,False,,False,,False,,no Dockerfile and no fallback entry point found
https://github.com/UM-ARM-Lab/contact_shape_completion,no_dockerfile,False,0,0,0,,,0,0,0,0,0,False,,False,,False,,False,,False,,False,,no Dockerfile and no fallback entry point found
https://github.com/kaulshiv/CarND-Capstone,no_entry,False,0,1,0,,,0,0,0,0,0,False,,False,,False,,False,,False,,False,,Dockerfile(s) found but no Python entry point could be resolved
https://github.com/RohanSingh17/CarND-Capstone,no_entry,False,0,1,0,,,0,0,0,0,0,False,,False,,False,,False,,False,,False,,Dockerfile(s) found but no Python entry point could be resolved
https://github.com/ZELLMECHANIK-DRESDEN/dclab,no_dockerfile,False,0,0,0,,,0,0,0,0,0,False,,False,,False,,False,,False,,False,,no Dockerfile and no fallback entry point found
https://github.com/ddangelov/Top2Vec,no_dockerfile,False,0,0,0,,,0,0,0,0,0,False,,False,,False,,False,,False,,False,,no Dockerfile and no fallback entry point found
https://github.com/AGMoller/noisy_text,no_dockerfile,False,0,0,0,,,0,0,0,0,0,False,,False,,False,,False,,False,,False,,no Dockerfile and no fallback entry point found
https://github.com/Rungetf/learna_ba,no_dockerfile,False,0,0,0,,,0,0,0,0,0,False,,False,,False,,False,,False,,False,,no Dockerfile and no fallback entry point found
https://github.com/adhitio-github/covid19,no_dockerfile,False,0,0,0,,,0,0,0,0,0,False,,False,,False,,False,,False,,False,,no Dockerfile and no fallback entry point found
https://github.com/AEnguerrand/th-ml-project,no_dockerfile,False,0,0,0,,,0,0,0,0,0,False,,False,,False,,False,,False,,False,,no Dockerfile and no fallback entry point found
https://github.com/aakashbajaj/retina-oct,no_entry,False,0,6,0,,,0,0,0,0,0,False,,False,,False,,False,,False,,False,,Dockerfile(s) found but no Python entry point could be resolved
https://github.com/waynewu6250/Multi-intent-dialoguer,no_dockerfile,False,0,0,0,,,0,0,0,0,0,False,,False,,False,,False,,False,,False,,no Dockerfile and no fallback entry point found
https://github.com/ArmanBehnam/My-Projects,no_dockerfile,False,0,0,0,,,0,0,0,0,0,False,,False,,False,,False,,False,,False,,no Dockerfile and no fallback entry point found
https://github.com/arbiter1elegantiae/Robustness-of-deep-neural-networks-with-trainable-activation-functions,no_dockerfile,False,0,0,0,,,0,0,0,0,0,False,,False,,False,,False,,False,,False,,no Dockerfile and no fallback entry point found
https://github.com/ZHL-HIT/Pytorch_tutorial_yunjey,no_dockerfile,False,0,0,0,,,0,0,0,0,0,False,,False,,False,,False,,False,,False,,no Dockerfile and no fallback entry point found
https://github.com/fvalle1/topicpy,no_dockerfile,False,0,0,0,,,0,0,0,0,0,False,,False,,False,,False,,False,,False,,no Dockerfile and no fallback entry point found
https://github.com/miguelvictor/periodic-AKI-predictor,no_dockerfile,False,0,0,0,,,0,0,0,0,0,False,,False,,False,,False,,False,,False,,no Dockerfile and no fallback entry point found
https://github.com/zaidalyafeai/mobilebert,no_dockerfile,False,0,0,0,,,0,0,0,0,0,False,,False,,False,,False,,False,,False,,no Dockerfile and no fallback entry point found
https://github.com/GleanGalatea/YOLOandGabor,no_dockerfile,False,0,0,0,,,0,0,0,0,0,False,,False,,False,,False,,False,,False,,no Dockerfile and no fallback entry point found
https://github.com/txst54/DDQN-Multiplayer-Bot,no_dockerfile,False,0,0,0,,,0,0,0,0,0,False,,False,,False,,False,,False,,False,,no Dockerfile and no fallback entry point found
https://github.com/prography/6th-lemorning-deep,no_dockerfile,False,0,0,0,,,0,0,0,0,0,False,,False,,False,,False,,False,,False,,no Dockerfile and no fallback entry point found
https://github.com/danyz91/CarND-Capstone,no_entry,False,0,1,0,,,0,0,0,0,0,False,,False,,False,,False,,False,,False,,Dockerfile(s) found but no Python entry point could be resolved
https://github.com/MachineLP/TextMatch,no_dockerfile,False,0,0,0,,,0,0,0,0,0,False,,False,,False,,False,,False,,False,,no Dockerfile and no fallback entry point found
https://github.com/vitiugin/who,no_dockerfile,False,0,0,0,,,0,0,0,0,0,False,,False,,False,,False,,False,,False,,no Dockerfile and no fallback entry point found
https://github.com/rickiepark/keras-ko,no_entry,False,0,1,0,,,0,0,0,0,0,False,,False,,False,,False,,False,,False,,Dockerfile(s) found but no Python entry point could be resolved
https://github.com/VivSoftOrg/synthetic-data-SDGym,no_dockerfile,False,0,0,0,,,0,0,0,0,0,False,,False,,False,,False,,False,,False,,no Dockerfile and no fallback entry point found
https://github.com/krantirk/Fastpitch,no_entry,False,0,39,0,,,0,0,0,0,0,False,,False,,False,,False,,False,,False,,Dockerfile(s) found but no Python entry point could be resolved
https://github.com/ValRCS/RCS_Data_Analysis_Python_04_20,no_dockerfile,False,0,0,0,,,0,0,0,0,0,False,,False,,False,,False,,False,,False,,no Dockerfile and no fallback entry point found
https://github.com/deepchem/deepchem,no_entry,False,0,7,0,,,0,0,0,0,0,False,,False,,False,,False,,False,,False,,Dockerfile(s) found but no Python entry point could be resolved
https://github.com/ArpitFalcon/DeepLearning101,no_dockerfile,False,0,0,0,,,0,0,0,0,0,False,,False,,False,,False,,False,,False,,no Dockerfile and no fallback entry point found
https://github.com/daanbakker1995/studieSuccesVoorspellerAI,no_dockerfile,False,0,0,0,,,0,0,0,0,0,False,,False,,False,,False,,False,,False,,no Dockerfile and no fallback entry point found
https://github.com/MazenRefaat23/Lower_Limb_Analysis_Website,no_dockerfile,False,0,0,0,,,0,0,0,0,0,False,,False,,False,,False,,False,,False,,no Dockerfile and no fallback entry point found
https://github.com/tomlimi/OrthogonalTransformerProbing,no_dockerfile,False,0,0,0,,,0,0,0,0,0,False,,False,,False,,False,,False,,False,,no Dockerfile and no fallback entry point found
https://github.com/ramonsaraiva/olie,no_entry,False,0,1,0,,,0,0,0,0,0,False,,False,,False,,False,,False,,False,,Dockerfile(s) found but no Python entry point could be resolved
https://github.com/mtc-tw/CustomVisionDocker,no_entry,False,0,1,0,,,0,0,0,0,0,False,,False,,False,,False,,False,,False,,Dockerfile(s) found but no Python entry point could be resolved
https://github.com/d3dileep/Machine-Learning,no_dockerfile,False,0,0,0,,,0,0,0,0,0,False,,False,,False,,False,,False,,False,,no Dockerfile and no fallback entry point found
https://github.com/goodwinnk/billiards,no_dockerfile,False,0,0,0,,,0,0,0,0,0,False,,False,,False,,False,,False,,False,,no Dockerfile and no fallback entry point found
https://github.com/allo-/virtual_webcam_background,no_dockerfile,False,0,0,0,,,0,0,0,0,0,False,,False,,False,,False,,False,,False,,no Dockerfile and no fallback entry point found
https://github.com/hghimanshu/Blog,no_entry,False,0,4,0,,,0,0,0,0,0,False,,False,,False,,False,,False,,False,,Dockerfile(s) found but no Python entry point could be resolved
https://github.com/mattavallone/packagebuddy,no_dockerfile,False,0,0,0,,,0,0,0,0,0,False,,False,,False,,False,,False,,False,,no Dockerfile and no fallback entry point found
https://github.com/pierpaolo28/Data-Visualization,no_dockerfile,False,0,0,0,,,0,0,0,0,0,False,,False,,False,,False,,False,,False,,no Dockerfile and no fallback entry point found
https://github.com/mmcenta/left-shift,no_dockerfile,False,0,0,0,,,0,0,0,0,0,False,,False,,False,,False,,False,,False,,no Dockerfile and no fallback entry point found
https://github.com/aciocan/lectures-lab,no_dockerfile,False,0,0,0,,,0,0,0,0,0,False,,False,,False,,False,,False,,False,,no Dockerfile and no fallback entry point found
https://github.com/rugg2/ship_detection,no_dockerfile,False,0,0,0,,,0,0,0,0,0,False,,False,,False,,False,,False,,False,,no Dockerfile and no fallback entry point found
https://github.com/zhuoyang125/videoframes,no_dockerfile,False,0,0,0,,,0,0,0,0,0,False,,False,,False,,False,,False,,False,,no Dockerfile and no fallback entry point found
https://github.com/hangulu/thesis,no_dockerfile,False,0,0,0,,,0,0,0,0,0,False,,False,,False,,False,,False,,False,,no Dockerfile and no fallback entry point found
https://github.com/OpenMined/Threepio,no_dockerfile,False,0,0,0,,,0,0,0,0,0,False,,False,,False,,False,,False,,False,,no Dockerfile and no fallback entry point found
https://github.com/gcomb/GCOMB,no_dockerfile,False,0,0,0,,,0,0,0,0,0,False,,False,,False,,False,,False,,False,,no Dockerfile and no fallback entry point found
https://github.com/sugyan/gan-playground,no_dockerfile,False,0,0,0,,,0,0,0,0,0,False,,False,,False,,False,,False,,False,,no Dockerfile and no fallback entry point found
https://github.com/terman37/AWS-tutorials,no_dockerfile,False,0,0,0,,,0,0,0,0,0,False,,False,,False,,False,,False,,False,,no Dockerfile and no fallback entry point found
https://github.com/tamjtm/nine_twentytwo,no_dockerfile,False,0,0,0,,,0,0,0,0,0,False,,False,,False,,False,,False,,False,,no Dockerfile and no fallback entry point found
https://github.com/vt257/allnews-am,no_dockerfile,False,0,0,0,,,0,0,0,0,0,False,,False,,False,,False,,False,,False,,no Dockerfile and no fallback entry point found
https://github.com/slavaspirin/twitter_sentiment,no_dockerfile,False,0,0,0,,,0,0,0,0,0,False,,False,,False,,False,,False,,False,,no Dockerfile and no fallback entry point found
https://github.com/changsl231/Mask,no_dockerfile,False,0,0,0,,,0,0,0,0,0,False,,False,,False,,False,,False,,False,,no Dockerfile and no fallback entry point found
https://github.com/shereshevskiy/coursera_python_specialization,no_dockerfile,False,0,0,0,,,0,0,0,0,0,False,,False,,False,,False,,False,,False,,no Dockerfile and no fallback entry point found
https://github.com/MrinankSharma/dp-pvi-project,no_dockerfile,False,0,0,0,,,0,0,0,0,0,False,,False,,False,,False,,False,,False,,no Dockerfile and no fallback entry point found
https://github.com/guo408066634/1111111111111,no_dockerfile,False,0,0,0,,,0,0,0,0,0,False,,False,,False,,False,,False,,False,,no Dockerfile and no fallback entry point found
https://github.com/surfriderfoundationeurope/mot,no_entry,False,0,3,0,,,0,0,0,0,0,False,,False,,False,,False,,False,,False,,Dockerfile(s) found but no Python entry point could be resolved
https://github.com/D2KLab/FaceRec,no_entry,False,0,2,0,,,0,0,0,0,0,False,,False,,False,,False,,False,,False,,Dockerfile(s) found but no Python entry point could be resolved
https://github.com/nestorsgarzonc/Fundamentals-of-Machine-learning,no_dockerfile,False,0,0,0,,,0,0,0,0,0,False,,False,,False,,False,,False,,False,,no Dockerfile and no fallback entry point found
https://github.com/RyusizzSNU/SomaCube,no_dockerfile,False,0,0,0,,,0,0,0,0,0,False,,False,,False,,False,,False,,False,,no Dockerfile and no fallback entry point found
https://github.com/DubiousCactus/autonomous-drone-racing,no_dockerfile,False,0,0,0,,,0,0,0,0,0,False,,False,,False,,False,,False,,False,,no Dockerfile and no fallback entry point found
https://github.com/igormolybog/myCS285-hw,no_dockerfile,False,0,0,0,,,0,0,0,0,0,False,,False,,False,,False,,False,,False,,no Dockerfile and no fallback entry point found
https://github.com/garlicdevs/Fruit-API,no_dockerfile,False,0,0,0,,,0,0,0,0,0,False,,False,,False,,False,,False,,False,,no Dockerfile and no fallback entry point found
https://github.com/ufal/npfl122,no_dockerfile,False,0,0,0,,,0,0,0,0,0,False,,False,,False,,False,,False,,False,,no Dockerfile and no fallback entry point found
https://github.com/kulinseth/ml_courses,no_dockerfile,False,0,0,0,,,0,0,0,0,0,False,,False,,False,,False,,False,,False,,no Dockerfile and no fallback entry point found
https://github.com/xzho2604/Mr_Robot_Self_Driving,no_entry,False,0,1,0,,,0,0,0,0,0,False,,False,,False,,False,,False,,False,,Dockerfile(s) found but no Python entry point could be resolved
https://github.com/markproy/sagemaker-workshop,no_dockerfile,False,0,0,0,,,0,0,0,0,0,False,,False,,False,,False,,False,,False,,no Dockerfile and no fallback entry point found
https://github.com/naturalis/sdmdl,no_dockerfile,False,0,0,0,,,0,0,0,0,0,False,,False,,False,,False,,False,,False,,no Dockerfile and no fallback entry point found
https://github.com/come-back-home/SV_getITbeauty,no_dockerfile,False,0,0,0,,,0,0,0,0,0,False,,False,,False,,False,,False,,False,,no Dockerfile and no fallback entry point found
https://github.com/phecda-xu/coding-scripts,no_dockerfile,False,0,0,0,,,0,0,0,0,0,False,,False,,False,,False,,False,,False,,no Dockerfile and no fallback entry point found
https://github.com/mrahtz/tf-dqn,no_dockerfile,False,0,0,0,,,0,0,0,0,0,False,,False,,False,,False,,False,,False,,no Dockerfile and no fallback entry point found
https://github.com/rayush7/CVPR-2018-WAD-Video-Segmentation-Challenge,no_dockerfile,False,0,0,0,,,0,0,0,0,0,False,,False,,False,,False,,False,,False,,no Dockerfile and no fallback entry point found
https://github.com/JustineWeb/pds,no_dockerfile,False,0,0,0,,,0,0,0,0,0,False,,False,,False,,False,,False,,False,,no Dockerfile and no fallback entry point found
https://github.com/StanleyLsx/image_classification,no_dockerfile,False,0,0,0,,,0,0,0,0,0,False,,False,,False,,False,,False,,False,,no Dockerfile and no fallback entry point found
https://github.com/Samuel-Buteau/EISFitting,no_dockerfile,False,0,0,0,,,0,0,0,0,0,False,,False,,False,,False,,False,,False,,no Dockerfile and no fallback entry point found
https://github.com/nikhilmaram/hedgefund,no_dockerfile,False,0,0,0,,,0,0,0,0,0,False,,False,,False,,False,,False,,False,,no Dockerfile and no fallback entry point found
https://github.com/vahan-hov/MLImplementations,no_dockerfile,False,0,0,0,,,0,0,0,0,0,False,,False,,False,,False,,False,,False,,no Dockerfile and no fallback entry point found
https://github.com/jenlabossiere/SoftwareEngineeringA3,no_dockerfile,False,0,0,0,,,0,0,0,0,0,False,,False,,False,,False,,False,,False,,no Dockerfile and no fallback entry point found
https://github.com/shchen/machine-learning,no_dockerfile,False,0,0,0,,,0,0,0,0,0,False,,False,,False,,False,,False,,False,,no Dockerfile and no fallback entry point found
https://github.com/kongyunhui/mt,no_dockerfile,False,0,0,0,,,0,0,0,0,0,False,,False,,False,,False,,False,,False,,no Dockerfile and no fallback entry point found
https://github.com/DiscreetAI/decentralized-ml,no_entry,False,0,2,0,,,0,0,0,0,0,False,,False,,False,,False,,False,,False,,Dockerfile(s) found but no Python entry point could be resolved
https://github.com/smcantab/learnscapes,no_dockerfile,False,0,0,0,,,0,0,0,0,0,False,,False,,False,,False,,False,,False,,no Dockerfile and no fallback entry point found
https://github.com/dirk-makerhafen/metalearn,no_dockerfile,False,0,0,0,,,0,0,0,0,0,False,,False,,False,,False,,False,,False,,no Dockerfile and no fallback entry point found
https://github.com/cunningham-lab/tf_util,no_dockerfile,False,0,0,0,,,0,0,0,0,0,False,,False,,False,,False,,False,,False,,no Dockerfile and no fallback entry point found
https://github.com/TeamDoernbach/SDCNanodegreeCapstone,no_entry,False,0,1,0,,,0,0,0,0,0,False,,False,,False,,False,,False,,False,,Dockerfile(s) found but no Python entry point could be resolved
https://github.com/ngbusca/QuasarNET,no_dockerfile,False,0,0,0,,,0,0,0,0,0,False,,False,,False,,False,,False,,False,,no Dockerfile and no fallback entry point found
https://github.com/IntelAI/inference-model-manager,no_entry,False,0,2,0,,,0,0,0,0,0,False,,False,,False,,False,,False,,False,,Dockerfile(s) found but no Python entry point could be resolved
https://github.com/shuiruge/generative_models,no_dockerfile,False,0,0,0,,,0,0,0,0,0,False,,False,,False,,False,,False,,False,,no Dockerfile and no fallback entry point found
https://github.com/brandontrabucco/detailed_captioning,no_dockerfile,False,0,0,0,,,0,0,0,0,0,False,,False,,False,,False,,False,,False,,no Dockerfile and no fallback entry point found
https://github.com/bogianoithonda/tensoflow_tutorial,no_dockerfile,False,0,0,0,,,0,0,0,0,0,False,,False,,False,,False,,False,,False,,no Dockerfile and no fallback entry point found
https://github.com/Raymond-JRLin/News-Analytics-and-Recommendation,no_dockerfile,False,0,0,0,,,0,0,0,0,0,False,,False,,False,,False,,False,,False,,no Dockerfile and no fallback entry point found
https://github.com/tux-o-matic/banana,no_dockerfile,False,0,0,0,,,0,0,0,0,0,False,,False,,False,,False,,False,,False,,no Dockerfile and no fallback entry point found
https://github.com/bwozniakhome/MLNano,no_dockerfile,False,0,0,0,,,0,0,0,0,0,False,,False,,False,,False,,False,,False,,no Dockerfile and no fallback entry point found
https://github.com/DeepSpectrum/DeepSpectrum,no_dockerfile,False,0,0,0,,,0,0,0,0,0,False,,False,,False,,False,,False,,False,,no Dockerfile and no fallback entry point found
https://github.com/codeMonkey339/cs231n,no_dockerfile,False,0,0,0,,,0,0,0,0,0,False,,False,,False,,False,,False,,False,,no Dockerfile and no fallback entry point found
https://github.com/yu-iskw/CarND-Capstone,no_entry,False,0,1,0,,,0,0,0,0,0,False,,False,,False,,False,,False,,False,,Dockerfile(s) found but no Python entry point could be resolved
https://github.com/chenjindong/ML,no_dockerfile,False,0,0,0,,,0,0,0,0,0,False,,False,,False,,False,,False,,False,,no Dockerfile and no fallback entry point found
https://github.com/philipperemy/tensorflow-phased-lstm,no_dockerfile,False,0,0,0,,,0,0,0,0,0,False,,False,,False,,False,,False,,False,,no Dockerfile and no fallback entry point found
https://github.com/yvbbrjdr/IotaGo,no_dockerfile,False,0,0,0,,,0,0,0,0,0,False,,False,,False,,False,,False,,False,,no Dockerfile and no fallback entry point found
https://github.com/stasi009/DataScienceCodes,no_dockerfile,False,0,0,0,,,0,0,0,0,0,False,,False,,False,,False,,False,,False,,no Dockerfile and no fallback entry point found
https://github.com/sabinem/udacity-deeplearning,no_dockerfile,False,0,0,0,,,0,0,0,0,0,False,,False,,False,,False,,False,,False,,no Dockerfile and no fallback entry point found
https://github.com/exhaustin/deterministic-rl,no_dockerfile,False,0,0,0,,,0,0,0,0,0,False,,False,,False,,False,,False,,False,,no Dockerfile and no fallback entry point found
https://github.com/xiewenya/deep-learning,no_dockerfile,False,0,0,0,,,0,0,0,0,0,False,,False,,False,,False,,False,,False,,no Dockerfile and no fallback entry point found
https://github.com/GoogleCloudDataproc/cloud-dataproc,no_entry,False,0,1,0,,,0,0,0,0,0,False,,False,,False,,False,,False,,False,,Dockerfile(s) found but no Python entry point could be resolved
https://github.com/yasyf/hardest-game,no_dockerfile,False,0,0,0,,,0,0,0,0,0,False,,False,,False,,False,,False,,False,,no Dockerfile and no fallback entry point found
https://github.com/diegoalejogm/gans,no_dockerfile,False,0,0,0,,,0,0,0,0,0,False,,False,,False,,False,,False,,False,,no Dockerfile and no fallback entry point found
https://github.com/ivogeorg/udcty-mlnd,no_dockerfile,False,0,0,0,,,0,0,0,0,0,False,,False,,False,,False,,False,,False,,no Dockerfile and no fallback entry point found
https://github.com/frankwang95/lib_learning,no_dockerfile,False,0,0,0,,,0,0,0,0,0,False,,False,,False,,False,,False,,False,,no Dockerfile and no fallback entry point found
https://github.com/waveflow-team/waveflow,no_dockerfile,False,0,0,0,,,0,0,0,0,0,False,,False,,False,,False,,False,,False,,no Dockerfile and no fallback entry point found
https://github.com/space-kerala/LEKHA_OCR_VER2.0,no_dockerfile,False,0,0,0,,,0,0,0,0,0,False,,False,,False,,False,,False,,False,,no Dockerfile and no fallback entry point found
https://github.com/jcornford/pyecog,no_entry,False,0,1,0,,,0,0,0,0,0,False,,False,,False,,False,,False,,False,,Dockerfile(s) found but no Python entry point could be resolved
https://github.com/KEggensperger/SurrogateBenchmarks,no_dockerfile,False,0,0,0,,,0,0,0,0,0,False,,False,,False,,False,,False,,False,,no Dockerfile and no fallback entry point found
https://github.com/edublancas/sklearn-evaluation,no_dockerfile,False,0,0,0,,,0,0,0,0,0,False,,False,,False,,False,,False,,False,,no Dockerfile and no fallback entry point found
https://github.com/Charestlab/pyrsa,no_dockerfile,False,0,0,0,,,0,0,0,0,0,False,,False,,False,,False,,False,,False,,no Dockerfile and no fallback entry point found
https://github.com/kvpradap/enrique,no_dockerfile,False,0,0,0,,,0,0,0,0,0,False,,False,,False,,False,,False,,False,,no Dockerfile and no fallback entry point found
https://github.com/PynPoint/PynPoint,no_dockerfile,False,0,0,0,,,0,0,0,0,0,False,,False,,False,,False,,False,,False,,no Dockerfile and no fallback entry point found
https://github.com/schatzlab/scikit-ribo,no_dockerfile,False,0,0,0,,,0,0,0,0,0,False,,False,,False,,False,,False,,False,,no Dockerfile and no fallback entry point found
https://github.com/anttttti/Wordbatch,no_entry,False,0,1,0,,,0,0,0,0,0,False,,False,,False,,False,,False,,False,,Dockerfile(s) found but no Python entry point could be resolved
https://github.com/lacava/few,no_dockerfile,False,0,0,0,,,0,0,0,0,0,False,,False,,False,,False,,False,,False,,no Dockerfile and no fallback entry point found
https://github.com/probml/shift-happens,no_dockerfile,False,0,0,0,,,0,0,0,0,0,False,,False,,False,,False,,False,,False,,no Dockerfile and no fallback entry point found
https://github.com/kanugos/ml2,no_entry,False,0,2,0,,,0,0,0,0,0,False,,False,,False,,False,,False,,False,,Dockerfile(s) found but no Python entry point could be resolved
https://github.com/Aeocp/Traffic_counting_YoloX,no_dockerfile,False,0,0,0,,,0,0,0,0,0,False,,False,,False,,False,,False,,False,,no Dockerfile and no fallback entry point found
https://github.com/lyrlyrl/tfcv,no_dockerfile,False,0,0,0,,,0,0,0,0,0,False,,False,,False,,False,,False,,False,,no Dockerfile and no fallback entry point found
https://github.com/yoyo30169/Visual-Recognition-using-Deep-Learning,no_dockerfile,False,0,0,0,,,0,0,0,0,0,False,,False,,False,,False,,False,,False,,no Dockerfile and no fallback entry point found
https://github.com/se2p/tool-competition-av,no_dockerfile,False,0,0,0,,,0,0,0,0,0,False,,False,,False,,False,,False,,False,,no Dockerfile and no fallback entry point found
https://github.com/storybro/storybro,no_entry,False,0,1,0,,,0,0,0,0,0,False,,False,,False,,False,,False,,False,,Dockerfile(s) found but no Python entry point could be resolved
https://github.com/merialdo/research.matrices,no_dockerfile,False,0,0,0,,,0,0,0,0,0,False,,False,,False,,False,,False,,False,,no Dockerfile and no fallback entry point found
https://github.com/chicodelarosa/data_science_standard_tutorial,no_dockerfile,False,0,0,0,,,0,0,0,0,0,False,,False,,False,,False,,False,,False,,no Dockerfile and no fallback entry point found
https://github.com/Balasubramaniam077/Mask_object-detection,no_entry,False,0,1,0,,,0,0,0,0,0,False,,False,,False,,False,,False,,False,,Dockerfile(s) found but no Python entry point could be resolved
https://github.com/RekidiangData-S/Algorithm-with-Python,no_dockerfile,False,0,0,0,,,0,0,0,0,0,False,,False,,False,,False,,False,,False,,no Dockerfile and no fallback entry point found
https://github.com/djordison/handson-ml2,no_entry,False,0,2,0,,,0,0,0,0,0,False,,False,,False,,False,,False,,False,,Dockerfile(s) found but no Python entry point could be resolved
https://github.com/bock12/DIC_Assignment,no_dockerfile,False,0,0,0,,,0,0,0,0,0,False,,False,,False,,False,,False,,False,,no Dockerfile and no fallback entry point found
https://github.com/lemay-ai/companyClassifier,no_dockerfile,False,0,0,0,,,0,0,0,0,0,False,,False,,False,,False,,False,,False,,no Dockerfile and no fallback entry point found
https://github.com/atmacvit/meronymnet,no_dockerfile,False,0,0,0,,,0,0,0,0,0,False,,False,,False,,False,,False,,False,,no Dockerfile and no fallback entry point found
https://github.com/dsorge3/eeg_visual_classification_project,no_dockerfile,False,0,0,0,,,0,0,0,0,0,False,,False,,False,,False,,False,,False,,no Dockerfile and no fallback entry point found
https://github.com/Zeff020/Adversarial_ROM,no_dockerfile,False,0,0,0,,,0,0,0,0,0,False,,False,,False,,False,,False,,False,,no Dockerfile and no fallback entry point found
https://github.com/elliothogg/leadsheet_arrangement_system,no_dockerfile,False,0,0,0,,,0,0,0,0,0,False,,False,,False,,False,,False,,False,,no Dockerfile and no fallback entry point found
https://github.com/bellshade/Python,no_entry,False,0,1,0,,,0,0,0,0,0,False,,False,,False,,False,,False,,False,,Dockerfile(s) found but no Python entry point could be resolved
https://github.com/raulsenaferreira/PRDC_2021_SUT_module,no_dockerfile,False,0,0,0,,,0,0,0,0,0,False,,False,,False,,False,,False,,False,,no Dockerfile and no fallback entry point found
https://github.com/vijay2712/MLdlsessions,no_entry,False,0,2,0,,,0,0,0,0,0,False,,False,,False,,False,,False,,False,,Dockerfile(s) found but no Python entry point could be resolved
https://github.com/Moeed1mdnzh/MetricViz,no_dockerfile,False,0,0,0,,,0,0,0,0,0,False,,False,,False,,False,,False,,False,,no Dockerfile and no fallback entry point found
https://github.com/vb690/approx_incentive_salience,no_dockerfile,False,0,0,0,,,0,0,0,0,0,False,,False,,False,,False,,False,,False,,no Dockerfile and no fallback entry point found
https://github.com/pdkary/VincentGANVogh,no_dockerfile,False,0,0,0,,,0,0,0,0,0,False,,False,,False,,False,,False,,False,,no Dockerfile and no fallback entry point found
https://github.com/ruhuawu/testphotoclassification,no_dockerfile,False,0,0,0,,,0,0,0,0,0,False,,False,,False,,False,,False,,False,,no Dockerfile and no fallback entry point found
https://github.com/gkbharathy/ALGORITHMS_Python,no_dockerfile,False,0,0,0,,,0,0,0,0,0,False,,False,,False,,False,,False,,False,,no Dockerfile and no fallback entry point found
https://github.com/NourElhouda-ELB/Vehicle-detection-and-counting-in-highway-scenes,no_dockerfile,False,0,0,0,,,0,0,0,0,0,False,,False,,False,,False,,False,,False,,no Dockerfile and no fallback entry point found
https://github.com/DeepLearningForPhysicsResearchBook/deep-learning-physics,no_dockerfile,False,0,0,0,,,0,0,0,0,0,False,,False,,False,,False,,False,,False,,no Dockerfile and no fallback entry point found
https://github.com/albermax/innvestigate,no_dockerfile,False,0,0,0,,,0,0,0,0,0,False,,False,,False,,False,,False,,False,,no Dockerfile and no fallback entry point found
https://github.com/mbustillos329/project3,no_dockerfile,False,0,0,0,,,0,0,0,0,0,False,,False,,False,,False,,False,,False,,no Dockerfile and no fallback entry point found
https://github.com/Miroka96/mmproteo,no_dockerfile,False,0,0,0,,,0,0,0,0,0,False,,False,,False,,False,,False,,False,,no Dockerfile and no fallback entry point found
https://github.com/davindb/Hipotesa,no_dockerfile,False,0,0,0,,,0,0,0,0,0,False,,False,,False,,False,,False,,False,,no Dockerfile and no fallback entry point found
https://github.com/ilhamsyah183/Helptree,no_dockerfile,False,0,0,0,,,0,0,0,0,0,False,,False,,False,,False,,False,,False,,no Dockerfile and no fallback entry point found
https://github.com/ihsanf10/Face-Mask-Detection,no_dockerfile,False,0,0,0,,,0,0,0,0,0,False,,False,,False,,False,,False,,False,,no Dockerfile and no fallback entry point found
https://github.com/autoai-org/CVTron,no_dockerfile,False,0,0,0,,,0,0,0,0,0,False,,False,,False,,False,,False,,False,,no Dockerfile and no fallback entry point found
https://github.com/carlosRodriguezGonzalez/SeriesTemporales,no_dockerfile,False,0,0,0,,,0,0,0,0,0,False,,False,,False,,False,,False,,False,,no Dockerfile and no fallback entry point found
https://github.com/DanielaVelasquez/robot-reboot,no_dockerfile,False,0,0,0,,,0,0,0,0,0,False,,False,,False,,False,,False,,False,,no Dockerfile and no fallback entry point found
https://github.com/armaank/archlectures,no_dockerfile,False,0,0,0,,,0,0,0,0,0,False,,False,,False,,False,,False,,False,,no Dockerfile and no fallback entry point found
https://github.com/Vikaskumar9/KubeFlowGuide,no_entry,False,0,17,0,,,0,0,0,0,0,False,,False,,False,,False,,False,,False,,Dockerfile(s) found but no Python entry point could be resolved
https://github.com/NingMingHao/pyslam-rfnet,no_dockerfile,False,0,0,0,,,0,0,0,0,0,False,,False,,False,,False,,False,,False,,no Dockerfile and no fallback entry point found
https://github.com/opendatahub-io/data-engineering-and-machine-learning-workshop,no_dockerfile,False,0,0,0,,,0,0,0,0,0,False,,False,,False,,False,,False,,False,,no Dockerfile and no fallback entry point found
https://github.com/FOSSLife-foundation/Sign-language-interpreter,no_dockerfile,False,0,0,0,,,0,0,0,0,0,False,,False,,False,,False,,False,,False,,no Dockerfile and no fallback entry point found
https://github.com/elblogbruno/NotionAI-MyMind,no_entry,False,0,1,0,,,0,0,0,0,0,False,,False,,False,,False,,False,,False,,Dockerfile(s) found but no Python entry point could be resolved
https://github.com/borninfreedom/kuka-reach-drl,no_entry,False,0,1,0,,,0,0,0,0,0,False,,False,,False,,False,,False,,False,,Dockerfile(s) found but no Python entry point could be resolved
https://github.com/AminAmouhadi/Differential-Privecy,no_entry,False,0,3,0,,,0,0,0,0,0,False,,False,,False,,False,,False,,False,,Dockerfile(s) found but no Python entry point could be resolved
https://github.com/carrell-ncl/Windscreen2,no_dockerfile,False,0,0,0,,,0,0,0,0,0,False,,False,,False,,False,,False,,False,,no Dockerfile and no fallback entry point found
https://github.com/ieesejin/graduation-project,no_dockerfile,False,0,0,0,,,0,0,0,0,0,False,,False,,False,,False,,False,,False,,no Dockerfile and no fallback entry point found
https://github.com/Nova1323/Machine-Learning,no_dockerfile,False,0,0,0,,,0,0,0,0,0,False,,False,,False,,False,,False,,False,,no Dockerfile and no fallback entry point found
https://github.com/nikhildutta333/imageAI,no_dockerfile,False,0,0,0,,,0,0,0,0,0,False,,False,,False,,False,,False,,False,,no Dockerfile and no fallback entry point found
https://github.com/oskopek/nlu,no_dockerfile,False,0,0,0,,,0,0,0,0,0,False,,False,,False,,False,,False,,False,,no Dockerfile and no fallback entry point found
https://github.com/LeiWang1999/AICS-Course,no_dockerfile,False,0,0,0,,,0,0,0,0,0,False,,False,,False,,False,,False,,False,,no Dockerfile and no fallback entry point found
https://github.com/mayayunx/foodmatch,no_entry,False,0,1,0,,,0,0,0,0,0,False,,False,,False,,False,,False,,False,,Dockerfile(s) found but no Python entry point could be resolved
https://github.com/goeckslab/MarkerIntensityPredictor,no_dockerfile,False,0,0,0,,,0,0,0,0,0,False,,False,,False,,False,,False,,False,,no Dockerfile and no fallback entry point found
https://github.com/ShimronAlakkal/tutorial,no_dockerfile,False,0,0,0,,,0,0,0,0,0,False,,False,,False,,False,,False,,False,,no Dockerfile and no fallback entry point found
https://github.com/parkjin-nim/Real_SDC_capstone_project,no_entry,False,0,1,0,,,0,0,0,0,0,False,,False,,False,,False,,False,,False,,Dockerfile(s) found but no Python entry point could be resolved
https://github.com/CristianRod21/YOLO_vs_RCNN_qiBullet,no_dockerfile,False,0,0,0,,,0,0,0,0,0,False,,False,,False,,False,,False,,False,,no Dockerfile and no fallback entry point found
https://github.com/ablacklama/System-Integration,no_entry,False,0,1,0,,,0,0,0,0,0,False,,False,,False,,False,,False,,False,,Dockerfile(s) found but no Python entry point could be resolved
https://github.com/xl402/neural-oblivious-decision-ensembles,no_dockerfile,False,0,0,0,,,0,0,0,0,0,False,,False,,False,,False,,False,,False,,no Dockerfile and no fallback entry point found
https://github.com/tornermarton/jalef,no_entry,False,0,1,0,,,0,0,0,0,0,False,,False,,False,,False,,False,,False,,Dockerfile(s) found but no Python entry point could be resolved
https://github.com/hqbao/dlp_codegen,no_dockerfile,False,0,0,0,,,0,0,0,0,0,False,,False,,False,,False,,False,,False,,no Dockerfile and no fallback entry point found
https://github.com/alanamarzoev/structured-realm,no_dockerfile,False,0,0,0,,,0,0,0,0,0,False,,False,,False,,False,,False,,False,,no Dockerfile and no fallback entry point found
https://github.com/justinalsing/speculator,no_dockerfile,False,0,0,0,,,0,0,0,0,0,False,,False,,False,,False,,False,,False,,no Dockerfile and no fallback entry point found
https://github.com/Data-Science-Community-SRM/Super-Color,no_dockerfile,False,0,0,0,,,0,0,0,0,0,False,,False,,False,,False,,False,,False,,no Dockerfile and no fallback entry point found
https://github.com/arpollock/animals,no_dockerfile,False,0,0,0,,,0,0,0,0,0,False,,False,,False,,False,,False,,False,,no Dockerfile and no fallback entry point found
https://github.com/daewonyoon/misc,no_dockerfile,False,0,0,0,,,0,0,0,0,0,False,,False,,False,,False,,False,,False,,no Dockerfile and no fallback entry point found
https://github.com/pandeyankit83/modern-ML-engineer,no_dockerfile,False,0,0,0,,,0,0,0,0,0,False,,False,,False,,False,,False,,False,,no Dockerfile and no fallback entry point found
https://github.com/phi-0/masterthesis_gan_mapdesign,no_entry,False,0,1,0,,,0,0,0,0,0,False,,False,,False,,False,,False,,False,,Dockerfile(s) found but no Python entry point could be resolved
https://github.com/sridge/weatherornot,no_entry,False,0,1,0,,,0,0,0,0,0,False,,False,,False,,False,,False,,False,,Dockerfile(s) found but no Python entry point could be resolved
https://github.com/jx3yang/MAISHacks2020,no_entry,False,0,6,0,,,0,0,0,0,0,False,,False,,False,,False,,False,,False,,Dockerfile(s) found but no Python entry point could be resolved
https://github.com/lkopf/joint-multimodal-embeddings,no_entry,False,0,1,0,,,0,0,0,0,0,False,,False,,False,,False,,False,,False,,Dockerfile(s) found but no Python entry point could be resolved
https://github.com/adhitio-github/ml3,no_dockerfile,False,0,0,0,,,0,0,0,0,0,False,,False,,False,,False,,False,,False,,no Dockerfile and no fallback entry point found
https://github.com/ustyuzhaninky/OSAR-keras,no_entry,False,0,1,0,,,0,0,0,0,0,False,,False,,False,,False,,False,,False,,Dockerfile(s) found but no Python entry point could be resolved
https://github.com/nocotan/orakl,no_dockerfile,False,0,0,0,,,0,0,0,0,0,False,,False,,False,,False,,False,,False,,no Dockerfile and no fallback entry point found
https://github.com/franneck94/UdemyGAN,no_dockerfile,False,0,0,0,,,0,0,0,0,0,False,,False,,False,,False,,False,,False,,no Dockerfile and no fallback entry point found
https://github.com/ARU300/SummerProject,no_dockerfile,False,0,0,0,,,0,0,0,0,0,False,,False,,False,,False,,False,,False,,no Dockerfile and no fallback entry point found
https://github.com/thundrakkon/Nutrition-Nuts,no_dockerfile,False,0,0,0,,,0,0,0,0,0,False,,False,,False,,False,,False,,False,,no Dockerfile and no fallback entry point found
https://github.com/7xxogre/cs231n-assignment,no_dockerfile,False,0,0,0,,,0,0,0,0,0,False,,False,,False,,False,,False,,False,,no Dockerfile and no fallback entry point found
https://github.com/softmatterlab/DeepTrack-2.0,no_dockerfile,False,0,0,0,,,0,0,0,0,0,False,,False,,False,,False,,False,,False,,no Dockerfile and no fallback entry point found
https://github.com/amazon-archives/aws-robomaker-sample-application-objecttracker,no_dockerfile,False,0,0,0,,,0,0,0,0,0,False,,False,,False,,False,,False,,False,,no Dockerfile and no fallback entry point found
https://github.com/ivan-alles/preference-model,no_dockerfile,False,0,0,0,,,0,0,0,0,0,False,,False,,False,,False,,False,,False,,no Dockerfile and no fallback entry point found
https://github.com/JerrickLiu/PyTorch-GradCAM,no_dockerfile,False,0,0,0,,,0,0,0,0,0,False,,False,,False,,False,,False,,False,,no Dockerfile and no fallback entry point found
https://github.com/tmobile/node-red-contrib-yolo-object-detection,no_dockerfile,False,0,0,0,,,0,0,0,0,0,False,,False,,False,,False,,False,,False,,no Dockerfile and no fallback entry point found
https://github.com/alexisgcomte/velib-prediction-v2,no_dockerfile,False,0,0,0,,,0,0,0,0,0,False,,False,,False,,False,,False,,False,,no Dockerfile and no fallback entry point found
https://github.com/advaithasabnis/target-and-market,no_dockerfile,False,0,0,0,,,0,0,0,0,0,False,,False,,False,,False,,False,,False,,no Dockerfile and no fallback entry point found
https://github.com/carluqcor/EmotionFaceRecognition,no_dockerfile,False,0,0,0,,,0,0,0,0,0,False,,False,,False,,False,,False,,False,,no Dockerfile and no fallback entry point found
https://github.com/kipodd/itc-hackathon-2020,no_dockerfile,False,0,0,0,,,0,0,0,0,0,False,,False,,False,,False,,False,,False,,no Dockerfile and no fallback entry point found
https://github.com/ZiyaoLi/molgan-without-mode-collapse,no_dockerfile,False,0,0,0,,,0,0,0,0,0,False,,False,,False,,False,,False,,False,,no Dockerfile and no fallback entry point found
https://github.com/yuhangT/tf_bert,no_dockerfile,False,0,0,0,,,0,0,0,0,0,False,,False,,False,,False,,False,,False,,no Dockerfile and no fallback entry point found
https://github.com/lbenwong/FATE1.4,clone_failed,False,0,0,0,,,0,0,0,0,0,False,,False,,False,,False,,False,,False,,git clone failed
https://github.com/surajkarki66/deep-learning,clone_failed,False,0,0,0,,,0,0,0,0,0,False,,False,,False,,False,,False,,False,,fatal: write error: No space left on device
https://github.com/kjcho92/projects,clone_failed,False,0,0,0,,,0,0,0,0,0,False,,False,,False,,False,,False,,False,,fatal: write error: No space left on device
https://github.com/anishreddy3/Springboard-Capstone,no_dockerfile,False,0,0,0,,,0,0,0,0,0,False,,False,,False,,False,,False,,False,,no Dockerfile and no fallback entry point found
https://github.com/hesham-samir/CVC-20-safeguard,clone_failed,False,0,0,0,,,0,0,0,0,0,False,,False,,False,,False,,False,,False,,fatal: sha1 file 'D:/scan_tmp/scan_5nc86va6/repo/.git/objects/pack/tmp_rev_RDQqIl' write error. Out of diskspace
https://github.com/HongqinHe/Hands-on-ML,no_entry,False,0,1,0,,,0,0,0,0,0,False,,False,,False,,False,,False,,False,,Dockerfile(s) found but no Python entry point could be resolved
https://github.com/tridungduong16/Interpretable-Machine-Learning,clone_failed,False,0,0,0,,,0,0,0,0,0,False,,False,,False,,False,,False,,False,,fatal: write error: No space left on device
https://github.com/dikers/ocr-crnn-chinese,clone_failed,False,0,0,0,,,0,0,0,0,0,False,,False,,False,,False,,False,,False,,fatal: write error: No space left on device
https://github.com/mugoh/deepRL-CS285,clone_failed,False,0,0,0,,,0,0,0,0,0,False,,False,,False,,False,,False,,False,,error: unable to write file hw3/cs285/run_logs/q1/dqn_q1_steps4m_PongNoFrameskip-v4_21-05-2020_12-11-02/gym/openaigym.video.0.25087.video000008.mp4
https://github.com/chaklam-silpasuwanchai/BCI,clone_failed,False,0,0,0,,,0,0,0,0,0,False,,False,,False,,False,,False,,False,,error: copy-fd: write returned: No space left on device
https://github.com/TheAlgorithms/Jupyter,no_dockerfile,False,0,0,0,,,0,0,0,0,0,False,,False,,False,,False,,False,,False,,no Dockerfile and no fallback entry point found
https://github.com/jim-schwoebel/voicebook,clone_failed,False,0,0,0,,,0,0,0,0,0,False,,False,,False,,False,,False,,False,,fatal: write error: No space left on device
https://github.com/parshwa1999/Map-Segmentation,clone_failed,False,0,0,0,,,0,0,0,0,0,False,,False,,False,,False,,False,,False,,fatal: write error: No space left on device
https://github.com/IvanBrasilico/model_ajna_1,clone_failed,False,0,0,0,,,0,0,0,0,0,False,,False,,False,,False,,False,,False,,fatal: write error: No space left on device
https://github.com/jcarvargtz/kaggle-deepfake-jc-train,clone_failed,False,0,0,0,,,0,0,0,0,0,False,,False,,False,,False,,False,,False,,fatal: sha1 file 'D:/scan_tmp/scan_ujpf0rng/repo/.git/objects/pack/tmp_idx_BRgs00' write error. Out of diskspace
https://github.com/garrettmflynn/ENGRAM,clone_failed,False,0,0,0,,,0,0,0,0,0,False,,False,,False,,False,,False,,False,,fatal: write error: No space left on device
https://github.com/galmacky/muzero4all,no_dockerfile,False,0,0,0,,,0,0,0,0,0,False,,False,,False,,False,,False,,False,,no Dockerfile and no fallback entry point found
https://github.com/h2oai/article-information-2019,clone_failed,False,0,0,0,,,0,0,0,0,0,False,,False,,False,,False,,False,,False,,fatal: write error: No space left on device
https://github.com/grohith327/simplegan,clone_failed,False,0,0,0,,,0,0,0,0,0,False,,False,,False,,False,,False,,False,,fatal: write error: No space left on device
https://github.com/VladimirNikiforov/netology-ds,clone_failed,False,0,0,0,,,0,0,0,0,0,False,,False,,False,,False,,False,,False,,fatal: write error: No space left on device
https://github.com/joytianya/google_bert,clone_failed,False,0,0,0,,,0,0,0,0,0,False,,False,,False,,False,,False,,False,,fatal: write error: No space left on device
https://github.com/iht/kschool-challenge-dl,clone_failed,False,0,0,0,,,0,0,0,0,0,False,,False,,False,,False,,False,,False,,error: copy-fd: write returned: No space left on device
https://github.com/chaliburton/CarND-Capstone,clone_failed,False,0,0,0,,,0,0,0,0,0,False,,False,,False,,False,,False,,False,,fatal: write error: No space left on device
https://github.com/ChristophRaab/NASDAQ-Dataset,clone_failed,False,0,0,0,,,0,0,0,0,0,False,,False,,False,,False,,False,,False,,fatal: write error: No space left on device
https://github.com/tianmingliu/Bank-check-OCR,clone_failed,False,0,0,0,,,0,0,0,0,0,False,,False,,False,,False,,False,,False,,error: copy-fd: write returned: No space left on device
https://github.com/hankcs/HanLP,clone_failed,False,0,0,0,,,0,0,0,0,0,False,,False,,False,,False,,False,,False,,error: copy-fd: write returned: No space left on device
https://github.com/funytan/lets_publish,clone_failed,False,0,0,0,,,0,0,0,0,0,False,,False,,False,,False,,False,,False,,fatal: write error: No space left on device
https://github.com/Phillyclause89/reddit_scripts,clone_failed,False,0,0,0,,,0,0,0,0,0,False,,False,,False,,False,,False,,False,,fatal: write error: No space left on device
https://github.com/ATOMScience-org/AMPL,clone_failed,False,0,0,0,,,0,0,0,0,0,False,,False,,False,,False,,False,,False,,fatal: write error: No space left on device
https://github.com/anshu0612/imbalanced_sparse_data_classification,clone_failed,False,0,0,0,,,0,0,0,0,0,False,,False,,False,,False,,False,,False,,fatal: write error: No space left on device
https://github.com/tunisij/mask-rcnn,clone_failed,False,0,0,0,,,0,0,0,0,0,False,,False,,False,,False,,False,,False,,error: copy-fd: write returned: No space left on device
https://github.com/mejihero/object_detection_demo_segmentation_,clone_failed,False,0,0,0,,,0,0,0,0,0,False,,False,,False,,False,,False,,False,,fatal: write error: No space left on device
https://github.com/chnsh/DCRNN_PyTorch,clone_failed,False,0,0,0,,,0,0,0,0,0,False,,False,,False,,False,,False,,False,,error: copy-fd: write returned: No space left on device
https://github.com/RyanPeking/NLP_Assignments,clone_failed,False,0,0,0,,,0,0,0,0,0,False,,False,,False,,False,,False,,False,,error: copy-fd: write returned: No space left on device
https://github.com/google/struct2tensor,clone_failed,False,0,0,0,,,0,0,0,0,0,False,,False,,False,,False,,False,,False,,error: copy-fd: write returned: No space left on device
https://github.com/deephdc/semseg_vaihingen,clone_failed,False,0,0,0,,,0,0,0,0,0,False,,False,,False,,False,,False,,False,,fatal: write error: No space left on device
https://github.com/raj963/dark,clone_failed,False,0,0,0,,,0,0,0,0,0,False,,False,,False,,False,,False,,False,,fatal: write error: No space left on device
https://github.com/markWJJ/-Deep-Reinforcement-Learning-Algorithms-with-PyTorch,clone_failed,False,0,0,0,,,0,0,0,0,0,False,,False,,False,,False,,False,,False,,error: copy-fd: write returned: No space left on device
https://github.com/ahsanplusplus/Streamlit-ML,clone_failed,False,0,0,0,,,0,0,0,0,0,False,,False,,False,,False,,False,,False,,fatal: write error: No space left on device
https://github.com/kislerdm/web-server-benchmark-ml,clone_failed,False,0,0,0,,,0,0,0,0,0,False,,False,,False,,False,,False,,False,,error: copy-fd: write returned: No space left on device
https://github.com/jp-hong/phish_classifier,clone_failed,False,0,0,0,,,0,0,0,0,0,False,,False,,False,,False,,False,,False,,fatal: write error: No space left on device
https://github.com/zane-zh-wang/PythonCode,clone_failed,False,0,0,0,,,0,0,0,0,0,False,,False,,False,,False,,False,,False,,fatal: write error: No space left on device
https://github.com/anliang0306/PYTHON,clone_failed,False,0,0,0,,,0,0,0,0,0,False,,False,,False,,False,,False,,False,,error: copy-fd: write returned: No space left on device
https://github.com/upul/WhiteBoard,clone_failed,False,0,0,0,,,0,0,0,0,0,False,,False,,False,,False,,False,,False,,fatal: write error: No space left on device
https://github.com/ZebinYang/exnn,clone_failed,False,0,0,0,,,0,0,0,0,0,False,,False,,False,,False,,False,,False,,error: copy-fd: write returned: No space left on device
https://github.com/bonlime/keras-deeplab-v3-plus,clone_failed,False,0,0,0,,,0,0,0,0,0,False,,False,,False,,False,,False,,False,,fatal: write error: No space left on device
https://github.com/duartegalvao/Image-Colorization-with-Deep-Learning,clone_failed,False,0,0,0,,,0,0,0,0,0,False,,False,,False,,False,,False,,False,,error: copy-fd: write returned: No space left on device
https://github.com/cgoliver/Async-DQN-MountainCar,clone_failed,False,0,0,0,,,0,0,0,0,0,False,,False,,False,,False,,False,,False,,error: copy-fd: write returned: No space left on device
https://github.com/chrisleunglokhin/Capstone-BERT,clone_failed,False,0,0,0,,,0,0,0,0,0,False,,False,,False,,False,,False,,False,,error: copy-fd: write returned: No space left on device
https://github.com/Thimira/bird_watch,clone_failed,False,0,0,0,,,0,0,0,0,0,False,,False,,False,,False,,False,,False,,error: copy-fd: write returned: No space left on device
https://github.com/Patrickctyyx/VggManga,clone_failed,False,0,0,0,,,0,0,0,0,0,False,,False,,False,,False,,False,,False,,error: copy-fd: write returned: No space left on device
https://github.com/alessiamarcolini/MyQ,clone_failed,False,0,0,0,,,0,0,0,0,0,False,,False,,False,,False,,False,,False,,error: copy-fd: write returned: No space left on device
https://github.com/gajankumar1016/Artify,clone_failed,False,0,0,0,,,0,0,0,0,0,False,,False,,False,,False,,False,,False,,error: copy-fd: write returned: No space left on device
https://github.com/haveumetprashant/TensorFlow,clone_failed,False,0,0,0,,,0,0,0,0,0,False,,False,,False,,False,,False,,False,,error: copy-fd: write returned: No space left on device
https://github.com/tensorflow/federated,clone_failed,False,0,0,0,,,0,0,0,0,0,False,,False,,False,,False,,False,,False,,error: copy-fd: write returned: No space left on device
https://github.com/ChoeJaeyoung/VigilanTV-TeamProject,clone_failed,False,0,0,0,,,0,0,0,0,0,False,,False,,False,,False,,False,,False,,error: copy-fd: write returned: No space left on device
https://github.com/google/clusterfuzz,clone_failed,False,0,0,0,,,0,0,0,0,0,False,,False,,False,,False,,False,,False,,fatal: write error: No space left on device
https://github.com/LoveYang/bert_test,clone_failed,False,0,0,0,,,0,0,0,0,0,False,,False,,False,,False,,False,,False,,error: copy-fd: write returned: No space left on device
https://github.com/0thing/0thing,clone_failed,False,0,0,0,,,0,0,0,0,0,False,,False,,False,,False,,False,,False,,error: copy-fd: write returned: No space left on device
https://github.com/borsukvasyl/deeprl,clone_failed,False,0,0,0,,,0,0,0,0,0,False,,False,,False,,False,,False,,False,,error: copy-fd: write returned: No space left on device
https://github.com/fnever520/reinforcement_learning,clone_failed,False,0,0,0,,,0,0,0,0,0,False,,False,,False,,False,,False,,False,,error: copy-fd: write returned: No space left on device
https://github.com/saurabhgupta17888/BERT,clone_failed,False,0,0,0,,,0,0,0,0,0,False,,False,,False,,False,,False,,False,,fatal: write error: No space left on device
https://github.com/jefequien/PSPNet-Keras-tensorflow,clone_failed,False,0,0,0,,,0,0,0,0,0,False,,False,,False,,False,,False,,False,,error: copy-fd: write returned: No space left on device
https://github.com/jparr721/Lazarus,clone_failed,False,0,0,0,,,0,0,0,0,0,False,,False,,False,,False,,False,,False,,error: copy-fd: write returned: No space left on device
https://github.com/jacobkrantz/NeuralSum,clone_failed,False,0,0,0,,,0,0,0,0,0,False,,False,,False,,False,,False,,False,,error: copy-fd: write returned: No space left on device
https://github.com/chenjeyok/pytorch-tutorial,clone_failed,False,0,0,0,,,0,0,0,0,0,False,,False,,False,,False,,False,,False,,fatal: write error: No space left on device
https://github.com/nishantdeherkar/rnn-lstm,clone_failed,False,0,0,0,,,0,0,0,0,0,False,,False,,False,,False,,False,,False,,error: copy-fd: write returned: No space left on device
https://github.com/JulianMar11/synthbee,clone_failed,False,0,0,0,,,0,0,0,0,0,False,,False,,False,,False,,False,,False,,error: copy-fd: write returned: No space left on device
https://github.com/nrontsis/PILCO,clone_failed,False,0,0,0,,,0,0,0,0,0,False,,False,,False,,False,,False,,False,,error: copy-fd: write returned: No space left on device
https://github.com/Flperez/AplicIndu,clone_failed,False,0,0,0,,,0,0,0,0,0,False,,False,,False,,False,,False,,False,,error: copy-fd: write returned: No space left on device
https://github.com/raghunath-v/halite2,clone_failed,False,0,0,0,,,0,0,0,0,0,False,,False,,False,,False,,False,,False,,fatal: write error: No space left on device
https://github.com/tensorflow/moonlight,clone_failed,False,0,0,0,,,0,0,0,0,0,False,,False,,False,,False,,False,,False,,error: could not lock config file D:/scan_tmp/scan_gi6q6f9a/repo/.git/config: No space left on device
https://github.com/ArtificialIntelligenceToolkit/conx,clone_failed,False,0,0,0,,,0,0,0,0,0,False,,False,,False,,False,,False,,False,,error: copy-fd: write returned: No space left on device
https://github.com/sfujiwara/tfmodel,clone_failed,False,0,0,0,,,0,0,0,0,0,False,,False,,False,,False,,False,,False,,error: copy-fd: write returned: No space left on device
https://github.com/pantelis/CarND-Capstone-Project,clone_failed,False,0,0,0,,,0,0,0,0,0,False,,False,,False,,False,,False,,False,,error: copy-fd: write returned: No space left on device
https://github.com/minithb/CarND-Capstone,clone_failed,False,0,0,0,,,0,0,0,0,0,False,,False,,False,,False,,False,,False,,error: copy-fd: write returned: No space left on device
https://github.com/mariru/fakenews,clone_failed,False,0,0,0,,,0,0,0,0,0,False,,False,,False,,False,,False,,False,,error: copy-fd: write returned: No space left on device
https://github.com/CarND-Capstone-Defender/car-nd-capstone,clone_failed,False,0,0,0,,,0,0,0,0,0,False,,False,,False,,False,,False,,False,,error: copy-fd: write returned: No space left on device
https://github.com/falangjoe/deep-learning,clone_failed,False,0,0,0,,,0,0,0,0,0,False,,False,,False,,False,,False,,False,,error: could not lock config file D:/scan_tmp/scan_zot2125q/repo/.git/config: No space left on device
https://github.com/topealabi/ml_experiments,clone_failed,False,0,0,0,,,0,0,0,0,0,False,,False,,False,,False,,False,,False,,error: could not lock config file D:/scan_tmp/scan_41culx22/repo/.git/config: No space left on device
https://github.com/baek-jinoo/cs231n_assignments,clone_failed,False,0,0,0,,,0,0,0,0,0,False,,False,,False,,False,,False,,False,,error: copy-fd: write returned: No space left on device
https://github.com/theamazingfedex/ml-project-5,clone_failed,False,0,0,0,,,0,0,0,0,0,False,,False,,False,,False,,False,,False,,error: copy-fd: write returned: No space left on device
https://github.com/philipperemy/tensorflow-ctc-speech-recognition,clone_failed,False,0,0,0,,,0,0,0,0,0,False,,False,,False,,False,,False,,False,,error: copy-fd: write returned: No space left on device
https://github.com/summer-yue/alphago0,clone_failed,False,0,0,0,,,0,0,0,0,0,False,,False,,False,,False,,False,,False,,error: could not lock config file D:/scan_tmp/scan_ghtl6_e2/repo/.git/config: No space left on device
https://github.com/cvxgrp/cvxflow,clone_failed,False,0,0,0,,,0,0,0,0,0,False,,False,,False,,False,,False,,False,,error: could not lock config file D:/scan_tmp/scan_w4msy7kt/repo/.git/config: No space left on device
https://github.com/LuyaoHuang/depend-test-framework,clone_failed,False,0,0,0,,,0,0,0,0,0,False,,False,,False,,False,,False,,False,,error: could not lock config file D:/scan_tmp/scan_mg4or_cx/repo/.git/config: No space left on device
https://github.com/linnarsson-lab/pysmFISH,clone_failed,False,0,0,0,,,0,0,0,0,0,False,,False,,False,,False,,False,,False,,error: could not lock config file D:/scan_tmp/scan_sfnab2_e/repo/.git/config: No space left on device
https://github.com/mcoughlin/gwemlightcurves,clone_failed,False,0,0,0,,,0,0,0,0,0,False,,False,,False,,False,,False,,False,,error: could not lock config file D:/scan_tmp/scan_o_ghdf46/repo/.git/config: No space left on device
https://github.com/sandyjmacdonald/dots_for_microarrays,clone_failed,False,0,0,0,,,0,0,0,0,0,False,,False,,False,,False,,False,,False,,error: could not lock config file D:/scan_tmp/scan_e03kbd2u/repo/.git/config: No space left on device
https://github.com/raphbacher/odhin,clone_failed,False,0,0,0,,,0,0,0,0,0,False,,False,,False,,False,,False,,False,,error: could not lock config file D:/scan_tmp/scan_wuq5pl3o/repo/.git/config: No space left on device
https://github.com/slipguru/palladio,clone_failed,False,0,0,0,,,0,0,0,0,0,False,,False,,False,,False,,False,,False,,error: copy-fd: write returned: No space left on device
https://github.com/alchemistry/alchemlyb,clone_failed,False,0,0,0,,,0,0,0,0,0,False,,False,,False,,False,,False,,False,,error: copy-fd: write returned: No space left on device
https://github.com/jeffkinnison/pyrameter,clone_failed,False,0,0,0,,,0,0,0,0,0,False,,False,,False,,False,,False,,False,,error: could not lock config file D:/scan_tmp/scan_rjkxgk8t/repo/.git/config: No space left on device
https://github.com/odb9402/OPPA,clone_failed,False,0,0,0,,,0,0,0,0,0,False,,False,,False,,False,,False,,False,,error: could not lock config file D:/scan_tmp/scan_ys7hcztg/repo/.git/config: No space left on device
https://github.com/Cakem1x/bayropt,clone_failed,False,0,0,0,,,0,0,0,0,0,False,,False,,False,,False,,False,,False,,error: could not lock config file D:/scan_tmp/scan_02llkghg/repo/.git/config: No space left on device
https://github.com/trevorstephens/gplearn,clone_failed,False,0,0,0,,,0,0,0,0,0,False,,False,,False,,False,,False,,False,,error: could not lock config file D:/scan_tmp/scan_wbr_8g1c/repo/.git/config: No space left on device
https://github.com/pquinterome/MCS-calculation,clone_failed,False,0,0,0,,,0,0,0,0,0,False,,False,,False,,False,,False,,False,,error: could not lock config file D:/scan_tmp/scan_6pm_m26_/repo/.git/config: No space left on device
https://github.com/amtc-rock-detectors/Mask-RCNN-Rock,clone_failed,False,0,0,0,,,0,0,0,0,0,False,,False,,False,,False,,False,,False,,error: could not lock config file D:/scan_tmp/scan_gfin0sjq/repo/.git/config: No space left on device
https://github.com/NicklasBA/placenta_project,clone_failed,False,0,0,0,,,0,0,0,0,0,False,,False,,False,,False,,False,,False,,error: could not lock config file D:/scan_tmp/scan_3yuv8220/repo/.git/config: No space left on device
https://github.com/InaFen/DkNN,clone_failed,False,0,0,0,,,0,0,0,0,0,False,,False,,False,,False,,False,,False,,error: could not lock config file D:/scan_tmp/scan_rkj1wlr2/repo/.git/config: No space left on device
https://github.com/AryamanReddi99/IIB-Project,clone_failed,False,0,0,0,,,0,0,0,0,0,False,,False,,False,,False,,False,,False,,error: could not lock config file D:/scan_tmp/scan_qv5557oa/repo/.git/config: No space left on device
https://github.com/undera/chess-engine-nn,clone_failed,False,0,0,0,,,0,0,0,0,0,False,,False,,False,,False,,False,,False,,error: could not lock config file D:/scan_tmp/scan_m93vxbx4/repo/.git/config: No space left on device
https://github.com/RuofanBie9729/FinalProject2470,clone_failed,False,0,0,0,,,0,0,0,0,0,False,,False,,False,,False,,False,,False,,error: could not lock config file D:/scan_tmp/scan_0i098ivn/repo/.git/config: No space left on device
https://github.com/ingimar-eyfjord/AAI_exam,clone_failed,False,0,0,0,,,0,0,0,0,0,False,,False,,False,,False,,False,,False,,error: could not lock config file D:/scan_tmp/scan_3xxxv6x2/repo/.git/config: No space left on device
https://github.com/chi-yan/bibleautoconcordance,clone_failed,False,0,0,0,,,0,0,0,0,0,False,,False,,False,,False,,False,,False,,error: could not lock config file D:/scan_tmp/scan_73kc3q1h/repo/.git/config: No space left on device
https://github.com/DA-sc21/hand_detection,clone_failed,False,0,0,0,,,0,0,0,0,0,False,,False,,False,,False,,False,,False,,fatal: write error: No space left on device
https://github.com/royerlab/aydin,clone_failed,False,0,0,0,,,0,0,0,0,0,False,,False,,False,,False,,False,,False,,error: could not lock config file D:/scan_tmp/scan_u3dq60sh/repo/.git/config: No space left on device
https://github.com/wahabk/ctfishpy,clone_failed,False,0,0,0,,,0,0,0,0,0,False,,False,,False,,False,,False,,False,,error: could not lock config file D:/scan_tmp/scan_785sxz_a/repo/.git/config: No space left on device
https://github.com/readerbench/ReaderBench,clone_failed,False,0,0,0,,,0,0,0,0,0,False,,False,,False,,False,,False,,False,,error: could not lock config file D:/scan_tmp/scan_75hjcapi/repo/.git/config: No space left on device
https://github.com/okok0415/cheating_detection_backend,clone_failed,False,0,0,0,,,0,0,0,0,0,False,,False,,False,,False,,False,,False,,error: could not lock config file D:/scan_tmp/scan_abfadz1b/repo/.git/config: No space left on device
https://github.com/google/iree-samples,clone_failed,False,0,0,0,,,0,0,0,0,0,False,,False,,False,,False,,False,,False,,error: copy-fd: write returned: No space left on device
https://github.com/xwshi/bert,clone_failed,False,0,0,0,,,0,0,0,0,0,False,,False,,False,,False,,False,,False,,error: copy-fd: write returned: No space left on device
https://github.com/Ending2015a/unstable_baselines,clone_failed,False,0,0,0,,,0,0,0,0,0,False,,False,,False,,False,,False,,False,,error: copy-fd: write returned: No space left on device
https://github.com/feydu/MRCNN,clone_failed,False,0,0,0,,,0,0,0,0,0,False,,False,,False,,False,,False,,False,,error: copy-fd: write returned: No space left on device
https://github.com/PasaLab/Liquid,clone_failed,False,0,0,0,,,0,0,0,0,0,False,,False,,False,,False,,False,,False,,error: copy-fd: write returned: No space left on device
https://github.com/tvquynh/Hands-on-Machine-Learning-with-Scikit-Learn-Keras-and-TensorFlow,clone_failed,False,0,0,0,,,0,0,0,0,0,False,,False,,False,,False,,False,,False,,error: copy-fd: write returned: No space left on device
https://github.com/nalexai/hyperlib,clone_failed,False,0,0,0,,,0,0,0,0,0,False,,False,,False,,False,,False,,False,,error: copy-fd: write returned: No space left on device
https://github.com/stephenleo/heroku-apps,clone_failed,False,0,0,0,,,0,0,0,0,0,False,,False,,False,,False,,False,,False,,error: copy-fd: write returned: No space left on device
https://github.com/seif2020/sagemaker-examples,clone_failed,False,0,0,0,,,0,0,0,0,0,False,,False,,False,,False,,False,,False,,error: copy-fd: write returned: No space left on device
https://github.com/LambFerret/ProjectFinal,clone_failed,False,0,0,0,,,0,0,0,0,0,False,,False,,False,,False,,False,,False,,error: copy-fd: write returned: No space left on device
https://github.com/neuralaudio/hear-baseline,clone_failed,False,0,0,0,,,0,0,0,0,0,False,,False,,False,,False,,False,,False,,error: copy-fd: write returned: No space left on device
https://github.com/AlexYaoRuihao/tvm_new,clone_failed,False,0,0,0,,,0,0,0,0,0,False,,False,,False,,False,,False,,False,,error: copy-fd: write returned: No space left on device
https://github.com/azhar2ds/Deep-Learning,clone_failed,False,0,0,0,,,0,0,0,0,0,False,,False,,False,,False,,False,,False,,error: copy-fd: write returned: No space left on device
https://github.com/Slangoij/PlayData_Final_Project,clone_failed,False,0,0,0,,,0,0,0,0,0,False,,False,,False,,False,,False,,False,,error: copy-fd: write returned: No space left on device
https://github.com/ganeshreddy1201/sai,clone_failed,False,0,0,0,,,0,0,0,0,0,False,,False,,False,,False,,False,,False,,error: copy-fd: write returned: No space left on device
https://github.com/Riaduddin/NLP-Projects,clone_failed,False,0,0,0,,,0,0,0,0,0,False,,False,,False,,False,,False,,False,,error: copy-fd: write returned: No space left on device
https://github.com/Pfanfel/mood_fh,clone_failed,False,0,0,0,,,0,0,0,0,0,False,,False,,False,,False,,False,,False,,error: copy-fd: write returned: No space left on device
https://github.com/fedlucchetti/FFR-Toolkit,clone_failed,False,0,0,0,,,0,0,0,0,0,False,,False,,False,,False,,False,,False,,error: copy-fd: write returned: No space left on device
https://github.com/MolaAyu/Mask-R-CNN-On-Custom-Dataset,clone_failed,False,0,0,0,,,0,0,0,0,0,False,,False,,False,,False,,False,,False,,error: copy-fd: write returned: No space left on device
https://github.com/aidotse/fedbird,clone_failed,False,0,0,0,,,0,0,0,0,0,False,,False,,False,,False,,False,,False,,error: copy-fd: write returned: No space left on device
https://github.com/s6eskand/shopify_application_fall2021,clone_failed,False,0,0,0,,,0,0,0,0,0,False,,False,,False,,False,,False,,False,,error: copy-fd: write returned: No space left on device
https://github.com/nsbarsukov/toxic-comments-detector,clone_failed,False,0,0,0,,,0,0,0,0,0,False,,False,,False,,False,,False,,False,,fatal: cannot copy 'C:/Program Files/Git/mingw64/share/git-core/templates/hooks/pre-commit.sample' to 'D:/scan_tmp/scan_doai3bot/repo/.git/hooks/pre-commit.sample': No space left on device
https://github.com/grantcroft/BioRobProject,clone_failed,False,0,0,0,,,0,0,0,0,0,False,,False,,False,,False,,False,,False,,fatal: write error: No space left on device
https://github.com/HelloHeChengXi/Chinese-Grammatical-error-diagnosis,clone_failed,False,0,0,0,,,0,0,0,0,0,False,,False,,False,,False,,False,,False,,error: copy-fd: write returned: No space left on device
https://github.com/kmu-bigdata/architect-cloud,clone_failed,False,0,0,0,,,0,0,0,0,0,False,,False,,False,,False,,False,,False,,error: copy-fd: write returned: No space left on device
https://github.com/BrandonXue/autopylot,clone_failed,False,0,0,0,,,0,0,0,0,0,False,,False,,False,,False,,False,,False,,error: copy-fd: write returned: No space left on device
https://github.com/wousikchoi/Investar,clone_failed,False,0,0,0,,,0,0,0,0,0,False,,False,,False,,False,,False,,False,,error: copy-fd: write returned: No space left on device
https://github.com/nicolamassarenti/model-bert-faqclass,clone_failed,False,0,0,0,,,0,0,0,0,0,False,,False,,False,,False,,False,,False,,error: copy-fd: write returned: No space left on device
https://github.com/Manab784/Object-Recognition-and-Classification-System,clone_failed,False,0,0,0,,,0,0,0,0,0,False,,False,,False,,False,,False,,False,,error: copy-fd: write returned: No space left on device
https://github.com/robinmamie/machine_learning,clone_failed,False,0,0,0,,,0,0,0,0,0,False,,False,,False,,False,,False,,False,,error: copy-fd: write returned: No space left on device
https://github.com/JmSambajon/group5-project,clone_failed,False,0,0,0,,,0,0,0,0,0,False,,False,,False,,False,,False,,False,,error: copy-fd: write returned: No space left on device
https://github.com/Navindya/boo,clone_failed,False,0,0,0,,,0,0,0,0,0,False,,False,,False,,False,,False,,False,,error: copy-fd: write returned: No space left on device
https://github.com/shmuli9/WebWARP,clone_failed,False,0,0,0,,,0,0,0,0,0,False,,False,,False,,False,,False,,False,,error: copy-fd: write returned: No space left on device
https://github.com/naseembabu/Good_Generative-Deep-Learning,clone_failed,False,0,0,0,,,0,0,0,0,0,False,,False,,False,,False,,False,,False,,error: copy-fd: write returned: No space left on device
https://github.com/BioSystemsUM/propythia,clone_failed,False,0,0,0,,,0,0,0,0,0,False,,False,,False,,False,,False,,False,,error: copy-fd: write returned: No space left on device
https://github.com/ChampBVT/nsc2021-wingbeats,clone_failed,False,0,0,0,,,0,0,0,0,0,False,,False,,False,,False,,False,,False,,error: copy-fd: write returned: No space left on device
https://github.com/RickardBolin/AlgoTrader,clone_failed,False,0,0,0,,,0,0,0,0,0,False,,False,,False,,False,,False,,False,,error: copy-fd: write returned: No space left on device
https://github.com/fcihraeipnusnacwh/MRC-CE,clone_failed,False,0,0,0,,,0,0,0,0,0,False,,False,,False,,False,,False,,False,,error: copy-fd: write returned: No space left on device
https://github.com/elomyde/Grey,clone_failed,False,0,0,0,,,0,0,0,0,0,False,,False,,False,,False,,False,,False,,error: copy-fd: write returned: No space left on device
https://github.com/AppleMango23/TensorFlowModelDemo1,clone_failed,False,0,0,0,,,0,0,0,0,0,False,,False,,False,,False,,False,,False,,error: copy-fd: write returned: No space left on device
https://github.com/leon1114/Hands-on-ml,clone_failed,False,0,0,0,,,0,0,0,0,0,False,,False,,False,,False,,False,,False,,error: copy-fd: write returned: No space left on device
https://github.com/tschibu/hslu-dl4g,clone_failed,False,0,0,0,,,0,0,0,0,0,False,,False,,False,,False,,False,,False,,error: copy-fd: write returned: No space left on device
https://github.com/AlMKhalil/albert,clone_failed,False,0,0,0,,,0,0,0,0,0,False,,False,,False,,False,,False,,False,,error: copy-fd: write returned: No space left on device
https://github.com/Gabendi/social-distancing-net,clone_failed,False,0,0,0,,,0,0,0,0,0,False,,False,,False,,False,,False,,False,,error: copy-fd: write returned: No space left on device
https://github.com/howen7/Alzheimers,clone_failed,False,0,0,0,,,0,0,0,0,0,False,,False,,False,,False,,False,,False,,fatal: cannot copy 'C:/Program Files/Git/mingw64/share/git-core/templates/hooks/pre-commit.sample' to 'D:/scan_tmp/scan_80bpo3bz/repo/.git/hooks/pre-commit.sample': No space left on device
https://github.com/fgorina/Our_CarND_Capstone,clone_failed,False,0,0,0,,,0,0,0,0,0,False,,False,,False,,False,,False,,False,,error: copy-fd: write returned: No space left on device
https://github.com/shiennie/test,clone_failed,False,0,0,0,,,0,0,0,0,0,False,,False,,False,,False,,False,,False,,error: copy-fd: write returned: No space left on device
https://github.com/dastratakos/Face-Mask-Detection,clone_failed,False,0,0,0,,,0,0,0,0,0,False,,False,,False,,False,,False,,False,,error: copy-fd: write returned: No space left on device
https://github.com/yiliu9090/Deep_Gene_model,clone_failed,False,0,0,0,,,0,0,0,0,0,False,,False,,False,,False,,False,,False,,error: copy-fd: write returned: No space left on device
https://github.com/davisrbr/bookRecognition,clone_failed,False,0,0,0,,,0,0,0,0,0,False,,False,,False,,False,,False,,False,,error: copy-fd: write returned: No space left on device
https://github.com/yyht/gpt2_ml_my,clone_failed,False,0,0,0,,,0,0,0,0,0,False,,False,,False,,False,,False,,False,,error: copy-fd: write returned: No space left on device
https://github.com/judithliatsf/fillmore,clone_failed,False,0,0,0,,,0,0,0,0,0,False,,False,,False,,False,,False,,False,,error: copy-fd: write returned: No space left on device
https://github.com/americast/algo_bias_tf_lrp,clone_failed,False,0,0,0,,,0,0,0,0,0,False,,False,,False,,False,,False,,False,,error: copy-fd: write returned: No space left on device
https://github.com/googleinterns/keypoint-mot,clone_failed,False,0,0,0,,,0,0,0,0,0,False,,False,,False,,False,,False,,False,,error: copy-fd: write returned: No space left on device
https://github.com/Hayashi-Yudai/ML_models,clone_failed,False,0,0,0,,,0,0,0,0,0,False,,False,,False,,False,,False,,False,,error: copy-fd: write returned: No space left on device
https://github.com/deepimagej/pydeepimagej,clone_failed,False,0,0,0,,,0,0,0,0,0,False,,False,,False,,False,,False,,False,,error: copy-fd: write returned: No space left on device
https://github.com/experimental-informatics/sgai,clone_failed,False,0,0,0,,,0,0,0,0,0,False,,False,,False,,False,,False,,False,,error: copy-fd: write returned: No space left on device
https://github.com/yyht/PyCLUE_albert,clone_failed,False,0,0,0,,,0,0,0,0,0,False,,False,,False,,False,,False,,False,,error: copy-fd: write returned: No space left on device
https://github.com/maximus-victor/FAU-bachelor-thesis,clone_failed,False,0,0,0,,,0,0,0,0,0,False,,False,,False,,False,,False,,False,,error: copy-fd: write returned: No space left on device
https://github.com/koala7580/deep-learning-practice,clone_failed,False,0,0,0,,,0,0,0,0,0,False,,False,,False,,False,,False,,False,,error: copy-fd: write returned: No space left on device
https://github.com/jiajunhua/TheAlgorithms-Python,clone_failed,False,0,0,0,,,0,0,0,0,0,False,,False,,False,,False,,False,,False,,error: copy-fd: write returned: No space left on device
https://github.com/kyad/burger_war_20200818_bak,clone_failed,False,0,0,0,,,0,0,0,0,0,False,,False,,False,,False,,False,,False,,error: copy-fd: write returned: No space left on device
https://github.com/AdaptiveCity/deepdish,clone_failed,False,0,0,0,,,0,0,0,0,0,False,,False,,False,,False,,False,,False,,error: copy-fd: write returned: No space left on device
https://github.com/soumyaiitkgp/Custom_MaskRCNN,clone_failed,False,0,0,0,,,0,0,0,0,0,False,,False,,False,,False,,False,,False,,error: copy-fd: write returned: No space left on device
https://github.com/amazon-archives/aws-robomaker-sample-application-deepracer,clone_failed,False,0,0,0,,,0,0,0,0,0,False,,False,,False,,False,,False,,False,,error: copy-fd: write returned: No space left on device
https://github.com/halley86/libra,clone_failed,False,0,0,0,,,0,0,0,0,0,False,,False,,False,,False,,False,,False,,error: copy-fd: write returned: No space left on device
https://github.com/amogh-w/COVIDian,clone_failed,False,0,0,0,,,0,0,0,0,0,False,,False,,False,,False,,False,,False,,fatal: cannot copy 'C:/Program Files/Git/mingw64/share/git-core/templates/hooks/pre-commit.sample' to 'D:/scan_tmp/scan_ab8x2eui/repo/.git/hooks/pre-commit.sample': No space left on device
https://github.com/david-octo/annotation,clone_failed,False,0,0,0,,,0,0,0,0,0,False,,False,,False,,False,,False,,False,,error: copy-fd: write returned: No space left on device
https://github.com/ImJsaw/maskRCNN-backgoundRemove,clone_failed,False,0,0,0,,,0,0,0,0,0,False,,False,,False,,False,,False,,False,,error: copy-fd: write returned: No space left on device
https://github.com/ck37/coral-ordinal,clone_failed,False,0,0,0,,,0,0,0,0,0,False,,False,,False,,False,,False,,False,,error: copy-fd: write returned: No space left on device
https://github.com/zjr1234/zjrtest,clone_failed,False,0,0,0,,,0,0,0,0,0,False,,False,,False,,False,,False,,False,,error: copy-fd: write returned: No space left on device
https://github.com/nickjalbert/reading,clone_failed,False,0,0,0,,,0,0,0,0,0,False,,False,,False,,False,,False,,False,,error: could not lock config file D:/scan_tmp/scan_s74qgq9_/repo/.git/config: No space left on device
https://github.com/brainhack-school2020/deep_representational_learning,clone_failed,False,0,0,0,,,0,0,0,0,0,False,,False,,False,,False,,False,,False,,error: copy-fd: write returned: No space left on device
https://github.com/udaybhanupathania-zz/LearnMLEndtoEndMLBook,clone_failed,False,0,0,0,,,0,0,0,0,0,False,,False,,False,,False,,False,,False,,fatal: write error: No space left on device
https://github.com/vijay-khanna/amazon-sagemaker-examples,clone_failed,False,0,0,0,,,0,0,0,0,0,False,,False,,False,,False,,False,,False,,error: copy-fd: write returned: No space left on device
https://github.com/frankkramer-lab/covid19.MIScnn,clone_failed,False,0,0,0,,,0,0,0,0,0,False,,False,,False,,False,,False,,False,,error: copy-fd: write returned: No space left on device
https://github.com/HanaChew/CarND-CapstoneProject,clone_failed,False,0,0,0,,,0,0,0,0,0,False,,False,,False,,False,,False,,False,,error: copy-fd: write returned: No space left on device
https://github.com/DeligientSloth/bert-tensorflow,clone_failed,False,0,0,0,,,0,0,0,0,0,False,,False,,False,,False,,False,,False,,error: copy-fd: write returned: No space left on device
https://github.com/VGras/orquestra-nn,clone_failed,False,0,0,0,,,0,0,0,0,0,False,,False,,False,,False,,False,,False,,fatal: sha1 file 'D:/scan_tmp/scan_337_25hg/repo/.git/objects/pack/tmp_idx_koL8iV' write error. Out of diskspace
https://github.com/zaccharieramzi/tfkbnufft,clone_failed,False,0,0,0,,,0,0,0,0,0,False,,False,,False,,False,,False,,False,,error: copy-fd: write returned: No space left on device
https://github.com/RiTUAL-UH/Font_LDL_2020,clone_failed,False,0,0,0,,,0,0,0,0,0,False,,False,,False,,False,,False,,False,,error: copy-fd: write returned: No space left on device
https://github.com/bio-ontology-research-group/machine-learning-with-ontologies,clone_failed,False,0,0,0,,,0,0,0,0,0,False,,False,,False,,False,,False,,False,,error: copy-fd: write returned: No space left on device
https://github.com/Woadej/object_detection_demoFILESIZE,clone_failed,False,0,0,0,,,0,0,0,0,0,False,,False,,False,,False,,False,,False,,error: copy-fd: write returned: No space left on device
https://github.com/DL-2020-Shakespeare/DL-2020-Shakespeare,clone_failed,False,0,0,0,,,0,0,0,0,0,False,,False,,False,,False,,False,,False,,error: copy-fd: write returned: No space left on device
https://github.com/AlixYAN/Projet_S9,clone_failed,False,0,0,0,,,0,0,0,0,0,False,,False,,False,,False,,False,,False,,error: copy-fd: write returned: No space left on device
https://github.com/jakeret/unet,clone_failed,False,0,0,0,,,0,0,0,0,0,False,,False,,False,,False,,False,,False,,fatal: write error: No space left on device
https://github.com/nikhilarunw/tensorpack,clone_failed,False,0,0,0,,,0,0,0,0,0,False,,False,,False,,False,,False,,False,,error: copy-fd: write returned: No space left on device
https://github.com/mallikhrao/object_detection_demo,clone_failed,False,0,0,0,,,0,0,0,0,0,False,,False,,False,,False,,False,,False,,error: copy-fd: write returned: No space left on device
https://github.com/nishanthrs/WallStreetBetTendies,clone_failed,False,0,0,0,,,0,0,0,0,0,False,,False,,False,,False,,False,,False,,error: copy-fd: write returned: No space left on device
https://github.com/komal-SkyNET/ai-neural-networks,clone_failed,False,0,0,0,,,0,0,0,0,0,False,,False,,False,,False,,False,,False,,error: copy-fd: write returned: No space left on device
https://github.com/Fictizia/Master-en-Big-Data-y-Machine-Learning_ed1,clone_failed,False,0,0,0,,,0,0,0,0,0,False,,False,,False,,False,,False,,False,,error: copy-fd: write returned: No space left on device
https://github.com/aiporre/multidataloader,clone_failed,False,0,0,0,,,0,0,0,0,0,False,,False,,False,,False,,False,,False,,error: copy-fd: write returned: No space left on device
https://github.com/dswanderley/detntorch,clone_failed,False,0,0,0,,,0,0,0,0,0,False,,False,,False,,False,,False,,False,,error: copy-fd: write returned: No space left on device
https://github.com/UrosOgrizovic/SimpleGoogleQuickdraw,clone_failed,False,0,0,0,,,0,0,0,0,0,False,,False,,False,,False,,False,,False,,error: copy-fd: write returned: No space left on device
https://github.com/evraz42/SeparatorsCompTech2020,clone_failed,False,0,0,0,,,0,0,0,0,0,False,,False,,False,,False,,False,,False,,error: copy-fd: write returned: No space left on device
https://github.com/lkmklsmn/DrivAER,clone_failed,False,0,0,0,,,0,0,0,0,0,False,,False,,False,,False,,False,,False,,error: copy-fd: write returned: No space left on device
https://github.com/q275212/rlcard,clone_failed,False,0,0,0,,,0,0,0,0,0,False,,False,,False,,False,,False,,False,,error: copy-fd: write returned: No space left on device
https://github.com/brandontrabucco/diffopt,clone_failed,False,0,0,0,,,0,0,0,0,0,False,,False,,False,,False,,False,,False,,error: copy-fd: write returned: No space left on device
https://github.com/Nilusha21/first-repo,clone_failed,False,0,0,0,,,0,0,0,0,0,False,,False,,False,,False,,False,,False,,error: copy-fd: write returned: No space left on device
https://github.com/piroLight/unity-ml-agent,clone_failed,False,0,0,0,,,0,0,0,0,0,False,,False,,False,,False,,False,,False,,error: copy-fd: write returned: No space left on device
https://github.com/malin9402/tf20,clone_failed,False,0,0,0,,,0,0,0,0,0,False,,False,,False,,False,,False,,False,,error: copy-fd: write returned: No space left on device
https://github.com/K-Kielak/clara,clone_failed,False,0,0,0,,,0,0,0,0,0,False,,False,,False,,False,,False,,False,,error: copy-fd: write returned: No space left on device
https://github.com/tim0114gap/myproject,clone_failed,False,0,0,0,,,0,0,0,0,0,False,,False,,False,,False,,False,,False,,error: copy-fd: write returned: No space left on device
https://github.com/JoeyLI17/Lincoln_System_Integration_ROS,clone_failed,False,0,0,0,,,0,0,0,0,0,False,,False,,False,,False,,False,,False,,error: copy-fd: write returned: No space left on device
https://github.com/sisl/NNet,clone_failed,False,0,0,0,,,0,0,0,0,0,False,,False,,False,,False,,False,,False,,error: copy-fd: write returned: No space left on device
https://github.com/wildlyclassyprince/data-playground,clone_failed,False,0,0,0,,,0,0,0,0,0,False,,False,,False,,False,,False,,False,,fatal: write error: No space left on device
https://github.com/maxwells-daemons/seldon,clone_failed,False,0,0,0,,,0,0,0,0,0,False,,False,,False,,False,,False,,False,,error: copy-fd: write returned: No space left on device
https://github.com/tensorflow/fairness-indicators,clone_failed,False,0,0,0,,,0,0,0,0,0,False,,False,,False,,False,,False,,False,,error: copy-fd: write returned: No space left on device
https://github.com/EdgarACarneiro/fcup-bdcc,clone_failed,False,0,0,0,,,0,0,0,0,0,False,,False,,False,,False,,False,,False,,error: copy-fd: write returned: No space left on device
https://github.com/autobotasia/vibert,clone_failed,False,0,0,0,,,0,0,0,0,0,False,,False,,False,,False,,False,,False,,error: copy-fd: write returned: No space left on device
https://github.com/mkumar84/Geron-s-book-notebook,clone_failed,False,0,0,0,,,0,0,0,0,0,False,,False,,False,,False,,False,,False,,error: copy-fd: write returned: No space left on device
https://github.com/Joshuaalbert/bayes_gain_screens,clone_failed,False,0,0,0,,,0,0,0,0,0,False,,False,,False,,False,,False,,False,,error: copy-fd: write returned: No space left on device
https://github.com/jnhunsberger/requex_private,clone_failed,False,0,0,0,,,0,0,0,0,0,False,,False,,False,,False,,False,,False,,error: copy-fd: write returned: No space left on device
https://github.com/nlpaueb/SumQE,clone_failed,False,0,0,0,,,0,0,0,0,0,False,,False,,False,,False,,False,,False,,error: copy-fd: write returned: No space left on device
https://github.com/Komarovec/NeuralQsandbox,clone_failed,False,0,0,0,,,0,0,0,0,0,False,,False,,False,,False,,False,,False,,error: copy-fd: write returned: No space left on device
https://github.com/nicktfranklin/SEM2,clone_failed,False,0,0,0,,,0,0,0,0,0,False,,False,,False,,False,,False,,False,,error: copy-fd: write returned: No space left on device
https://github.com/dimahwang88/mrcnn-gcp,clone_failed,False,0,0,0,,,0,0,0,0,0,False,,False,,False,,False,,False,,False,,error: could not lock config file D:/scan_tmp/scan_mjep72_9/repo/.git/config: No space left on device
https://github.com/danielsmith1313/Robot,clone_failed,False,0,0,0,,,0,0,0,0,0,False,,False,,False,,False,,False,,False,,error: copy-fd: write returned: No space left on device
https://github.com/Didayolo/autopandas,clone_failed,False,0,0,0,,,0,0,0,0,0,False,,False,,False,,False,,False,,False,,error: copy-fd: write returned: No space left on device
https://github.com/kw01sg/neural-style-transfer,clone_failed,False,0,0,0,,,0,0,0,0,0,False,,False,,False,,False,,False,,False,,error: copy-fd: write returned: No space left on device
https://github.com/maxned/TrailPi,clone_failed,False,0,0,0,,,0,0,0,0,0,False,,False,,False,,False,,False,,False,,error: copy-fd: write returned: No space left on device
https://github.com/jg10545/patchwork,clone_failed,False,0,0,0,,,0,0,0,0,0,False,,False,,False,,False,,False,,False,,error: copy-fd: write returned: No space left on device
https://github.com/cuican1432/nlu-naluhodo,clone_failed,False,0,0,0,,,0,0,0,0,0,False,,False,,False,,False,,False,,False,,error: copy-fd: write returned: No space left on device
https://github.com/mesutpiskin/computer-vision-guide,clone_failed,False,0,0,0,,,0,0,0,0,0,False,,False,,False,,False,,False,,False,,error: copy-fd: write returned: No space left on device
https://github.com/RoboticsLabURJC/2019-phd-alberto-martin,clone_failed,False,0,0,0,,,0,0,0,0,0,False,,False,,False,,False,,False,,False,,error: copy-fd: write returned: No space left on device
https://github.com/kpe/params-flow,clone_failed,False,0,0,0,,,0,0,0,0,0,False,,False,,False,,False,,False,,False,,error: copy-fd: write returned: No space left on device
https://github.com/xiaobaibaibaibai/ENB691,clone_failed,False,0,0,0,,,0,0,0,0,0,False,,False,,False,,False,,False,,False,,error: copy-fd: write returned: No space left on device
https://github.com/kasperschnack/vizdoom-docker-jupyter-setup,clone_failed,False,0,0,0,,,0,0,0,0,0,False,,False,,False,,False,,False,,False,,error: copy-fd: write returned: No space left on device
https://github.com/SergeyKalutsky/vsc,clone_failed,False,0,0,0,,,0,0,0,0,0,False,,False,,False,,False,,False,,False,,error: copy-fd: write returned: No space left on device
https://github.com/adhityan1997/yolo,clone_failed,False,0,0,0,,,0,0,0,0,0,False,,False,,False,,False,,False,,False,,error: copy-fd: write returned: No space left on device
https://github.com/Anchormen/snacks-hacks-tfgan,clone_failed,False,0,0,0,,,0,0,0,0,0,False,,False,,False,,False,,False,,False,,fatal: write error: No space left on device
https://github.com/DandyQi/bert-learning,clone_failed,False,0,0,0,,,0,0,0,0,0,False,,False,,False,,False,,False,,False,,error: copy-fd: write returned: No space left on device
https://github.com/kuredatan/nn-visu,clone_failed,False,0,0,0,,,0,0,0,0,0,False,,False,,False,,False,,False,,False,,error: copy-fd: write returned: No space left on device
https://github.com/saalfeldlab/eqip,clone_failed,False,0,0,0,,,0,0,0,0,0,False,,False,,False,,False,,False,,False,,error: copy-fd: write returned: No space left on device
https://github.com/Valentine233/Cyber-attack-detection,clone_failed,False,0,0,0,,,0,0,0,0,0,False,,False,,False,,False,,False,,False,,error: copy-fd: write returned: No space left on device
https://github.com/B-urb/deep-learning-udacity,clone_failed,False,0,0,0,,,0,0,0,0,0,False,,False,,False,,False,,False,,False,,error: copy-fd: write returned: No space left on device
https://github.com/stevewyl/nlp_toolkit,clone_failed,False,0,0,0,,,0,0,0,0,0,False,,False,,False,,False,,False,,False,,error: copy-fd: write returned: No space left on device
https://github.com/CarlosGomes98/Image_Colorization,clone_failed,False,0,0,0,,,0,0,0,0,0,False,,False,,False,,False,,False,,False,,error: copy-fd: write returned: No space left on device
https://github.com/simplysameer333/MachineLearning,clone_failed,False,0,0,0,,,0,0,0,0,0,False,,False,,False,,False,,False,,False,,error: copy-fd: write returned: No space left on device
https://github.com/MarcJavin/ODYNN,clone_failed,False,0,0,0,,,0,0,0,0,0,False,,False,,False,,False,,False,,False,,error: copy-fd: write returned: No space left on device
https://github.com/ifis-tu-bs/pyKE,clone_failed,False,0,0,0,,,0,0,0,0,0,False,,False,,False,,False,,False,,False,,error: copy-fd: write returned: No space left on device
https://github.com/dishen12/keras-maskrcnn,clone_failed,False,0,0,0,,,0,0,0,0,0,False,,False,,False,,False,,False,,False,,error: copy-fd: write returned: No space left on device
https://github.com/water-vapor/AlphaZero,clone_failed,False,0,0,0,,,0,0,0,0,0,False,,False,,False,,False,,False,,False,,error: copy-fd: write returned: No space left on device
https://github.com/buddly27/stylish,clone_failed,False,0,0,0,,,0,0,0,0,0,False,,False,,False,,False,,False,,False,,error: copy-fd: write returned: No space left on device
https://github.com/jmj23/deep-learning,clone_failed,False,0,0,0,,,0,0,0,0,0,False,,False,,False,,False,,False,,False,,error: copy-fd: write returned: No space left on device
https://github.com/jamesjarlathlong/groningen,clone_failed,False,0,0,0,,,0,0,0,0,0,False,,False,,False,,False,,False,,False,,error: copy-fd: write returned: No space left on device
https://github.com/Mark110/TensorFlow-run-Deep-Learning,clone_failed,False,0,0,0,,,0,0,0,0,0,False,,False,,False,,False,,False,,False,,fatal: write error: No space left on device
https://github.com/ahoereth/pysnake,clone_failed,False,0,0,0,,,0,0,0,0,0,False,,False,,False,,False,,False,,False,,error: copy-fd: write returned: No space left on device
https://github.com/allspeak/api.allspeak.eu,clone_failed,False,0,0,0,,,0,0,0,0,0,False,,False,,False,,False,,False,,False,,error: copy-fd: write returned: No space left on device
https://github.com/BlueLens/bl-magi,clone_failed,False,0,0,0,,,0,0,0,0,0,False,,False,,False,,False,,False,,False,,error: copy-fd: write returned: No space left on device
https://github.com/lorelai22/colorizing,clone_failed,False,0,0,0,,,0,0,0,0,0,False,,False,,False,,False,,False,,False,,error: copy-fd: write returned: No space left on device
https://github.com/austospumanto/ateam-project,clone_failed,False,0,0,0,,,0,0,0,0,0,False,,False,,False,,False,,False,,False,,error: copy-fd: write returned: No space left on device
https://github.com/nerziego/deep-learning,clone_failed,False,0,0,0,,,0,0,0,0,0,False,,False,,False,,False,,False,,False,,error: copy-fd: write returned: No space left on device
https://github.com/nwhidden/ND101-Deep-Learning,clone_failed,False,0,0,0,,,0,0,0,0,0,False,,False,,False,,False,,False,,False,,error: copy-fd: write returned: No space left on device
https://github.com/hmajid2301/EmotionCommotion,clone_failed,False,0,0,0,,,0,0,0,0,0,False,,False,,False,,False,,False,,False,,error: copy-fd: write returned: No space left on device
https://github.com/hengluchang/deep-news-summarization,clone_failed,False,0,0,0,,,0,0,0,0,0,False,,False,,False,,False,,False,,False,,error: copy-fd: write returned: No space left on device
https://github.com/DanielSlater/tensordynamic,clone_failed,False,0,0,0,,,0,0,0,0,0,False,,False,,False,,False,,False,,False,,error: copy-fd: write returned: No space left on device
https://github.com/ralf-meyer/NeuralNetworks,clone_failed,False,0,0,0,,,0,0,0,0,0,False,,False,,False,,False,,False,,False,,error: copy-fd: write returned: No space left on device
https://github.com/titomiguelcosta/fusebox,clone_failed,False,0,0,0,,,0,0,0,0,0,False,,False,,False,,False,,False,,False,,error: copy-fd: write returned: No space left on device
https://github.com/hmmlearn/hmmlearn,clone_failed,False,0,0,0,,,0,0,0,0,0,False,,False,,False,,False,,False,,False,,error: copy-fd: write returned: No space left on device
https://github.com/ottogroup/dstoolbox,clone_failed,False,0,0,0,,,0,0,0,0,0,False,,False,,False,,False,,False,,False,,error: copy-fd: write returned: No space left on device
https://github.com/bioinf-jku/binet,clone_failed,False,0,0,0,,,0,0,0,0,0,False,,False,,False,,False,,False,,False,,error: copy-fd: write returned: No space left on device
https://github.com/lovit/soykeyword,clone_failed,False,0,0,0,,,0,0,0,0,0,False,,False,,False,,False,,False,,False,,error: copy-fd: write returned: No space left on device
https://github.com/mhalushka/miRge,clone_failed,False,0,0,0,,,0,0,0,0,0,False,,False,,False,,False,,False,,False,,error: copy-fd: write returned: No space left on device
https://github.com/w4k2/stream-learn,clone_failed,False,0,0,0,,,0,0,0,0,0,False,,False,,False,,False,,False,,False,,error: copy-fd: write returned: No space left on device
https://github.com/johannfaouzi/pyts,clone_failed,False,0,0,0,,,0,0,0,0,0,False,,False,,False,,False,,False,,False,,error: copy-fd: write returned: No space left on device
https://github.com/FordyceLab/MRBLEs,clone_failed,False,0,0,0,,,0,0,0,0,0,False,,False,,False,,False,,False,,False,,error: copy-fd: write returned: No space left on device
https://github.com/fcomitani/simpsom,clone_failed,False,0,0,0,,,0,0,0,0,0,False,,False,,False,,False,,False,,False,,error: copy-fd: write returned: No space left on device
https://github.com/ajayvtiwari/Python-Scripts,clone_failed,False,0,0,0,,,0,0,0,0,0,False,,False,,False,,False,,False,,False,,error: copy-fd: write returned: No space left on device
https://github.com/Klebert-Engineering/deep-spell-9,clone_failed,False,0,0,0,,,0,0,0,0,0,False,,False,,False,,False,,False,,False,,error: copy-fd: write returned: No space left on device
https://github.com/daguge/DRL-TORCH,clone_failed,False,0,0,0,,,0,0,0,0,0,False,,False,,False,,False,,False,,False,,error: copy-fd: write returned: No space left on device
https://github.com/s-elo/DNN-Blockchain,clone_failed,False,0,0,0,,,0,0,0,0,0,False,,False,,False,,False,,False,,False,,error: copy-fd: write returned: No space left on device
https://github.com/bajiao123/Mytest,clone_failed,False,0,0,0,,,0,0,0,0,0,False,,False,,False,,False,,False,,False,,error: copy-fd: write returned: No space left on device
https://github.com/emxly-21/aslan,clone_failed,False,0,0,0,,,0,0,0,0,0,False,,False,,False,,False,,False,,False,,error: copy-fd: write returned: No space left on device
https://github.com/deeplearning2020/normalizing-flows,clone_failed,False,0,0,0,,,0,0,0,0,0,False,,False,,False,,False,,False,,False,,error: copy-fd: write returned: No space left on device
https://github.com/joonwonpark/kickboard_helmet_project,clone_failed,False,0,0,0,,,0,0,0,0,0,False,,False,,False,,False,,False,,False,,error: copy-fd: write returned: No space left on device
https://github.com/okok0415/imsafe_backend_1.1,clone_failed,False,0,0,0,,,0,0,0,0,0,False,,False,,False,,False,,False,,False,,error: copy-fd: write returned: No space left on device
https://github.com/Aye-saac/aye-saac,clone_failed,False,0,0,0,,,0,0,0,0,0,False,,False,,False,,False,,False,,False,,error: copy-fd: write returned: No space left on device
https://github.com/stnava/ANTsPyMM,clone_failed,False,0,0,0,,,0,0,0,0,0,False,,False,,False,,False,,False,,False,,error: copy-fd: write returned: No space left on device
https://github.com/Praveer7/Hands-on-ML-notes,clone_failed,False,0,0,0,,,0,0,0,0,0,False,,False,,False,,False,,False,,False,,error: copy-fd: write returned: No space left on device
https://github.com/georgeoshardo/SyMBac,clone_failed,False,0,0,0,,,0,0,0,0,0,False,,False,,False,,False,,False,,False,,fatal: write error: No space left on device
https://github.com/fastmachinelearning/gw-iaas,clone_failed,False,0,0,0,,,0,0,0,0,0,False,,False,,False,,False,,False,,False,,error: copy-fd: write returned: No space left on device
https://github.com/fpaupier/tensorflow-serving_sidecar,clone_failed,False,0,0,0,,,0,0,0,0,0,False,,False,,False,,False,,False,,False,,error: copy-fd: write returned: No space left on device
https://github.com/AutocoinLab/autopycoin,clone_failed,False,0,0,0,,,0,0,0,0,0,False,,False,,False,,False,,False,,False,,error: copy-fd: write returned: No space left on device
https://github.com/scaltintasli/Airport-Runway-FOD,clone_failed,False,0,0,0,,,0,0,0,0,0,False,,False,,False,,False,,False,,False,,error: copy-fd: write returned: No space left on device
https://github.com/WooJaaEon/handson-ml2,clone_failed,False,0,0,0,,,0,0,0,0,0,False,,False,,False,,False,,False,,False,,error: copy-fd: write returned: No space left on device
https://github.com/mweiss17/polytax,clone_failed,False,0,0,0,,,0,0,0,0,0,False,,False,,False,,False,,False,,False,,error: copy-fd: write returned: No space left on device
https://github.com/JinLabBioinfo/DeepLoop,clone_failed,False,0,0,0,,,0,0,0,0,0,False,,False,,False,,False,,False,,False,,error: copy-fd: write returned: No space left on device
https://github.com/anishathalye/neural-style,clone_failed,False,0,0,0,,,0,0,0,0,0,False,,False,,False,,False,,False,,False,,error: copy-fd: write returned: No space left on device
https://github.com/hojunkimdev/Mask_RCNN_CUSTOM,clone_failed,False,0,0,0,,,0,0,0,0,0,False,,False,,False,,False,,False,,False,,fatal: write error: No space left on device
https://github.com/OuyangWenyu/elks,clone_failed,False,0,0,0,,,0,0,0,0,0,False,,False,,False,,False,,False,,False,,error: copy-fd: write returned: No space left on device
https://github.com/pclubiitk/model-zoo,clone_failed,False,0,0,0,,,0,0,0,0,0,False,,False,,False,,False,,False,,False,,error: copy-fd: write returned: No space left on device
https://github.com/schreiber-lab/mlreflect,clone_failed,False,0,0,0,,,0,0,0,0,0,False,,False,,False,,False,,False,,False,,error: copy-fd: write returned: No space left on device
https://github.com/seahrh/kaggle-coleridge-initiative,clone_failed,False,0,0,0,,,0,0,0,0,0,False,,False,,False,,False,,False,,False,,error: copy-fd: write returned: No space left on device
https://github.com/hjkim-haga/TF-OD-API,clone_failed,False,0,0,0,,,0,0,0,0,0,False,,False,,False,,False,,False,,False,,error: copy-fd: write returned: No space left on device
https://github.com/tpmmthomas/fyp-chord-identification,clone_failed,False,0,0,0,,,0,0,0,0,0,False,,False,,False,,False,,False,,False,,error: copy-fd: write returned: No space left on device
https://github.com/ShahabSam/RCNN,clone_failed,False,0,0,0,,,0,0,0,0,0,False,,False,,False,,False,,False,,False,,error: copy-fd: write returned: No space left on device
https://github.com/AyberkYavuz/artificial_neural_network_automation,clone_failed,False,0,0,0,,,0,0,0,0,0,False,,False,,False,,False,,False,,False,,error: copy-fd: write returned: No space left on device
https://github.com/mhrahimzadeh1374/Mask_RCNN_EfficientNetB4,clone_failed,False,0,0,0,,,0,0,0,0,0,False,,False,,False,,False,,False,,False,,error: copy-fd: write returned: No space left on device
https://github.com/windaangellina/RustDetector,clone_failed,False,0,0,0,,,0,0,0,0,0,False,,False,,False,,False,,False,,False,,error: copy-fd: write returned: No space left on device
https://github.com/google/brax,clone_failed,False,0,0,0,,,0,0,0,0,0,False,,False,,False,,False,,False,,False,,error: copy-fd: write returned: No space left on device
https://github.com/zousophie/TransUnet,clone_failed,False,0,0,0,,,0,0,0,0,0,False,,False,,False,,False,,False,,False,,error: copy-fd: write returned: No space left on device
https://github.com/Jubin1122/Object-Detection-Mask-RCNN,clone_failed,False,0,0,0,,,0,0,0,0,0,False,,False,,False,,False,,False,,False,,error: copy-fd: write returned: No space left on device
https://github.com/bambrozio/dit-dl-ca-cnn-svhn,clone_failed,False,0,0,0,,,0,0,0,0,0,False,,False,,False,,False,,False,,False,,error: copy-fd: write returned: No space left on device
https://github.com/anlosldn/SKU110K_CVPR19,clone_failed,False,0,0,0,,,0,0,0,0,0,False,,False,,False,,False,,False,,False,,error: copy-fd: write returned: No space left on device
https://github.com/tajsandhu/CMPE_258_Group_Project,clone_failed,False,0,0,0,,,0,0,0,0,0,False,,False,,False,,False,,False,,False,,error: copy-fd: write returned: No space left on device
https://github.com/fcr3/aeolux,clone_failed,False,0,0,0,,,0,0,0,0,0,False,,False,,False,,False,,False,,False,,error: copy-fd: write returned: No space left on device
https://github.com/horoiwa/deep_reinforcement_learning_gallery,clone_failed,False,0,0,0,,,0,0,0,0,0,False,,False,,False,,False,,False,,False,,error: copy-fd: write returned: No space left on device
https://github.com/funkelab/linajea,clone_failed,False,0,0,0,,,0,0,0,0,0,False,,False,,False,,False,,False,,False,,error: copy-fd: write returned: No space left on device
https://github.com/P4wn04178/capstone,clone_failed,False,0,0,0,,,0,0,0,0,0,False,,False,,False,,False,,False,,False,,fatal: write error: No space left on device
https://github.com/Vipendra-pal-rajput/Text-and-image-detection-using-YoloV3,clone_failed,False,0,0,0,,,0,0,0,0,0,False,,False,,False,,False,,False,,False,,error: copy-fd: write returned: No space left on device
https://github.com/RyanSaxe/mtg,clone_failed,False,0,0,0,,,0,0,0,0,0,False,,False,,False,,False,,False,,False,,fatal: write error: No space left on device
https://github.com/QiuSYang/deep-learning-study,clone_failed,False,0,0,0,,,0,0,0,0,0,False,,False,,False,,False,,False,,False,,error: copy-fd: write returned: No space left on device
https://github.com/kc3hack/2021_f,clone_failed,False,0,0,0,,,0,0,0,0,0,False,,False,,False,,False,,False,,False,,error: copy-fd: write returned: No space left on device
https://github.com/NASA-IMPACT/workshop_notebooks,clone_failed,False,0,0,0,,,0,0,0,0,0,False,,False,,False,,False,,False,,False,,error: copy-fd: write returned: No space left on device
https://github.com/gante/mmWave-localization-learning,clone_failed,False,0,0,0,,,0,0,0,0,0,False,,False,,False,,False,,False,,False,,error: copy-fd: write returned: No space left on device
https://github.com/Thinh127/TensorFlow,clone_failed,False,0,0,0,,,0,0,0,0,0,False,,False,,False,,False,,False,,False,,fatal: write error: No space left on device
https://github.com/umutkcbs/hope-autonomous-driving,clone_failed,False,0,0,0,,,0,0,0,0,0,False,,False,,False,,False,,False,,False,,error: copy-fd: write returned: No space left on device
https://github.com/KanVull/Diplom,clone_failed,False,0,0,0,,,0,0,0,0,0,False,,False,,False,,False,,False,,False,,fatal: cannot copy 'C:/Program Files/Git/mingw64/share/git-core/templates/hooks/pre-commit.sample' to 'D:/scan_tmp/scan_kmqpd0xy/repo/.git/hooks/pre-commit.sample': No space left on device
https://github.com/zaidhassanch/PointerNetworks,clone_failed,False,0,0,0,,,0,0,0,0,0,False,,False,,False,,False,,False,,False,,error: copy-fd: write returned: No space left on device
https://github.com/achrafBenHamou/Deep_Learning,clone_failed,False,0,0,0,,,0,0,0,0,0,False,,False,,False,,False,,False,,False,,error: copy-fd: write returned: No space left on device
https://github.com/CEPrE-Unilurio/ai4coral,clone_failed,False,0,0,0,,,0,0,0,0,0,False,,False,,False,,False,,False,,False,,error: copy-fd: write returned: No space left on device
https://github.com/johnwlambert/waymo_to_argoverse,clone_failed,False,0,0,0,,,0,0,0,0,0,False,,False,,False,,False,,False,,False,,error: copy-fd: write returned: No space left on device
https://github.com/pjdaye/AGENT,clone_failed,False,0,0,0,,,0,0,0,0,0,False,,False,,False,,False,,False,,False,,error: copy-fd: write returned: No space left on device
https://github.com/vivaan-park/go,clone_failed,False,0,0,0,,,0,0,0,0,0,False,,False,,False,,False,,False,,False,,error: copy-fd: write returned: No space left on device
https://github.com/javiermas/smart-energy,clone_failed,False,0,0,0,,,0,0,0,0,0,False,,False,,False,,False,,False,,False,,error: copy-fd: write returned: No space left on device
https://github.com/MachineLP/CodeFun,clone_failed,False,0,0,0,,,0,0,0,0,0,False,,False,,False,,False,,False,,False,,error: copy-fd: write returned: No space left on device
https://github.com/JonasRosenzweig/RLProject,clone_failed,False,0,0,0,,,0,0,0,0,0,False,,False,,False,,False,,False,,False,,error: copy-fd: write returned: No space left on device
https://github.com/Xiang-cd/realsafe,clone_failed,False,0,0,0,,,0,0,0,0,0,False,,False,,False,,False,,False,,False,,error: copy-fd: write returned: No space left on device
https://github.com/cameron-raymond/CISC-452-Research-Project,clone_failed,False,0,0,0,,,0,0,0,0,0,False,,False,,False,,False,,False,,False,,error: copy-fd: write returned: No space left on device
https://github.com/jasonwlw/IMDWID,clone_failed,False,0,0,0,,,0,0,0,0,0,False,,False,,False,,False,,False,,False,,error: copy-fd: write returned: No space left on device
https://github.com/tidpr/vectorhub,clone_failed,False,0,0,0,,,0,0,0,0,0,False,,False,,False,,False,,False,,False,,error: copy-fd: write returned: No space left on device
https://github.com/namishkhanna/hacktoberfest2020,clone_failed,False,0,0,0,,,0,0,0,0,0,False,,False,,False,,False,,False,,False,,error: copy-fd: write returned: No space left on device
https://github.com/awaisahmadfg/Data-Science-Portfolio,clone_failed,False,0,0,0,,,0,0,0,0,0,False,,False,,False,,False,,False,,False,,fatal: cannot copy 'C:/Program Files/Git/mingw64/share/git-core/templates/hooks/pre-commit.sample' to 'D:/scan_tmp/scan_1xgl2tzn/repo/.git/hooks/pre-commit.sample': No space left on device
https://github.com/gevaertlab/miccai-cpm-ensemble,clone_failed,False,0,0,0,,,0,0,0,0,0,False,,False,,False,,False,,False,,False,,error: copy-fd: write returned: No space left on device
https://github.com/Jnkmura/Reinforcement-Learning,clone_failed,False,0,0,0,,,0,0,0,0,0,False,,False,,False,,False,,False,,False,,error: copy-fd: write returned: No space left on device
https://github.com/KoshurNizam/batukh,clone_failed,False,0,0,0,,,0,0,0,0,0,False,,False,,False,,False,,False,,False,,error: copy-fd: write returned: No space left on device
https://github.com/yinxusen/deepword,clone_failed,False,0,0,0,,,0,0,0,0,0,False,,False,,False,,False,,False,,False,,error: copy-fd: write returned: No space left on device
https://github.com/sarisabban/RamaNet,clone_failed,False,0,0,0,,,0,0,0,0,0,False,,False,,False,,False,,False,,False,,error: copy-fd: write returned: No space left on device
https://github.com/jiayu-ch15/Variational-Automatic-Curriculum-Learning,clone_failed,False,0,0,0,,,0,0,0,0,0,False,,False,,False,,False,,False,,False,,error: copy-fd: write returned: No space left on device
https://github.com/noahfl/densenet-sdr,clone_failed,False,0,0,0,,,0,0,0,0,0,False,,False,,False,,False,,False,,False,,error: copy-fd: write returned: No space left on device
https://github.com/SPadmavathi/Machinelearning,clone_failed,False,0,0,0,,,0,0,0,0,0,False,,False,,False,,False,,False,,False,,error: copy-fd: write returned: No space left on device
https://github.com/MSDS698/whatrthose,clone_failed,False,0,0,0,,,0,0,0,0,0,False,,False,,False,,False,,False,,False,,fatal: write error: No space left on device
https://github.com/benoitkoenig/ghost_scan,clone_failed,False,0,0,0,,,0,0,0,0,0,False,,False,,False,,False,,False,,False,,error: copy-fd: write returned: No space left on device
https://github.com/physimals/vaby_avb,clone_failed,False,0,0,0,,,0,0,0,0,0,False,,False,,False,,False,,False,,False,,fatal: write error: No space left on device
https://github.com/leeshien/mytensorpack,clone_failed,False,0,0,0,,,0,0,0,0,0,False,,False,,False,,False,,False,,False,,error: copy-fd: write returned: No space left on device
https://github.com/kenjirotorii/burger_war_tk,clone_failed,False,0,0,0,,,0,0,0,0,0,False,,False,,False,,False,,False,,False,,error: copy-fd: write returned: No space left on device
https://github.com/aws-samples/aws-robomaker-sample-application-meirorunner,clone_failed,False,0,0,0,,,0,0,0,0,0,False,,False,,False,,False,,False,,False,,error: copy-fd: write returned: No space left on device
https://github.com/oscar1234456/yoloTest,clone_failed,False,0,0,0,,,0,0,0,0,0,False,,False,,False,,False,,False,,False,,fatal: write error: No space left on device
https://github.com/WBuddhi/Albert,clone_failed,False,0,0,0,,,0,0,0,0,0,False,,False,,False,,False,,False,,False,,error: copy-fd: write returned: No space left on device
https://github.com/timurlenk07/sim2real_lane_segment,clone_failed,False,0,0,0,,,0,0,0,0,0,False,,False,,False,,False,,False,,False,,fatal: write error: No space left on device
https://github.com/raviwes/MachineLearning,clone_failed,False,0,0,0,,,0,0,0,0,0,False,,False,,False,,False,,False,,False,,error: copy-fd: write returned: No space left on device
https://github.com/danieljtait/tenfem,clone_failed,False,0,0,0,,,0,0,0,0,0,False,,False,,False,,False,,False,,False,,error: copy-fd: write returned: No space left on device
https://github.com/WeiHuang05/Neural-Tangent-Kernel-with-Orthogonal-Initialization,clone_failed,False,0,0,0,,,0,0,0,0,0,False,,False,,False,,False,,False,,False,,error: copy-fd: write returned: No space left on device
https://github.com/MLH-Fellowship/0.1.1-BLM-Tracker,clone_failed,False,0,0,0,,,0,0,0,0,0,False,,False,,False,,False,,False,,False,,error: copy-fd: write returned: No space left on device
https://github.com/RHariSankar/yolo_custom,clone_failed,False,0,0,0,,,0,0,0,0,0,False,,False,,False,,False,,False,,False,,error: copy-fd: write returned: No space left on device
https://github.com/vinodnrsc/Mask_RCNN,clone_failed,False,0,0,0,,,0,0,0,0,0,False,,False,,False,,False,,False,,False,,error: copy-fd: write returned: No space left on device
https://github.com/DSanta07/finance-k8s,clone_failed,False,0,0,0,,,0,0,0,0,0,False,,False,,False,,False,,False,,False,,fatal: cannot copy 'C:/Program Files/Git/mingw64/share/git-core/templates/hooks/pre-commit.sample' to 'D:/scan_tmp/scan_xeyv2u54/repo/.git/hooks/pre-commit.sample': No space left on device
https://github.com/tensorflow/graphics,clone_failed,False,0,0,0,,,0,0,0,0,0,False,,False,,False,,False,,False,,False,,error: copy-fd: write returned: No space left on device
https://github.com/bertagallegoprm/tfm,clone_failed,False,0,0,0,,,0,0,0,0,0,False,,False,,False,,False,,False,,False,,error: copy-fd: write returned: No space left on device
https://github.com/Flamexmt/evaluate-project,clone_failed,False,0,0,0,,,0,0,0,0,0,False,,False,,False,,False,,False,,False,,error: copy-fd: write returned: No space left on device
https://github.com/Walter-B/bert-20-classes,clone_failed,False,0,0,0,,,0,0,0,0,0,False,,False,,False,,False,,False,,False,,error: copy-fd: write returned: No space left on device
https://github.com/Treadder/MachineLearningHomework,clone_failed,False,0,0,0,,,0,0,0,0,0,False,,False,,False,,False,,False,,False,,error: could not lock config file D:/scan_tmp/scan_uvx40p62/repo/.git/config: No space left on device
https://github.com/lucasbwkr/ABETFormProject,clone_failed,False,0,0,0,,,0,0,0,0,0,False,,False,,False,,False,,False,,False,,error: copy-fd: write returned: No space left on device
https://github.com/Ryo-Kaneko/magenta,clone_failed,False,0,0,0,,,0,0,0,0,0,False,,False,,False,,False,,False,,False,,error: copy-fd: write returned: No space left on device
https://github.com/craigmassie/MLWebAPIs,clone_failed,False,0,0,0,,,0,0,0,0,0,False,,False,,False,,False,,False,,False,,error: copy-fd: write returned: No space left on device
https://github.com/CS-Helper-Helpers/cs_helper,clone_failed,False,0,0,0,,,0,0,0,0,0,False,,False,,False,,False,,False,,False,,error: copy-fd: write returned: No space left on device
https://github.com/tordhaflan/AIProg,clone_failed,False,0,0,0,,,0,0,0,0,0,False,,False,,False,,False,,False,,False,,error: copy-fd: write returned: No space left on device
https://github.com/Nathanlauga/deep-learning-poacher-detection,clone_failed,False,0,0,0,,,0,0,0,0,0,False,,False,,False,,False,,False,,False,,error: copy-fd: write returned: No space left on device
https://github.com/fxferlande/storm_forecast,clone_failed,False,0,0,0,,,0,0,0,0,0,False,,False,,False,,False,,False,,False,,error: copy-fd: write returned: No space left on device
https://github.com/zhulingchen/deep-reinforcement-learning,clone_failed,False,0,0,0,,,0,0,0,0,0,False,,False,,False,,False,,False,,False,,error: copy-fd: write returned: No space left on device
https://github.com/tensorflow/quantum,clone_failed,False,0,0,0,,,0,0,0,0,0,False,,False,,False,,False,,False,,False,,error: copy-fd: write returned: No space left on device
https://github.com/M4I-nanoscopy/tpx3HitParser,clone_failed,False,0,0,0,,,0,0,0,0,0,False,,False,,False,,False,,False,,False,,error: copy-fd: write returned: No space left on device
https://github.com/piotrgajdzica/ner,clone_failed,False,0,0,0,,,0,0,0,0,0,False,,False,,False,,False,,False,,False,,error: copy-fd: write returned: No space left on device
https://github.com/Leo428/Self-Driving-Decal,clone_failed,False,0,0,0,,,0,0,0,0,0,False,,False,,False,,False,,False,,False,,error: copy-fd: write returned: No space left on device
https://github.com/KIC/quant_ml,clone_failed,False,0,0,0,,,0,0,0,0,0,False,,False,,False,,False,,False,,False,,error: copy-fd: write returned: No space left on device
https://github.com/cyberyu/ava,clone_failed,False,0,0,0,,,0,0,0,0,0,False,,False,,False,,False,,False,,False,,error: copy-fd: write returned: No space left on device
https://github.com/pennytp889/handson-ml,clone_failed,False,0,0,0,,,0,0,0,0,0,False,,False,,False,,False,,False,,False,,error: copy-fd: write returned: No space left on device
https://github.com/NVIDIA-Korea/deeplearningexamples,clone_failed,False,0,0,0,,,0,0,0,0,0,False,,False,,False,,False,,False,,False,,fatal: write error: No space left on device
https://github.com/Morre525/Python,clone_failed,False,0,0,0,,,0,0,0,0,0,False,,False,,False,,False,,False,,False,,error: copy-fd: write returned: No space left on device
https://github.com/axyyu/c1-summit,clone_failed,False,0,0,0,,,0,0,0,0,0,False,,False,,False,,False,,False,,False,,fatal: write error: No space left on device
https://github.com/skhan1020/Backtesting-using-AI-in-Algorithmic-Trading,clone_failed,False,0,0,0,,,0,0,0,0,0,False,,False,,False,,False,,False,,False,,error: copy-fd: write returned: No space left on device
https://github.com/jupiterbak/Multi-Agent-RL-Energy-Management,clone_failed,False,0,0,0,,,0,0,0,0,0,False,,False,,False,,False,,False,,False,,error: copy-fd: write returned: No space left on device
https://github.com/IcePear-Jzx/CCF-BDCI-2019,clone_failed,False,0,0,0,,,0,0,0,0,0,False,,False,,False,,False,,False,,False,,error: copy-fd: write returned: No space left on device
https://github.com/sselle/handson-ml,clone_failed,False,0,0,0,,,0,0,0,0,0,False,,False,,False,,False,,False,,False,,error: copy-fd: write returned: No space left on device
https://github.com/iampaavan/Python-Algorithms,clone_failed,False,0,0,0,,,0,0,0,0,0,False,,False,,False,,False,,False,,False,,error: copy-fd: write returned: No space left on device
https://github.com/nelson160/abotserver1,clone_failed,False,0,0,0,,,0,0,0,0,0,False,,False,,False,,False,,False,,False,,error: copy-fd: write returned: No space left on device
https://github.com/imcaspar/gpt2-ml,clone_failed,False,0,0,0,,,0,0,0,0,0,False,,False,,False,,False,,False,,False,,error: copy-fd: write returned: No space left on device
https://github.com/anuragdutt/medgan_inpatient_data_sbu,clone_failed,False,0,0,0,,,0,0,0,0,0,False,,False,,False,,False,,False,,False,,error: copy-fd: write returned: No space left on device
https://github.com/dvndra/neural_style,clone_failed,False,0,0,0,,,0,0,0,0,0,False,,False,,False,,False,,False,,False,,error: copy-fd: write returned: No space left on device
https://github.com/phucbui95/MotorbikeGeneration,clone_failed,False,0,0,0,,,0,0,0,0,0,False,,False,,False,,False,,False,,False,,error: copy-fd: write returned: No space left on device
https://github.com/c0ntradicti0n/Distinctiopus4,clone_failed,False,0,0,0,,,0,0,0,0,0,False,,False,,False,,False,,False,,False,,error: copy-fd: write returned: No space left on device
https://github.com/hansonrobotics/bert-as-service,clone_failed,False,0,0,0,,,0,0,0,0,0,False,,False,,False,,False,,False,,False,,error: copy-fd: write returned: No space left on device
https://github.com/godskill0728/Azure-Custom-Vision,clone_failed,False,0,0,0,,,0,0,0,0,0,False,,False,,False,,False,,False,,False,,error: copy-fd: write returned: No space left on device
https://github.com/opendenoising/opendenoising-benchmark,clone_failed,False,0,0,0,,,0,0,0,0,0,False,,False,,False,,False,,False,,False,,error: copy-fd: write returned: No space left on device
https://github.com/aparajitamehra/thesis,clone_failed,False,0,0,0,,,0,0,0,0,0,False,,False,,False,,False,,False,,False,,error: copy-fd: write returned: No space left on device
https://github.com/jiajunhua/Eurus-Holmes-LIS-YNP,clone_failed,False,0,0,0,,,0,0,0,0,0,False,,False,,False,,False,,False,,False,,error: copy-fd: write returned: No space left on device
https://github.com/OpenMined/PySyft-TensorFlow,clone_failed,False,0,0,0,,,0,0,0,0,0,False,,False,,False,,False,,False,,False,,error: copy-fd: write returned: No space left on device
https://github.com/Vanbk/Object_Detection_Mask_RCNN,clone_failed,False,0,0,0,,,0,0,0,0,0,False,,False,,False,,False,,False,,False,,error: copy-fd: write returned: No space left on device
https://github.com/SeisBlue/SeisBlue,clone_failed,False,0,0,0,,,0,0,0,0,0,False,,False,,False,,False,,False,,False,,error: copy-fd: write returned: No space left on device
https://github.com/fritz-griese/Mask_R-CNN_Person,clone_failed,False,0,0,0,,,0,0,0,0,0,False,,False,,False,,False,,False,,False,,error: copy-fd: write returned: No space left on device
https://github.com/DirtyHarryLYL/Transferable-Interactiveness-Network,clone_failed,False,0,0,0,,,0,0,0,0,0,False,,False,,False,,False,,False,,False,,error: copy-fd: write returned: No space left on device
https://github.com/aglipthhau/basic_machine_learning,clone_failed,False,0,0,0,,,0,0,0,0,0,False,,False,,False,,False,,False,,False,,fatal: write error: No space left on device
https://github.com/timholds/Graph-Embeddings,clone_failed,False,0,0,0,,,0,0,0,0,0,False,,False,,False,,False,,False,,False,,error: copy-fd: write returned: No space left on device
https://github.com/prometheusloong/AGAC-Track,clone_failed,False,0,0,0,,,0,0,0,0,0,False,,False,,False,,False,,False,,False,,fatal: write error: No space left on device
https://github.com/lumiata/tech_blog,clone_failed,False,0,0,0,,,0,0,0,0,0,False,,False,,False,,False,,False,,False,,error: copy-fd: write returned: No space left on device
https://github.com/iofu728/Task,clone_failed,False,0,0,0,,,0,0,0,0,0,False,,False,,False,,False,,False,,False,,error: copy-fd: write returned: No space left on device
https://github.com/gergely-flamich/MLMI4-AML,clone_failed,False,0,0,0,,,0,0,0,0,0,False,,False,,False,,False,,False,,False,,error: copy-fd: write returned: No space left on device
https://github.com/mjohnson159/Keycap-Identifier,clone_failed,False,0,0,0,,,0,0,0,0,0,False,,False,,False,,False,,False,,False,,error: copy-fd: write returned: No space left on device
https://github.com/jondoesntgit/cs230,clone_failed,False,0,0,0,,,0,0,0,0,0,False,,False,,False,,False,,False,,False,,error: copy-fd: write returned: No space left on device
https://github.com/szhygulin/mlperf_benchmarking_profiling,clone_failed,False,0,0,0,,,0,0,0,0,0,False,,False,,False,,False,,False,,False,,error: copy-fd: write returned: No space left on device
https://github.com/xebia-france/hands_on_tensorflow_high_level_apis,clone_failed,False,0,0,0,,,0,0,0,0,0,False,,False,,False,,False,,False,,False,,fatal: cannot copy 'C:/Program Files/Git/mingw64/share/git-core/templates/hooks/pre-commit.sample' to 'D:/scan_tmp/scan_2jk7z8zl/repo/.git/hooks/pre-commit.sample': No space left on device
https://github.com/freedombenLiu/autokeras,clone_failed,False,0,0,0,,,0,0,0,0,0,False,,False,,False,,False,,False,,False,,error: copy-fd: write returned: No space left on device
https://github.com/riclombar/Instalacion_YOLO,clone_failed,False,0,0,0,,,0,0,0,0,0,False,,False,,False,,False,,False,,False,,fatal: write error: No space left on device
https://github.com/NLP-kr/tensorflow-ml-nlp,clone_failed,False,0,0,0,,,0,0,0,0,0,False,,False,,False,,False,,False,,False,,error: copy-fd: write returned: No space left on device
https://github.com/MikhailKravets/TNT,clone_failed,False,0,0,0,,,0,0,0,0,0,False,,False,,False,,False,,False,,False,,error: copy-fd: write returned: No space left on device
https://github.com/lukerm/find-tune,clone_failed,False,0,0,0,,,0,0,0,0,0,False,,False,,False,,False,,False,,False,,error: copy-fd: write returned: No space left on device
https://github.com/JoeZhao84/drl,clone_failed,False,0,0,0,,,0,0,0,0,0,False,,False,,False,,False,,False,,False,,error: copy-fd: write returned: No space left on device
https://github.com/settinghead/rl-chat,clone_failed,False,0,0,0,,,0,0,0,0,0,False,,False,,False,,False,,False,,False,,error: copy-fd: write returned: No space left on device
https://github.com/gabrieledcjr/DeepRL,clone_failed,False,0,0,0,,,0,0,0,0,0,False,,False,,False,,False,,False,,False,,fatal: write error: No space left on device
https://github.com/cheesama/machine-learning,clone_failed,False,0,0,0,,,0,0,0,0,0,False,,False,,False,,False,,False,,False,,error: copy-fd: write returned: No space left on device
https://github.com/MrMao/nlp-architect,clone_failed,False,0,0,0,,,0,0,0,0,0,False,,False,,False,,False,,False,,False,,error: copy-fd: write returned: No space left on device
https://github.com/berkeleyflow/flow,clone_failed,False,0,0,0,,,0,0,0,0,0,False,,False,,False,,False,,False,,False,,error: copy-fd: write returned: No space left on device
https://github.com/kalvinkao/automating_fake_reviews,clone_failed,False,0,0,0,,,0,0,0,0,0,False,,False,,False,,False,,False,,False,,error: copy-fd: write returned: No space left on device
https://github.com/slayff/squad,clone_failed,False,0,0,0,,,0,0,0,0,0,False,,False,,False,,False,,False,,False,,error: copy-fd: write returned: No space left on device
https://github.com/AlexanderBurkhart/CarND-Capstone,clone_failed,False,0,0,0,,,0,0,0,0,0,False,,False,,False,,False,,False,,False,,error: copy-fd: write returned: No space left on device
https://github.com/binlin1209/linbin_models,clone_failed,False,0,0,0,,,0,0,0,0,0,False,,False,,False,,False,,False,,False,,error: copy-fd: write returned: No space left on device
https://github.com/AvoncourtPartners/poems,clone_failed,False,0,0,0,,,0,0,0,0,0,False,,False,,False,,False,,False,,False,,error: copy-fd: write returned: No space left on device
https://github.com/zhongzhu/learn-jupiter-notes,clone_failed,False,0,0,0,,,0,0,0,0,0,False,,False,,False,,False,,False,,False,,error: copy-fd: write returned: No space left on device
https://github.com/broadinstitute/keras-rcnn,clone_failed,False,0,0,0,,,0,0,0,0,0,False,,False,,False,,False,,False,,False,,error: copy-fd: write returned: No space left on device
https://github.com/halaelnahal/bme590final,clone_failed,False,0,0,0,,,0,0,0,0,0,False,,False,,False,,False,,False,,False,,error: copy-fd: write returned: No space left on device
https://github.com/philipperemy/tensorflow-multi-dimensional-lstm,clone_failed,False,0,0,0,,,0,0,0,0,0,False,,False,,False,,False,,False,,False,,fatal: write error: No space left on device
https://github.com/random-forests/tensorflow-workshop,clone_failed,False,0,0,0,,,0,0,0,0,0,False,,False,,False,,False,,False,,False,,error: copy-fd: write returned: No space left on device
https://github.com/rickyHong/reinforce-L-CASE-02,clone_failed,False,0,0,0,,,0,0,0,0,0,False,,False,,False,,False,,False,,False,,fatal: cannot copy 'C:/Program Files/Git/mingw64/share/git-core/templates/hooks/pre-commit.sample' to 'D:/scan_tmp/scan_f6oxagd5/repo/.git/hooks/pre-commit.sample': No space left on device
https://github.com/saurabhc123/cs5984Project,clone_failed,False,0,0,0,,,0,0,0,0,0,False,,False,,False,,False,,False,,False,,error: copy-fd: write returned: No space left on device
https://github.com/vianasw/fashion-classifier,clone_failed,False,0,0,0,,,0,0,0,0,0,False,,False,,False,,False,,False,,False,,error: copy-fd: write returned: No space left on device
https://github.com/chandu088/p,clone_failed,False,0,0,0,,,0,0,0,0,0,False,,False,,False,,False,,False,,False,,fatal: write error: No space left on device
https://github.com/ahmedsmostafa/DLNDF_Udacity,clone_failed,False,0,0,0,,,0,0,0,0,0,False,,False,,False,,False,,False,,False,,error: copy-fd: write returned: No space left on device
https://github.com/mkao006/dl_udacity,clone_failed,False,0,0,0,,,0,0,0,0,0,False,,False,,False,,False,,False,,False,,error: copy-fd: write returned: No space left on device
https://github.com/ceteke/cae,clone_failed,False,0,0,0,,,0,0,0,0,0,False,,False,,False,,False,,False,,False,,error: copy-fd: write returned: No space left on device
https://github.com/MatthewGeekTalk/ContainerDetector,clone_failed,False,0,0,0,,,0,0,0,0,0,False,,False,,False,,False,,False,,False,,fatal: write error: No space left on device
https://github.com/chychen/RL_strategies,clone_failed,False,0,0,0,,,0,0,0,0,0,False,,False,,False,,False,,False,,False,,error: copy-fd: write returned: No space left on device
https://github.com/omimo/xRBM,clone_failed,False,0,0,0,,,0,0,0,0,0,False,,False,,False,,False,,False,,False,,error: copy-fd: write returned: No space left on device
https://github.com/d9w/pyGRN,clone_failed,False,0,0,0,,,0,0,0,0,0,False,,False,,False,,False,,False,,False,,error: copy-fd: write returned: No space left on device
https://github.com/genfifth/cvopt,clone_failed,False,0,0,0,,,0,0,0,0,0,False,,False,,False,,False,,False,,False,,fatal: write error: No space left on device
https://github.com/iskandr/fancyimpute,clone_failed,False,0,0,0,,,0,0,0,0,0,False,,False,,False,,False,,False,,False,,error: copy-fd: write returned: No space left on device
https://github.com/1e0ng/simhash,clone_failed,False,0,0,0,,,0,0,0,0,0,False,,False,,False,,False,,False,,False,,error: copy-fd: write returned: No space left on device
https://github.com/lcdm-uiuc/sml,clone_failed,False,0,0,0,,,0,0,0,0,0,False,,False,,False,,False,,False,,False,,error: copy-fd: write returned: No space left on device
https://github.com/EmbodiedCognition/cube-experiment,clone_failed,False,0,0,0,,,0,0,0,0,0,False,,False,,False,,False,,False,,False,,error: copy-fd: write returned: No space left on device
https://github.com/tclick/python-fluctmatch,clone_failed,False,0,0,0,,,0,0,0,0,0,False,,False,,False,,False,,False,,False,,error: copy-fd: write returned: No space left on device
https://github.com/AlliedToasters/PyCDA,clone_failed,False,0,0,0,,,0,0,0,0,0,False,,False,,False,,False,,False,,False,,error: copy-fd: write returned: No space left on device
https://github.com/cmaclell/concept_formation,clone_failed,False,0,0,0,,,0,0,0,0,0,False,,False,,False,,False,,False,,False,,error: copy-fd: write returned: No space left on device
https://github.com/JihongJu/deep-pu-learning,clone_failed,False,0,0,0,,,0,0,0,0,0,False,,False,,False,,False,,False,,False,,fatal: write error: No space left on device
https://github.com/rochefort-lab/fissa,clone_failed,False,0,0,0,,,0,0,0,0,0,False,,False,,False,,False,,False,,False,,error: copy-fd: write returned: No space left on device
https://github.com/Pavi-2000/emotion-detection,clone_failed,False,0,0,0,,,0,0,0,0,0,False,,False,,False,,False,,False,,False,,error: copy-fd: write returned: No space left on device
https://github.com/apot-group/document-processing,clone_failed,False,0,0,0,,,0,0,0,0,0,False,,False,,False,,False,,False,,False,,fatal: write error: No space left on device
https://github.com/napo178/ML-HANDS-NON,clone_failed,False,0,0,0,,,0,0,0,0,0,False,,False,,False,,False,,False,,False,,error: copy-fd: write returned: No space left on device
https://github.com/Creearc/Codenrock-New-Year-ML-Battle,clone_failed,False,0,0,0,,,0,0,0,0,0,False,,False,,False,,False,,False,,False,,error: copy-fd: write returned: No space left on device
https://github.com/clkbit123/PythonMiniProjects,clone_failed,False,0,0,0,,,0,0,0,0,0,False,,False,,False,,False,,False,,False,,fatal: write error: No space left on device
https://github.com/YoesYwema/DPRL_HW4,clone_failed,False,0,0,0,,,0,0,0,0,0,False,,False,,False,,False,,False,,False,,error: copy-fd: write returned: No space left on device
https://github.com/d-harnoni/Orchids-Color-Detection,clone_failed,False,0,0,0,,,0,0,0,0,0,False,,False,,False,,False,,False,,False,,fatal: write error: No space left on device
https://github.com/trsavi/Machine-Learning-Web-App,clone_failed,False,0,0,0,,,0,0,0,0,0,False,,False,,False,,False,,False,,False,,error: copy-fd: write returned: No space left on device
https://github.com/danielkonecny/sports-poses-recognition,clone_failed,False,0,0,0,,,0,0,0,0,0,False,,False,,False,,False,,False,,False,,fatal: write error: No space left on device
https://github.com/atilaxavier/tensorflow-models,clone_failed,False,0,0,0,,,0,0,0,0,0,False,,False,,False,,False,,False,,False,,error: copy-fd: write returned: No space left on device
https://github.com/Project-AgML/AgML,clone_failed,False,0,0,0,,,0,0,0,0,0,False,,False,,False,,False,,False,,False,,error: copy-fd: write returned: No space left on device
https://github.com/phfn/automatic_exam_correction,clone_failed,False,0,0,0,,,0,0,0,0,0,False,,False,,False,,False,,False,,False,,error: copy-fd: write returned: No space left on device
https://github.com/Rajdp07/Hack-this-October-2k21-,clone_failed,False,0,0,0,,,0,0,0,0,0,False,,False,,False,,False,,False,,False,,error: copy-fd: write returned: No space left on device
https://github.com/fabiormazza/LogicTensorNetworks,clone_failed,False,0,0,0,,,0,0,0,0,0,False,,False,,False,,False,,False,,False,,error: copy-fd: write returned: No space left on device
https://github.com/VestiDev/pipelineAI-katacoda-notebooks,clone_failed,False,0,0,0,,,0,0,0,0,0,False,,False,,False,,False,,False,,False,,fatal: write error: No space left on device
https://github.com/Tiannia/intro_to_ai,clone_failed,False,0,0,0,,,0,0,0,0,0,False,,False,,False,,False,,False,,False,,error: copy-fd: write returned: No space left on device
https://github.com/rodrigosao/teste-2,clone_failed,False,0,0,0,,,0,0,0,0,0,False,,False,,False,,False,,False,,False,,error: copy-fd: write returned: No space left on device
https://github.com/mosalov/Notebook_For_AI_Main,clone_failed,False,0,0,0,,,0,0,0,0,0,False,,False,,False,,False,,False,,False,,error: copy-fd: write returned: No space left on device
https://github.com/nox237/Coral-ID,clone_failed,False,0,0,0,,,0,0,0,0,0,False,,False,,False,,False,,False,,False,,error: copy-fd: write returned: No space left on device
https://github.com/google/shoptimizer,clone_failed,False,0,0,0,,,0,0,0,0,0,False,,False,,False,,False,,False,,False,,fatal: write error: No space left on device
https://github.com/crhea93/LUCI-package,clone_failed,False,0,0,0,,,0,0,0,0,0,False,,False,,False,,False,,False,,False,,error: copy-fd: write returned: No space left on device
https://github.com/leondgarse/keras_cv_attention_models,clone_failed,False,0,0,0,,,0,0,0,0,0,False,,False,,False,,False,,False,,False,,fatal: write error: No space left on device
https://github.com/eisbetterthanpi/python,clone_failed,False,0,0,0,,,0,0,0,0,0,False,,False,,False,,False,,False,,False,,error: copy-fd: write returned: No space left on device
https://github.com/AdrienJaugey/Mask-R-CNN-Inference-Tool,clone_failed,False,0,0,0,,,0,0,0,0,0,False,,False,,False,,False,,False,,False,,error: copy-fd: write returned: No space left on device
https://github.com/metno/havvarsel-data-driven-pred,clone_failed,False,0,0,0,,,0,0,0,0,0,False,,False,,False,,False,,False,,False,,error: copy-fd: write returned: No space left on device
https://github.com/pabsan-0/sub-t,clone_failed,False,0,0,0,,,0,0,0,0,0,False,,False,,False,,False,,False,,False,,fatal: write error: No space left on device
https://github.com/devmount/neural-network-pos-tagger,clone_failed,False,0,0,0,,,0,0,0,0,0,False,,False,,False,,False,,False,,False,,error: copy-fd: write returned: No space left on device
https://github.com/HeitorDC/ImageAI,clone_failed,False,0,0,0,,,0,0,0,0,0,False,,False,,False,,False,,False,,False,,fatal: write error: No space left on device
https://github.com/aplawtech/aplod,clone_failed,False,0,0,0,,,0,0,0,0,0,False,,False,,False,,False,,False,,False,,error: copy-fd: write returned: No space left on device
https://github.com/futabato/mlops_demo,clone_failed,False,0,0,0,,,0,0,0,0,0,False,,False,,False,,False,,False,,False,,fatal: sha1 file 'D:/scan_tmp/scan_4xn7j5qt/repo/.git/objects/pack/tmp_idx_NcXh9s' write error. Out of diskspace
https://github.com/KieranLitschel/GeneticSWEM,clone_failed,False,0,0,0,,,0,0,0,0,0,False,,False,,False,,False,,False,,False,,error: copy-fd: write returned: No space left on device
https://github.com/Guscode/cds-visual-exam,clone_failed,False,0,0,0,,,0,0,0,0,0,False,,False,,False,,False,,False,,False,,error: copy-fd: write returned: No space left on device
https://github.com/h-sami-ullah/Deep-Learning-in-Computer-Vision,clone_failed,False,0,0,0,,,0,0,0,0,0,False,,False,,False,,False,,False,,False,,error: copy-fd: write returned: No space left on device
https://github.com/GiuppoUni/MALRL,clone_failed,False,0,0,0,,,0,0,0,0,0,False,,False,,False,,False,,False,,False,,error: copy-fd: write returned: No space left on device
https://github.com/Tcorpion/Accumknowledge,clone_failed,False,0,0,0,,,0,0,0,0,0,False,,False,,False,,False,,False,,False,,fatal: write error: No space left on device
https://github.com/valerie-lin/spatule-tags-tf2-object-detection-api,clone_failed,False,0,0,0,,,0,0,0,0,0,False,,False,,False,,False,,False,,False,,error: copy-fd: write returned: No space left on device
https://github.com/IDS-702-Team1/705FinalProject,clone_failed,False,0,0,0,,,0,0,0,0,0,False,,False,,False,,False,,False,,False,,error: copy-fd: write returned: No space left on device
https://github.com/pycomlink/pycomlink,clone_failed,False,0,0,0,,,0,0,0,0,0,False,,False,,False,,False,,False,,False,,error: copy-fd: write returned: No space left on device
https://github.com/a2i2/blog,clone_failed,False,0,0,0,,,0,0,0,0,0,False,,False,,False,,False,,False,,False,,error: copy-fd: write returned: No space left on device
https://github.com/Gauri2000-gauri/Mask_RCNN,clone_failed,False,0,0,0,,,0,0,0,0,0,False,,False,,False,,False,,False,,False,,error: copy-fd: write returned: No space left on device
https://github.com/spacetelescope/calcloud,clone_failed,False,0,0,0,,,0,0,0,0,0,False,,False,,False,,False,,False,,False,,error: copy-fd: write returned: No space left on device
https://github.com/SHC-Robotics-Team-8255/Doodle-Jump-Machine-Learning,clone_failed,False,0,0,0,,,0,0,0,0,0,False,,False,,False,,False,,False,,False,,error: copy-fd: write returned: No space left on device
https://github.com/YMGYM/rocopicker_django,clone_failed,False,0,0,0,,,0,0,0,0,0,False,,False,,False,,False,,False,,False,,error: copy-fd: write returned: No space left on device
https://github.com/GoogleCloudPlatform/tf-estimator-tutorials,clone_failed,False,0,0,0,,,0,0,0,0,0,False,,False,,False,,False,,False,,False,,error: copy-fd: write returned: No space left on device
https://github.com/alspessoa/Mask-RCNN-TF2,clone_failed,False,0,0,0,,,0,0,0,0,0,False,,False,,False,,False,,False,,False,,error: copy-fd: write returned: No space left on device
https://github.com/ApocalyVec/RealityNavigation,clone_failed,False,0,0,0,,,0,0,0,0,0,False,,False,,False,,False,,False,,False,,error: copy-fd: write returned: No space left on device
https://github.com/JONGHYEOK667/CarND-Capstone,clone_failed,False,0,0,0,,,0,0,0,0,0,False,,False,,False,,False,,False,,False,,error: copy-fd: write returned: No space left on device
https://github.com/lpkg/LinkAdaptationCSI,clone_failed,False,0,0,0,,,0,0,0,0,0,False,,False,,False,,False,,False,,False,,error: copy-fd: write returned: No space left on device
https://github.com/Aabidah/MRCNN_demo,clone_failed,False,0,0,0,,,0,0,0,0,0,False,,False,,False,,False,,False,,False,,error: copy-fd: write returned: No space left on device
https://github.com/Welthungerhilfe/cgm-rg,clone_failed,False,0,0,0,,,0,0,0,0,0,False,,False,,False,,False,,False,,False,,error: copy-fd: write returned: No space left on device
https://github.com/DeepVTuber/DeepVTB,clone_failed,False,0,0,0,,,0,0,0,0,0,False,,False,,False,,False,,False,,False,,error: copy-fd: write returned: No space left on device
https://github.com/macfergus/rlbridge,clone_failed,False,0,0,0,,,0,0,0,0,0,False,,False,,False,,False,,False,,False,,error: copy-fd: write returned: No space left on device
https://github.com/uhh-lt/kb2vec,clone_failed,False,0,0,0,,,0,0,0,0,0,False,,False,,False,,False,,False,,False,,error: copy-fd: write returned: No space left on device
https://github.com/testingautomated-usi/uncertainty-wizard,clone_failed,False,0,0,0,,,0,0,0,0,0,False,,False,,False,,False,,False,,False,,error: copy-fd: write returned: No space left on device
https://github.com/FerdinandEiteneuer/ReinforcementLearning,clone_failed,False,0,0,0,,,0,0,0,0,0,False,,False,,False,,False,,False,,False,,error: copy-fd: write returned: No space left on device
https://github.com/gridgentoo/ru-gpts,clone_failed,False,0,0,0,,,0,0,0,0,0,False,,False,,False,,False,,False,,False,,error: copy-fd: write returned: No space left on device
https://github.com/sam-osia/endomondo_analysis,clone_failed,False,0,0,0,,,0,0,0,0,0,False,,False,,False,,False,,False,,False,,error: copy-fd: write returned: No space left on device
https://github.com/kyoodong/Tryangle-Research,clone_failed,False,0,0,0,,,0,0,0,0,0,False,,False,,False,,False,,False,,False,,error: copy-fd: write returned: No space left on device
https://github.com/h0wl/BrowserFuzzing,clone_failed,False,0,0,0,,,0,0,0,0,0,False,,False,,False,,False,,False,,False,,error: copy-fd: write returned: No space left on device
https://github.com/RL-zgh123/3D_AirBattle,clone_failed,False,0,0,0,,,0,0,0,0,0,False,,False,,False,,False,,False,,False,,fatal: write error: No space left on device
https://github.com/guybenyosef/densecrf_rnn,clone_failed,False,0,0,0,,,0,0,0,0,0,False,,False,,False,,False,,False,,False,,error: copy-fd: write returned: No space left on device
https://github.com/sisinflab/Perceptual-Rec-Mutation-of-Adv-VRs,clone_failed,False,0,0,0,,,0,0,0,0,0,False,,False,,False,,False,,False,,False,,error: copy-fd: write returned: No space left on device
https://github.com/FloBarth/models,clone_failed,False,0,0,0,,,0,0,0,0,0,False,,False,,False,,False,,False,,False,,error: copy-fd: write returned: No space left on device
https://github.com/neel216/nasher,clone_failed,False,0,0,0,,,0,0,0,0,0,False,,False,,False,,False,,False,,False,,error: copy-fd: write returned: No space left on device
https://github.com/Bindusrisai/Technocolabs-Internship-Project-9-,clone_failed,False,0,0,0,,,0,0,0,0,0,False,,False,,False,,False,,False,,False,,error: copy-fd: write returned: No space left on device
https://github.com/junmokane/AI602_Project,clone_failed,False,0,0,0,,,0,0,0,0,0,False,,False,,False,,False,,False,,False,,fatal: write error: No space left on device
https://github.com/slaclab/lume-model,clone_failed,False,0,0,0,,,0,0,0,0,0,False,,False,,False,,False,,False,,False,,error: copy-fd: write returned: No space left on device
https://github.com/MiguelG26/Learning,clone_failed,False,0,0,0,,,0,0,0,0,0,False,,False,,False,,False,,False,,False,,error: copy-fd: write returned: No space left on device
https://github.com/mrkchangold/QeRMIT,clone_failed,False,0,0,0,,,0,0,0,0,0,False,,False,,False,,False,,False,,False,,fatal: write error: No space left on device
https://github.com/jsearcy1/BI608-2020,clone_failed,False,0,0,0,,,0,0,0,0,0,False,,False,,False,,False,,False,,False,,error: copy-fd: write returned: No space left on device
https://github.com/Bigdata-TFM-G7/TFM,clone_failed,False,0,0,0,,,0,0,0,0,0,False,,False,,False,,False,,False,,False,,error: copy-fd: write returned: No space left on device
https://github.com/RLBot/RLBotPack,clone_failed,False,0,0,0,,,0,0,0,0,0,False,,False,,False,,False,,False,,False,,fatal: write error: No space left on device
https://github.com/AliceO2Group/TPCwithDNN,clone_failed,False,0,0,0,,,0,0,0,0,0,False,,False,,False,,False,,False,,False,,error: copy-fd: write returned: No space left on device
https://github.com/aidanscannell/trajectory-optimisation-in-learned-multimodal-dynamical-systems,clone_failed,False,0,0,0,,,0,0,0,0,0,False,,False,,False,,False,,False,,False,,error: copy-fd: write returned: No space left on device
https://github.com/richhiey/AI-Music-Generation-Challenge-2020,clone_failed,False,0,0,0,,,0,0,0,0,0,False,,False,,False,,False,,False,,False,,error: copy-fd: write returned: No space left on device
https://github.com/sanjeev309/posebox,clone_failed,False,0,0,0,,,0,0,0,0,0,False,,False,,False,,False,,False,,False,,error: copy-fd: write returned: No space left on device
https://github.com/linklab/e_learning_rl,clone_failed,False,0,0,0,,,0,0,0,0,0,False,,False,,False,,False,,False,,False,,error: copy-fd: write returned: No space left on device
https://github.com/icloud-ecnu/lambdadnn,clone_failed,False,0,0,0,,,0,0,0,0,0,False,,False,,False,,False,,False,,False,,error: copy-fd: write returned: No space left on device
https://github.com/SENC/AIReacher,clone_failed,False,0,0,0,,,0,0,0,0,0,False,,False,,False,,False,,False,,False,,error: copy-fd: write returned: No space left on device
https://github.com/cekbote/coredns_ml_plugin,clone_failed,False,0,0,0,,,0,0,0,0,0,False,,False,,False,,False,,False,,False,,error: copy-fd: write returned: No space left on device
https://github.com/HassanSherwani/Natural-Language-Processing-II-,clone_failed,False,0,0,0,,,0,0,0,0,0,False,,False,,False,,False,,False,,False,,error: copy-fd: write returned: No space left on device
https://github.com/delta-papa/stn,clone_failed,False,0,0,0,,,0,0,0,0,0,False,,False,,False,,False,,False,,False,,error: copy-fd: write returned: No space left on device
https://github.com/fcichos/website,clone_failed,False,0,0,0,,,0,0,0,0,0,False,,False,,False,,False,,False,,False,,error: copy-fd: write returned: No space left on device
https://github.com/hariharan-devarajan/vanidl,clone_failed,False,0,0,0,,,0,0,0,0,0,False,,False,,False,,False,,False,,False,,error: copy-fd: write returned: No space left on device
https://github.com/teodor-cotet/RoGEC,clone_failed,False,0,0,0,,,0,0,0,0,0,False,,False,,False,,False,,False,,False,,error: copy-fd: write returned: No space left on device
https://github.com/Crissal1995/IPCV,clone_failed,False,0,0,0,,,0,0,0,0,0,False,,False,,False,,False,,False,,False,,error: copy-fd: write returned: No space left on device
https://github.com/hagabbar/VItamin,clone_failed,False,0,0,0,,,0,0,0,0,0,False,,False,,False,,False,,False,,False,,error: copy-fd: write returned: No space left on device
https://github.com/sharananurag998/CovidSurveillance,clone_failed,False,0,0,0,,,0,0,0,0,0,False,,False,,False,,False,,False,,False,,error: copy-fd: write returned: No space left on device
https://github.com/gurjot-kaur/Real-Time-Twitter-Sentiment-Analysis,clone_failed,False,0,0,0,,,0,0,0,0,0,False,,False,,False,,False,,False,,False,,error: copy-fd: write returned: No space left on device
https://github.com/Shivam-Miglani/contextual_drl,clone_failed,False,0,0,0,,,0,0,0,0,0,False,,False,,False,,False,,False,,False,,error: copy-fd: write returned: No space left on device
https://github.com/meicholtz/scrabble,clone_failed,False,0,0,0,,,0,0,0,0,0,False,,False,,False,,False,,False,,False,,error: copy-fd: write returned: No space left on device
https://github.com/elpapi42/deep-deblurring-model,clone_failed,False,0,0,0,,,0,0,0,0,0,False,,False,,False,,False,,False,,False,,error: copy-fd: write returned: No space left on device
https://github.com/angsten/pianonet,clone_failed,False,0,0,0,,,0,0,0,0,0,False,,False,,False,,False,,False,,False,,error: copy-fd: write returned: No space left on device
https://github.com/Vahegian/GiantTrader,clone_failed,False,0,0,0,,,0,0,0,0,0,False,,False,,False,,False,,False,,False,,error: copy-fd: write returned: No space left on device
https://github.com/deepdialog/tfnlu,clone_failed,False,0,0,0,,,0,0,0,0,0,False,,False,,False,,False,,False,,False,,error: copy-fd: write returned: No space left on device
https://github.com/opimwue/ddop,clone_failed,False,0,0,0,,,0,0,0,0,0,False,,False,,False,,False,,False,,False,,error: copy-fd: write returned: No space left on device
https://github.com/amaiya/ktrain,clone_failed,False,0,0,0,,,0,0,0,0,0,False,,False,,False,,False,,False,,False,,error: copy-fd: write returned: No space left on device
https://github.com/dawidb1/kwdm-project,clone_failed,False,0,0,0,,,0,0,0,0,0,False,,False,,False,,False,,False,,False,,error: copy-fd: write returned: No space left on device
https://github.com/PetchMa/DeepSeti,clone_failed,False,0,0,0,,,0,0,0,0,0,False,,False,,False,,False,,False,,False,,error: copy-fd: write returned: No space left on device
https://github.com/PacktWorkshops/The-Unsupervised-Learning-Workshop,clone_failed,False,0,0,0,,,0,0,0,0,0,False,,False,,False,,False,,False,,False,,error: copy-fd: write returned: No space left on device
https://github.com/nouwaarom/ml-agents,clone_failed,False,0,0,0,,,0,0,0,0,0,False,,False,,False,,False,,False,,False,,error: copy-fd: write returned: No space left on device
https://github.com/EmoZhivkov/PersonalProjects,clone_failed,False,0,0,0,,,0,0,0,0,0,False,,False,,False,,False,,False,,False,,error: copy-fd: write returned: No space left on device
https://github.com/DanyalKhaliq/Machine-Learning-,clone_failed,False,0,0,0,,,0,0,0,0,0,False,,False,,False,,False,,False,,False,,error: copy-fd: write returned: No space left on device
https://github.com/keunwoochoi/kapre,clone_failed,False,0,0,0,,,0,0,0,0,0,False,,False,,False,,False,,False,,False,,error: copy-fd: write returned: No space left on device
https://github.com/antoiloui/netbert,clone_failed,False,0,0,0,,,0,0,0,0,0,False,,False,,False,,False,,False,,False,,error: copy-fd: write returned: No space left on device
https://github.com/anandgokul18/DCRNN_PyTorch_Highway,clone_failed,False,0,0,0,,,0,0,0,0,0,False,,False,,False,,False,,False,,False,,error: copy-fd: write returned: No space left on device
https://github.com/nikhilpradeep/deep,clone_failed,False,0,0,0,,,0,0,0,0,0,False,,False,,False,,False,,False,,False,,error: copy-fd: write returned: No space left on device
https://github.com/dial-app/dial-core,clone_failed,False,0,0,0,,,0,0,0,0,0,False,,False,,False,,False,,False,,False,,error: copy-fd: write returned: No space left on device
https://github.com/AmazaspShumik/mtlearn,clone_failed,False,0,0,0,,,0,0,0,0,0,False,,False,,False,,False,,False,,False,,error: copy-fd: write returned: No space left on device
https://github.com/penny4860/cnn-backbone,clone_failed,False,0,0,0,,,0,0,0,0,0,False,,False,,False,,False,,False,,False,,error: copy-fd: write returned: No space left on device
https://github.com/JCFactory/WebcrawlerFacebook,clone_failed,False,0,0,0,,,0,0,0,0,0,False,,False,,False,,False,,False,,False,,error: copy-fd: write returned: No space left on device
https://github.com/dylan-albertazzi/Berkely_DeepRL,clone_failed,False,0,0,0,,,0,0,0,0,0,False,,False,,False,,False,,False,,False,,error: copy-fd: write returned: No space left on device
https://github.com/AframGakk/SamplerGAN_BackEnd,clone_failed,False,0,0,0,,,0,0,0,0,0,False,,False,,False,,False,,False,,False,,error: copy-fd: write returned: No space left on device
https://github.com/syado/Mahjong_Calculation_App,clone_failed,False,0,0,0,,,0,0,0,0,0,False,,False,,False,,False,,False,,False,,error: copy-fd: write returned: No space left on device
https://github.com/hermmyw/Papyri,clone_failed,False,0,0,0,,,0,0,0,0,0,False,,False,,False,,False,,False,,False,,error: copy-fd: write returned: No space left on device
https://github.com/dennerepin/StochNetV2,clone_failed,False,0,0,0,,,0,0,0,0,0,False,,False,,False,,False,,False,,False,,error: copy-fd: write returned: No space left on device
https://github.com/NExTplusplus/NeuRec,clone_failed,False,0,0,0,,,0,0,0,0,0,False,,False,,False,,False,,False,,False,,error: copy-fd: write returned: No space left on device
https://github.com/TannerYork/Tweeter,clone_failed,False,0,0,0,,,0,0,0,0,0,False,,False,,False,,False,,False,,False,,error: copy-fd: write returned: No space left on device
https://github.com/FawwazMayda/car-defect-mask,clone_failed,False,0,0,0,,,0,0,0,0,0,False,,False,,False,,False,,False,,False,,error: copy-fd: write returned: No space left on device
https://github.com/vanshajvohra/AccidentAI,clone_failed,False,0,0,0,,,0,0,0,0,0,False,,False,,False,,False,,False,,False,,error: copy-fd: write returned: No space left on device
https://github.com/j-rilling/SDCND_Capstone,clone_failed,False,0,0,0,,,0,0,0,0,0,False,,False,,False,,False,,False,,False,,error: copy-fd: write returned: No space left on device
https://github.com/cerndb/dist-keras,clone_failed,False,0,0,0,,,0,0,0,0,0,False,,False,,False,,False,,False,,False,,error: copy-fd: write returned: No space left on device
https://github.com/Bunny63857/Otina_Saitama,clone_failed,False,0,0,0,,,0,0,0,0,0,False,,False,,False,,False,,False,,False,,error: copy-fd: write returned: No space left on device
https://github.com/UCL/kaska,clone_failed,False,0,0,0,,,0,0,0,0,0,False,,False,,False,,False,,False,,False,,error: copy-fd: write returned: No space left on device
https://github.com/aschiedermeier/Hello_world,clone_failed,False,0,0,0,,,0,0,0,0,0,False,,False,,False,,False,,False,,False,,error: copy-fd: write returned: No space left on device
https://github.com/therooler/pennylane-qllh,clone_failed,False,0,0,0,,,0,0,0,0,0,False,,False,,False,,False,,False,,False,,error: copy-fd: write returned: No space left on device
https://github.com/yoni2k/data-science-ml-dl-mnist,clone_failed,False,0,0,0,,,0,0,0,0,0,False,,False,,False,,False,,False,,False,,error: copy-fd: write returned: No space left on device
https://github.com/ispras-texterra/derek,clone_failed,False,0,0,0,,,0,0,0,0,0,False,,False,,False,,False,,False,,False,,error: copy-fd: write returned: No space left on device
https://github.com/faizansuhail89/bert,clone_failed,False,0,0,0,,,0,0,0,0,0,False,,False,,False,,False,,False,,False,,error: copy-fd: write returned: No space left on device
https://github.com/libgirlenterprise/dong_mnist_example,clone_failed,False,0,0,0,,,0,0,0,0,0,False,,False,,False,,False,,False,,False,,error: copy-fd: write returned: No space left on device
https://github.com/taoky/anime-face-recognition,clone_failed,False,0,0,0,,,0,0,0,0,0,False,,False,,False,,False,,False,,False,,error: copy-fd: write returned: No space left on device
https://github.com/InvincibleTyphoon/CPL-20191-Team8,clone_failed,False,0,0,0,,,0,0,0,0,0,False,,False,,False,,False,,False,,False,,error: copy-fd: write returned: No space left on device
https://github.com/u1273400/rpynotes,clone_failed,False,0,0,0,,,0,0,0,0,0,False,,False,,False,,False,,False,,False,,error: copy-fd: write returned: No space left on device
https://github.com/david-lindner/ai-safety-debate,clone_failed,False,0,0,0,,,0,0,0,0,0,False,,False,,False,,False,,False,,False,,error: copy-fd: write returned: No space left on device
https://github.com/longbowking/bert,clone_failed,False,0,0,0,,,0,0,0,0,0,False,,False,,False,,False,,False,,False,,error: copy-fd: write returned: No space left on device
https://github.com/hate-alert/Countering_Hate_Speech_ICWSM2019,clone_failed,False,0,0,0,,,0,0,0,0,0,False,,False,,False,,False,,False,,False,,error: copy-fd: write returned: No space left on device
https://github.com/farizrahman4u/eywa,clone_failed,False,0,0,0,,,0,0,0,0,0,False,,False,,False,,False,,False,,False,,error: copy-fd: write returned: No space left on device
https://github.com/mlAcademy/mlAcademy-API,clone_failed,False,0,0,0,,,0,0,0,0,0,False,,False,,False,,False,,False,,False,,error: copy-fd: write returned: No space left on device
https://github.com/sthiringer/slant,clone_failed,False,0,0,0,,,0,0,0,0,0,False,,False,,False,,False,,False,,False,,error: copy-fd: write returned: No space left on device
https://github.com/openai/gpt-2,clone_failed,False,0,0,0,,,0,0,0,0,0,False,,False,,False,,False,,False,,False,,fatal: write error: No space left on device
https://github.com/parksoy/Soyoung_Udacity_ND_DeepReinforcementLearning,clone_failed,False,0,0,0,,,0,0,0,0,0,False,,False,,False,,False,,False,,False,,error: copy-fd: write returned: No space left on device
https://github.com/funkelab/funlib.learn.tensorflow,clone_failed,False,0,0,0,,,0,0,0,0,0,False,,False,,False,,False,,False,,False,,fatal: write error: No space left on device
https://github.com/SketchyScene/SketchyScene,clone_failed,False,0,0,0,,,0,0,0,0,0,False,,False,,False,,False,,False,,False,,error: copy-fd: write returned: No space left on device
https://github.com/Caiit/IR2,clone_failed,False,0,0,0,,,0,0,0,0,0,False,,False,,False,,False,,False,,False,,error: copy-fd: write returned: No space left on device
https://github.com/julietxiao/StockBlog,clone_failed,False,0,0,0,,,0,0,0,0,0,False,,False,,False,,False,,False,,False,,fatal: write error: No space left on device
https://github.com/kc3/Springboard,clone_failed,False,0,0,0,,,0,0,0,0,0,False,,False,,False,,False,,False,,False,,error: copy-fd: write returned: No space left on device
https://github.com/JayYip/m3tl,clone_failed,False,0,0,0,,,0,0,0,0,0,False,,False,,False,,False,,False,,False,,fatal: write error: No space left on device
https://github.com/developmentseed/satTS,clone_failed,False,0,0,0,,,0,0,0,0,0,False,,False,,False,,False,,False,,False,,error: copy-fd: write returned: No space left on device
https://github.com/anguillanneuf/deep-reinforcement-learning,clone_failed,False,0,0,0,,,0,0,0,0,0,False,,False,,False,,False,,False,,False,,error: copy-fd: write returned: No space left on device
https://github.com/michaelAlvarino/ProbabilisticProgrammingProject,clone_failed,False,0,0,0,,,0,0,0,0,0,False,,False,,False,,False,,False,,False,,fatal: write error: No space left on device
https://github.com/flaviobrito/python-docs-samples,clone_failed,False,0,0,0,,,0,0,0,0,0,False,,False,,False,,False,,False,,False,,error: copy-fd: write returned: No space left on device
https://github.com/sportsapril/GCP-training-data-analyst,clone_failed,False,0,0,0,,,0,0,0,0,0,False,,False,,False,,False,,False,,False,,fatal: write error: No space left on device
https://github.com/navinrahim/CarND-Capstone,clone_failed,False,0,0,0,,,0,0,0,0,0,False,,False,,False,,False,,False,,False,,error: copy-fd: write returned: No space left on device
https://github.com/alexanderimanicowenrivers/Neural-Variational-Knowledge-Graphs,clone_failed,False,0,0,0,,,0,0,0,0,0,False,,False,,False,,False,,False,,False,,error: copy-fd: write returned: No space left on device
https://github.com/HazyResearch/tanda,clone_failed,False,0,0,0,,,0,0,0,0,0,False,,False,,False,,False,,False,,False,,fatal: write error: No space left on device
https://github.com/fakhouri-junior/Drone,clone_failed,False,0,0,0,,,0,0,0,0,0,False,,False,,False,,False,,False,,False,,error: copy-fd: write returned: No space left on device
https://github.com/bioothod/openai-breakout,clone_failed,False,0,0,0,,,0,0,0,0,0,False,,False,,False,,False,,False,,False,,error: copy-fd: write returned: No space left on device
https://github.com/martinkersner/rnn-meetup,clone_failed,False,0,0,0,,,0,0,0,0,0,False,,False,,False,,False,,False,,False,,fatal: write error: No space left on device
https://github.com/der-john/tf-chess,clone_failed,False,0,0,0,,,0,0,0,0,0,False,,False,,False,,False,,False,,False,,error: copy-fd: write returned: No space left on device
https://github.com/tienchil/ROS_Project,clone_failed,False,0,0,0,,,0,0,0,0,0,False,,False,,False,,False,,False,,False,,error: copy-fd: write returned: No space left on device
https://github.com/rajatjain1997/Readr,clone_failed,False,0,0,0,,,0,0,0,0,0,False,,False,,False,,False,,False,,False,,fatal: write error: No space left on device
https://github.com/anguillanneuf/CarND-Capstone,clone_failed,False,0,0,0,,,0,0,0,0,0,False,,False,,False,,False,,False,,False,,fatal: cannot copy 'C:/Program Files/Git/mingw64/share/git-core/templates/hooks/pre-commit.sample' to 'D:/scan_tmp/scan_nmpzo2su/repo/.git/hooks/pre-commit.sample': No space left on device
https://github.com/weigq/pytorch_tutorial,clone_failed,False,0,0,0,,,0,0,0,0,0,False,,False,,False,,False,,False,,False,,error: copy-fd: write returned: No space left on device
https://github.com/nsbradford/CS539-MachineLearning,clone_failed,False,0,0,0,,,0,0,0,0,0,False,,False,,False,,False,,False,,False,,error: copy-fd: write returned: No space left on device
https://github.com/bdschrisk/CarND-Capstone-Project,clone_failed,False,0,0,0,,,0,0,0,0,0,False,,False,,False,,False,,False,,False,,error: copy-fd: write returned: No space left on device
https://github.com/Naurislv/Skycar-System-Integration,clone_failed,False,0,0,0,,,0,0,0,0,0,False,,False,,False,,False,,False,,False,,error: copy-fd: write returned: No space left on device
https://github.com/msjo91/deep_learning,clone_failed,False,0,0,0,,,0,0,0,0,0,False,,False,,False,,False,,False,,False,,error: copy-fd: write returned: No space left on device
https://github.com/zyxue/stanford-cs20si-tensorflow-for-deep-learning-research,clone_failed,False,0,0,0,,,0,0,0,0,0,False,,False,,False,,False,,False,,False,,error: copy-fd: write returned: No space left on device
https://github.com/tensorx/tensorx,clone_failed,False,0,0,0,,,0,0,0,0,0,False,,False,,False,,False,,False,,False,,error: copy-fd: write returned: No space left on device
https://github.com/ImageMonkey/imagemonkey-libs,clone_failed,False,0,0,0,,,0,0,0,0,0,False,,False,,False,,False,,False,,False,,error: copy-fd: write returned: No space left on device
