repo,status,verified,stages_present,dockerfiles_found,entry_points_resolved,entry_files,entry_route,reachable_files,total_functions,max_depth,parse_errors,dynamic_imports,data_acquisition,data_acquisition_evidence,data_preparation,data_preparation_evidence,modeling,modeling_evidence,training,training_evidence,evaluation,evaluation_evidence,inference,inference_evidence,detail
https://github.com/hi-paris/IOKR,no_dockerfile,False,0,0,0,,,0,0,0,0,0,False,,False,,False,,False,,False,,False,,no Dockerfile and no fallback entry point found
https://github.com/chto/linna,ok,False,4,0,1,linna\main.py,fallback_nested,4,103,2,0,0,True,linna/main.py:167 np.loadtxt [matched np.loadtxt],True,linna/nn.py:275 sklearn.preprocessing.PolynomialFeatures [matched PolynomialFeatures],True,linna/nn.py:0 class ResBlock_batchnorm [matched <class subclasses model base>],False,,False,,True,linna/util.py:734 model.predict [matched model.predict],"unverified: missing stages: training, evaluation"
https://github.com/ulfaslak/infostop,no_dockerfile,False,0,0,0,,,0,0,0,0,0,False,,False,,False,,False,,False,,False,,no Dockerfile and no fallback entry point found
https://github.com/raistlinJ/packet-visualization-system,no_dockerfile,False,0,0,0,,,0,0,0,0,0,False,,False,,False,,False,,False,,False,,no Dockerfile and no fallback entry point found
https://github.com/cokeSchlumpf/thesis--transformers,ok,False,5,0,1,gsum\train.py,fallback_nested,10,147,3,0,0,True,lib/utils.py:54 pickle.load [matched pickle.load],True,gsum/data.py:74 spacy.load [matched spacy.load],True,gsum/summarizer.py:0 class GuidedAbsSum [matched <class subclasses model base>],True,gsum/train.py:68 trainer.fit [matched trainer.fit],True,gsum/summarizer.py:205 def validation_step [matched <lightning hook validation_step>],False,,unverified: missing stages: inference
https://github.com/RianneSchouten/pyampute,no_dockerfile,False,0,0,0,,,0,0,0,0,0,False,,False,,False,,False,,False,,False,,no Dockerfile and no fallback entry point found
https://github.com/YoussefSultan/WholeFoods-Datascraping-Project-Deployment,no_dockerfile,False,0,0,0,,,0,0,0,0,0,False,,False,,False,,False,,False,,False,,no Dockerfile and no fallback entry point found
https://github.com/fewagner/cait,no_entry,False,0,1,0,,,0,0,0,0,0,False,,False,,False,,False,,False,,False,,Dockerfile(s) found but no Python entry point could be resolved
https://github.com/cperales/uci-download-process,no_dockerfile,False,0,0,0,,,0,0,0,0,0,False,,False,,False,,False,,False,,False,,no Dockerfile and no fallback entry point found
https://github.com/dogzz9445/IWannaBeWizard,no_dockerfile,False,0,0,0,,,0,0,0,0,0,False,,False,,False,,False,,False,,False,,no Dockerfile and no fallback entry point found
https://github.com/LazerLambda/ME,no_dockerfile,False,0,0,0,,,0,0,0,0,0,False,,False,,False,,False,,False,,False,,no Dockerfile and no fallback entry point found
https://github.com/Karanjot-singh/Making-Emojis-More-Predictable,no_dockerfile,False,0,0,0,,,0,0,0,0,0,False,,False,,False,,False,,False,,False,,no Dockerfile and no fallback entry point found
https://github.com/fedeizzo/camera-pose-estimation,no_dockerfile,False,0,0,0,,,0,0,0,0,0,False,,False,,False,,False,,False,,False,,no Dockerfile and no fallback entry point found
https://github.com/1024xx4/profitable_ai,no_dockerfile,False,0,0,0,,,0,0,0,0,0,False,,False,,False,,False,,False,,False,,no Dockerfile and no fallback entry point found
https://github.com/giganticode/bohr-runtime,ok,False,5,1,1,bohrruntime\cli\bohr.py,fallback_console_script,24,298,4,0,1,True,bohrruntime/storageengine.py:182 pd.read_pickle [matched pd.read_pickle],True,bohrruntime/tasktypes/grouping/core.py:121 pd.concat [matched pd.concat],True,bohrruntime/tasktypes/grouping/core.py:0 class MatchingModel [matched <class subclasses model base>],True,bohrruntime/tasktypes/grouping/dataset.py:192 ac.fit_predict [matched .fit_predict],False,,True,bohrruntime/stages.py:115 model.predict [matched model.predict],unverified: missing stages: evaluation
https://github.com/DavidYoo912/nba_mvp_project,no_dockerfile,False,0,0,0,,,0,0,0,0,0,False,,False,,False,,False,,False,,False,,no Dockerfile and no fallback entry point found
https://github.com/antonin-lfv/Online_preprocessing_for_ML,no_dockerfile,False,0,0,0,,,0,0,0,0,0,False,,False,,False,,False,,False,,False,,no Dockerfile and no fallback entry point found
https://github.com/phineasng/DECODE,no_entry,False,0,1,0,,,0,0,0,0,0,False,,False,,False,,False,,False,,False,,Dockerfile(s) found but no Python entry point could be resolved
https://github.com/MRittinghouse/ProjektZero-LoL-Model,no_dockerfile,False,0,0,0,,,0,0,0,0,0,False,,False,,False,,False,,False,,False,,no Dockerfile and no fallback entry point found
https://github.com/21WelfareForEveryone/WelfareForEveryOne,no_entry,False,0,4,0,,,0,0,0,0,0,False,,False,,False,,False,,False,,False,,Dockerfile(s) found but no Python entry point could be resolved
https://github.com/tapadeep/PBGENA,no_dockerfile,False,0,0,0,,,0,0,0,0,0,False,,False,,False,,False,,False,,False,,no Dockerfile and no fallback entry point found
https://github.com/SMARTKT/CommentProbe,no_dockerfile,False,0,0,0,,,0,0,0,0,0,False,,False,,False,,False,,False,,False,,no Dockerfile and no fallback entry point found
https://github.com/KevinMusgrave/powerful-benchmarker,no_dockerfile,False,0,0,0,,,0,0,0,0,0,False,,False,,False,,False,,False,,False,,no Dockerfile and no fallback entry point found
https://github.com/sxs-collaboration/gwsurrogate,no_dockerfile,False,0,0,0,,,0,0,0,0,0,False,,False,,False,,False,,False,,False,,no Dockerfile and no fallback entry point found
https://github.com/libkdv/libkdv,no_dockerfile,False,0,0,0,,,0,0,0,0,0,False,,False,,False,,False,,False,,False,,no Dockerfile and no fallback entry point found
https://github.com/UB-Mannheim/escriptorium,no_entry,False,0,4,0,,,0,0,0,0,0,False,,False,,False,,False,,False,,False,,Dockerfile(s) found but no Python entry point could be resolved
https://github.com/Kim-Ju-Hyeon/GSL,no_dockerfile,False,0,0,0,,,0,0,0,0,0,False,,False,,False,,False,,False,,False,,no Dockerfile and no fallback entry point found
https://github.com/mjbajwa/b-cnns,no_dockerfile,False,0,0,0,,,0,0,0,0,0,False,,False,,False,,False,,False,,False,,no Dockerfile and no fallback entry point found
https://github.com/huzongxiang/CrystalNetwork,no_dockerfile,False,0,0,0,,,0,0,0,0,0,False,,False,,False,,False,,False,,False,,no Dockerfile and no fallback entry point found
https://github.com/oEscal/zkp-user-centric-biometric-id-mgmt,no_dockerfile,False,0,0,0,,,0,0,0,0,0,False,,False,,False,,False,,False,,False,,no Dockerfile and no fallback entry point found
https://github.com/deeplook/streamlit-helpers,no_dockerfile,False,0,0,0,,,0,0,0,0,0,False,,False,,False,,False,,False,,False,,no Dockerfile and no fallback entry point found
https://github.com/nguyenanht/john-toolbox,no_dockerfile,False,0,0,0,,,0,0,0,0,0,False,,False,,False,,False,,False,,False,,no Dockerfile and no fallback entry point found
https://github.com/1091478765p/open-sirv,no_entry,False,0,1,0,,,0,0,0,0,0,False,,False,,False,,False,,False,,False,,Dockerfile(s) found but no Python entry point could be resolved
https://github.com/Olu93/thesis_predictive_model,no_dockerfile,False,0,0,0,,,0,0,0,0,0,False,,False,,False,,False,,False,,False,,no Dockerfile and no fallback entry point found
https://github.com/ludvb/xfuse,ok,False,5,0,1,xfuse\__main__.py,fallback_nested,62,278,5,0,0,True,xfuse/__main__.py:141 pd.read_csv [matched pd.read_csv],True,xfuse/analyze/differential_expression.py:72 pivot [matched .pivot],True,xfuse/model/experiment/st/st.py:306 nn.Sequential [matched nn.Sequential],True,xfuse/messengers/stats/writer/tensorboard.py:28 torch.utils.tensorboard.writer.SummaryWriter [matched SummaryWriter],False,,True,xfuse/__main__.py:261 convert.st.run [matched st.run],unverified: missing stages: evaluation
https://github.com/ClaireGayral/formation_openclassroom,no_dockerfile,False,0,0,0,,,0,0,0,0,0,False,,False,,False,,False,,False,,False,,no Dockerfile and no fallback entry point found
https://github.com/markrobertvandam/PatternRecog2,no_dockerfile,False,0,0,0,,,0,0,0,0,0,False,,False,,False,,False,,False,,False,,no Dockerfile and no fallback entry point found
https://github.com/BelleJohn/neuropsychology-NeuroKit,no_dockerfile,False,0,0,0,,,0,0,0,0,0,False,,False,,False,,False,,False,,False,,no Dockerfile and no fallback entry point found
https://github.com/solaresjuan98/Proyecto2OLC2_VACDIC2021,no_dockerfile,False,0,0,0,,,0,0,0,0,0,False,,False,,False,,False,,False,,False,,no Dockerfile and no fallback entry point found
https://github.com/AugustEhl/MLOps_Jan22_august,no_entry,False,0,2,0,,,0,0,0,0,0,False,,False,,False,,False,,False,,False,,Dockerfile(s) found but no Python entry point could be resolved
https://github.com/davidenq/mlops-experiment,ok,False,0,0,1,src\main.py,fallback_nested,1,0,0,0,0,False,,False,,False,,False,,False,,False,,"unverified: missing stages: data_acquisition, data_preparation, modeling, training, evaluation, inference"
https://github.com/huynam1012/Projets-Jedha,no_dockerfile,False,0,0,0,,,0,0,0,0,0,False,,False,,False,,False,,False,,False,,no Dockerfile and no fallback entry point found
https://github.com/Gotsmy/sweat_normalization,no_dockerfile,False,0,0,0,,,0,0,0,0,0,False,,False,,False,,False,,False,,False,,no Dockerfile and no fallback entry point found
https://github.com/alfonsonajera/Car_Price_Predictor,no_dockerfile,False,0,0,0,,,0,0,0,0,0,False,,False,,False,,False,,False,,False,,no Dockerfile and no fallback entry point found
https://github.com/alexrods/Used-Bikes-Prices-Indian,ok,False,5,1,1,src\train.py,fallback_nested,1,0,0,0,0,True,src/train.py:28 pd.read_csv [matched pd.read_csv],True,src/train.py:32 sklearn.preprocessing.OneHotEncoder [matched OneHotEncoder],True,src/train.py:52 sklearn.ensemble.RandomForestRegressor [matched RandomForestRegressor],True,src/train.py:62 sklearn.model_selection.GridSearchCV [matched GridSearchCV],True,src/train.py:68 sklearn.model_selection.cross_validate [matched cross_validate],False,,unverified: missing stages: inference
https://github.com/MohanaRuban619/BREAST_CANCER_PREDICTION,no_dockerfile,False,0,0,0,,,0,0,0,0,0,False,,False,,False,,False,,False,,False,,no Dockerfile and no fallback entry point found
https://github.com/tanpinray/AMLS_22-21_SN18100138,no_dockerfile,False,0,0,0,,,0,0,0,0,0,False,,False,,False,,False,,False,,False,,no Dockerfile and no fallback entry point found
https://github.com/adhadse/ColabRepo,no_entry,False,0,2,0,,,0,0,0,0,0,False,,False,,False,,False,,False,,False,,Dockerfile(s) found but no Python entry point could be resolved
https://github.com/AMP-SCZ/phantom_check,no_dockerfile,False,0,0,0,,,0,0,0,0,0,False,,False,,False,,False,,False,,False,,no Dockerfile and no fallback entry point found
https://github.com/0nyr/journals2data,no_entry,False,0,1,0,,,0,0,0,0,0,False,,False,,False,,False,,False,,False,,Dockerfile(s) found but no Python entry point could be resolved
https://github.com/Paulinebt-ds/OC-Projects,no_dockerfile,False,0,0,0,,,0,0,0,0,0,False,,False,,False,,False,,False,,False,,no Dockerfile and no fallback entry point found
https://github.com/fmena2077/tensorflow_projects,no_dockerfile,False,0,0,0,,,0,0,0,0,0,False,,False,,False,,False,,False,,False,,no Dockerfile and no fallback entry point found
https://github.com/albertqjiang/transformers,no_entry,False,0,8,0,,,0,0,0,0,0,False,,False,,False,,False,,False,,False,,Dockerfile(s) found but no Python entry point could be resolved
https://github.com/lab-medvedeva/SCABFA-feature-selection,no_entry,False,0,1,0,,,0,0,0,0,0,False,,False,,False,,False,,False,,False,,Dockerfile(s) found but no Python entry point could be resolved
https://github.com/boliqq07/BGP,no_dockerfile,False,0,0,0,,,0,0,0,0,0,False,,False,,False,,False,,False,,False,,no Dockerfile and no fallback entry point found
https://github.com/flightcom/freqtrade,ok,False,0,7,1,freqtrade\__main__.py,fallback_nested,2,0,1,0,0,False,,False,,False,,False,,False,,False,,"unverified: missing stages: data_acquisition, data_preparation, modeling, training, evaluation, inference"
https://github.com/napo178/Udacity-machine-Learning,no_dockerfile,False,0,0,0,,,0,0,0,0,0,False,,False,,False,,False,,False,,False,,no Dockerfile and no fallback entry point found
https://github.com/Shekoo93/MLR,no_dockerfile,False,0,0,0,,,0,0,0,0,0,False,,False,,False,,False,,False,,False,,no Dockerfile and no fallback entry point found
https://github.com/ABD-01/Siamese-NN,no_dockerfile,False,0,0,0,,,0,0,0,0,0,False,,False,,False,,False,,False,,False,,no Dockerfile and no fallback entry point found
https://github.com/HaroldBenoit/ml4science-polymers,no_dockerfile,False,0,0,0,,,0,0,0,0,0,False,,False,,False,,False,,False,,False,,no Dockerfile and no fallback entry point found
https://github.com/taimurhassan/crc,ok,False,1,0,1,scripts\train.py,fallback_nested,1,2,0,0,0,False,,False,,False,,True,scripts/train.py:83 trainer.fit [matched trainer.fit],False,,False,,"unverified: missing stages: data_acquisition, data_preparation, modeling, evaluation, inference"
https://github.com/boostcampaitech2/final-project-level3-nlp-11,no_dockerfile,False,0,0,0,,,0,0,0,0,0,False,,False,,False,,False,,False,,False,,no Dockerfile and no fallback entry point found
https://github.com/henyoujingshen/Chip-problem-for-ML-project,no_dockerfile,False,0,0,0,,,0,0,0,0,0,False,,False,,False,,False,,False,,False,,no Dockerfile and no fallback entry point found
https://github.com/RohanKaran/color-identification,no_dockerfile,False,0,0,0,,,0,0,0,0,0,False,,False,,False,,False,,False,,False,,no Dockerfile and no fallback entry point found
https://github.com/pjulma/A62_TS,ok,False,5,0,1,app\app.py,fallback_nested,1,4,0,0,0,False,,True,app/app.py:76 pd.to_datetime [matched pd.to_datetime],True,app/app.py:142 sm.tsa.SARIMAX [matched SARIMAX],True,app/app.py:143 model.fit [matched model.fit],True,app/app.py:184 sklearn.metrics.mean_squared_error [matched mean_squared_error],True,app/app.py:61 st.write [matched st.write],unverified: missing stages: data_acquisition
https://github.com/cdalvaro/decocc,no_entry,False,0,1,0,,,0,0,0,0,0,False,,False,,False,,False,,False,,False,,Dockerfile(s) found but no Python entry point could be resolved
https://github.com/emiltj/NLP_exam_2021,no_dockerfile,False,0,0,0,,,0,0,0,0,0,False,,False,,False,,False,,False,,False,,no Dockerfile and no fallback entry point found
https://github.com/am-kaiser/CompSci-Project-1,ok,False,1,0,1,regression_analysis\main.py,fallback_nested,3,0,1,0,0,False,,False,,True,regression_analysis/main.py:84 sklearn.linear_model.LinearRegression [matched LinearRegression],False,,False,,False,,"unverified: missing stages: data_acquisition, data_preparation, training, evaluation, inference"
https://github.com/ajalrc/mask_detection,no_dockerfile,False,0,0,0,,,0,0,0,0,0,False,,False,,False,,False,,False,,False,,no Dockerfile and no fallback entry point found
https://github.com/hyperion-ml/hyperion,ok,False,5,0,1,hyperion\bin\eval_speech_quality_metrics.py,fallback_console_script,144,1606,10,0,4,True,hyperion/utils/misc.py:268 urllib.request.urlretrieve [matched urllib.request.urlretrieve],True,hyperion/metrics/speech_quality_evaluator.py:533 pd.to_numeric [matched pd.to_numeric],True,hyperion/torch/tpm/hf/hf_hubert.py:448 nn.ModuleList [matched nn.ModuleList],False,,True,hyperion/np/metrics/acc.py:32 sklearn.metrics.accuracy_score [matched accuracy_score],True,hyperion/torch/tpm/dnsmos/dnsmos.py:91 onnxruntime.InferenceSession [matched onnxruntime.InferenceSession],unverified: missing stages: training
https://github.com/jordantwells42/structural-replacement,no_entry,False,0,1,0,,,0,0,0,0,0,False,,False,,False,,False,,False,,False,,Dockerfile(s) found but no Python entry point could be resolved
https://github.com/tpatzelt/best-attributions,no_entry,False,0,1,0,,,0,0,0,0,0,False,,False,,False,,False,,False,,False,,Dockerfile(s) found but no Python entry point could be resolved
https://github.com/kaylode/mediaeval21-drsf,no_dockerfile,False,0,0,0,,,0,0,0,0,0,False,,False,,False,,False,,False,,False,,no Dockerfile and no fallback entry point found
https://github.com/Theodlz/data_analysis_S7,no_dockerfile,False,0,0,0,,,0,0,0,0,0,False,,False,,False,,False,,False,,False,,no Dockerfile and no fallback entry point found
https://github.com/MK38993/engi_res,no_dockerfile,False,0,0,0,,,0,0,0,0,0,False,,False,,False,,False,,False,,False,,no Dockerfile and no fallback entry point found
https://github.com/zacharysy/NLPProject,ok,False,1,0,1,dqn\train.py,fallback_nested,1,1,0,0,0,False,,False,,False,,True,dqn/train.py:113 loss.backward [matched loss.backward],False,,False,,"unverified: missing stages: data_acquisition, data_preparation, modeling, evaluation, inference"
https://github.com/0AnonymousSite0/Social-media-data-to-Interrelated-informtion-to-Parameters-of-virtual-road-model,no_dockerfile,False,0,0,0,,,0,0,0,0,0,False,,False,,False,,False,,False,,False,,no Dockerfile and no fallback entry point found
https://github.com/lyonva/Nue,no_dockerfile,False,0,0,0,,,0,0,0,0,0,False,,False,,False,,False,,False,,False,,no Dockerfile and no fallback entry point found
https://github.com/tleonardi/nanocompore,ok,False,3,0,1,nanocompore\__main__.py,fallback_nested,14,202,3,0,0,True,nanocompore/__main__.py:206 yaml.safe_load [matched yaml.safe_load],True,nanocompore/run.py:473 np.nan_to_num [matched np.nan_to_num],False,,False,,True,nanocompore/run.py:363 self.log [matched self.log],False,,"unverified: missing stages: modeling, training, inference"
https://github.com/CMSC470-Team/Model,no_dockerfile,False,0,0,0,,,0,0,0,0,0,False,,False,,False,,False,,False,,False,,no Dockerfile and no fallback entry point found
https://github.com/tjohn07/mass_mobilization_and_world_changing,no_dockerfile,False,0,0,0,,,0,0,0,0,0,False,,False,,False,,False,,False,,False,,no Dockerfile and no fallback entry point found
https://github.com/venkatesha2411/Text_summarization,no_entry,False,0,3,0,,,0,0,0,0,0,False,,False,,False,,False,,False,,False,,Dockerfile(s) found but no Python entry point could be resolved
https://github.com/rbg-research/AI-Training,no_dockerfile,False,0,0,0,,,0,0,0,0,0,False,,False,,False,,False,,False,,False,,no Dockerfile and no fallback entry point found
https://github.com/abdullahkarasan/mlfrm,no_dockerfile,False,0,0,0,,,0,0,0,0,0,False,,False,,False,,False,,False,,False,,no Dockerfile and no fallback entry point found
https://github.com/shantanu778/Machine_learning_Project,no_dockerfile,False,0,0,0,,,0,0,0,0,0,False,,False,,False,,False,,False,,False,,no Dockerfile and no fallback entry point found
https://github.com/se4ai2122-cs-uniba/Volcanic-eruption-prediction,ok,False,3,3,1,src\train.py,fallback_nested,1,7,0,0,0,True,src/train.py:28 pd.read_csv [matched pd.read_csv],False,,True,src/train.py:60 lgb.LGBMRegressor [matched LGBMRegressor],False,,True,src/train.py:42 sklearn.metrics.mean_squared_error [matched mean_squared_error],False,,"unverified: missing stages: data_preparation, training, inference"
https://github.com/yimen3/--,no_dockerfile,False,0,0,0,,,0,0,0,0,0,False,,False,,False,,False,,False,,False,,no Dockerfile and no fallback entry point found
https://github.com/LisNux-77/DS_Project-3,no_dockerfile,False,0,0,0,,,0,0,0,0,0,False,,False,,False,,False,,False,,False,,no Dockerfile and no fallback entry point found
https://github.com/codingFerryman/crypto_market_hierarchy_structure,no_dockerfile,False,0,0,0,,,0,0,0,0,0,False,,False,,False,,False,,False,,False,,no Dockerfile and no fallback entry point found
https://github.com/s-a-malik/multi-few,no_dockerfile,False,0,0,0,,,0,0,0,0,0,False,,False,,False,,False,,False,,False,,no Dockerfile and no fallback entry point found
https://github.com/psalishol/used-car-price-in-united-state,no_dockerfile,False,0,0,0,,,0,0,0,0,0,False,,False,,False,,False,,False,,False,,no Dockerfile and no fallback entry point found
https://github.com/prijatelj/handwriting_recognition_with_novelty,no_dockerfile,False,0,0,0,,,0,0,0,0,0,False,,False,,False,,False,,False,,False,,no Dockerfile and no fallback entry point found
https://github.com/richouzo/hate-speech-detection-survey,no_dockerfile,False,0,0,0,,,0,0,0,0,0,False,,False,,False,,False,,False,,False,,no Dockerfile and no fallback entry point found
https://github.com/Sophie1b/vegan_recipes,no_dockerfile,False,0,0,0,,,0,0,0,0,0,False,,False,,False,,False,,False,,False,,no Dockerfile and no fallback entry point found
https://github.com/harshgupta9723/job_roles_prediction_models,no_dockerfile,False,0,0,0,,,0,0,0,0,0,False,,False,,False,,False,,False,,False,,no Dockerfile and no fallback entry point found
https://github.com/KDSource/KDSource,no_dockerfile,False,0,0,0,,,0,0,0,0,0,False,,False,,False,,False,,False,,False,,no Dockerfile and no fallback entry point found
https://github.com/neuroanatomy/neurodevelop-challenge,no_dockerfile,False,0,0,0,,,0,0,0,0,0,False,,False,,False,,False,,False,,False,,no Dockerfile and no fallback entry point found
https://github.com/upgini/upgini,no_entry,False,0,1,0,,,0,0,0,0,0,False,,False,,False,,False,,False,,False,,Dockerfile(s) found but no Python entry point could be resolved
https://github.com/NoahGago/493final,ok,False,0,7,1,freqtrade\__main__.py,fallback_nested,2,0,1,0,0,False,,False,,False,,False,,False,,False,,"unverified: missing stages: data_acquisition, data_preparation, modeling, training, evaluation, inference"
https://github.com/probml/bandits,ok,False,0,0,1,bandits\__main__.py,fallback_nested,1,4,0,0,0,False,,False,,False,,False,,False,,False,,"unverified: missing stages: data_acquisition, data_preparation, modeling, training, evaluation, inference"
https://github.com/aidanscannell/mogpe,no_dockerfile,False,0,0,0,,,0,0,0,0,0,False,,False,,False,,False,,False,,False,,no Dockerfile and no fallback entry point found
https://github.com/dean2727/jobs4me,no_dockerfile,False,0,0,0,,,0,0,0,0,0,False,,False,,False,,False,,False,,False,,no Dockerfile and no fallback entry point found
https://github.com/Voisin-Alexis/Projet7OC,no_dockerfile,False,0,0,0,,,0,0,0,0,0,False,,False,,False,,False,,False,,False,,no Dockerfile and no fallback entry point found
https://github.com/supsi-dacd-isaac/oasi-ozone-forecaster,no_dockerfile,False,0,0,0,,,0,0,0,0,0,False,,False,,False,,False,,False,,False,,no Dockerfile and no fallback entry point found
https://github.com/Anveshrithaa/IDS-Project,no_dockerfile,False,0,0,0,,,0,0,0,0,0,False,,False,,False,,False,,False,,False,,no Dockerfile and no fallback entry point found
https://github.com/brunnosjob/clustering-machine-learning,no_dockerfile,False,0,0,0,,,0,0,0,0,0,False,,False,,False,,False,,False,,False,,no Dockerfile and no fallback entry point found
https://github.com/ahadda5/mlpr701,no_dockerfile,False,0,0,0,,,0,0,0,0,0,False,,False,,False,,False,,False,,False,,no Dockerfile and no fallback entry point found
https://github.com/abbasshafi/NAVTTC-AI-ML-DL-Course,no_dockerfile,False,0,0,0,,,0,0,0,0,0,False,,False,,False,,False,,False,,False,,no Dockerfile and no fallback entry point found
https://github.com/modal-inria/MixtComp,no_dockerfile,False,0,0,0,,,0,0,0,0,0,False,,False,,False,,False,,False,,False,,no Dockerfile and no fallback entry point found
https://github.com/datthinh1801/Journey-Make-It-Easy,no_dockerfile,False,0,0,0,,,0,0,0,0,0,False,,False,,False,,False,,False,,False,,no Dockerfile and no fallback entry point found
https://github.com/bodealamu/datamallet,no_dockerfile,False,0,0,0,,,0,0,0,0,0,False,,False,,False,,False,,False,,False,,no Dockerfile and no fallback entry point found
https://github.com/felipelmc/programming-languages,no_dockerfile,False,0,0,0,,,0,0,0,0,0,False,,False,,False,,False,,False,,False,,no Dockerfile and no fallback entry point found
https://github.com/gradsflow/chitra,no_entry,False,0,2,0,,,0,0,0,0,0,False,,False,,False,,False,,False,,False,,Dockerfile(s) found but no Python entry point could be resolved
https://github.com/luyang1210/EO,no_dockerfile,False,0,0,0,,,0,0,0,0,0,False,,False,,False,,False,,False,,False,,no Dockerfile and no fallback entry point found
https://github.com/asavinov/intelligent-trading-bot,ok,False,5,0,1,scripts\train.py,fallback_nested,27,161,6,0,4,True,scripts/train.py:54 pd.read_parquet [matched pd.read_parquet],True,scripts/train.py:101 df.replace [matched df.replace],True,common/classifier_gb.py:48 lgb.Dataset [matched lgb.Dataset],True,common/classifier_gb.py:46 lgb.train [matched lgb.train],True,common/utils.py:352 sklearn.metrics.roc_auc_score [matched roc_auc_score],False,,unverified: missing stages: inference
https://github.com/egrace479/NFL-BDB-2022,no_dockerfile,False,0,0,0,,,0,0,0,0,0,False,,False,,False,,False,,False,,False,,no Dockerfile and no fallback entry point found
https://github.com/implausibleDeniability/sartorius_instance_segmentation,no_dockerfile,False,0,0,0,,,0,0,0,0,0,False,,False,,False,,False,,False,,False,,no Dockerfile and no fallback entry point found
https://github.com/Lord-sarcastic/cgpa-prediction,no_dockerfile,False,0,0,0,,,0,0,0,0,0,False,,False,,False,,False,,False,,False,,no Dockerfile and no fallback entry point found
https://github.com/Ananya114/plantidentification,no_dockerfile,False,0,0,0,,,0,0,0,0,0,False,,False,,False,,False,,False,,False,,no Dockerfile and no fallback entry point found
https://github.com/Arzik1987/prelim,ok,True,6,0,1,experiments\run.py,fallback_nested,19,136,3,0,3,True,experiments/data/loader.py:16 pd.read_csv [matched pd.read_csv],True,experiments/data/preparation.py:25 sklearn.preprocessing.StandardScaler [matched StandardScaler],True,experiments/evaluation/baselines.py:63 sklearn.tree.DecisionTreeClassifier [matched DecisionTreeClassifier],True,experiments/evaluation/baselines.py:61 sklearn.model_selection.GridSearchCV [matched GridSearchCV],True,experiments/evaluation/baselines.py:76 sklearn.metrics.balanced_accuracy_score [matched balanced_accuracy_score],True,experiments/evaluation/strategies.py:49 model.predict [matched model.predict],verified: all 6 stages present
https://github.com/gogzicole/SecAI_app,no_dockerfile,False,0,0,0,,,0,0,0,0,0,False,,False,,False,,False,,False,,False,,no Dockerfile and no fallback entry point found
https://github.com/Adapter-Hub/adapter-transformers,no_dockerfile,False,0,0,0,,,0,0,0,0,0,False,,False,,False,,False,,False,,False,,no Dockerfile and no fallback entry point found
https://github.com/hfboyce/UBC_BAIT509,no_dockerfile,False,0,0,0,,,0,0,0,0,0,False,,False,,False,,False,,False,,False,,no Dockerfile and no fallback entry point found
https://github.com/MicrobialDarkMatter/GraphMB,no_entry,False,0,1,0,,,0,0,0,0,0,False,,False,,False,,False,,False,,False,,Dockerfile(s) found but no Python entry point could be resolved
https://github.com/stephengineer/Machine-Learning,no_dockerfile,False,0,0,0,,,0,0,0,0,0,False,,False,,False,,False,,False,,False,,no Dockerfile and no fallback entry point found
https://github.com/korrawe/halo,no_dockerfile,False,0,0,0,,,0,0,0,0,0,False,,False,,False,,False,,False,,False,,no Dockerfile and no fallback entry point found
https://github.com/EMBEDDIA/event-detection,ok,False,1,0,1,event-detection-entities\main.py,fallback_nested,1,5,0,0,0,False,,False,,False,,True,event-detection-entities/main.py:267 trainer.train [matched trainer.train],False,,False,,"unverified: missing stages: data_acquisition, data_preparation, modeling, evaluation, inference"
https://github.com/leriomaggio/python-data-science,no_dockerfile,False,0,0,0,,,0,0,0,0,0,False,,False,,False,,False,,False,,False,,no Dockerfile and no fallback entry point found
https://github.com/suyouooooo/HAT-Net,no_dockerfile,False,0,0,0,,,0,0,0,0,0,False,,False,,False,,False,,False,,False,,no Dockerfile and no fallback entry point found
https://github.com/victory-hash/modelAL,no_dockerfile,False,0,0,0,,,0,0,0,0,0,False,,False,,False,,False,,False,,False,,no Dockerfile and no fallback entry point found
https://github.com/alexander-stratonov/Skillfactory_Alexander_Stratonov,no_dockerfile,False,0,0,0,,,0,0,0,0,0,False,,False,,False,,False,,False,,False,,no Dockerfile and no fallback entry point found
https://github.com/Michaeljurado24/Scrape-and-Classify,ok,True,6,0,1,app\app.py,fallback_nested,4,27,2,0,0,True,app/app.py:63 PIL.Image.open [matched Image.open],True,transfer_learning.py:57 sklearn.model_selection.model_selection.train_test_split [matched train_test_split],True,utils/keras_vis_helper.py:35 tf.keras.Sequential [matched keras.Sequential],True,transfer_learning.py:190 model.fit [matched model.fit],True,transfer_learning.py:192 model.evaluate [matched model.evaluate],True,app/app.py:43 flask.Flask [matched Flask],verified: all 6 stages present
https://github.com/maruedt/chemometrics,no_dockerfile,False,0,0,0,,,0,0,0,0,0,False,,False,,False,,False,,False,,False,,no Dockerfile and no fallback entry point found
https://github.com/pattypooh/agribalyse,ok,False,2,1,1,src\app.py,fallback_nested,1,2,0,0,0,True,src/app.py:14 pd.read_csv [matched pd.read_csv],False,,False,,False,,False,,True,src/app.py:25 st.write [matched st.write],"unverified: missing stages: data_preparation, modeling, training, evaluation"
https://github.com/jeffreykktu/data_project,no_dockerfile,False,0,0,0,,,0,0,0,0,0,False,,False,,False,,False,,False,,False,,no Dockerfile and no fallback entry point found
https://github.com/cmutnik/computational_photography,no_dockerfile,False,0,0,0,,,0,0,0,0,0,False,,False,,False,,False,,False,,False,,no Dockerfile and no fallback entry point found
https://github.com/flegaspi700/my-projects,no_dockerfile,False,0,0,0,,,0,0,0,0,0,False,,False,,False,,False,,False,,False,,no Dockerfile and no fallback entry point found
https://github.com/hmelendez001/Project2-Udacity-Data-Scientist,ok,False,3,0,1,app\run.py,fallback_nested,1,3,0,0,0,True,app/run.py:26 sqlalchemy.create_engine [matched sqlalchemy.create_engine],True,app/run.py:51 df.groupby [matched df.groupby],False,,False,,False,,True,app/run.py:22 flask.Flask [matched Flask],"unverified: missing stages: modeling, training, evaluation"
https://github.com/hadrienmichel/pyBEL1D,no_dockerfile,False,0,0,0,,,0,0,0,0,0,False,,False,,False,,False,,False,,False,,no Dockerfile and no fallback entry point found
https://github.com/goGabiO/diversity_in_cinema_frontend,ok,False,3,0,1,diversity_in_cinema_frontend\app.py,fallback_nested,5,28,2,0,0,True,diversity_in_cinema_frontend/app.py:43 PIL.Image.open [matched Image.open],True,diversity_in_cinema_frontend/visualizations.py:82 pd.to_datetime [matched pd.to_datetime],False,,False,,False,,True,diversity_in_cinema_frontend/app.py:37 st.write [matched st.write],"unverified: missing stages: modeling, training, evaluation"
https://github.com/russelldj/CalibrADE,no_dockerfile,False,0,0,0,,,0,0,0,0,0,False,,False,,False,,False,,False,,False,,no Dockerfile and no fallback entry point found
https://github.com/MiriamCobo/BrainGut-WineUp,no_dockerfile,False,0,0,0,,,0,0,0,0,0,False,,False,,False,,False,,False,,False,,no Dockerfile and no fallback entry point found
https://github.com/delashu/BIOS823_Project,no_dockerfile,False,0,0,0,,,0,0,0,0,0,False,,False,,False,,False,,False,,False,,no Dockerfile and no fallback entry point found
https://github.com/TorchUQ/torchuq,no_dockerfile,False,0,0,0,,,0,0,0,0,0,False,,False,,False,,False,,False,,False,,no Dockerfile and no fallback entry point found
https://github.com/euisuk-chung/timeseries-generation,no_dockerfile,False,0,0,0,,,0,0,0,0,0,False,,False,,False,,False,,False,,False,,no Dockerfile and no fallback entry point found
https://github.com/pysentimiento/pysentimiento,no_dockerfile,False,0,0,0,,,0,0,0,0,0,False,,False,,False,,False,,False,,False,,no Dockerfile and no fallback entry point found
https://github.com/ITU-AI-ML-in-5G-Challenge/ITU-ML5G-PS-014-Build-a-thon-PoC---Team-AUTOMATO-,no_dockerfile,False,0,0,0,,,0,0,0,0,0,False,,False,,False,,False,,False,,False,,no Dockerfile and no fallback entry point found
https://github.com/VargheseTresa/SpringBoard,no_dockerfile,False,0,0,0,,,0,0,0,0,0,False,,False,,False,,False,,False,,False,,no Dockerfile and no fallback entry point found
https://github.com/Clemens-Bretscher/cassava-classification-capstone,ok,False,2,0,1,src\app.py,fallback_nested,1,5,0,0,0,True,src/app.py:12 pd.read_csv [matched pd.read_csv],False,,False,,False,,False,,True,src/app.py:105 model.predict [matched model.predict],"unverified: missing stages: data_preparation, modeling, training, evaluation"
https://github.com/OscarTou/CinePred,no_entry,False,0,1,0,,,0,0,0,0,0,False,,False,,False,,False,,False,,False,,Dockerfile(s) found but no Python entry point could be resolved
https://github.com/danibolanos/TFG-Ensuring_Fairness_in_ML,no_dockerfile,False,0,0,0,,,0,0,0,0,0,False,,False,,False,,False,,False,,False,,no Dockerfile and no fallback entry point found
https://github.com/YazidiNourhene/DM,no_dockerfile,False,0,0,0,,,0,0,0,0,0,False,,False,,False,,False,,False,,False,,no Dockerfile and no fallback entry point found
https://github.com/yizhang7210/w266-final-project,no_dockerfile,False,0,0,0,,,0,0,0,0,0,False,,False,,False,,False,,False,,False,,no Dockerfile and no fallback entry point found
https://github.com/wiseami/wisem-iainkm-mads-capstone,no_dockerfile,False,0,0,0,,,0,0,0,0,0,False,,False,,False,,False,,False,,False,,no Dockerfile and no fallback entry point found
https://github.com/JeongEunhye00/novelgirls,no_dockerfile,False,0,0,0,,,0,0,0,0,0,False,,False,,False,,False,,False,,False,,no Dockerfile and no fallback entry point found
https://github.com/meyer-lab/cell-selective-ligands,ok,False,0,0,1,selecv\figures\figureCommon.py,fallback_console_script,2,19,1,0,0,False,,False,,False,,False,,False,,False,,"unverified: missing stages: data_acquisition, data_preparation, modeling, training, evaluation, inference"
https://github.com/automl/DeepCAVE,ok,False,5,0,1,deepcave\cli.py,fallback_console_script,68,438,6,0,1,True,deepcave/plugins/hyperparameter/ablation_paths.py:549 pd.read_json [matched pd.read_json],True,deepcave/plugins/hyperparameter/ablation_paths.py:569 df.groupby [matched df.groupby],True,deepcave/evaluators/footprint.py:589 sklearn.ensemble.RandomForestRegressor [matched RandomForestRegressor],True,deepcave/evaluators/mo_ablation.py:167 model.fit [matched model.fit],False,,True,deepcave/evaluators/mo_ablation.py:116 model.predict [matched model.predict],unverified: missing stages: evaluation
https://github.com/benlongcroft/Nitely-Code-Base,no_dockerfile,False,0,0,0,,,0,0,0,0,0,False,,False,,False,,False,,False,,False,,no Dockerfile and no fallback entry point found
https://github.com/DavidZah/ikem_hack,no_dockerfile,False,0,0,0,,,0,0,0,0,0,False,,False,,False,,False,,False,,False,,no Dockerfile and no fallback entry point found
https://github.com/coderpendent/drift-monitoring,no_entry,False,0,1,1,,dockerfile,0,0,0,0,0,False,,False,,False,,False,,False,,False,,no resolved entry point yielded a usable call graph
https://github.com/WillemsBrecht/MLOps_Home_Project,no_entry,False,0,1,0,,,0,0,0,0,0,False,,False,,False,,False,,False,,False,,Dockerfile(s) found but no Python entry point could be resolved
https://github.com/bantucaravan/noahs-utils,no_dockerfile,False,0,0,0,,,0,0,0,0,0,False,,False,,False,,False,,False,,False,,no Dockerfile and no fallback entry point found
https://github.com/anchoranalysis/anchor-python-visualization,no_dockerfile,False,0,0,0,,,0,0,0,0,0,False,,False,,False,,False,,False,,False,,no Dockerfile and no fallback entry point found
https://github.com/LabmicUFSJ/sara_public,ok,False,2,0,1,sara\main.py,fallback_nested,17,54,5,0,0,True,sara/core/utils.py:56 requests.get [matched requests.get],True,sara/core/pre_processing.py:59 spacy.load [matched spacy.load],False,,False,,False,,False,,"unverified: missing stages: modeling, training, evaluation, inference"
https://github.com/sourestdeeds/dataSciencePortfolio,no_dockerfile,False,0,0,0,,,0,0,0,0,0,False,,False,,False,,False,,False,,False,,no Dockerfile and no fallback entry point found
https://github.com/SebasPelaez/tf-challenge-iris,no_dockerfile,False,0,0,0,,,0,0,0,0,0,False,,False,,False,,False,,False,,False,,no Dockerfile and no fallback entry point found
https://github.com/NikolaAndro/Water_Quality_Prediction,no_dockerfile,False,0,0,0,,,0,0,0,0,0,False,,False,,False,,False,,False,,False,,no Dockerfile and no fallback entry point found
https://github.com/digrinev/skillfactory_rds,no_entry,False,0,2,0,,,0,0,0,0,0,False,,False,,False,,False,,False,,False,,Dockerfile(s) found but no Python entry point could be resolved
https://github.com/venomouscyanide/Graph-Representation-Learning,no_dockerfile,False,0,0,0,,,0,0,0,0,0,False,,False,,False,,False,,False,,False,,no Dockerfile and no fallback entry point found
https://github.com/Mubeen31/live-weather-data-in-python-by-plotly-dash,no_dockerfile,False,0,0,0,,,0,0,0,0,0,False,,False,,False,,False,,False,,False,,no Dockerfile and no fallback entry point found
https://github.com/gvrVictor/Blankly_original_git,ok,False,3,0,1,blankly\deployment\cli.py,fallback_console_script,71,599,8,0,0,True,blankly/deployment/cli.py:114 json.load [matched json.load],True,blankly/utils/utils.py:513 df.groupby [matched df.groupby],True,blankly/utils/utils.py:242 sklearn.linear_model.LinearRegression [matched LinearRegression],False,,False,,False,,"unverified: missing stages: training, evaluation, inference"
https://github.com/brunnosjob/macroeconomy-unemployment-machine-learning,no_dockerfile,False,0,0,0,,,0,0,0,0,0,False,,False,,False,,False,,False,,False,,no Dockerfile and no fallback entry point found
https://github.com/MGlauer/ChEBai,ok,False,2,0,1,chebai\__main__.py,fallback_nested,6,89,3,0,0,True,chebai/preprocessing/datasets/base.py:357 def train_dataloader [matched <lightning hook train_dataloader>],True,chebai/preprocessing/datasets/base.py:1078 pd.concat [matched pd.concat],False,,False,,False,,False,,"unverified: missing stages: modeling, training, evaluation, inference"
https://github.com/suprabhatrijal/SkClone,no_dockerfile,False,0,0,0,,,0,0,0,0,0,False,,False,,False,,False,,False,,False,,no Dockerfile and no fallback entry point found
https://github.com/myungkeun-cho/taobao_dlrm,no_entry,False,0,1,0,,,0,0,0,0,0,False,,False,,False,,False,,False,,False,,Dockerfile(s) found but no Python entry point could be resolved
https://github.com/qwerty239qwe/scTenifoldpy,ok,False,2,1,1,scTenifold\__main__.py,fallback_nested,19,78,6,0,2,True,scTenifold/__main__.py:38 yaml.safe_load [matched yaml.safe_load],True,scTenifold/core/_norm.py:24 np.nan_to_num [matched np.nan_to_num],False,,False,,False,,False,,"unverified: missing stages: modeling, training, evaluation, inference"
https://github.com/paullintilhac/math146-project,no_entry,False,0,2,0,,,0,0,0,0,0,False,,False,,False,,False,,False,,False,,Dockerfile(s) found but no Python entry point could be resolved
https://github.com/Dianevera/heart-prediction,no_dockerfile,False,0,0,0,,,0,0,0,0,0,False,,False,,False,,False,,False,,False,,no Dockerfile and no fallback entry point found
https://github.com/prio-data/views_transformation_library,no_dockerfile,False,0,0,0,,,0,0,0,0,0,False,,False,,False,,False,,False,,False,,no Dockerfile and no fallback entry point found
https://github.com/theislab/ehrapy,no_dockerfile,False,0,0,0,,,0,0,0,0,0,False,,False,,False,,False,,False,,False,,no Dockerfile and no fallback entry point found
https://github.com/gretelai/gretel-synthetics,no_dockerfile,False,0,0,0,,,0,0,0,0,0,False,,False,,False,,False,,False,,False,,no Dockerfile and no fallback entry point found
https://github.com/mbescansa/Predicting-Taxi-Tips-in-NYC,no_dockerfile,False,0,0,0,,,0,0,0,0,0,False,,False,,False,,False,,False,,False,,no Dockerfile and no fallback entry point found
https://github.com/kingjosephm/vehicle_make_model_classifier,no_entry,False,0,2,0,,,0,0,0,0,0,False,,False,,False,,False,,False,,False,,Dockerfile(s) found but no Python entry point could be resolved
https://github.com/Matheus73/jogoEconomiaSensata,no_entry,False,0,1,0,,,0,0,0,0,0,False,,False,,False,,False,,False,,False,,Dockerfile(s) found but no Python entry point could be resolved
https://github.com/LondonNode/Pearl,no_dockerfile,False,0,0,0,,,0,0,0,0,0,False,,False,,False,,False,,False,,False,,no Dockerfile and no fallback entry point found
https://github.com/KNis031/MUSIC-MOOD-CLASSIFICATION-USING-CONVOLUTIONAL-NEURAL-NETWORKS,no_dockerfile,False,0,0,0,,,0,0,0,0,0,False,,False,,False,,False,,False,,False,,no Dockerfile and no fallback entry point found
https://github.com/sigeisler/robustness_of_gnns_at_scale,ok,False,2,0,1,rgnn_at_scale\train.py,fallback_nested,3,37,2,0,0,False,,False,,False,,True,rgnn_at_scale/train.py:54 optimizer.zero_grad [matched optimizer.zero_grad],False,,True,rgnn_at_scale/helper/utils.py:280 torch.no_grad [matched torch.no_grad],"unverified: missing stages: data_acquisition, data_preparation, modeling, evaluation"
https://github.com/jannisborn/inventive_spelling,ok,False,2,0,1,scripts\run.py,fallback_nested,5,23,3,0,0,True,invspell/utils.py:183 np.load [matched np.load],True,scripts/run.py:211 sklearn.model_selection.train_test_split [matched train_test_split],False,,False,,False,,False,,"unverified: missing stages: modeling, training, evaluation, inference"
https://github.com/OpendTect/dgbpy,no_dockerfile,False,0,0,0,,,0,0,0,0,0,False,,False,,False,,False,,False,,False,,no Dockerfile and no fallback entry point found
https://github.com/League-of-Pandas/Speech-Emotion-Recognition,no_dockerfile,False,0,0,0,,,0,0,0,0,0,False,,False,,False,,False,,False,,False,,no Dockerfile and no fallback entry point found
https://github.com/pysentimiento/robertuito,no_dockerfile,False,0,0,0,,,0,0,0,0,0,False,,False,,False,,False,,False,,False,,no Dockerfile and no fallback entry point found
https://github.com/GaloisInc/FAW,no_dockerfile,False,0,0,0,,,0,0,0,0,0,False,,False,,False,,False,,False,,False,,no Dockerfile and no fallback entry point found
https://github.com/Esadruhn/owkin_elixir_hackathon,no_entry,False,0,8,0,,,0,0,0,0,0,False,,False,,False,,False,,False,,False,,Dockerfile(s) found but no Python entry point could be resolved
https://github.com/FedericoD94/BATQuO,no_dockerfile,False,0,0,0,,,0,0,0,0,0,False,,False,,False,,False,,False,,False,,no Dockerfile and no fallback entry point found
https://github.com/YiYuDL/CRNNTL,ok,False,1,0,1,CRNNTL\train.py,fallback_nested,2,9,1,0,0,False,,False,,True,CRNNTL/train.py:93 nn.Sequential [matched nn.Sequential],False,,False,,False,,"unverified: missing stages: data_acquisition, data_preparation, training, evaluation, inference"
https://github.com/danihyunlee/6998_Decision_Transformers,no_dockerfile,False,0,0,0,,,0,0,0,0,0,False,,False,,False,,False,,False,,False,,no Dockerfile and no fallback entry point found
https://github.com/uchidalab/DynamicDA-with-GatingNetworks,no_dockerfile,False,0,0,0,,,0,0,0,0,0,False,,False,,False,,False,,False,,False,,no Dockerfile and no fallback entry point found
https://github.com/bulgemi/chatbot_dong-su,ok,False,2,0,1,BotEngine\app.py,fallback_nested,9,18,2,0,0,True,BotEngine/bot_engine.py:199 requests.post [matched requests.post],False,,False,,False,,False,,True,MlPipeLine/models/intent/intent_model.py:51 self.model.predict [matched model.predict],"unverified: missing stages: data_preparation, modeling, training, evaluation"
https://github.com/Dakcser/NLP,no_dockerfile,False,0,0,0,,,0,0,0,0,0,False,,False,,False,,False,,False,,False,,no Dockerfile and no fallback entry point found
https://github.com/voldemortX/pytorch-auto-drive,no_dockerfile,False,0,0,0,,,0,0,0,0,0,False,,False,,False,,False,,False,,False,,no Dockerfile and no fallback entry point found
https://github.com/ychanc2104/keyword_extraction,no_dockerfile,False,0,0,0,,,0,0,0,0,0,False,,False,,False,,False,,False,,False,,no Dockerfile and no fallback entry point found
https://github.com/PabloPerezSalazar/Machine-learning-Azura,no_dockerfile,False,0,0,0,,,0,0,0,0,0,False,,False,,False,,False,,False,,False,,no Dockerfile and no fallback entry point found
https://github.com/MuhammedAshraf2020/Paper2Code,no_dockerfile,False,0,0,0,,,0,0,0,0,0,False,,False,,False,,False,,False,,False,,no Dockerfile and no fallback entry point found
https://github.com/shenghaoc/ee5907-ca2,no_dockerfile,False,0,0,0,,,0,0,0,0,0,False,,False,,False,,False,,False,,False,,no Dockerfile and no fallback entry point found
https://github.com/hamedkharazmi/Machine-Learning-ZoomCamp-HWs,no_entry,False,0,5,0,,,0,0,0,0,0,False,,False,,False,,False,,False,,False,,Dockerfile(s) found but no Python entry point could be resolved
https://github.com/language-brainscore/langbrainscore,ok,True,6,1,1,langbrainscore\__main__.py,fallback_nested,29,114,5,0,0,True,langbrainscore/benchmarks/pereira2018.py:18 pd.read_csv [matched pd.read_csv],True,langbrainscore/encoder/ann.py:77 transformers.AutoTokenizer.from_pretrained [matched AutoTokenizer.from_pretrained],True,langbrainscore/encoder/ann.py:80 transformers.AutoModel.from_pretrained [matched AutoModel.from_pretrained],True,langbrainscore/mapping/mapping.py:367 self.model.fit [matched model.fit],True,langbrainscore/metrics/metric.py:67 sklearn.metrics.mean_squared_error [matched mean_squared_error],True,langbrainscore/encoder/ann.py:147 self.model.eval [matched model.eval],verified: all 6 stages present
https://github.com/giovannic/fastms,no_dockerfile,False,0,0,0,,,0,0,0,0,0,False,,False,,False,,False,,False,,False,,no Dockerfile and no fallback entry point found
https://github.com/moon-hotel/DeepLearningWithMe,no_dockerfile,False,0,0,0,,,0,0,0,0,0,False,,False,,False,,False,,False,,False,,no Dockerfile and no fallback entry point found
https://github.com/olivercliff/pyspi,no_entry,False,0,1,0,,,0,0,0,0,0,False,,False,,False,,False,,False,,False,,Dockerfile(s) found but no Python entry point could be resolved
https://github.com/morrislab/pairtree,no_dockerfile,False,0,0,0,,,0,0,0,0,0,False,,False,,False,,False,,False,,False,,no Dockerfile and no fallback entry point found
https://github.com/PrabhuKiran8790/AI,no_dockerfile,False,0,0,0,,,0,0,0,0,0,False,,False,,False,,False,,False,,False,,no Dockerfile and no fallback entry point found
https://github.com/Minsung-commit/TIL,no_dockerfile,False,0,0,0,,,0,0,0,0,0,False,,False,,False,,False,,False,,False,,no Dockerfile and no fallback entry point found
https://github.com/Creearc/SberZvuk-Tech-Days,no_entry,False,0,1,0,,,0,0,0,0,0,False,,False,,False,,False,,False,,False,,Dockerfile(s) found but no Python entry point could be resolved
https://github.com/Passion-fruits/passionfruits-Backend-FastAPI,ok,False,1,0,1,project\main.py,fallback_nested,2,0,1,0,0,False,,False,,False,,False,,False,,True,project/main.py:9 fastapi.FastAPI [matched FastAPI],"unverified: missing stages: data_acquisition, data_preparation, modeling, training, evaluation"
https://github.com/rbattistini/thesis-notebooks,no_dockerfile,False,0,0,0,,,0,0,0,0,0,False,,False,,False,,False,,False,,False,,no Dockerfile and no fallback entry point found
https://github.com/predictive-analytics-lab/positive-action-framework,ok,True,6,0,1,paf\main.py,fallback_nested,29,211,4,0,0,True,paf/base_templates/base_module.py:110 def train_dataloader [matched <lightning hook train_dataloader>],True,paf/main.py:331 sklearn.preprocessing.StandardScaler [matched StandardScaler],True,paf/main.py:169 hydra.utils.instantiate [matched hydra.utils.instantiate],True,paf/main.py:166 hydra.main [matched hydra.main],True,paf/main.py:556 ethicml.Accuracy [matched Accuracy],True,paf/scoring.py:45 clf.predict [matched clf.predict],verified: all 6 stages present
https://github.com/VenkatRamaraju/Agora,no_entry,False,0,1,0,,,0,0,0,0,0,False,,False,,False,,False,,False,,False,,Dockerfile(s) found but no Python entry point could be resolved
https://github.com/omocaig1986/experiments,no_dockerfile,False,0,0,0,,,0,0,0,0,0,False,,False,,False,,False,,False,,False,,no Dockerfile and no fallback entry point found
https://github.com/deep-privacy/sidekit,no_dockerfile,False,0,0,0,,,0,0,0,0,0,False,,False,,False,,False,,False,,False,,no Dockerfile and no fallback entry point found
https://github.com/samad567/Flight_Price_Prediction,no_dockerfile,False,0,0,0,,,0,0,0,0,0,False,,False,,False,,False,,False,,False,,no Dockerfile and no fallback entry point found
https://github.com/UnB-KnEDLe/DODFMiner,ok,False,4,1,1,dodfminer\run.py,fallback_nested,37,360,5,0,0,True,dodfminer/downloader/core.py:148 requests.get [matched requests.get],True,dodfminer/extract/polished/helper.py:187 pd.concat [matched pd.concat],True,dodfminer/extract/polished/backend/pipeline.py:0 class PipelineCRF [matched <class subclasses model base>],False,,False,,True,dodfminer/extract/polished/acts/type_classification/committee.py:79 clf.predict [matched clf.predict],"unverified: missing stages: training, evaluation"
https://github.com/rcister01/modelo_energetico,no_dockerfile,False,0,0,0,,,0,0,0,0,0,False,,False,,False,,False,,False,,False,,no Dockerfile and no fallback entry point found
https://github.com/MaxenceQueyrel/udacity_ex_3,clone_failed,False,0,0,0,,,0,0,0,0,0,False,,False,,False,,False,,False,,False,,remote: Repository not found.
https://github.com/colour-science/colour,no_dockerfile,False,0,0,0,,,0,0,0,0,0,False,,False,,False,,False,,False,,False,,no Dockerfile and no fallback entry point found
https://github.com/Ariel-G-Lee/LookBook,no_entry,False,0,2,0,,,0,0,0,0,0,False,,False,,False,,False,,False,,False,,Dockerfile(s) found but no Python entry point could be resolved
https://github.com/FedericoMontana/instrumentum,no_dockerfile,False,0,0,0,,,0,0,0,0,0,False,,False,,False,,False,,False,,False,,no Dockerfile and no fallback entry point found
https://github.com/gersonrpq/intro-deployment-ml,ok,False,5,1,1,src\train.py,fallback_nested,1,0,0,0,0,True,src/train.py:22 pd.read_csv [matched pd.read_csv],True,src/train.py:25 sklearn.pipeline.Pipeline [matched sklearn.pipeline.Pipeline],True,src/train.py:27 sklearn.ensemble.GradientBoostingRegressor [matched GradientBoostingRegressor],True,src/train.py:39 sklearn.model_selection.GridSearchCV [matched GridSearchCV],True,src/train.py:46 sklearn.model_selection.cross_validate [matched cross_validate],False,,unverified: missing stages: inference
https://github.com/cross-species-SeqVec-MFP/thesis,no_dockerfile,False,0,0,0,,,0,0,0,0,0,False,,False,,False,,False,,False,,False,,no Dockerfile and no fallback entry point found
https://github.com/rsimd/sktopic,no_entry,False,0,1,0,,,0,0,0,0,0,False,,False,,False,,False,,False,,False,,Dockerfile(s) found but no Python entry point could be resolved
https://github.com/jchen42703/g2net_ml_dl,no_dockerfile,False,0,0,0,,,0,0,0,0,0,False,,False,,False,,False,,False,,False,,no Dockerfile and no fallback entry point found
https://github.com/princeton-nlp/MultilingualAnalysis,no_entry,False,0,7,0,,,0,0,0,0,0,False,,False,,False,,False,,False,,False,,Dockerfile(s) found but no Python entry point could be resolved
https://github.com/virati/cortical_signatures,no_entry,False,0,1,0,,,0,0,0,0,0,False,,False,,False,,False,,False,,False,,Dockerfile(s) found but no Python entry point could be resolved
https://github.com/chrischen3121/notes,no_dockerfile,False,0,0,0,,,0,0,0,0,0,False,,False,,False,,False,,False,,False,,no Dockerfile and no fallback entry point found
https://github.com/z-gong/ms-tools,no_dockerfile,False,0,0,0,,,0,0,0,0,0,False,,False,,False,,False,,False,,False,,no Dockerfile and no fallback entry point found
https://github.com/squareleaf/SpringboardDS,no_dockerfile,False,0,0,0,,,0,0,0,0,0,False,,False,,False,,False,,False,,False,,no Dockerfile and no fallback entry point found
https://github.com/esowc/MaLePoM,no_dockerfile,False,0,0,0,,,0,0,0,0,0,False,,False,,False,,False,,False,,False,,no Dockerfile and no fallback entry point found
https://github.com/Bayern19Feb/Internship-FlipRobo,no_dockerfile,False,0,0,0,,,0,0,0,0,0,False,,False,,False,,False,,False,,False,,no Dockerfile and no fallback entry point found
https://github.com/Samsung/CredSweeper,ok,False,2,0,1,credsweeper\__main__.py,fallback_nested,141,518,8,0,0,True,credsweeper/utils/util.py:378 json.load [matched json.load],False,,False,,False,,False,,True,credsweeper/ml_model/ml_validator.py:136 onnxruntime.InferenceSession [matched onnxruntime.InferenceSession],"unverified: missing stages: data_preparation, modeling, training, evaluation"
https://github.com/ionorins/ContinualMetapathGNN,no_dockerfile,False,0,0,0,,,0,0,0,0,0,False,,False,,False,,False,,False,,False,,no Dockerfile and no fallback entry point found
https://github.com/schillerlab/sc-toolbox,no_entry,False,0,1,0,,,0,0,0,0,0,False,,False,,False,,False,,False,,False,,Dockerfile(s) found but no Python entry point could be resolved
https://github.com/Varun487/AIAlgoTrading,no_entry,False,0,3,0,,,0,0,0,0,0,False,,False,,False,,False,,False,,False,,Dockerfile(s) found but no Python entry point could be resolved
https://github.com/ahmadbelal7861/Skin,no_dockerfile,False,0,0,0,,,0,0,0,0,0,False,,False,,False,,False,,False,,False,,no Dockerfile and no fallback entry point found
https://github.com/qixinbo/OneButtonDeepLearning,no_entry,False,0,2,0,,,0,0,0,0,0,False,,False,,False,,False,,False,,False,,Dockerfile(s) found but no Python entry point could be resolved
https://github.com/fatiando/harmonica,no_dockerfile,False,0,0,0,,,0,0,0,0,0,False,,False,,False,,False,,False,,False,,no Dockerfile and no fallback entry point found
https://github.com/kunamneni117/e2e-ml-usecases,no_entry,False,0,2,0,,,0,0,0,0,0,False,,False,,False,,False,,False,,False,,Dockerfile(s) found but no Python entry point could be resolved
https://github.com/Oriolac/deep-learning-pytorch-exs,no_dockerfile,False,0,0,0,,,0,0,0,0,0,False,,False,,False,,False,,False,,False,,no Dockerfile and no fallback entry point found
https://github.com/mototom421/Springboard,no_dockerfile,False,0,0,0,,,0,0,0,0,0,False,,False,,False,,False,,False,,False,,no Dockerfile and no fallback entry point found
https://github.com/Kerman-Sanjuan/Covid19-Tweet-Text-Clustering,no_dockerfile,False,0,0,0,,,0,0,0,0,0,False,,False,,False,,False,,False,,False,,no Dockerfile and no fallback entry point found
https://github.com/szkjn/graduation-projects,no_dockerfile,False,0,0,0,,,0,0,0,0,0,False,,False,,False,,False,,False,,False,,no Dockerfile and no fallback entry point found
https://github.com/DIGI2-FEUP/dinasore_function_blocks,no_dockerfile,False,0,0,0,,,0,0,0,0,0,False,,False,,False,,False,,False,,False,,no Dockerfile and no fallback entry point found
https://github.com/tao-aimi/DeepRecursiveEmbedding,no_dockerfile,False,0,0,0,,,0,0,0,0,0,False,,False,,False,,False,,False,,False,,no Dockerfile and no fallback entry point found
https://github.com/TeamEpicProjects/1023_Microsoft_Malware_detection,no_dockerfile,False,0,0,0,,,0,0,0,0,0,False,,False,,False,,False,,False,,False,,no Dockerfile and no fallback entry point found
https://github.com/EMcoding17/ExtraccionConocimientosDeBD,no_entry,False,0,1,0,,,0,0,0,0,0,False,,False,,False,,False,,False,,False,,Dockerfile(s) found but no Python entry point could be resolved
https://github.com/filipe-research/PropMix,no_dockerfile,False,0,0,0,,,0,0,0,0,0,False,,False,,False,,False,,False,,False,,no Dockerfile and no fallback entry point found
https://github.com/pengwa/pengwa_huggingface,no_entry,False,0,7,0,,,0,0,0,0,0,False,,False,,False,,False,,False,,False,,Dockerfile(s) found but no Python entry point could be resolved
https://github.com/poseidonchan/TAPE,ok,False,5,0,1,TAPE\train.py,fallback_nested,3,33,1,0,0,True,TAPE/train.py:81 torch.utils.data.DataLoader [matched DataLoader],True,TAPE/utils.py:113 sklearn.preprocessing.StandardScaler [matched StandardScaler],True,TAPE/model.py:0 class AutoEncoder [matched <class subclasses model base>],True,TAPE/train.py:32 optimizer.zero_grad [matched optimizer.zero_grad],False,,True,TAPE/train.py:45 model.eval [matched model.eval],unverified: missing stages: evaluation
https://github.com/drheavy/RegressionClassifier,no_dockerfile,False,0,0,0,,,0,0,0,0,0,False,,False,,False,,False,,False,,False,,no Dockerfile and no fallback entry point found
https://github.com/andrewcharlesjones/multi-group-GP,no_dockerfile,False,0,0,0,,,0,0,0,0,0,False,,False,,False,,False,,False,,False,,no Dockerfile and no fallback entry point found
https://github.com/damienld/Rakuteam,no_dockerfile,False,0,0,0,,,0,0,0,0,0,False,,False,,False,,False,,False,,False,,no Dockerfile and no fallback entry point found
https://github.com/TeamEpicProjects/Taxi_Fare_Prediction,no_entry,False,0,1,0,,,0,0,0,0,0,False,,False,,False,,False,,False,,False,,Dockerfile(s) found but no Python entry point could be resolved
https://github.com/sunglasses-ai/classy,ok,False,4,1,1,classy\scripts\cli\__init__.py,fallback_console_script,42,315,4,0,2,True,classy/scripts/model/download.py:38 zipfile.ZipFile [matched zipfile.ZipFile],False,,True,classy/utils/lightning.py:60 hydra.utils.instantiate [matched hydra.utils.instantiate],True,classy/scripts/cli/train.py:254 hydra.main [matched hydra.main],False,,True,classy/scripts/model/evaluate.py:70 model.predict [matched model.predict],"unverified: missing stages: data_preparation, evaluation"
https://github.com/HullJac/machine-learning,no_dockerfile,False,0,0,0,,,0,0,0,0,0,False,,False,,False,,False,,False,,False,,no Dockerfile and no fallback entry point found
https://github.com/ploomber/ploomber,no_dockerfile,False,0,0,0,,,0,0,0,0,0,False,,False,,False,,False,,False,,False,,no Dockerfile and no fallback entry point found
https://github.com/TopicModels/adso,no_dockerfile,False,0,0,0,,,0,0,0,0,0,False,,False,,False,,False,,False,,False,,no Dockerfile and no fallback entry point found
https://github.com/herrlich10/mripy,no_dockerfile,False,0,0,0,,,0,0,0,0,0,False,,False,,False,,False,,False,,False,,no Dockerfile and no fallback entry point found
https://github.com/rwlink3z8/hpp2,ok,False,1,1,1,app\app.py,fallback_nested,1,2,0,0,0,False,,False,,False,,False,,False,,True,app/app.py:6 flask.Flask [matched Flask],"unverified: missing stages: data_acquisition, data_preparation, modeling, training, evaluation"
https://github.com/samsja/finding-a-needle-code,no_entry,False,0,1,0,,,0,0,0,0,0,False,,False,,False,,False,,False,,False,,Dockerfile(s) found but no Python entry point could be resolved
https://github.com/sniafas/photography-style-analysis,ok,False,2,0,1,app\app.py,fallback_nested,1,0,0,0,0,True,app/app.py:35 PIL.Image.open [matched Image.open],False,,False,,False,,False,,True,app/app.py:40 st.write [matched st.write],"unverified: missing stages: data_preparation, modeling, training, evaluation"
https://github.com/kiansweeney11/ca4015-assignment-1,no_dockerfile,False,0,0,0,,,0,0,0,0,0,False,,False,,False,,False,,False,,False,,no Dockerfile and no fallback entry point found
https://github.com/AldisiRana/GenRisk,no_dockerfile,False,0,0,0,,,0,0,0,0,0,False,,False,,False,,False,,False,,False,,no Dockerfile and no fallback entry point found
https://github.com/KNSI-Golem/Bootcamp2021,no_dockerfile,False,0,0,0,,,0,0,0,0,0,False,,False,,False,,False,,False,,False,,no Dockerfile and no fallback entry point found
https://github.com/mrstelmach/Deploy-ML-Model-on-Heroku-with-FastAPI,ok,True,6,0,1,starter\main.py,fallback_nested,3,7,1,0,0,True,starter/main.py:24 pickle.load [matched pickle.load],True,starter/starter/ml/data.py:63 sklearn.preprocessing.OneHotEncoder [matched OneHotEncoder],True,starter/starter/ml/model.py:50 sklearn.ensemble.GradientBoostingClassifier [matched GradientBoostingClassifier],True,starter/starter/ml/model.py:57 sklearn.model_selection.RandomizedSearchCV [matched RandomizedSearchCV],True,starter/starter/ml/model.py:87 sklearn.metrics.fbeta_score [matched fbeta_score],True,starter/main.py:66 fastapi.FastAPI [matched FastAPI],verified: all 6 stages present
https://github.com/mpg-age-bioinformatics/pyflaski,no_entry,False,0,1,0,,,0,0,0,0,0,False,,False,,False,,False,,False,,False,,Dockerfile(s) found but no Python entry point could be resolved
https://github.com/Ben-Jamin-Griff/ProsNet,no_dockerfile,False,0,0,0,,,0,0,0,0,0,False,,False,,False,,False,,False,,False,,no Dockerfile and no fallback entry point found
https://github.com/nicholas-dinicola/CI-CD-API-ML_App,ok,False,1,0,1,starter\main.py,fallback_nested,1,3,0,0,0,False,,False,,False,,False,,False,,True,starter/main.py:23 fastapi.FastAPI [matched FastAPI],"unverified: missing stages: data_acquisition, data_preparation, modeling, training, evaluation"
https://github.com/WhiskeyCharlie/overfitting-viz,ok,False,5,2,1,src\app.py,fallback_nested,1,2,0,0,0,False,,True,src/app.py:73 sklearn.preprocessing.PolynomialFeatures [matched PolynomialFeatures],True,src/app.py:78 sklearn.linear_model.LinearRegression [matched LinearRegression],True,src/app.py:81 model.fit [matched model.fit],True,src/app.py:83 sklearn.metrics.mean_squared_error [matched mean_squared_error],True,src/app.py:82 model.predict [matched model.predict],unverified: missing stages: data_acquisition
https://github.com/ggeop/Python-ai-assistant,no_dockerfile,False,0,0,0,,,0,0,0,0,0,False,,False,,False,,False,,False,,False,,no Dockerfile and no fallback entry point found
https://github.com/AdamMcCarthyCompSci/Dublin-Bus-App,no_dockerfile,False,0,0,0,,,0,0,0,0,0,False,,False,,False,,False,,False,,False,,no Dockerfile and no fallback entry point found
https://github.com/KrishnaCD93/DAAN-Capstone-Project,no_dockerfile,False,0,0,0,,,0,0,0,0,0,False,,False,,False,,False,,False,,False,,no Dockerfile and no fallback entry point found
https://github.com/SimonStaehli/sko_webapp_api,no_dockerfile,False,0,0,0,,,0,0,0,0,0,False,,False,,False,,False,,False,,False,,no Dockerfile and no fallback entry point found
https://github.com/prathimacode-hub/DS-ScriptsNook,no_dockerfile,False,0,0,0,,,0,0,0,0,0,False,,False,,False,,False,,False,,False,,no Dockerfile and no fallback entry point found
https://github.com/rparthas/data,no_entry,False,0,11,0,,,0,0,0,0,0,False,,False,,False,,False,,False,,False,,Dockerfile(s) found but no Python entry point could be resolved
https://github.com/HYChou0515/utensil,ok,False,0,2,1,app\main.py,fallback_nested,1,0,0,0,0,False,,False,,False,,False,,False,,False,,"unverified: missing stages: data_acquisition, data_preparation, modeling, training, evaluation, inference"
https://github.com/iftirahaman/PythonDataScienceHandbook,no_dockerfile,False,0,0,0,,,0,0,0,0,0,False,,False,,False,,False,,False,,False,,no Dockerfile and no fallback entry point found
https://github.com/Kitware/SMQTK-Indexing,no_dockerfile,False,0,0,0,,,0,0,0,0,0,False,,False,,False,,False,,False,,False,,no Dockerfile and no fallback entry point found
https://github.com/google/brain-tokyo-workshop,no_entry,False,0,1,0,,,0,0,0,0,0,False,,False,,False,,False,,False,,False,,Dockerfile(s) found but no Python entry point could be resolved
https://github.com/alantess/vigilant-driving,ok,False,0,0,1,common\run.py,fallback_nested,1,0,0,0,0,False,,False,,False,,False,,False,,False,,"unverified: missing stages: data_acquisition, data_preparation, modeling, training, evaluation, inference"
https://github.com/wkentaro/fcn,no_dockerfile,False,0,0,0,,,0,0,0,0,0,False,,False,,False,,False,,False,,False,,no Dockerfile and no fallback entry point found
https://github.com/venkatesha2411/Deployment_ML,no_dockerfile,False,0,0,0,,,0,0,0,0,0,False,,False,,False,,False,,False,,False,,no Dockerfile and no fallback entry point found
https://github.com/varun6299/Backorder-Predictor,no_dockerfile,False,0,0,0,,,0,0,0,0,0,False,,False,,False,,False,,False,,False,,no Dockerfile and no fallback entry point found
https://github.com/SylviaSWY/GCVec,no_dockerfile,False,0,0,0,,,0,0,0,0,0,False,,False,,False,,False,,False,,False,,no Dockerfile and no fallback entry point found
https://github.com/carnotresearch/cr-sparse,no_dockerfile,False,0,0,0,,,0,0,0,0,0,False,,False,,False,,False,,False,,False,,no Dockerfile and no fallback entry point found
https://github.com/yhuang-15/DataEngineering_G9,no_entry,False,0,10,0,,,0,0,0,0,0,False,,False,,False,,False,,False,,False,,Dockerfile(s) found but no Python entry point could be resolved
https://github.com/jp-tulijoki/SoccerSorcerer,no_dockerfile,False,0,0,0,,,0,0,0,0,0,False,,False,,False,,False,,False,,False,,no Dockerfile and no fallback entry point found
https://github.com/Subrahmanyajoshi/Sentiment-Analysis-of-Amazon-Reviews,no_dockerfile,False,0,0,0,,,0,0,0,0,0,False,,False,,False,,False,,False,,False,,no Dockerfile and no fallback entry point found
https://github.com/soycoder/dlrm-fb,no_entry,False,0,1,0,,,0,0,0,0,0,False,,False,,False,,False,,False,,False,,Dockerfile(s) found but no Python entry point could be resolved
https://github.com/johnnytorresm/stackoverflow,no_dockerfile,False,0,0,0,,,0,0,0,0,0,False,,False,,False,,False,,False,,False,,no Dockerfile and no fallback entry point found
https://github.com/DataManagementLab/Astrapia,no_dockerfile,False,0,0,0,,,0,0,0,0,0,False,,False,,False,,False,,False,,False,,no Dockerfile and no fallback entry point found
https://github.com/investingsnippets/pyinvestingsnippets,no_dockerfile,False,0,0,0,,,0,0,0,0,0,False,,False,,False,,False,,False,,False,,no Dockerfile and no fallback entry point found
https://github.com/rhshi/sparse-rf,no_dockerfile,False,0,0,0,,,0,0,0,0,0,False,,False,,False,,False,,False,,False,,no Dockerfile and no fallback entry point found
https://github.com/VirajTrivedi17/Full-stack-Data-Science,no_dockerfile,False,0,0,0,,,0,0,0,0,0,False,,False,,False,,False,,False,,False,,no Dockerfile and no fallback entry point found
https://github.com/amajeedmirani/REPclone,no_entry,False,0,1,0,,,0,0,0,0,0,False,,False,,False,,False,,False,,False,,Dockerfile(s) found but no Python entry point could be resolved
https://github.com/Tak-Man/ML-rapid-text-labeling,no_dockerfile,False,0,0,0,,,0,0,0,0,0,False,,False,,False,,False,,False,,False,,no Dockerfile and no fallback entry point found
https://github.com/sachin96Boy/covid-predict,no_dockerfile,False,0,0,0,,,0,0,0,0,0,False,,False,,False,,False,,False,,False,,no Dockerfile and no fallback entry point found
https://github.com/SMTG-UCL/surfaxe,ok,False,3,0,1,surfaxe\cli\parseenergy.py,fallback_console_script,6,29,3,0,0,True,surfaxe/cli/parseenergy.py:61 yaml.load [matched yaml.load],True,surfaxe/convergence.py:230 df.groupby [matched df.groupby],True,surfaxe/convergence.py:246 sklearn.linear_model.LinearRegression [matched LinearRegression],False,,False,,False,,"unverified: missing stages: training, evaluation, inference"
https://github.com/BASTAcode/BASTA,no_dockerfile,False,0,0,0,,,0,0,0,0,0,False,,False,,False,,False,,False,,False,,no Dockerfile and no fallback entry point found
https://github.com/h1st-ai/h1st,no_dockerfile,False,0,0,0,,,0,0,0,0,0,False,,False,,False,,False,,False,,False,,no Dockerfile and no fallback entry point found
https://github.com/kplai2020/application,no_dockerfile,False,0,0,0,,,0,0,0,0,0,False,,False,,False,,False,,False,,False,,no Dockerfile and no fallback entry point found
https://github.com/ecotaxa/ecotaxa_back,no_entry,False,0,2,0,,,0,0,0,0,0,False,,False,,False,,False,,False,,False,,Dockerfile(s) found but no Python entry point could be resolved
https://github.com/stanfordmlgroup/methane-gapfill-ml,ok,True,6,0,1,fluxgapfill\main.py,fallback_nested,22,69,5,0,0,True,fluxgapfill/train/train.py:85 pd.read_csv [matched pd.read_csv],True,fluxgapfill/preprocess/preprocess.py:137 sklearn.model_selection.train_test_split [matched train_test_split],True,fluxgapfill/models/models.py:41 sklearn.neural_network.MLPRegressor [matched MLPRegressor],True,fluxgapfill/models/models.py:30 self.model.fit [matched model.fit],True,fluxgapfill/metrics/metrics.py:19 sklearn.metrics.mean_absolute_error [matched mean_absolute_error],True,fluxgapfill/models/ensemble.py:59 model.predict [matched model.predict],verified: all 6 stages present
https://github.com/lkarjun/text-analysis-workouts,no_dockerfile,False,0,0,0,,,0,0,0,0,0,False,,False,,False,,False,,False,,False,,no Dockerfile and no fallback entry point found
https://github.com/StefanTomic-NTNU/data-visualization,ok,False,2,0,1,src\main.py,fallback_nested,4,7,2,0,0,True,src/pca.py:20 np.genfromtxt [matched np.genfromtxt],True,src/main.py:11 src.pca.PCA [matched PCA],False,,False,,False,,False,,"unverified: missing stages: modeling, training, evaluation, inference"
https://github.com/TrickyPells/cLASpy_T,no_dockerfile,False,0,0,0,,,0,0,0,0,0,False,,False,,False,,False,,False,,False,,no Dockerfile and no fallback entry point found
https://github.com/OtherBrian/machine-learning,no_dockerfile,False,0,0,0,,,0,0,0,0,0,False,,False,,False,,False,,False,,False,,no Dockerfile and no fallback entry point found
https://github.com/VickySharma1911/fastai-fastbook,no_dockerfile,False,0,0,0,,,0,0,0,0,0,False,,False,,False,,False,,False,,False,,no Dockerfile and no fallback entry point found
https://github.com/Shuhxian/bond-price-forecasting,no_dockerfile,False,0,0,0,,,0,0,0,0,0,False,,False,,False,,False,,False,,False,,no Dockerfile and no fallback entry point found
https://github.com/manavkapadnis/Enigma_ArgMining,no_dockerfile,False,0,0,0,,,0,0,0,0,0,False,,False,,False,,False,,False,,False,,no Dockerfile and no fallback entry point found
https://github.com/EgorDm/BigSentiment,no_dockerfile,False,0,0,0,,,0,0,0,0,0,False,,False,,False,,False,,False,,False,,no Dockerfile and no fallback entry point found
https://github.com/deeprob-org/deeprob-kit,no_dockerfile,False,0,0,0,,,0,0,0,0,0,False,,False,,False,,False,,False,,False,,no Dockerfile and no fallback entry point found
https://github.com/zkanavas/FlowHeterogeneity_and_Rxn,no_dockerfile,False,0,0,0,,,0,0,0,0,0,False,,False,,False,,False,,False,,False,,no Dockerfile and no fallback entry point found
https://github.com/jfilter/text-classification-keras,no_dockerfile,False,0,0,0,,,0,0,0,0,0,False,,False,,False,,False,,False,,False,,no Dockerfile and no fallback entry point found
https://github.com/shailza969/CUREYA_INTERNSHIP,no_dockerfile,False,0,0,0,,,0,0,0,0,0,False,,False,,False,,False,,False,,False,,no Dockerfile and no fallback entry point found
https://github.com/brianWeng0223/toad,ok,False,0,0,1,toad\cli.py,fallback_console_script,2,4,1,0,1,False,,False,,False,,False,,False,,False,,"unverified: missing stages: data_acquisition, data_preparation, modeling, training, evaluation, inference"
https://github.com/osamhack2021/ai_web_RISKOUT_BTS,no_entry,False,0,1,0,,,0,0,0,0,0,False,,False,,False,,False,,False,,False,,Dockerfile(s) found but no Python entry point could be resolved
https://github.com/Venoli/Asips-for-Pulsar-Astronomy,no_dockerfile,False,0,0,0,,,0,0,0,0,0,False,,False,,False,,False,,False,,False,,no Dockerfile and no fallback entry point found
https://github.com/Kou-kun42/Fire-Detection-API,ok,False,2,1,1,app\main.py,fallback_nested,5,12,2,0,0,True,classifier/predictor.py:24 yaml.load [matched yaml.load],False,,False,,False,,False,,True,app/main.py:6 fastapi.FastAPI [matched FastAPI],"unverified: missing stages: data_preparation, modeling, training, evaluation"
https://github.com/ndgigliotti/amazon-product-classifier,clone_failed,False,0,0,0,,,0,0,0,0,0,False,,False,,False,,False,,False,,False,,Error downloading object: data/walmart.parquet (0d923d8): Smudge error: Error downloading data/walmart.parquet (0d923d8009f93aae1d3421e6cff6c1bfc213e4c49e898615d6b0f43ba4bed956): batch response: Resource not accessible by personal access token
https://github.com/DeepMReye/DeepMReye,ok,False,2,1,1,deepmreye\train.py,fallback_nested,3,2,1,0,0,False,,False,,False,,True,deepmreye/train.py:113 model.fit [matched model.fit],False,,True,deepmreye/train.py:176 model.predict [matched model.predict],"unverified: missing stages: data_acquisition, data_preparation, modeling, evaluation"
https://github.com/PapaCarloSap/AiLessonHomework,no_dockerfile,False,0,0,0,,,0,0,0,0,0,False,,False,,False,,False,,False,,False,,no Dockerfile and no fallback entry point found
https://github.com/Jasonsey/Fern,ok,False,4,0,1,fern\train.py,fallback_nested,3,28,1,0,0,True,fern/train.py:76 pickle.load [matched pickle.load],False,,True,fern/models/model.py:107 tf.keras.layers.Input [matched tf.keras.layers.*],True,fern/train.py:260 tf.GradientTape [matched tf.GradientTape],True,fern/train.py:326 tf.keras.metrics.Mean [matched tf.keras.metrics.*],False,,"unverified: missing stages: data_preparation, inference"
https://github.com/rubenkruiper/SPaR.txt,no_entry,False,0,1,0,,,0,0,0,0,0,False,,False,,False,,False,,False,,False,,Dockerfile(s) found but no Python entry point could be resolved
https://github.com/soniyagosavi10/MLOPS_Azure,no_dockerfile,False,0,0,0,,,0,0,0,0,0,False,,False,,False,,False,,False,,False,,no Dockerfile and no fallback entry point found
https://github.com/Oneflow-Inc/models,no_dockerfile,False,0,0,0,,,0,0,0,0,0,False,,False,,False,,False,,False,,False,,no Dockerfile and no fallback entry point found
https://github.com/SAP/data-synthesis-for-machine-learning,ok,False,4,0,1,ds4ml\command\pattern.py,fallback_console_script,8,86,4,0,0,True,ds4ml/dataset.py:94 json.load [matched json.load],True,ds4ml/utils.py:70 df.dropna [matched df.dropna],True,ds4ml/utils.py:365 sklearn.svm.SVC [matched SVC],False,,True,ds4ml/metrics.py:18 sklearn.metrics.normalized_mutual_info_score [matched normalized_mutual_info_score],False,,"unverified: missing stages: training, inference"
https://github.com/qiaoliuhub/MultiDCP,no_entry,False,0,1,0,,,0,0,0,0,0,False,,False,,False,,False,,False,,False,,Dockerfile(s) found but no Python entry point could be resolved
https://github.com/stccenter/CloudClassification,no_dockerfile,False,0,0,0,,,0,0,0,0,0,False,,False,,False,,False,,False,,False,,no Dockerfile and no fallback entry point found
https://github.com/PatrikWagnerUK/wine-streamlit,no_dockerfile,False,0,0,0,,,0,0,0,0,0,False,,False,,False,,False,,False,,False,,no Dockerfile and no fallback entry point found
https://github.com/kelvinm10/PredictingBaseballOutcomes,no_entry,False,0,1,0,,,0,0,0,0,0,False,,False,,False,,False,,False,,False,,Dockerfile(s) found but no Python entry point could be resolved
https://github.com/cmougan/knee,no_dockerfile,False,0,0,0,,,0,0,0,0,0,False,,False,,False,,False,,False,,False,,no Dockerfile and no fallback entry point found
https://github.com/billsioros/RoughML,no_entry,False,0,3,0,,,0,0,0,0,0,False,,False,,False,,False,,False,,False,,Dockerfile(s) found but no Python entry point could be resolved
https://github.com/acdhound/palettizer,clone_failed,False,0,0,0,,,0,0,0,0,0,False,,False,,False,,False,,False,,False,,remote: Repository not found.
https://github.com/lucioventurim/IFES,no_dockerfile,False,0,0,0,,,0,0,0,0,0,False,,False,,False,,False,,False,,False,,no Dockerfile and no fallback entry point found
https://github.com/gatheluck/MlopsBasics,no_dockerfile,False,0,0,0,,,0,0,0,0,0,False,,False,,False,,False,,False,,False,,no Dockerfile and no fallback entry point found
https://github.com/MLAide/python-client,no_dockerfile,False,0,0,0,,,0,0,0,0,0,False,,False,,False,,False,,False,,False,,no Dockerfile and no fallback entry point found
https://github.com/patel-zeel/regdata,no_dockerfile,False,0,0,0,,,0,0,0,0,0,False,,False,,False,,False,,False,,False,,no Dockerfile and no fallback entry point found
https://github.com/Yard1/tune_experiment,no_dockerfile,False,0,0,0,,,0,0,0,0,0,False,,False,,False,,False,,False,,False,,no Dockerfile and no fallback entry point found
https://github.com/CAMeL-Lab/arabic_error_type_annotation,no_dockerfile,False,0,0,0,,,0,0,0,0,0,False,,False,,False,,False,,False,,False,,no Dockerfile and no fallback entry point found
https://github.com/guocongyun/essay-highlight,no_entry,False,0,10,0,,,0,0,0,0,0,False,,False,,False,,False,,False,,False,,Dockerfile(s) found but no Python entry point could be resolved
https://github.com/sumanta-barman/TechLabs_medicine,no_dockerfile,False,0,0,0,,,0,0,0,0,0,False,,False,,False,,False,,False,,False,,no Dockerfile and no fallback entry point found
https://github.com/dayyass/graph-based-clustering,ok,False,1,0,1,graph_based_clustering\main.py,fallback_nested,3,15,2,0,0,False,,False,,True,graph_based_clustering/main.py:0 class ConnectedComponentsClustering [matched <class subclasses model base>],False,,False,,False,,"unverified: missing stages: data_acquisition, data_preparation, training, evaluation, inference"
https://github.com/walkersilas/CIL-Project,no_dockerfile,False,0,0,0,,,0,0,0,0,0,False,,False,,False,,False,,False,,False,,no Dockerfile and no fallback entry point found
https://github.com/peregrin-tuk/thesis-project,no_dockerfile,False,0,0,0,,,0,0,0,0,0,False,,False,,False,,False,,False,,False,,no Dockerfile and no fallback entry point found
https://github.com/PacktPublishing/Time-Series-Analysis-with-Python-Cookbook.,no_dockerfile,False,0,0,0,,,0,0,0,0,0,False,,False,,False,,False,,False,,False,,no Dockerfile and no fallback entry point found
https://github.com/carefree0910/carefree-learn-deploy,no_entry,False,0,1,0,,,0,0,0,0,0,False,,False,,False,,False,,False,,False,,Dockerfile(s) found but no Python entry point could be resolved
https://github.com/databricks/automl,no_dockerfile,False,0,0,0,,,0,0,0,0,0,False,,False,,False,,False,,False,,False,,no Dockerfile and no fallback entry point found
https://github.com/katarinagresova/ensembl_scraper,no_dockerfile,False,0,0,0,,,0,0,0,0,0,False,,False,,False,,False,,False,,False,,no Dockerfile and no fallback entry point found
https://github.com/SimonStaehli/500px-imagescraper,no_dockerfile,False,0,0,0,,,0,0,0,0,0,False,,False,,False,,False,,False,,False,,no Dockerfile and no fallback entry point found
https://github.com/RL-VIG/LibFewShot,no_dockerfile,False,0,0,0,,,0,0,0,0,0,False,,False,,False,,False,,False,,False,,no Dockerfile and no fallback entry point found
https://github.com/AidevB6/FinalProject,no_entry,False,0,1,0,,,0,0,0,0,0,False,,False,,False,,False,,False,,False,,Dockerfile(s) found but no Python entry point could be resolved
https://github.com/hugoabreu1002/mlopt,no_dockerfile,False,0,0,0,,,0,0,0,0,0,False,,False,,False,,False,,False,,False,,no Dockerfile and no fallback entry point found
https://github.com/mojokageni/scikit-learn,no_dockerfile,False,0,0,0,,,0,0,0,0,0,False,,False,,False,,False,,False,,False,,no Dockerfile and no fallback entry point found
https://github.com/pravgcet/fastai,no_dockerfile,False,0,0,0,,,0,0,0,0,0,False,,False,,False,,False,,False,,False,,no Dockerfile and no fallback entry point found
https://github.com/patel-zeel/AAAI22,no_dockerfile,False,0,0,0,,,0,0,0,0,0,False,,False,,False,,False,,False,,False,,no Dockerfile and no fallback entry point found
https://github.com/pmwaniki/ppg-analysis,no_dockerfile,False,0,0,0,,,0,0,0,0,0,False,,False,,False,,False,,False,,False,,no Dockerfile and no fallback entry point found
https://github.com/rasmuserlemann/ADAP-ML,no_dockerfile,False,0,0,0,,,0,0,0,0,0,False,,False,,False,,False,,False,,False,,no Dockerfile and no fallback entry point found
https://github.com/YaserJaradeh/exBERT,no_dockerfile,False,0,0,0,,,0,0,0,0,0,False,,False,,False,,False,,False,,False,,no Dockerfile and no fallback entry point found
https://github.com/Klassikcat/project-NEXTLab-CNN-EfficientNet,no_dockerfile,False,0,0,0,,,0,0,0,0,0,False,,False,,False,,False,,False,,False,,no Dockerfile and no fallback entry point found
https://github.com/FIIT-IAU/2021-2022,no_dockerfile,False,0,0,0,,,0,0,0,0,0,False,,False,,False,,False,,False,,False,,no Dockerfile and no fallback entry point found
https://github.com/oughtinc/ergo,no_dockerfile,False,0,0,0,,,0,0,0,0,0,False,,False,,False,,False,,False,,False,,no Dockerfile and no fallback entry point found
https://github.com/Cossairt-Lab/Indium-Phosphide,no_dockerfile,False,0,0,0,,,0,0,0,0,0,False,,False,,False,,False,,False,,False,,no Dockerfile and no fallback entry point found
https://github.com/mradaideh/neorl,ok,False,5,0,1,neorl\scripts.py,fallback_console_script,116,1154,5,0,0,True,neorl/tune/runners/gridtune.py:174 pd.read_csv [matched pd.read_csv],True,neorl/hybrid/nhhocore/nnmodel.py:56 sklearn.model_selection.train_test_split [matched train_test_split],True,neorl/hybrid/ngacore/RBFN.py:72 sklearn.cluster.KMeans [matched KMeans],True,neorl/hybrid/nhhocore/nnmodel.py:79 model.fit [matched model.fit],False,,True,neorl/hybrid/nhhocore/nnmodel.py:80 model.predict [matched model.predict],unverified: missing stages: evaluation
https://github.com/updaun/Holistic,no_dockerfile,False,0,0,0,,,0,0,0,0,0,False,,False,,False,,False,,False,,False,,no Dockerfile and no fallback entry point found
https://github.com/skatromb/skatromb,no_entry,False,0,6,0,,,0,0,0,0,0,False,,False,,False,,False,,False,,False,,Dockerfile(s) found but no Python entry point could be resolved
https://github.com/MedTAG/medtag-core,no_entry,False,0,2,0,,,0,0,0,0,0,False,,False,,False,,False,,False,,False,,Dockerfile(s) found but no Python entry point could be resolved
https://github.com/insublee/SMILEShybrid,no_dockerfile,False,0,0,0,,,0,0,0,0,0,False,,False,,False,,False,,False,,False,,no Dockerfile and no fallback entry point found
https://github.com/mlu004/SpringBoard-Projects,no_dockerfile,False,0,0,0,,,0,0,0,0,0,False,,False,,False,,False,,False,,False,,no Dockerfile and no fallback entry point found
https://github.com/GuilhermeHFHey/GastroVida,no_dockerfile,False,0,0,0,,,0,0,0,0,0,False,,False,,False,,False,,False,,False,,no Dockerfile and no fallback entry point found
https://github.com/OmdenaAI/omdena-srilanka-tea-quality,no_entry,False,0,2,0,,,0,0,0,0,0,False,,False,,False,,False,,False,,False,,Dockerfile(s) found but no Python entry point could be resolved
https://github.com/AbrenProject/AbrenBackendScripts,no_dockerfile,False,0,0,0,,,0,0,0,0,0,False,,False,,False,,False,,False,,False,,no Dockerfile and no fallback entry point found
https://github.com/lyogavin/hpo_platform,no_dockerfile,False,0,0,0,,,0,0,0,0,0,False,,False,,False,,False,,False,,False,,no Dockerfile and no fallback entry point found
https://github.com/DAlembert721/diet_and_control,no_dockerfile,False,0,0,0,,,0,0,0,0,0,False,,False,,False,,False,,False,,False,,no Dockerfile and no fallback entry point found
https://github.com/junyanj1/joke-gen,no_dockerfile,False,0,0,0,,,0,0,0,0,0,False,,False,,False,,False,,False,,False,,no Dockerfile and no fallback entry point found
https://github.com/BruceWangXD/SpaceInvaders,no_dockerfile,False,0,0,0,,,0,0,0,0,0,False,,False,,False,,False,,False,,False,,no Dockerfile and no fallback entry point found
https://github.com/paquolalab/dRFEtools,ok,True,6,0,1,dRFEtools\cli.py,fallback_console_script,12,47,3,0,0,True,dRFEtools/cli.py:31 pd.read_csv [matched pd.read_csv],True,dRFEtools/scoring/dev.py:149 sklearn.model_selection.train_test_split [matched train_test_split],True,dRFEtools/cli.py:90 sklearn.ensemble.RandomForestClassifier [matched RandomForestClassifier],True,dRFEtools/scoring/dev.py:153 estimator.fit [matched estimator.fit],True,dRFEtools/scoring/dev.py:65 sklearn.metrics.roc_auc_score [matched roc_auc_score],True,dRFEtools/scoring/dev.py:63 estimator.predict [matched estimator.predict],verified: all 6 stages present
https://github.com/Juan-glitch/SaturdaysAI_vol.3,no_dockerfile,False,0,0,0,,,0,0,0,0,0,False,,False,,False,,False,,False,,False,,no Dockerfile and no fallback entry point found
https://github.com/dreoporto/ptmlib,no_entry,False,0,1,0,,,0,0,0,0,0,False,,False,,False,,False,,False,,False,,Dockerfile(s) found but no Python entry point could be resolved
https://github.com/zhenhuaplus/energyvalue,no_dockerfile,False,0,0,0,,,0,0,0,0,0,False,,False,,False,,False,,False,,False,,no Dockerfile and no fallback entry point found
https://github.com/MikolajSoska/NewsOrganizer,ok,False,4,0,1,news\__main__.py,fallback_nested,16,102,4,0,1,True,neural/common/utils.py:109 json.load [matched json.load],True,neural/common/data/datasets.py:97 sklearn.model_selection.train_test_split [matched train_test_split],True,neural/common/model.py:0 class BaseModel [matched <class subclasses model base>],False,,False,,True,neural/predict.py:114 model.eval [matched model.eval],"unverified: missing stages: training, evaluation"
https://github.com/bonheml/VAE_learning_dynamics,no_dockerfile,False,0,0,0,,,0,0,0,0,0,False,,False,,False,,False,,False,,False,,no Dockerfile and no fallback entry point found
https://github.com/Assurance-Project-secure-road/predi-choc,no_dockerfile,False,0,0,0,,,0,0,0,0,0,False,,False,,False,,False,,False,,False,,no Dockerfile and no fallback entry point found
https://github.com/kevinnowland/mnist-models,no_dockerfile,False,0,0,0,,,0,0,0,0,0,False,,False,,False,,False,,False,,False,,no Dockerfile and no fallback entry point found
https://github.com/andreped/adverse-events,no_dockerfile,False,0,0,0,,,0,0,0,0,0,False,,False,,False,,False,,False,,False,,no Dockerfile and no fallback entry point found
https://github.com/Abuton/Twitter-Election-Spam-Classification,no_dockerfile,False,0,0,0,,,0,0,0,0,0,False,,False,,False,,False,,False,,False,,no Dockerfile and no fallback entry point found
https://github.com/salimamoukou/acv00,ok,False,4,0,1,acv_app\app.py,fallback_nested,11,329,5,0,0,True,acv_app/app.py:82 pd.read_csv [matched pd.read_csv],True,acv_explainers/utils.py:502 pd.get_dummies [matched pd.get_dummies],False,,True,acv_explainers/utils.py:130 clustering.fit_predict [matched .fit_predict],False,,True,acv_explainers/acv_tree.py:191 self.model.predict_proba [matched model.predict_proba],"unverified: missing stages: modeling, evaluation"
https://github.com/EISy-as-Py/hardy,no_dockerfile,False,0,0,0,,,0,0,0,0,0,False,,False,,False,,False,,False,,False,,no Dockerfile and no fallback entry point found
https://github.com/zhanglei1172/XBBO,no_dockerfile,False,0,0,0,,,0,0,0,0,0,False,,False,,False,,False,,False,,False,,no Dockerfile and no fallback entry point found
https://github.com/GoldSixUglerod/django,no_entry,False,0,1,0,,,0,0,0,0,0,False,,False,,False,,False,,False,,False,,Dockerfile(s) found but no Python entry point could be resolved
https://github.com/Lisa06010416/MakeUP,no_dockerfile,False,0,0,0,,,0,0,0,0,0,False,,False,,False,,False,,False,,False,,no Dockerfile and no fallback entry point found
https://github.com/robiusc2031/Springboard_2021,no_dockerfile,False,0,0,0,,,0,0,0,0,0,False,,False,,False,,False,,False,,False,,no Dockerfile and no fallback entry point found
https://github.com/solarfresh/solartf,no_dockerfile,False,0,0,0,,,0,0,0,0,0,False,,False,,False,,False,,False,,False,,no Dockerfile and no fallback entry point found
https://github.com/lkarjun/nlp-workouts,no_dockerfile,False,0,0,0,,,0,0,0,0,0,False,,False,,False,,False,,False,,False,,no Dockerfile and no fallback entry point found
https://github.com/zyli93/SAECON,ok,False,4,0,1,src\train.py,fallback_nested,1,10,0,0,0,True,src/train.py:466 dataloader.DataLoader [matched DataLoader],False,,False,,True,src/train.py:187 loss.backward [matched loss.backward],True,src/train.py:96 sklearn.metrics.f1_score [matched f1_score],True,src/train.py:294 model.eval [matched model.eval],"unverified: missing stages: data_preparation, modeling"
https://github.com/Thehunk1206/PRANet-Polyps-Segmentation,no_dockerfile,False,0,0,0,,,0,0,0,0,0,False,,False,,False,,False,,False,,False,,no Dockerfile and no fallback entry point found
https://github.com/jianzhnie/AutoTabular,no_dockerfile,False,0,0,0,,,0,0,0,0,0,False,,False,,False,,False,,False,,False,,no Dockerfile and no fallback entry point found
https://github.com/Leap-Tribe-I/Mental-Health-Prediction,no_dockerfile,False,0,0,0,,,0,0,0,0,0,False,,False,,False,,False,,False,,False,,no Dockerfile and no fallback entry point found
https://github.com/DeaTheRider/maneuver-prediction-decision-tree,no_dockerfile,False,0,0,0,,,0,0,0,0,0,False,,False,,False,,False,,False,,False,,no Dockerfile and no fallback entry point found
https://github.com/matthieujac/Twitter-Clone-Language-Moderator,clone_failed,False,0,0,0,,,0,0,0,0,0,False,,False,,False,,False,,False,,False,,remote: Repository not found.
https://github.com/CarlaSa/AML_project,no_dockerfile,False,0,0,0,,,0,0,0,0,0,False,,False,,False,,False,,False,,False,,no Dockerfile and no fallback entry point found
https://github.com/TeamEpicProjects/Credit-Card-Customer-Segmentation-KJSIEIT,no_dockerfile,False,0,0,0,,,0,0,0,0,0,False,,False,,False,,False,,False,,False,,no Dockerfile and no fallback entry point found
https://github.com/expert-search/glg-ack,no_entry,False,0,1,0,,,0,0,0,0,0,False,,False,,False,,False,,False,,False,,Dockerfile(s) found but no Python entry point could be resolved
https://github.com/cdrc1103/MasterThesis,no_dockerfile,False,0,0,0,,,0,0,0,0,0,False,,False,,False,,False,,False,,False,,no Dockerfile and no fallback entry point found
https://github.com/TurkuNLP/Turku-neural-parser-pipeline,no_entry,False,0,1,0,,,0,0,0,0,0,False,,False,,False,,False,,False,,False,,Dockerfile(s) found but no Python entry point could be resolved
https://github.com/shibing624/nlp-tutorial,no_dockerfile,False,0,0,0,,,0,0,0,0,0,False,,False,,False,,False,,False,,False,,no Dockerfile and no fallback entry point found
https://github.com/Johnsonms/NNI_master,clone_failed,False,0,0,0,,,0,0,0,0,0,False,,False,,False,,False,,False,,False,,remote: Repository not found.
https://github.com/matheusfbonfim/CNN-Face-Mask-Detection,no_dockerfile,False,0,0,0,,,0,0,0,0,0,False,,False,,False,,False,,False,,False,,no Dockerfile and no fallback entry point found
https://github.com/vetak8/skillfactory,no_dockerfile,False,0,0,0,,,0,0,0,0,0,False,,False,,False,,False,,False,,False,,no Dockerfile and no fallback entry point found
https://github.com/tmonjo/DeepSpaCE_test,no_dockerfile,False,0,0,0,,,0,0,0,0,0,False,,False,,False,,False,,False,,False,,no Dockerfile and no fallback entry point found
https://github.com/EddyEdzwan/StopFAIke,no_entry,False,0,1,0,,,0,0,0,0,0,False,,False,,False,,False,,False,,False,,Dockerfile(s) found but no Python entry point could be resolved
https://github.com/ajmcastro/flight-time-prediction,no_dockerfile,False,0,0,0,,,0,0,0,0,0,False,,False,,False,,False,,False,,False,,no Dockerfile and no fallback entry point found
https://github.com/nasaharvest/cropharvest,no_dockerfile,False,0,0,0,,,0,0,0,0,0,False,,False,,False,,False,,False,,False,,no Dockerfile and no fallback entry point found
https://github.com/jgonsior/ImitAL,no_dockerfile,False,0,0,0,,,0,0,0,0,0,False,,False,,False,,False,,False,,False,,no Dockerfile and no fallback entry point found
https://github.com/JinYang88/TS-anomaly,no_dockerfile,False,0,0,0,,,0,0,0,0,0,False,,False,,False,,False,,False,,False,,no Dockerfile and no fallback entry point found
https://github.com/biasvariancelabs/aitlas,ok,True,6,0,1,aitlas\run.py,fallback_nested,28,280,4,0,1,True,aitlas/run.py:44 json.load [matched json.load],True,aitlas/base/transforms.py:39 torchvision.transforms.Compose [matched torchvision.transforms.*],True,aitlas/base/adapters.py:0 class BaseInputAdapter [matched <class subclasses model base>],True,aitlas/base/change_detection.py:110 optimizer.zero_grad [matched optimizer.zero_grad],True,aitlas/base/metrics.py:198 sklearn.metrics.average_precision_score [matched average_precision_score],True,aitlas/base/change_detection.py:144 self.model.eval [matched model.eval],verified: all 6 stages present
https://github.com/shiv-2025/Adult-Census-Income-Prediction,no_dockerfile,False,0,0,0,,,0,0,0,0,0,False,,False,,False,,False,,False,,False,,no Dockerfile and no fallback entry point found
https://github.com/jgrey4296/bookmark_organizer,no_dockerfile,False,0,0,0,,,0,0,0,0,0,False,,False,,False,,False,,False,,False,,no Dockerfile and no fallback entry point found
https://github.com/gilbertfrancois/mxnet-cookbook,no_dockerfile,False,0,0,0,,,0,0,0,0,0,False,,False,,False,,False,,False,,False,,no Dockerfile and no fallback entry point found
https://github.com/eloitanguy/wikidiver,no_dockerfile,False,0,0,0,,,0,0,0,0,0,False,,False,,False,,False,,False,,False,,no Dockerfile and no fallback entry point found
https://github.com/lab176344/scikit-THI,no_dockerfile,False,0,0,0,,,0,0,0,0,0,False,,False,,False,,False,,False,,False,,no Dockerfile and no fallback entry point found
https://github.com/mlscoder/hupiao,no_dockerfile,False,0,0,0,,,0,0,0,0,0,False,,False,,False,,False,,False,,False,,no Dockerfile and no fallback entry point found
https://github.com/duckbox72/CS50AI-projects,no_dockerfile,False,0,0,0,,,0,0,0,0,0,False,,False,,False,,False,,False,,False,,no Dockerfile and no fallback entry point found
https://github.com/hsteinshiromoto/covid19_nsw,no_entry,False,0,1,0,,,0,0,0,0,0,False,,False,,False,,False,,False,,False,,Dockerfile(s) found but no Python entry point could be resolved
https://github.com/kgohil27/PyCAT,no_dockerfile,False,0,0,0,,,0,0,0,0,0,False,,False,,False,,False,,False,,False,,no Dockerfile and no fallback entry point found
https://github.com/ALebrun-108/BoxSERS,no_dockerfile,False,0,0,0,,,0,0,0,0,0,False,,False,,False,,False,,False,,False,,no Dockerfile and no fallback entry point found
https://github.com/paoloinglese/DESI_MSI_recal,no_dockerfile,False,0,0,0,,,0,0,0,0,0,False,,False,,False,,False,,False,,False,,no Dockerfile and no fallback entry point found
https://github.com/datax-lab/Hi-LASSO,no_dockerfile,False,0,0,0,,,0,0,0,0,0,False,,False,,False,,False,,False,,False,,no Dockerfile and no fallback entry point found
https://github.com/pbadillatorrealba/MDS7202,no_entry,False,0,10,2,,dockerfile,0,0,0,0,0,False,,False,,False,,False,,False,,False,,no resolved entry point yielded a usable call graph
https://github.com/IndraP24/Air-Quality-Viz-App,ok,False,5,1,1,api\app.py,fallback_nested,4,6,1,0,0,True,lib/preprocess.py:6 pd.read_csv [matched pd.read_csv],True,lib/preprocess.py:7 pd.to_datetime [matched pd.to_datetime],True,lib/sarima.py:16 statsmodels.tsa.statespace.sarimax.SARIMAX [matched SARIMAX],True,lib/sarima.py:18 model.fit [matched model.fit],False,,True,api/app.py:9 fastapi.FastAPI [matched FastAPI],unverified: missing stages: evaluation
https://github.com/ericleasemorgan/reader-toolbox,ok,False,2,0,1,rdr\rdr.py,fallback_console_script,2,92,1,0,0,True,rdr/rdr.py:40 pd.read_csv [matched pd.read_csv],True,rdr/rdr.py:152 pd.merge [matched pd.merge],False,,False,,False,,False,,"unverified: missing stages: modeling, training, evaluation, inference"
https://github.com/robertgraefe/Masterarbeit,no_dockerfile,False,0,0,0,,,0,0,0,0,0,False,,False,,False,,False,,False,,False,,no Dockerfile and no fallback entry point found
https://github.com/yok029/TriDev-Discord-Bot,no_dockerfile,False,0,0,0,,,0,0,0,0,0,False,,False,,False,,False,,False,,False,,no Dockerfile and no fallback entry point found
https://github.com/jrhumberto/cd,no_dockerfile,False,0,0,0,,,0,0,0,0,0,False,,False,,False,,False,,False,,False,,no Dockerfile and no fallback entry point found
https://github.com/taytaka/Poverty_and_Minimum_Wage,no_dockerfile,False,0,0,0,,,0,0,0,0,0,False,,False,,False,,False,,False,,False,,no Dockerfile and no fallback entry point found
https://github.com/giuliapezzutti/XAI-EEG,ok,False,3,0,1,source\main.py,fallback_nested,1,0,0,0,0,True,source/main.py:46 load_dataset [matched load_dataset],True,source/main.py:64 sklearn.model_selection.train_test_split [matched train_test_split],False,,False,,True,source/main.py:87 model.evaluate [matched model.evaluate],False,,"unverified: missing stages: modeling, training, inference"
https://github.com/xz-smart/mlops-gcp,no_entry,False,0,65,1,,dockerfile,0,0,0,0,0,False,,False,,False,,False,,False,,False,,no resolved entry point yielded a usable call graph
https://github.com/bozdogan/nodetails,no_dockerfile,False,0,0,0,,,0,0,0,0,0,False,,False,,False,,False,,False,,False,,no Dockerfile and no fallback entry point found
https://github.com/PennyWieser/Thermobar,no_dockerfile,False,0,0,0,,,0,0,0,0,0,False,,False,,False,,False,,False,,False,,no Dockerfile and no fallback entry point found
https://github.com/adw62/TIES_analysis,ok,False,1,0,1,ties_analysis\ties_analysis.py,fallback_console_script,7,34,2,0,0,True,ties_analysis/engines/openmm.py:170 np.load [matched np.load],False,,False,,False,,False,,False,,"unverified: missing stages: data_preparation, modeling, training, evaluation, inference"
https://github.com/IHCC-cohorts/data-harmonization-test,no_entry,False,0,1,0,,,0,0,0,0,0,False,,False,,False,,False,,False,,False,,Dockerfile(s) found but no Python entry point could be resolved
https://github.com/rolandina/titanic,no_entry,False,0,1,0,,,0,0,0,0,0,False,,False,,False,,False,,False,,False,,Dockerfile(s) found but no Python entry point could be resolved
https://github.com/Nageshjani/PyPortfolioOpt,no_entry,False,0,1,0,,,0,0,0,0,0,False,,False,,False,,False,,False,,False,,Dockerfile(s) found but no Python entry point could be resolved
https://github.com/jrfiedler/xynn,ok,False,5,0,1,xynn\train.py,fallback_nested,15,111,4,0,0,False,,True,xynn/preprocessing.py:103 sklearn.preprocessing.LabelEncoder [matched LabelEncoder],True,xynn/embedding/common.py:0 class EmbeddingBase [matched <class subclasses model base>],True,xynn/train.py:98 model.optimizer.zero_grad [matched optimizer.zero_grad],True,xynn/train.py:123 model.validation_step [matched validation_step],True,xynn/train.py:156 model.eval [matched model.eval],unverified: missing stages: data_acquisition
https://github.com/damian-tijerina/IN2039,no_dockerfile,False,0,0,0,,,0,0,0,0,0,False,,False,,False,,False,,False,,False,,no Dockerfile and no fallback entry point found
https://github.com/ArnoutHillen/transformers-mlp-pruning,no_entry,False,0,7,0,,,0,0,0,0,0,False,,False,,False,,False,,False,,False,,Dockerfile(s) found but no Python entry point could be resolved
https://github.com/fzqneo/stsearch,no_entry,False,0,2,0,,,0,0,0,0,0,False,,False,,False,,False,,False,,False,,Dockerfile(s) found but no Python entry point could be resolved
https://github.com/alessiorecchia/strive_exe,no_dockerfile,False,0,0,0,,,0,0,0,0,0,False,,False,,False,,False,,False,,False,,no Dockerfile and no fallback entry point found
https://github.com/leezhi403/StreamAD,no_dockerfile,False,0,0,0,,,0,0,0,0,0,False,,False,,False,,False,,False,,False,,no Dockerfile and no fallback entry point found
https://github.com/helenc358/udacitydeeplearningpytorch,no_dockerfile,False,0,0,0,,,0,0,0,0,0,False,,False,,False,,False,,False,,False,,no Dockerfile and no fallback entry point found
https://github.com/fmohr/lccv,no_dockerfile,False,0,0,0,,,0,0,0,0,0,False,,False,,False,,False,,False,,False,,no Dockerfile and no fallback entry point found
https://github.com/rchristofano/MLOpsIrisBasic,no_entry,False,0,4,0,,,0,0,0,0,0,False,,False,,False,,False,,False,,False,,Dockerfile(s) found but no Python entry point could be resolved
https://github.com/HenriqueCCdA/BC_DS_Projeto_Final,no_dockerfile,False,0,0,0,,,0,0,0,0,0,False,,False,,False,,False,,False,,False,,no Dockerfile and no fallback entry point found
https://github.com/Camillever/localized-events-detection,no_dockerfile,False,0,0,0,,,0,0,0,0,0,False,,False,,False,,False,,False,,False,,no Dockerfile and no fallback entry point found
https://github.com/thesofakillers/nowcastlib,no_dockerfile,False,0,0,0,,,0,0,0,0,0,False,,False,,False,,False,,False,,False,,no Dockerfile and no fallback entry point found
https://github.com/arthurviens/PFE_MalwareDetection,no_dockerfile,False,0,0,0,,,0,0,0,0,0,False,,False,,False,,False,,False,,False,,no Dockerfile and no fallback entry point found
https://github.com/yashsmehta/personality-prediction,no_dockerfile,False,0,0,0,,,0,0,0,0,0,False,,False,,False,,False,,False,,False,,no Dockerfile and no fallback entry point found
https://github.com/Satyamkumarai/TexeT,no_entry,False,0,4,0,,,0,0,0,0,0,False,,False,,False,,False,,False,,False,,Dockerfile(s) found but no Python entry point could be resolved
https://github.com/kyrarivest/ACRES_REU_Project_2021,no_dockerfile,False,0,0,0,,,0,0,0,0,0,False,,False,,False,,False,,False,,False,,no Dockerfile and no fallback entry point found
https://github.com/jostmorgenstern/End-to-End-ML-System-Benchmark,no_dockerfile,False,0,0,0,,,0,0,0,0,0,False,,False,,False,,False,,False,,False,,no Dockerfile and no fallback entry point found
https://github.com/google/jaxopt,no_dockerfile,False,0,0,0,,,0,0,0,0,0,False,,False,,False,,False,,False,,False,,no Dockerfile and no fallback entry point found
https://github.com/fugue-project/tutorials,no_entry,False,0,1,0,,,0,0,0,0,0,False,,False,,False,,False,,False,,False,,Dockerfile(s) found but no Python entry point could be resolved
https://github.com/hz-ants/gqcnn,no_entry,False,0,2,0,,,0,0,0,0,0,False,,False,,False,,False,,False,,False,,Dockerfile(s) found but no Python entry point could be resolved
https://github.com/BollaBerg/ML-Playground,no_dockerfile,False,0,0,0,,,0,0,0,0,0,False,,False,,False,,False,,False,,False,,no Dockerfile and no fallback entry point found
https://github.com/gAldeia/itea-python,no_dockerfile,False,0,0,0,,,0,0,0,0,0,False,,False,,False,,False,,False,,False,,no Dockerfile and no fallback entry point found
https://github.com/softmatterlab/GapNet,no_entry,False,0,1,0,,,0,0,0,0,0,False,,False,,False,,False,,False,,False,,Dockerfile(s) found but no Python entry point could be resolved
https://github.com/rdasrituraj17/natural-language-processing,no_entry,False,0,1,0,,,0,0,0,0,0,False,,False,,False,,False,,False,,False,,Dockerfile(s) found but no Python entry point could be resolved
https://github.com/matus-jan-lavko/portfolio_swissknife,no_dockerfile,False,0,0,0,,,0,0,0,0,0,False,,False,,False,,False,,False,,False,,no Dockerfile and no fallback entry point found
https://github.com/gaborpapp/AIam,no_dockerfile,False,0,0,0,,,0,0,0,0,0,False,,False,,False,,False,,False,,False,,no Dockerfile and no fallback entry point found
https://github.com/jejobueno/ImmoEliza-API,ok,False,1,1,1,app\app.py,fallback_nested,1,4,0,0,0,False,,False,,False,,False,,False,,True,app/app.py:9 flask.Flask [matched Flask],"unverified: missing stages: data_acquisition, data_preparation, modeling, training, evaluation"
https://github.com/pranathivemuri/hovernet_he,no_dockerfile,False,0,0,0,,,0,0,0,0,0,False,,False,,False,,False,,False,,False,,no Dockerfile and no fallback entry point found
https://github.com/ZaoTX/DatapreprocessingGUI,no_dockerfile,False,0,0,0,,,0,0,0,0,0,False,,False,,False,,False,,False,,False,,no Dockerfile and no fallback entry point found
https://github.com/alimodak/Ali-Modak_Rod-Pump,no_dockerfile,False,0,0,0,,,0,0,0,0,0,False,,False,,False,,False,,False,,False,,no Dockerfile and no fallback entry point found
https://github.com/darcsoel/sandbox,no_dockerfile,False,0,0,0,,,0,0,0,0,0,False,,False,,False,,False,,False,,False,,no Dockerfile and no fallback entry point found
https://github.com/reactome/reactome_gnn,ok,False,3,0,1,reactome_gnn\train.py,fallback_nested,2,3,1,0,0,False,,False,,False,,True,reactome_gnn/train.py:138 optimizer.zero_grad [matched optimizer.zero_grad],True,reactome_gnn/train.py:146 sklearn.metrics.f1_score [matched f1_score],True,reactome_gnn/train.py:159 torch.no_grad [matched torch.no_grad],"unverified: missing stages: data_acquisition, data_preparation, modeling"
https://github.com/levancie/springboard_DSC,no_dockerfile,False,0,0,0,,,0,0,0,0,0,False,,False,,False,,False,,False,,False,,no Dockerfile and no fallback entry point found
https://github.com/Albert0147/G-SFDA,no_dockerfile,False,0,0,0,,,0,0,0,0,0,False,,False,,False,,False,,False,,False,,no Dockerfile and no fallback entry point found
https://github.com/MolecularAI/aizynthfinder,ok,False,2,0,1,aizynthfinder\interfaces\aizynthapp.py,fallback_console_script,44,505,5,0,1,True,aizynthfinder/utils/logging.py:47 yaml.load [matched yaml.load],False,,False,,False,,False,,True,aizynthfinder/context/policy/expansion_strategies.py:401 self.model.predict [matched model.predict],"unverified: missing stages: data_preparation, modeling, training, evaluation"
https://github.com/tandonneur/AdvancedAnalytics,no_dockerfile,False,0,0,0,,,0,0,0,0,0,False,,False,,False,,False,,False,,False,,no Dockerfile and no fallback entry point found
https://github.com/tingtzuhao/Lighthouse_Data_Science,no_dockerfile,False,0,0,0,,,0,0,0,0,0,False,,False,,False,,False,,False,,False,,no Dockerfile and no fallback entry point found
https://github.com/PSY-deep/HyPyp-,no_dockerfile,False,0,0,0,,,0,0,0,0,0,False,,False,,False,,False,,False,,False,,no Dockerfile and no fallback entry point found
https://github.com/dsgiitr/BOSCH-TRAFFIC-SIGN-RECOGNITION,no_dockerfile,False,0,0,0,,,0,0,0,0,0,False,,False,,False,,False,,False,,False,,no Dockerfile and no fallback entry point found
https://github.com/modin-project/modin,ok,False,2,6,1,modin\__main__.py,fallback_nested,113,2787,8,0,4,True,modin/pandas/io.py:161 pd.read_xml [matched pd.read_xml],True,modin/core/storage_formats/base/query_compiler.py:3037 df.fillna [matched df.fillna],False,,False,,False,,False,,"unverified: missing stages: modeling, training, evaluation, inference"
https://github.com/c60evaporator/seaborn-analyzer,no_dockerfile,False,0,0,0,,,0,0,0,0,0,False,,False,,False,,False,,False,,False,,no Dockerfile and no fallback entry point found
https://github.com/nate-walter/Logistic-Regression-ph3-w1-YouTube,no_dockerfile,False,0,0,0,,,0,0,0,0,0,False,,False,,False,,False,,False,,False,,no Dockerfile and no fallback entry point found
https://github.com/AlexKay28/zarnitsa,no_dockerfile,False,0,0,0,,,0,0,0,0,0,False,,False,,False,,False,,False,,False,,no Dockerfile and no fallback entry point found
https://github.com/red-hat-data-services/jumpstart-library,no_entry,False,0,10,0,,,0,0,0,0,0,False,,False,,False,,False,,False,,False,,Dockerfile(s) found but no Python entry point could be resolved
https://github.com/domatt1854/HAM10000-Skin-Lesion-Classification,no_dockerfile,False,0,0,0,,,0,0,0,0,0,False,,False,,False,,False,,False,,False,,no Dockerfile and no fallback entry point found
https://github.com/jiwidi/MIARFID,no_entry,False,0,2,0,,,0,0,0,0,0,False,,False,,False,,False,,False,,False,,Dockerfile(s) found but no Python entry point could be resolved
https://github.com/wtomin/UncertainEmotion,no_dockerfile,False,0,0,0,,,0,0,0,0,0,False,,False,,False,,False,,False,,False,,no Dockerfile and no fallback entry point found
https://github.com/rodekruis/Typhoon-Impact-based-forecasting-model,no_entry,False,0,2,0,,,0,0,0,0,0,False,,False,,False,,False,,False,,False,,Dockerfile(s) found but no Python entry point could be resolved
https://github.com/massp-vn/massp_2021,no_dockerfile,False,0,0,0,,,0,0,0,0,0,False,,False,,False,,False,,False,,False,,no Dockerfile and no fallback entry point found
https://github.com/Emory-HITI/AI-Vengers,no_dockerfile,False,0,0,0,,,0,0,0,0,0,False,,False,,False,,False,,False,,False,,no Dockerfile and no fallback entry point found
https://github.com/miniautonomous/trainer_ai,no_dockerfile,False,0,0,0,,,0,0,0,0,0,False,,False,,False,,False,,False,,False,,no Dockerfile and no fallback entry point found
https://github.com/GDAMining/gda-extraction,no_dockerfile,False,0,0,0,,,0,0,0,0,0,False,,False,,False,,False,,False,,False,,no Dockerfile and no fallback entry point found
https://github.com/acholonu/udacity_deep_learning,no_dockerfile,False,0,0,0,,,0,0,0,0,0,False,,False,,False,,False,,False,,False,,no Dockerfile and no fallback entry point found
https://github.com/trendscenter/coinstac-dinunet,no_dockerfile,False,0,0,0,,,0,0,0,0,0,False,,False,,False,,False,,False,,False,,no Dockerfile and no fallback entry point found
https://github.com/vorsanigo/BDT-project,no_dockerfile,False,0,0,0,,,0,0,0,0,0,False,,False,,False,,False,,False,,False,,no Dockerfile and no fallback entry point found
https://github.com/quentin-pierson/projetAnnuel,no_dockerfile,False,0,0,0,,,0,0,0,0,0,False,,False,,False,,False,,False,,False,,no Dockerfile and no fallback entry point found
https://github.com/bdatko/numpyro_play,no_dockerfile,False,0,0,0,,,0,0,0,0,0,False,,False,,False,,False,,False,,False,,no Dockerfile and no fallback entry point found
https://github.com/lingxiaolyu191231/udacity-projects,no_dockerfile,False,0,0,0,,,0,0,0,0,0,False,,False,,False,,False,,False,,False,,no Dockerfile and no fallback entry point found
https://github.com/luisguiserrano/manning,no_dockerfile,False,0,0,0,,,0,0,0,0,0,False,,False,,False,,False,,False,,False,,no Dockerfile and no fallback entry point found
https://github.com/gemeinl/braindecode-features,no_dockerfile,False,0,0,0,,,0,0,0,0,0,False,,False,,False,,False,,False,,False,,no Dockerfile and no fallback entry point found
https://github.com/PratyushTripathy/pyrsgis,no_dockerfile,False,0,0,0,,,0,0,0,0,0,False,,False,,False,,False,,False,,False,,no Dockerfile and no fallback entry point found
https://github.com/Temitayooyelowo/Reddit_Sentiment_Analysis,no_dockerfile,False,0,0,0,,,0,0,0,0,0,False,,False,,False,,False,,False,,False,,no Dockerfile and no fallback entry point found
https://github.com/Thijsvanede/Tiresias,ok,False,3,0,1,tiresias\__main__.py,fallback_nested,3,12,1,0,0,True,tiresias/preprocessor.py:244 pd.read_csv [matched pd.read_csv],False,,True,tiresias/tiresias.py:0 class Tiresias [matched <class subclasses model base>],False,,True,tiresias/__main__.py:137 sklearn.metrics.classification_report [matched classification_report],False,,"unverified: missing stages: data_preparation, training, inference"
https://github.com/abreham-g/Telecom-Data-Analysis,no_dockerfile,False,0,0,0,,,0,0,0,0,0,False,,False,,False,,False,,False,,False,,no Dockerfile and no fallback entry point found
https://github.com/AIFFEL-GN-2nd/CatchingDudeoji,no_dockerfile,False,0,0,0,,,0,0,0,0,0,False,,False,,False,,False,,False,,False,,no Dockerfile and no fallback entry point found
https://github.com/flatironinstitute/catvae,no_dockerfile,False,0,0,0,,,0,0,0,0,0,False,,False,,False,,False,,False,,False,,no Dockerfile and no fallback entry point found
https://github.com/kenneykwan/Springboard,no_dockerfile,False,0,0,0,,,0,0,0,0,0,False,,False,,False,,False,,False,,False,,no Dockerfile and no fallback entry point found
https://github.com/krawiah/Udacity-deep-learning-v2-pytorch,no_dockerfile,False,0,0,0,,,0,0,0,0,0,False,,False,,False,,False,,False,,False,,no Dockerfile and no fallback entry point found
https://github.com/rayzapata/project_classification_phishing,no_dockerfile,False,0,0,0,,,0,0,0,0,0,False,,False,,False,,False,,False,,False,,no Dockerfile and no fallback entry point found
https://github.com/eddymarts/AI-from-scratch,no_dockerfile,False,0,0,0,,,0,0,0,0,0,False,,False,,False,,False,,False,,False,,no Dockerfile and no fallback entry point found
https://github.com/bartongroup/yanocomp,ok,False,4,0,1,yanocomp\cli.py,fallback_console_script,6,65,2,0,0,True,yanocomp/io.py:29 gzip.open [matched gzip.open],True,yanocomp/io.py:337 pd.concat [matched pd.concat],True,yanocomp/stats.py:94 sklearn.cluster.DBSCAN [matched DBSCAN],True,yanocomp/stats.py:99 dbscan.fit_predict [matched .fit_predict],False,,False,,"unverified: missing stages: evaluation, inference"
https://github.com/bbrener1/rusty_axe,no_dockerfile,False,0,0,0,,,0,0,0,0,0,False,,False,,False,,False,,False,,False,,no Dockerfile and no fallback entry point found
https://github.com/pkavousi/similar-users,ok,False,2,0,1,app\main.py,fallback_nested,8,13,3,0,0,True,user_similarity_model/processing/modeling_data_manager.py:17 psycopg2.connect [matched psycopg2.connect],False,,False,,False,,False,,True,app/main.py:15 fastapi.FastAPI [matched FastAPI],"unverified: missing stages: data_preparation, modeling, training, evaluation"
https://github.com/splicemachine/ml-workflow,no_entry,False,0,6,0,,,0,0,0,0,0,False,,False,,False,,False,,False,,False,,Dockerfile(s) found but no Python entry point could be resolved
https://github.com/fazalathar/ml-,no_dockerfile,False,0,0,0,,,0,0,0,0,0,False,,False,,False,,False,,False,,False,,no Dockerfile and no fallback entry point found
https://github.com/tgcsaba/KSig,no_dockerfile,False,0,0,0,,,0,0,0,0,0,False,,False,,False,,False,,False,,False,,no Dockerfile and no fallback entry point found
https://github.com/baiqiushi/maliva,no_dockerfile,False,0,0,0,,,0,0,0,0,0,False,,False,,False,,False,,False,,False,,no Dockerfile and no fallback entry point found
https://github.com/yszoke/Applied-Machine-Learning-Final-project,no_dockerfile,False,0,0,0,,,0,0,0,0,0,False,,False,,False,,False,,False,,False,,no Dockerfile and no fallback entry point found
https://github.com/annahung31/EMOPIA,no_dockerfile,False,0,0,0,,,0,0,0,0,0,False,,False,,False,,False,,False,,False,,no Dockerfile and no fallback entry point found
https://github.com/williamokomba/DataGlacier_Internship-Data-science,no_dockerfile,False,0,0,0,,,0,0,0,0,0,False,,False,,False,,False,,False,,False,,no Dockerfile and no fallback entry point found
https://github.com/radon-h2020/radon-defuse,no_entry,False,0,2,0,,,0,0,0,0,0,False,,False,,False,,False,,False,,False,,Dockerfile(s) found but no Python entry point could be resolved
https://github.com/duyphongdn1997/BAP-Training-AI,no_dockerfile,False,0,0,0,,,0,0,0,0,0,False,,False,,False,,False,,False,,False,,no Dockerfile and no fallback entry point found
https://github.com/tadz-io/hydropt,no_dockerfile,False,0,0,0,,,0,0,0,0,0,False,,False,,False,,False,,False,,False,,no Dockerfile and no fallback entry point found
https://github.com/BhaskarBiswas/Python-Codes,no_dockerfile,False,0,0,0,,,0,0,0,0,0,False,,False,,False,,False,,False,,False,,no Dockerfile and no fallback entry point found
https://github.com/zzz2010/light-gcn-paddle,no_dockerfile,False,0,0,0,,,0,0,0,0,0,False,,False,,False,,False,,False,,False,,no Dockerfile and no fallback entry point found
https://github.com/mansoorsd/MIcrosoft-ML,no_dockerfile,False,0,0,0,,,0,0,0,0,0,False,,False,,False,,False,,False,,False,,no Dockerfile and no fallback entry point found
https://github.com/muhammedshafahp/ML-FOR-GEGINNERS,no_dockerfile,False,0,0,0,,,0,0,0,0,0,False,,False,,False,,False,,False,,False,,no Dockerfile and no fallback entry point found
https://github.com/NaegleLab/OpenEnsembles,no_dockerfile,False,0,0,0,,,0,0,0,0,0,False,,False,,False,,False,,False,,False,,no Dockerfile and no fallback entry point found
https://github.com/kantmanav/cell-life-cycle-detection,no_entry,False,0,1,0,,,0,0,0,0,0,False,,False,,False,,False,,False,,False,,Dockerfile(s) found but no Python entry point could be resolved
https://github.com/willieneis/bayesian-algorithm-execution,no_dockerfile,False,0,0,0,,,0,0,0,0,0,False,,False,,False,,False,,False,,False,,no Dockerfile and no fallback entry point found
https://github.com/InsectRobotics/InvertPy,no_dockerfile,False,0,0,0,,,0,0,0,0,0,False,,False,,False,,False,,False,,False,,no Dockerfile and no fallback entry point found
https://github.com/Chutlhu/DechorateDB,no_dockerfile,False,0,0,0,,,0,0,0,0,0,False,,False,,False,,False,,False,,False,,no Dockerfile and no fallback entry point found
https://github.com/mpetroff/accessible-color-cycles,no_dockerfile,False,0,0,0,,,0,0,0,0,0,False,,False,,False,,False,,False,,False,,no Dockerfile and no fallback entry point found
https://github.com/pedrogengo/MLChallenge,no_entry,False,0,5,0,,,0,0,0,0,0,False,,False,,False,,False,,False,,False,,Dockerfile(s) found but no Python entry point could be resolved
https://github.com/daniEL2371/abtest-mlops,no_dockerfile,False,0,0,0,,,0,0,0,0,0,False,,False,,False,,False,,False,,False,,no Dockerfile and no fallback entry point found
https://github.com/Dou-Yu-xuan/speaker-recognition,no_dockerfile,False,0,0,0,,,0,0,0,0,0,False,,False,,False,,False,,False,,False,,no Dockerfile and no fallback entry point found
https://github.com/borchero/pycave,no_dockerfile,False,0,0,0,,,0,0,0,0,0,False,,False,,False,,False,,False,,False,,no Dockerfile and no fallback entry point found
https://github.com/krantikumara/Python_BestPractices_Kranti,no_dockerfile,False,0,0,0,,,0,0,0,0,0,False,,False,,False,,False,,False,,False,,no Dockerfile and no fallback entry point found
https://github.com/DjamelRAAB/PA5_Crypto-Advice,no_entry,False,0,6,0,,,0,0,0,0,0,False,,False,,False,,False,,False,,False,,Dockerfile(s) found but no Python entry point could be resolved
https://github.com/Milan-Chicago/GLG-Automated-Meta-data-Tagging,no_entry,False,0,2,0,,,0,0,0,0,0,False,,False,,False,,False,,False,,False,,Dockerfile(s) found but no Python entry point could be resolved
https://github.com/guicarvsantos/Microsoft-ML-For-Beginners,no_dockerfile,False,0,0,0,,,0,0,0,0,0,False,,False,,False,,False,,False,,False,,no Dockerfile and no fallback entry point found
https://github.com/splicemachine/pysplice,no_dockerfile,False,0,0,0,,,0,0,0,0,0,False,,False,,False,,False,,False,,False,,no Dockerfile and no fallback entry point found
https://github.com/Seirdy/clogstats,ok,False,2,0,1,clogstats\cli.py,fallback_console_script,3,19,2,0,0,True,clogstats/stats/parse.py:44 pd.read_csv [matched pd.read_csv],True,clogstats/stats/parse.py:52 pd.to_datetime [matched pd.to_datetime],False,,False,,False,,False,,"unverified: missing stages: modeling, training, evaluation, inference"
https://github.com/nickcscott1/Backtest,no_entry,False,0,2,0,,,0,0,0,0,0,False,,False,,False,,False,,False,,False,,Dockerfile(s) found but no Python entry point could be resolved
https://github.com/hernowoat/eflash_2018,ok,False,3,0,1,eflash_2018\train.py,fallback_nested,1,31,0,0,0,True,eflash_2018/train.py:238 pickle.load [matched pickle.load],True,eflash_2018/train.py:268 sklearn.decomposition.PCA [matched PCA],True,eflash_2018/train.py:334 sklearn.ensemble.RandomForestClassifier [matched RandomForestClassifier],False,,False,,False,,"unverified: missing stages: training, evaluation, inference"
https://github.com/altcp/gdemandfcast,no_entry,False,0,1,0,,,0,0,0,0,0,False,,False,,False,,False,,False,,False,,Dockerfile(s) found but no Python entry point could be resolved
https://github.com/mcdobr/yawaf-learn,no_dockerfile,False,0,0,0,,,0,0,0,0,0,False,,False,,False,,False,,False,,False,,no Dockerfile and no fallback entry point found
https://github.com/ConnorStoneAstro/AutoProf,ok,False,3,0,1,astrophot\__main__.py,fallback_nested,72,620,6,0,3,True,astrophot/utils/initialize/segmentation_map.py:26 np.load [matched np.load],True,astrophot/models/_shared_methods.py:94 np.nan_to_num [matched np.nan_to_num],True,astrophot/image/image_object.py:0 class Image [matched <class subclasses model base>],False,,False,,False,,"unverified: missing stages: training, evaluation, inference"
https://github.com/skit-ai/eevee,ok,False,3,0,1,eevee\cli.py,fallback_console_script,15,104,3,0,0,True,eevee/cli.py:51 pd.read_csv [matched pd.read_csv],True,eevee/metrics/classification.py:66 pd.merge [matched pd.merge],False,,False,,True,eevee/metrics/classification.py:20 sklearn.metrics.classification_report [matched classification_report],False,,"unverified: missing stages: modeling, training, inference"
https://github.com/Valentyn1997/semi-supervised-certain-pseudo-labeling,no_dockerfile,False,0,0,0,,,0,0,0,0,0,False,,False,,False,,False,,False,,False,,no Dockerfile and no fallback entry point found
https://github.com/symphonylyh/3D,no_entry,False,0,5,0,,,0,0,0,0,0,False,,False,,False,,False,,False,,False,,Dockerfile(s) found but no Python entry point could be resolved
https://github.com/datarobot-community/custom-models,no_entry,False,0,1,0,,,0,0,0,0,0,False,,False,,False,,False,,False,,False,,Dockerfile(s) found but no Python entry point could be resolved
https://github.com/IBM/fuse-med-ml,no_dockerfile,False,0,0,0,,,0,0,0,0,0,False,,False,,False,,False,,False,,False,,no Dockerfile and no fallback entry point found
https://github.com/mspp-data-studio-2021/Ariel_Medex,no_dockerfile,False,0,0,0,,,0,0,0,0,0,False,,False,,False,,False,,False,,False,,no Dockerfile and no fallback entry point found
https://github.com/jaredmejia/dadra,no_dockerfile,False,0,0,0,,,0,0,0,0,0,False,,False,,False,,False,,False,,False,,no Dockerfile and no fallback entry point found
https://github.com/DINFO-UniFI/RoofClassify,no_dockerfile,False,0,0,0,,,0,0,0,0,0,False,,False,,False,,False,,False,,False,,no Dockerfile and no fallback entry point found
https://github.com/dumitrescustefan/ronec,no_dockerfile,False,0,0,0,,,0,0,0,0,0,False,,False,,False,,False,,False,,False,,no Dockerfile and no fallback entry point found
https://github.com/JoKra1/LTP_Final,no_dockerfile,False,0,0,0,,,0,0,0,0,0,False,,False,,False,,False,,False,,False,,no Dockerfile and no fallback entry point found
https://github.com/kaurrachneet6/MLforADNI,no_entry,False,0,1,0,,,0,0,0,0,0,False,,False,,False,,False,,False,,False,,Dockerfile(s) found but no Python entry point could be resolved
https://github.com/Wehzie/hwr-2021,ok,False,5,0,1,src\main.py,fallback_nested,16,93,3,0,0,True,src/data_handler/dataset_builder.py:57 requests.get [matched requests.get],False,,True,src/recognizer/model.py:50 tf.keras.layers.Flatten [matched tf.keras.layers.*],True,src/recognizer/train_test.py:114 self.recognizer.model.fit [matched model.fit],True,src/recognizer/train_test.py:178 sklearn.metrics.classification_report [matched classification_report],True,src/recognizer/model.py:126 self.model.predict [matched model.predict],unverified: missing stages: data_preparation
https://github.com/SwiftPredator/How-Does-Bert-Answer-QA-DLP2021,no_dockerfile,False,0,0,0,,,0,0,0,0,0,False,,False,,False,,False,,False,,False,,no Dockerfile and no fallback entry point found
https://github.com/hello2mao/Learn-MachineLearning,no_dockerfile,False,0,0,0,,,0,0,0,0,0,False,,False,,False,,False,,False,,False,,no Dockerfile and no fallback entry point found
https://github.com/Kamilgolda/TripRecommendations,no_entry,False,0,6,0,,,0,0,0,0,0,False,,False,,False,,False,,False,,False,,Dockerfile(s) found but no Python entry point could be resolved
https://github.com/mHead/creativeAI,ok,False,0,0,1,creativeAI\main.py,fallback_nested,1,5,0,0,0,False,,False,,False,,False,,False,,False,,"unverified: missing stages: data_acquisition, data_preparation, modeling, training, evaluation, inference"
https://github.com/tingshan2859880/Operations-Research-Applications,ok,False,4,0,1,src\main.py,fallback_nested,6,45,1,0,0,True,src/main.py:52 pd.read_pickle [matched pd.read_pickle],True,src/main.py:89 pd.merge [matched pd.merge],True,src/data_preprocessing.py:66 sklearn.cluster.KMeans [matched KMeans],False,,False,,True,src/demand_estimation.py:136 self.model.predict [matched model.predict],"unverified: missing stages: training, evaluation"
https://github.com/gitquart/appHybrid_MultiInvestingNews,no_dockerfile,False,0,0,0,,,0,0,0,0,0,False,,False,,False,,False,,False,,False,,no Dockerfile and no fallback entry point found
https://github.com/toncho11/ML_examples,no_dockerfile,False,0,0,0,,,0,0,0,0,0,False,,False,,False,,False,,False,,False,,no Dockerfile and no fallback entry point found
https://github.com/Narasimhareddy26/scikit-learn,no_dockerfile,False,0,0,0,,,0,0,0,0,0,False,,False,,False,,False,,False,,False,,no Dockerfile and no fallback entry point found
https://github.com/GabrieldeAS/SGU,no_dockerfile,False,0,0,0,,,0,0,0,0,0,False,,False,,False,,False,,False,,False,,no Dockerfile and no fallback entry point found
https://github.com/DLab/PoC-NY-data,no_dockerfile,False,0,0,0,,,0,0,0,0,0,False,,False,,False,,False,,False,,False,,no Dockerfile and no fallback entry point found
https://github.com/AmitMizrahi123/PredictDroughts,no_dockerfile,False,0,0,0,,,0,0,0,0,0,False,,False,,False,,False,,False,,False,,no Dockerfile and no fallback entry point found
https://github.com/Superar/SemOpinionS,no_dockerfile,False,0,0,0,,,0,0,0,0,0,False,,False,,False,,False,,False,,False,,no Dockerfile and no fallback entry point found
https://github.com/gideon116/Biovisulizer,no_dockerfile,False,0,0,0,,,0,0,0,0,0,False,,False,,False,,False,,False,,False,,no Dockerfile and no fallback entry point found
https://github.com/altescy/pdpcli,ok,False,0,0,1,pdpcli\__main__.py,fallback_nested,12,22,5,0,0,False,,False,,False,,False,,False,,False,,"unverified: missing stages: data_acquisition, data_preparation, modeling, training, evaluation, inference"
https://github.com/shahcompbio/single_cell_pipeline,ok,False,0,0,1,single_cell\run.py,fallback_nested,22,64,3,0,0,False,,False,,False,,False,,False,,False,,"unverified: missing stages: data_acquisition, data_preparation, modeling, training, evaluation, inference"
https://github.com/made-ml-in-prod-2021/mivankin,no_entry,False,0,3,0,,,0,0,0,0,0,False,,False,,False,,False,,False,,False,,Dockerfile(s) found but no Python entry point could be resolved
https://github.com/lscsoft/bilby,ok,False,4,0,1,cli_bilby\plot_multiple_posteriors.py,fallback_console_script,47,883,9,0,15,True,bilby/core/result.py:235 np.genfromtxt [matched np.genfromtxt],True,bilby/core/result.py:1977 pd.concat [matched pd.concat],True,bilby/bilby_mcmc/proposals.py:554 sklearn.mixture.GaussianMixture [matched GaussianMixture],True,bilby/bilby_mcmc/proposals.py:686 self.optimizer.zero_grad [matched optimizer.zero_grad],False,,False,,"unverified: missing stages: evaluation, inference"
https://github.com/src47/DeepLPnet,no_dockerfile,False,0,0,0,,,0,0,0,0,0,False,,False,,False,,False,,False,,False,,no Dockerfile and no fallback entry point found
https://github.com/oreocookie1/DrivingHelper,no_dockerfile,False,0,0,0,,,0,0,0,0,0,False,,False,,False,,False,,False,,False,,no Dockerfile and no fallback entry point found
https://github.com/gifford-lab/deepaccess-package,ok,False,5,0,1,deepaccess\deepaccess.py,fallback_console_script,10,28,2,0,0,True,deepaccess/train/CNN.py:33 np.load [matched np.load],False,,True,deepaccess/interpret/importance_utils.py:28 tf.keras.layers.Input [matched tf.keras.layers.*],True,deepaccess/interpret/importance_utils.py:56 tf.GradientTape [matched tf.GradientTape],True,deepaccess/train/CNN.py:118 self.model.evaluate [matched model.evaluate],True,deepaccess/train/CNN.py:129 self.model.predict [matched model.predict],unverified: missing stages: data_preparation
https://github.com/CJianYu98/NBA_Prediction,no_dockerfile,False,0,0,0,,,0,0,0,0,0,False,,False,,False,,False,,False,,False,,no Dockerfile and no fallback entry point found
https://github.com/bolin0812/Monitor_Effect_Size,no_dockerfile,False,0,0,0,,,0,0,0,0,0,False,,False,,False,,False,,False,,False,,no Dockerfile and no fallback entry point found
https://github.com/Zhongdao/UniTrack,no_dockerfile,False,0,0,0,,,0,0,0,0,0,False,,False,,False,,False,,False,,False,,no Dockerfile and no fallback entry point found
https://github.com/oooookk7/machine-learning-a-to-z,no_dockerfile,False,0,0,0,,,0,0,0,0,0,False,,False,,False,,False,,False,,False,,no Dockerfile and no fallback entry point found
https://github.com/nidhaloff/igel,ok,True,6,1,1,igel\__main__.py,fallback_nested,12,69,3,0,0,True,igel/utils.py:27 yaml.safe_load [matched yaml.safe_load],True,igel/igel.py:371 pd.concat [matched pd.concat],True,igel/extras/kmedoids.py:0 class KMedoids [matched <class subclasses model base>],True,igel/igel.py:521 self.model.fit [matched model.fit],True,igel/igel.py:490 sklearn.model_selection.cross_validate [matched cross_validate],True,igel/igel.py:546 self.model.predict [matched model.predict],verified: all 6 stages present
https://github.com/Choem/airflow-dags,no_entry,False,0,1,0,,,0,0,0,0,0,False,,False,,False,,False,,False,,False,,Dockerfile(s) found but no Python entry point could be resolved
https://github.com/netneurolab/neuromaps,no_entry,False,0,1,0,,,0,0,0,0,0,False,,False,,False,,False,,False,,False,,Dockerfile(s) found but no Python entry point could be resolved
https://github.com/AICPS/roadscene2vec,no_entry,False,0,2,0,,,0,0,0,0,0,False,,False,,False,,False,,False,,False,,Dockerfile(s) found but no Python entry point could be resolved
https://github.com/thiessenh/tsvdd,no_dockerfile,False,0,0,0,,,0,0,0,0,0,False,,False,,False,,False,,False,,False,,no Dockerfile and no fallback entry point found
https://github.com/Stasiche/CHGK,no_dockerfile,False,0,0,0,,,0,0,0,0,0,False,,False,,False,,False,,False,,False,,no Dockerfile and no fallback entry point found
https://github.com/andmon97/FuzzyRemoteSensingSegmentation,no_dockerfile,False,0,0,0,,,0,0,0,0,0,False,,False,,False,,False,,False,,False,,no Dockerfile and no fallback entry point found
https://github.com/pierrecollinet/data-challenges,no_entry,False,0,1,0,,,0,0,0,0,0,False,,False,,False,,False,,False,,False,,Dockerfile(s) found but no Python entry point could be resolved
https://github.com/mikiya1130/AtCoder,no_entry,False,0,1,0,,,0,0,0,0,0,False,,False,,False,,False,,False,,False,,Dockerfile(s) found but no Python entry point could be resolved
https://github.com/allront/modelops-sas-tensorflow-workflow-manager-openshift,no_entry,False,0,5,0,,,0,0,0,0,0,False,,False,,False,,False,,False,,False,,Dockerfile(s) found but no Python entry point could be resolved
https://github.com/dhk1349/Python_programming,no_dockerfile,False,0,0,0,,,0,0,0,0,0,False,,False,,False,,False,,False,,False,,no Dockerfile and no fallback entry point found
https://github.com/HyunAm0225/elice_MVTI_Project,no_entry,False,0,3,0,,,0,0,0,0,0,False,,False,,False,,False,,False,,False,,Dockerfile(s) found but no Python entry point could be resolved
https://github.com/sylvchev/mdla,no_dockerfile,False,0,0,0,,,0,0,0,0,0,False,,False,,False,,False,,False,,False,,no Dockerfile and no fallback entry point found
https://github.com/fenfisdi/cdslib_agents,no_dockerfile,False,0,0,0,,,0,0,0,0,0,False,,False,,False,,False,,False,,False,,no Dockerfile and no fallback entry point found
https://github.com/ngarneau/accuracySharedTask,no_dockerfile,False,0,0,0,,,0,0,0,0,0,False,,False,,False,,False,,False,,False,,no Dockerfile and no fallback entry point found
https://github.com/TomekQ13/SpeedwayAnalytics,no_entry,False,0,2,0,,,0,0,0,0,0,False,,False,,False,,False,,False,,False,,Dockerfile(s) found but no Python entry point could be resolved
https://github.com/jhupiterz/SafeSeizure,no_dockerfile,False,0,0,0,,,0,0,0,0,0,False,,False,,False,,False,,False,,False,,no Dockerfile and no fallback entry point found
https://github.com/ZarebaMichal/ium_430705,no_dockerfile,False,0,0,0,,,0,0,0,0,0,False,,False,,False,,False,,False,,False,,no Dockerfile and no fallback entry point found
https://github.com/RON-T-REX/VOLMITIOUS,no_dockerfile,False,0,0,0,,,0,0,0,0,0,False,,False,,False,,False,,False,,False,,no Dockerfile and no fallback entry point found
https://github.com/adaa-polsl/RuleKit-python,ok,False,1,0,1,rulekit\__main__.py,fallback_nested,5,11,3,0,0,True,rulekit/main.py:141 zipfile.ZipFile [matched zipfile.ZipFile],False,,False,,False,,False,,False,,"unverified: missing stages: data_preparation, modeling, training, evaluation, inference"
https://github.com/Vivek1258/End-to-end-Machine-Learning-Project-Car-Price-Prediction,no_dockerfile,False,0,0,0,,,0,0,0,0,0,False,,False,,False,,False,,False,,False,,no Dockerfile and no fallback entry point found
https://github.com/hoang-phan98/cholesterol-monitor,no_dockerfile,False,0,0,0,,,0,0,0,0,0,False,,False,,False,,False,,False,,False,,no Dockerfile and no fallback entry point found
https://github.com/larsgrespan/Event_Processing_System,no_dockerfile,False,0,0,0,,,0,0,0,0,0,False,,False,,False,,False,,False,,False,,no Dockerfile and no fallback entry point found
https://github.com/arnor-sigurdsson/EIR,no_entry,False,0,1,0,,,0,0,0,0,0,False,,False,,False,,False,,False,,False,,Dockerfile(s) found but no Python entry point could be resolved
https://github.com/feihoo87/waveforms,ok,False,1,0,1,waveforms\__main__.py,fallback_nested,7,313,3,0,0,True,waveforms/distortion.py:555 np.load [matched np.load],False,,False,,False,,False,,False,,"unverified: missing stages: data_preparation, modeling, training, evaluation, inference"
https://github.com/lasseufpa/ml4comm-icc21,no_dockerfile,False,0,0,0,,,0,0,0,0,0,False,,False,,False,,False,,False,,False,,no Dockerfile and no fallback entry point found
https://github.com/linzh0205/DSAI-predict-future-sale,no_dockerfile,False,0,0,0,,,0,0,0,0,0,False,,False,,False,,False,,False,,False,,no Dockerfile and no fallback entry point found
https://github.com/MarketPredict-BoEC/MarketPredict-RESTFul-API,no_dockerfile,False,0,0,0,,,0,0,0,0,0,False,,False,,False,,False,,False,,False,,no Dockerfile and no fallback entry point found
https://github.com/filvi/aml-challenge,no_dockerfile,False,0,0,0,,,0,0,0,0,0,False,,False,,False,,False,,False,,False,,no Dockerfile and no fallback entry point found
https://github.com/Serg-Protsenko/DFP-Numeric-2,no_entry,False,0,1,0,,,0,0,0,0,0,False,,False,,False,,False,,False,,False,,Dockerfile(s) found but no Python entry point could be resolved
https://github.com/RohitHansdah/Molecular_Solubility_Prediction_App,no_dockerfile,False,0,0,0,,,0,0,0,0,0,False,,False,,False,,False,,False,,False,,no Dockerfile and no fallback entry point found
https://github.com/RohitHansdah/Thyroid_Detection,no_dockerfile,False,0,0,0,,,0,0,0,0,0,False,,False,,False,,False,,False,,False,,no Dockerfile and no fallback entry point found
https://github.com/AndrewTymkiv/real_estate_analysis,no_dockerfile,False,0,0,0,,,0,0,0,0,0,False,,False,,False,,False,,False,,False,,no Dockerfile and no fallback entry point found
https://github.com/gerardpslowey/eMot,no_dockerfile,False,0,0,0,,,0,0,0,0,0,False,,False,,False,,False,,False,,False,,no Dockerfile and no fallback entry point found
https://github.com/DeepthiSudharsan/Stock-Prediction-using-Deep-Learning,no_dockerfile,False,0,0,0,,,0,0,0,0,0,False,,False,,False,,False,,False,,False,,no Dockerfile and no fallback entry point found
https://github.com/luiscarlosgph/t-Student-Mixture-Models,no_dockerfile,False,0,0,0,,,0,0,0,0,0,False,,False,,False,,False,,False,,False,,no Dockerfile and no fallback entry point found
https://github.com/hajjin2050/study,no_dockerfile,False,0,0,0,,,0,0,0,0,0,False,,False,,False,,False,,False,,False,,no Dockerfile and no fallback entry point found
https://github.com/hoytlui/DataScienceCaseStudies,no_dockerfile,False,0,0,0,,,0,0,0,0,0,False,,False,,False,,False,,False,,False,,no Dockerfile and no fallback entry point found
https://github.com/jvanleersum/ai_dj,no_entry,False,0,1,0,,,0,0,0,0,0,False,,False,,False,,False,,False,,False,,Dockerfile(s) found but no Python entry point could be resolved
https://github.com/bentoml/gallery,no_dockerfile,False,0,0,0,,,0,0,0,0,0,False,,False,,False,,False,,False,,False,,no Dockerfile and no fallback entry point found
https://github.com/chaerui7967/K_Digital_Training,no_dockerfile,False,0,0,0,,,0,0,0,0,0,False,,False,,False,,False,,False,,False,,no Dockerfile and no fallback entry point found
https://github.com/beaty626/data_analysis,no_dockerfile,False,0,0,0,,,0,0,0,0,0,False,,False,,False,,False,,False,,False,,no Dockerfile and no fallback entry point found
https://github.com/Antonio-226/Big-Data-Analytics-Group-Project,no_dockerfile,False,0,0,0,,,0,0,0,0,0,False,,False,,False,,False,,False,,False,,no Dockerfile and no fallback entry point found
https://github.com/neojiaying/Final-Year-Project-Predictive-Models-and-Chatbot,no_dockerfile,False,0,0,0,,,0,0,0,0,0,False,,False,,False,,False,,False,,False,,no Dockerfile and no fallback entry point found
https://github.com/prajdabre/yanmtt,no_entry,False,0,7,0,,,0,0,0,0,0,False,,False,,False,,False,,False,,False,,Dockerfile(s) found but no Python entry point could be resolved
https://github.com/appleparan/mise.py,ok,True,6,0,1,mise\__main__.py,fallback_nested,21,459,3,0,0,True,mise/dl/mlp_mul_ms.py:1001 def train_dataloader [matched <lightning hook train_dataloader>],True,mise/dl/mlp_mul_ms.py:860 pd.concat [matched pd.concat],True,mise/dl/dt_xgboost.py:328 xgb.XGBRegressor [matched XGBRegressor],True,mise/dl/mlp_mul_ms.py:704 def configure_optimizers [matched <lightning hook configure_optimizers>],True,mise/dl/mlp_mul_ms.py:765 def validation_step [matched <lightning hook validation_step>],True,mise/dl/mlp_mul_ms.py:584 trainer.test [matched trainer.test],verified: all 6 stages present
https://github.com/graph4ai/graph4nlp,no_dockerfile,False,0,0,0,,,0,0,0,0,0,False,,False,,False,,False,,False,,False,,no Dockerfile and no fallback entry point found
https://github.com/guyfilo/hakaton,no_dockerfile,False,0,0,0,,,0,0,0,0,0,False,,False,,False,,False,,False,,False,,no Dockerfile and no fallback entry point found
https://github.com/a1sau/GreentrikeMSBA,no_dockerfile,False,0,0,0,,,0,0,0,0,0,False,,False,,False,,False,,False,,False,,no Dockerfile and no fallback entry point found
https://github.com/Gotticketsto360tour/GaussianProcessor,no_dockerfile,False,0,0,0,,,0,0,0,0,0,False,,False,,False,,False,,False,,False,,no Dockerfile and no fallback entry point found
https://github.com/rasieira/tfg-rasieira,no_dockerfile,False,0,0,0,,,0,0,0,0,0,False,,False,,False,,False,,False,,False,,no Dockerfile and no fallback entry point found
https://github.com/askanna-io/askanna-python,ok,False,1,1,1,askanna\cli\__main__.py,fallback_console_script,39,286,7,0,1,True,askanna/core/utils/main.py:22 requests.get [matched requests.get],False,,False,,False,,False,,False,,"unverified: missing stages: data_preparation, modeling, training, evaluation, inference"
https://github.com/alexanderflorean/BSc-JavSoCoClassifier,no_dockerfile,False,0,0,0,,,0,0,0,0,0,False,,False,,False,,False,,False,,False,,no Dockerfile and no fallback entry point found
https://github.com/kurtzace/complete-data-science-bootcamp-excercises,no_dockerfile,False,0,0,0,,,0,0,0,0,0,False,,False,,False,,False,,False,,False,,no Dockerfile and no fallback entry point found
https://github.com/Eric-Kobayashi/SR_toolkit,no_dockerfile,False,0,0,0,,,0,0,0,0,0,False,,False,,False,,False,,False,,False,,no Dockerfile and no fallback entry point found
https://github.com/khalilouardini/treeVAE-reproducibility,no_dockerfile,False,0,0,0,,,0,0,0,0,0,False,,False,,False,,False,,False,,False,,no Dockerfile and no fallback entry point found
https://github.com/rcsmit/COVIDcases,no_dockerfile,False,0,0,0,,,0,0,0,0,0,False,,False,,False,,False,,False,,False,,no Dockerfile and no fallback entry point found
https://github.com/Creditas/galeritas,no_dockerfile,False,0,0,0,,,0,0,0,0,0,False,,False,,False,,False,,False,,False,,no Dockerfile and no fallback entry point found
https://github.com/chinsn810/Covid19-Vaccination-Analysis-app,no_dockerfile,False,0,0,0,,,0,0,0,0,0,False,,False,,False,,False,,False,,False,,no Dockerfile and no fallback entry point found
https://github.com/wcjohnchen/capstoneProject2,no_dockerfile,False,0,0,0,,,0,0,0,0,0,False,,False,,False,,False,,False,,False,,no Dockerfile and no fallback entry point found
https://github.com/chdahlqvist/RSMmap,no_dockerfile,False,0,0,0,,,0,0,0,0,0,False,,False,,False,,False,,False,,False,,no Dockerfile and no fallback entry point found
https://github.com/cebrahimi/SpringBoard,no_dockerfile,False,0,0,0,,,0,0,0,0,0,False,,False,,False,,False,,False,,False,,no Dockerfile and no fallback entry point found
https://github.com/pacilab/AmberPy,no_dockerfile,False,0,0,0,,,0,0,0,0,0,False,,False,,False,,False,,False,,False,,no Dockerfile and no fallback entry point found
https://github.com/CleitonAmbrosio/Rossmann-Stores-Sales-Forecast,no_dockerfile,False,0,0,0,,,0,0,0,0,0,False,,False,,False,,False,,False,,False,,no Dockerfile and no fallback entry point found
https://github.com/asaakyan/covidfact,no_dockerfile,False,0,0,0,,,0,0,0,0,0,False,,False,,False,,False,,False,,False,,no Dockerfile and no fallback entry point found
https://github.com/niharikakrishnan/Classification-ECommerceData,no_dockerfile,False,0,0,0,,,0,0,0,0,0,False,,False,,False,,False,,False,,False,,no Dockerfile and no fallback entry point found
https://github.com/tum-camp/survival-support-vector-machine,no_dockerfile,False,0,0,0,,,0,0,0,0,0,False,,False,,False,,False,,False,,False,,no Dockerfile and no fallback entry point found
https://github.com/pdemeulenaer/mlflow-rf-sklearn,no_entry,False,0,1,0,,,0,0,0,0,0,False,,False,,False,,False,,False,,False,,Dockerfile(s) found but no Python entry point could be resolved
https://github.com/SWIFTSIM/emulator,no_dockerfile,False,0,0,0,,,0,0,0,0,0,False,,False,,False,,False,,False,,False,,no Dockerfile and no fallback entry point found
https://github.com/CodeAron/PM2-felt-monitoring,no_dockerfile,False,0,0,0,,,0,0,0,0,0,False,,False,,False,,False,,False,,False,,no Dockerfile and no fallback entry point found
https://github.com/made-ml-in-prod-2021/anirill,no_entry,False,0,9,0,,,0,0,0,0,0,False,,False,,False,,False,,False,,False,,Dockerfile(s) found but no Python entry point could be resolved
https://github.com/Tohoun/MyDataSciencePortfolio,no_dockerfile,False,0,0,0,,,0,0,0,0,0,False,,False,,False,,False,,False,,False,,no Dockerfile and no fallback entry point found
https://github.com/ThatFlint/FLTK-Testbed-Group-4,ok,True,6,1,1,fltk\__main__.py,fallback_nested,33,255,4,0,0,True,fltk/__main__.py:28 yaml.load [matched yaml.load],True,fltk/datasets/distributed/fashion_mnist.py:25 torchvision.transforms.Normalize [matched torchvision.transforms.*],True,fltk/nets/cifar_10_cnn.py:0 class Cifar10CNN [matched <class subclasses model base>],True,fltk/federator.py:84 torch.utils.tensorboard.SummaryWriter [matched tensorboard.SummaryWriter],True,fltk/client.py:260 sklearn.metrics.confusion_matrix [matched confusion_matrix],True,fltk/client.py:245 torch.no_grad [matched torch.no_grad],verified: all 6 stages present
https://github.com/kelseymarkey/metalearners,no_dockerfile,False,0,0,0,,,0,0,0,0,0,False,,False,,False,,False,,False,,False,,no Dockerfile and no fallback entry point found
https://github.com/sebaram/jins-gesture-toolkit,no_dockerfile,False,0,0,0,,,0,0,0,0,0,False,,False,,False,,False,,False,,False,,no Dockerfile and no fallback entry point found
https://github.com/ls-cy/Purwadhika-JCDS-Final-Project,no_dockerfile,False,0,0,0,,,0,0,0,0,0,False,,False,,False,,False,,False,,False,,no Dockerfile and no fallback entry point found
https://github.com/ariecattan/coref,no_dockerfile,False,0,0,0,,,0,0,0,0,0,False,,False,,False,,False,,False,,False,,no Dockerfile and no fallback entry point found
https://github.com/presnick/surveyequivalence,no_dockerfile,False,0,0,0,,,0,0,0,0,0,False,,False,,False,,False,,False,,False,,no Dockerfile and no fallback entry point found
https://github.com/rexding97/COMP90024CCC_ASS2,no_entry,False,0,3,0,,,0,0,0,0,0,False,,False,,False,,False,,False,,False,,Dockerfile(s) found but no Python entry point could be resolved
https://github.com/HealthML/AntiSplodge,no_dockerfile,False,0,0,0,,,0,0,0,0,0,False,,False,,False,,False,,False,,False,,no Dockerfile and no fallback entry point found
https://github.com/GKAT-NeurIPS2021/GKAT-Experiments,no_dockerfile,False,0,0,0,,,0,0,0,0,0,False,,False,,False,,False,,False,,False,,no Dockerfile and no fallback entry point found
https://github.com/HyunjinKIM-Chloe/reg-repo-6,no_dockerfile,False,0,0,0,,,0,0,0,0,0,False,,False,,False,,False,,False,,False,,no Dockerfile and no fallback entry point found
https://github.com/made-ml-in-prod-2021/illumaria,no_entry,False,0,8,0,,,0,0,0,0,0,False,,False,,False,,False,,False,,False,,Dockerfile(s) found but no Python entry point could be resolved
https://github.com/ahmoura/active_learning,no_dockerfile,False,0,0,0,,,0,0,0,0,0,False,,False,,False,,False,,False,,False,,no Dockerfile and no fallback entry point found
https://github.com/FongSW/ImageTR,no_dockerfile,False,0,0,0,,,0,0,0,0,0,False,,False,,False,,False,,False,,False,,no Dockerfile and no fallback entry point found
https://github.com/made-ml-in-prod-2021/panda06,ok,True,6,6,1,ml_project\train.py,fallback_nested,14,22,4,0,0,True,ml_project/data/make_dataset.py:10 pd.read_csv [matched pd.read_csv],True,ml_project/data/make_dataset.py:17 sklearn.model_selection.train_test_split [matched train_test_split],True,ml_project/train.py:23 hydra.utils.instantiate [matched hydra.utils.instantiate],True,ml_project/train.py:19 hydra.main [matched hydra.main],True,ml_project/models/model.py:27 sklearn.metrics.mean_squared_error [matched mean_squared_error],True,ml_project/train.py:45 model.predict [matched model.predict],verified: all 6 stages present
https://github.com/S-M-Ammar/Projects,no_dockerfile,False,0,0,0,,,0,0,0,0,0,False,,False,,False,,False,,False,,False,,no Dockerfile and no fallback entry point found
https://github.com/Azure/fast_retraining,no_dockerfile,False,0,0,0,,,0,0,0,0,0,False,,False,,False,,False,,False,,False,,no Dockerfile and no fallback entry point found
https://github.com/antoneev/66DaysOfData,no_dockerfile,False,0,0,0,,,0,0,0,0,0,False,,False,,False,,False,,False,,False,,no Dockerfile and no fallback entry point found
https://github.com/ltiao/bore,no_dockerfile,False,0,0,0,,,0,0,0,0,0,False,,False,,False,,False,,False,,False,,no Dockerfile and no fallback entry point found
https://github.com/gle-bellier/internship-expressive-DDSP,no_dockerfile,False,0,0,0,,,0,0,0,0,0,False,,False,,False,,False,,False,,False,,no Dockerfile and no fallback entry point found
https://github.com/kovacspe/diplomka,no_dockerfile,False,0,0,0,,,0,0,0,0,0,False,,False,,False,,False,,False,,False,,no Dockerfile and no fallback entry point found
https://github.com/jgeysen/eigen_tech_project,no_dockerfile,False,0,0,0,,,0,0,0,0,0,False,,False,,False,,False,,False,,False,,no Dockerfile and no fallback entry point found
https://github.com/katanaml/katana-skipper,no_entry,False,0,9,0,,,0,0,0,0,0,False,,False,,False,,False,,False,,False,,Dockerfile(s) found but no Python entry point could be resolved
https://github.com/oegedijk/rule_estimator,no_dockerfile,False,0,0,0,,,0,0,0,0,0,False,,False,,False,,False,,False,,False,,no Dockerfile and no fallback entry point found
https://github.com/SmartData-Polito/odysseus,no_dockerfile,False,0,0,0,,,0,0,0,0,0,False,,False,,False,,False,,False,,False,,no Dockerfile and no fallback entry point found
https://github.com/microsoft/DeepSpeedExamples,no_dockerfile,False,0,0,0,,,0,0,0,0,0,False,,False,,False,,False,,False,,False,,no Dockerfile and no fallback entry point found
https://github.com/jeetsagar/turbojet,no_dockerfile,False,0,0,0,,,0,0,0,0,0,False,,False,,False,,False,,False,,False,,no Dockerfile and no fallback entry point found
https://github.com/dilawarm/federated,no_entry,False,0,1,0,,,0,0,0,0,0,False,,False,,False,,False,,False,,False,,Dockerfile(s) found but no Python entry point could be resolved
https://github.com/loretoparisi/hf-experiments,no_entry,False,0,2,0,,,0,0,0,0,0,False,,False,,False,,False,,False,,False,,Dockerfile(s) found but no Python entry point could be resolved
https://github.com/vaithak/pygpbo,no_dockerfile,False,0,0,0,,,0,0,0,0,0,False,,False,,False,,False,,False,,False,,no Dockerfile and no fallback entry point found
https://github.com/sashapff/mcmc-scaffolding,no_dockerfile,False,0,0,0,,,0,0,0,0,0,False,,False,,False,,False,,False,,False,,no Dockerfile and no fallback entry point found
https://github.com/BorgwardtLab/graphkernels-review,ok,True,6,0,1,src\train.py,fallback_nested,1,3,0,0,0,True,src/train.py:359 np.load [matched np.load],True,src/train.py:127 sklearn.model_selection.StratifiedKFold [matched StratifiedKFold],True,src/train.py:211 sklearn.svm.SVC [matched SVC],True,src/train.py:226 clf.fit [matched clf.fit],True,src/train.py:234 sklearn.metrics.accuracy_score [matched accuracy_score],True,src/train.py:230 clf.predict [matched clf.predict],verified: all 6 stages present
https://github.com/agosl/Orthogonal_Ensemble_Networks,no_dockerfile,False,0,0,0,,,0,0,0,0,0,False,,False,,False,,False,,False,,False,,no Dockerfile and no fallback entry point found
https://github.com/epistoteles/predicting-speaker-quality,ok,False,5,0,1,encoder\train.py,fallback_nested,13,31,4,0,0,True,encoder/data_objects/utterance.py:10 np.load [matched np.load],False,,True,encoder/model.py:0 class SpeakerEncoder [matched <class subclasses model base>],True,encoder/train.py:85 loss.backward [matched loss.backward],True,encoder/model.py:132 sklearn.metrics.roc_curve [matched roc_curve],True,encoder/model.py:126 torch.no_grad [matched torch.no_grad],unverified: missing stages: data_preparation
https://github.com/chenlq123/MAE,no_dockerfile,False,0,0,0,,,0,0,0,0,0,False,,False,,False,,False,,False,,False,,no Dockerfile and no fallback entry point found
https://github.com/sanjyotUM/EvaluatingDPML,no_dockerfile,False,0,0,0,,,0,0,0,0,0,False,,False,,False,,False,,False,,False,,no Dockerfile and no fallback entry point found
https://github.com/BraedenKuether/Capstone,no_dockerfile,False,0,0,0,,,0,0,0,0,0,False,,False,,False,,False,,False,,False,,no Dockerfile and no fallback entry point found
https://github.com/Farzaneh-prog/baummethoden,clone_failed,False,0,0,0,,,0,0,0,0,0,False,,False,,False,,False,,False,,False,,remote: Repository not found.
https://github.com/InfoTUNI/joda2021summer,no_dockerfile,False,0,0,0,,,0,0,0,0,0,False,,False,,False,,False,,False,,False,,no Dockerfile and no fallback entry point found
https://github.com/miguelibero/aidl-nnrecomend,no_dockerfile,False,0,0,0,,,0,0,0,0,0,False,,False,,False,,False,,False,,False,,no Dockerfile and no fallback entry point found
https://github.com/AmanPriyanshu/DeCrise,ok,False,1,0,1,backend\app.py,fallback_nested,1,4,0,0,0,False,,False,,False,,False,,False,,True,backend/app.py:4 flask.Flask [matched Flask],"unverified: missing stages: data_acquisition, data_preparation, modeling, training, evaluation"
https://github.com/khadarvalli/NLP1,no_entry,False,0,1,0,,,0,0,0,0,0,False,,False,,False,,False,,False,,False,,Dockerfile(s) found but no Python entry point could be resolved
https://github.com/huawei-noah/Pretrained-Language-Model,ok,False,1,2,1,HyperText\main.py,fallback_nested,1,1,0,0,1,False,,False,,True,HyperText/main.py:108 x.Model [matched Model],False,,False,,False,,"unverified: missing stages: data_acquisition, data_preparation, training, evaluation, inference"
https://github.com/ClimateMind/climatemind-backend,no_entry,False,0,5,0,,,0,0,0,0,0,False,,False,,False,,False,,False,,False,,Dockerfile(s) found but no Python entry point could be resolved
https://github.com/FightingFighting/ProtoMAML_MultiTask,no_dockerfile,False,0,0,0,,,0,0,0,0,0,False,,False,,False,,False,,False,,False,,no Dockerfile and no fallback entry point found
https://github.com/Fpannunzio/SIA-TPs,no_dockerfile,False,0,0,0,,,0,0,0,0,0,False,,False,,False,,False,,False,,False,,no Dockerfile and no fallback entry point found
https://github.com/manmeet3/Brain-Tumor-Anomaly-Detection-and-Segmentation,no_dockerfile,False,0,0,0,,,0,0,0,0,0,False,,False,,False,,False,,False,,False,,no Dockerfile and no fallback entry point found
https://github.com/fabian-sp/GGLasso,no_dockerfile,False,0,0,0,,,0,0,0,0,0,False,,False,,False,,False,,False,,False,,no Dockerfile and no fallback entry point found
https://github.com/rpreen/nkcs,ok,False,4,0,1,nkcs\main.py,fallback_nested,7,52,2,0,0,True,nkcs/perf.py:55 csv.reader [matched csv.reader],True,nkcs/surrogate.py:110 sklearn.preprocessing.StandardScaler [matched StandardScaler],True,nkcs/ea.py:227 surrogate.Model [matched Model],True,nkcs/ea.py:228 model.fit [matched model.fit],False,,False,,"unverified: missing stages: evaluation, inference"
https://github.com/lbny/albatros,no_dockerfile,False,0,0,0,,,0,0,0,0,0,False,,False,,False,,False,,False,,False,,no Dockerfile and no fallback entry point found
https://github.com/J-Wall/camfi,ok,False,5,0,1,camfi\cli.py,fallback_console_script,17,265,3,0,0,True,camfi/projectconfig.py:723 json.load [matched json.load],True,camfi/projectconfig.py:608 pd.to_datetime [matched pd.to_datetime],True,camfi/wingbeat.py:928 sklearn.mixture.mixture.GaussianMixture [matched GaussianMixture],True,camfi/annotator.py:175 lr_scheduler.step [matched lr_scheduler.step],False,,True,camfi/annotator.py:300 torch.no_grad [matched torch.no_grad],unverified: missing stages: evaluation
https://github.com/Lunaticsatoshi/BE-Final-Year-Project,no_dockerfile,False,0,0,0,,,0,0,0,0,0,False,,False,,False,,False,,False,,False,,no Dockerfile and no fallback entry point found
https://github.com/adrigarciam4/VMAF,no_entry,False,0,1,0,,,0,0,0,0,0,False,,False,,False,,False,,False,,False,,Dockerfile(s) found but no Python entry point could be resolved
https://github.com/iseesaw/FAQ-Semantic-Retrieval,no_dockerfile,False,0,0,0,,,0,0,0,0,0,False,,False,,False,,False,,False,,False,,no Dockerfile and no fallback entry point found
https://github.com/kubitz/Safe-UAV-Landing,no_dockerfile,False,0,0,0,,,0,0,0,0,0,False,,False,,False,,False,,False,,False,,no Dockerfile and no fallback entry point found
https://github.com/DirkVDerMeulen/TS_AutoML,no_dockerfile,False,0,0,0,,,0,0,0,0,0,False,,False,,False,,False,,False,,False,,no Dockerfile and no fallback entry point found
https://github.com/emiltj/cds-visual-exam,no_dockerfile,False,0,0,0,,,0,0,0,0,0,False,,False,,False,,False,,False,,False,,no Dockerfile and no fallback entry point found
https://github.com/BigDataBiology/SemiBin,ok,False,5,0,1,SemiBin\main.py,fallback_console_script,15,111,4,0,0,True,SemiBin/main.py:1019 pd.read_csv [matched pd.read_csv],True,SemiBin/main.py:867 pd.merge [matched pd.merge],True,SemiBin/semi_supervised_model.py:0 class Semi_encoding_multiple [matched <class subclasses model base>],True,SemiBin/semi_supervised_model.py:348 optimizer.zero_grad [matched optimizer.zero_grad],False,,True,SemiBin/long_read_cluster.py:67 torch.no_grad [matched torch.no_grad],unverified: missing stages: evaluation
https://github.com/garywei944/KPConv-PyTorch-ShapeNet-Part,no_dockerfile,False,0,0,0,,,0,0,0,0,0,False,,False,,False,,False,,False,,False,,no Dockerfile and no fallback entry point found
https://github.com/khadarvalli/NLP-Models-Tensorflow,no_dockerfile,False,0,0,0,,,0,0,0,0,0,False,,False,,False,,False,,False,,False,,no Dockerfile and no fallback entry point found
https://github.com/Frederic-vW/eeg_microstates,no_dockerfile,False,0,0,0,,,0,0,0,0,0,False,,False,,False,,False,,False,,False,,no Dockerfile and no fallback entry point found
https://github.com/elvinzhusiyu/vapit,no_entry,False,0,4,0,,,0,0,0,0,0,False,,False,,False,,False,,False,,False,,Dockerfile(s) found but no Python entry point could be resolved
https://github.com/nsbisht/AoML_Project_Comparative_Study_of_ML_Classification_Algorithms,no_dockerfile,False,0,0,0,,,0,0,0,0,0,False,,False,,False,,False,,False,,False,,no Dockerfile and no fallback entry point found
https://github.com/OAarne/dsp2021_landuse,no_dockerfile,False,0,0,0,,,0,0,0,0,0,False,,False,,False,,False,,False,,False,,no Dockerfile and no fallback entry point found
https://github.com/PyProjectIE221/StockMarket-Prediction,no_dockerfile,False,0,0,0,,,0,0,0,0,0,False,,False,,False,,False,,False,,False,,no Dockerfile and no fallback entry point found
https://github.com/HamPUG/meetings,no_dockerfile,False,0,0,0,,,0,0,0,0,0,False,,False,,False,,False,,False,,False,,no Dockerfile and no fallback entry point found
https://github.com/danieliong/GeoMagForecasting,ok,False,5,0,1,src\train.py,fallback_nested,11,87,2,0,0,True,src/preprocessing/load.py:83 pd.read_csv [matched pd.read_csv],True,src/preprocessing/load.py:132 df.astype [matched df.astype],False,,True,src/train.py:204 model.fit [matched model.fit],True,src/train.py:242 src._train.compute_metrics [matched compute_metrics],True,src/train.py:217 model.predict [matched model.predict],unverified: missing stages: modeling
https://github.com/Guardianzc/MedicalChatBox,ok,False,2,0,1,track2\train.py,fallback_nested,1,7,0,0,0,False,,False,,True,track2/train.py:65 model.Model [matched Model],True,track2/train.py:96 self.optimizer.zero_grad [matched optimizer.zero_grad],False,,False,,"unverified: missing stages: data_acquisition, data_preparation, evaluation, inference"
https://github.com/nuwandavek/marvin,no_entry,False,0,2,0,,,0,0,0,0,0,False,,False,,False,,False,,False,,False,,Dockerfile(s) found but no Python entry point could be resolved
https://github.com/cirmuw/dynamicmemory,no_dockerfile,False,0,0,0,,,0,0,0,0,0,False,,False,,False,,False,,False,,False,,no Dockerfile and no fallback entry point found
https://github.com/made-ml-in-prod-2021/kbrodt,no_entry,False,0,6,0,,,0,0,0,0,0,False,,False,,False,,False,,False,,False,,Dockerfile(s) found but no Python entry point could be resolved
https://github.com/WangJiexin/Temporal-Event-Profiling,no_dockerfile,False,0,0,0,,,0,0,0,0,0,False,,False,,False,,False,,False,,False,,no Dockerfile and no fallback entry point found
https://github.com/ravikiran0606/energy-disaggregation,no_dockerfile,False,0,0,0,,,0,0,0,0,0,False,,False,,False,,False,,False,,False,,no Dockerfile and no fallback entry point found
https://github.com/realzza/Presento,ok,True,6,0,1,pose\main.py,fallback_nested,5,52,2,0,0,True,pose/trainer.py:53 torch.utils.data.DataLoader [matched DataLoader],True,pose/trainer.py:75 sklearn.preprocessing.MinMaxScaler [matched MinMaxScaler],True,pose/utils.py:0 class SequentialLoss [matched <class subclasses model base>],True,pose/trainer.py:174 self.optimizer.zero_grad [matched optimizer.zero_grad],True,pose/trainer.py:214 sklearn.metrics.precision_recall_fscore_support [matched precision_recall_fscore_support],True,pose/trainer.py:198 torch.no_grad [matched torch.no_grad],verified: all 6 stages present
https://github.com/LadaOndris/IBT,no_dockerfile,False,0,0,0,,,0,0,0,0,0,False,,False,,False,,False,,False,,False,,no Dockerfile and no fallback entry point found
https://github.com/Sea-Snell/AttentionDynamics,no_dockerfile,False,0,0,0,,,0,0,0,0,0,False,,False,,False,,False,,False,,False,,no Dockerfile and no fallback entry point found
https://github.com/BhagwatPriyanka/Data-Science-and-Decision-Making,no_dockerfile,False,0,0,0,,,0,0,0,0,0,False,,False,,False,,False,,False,,False,,no Dockerfile and no fallback entry point found
https://github.com/FlukeAndFeather/stickleback,no_dockerfile,False,0,0,0,,,0,0,0,0,0,False,,False,,False,,False,,False,,False,,no Dockerfile and no fallback entry point found
https://github.com/warhuus/mhmm,ok,False,0,0,1,mhmm\main.py,fallback_nested,2,1,1,0,0,False,,False,,False,,False,,False,,False,,"unverified: missing stages: data_acquisition, data_preparation, modeling, training, evaluation, inference"
https://github.com/sadirga/Final-Project-Melbourne-Housing-Market,no_dockerfile,False,0,0,0,,,0,0,0,0,0,False,,False,,False,,False,,False,,False,,no Dockerfile and no fallback entry point found
https://github.com/uliebal/RecExpSim,no_entry,False,0,1,0,,,0,0,0,0,0,False,,False,,False,,False,,False,,False,,Dockerfile(s) found but no Python entry point could be resolved
https://github.com/huyenma91/ServerWeb,no_dockerfile,False,0,0,0,,,0,0,0,0,0,False,,False,,False,,False,,False,,False,,no Dockerfile and no fallback entry point found
https://github.com/chip-aws/Clinical-Cases-LAIR,no_dockerfile,False,0,0,0,,,0,0,0,0,0,False,,False,,False,,False,,False,,False,,no Dockerfile and no fallback entry point found
https://github.com/BloomTech-Labs/deprecated-labs34-human-rights-first-police-ds-b,ok,False,3,0,1,app\main.py,fallback_nested,7,18,2,0,0,True,app/main.py:45 requests.get [matched requests.get],True,app/helper_funcs.py:102 pd.to_datetime [matched pd.to_datetime],False,,False,,False,,True,app/main.py:25 fastapi.FastAPI [matched FastAPI],"unverified: missing stages: modeling, training, evaluation"
https://github.com/SlayZar/ML_in_prod_course,no_entry,False,0,9,0,,,0,0,0,0,0,False,,False,,False,,False,,False,,False,,Dockerfile(s) found but no Python entry point could be resolved
https://github.com/TomasDavidYe/naive-bayes-tweet-classification-python,no_dockerfile,False,0,0,0,,,0,0,0,0,0,False,,False,,False,,False,,False,,False,,no Dockerfile and no fallback entry point found
https://github.com/ympaik87/udacity_deeplearning,no_dockerfile,False,0,0,0,,,0,0,0,0,0,False,,False,,False,,False,,False,,False,,no Dockerfile and no fallback entry point found
https://github.com/baryshnikova-lab/platometer,no_entry,False,0,1,0,,,0,0,0,0,0,False,,False,,False,,False,,False,,False,,Dockerfile(s) found but no Python entry point could be resolved
https://github.com/CheungBH/CNN_classification,no_dockerfile,False,0,0,0,,,0,0,0,0,0,False,,False,,False,,False,,False,,False,,no Dockerfile and no fallback entry point found
https://github.com/optimizacion-2-2021-1-gh-classroom/practica-2-primera-parte-jlrzarcor,no_entry,False,0,2,0,,,0,0,0,0,0,False,,False,,False,,False,,False,,False,,Dockerfile(s) found but no Python entry point could be resolved
https://github.com/aolabNeuro/analyze,no_dockerfile,False,0,0,0,,,0,0,0,0,0,False,,False,,False,,False,,False,,False,,no Dockerfile and no fallback entry point found
https://github.com/pbuck26/NBAGamblingSite,no_dockerfile,False,0,0,0,,,0,0,0,0,0,False,,False,,False,,False,,False,,False,,no Dockerfile and no fallback entry point found
https://github.com/hu-tao-supremacy/functions,no_dockerfile,False,0,0,0,,,0,0,0,0,0,False,,False,,False,,False,,False,,False,,no Dockerfile and no fallback entry point found
https://github.com/buzzer4mornin/CTMP-Kaggle,no_dockerfile,False,0,0,0,,,0,0,0,0,0,False,,False,,False,,False,,False,,False,,no Dockerfile and no fallback entry point found
https://github.com/rodrigoazs/mlmonitoring,ok,False,2,1,1,mlmonitoring\server\main.py,fallback_console_script,3,7,1,0,0,True,mlmonitoring/server/store.py:13 sqlalchemy.create_engine [matched sqlalchemy.create_engine],False,,False,,False,,False,,True,mlmonitoring/server/main.py:12 fastapi.FastAPI [matched FastAPI],"unverified: missing stages: data_preparation, modeling, training, evaluation"
https://github.com/opencitations/wcw,no_dockerfile,False,0,0,0,,,0,0,0,0,0,False,,False,,False,,False,,False,,False,,no Dockerfile and no fallback entry point found
https://github.com/davidhin/gnn-exploration,no_dockerfile,False,0,0,0,,,0,0,0,0,0,False,,False,,False,,False,,False,,False,,no Dockerfile and no fallback entry point found
https://github.com/danladishitu/CE888-7-SP,no_dockerfile,False,0,0,0,,,0,0,0,0,0,False,,False,,False,,False,,False,,False,,no Dockerfile and no fallback entry point found
https://github.com/NCMlab/ProcessModelsPython,no_dockerfile,False,0,0,0,,,0,0,0,0,0,False,,False,,False,,False,,False,,False,,no Dockerfile and no fallback entry point found
https://github.com/microsoft/presidio-research,no_dockerfile,False,0,0,0,,,0,0,0,0,0,False,,False,,False,,False,,False,,False,,no Dockerfile and no fallback entry point found
https://github.com/aumkar22/Indoor-Location-Navigation,no_dockerfile,False,0,0,0,,,0,0,0,0,0,False,,False,,False,,False,,False,,False,,no Dockerfile and no fallback entry point found
https://github.com/aabbott1216/CS373Project,no_dockerfile,False,0,0,0,,,0,0,0,0,0,False,,False,,False,,False,,False,,False,,no Dockerfile and no fallback entry point found
https://github.com/vivekkatial/HAQC,no_dockerfile,False,0,0,0,,,0,0,0,0,0,False,,False,,False,,False,,False,,False,,no Dockerfile and no fallback entry point found
https://github.com/saferGPMLE/saferGPMLE,no_dockerfile,False,0,0,0,,,0,0,0,0,0,False,,False,,False,,False,,False,,False,,no Dockerfile and no fallback entry point found
https://github.com/tryonelove/BookFinder,clone_failed,False,0,0,0,,,0,0,0,0,0,False,,False,,False,,False,,False,,False,,remote: Repository not found.
https://github.com/mi3nts/ADELE,no_dockerfile,False,0,0,0,,,0,0,0,0,0,False,,False,,False,,False,,False,,False,,no Dockerfile and no fallback entry point found
https://github.com/SPWLA-ORG/spwla2021_ml_workshop,no_dockerfile,False,0,0,0,,,0,0,0,0,0,False,,False,,False,,False,,False,,False,,no Dockerfile and no fallback entry point found
https://github.com/alagamentos/floodprediction,no_entry,False,0,1,0,,,0,0,0,0,0,False,,False,,False,,False,,False,,False,,Dockerfile(s) found but no Python entry point could be resolved
https://github.com/erego/dashy,no_dockerfile,False,0,0,0,,,0,0,0,0,0,False,,False,,False,,False,,False,,False,,no Dockerfile and no fallback entry point found
https://github.com/algomaster99/meta-btp,no_dockerfile,False,0,0,0,,,0,0,0,0,0,False,,False,,False,,False,,False,,False,,no Dockerfile and no fallback entry point found
https://github.com/caphilpott/Stroke_Analysis_and_Prediction,no_dockerfile,False,0,0,0,,,0,0,0,0,0,False,,False,,False,,False,,False,,False,,no Dockerfile and no fallback entry point found
https://github.com/DonaldChung-HK/INST_0060_datastore,no_dockerfile,False,0,0,0,,,0,0,0,0,0,False,,False,,False,,False,,False,,False,,no Dockerfile and no fallback entry point found
https://github.com/Rainmaker519/NGAFID_Anomaly_Detection,no_dockerfile,False,0,0,0,,,0,0,0,0,0,False,,False,,False,,False,,False,,False,,no Dockerfile and no fallback entry point found
https://github.com/EnjoyMaadi/Fastai_fork,no_dockerfile,False,0,0,0,,,0,0,0,0,0,False,,False,,False,,False,,False,,False,,no Dockerfile and no fallback entry point found
https://github.com/dpnetca/100daysOfCode,clone_failed,False,0,0,0,,,0,0,0,0,0,False,,False,,False,,False,,False,,False,,remote: Repository not found.
https://github.com/SandoghdarLab/PiSCAT,ok,False,3,0,1,piscat\__main__.py,fallback_nested,88,701,8,0,0,True,piscat/GUI/BatchAnalysis/batch_data.py:291 pd.read_csv [matched pd.read_csv],False,,True,piscat/Analysis/plot_protein_histogram.py:1213 sklearn.mixture.GaussianMixture [matched GaussianMixture],False,,True,piscat/Localization/particle_localization.py:942 self.log [matched self.log],False,,"unverified: missing stages: data_preparation, training, inference"
https://github.com/RaphaelZH/DataCamp_Study_Notes_EN,no_dockerfile,False,0,0,0,,,0,0,0,0,0,False,,False,,False,,False,,False,,False,,no Dockerfile and no fallback entry point found
https://github.com/wsandst/beta-knuff,ok,False,0,0,1,src\main.py,fallback_nested,1,4,0,0,0,False,,False,,False,,False,,False,,False,,"unverified: missing stages: data_acquisition, data_preparation, modeling, training, evaluation, inference"
https://github.com/thomas76943/MediaDB,no_dockerfile,False,0,0,0,,,0,0,0,0,0,False,,False,,False,,False,,False,,False,,no Dockerfile and no fallback entry point found
https://github.com/gbrammer/grizli,no_dockerfile,False,0,0,0,,,0,0,0,0,0,False,,False,,False,,False,,False,,False,,no Dockerfile and no fallback entry point found
https://github.com/Spotify-TT-204/Spotifinder,ok,False,1,0,1,app\app.py,fallback_nested,1,3,0,0,0,True,app/app.py:26 pd.read_csv [matched pd.read_csv],False,,False,,False,,False,,False,,"unverified: missing stages: data_preparation, modeling, training, evaluation, inference"
https://github.com/tmgmurcia/deep_learning,no_dockerfile,False,0,0,0,,,0,0,0,0,0,False,,False,,False,,False,,False,,False,,no Dockerfile and no fallback entry point found
https://github.com/p0937507934/flask_backend,no_dockerfile,False,0,0,0,,,0,0,0,0,0,False,,False,,False,,False,,False,,False,,no Dockerfile and no fallback entry point found
https://github.com/JustAddRobots/colorkeys,ok,False,2,1,1,colorkeys\cli.py,fallback_console_script,7,62,3,0,0,False,,False,,True,colorkeys/centroids.py:82 sklearn.cluster.KMeans [matched KMeans],True,colorkeys/centroids.py:108 self._clust.fit_predict [matched .fit_predict],False,,False,,"unverified: missing stages: data_acquisition, data_preparation, evaluation, inference"
https://github.com/DaoodS/Machine_Learning_Projects,no_dockerfile,False,0,0,0,,,0,0,0,0,0,False,,False,,False,,False,,False,,False,,no Dockerfile and no fallback entry point found
https://github.com/testingautomated-usi/DeepHyperion,no_dockerfile,False,0,0,0,,,0,0,0,0,0,False,,False,,False,,False,,False,,False,,no Dockerfile and no fallback entry point found
https://github.com/MrHuff/Sumo-Net,no_dockerfile,False,0,0,0,,,0,0,0,0,0,False,,False,,False,,False,,False,,False,,no Dockerfile and no fallback entry point found
https://github.com/ErnestChng/bt4222-proj,no_dockerfile,False,0,0,0,,,0,0,0,0,0,False,,False,,False,,False,,False,,False,,no Dockerfile and no fallback entry point found
https://github.com/exhypotheses/risk,clone_failed,False,0,0,0,,,0,0,0,0,0,False,,False,,False,,False,,False,,False,,remote: Repository not found.
https://github.com/SaiVamshiK/Covid19-Future-Predictions-in-India,no_dockerfile,False,0,0,0,,,0,0,0,0,0,False,,False,,False,,False,,False,,False,,no Dockerfile and no fallback entry point found
https://github.com/oleng/katacoda,no_entry,False,0,13,0,,,0,0,0,0,0,False,,False,,False,,False,,False,,False,,Dockerfile(s) found but no Python entry point could be resolved
https://github.com/duongtrungkien/Parlai_Finnish,ok,False,5,0,1,parlai\__main__.py,fallback_nested,28,605,6,0,9,True,parlai/core/opt.py:129 json.load [matched json.load],True,parlai/core/image_featurizers.py:101 self.transforms.Compose [matched transforms.Compose],True,parlai/utils/torch.py:0 class IdentityLayer [matched <class subclasses model base>],False,,True,parlai/core/metrics.py:453 nltk.translate.bleu_score.sentence_bleu [matched sentence_bleu],True,parlai/core/image_featurizers.py:190 torch.no_grad [matched torch.no_grad],unverified: missing stages: training
https://github.com/socalrug/bookclub,no_dockerfile,False,0,0,0,,,0,0,0,0,0,False,,False,,False,,False,,False,,False,,no Dockerfile and no fallback entry point found
https://github.com/akashsara/fusion-dance,no_dockerfile,False,0,0,0,,,0,0,0,0,0,False,,False,,False,,False,,False,,False,,no Dockerfile and no fallback entry point found
https://github.com/xqzlgy2/emotion-based-music-recommendation,no_dockerfile,False,0,0,0,,,0,0,0,0,0,False,,False,,False,,False,,False,,False,,no Dockerfile and no fallback entry point found
https://github.com/balaji-2021/Springboard,no_dockerfile,False,0,0,0,,,0,0,0,0,0,False,,False,,False,,False,,False,,False,,no Dockerfile and no fallback entry point found
https://github.com/whatevernevermindbro/nl2ml-mirror,no_dockerfile,False,0,0,0,,,0,0,0,0,0,False,,False,,False,,False,,False,,False,,no Dockerfile and no fallback entry point found
https://github.com/georkap/ego_md_mtl,no_dockerfile,False,0,0,0,,,0,0,0,0,0,False,,False,,False,,False,,False,,False,,no Dockerfile and no fallback entry point found
https://github.com/StefanKohlbacher/QuantPharmacophore,ok,False,5,1,1,scripts\train.py,fallback_nested,7,103,3,0,0,True,src/modules.py:502 json.load [matched json.load],False,,True,src/qphar.py:135 sklearn.linear_model.LinearRegression [matched LinearRegression],True,src/modules.py:374 model.fit [matched model.fit],True,src/qphar.py:286 self.log [matched self.log],True,src/modules.py:342 model.predict [matched model.predict],unverified: missing stages: data_preparation
https://github.com/Ki-rin/deep-learning-pytorch,no_dockerfile,False,0,0,0,,,0,0,0,0,0,False,,False,,False,,False,,False,,False,,no Dockerfile and no fallback entry point found
https://github.com/aertslab/LoomXpy,ok,False,0,0,1,loomxpy\cli.py,fallback_console_script,1,1,0,0,0,False,,False,,False,,False,,False,,False,,"unverified: missing stages: data_acquisition, data_preparation, modeling, training, evaluation, inference"
https://github.com/ikcb/Machine-Learning-Imps,no_dockerfile,False,0,0,0,,,0,0,0,0,0,False,,False,,False,,False,,False,,False,,no Dockerfile and no fallback entry point found
https://github.com/SeanXiaoyuSun/LUKE-QA-bias-analysis,no_dockerfile,False,0,0,0,,,0,0,0,0,0,False,,False,,False,,False,,False,,False,,no Dockerfile and no fallback entry point found
https://github.com/kerighan/convectors,no_dockerfile,False,0,0,0,,,0,0,0,0,0,False,,False,,False,,False,,False,,False,,no Dockerfile and no fallback entry point found
https://github.com/andbluedev/Twitter-Clone-ML-Moderator,no_entry,False,0,3,0,,,0,0,0,0,0,False,,False,,False,,False,,False,,False,,Dockerfile(s) found but no Python entry point could be resolved
https://github.com/ajhynes7/side-view-depth-gait,no_dockerfile,False,0,0,0,,,0,0,0,0,0,False,,False,,False,,False,,False,,False,,no Dockerfile and no fallback entry point found
https://github.com/emylincon/caching_project,no_dockerfile,False,0,0,0,,,0,0,0,0,0,False,,False,,False,,False,,False,,False,,no Dockerfile and no fallback entry point found
https://github.com/WenjieZ/TSCV,no_dockerfile,False,0,0,0,,,0,0,0,0,0,False,,False,,False,,False,,False,,False,,no Dockerfile and no fallback entry point found
https://github.com/noronha-dataops/noronha,ok,False,3,6,1,noronha\cli\main.py,fallback_console_script,53,649,4,0,0,True,noronha/api/train.py:160 requests.post [matched requests.post],False,,True,noronha/api/movers.py:60 noronha.db.model.Model [matched Model],False,,True,noronha/common/logging.py:130 self.log [matched self.log],False,,"unverified: missing stages: data_preparation, training, inference"
https://github.com/CLAIRE-COVID/AI-Covid19-benchmarking,no_dockerfile,False,0,0,0,,,0,0,0,0,0,False,,False,,False,,False,,False,,False,,no Dockerfile and no fallback entry point found
https://github.com/Willmish/SACAT,no_dockerfile,False,0,0,0,,,0,0,0,0,0,False,,False,,False,,False,,False,,False,,no Dockerfile and no fallback entry point found
https://github.com/sgiardl/ActiveLearning,no_dockerfile,False,0,0,0,,,0,0,0,0,0,False,,False,,False,,False,,False,,False,,no Dockerfile and no fallback entry point found
https://github.com/cdluminate/robrank,no_dockerfile,False,0,0,0,,,0,0,0,0,0,False,,False,,False,,False,,False,,False,,no Dockerfile and no fallback entry point found
https://github.com/PKMap/PKMap,no_dockerfile,False,0,0,0,,,0,0,0,0,0,False,,False,,False,,False,,False,,False,,no Dockerfile and no fallback entry point found
https://github.com/xuchenhao001/EASC,no_dockerfile,False,0,0,0,,,0,0,0,0,0,False,,False,,False,,False,,False,,False,,no Dockerfile and no fallback entry point found
https://github.com/MalayAgr/MesoNet-DeepfakeDetection-API,no_dockerfile,False,0,0,0,,,0,0,0,0,0,False,,False,,False,,False,,False,,False,,no Dockerfile and no fallback entry point found
https://github.com/adityasolanki205/ML-Model-Deployment-Using-Dataflow,no_dockerfile,False,0,0,0,,,0,0,0,0,0,False,,False,,False,,False,,False,,False,,no Dockerfile and no fallback entry point found
https://github.com/federicogiannini13/personality_prediction,no_dockerfile,False,0,0,0,,,0,0,0,0,0,False,,False,,False,,False,,False,,False,,no Dockerfile and no fallback entry point found
https://github.com/pietrobarbiero/pytorch_explain,no_dockerfile,False,0,0,0,,,0,0,0,0,0,False,,False,,False,,False,,False,,False,,no Dockerfile and no fallback entry point found
https://github.com/Saloni1Parekh609/MIDAS,no_dockerfile,False,0,0,0,,,0,0,0,0,0,False,,False,,False,,False,,False,,False,,no Dockerfile and no fallback entry point found
https://github.com/drorlab/atom3d,no_dockerfile,False,0,0,0,,,0,0,0,0,0,False,,False,,False,,False,,False,,False,,no Dockerfile and no fallback entry point found
https://github.com/WilliamZipanHe/CMPT733-Fishing-Activity-Detection,ok,True,6,0,1,src\train.py,fallback_nested,1,13,0,0,0,True,src/train.py:159 pd.read_csv [matched pd.read_csv],True,src/train.py:161 sklearn.model_selection.train_test_split [matched train_test_split],True,src/train.py:37 lgb.Dataset [matched lgb.Dataset],True,src/train.py:43 lgb.train [matched lgb.train],True,src/train.py:24 sklearn.metrics.roc_auc_score [matched roc_auc_score],True,src/train.py:175 model.predict [matched model.predict],verified: all 6 stages present
https://github.com/AlonEirew/cross-doc-event-coref,ok,True,6,0,1,src\train.py,fallback_nested,10,86,3,0,0,True,src/utils/embed_utils.py:107 pickle.load [matched pickle.load],True,src/utils/embed_utils.py:19 transformers.RobertaTokenizer.from_pretrained [matched RobertaTokenizer.from_pretrained],True,src/utils/embed_utils.py:17 transformers.RobertaModel.from_pretrained [matched RobertaModel.from_pretrained],True,src/train.py:60 optimizer.zero_grad [matched optimizer.zero_grad],True,src/utils/eval_utils.py:5 sklearn.metrics.confusion_matrix [matched confusion_matrix],True,src/utils/embed_utils.py:36 torch.no_grad [matched torch.no_grad],verified: all 6 stages present
https://github.com/MakotoDataiku/Chemical-Mixture-Clustering-,no_dockerfile,False,0,0,0,,,0,0,0,0,0,False,,False,,False,,False,,False,,False,,no Dockerfile and no fallback entry point found
https://github.com/elisaF/subjective_discourse,no_dockerfile,False,0,0,0,,,0,0,0,0,0,False,,False,,False,,False,,False,,False,,no Dockerfile and no fallback entry point found
https://github.com/Gitcelo/Gervigreind_lokaverkefni_3,no_dockerfile,False,0,0,0,,,0,0,0,0,0,False,,False,,False,,False,,False,,False,,no Dockerfile and no fallback entry point found
https://github.com/Arithmos-Health/orange3,no_dockerfile,False,0,0,0,,,0,0,0,0,0,False,,False,,False,,False,,False,,False,,no Dockerfile and no fallback entry point found
https://github.com/baishalidutta/EPAR-Sentiment-Analysis,ok,False,5,0,1,source\app.py,fallback_nested,7,36,3,0,0,True,source/classifier/classifier_lstm.py:91 pickle.load [matched pickle.load],True,source/util/grid_search.py:37 sklearn.model_selection.LeaveOneOut [matched LeaveOneOut],True,source/classifier/classifier_classical_ml.py:146 sklearn.tree.DecisionTreeClassifier [matched DecisionTreeClassifier],True,source/util/grid_search.py:59 sklearn.model_selection.GridSearchCV [matched GridSearchCV],True,source/classifier/classifier_classical_ml.py:65 sklearn.metrics.confusion_matrix [matched confusion_matrix],False,,unverified: missing stages: inference
https://github.com/interaction-lab/modeling-pipeline,no_dockerfile,False,0,0,0,,,0,0,0,0,0,False,,False,,False,,False,,False,,False,,no Dockerfile and no fallback entry point found
https://github.com/aiadvocates/pytorchfundamentals,no_entry,False,0,1,0,,,0,0,0,0,0,False,,False,,False,,False,,False,,False,,Dockerfile(s) found but no Python entry point could be resolved
https://github.com/Makubu/EnergyDataHack,no_dockerfile,False,0,0,0,,,0,0,0,0,0,False,,False,,False,,False,,False,,False,,no Dockerfile and no fallback entry point found
https://github.com/Henryhuang628/lane_detecion,no_dockerfile,False,0,0,0,,,0,0,0,0,0,False,,False,,False,,False,,False,,False,,no Dockerfile and no fallback entry point found
https://github.com/lifeisegg2k/lecture_ai_ml,no_entry,False,0,1,0,,,0,0,0,0,0,False,,False,,False,,False,,False,,False,,Dockerfile(s) found but no Python entry point could be resolved
https://github.com/sjhaluck/TIMSS-Data-Science,no_dockerfile,False,0,0,0,,,0,0,0,0,0,False,,False,,False,,False,,False,,False,,no Dockerfile and no fallback entry point found
https://github.com/clementbernardd/hackaton_ondes,no_dockerfile,False,0,0,0,,,0,0,0,0,0,False,,False,,False,,False,,False,,False,,no Dockerfile and no fallback entry point found
https://github.com/darshanajaint/data_mining_project,no_dockerfile,False,0,0,0,,,0,0,0,0,0,False,,False,,False,,False,,False,,False,,no Dockerfile and no fallback entry point found
https://github.com/DonErnesto/masterclassSFI_2021,no_dockerfile,False,0,0,0,,,0,0,0,0,0,False,,False,,False,,False,,False,,False,,no Dockerfile and no fallback entry point found
https://github.com/countofkrakow/spaceface-local,no_entry,False,0,5,0,,,0,0,0,0,0,False,,False,,False,,False,,False,,False,,Dockerfile(s) found but no Python entry point could be resolved
https://github.com/balakreshnan/Samples2021,no_dockerfile,False,0,0,0,,,0,0,0,0,0,False,,False,,False,,False,,False,,False,,no Dockerfile and no fallback entry point found
https://github.com/yunshengtian/AutoOED,no_dockerfile,False,0,0,0,,,0,0,0,0,0,False,,False,,False,,False,,False,,False,,no Dockerfile and no fallback entry point found
https://github.com/oscar-defelice/DeepLearning-lectures,no_entry,False,0,1,0,,,0,0,0,0,0,False,,False,,False,,False,,False,,False,,Dockerfile(s) found but no Python entry point could be resolved
https://github.com/brian-yu/realtalk,no_entry,False,0,2,0,,,0,0,0,0,0,False,,False,,False,,False,,False,,False,,Dockerfile(s) found but no Python entry point could be resolved
https://github.com/vviedienieiev/Projects,no_dockerfile,False,0,0,0,,,0,0,0,0,0,False,,False,,False,,False,,False,,False,,no Dockerfile and no fallback entry point found
https://github.com/NeuroDataDesign/manifold_random_forests,no_dockerfile,False,0,0,0,,,0,0,0,0,0,False,,False,,False,,False,,False,,False,,no Dockerfile and no fallback entry point found
https://github.com/duyanhpham-brs/XAI-Multivariate-Time-Series,no_dockerfile,False,0,0,0,,,0,0,0,0,0,False,,False,,False,,False,,False,,False,,no Dockerfile and no fallback entry point found
https://github.com/martijn1815/InfoVis_G17,no_entry,False,0,1,0,,,0,0,0,0,0,False,,False,,False,,False,,False,,False,,Dockerfile(s) found but no Python entry point could be resolved
https://github.com/emanuel-schmid/climada_python_backup,no_dockerfile,False,0,0,0,,,0,0,0,0,0,False,,False,,False,,False,,False,,False,,no Dockerfile and no fallback entry point found
https://github.com/Neo945/Movie-Recommender-System,no_dockerfile,False,0,0,0,,,0,0,0,0,0,False,,False,,False,,False,,False,,False,,no Dockerfile and no fallback entry point found
https://github.com/dobraga/get_listings,ok,False,0,1,1,dashboard\app.py,fallback_nested,3,2,1,0,0,False,,False,,False,,False,,False,,False,,"unverified: missing stages: data_acquisition, data_preparation, modeling, training, evaluation, inference"
https://github.com/andreped/DMDetect,no_dockerfile,False,0,0,0,,,0,0,0,0,0,False,,False,,False,,False,,False,,False,,no Dockerfile and no fallback entry point found
https://github.com/codade/KYSA,no_dockerfile,False,0,0,0,,,0,0,0,0,0,False,,False,,False,,False,,False,,False,,no Dockerfile and no fallback entry point found
https://github.com/joaopalmeiro/python-playground,no_dockerfile,False,0,0,0,,,0,0,0,0,0,False,,False,,False,,False,,False,,False,,no Dockerfile and no fallback entry point found
https://github.com/MighTy-Weaver/Inefficient-AC-detection,no_dockerfile,False,0,0,0,,,0,0,0,0,0,False,,False,,False,,False,,False,,False,,no Dockerfile and no fallback entry point found
https://github.com/FedML-AI/FedGraphNN,no_dockerfile,False,0,0,0,,,0,0,0,0,0,False,,False,,False,,False,,False,,False,,no Dockerfile and no fallback entry point found
https://github.com/NoFishLikeIan/tinbergen,no_dockerfile,False,0,0,0,,,0,0,0,0,0,False,,False,,False,,False,,False,,False,,no Dockerfile and no fallback entry point found
https://github.com/tanlin2013/stockbot,no_entry,False,0,1,0,,,0,0,0,0,0,False,,False,,False,,False,,False,,False,,Dockerfile(s) found but no Python entry point could be resolved
https://github.com/faridrashidi/trisicell,ok,False,2,0,1,trisicell\commands\trisicell.py,fallback_console_script,38,91,4,0,0,True,trisicell/commands/_mcalling.py:39 gzip.open [matched gzip.open],True,trisicell/commands/mcalling/s02mapping.py:248 df.apply [matched df.apply],False,,False,,False,,False,,"unverified: missing stages: modeling, training, evaluation, inference"
https://github.com/rpl-git/Python-Data-Science,no_dockerfile,False,0,0,0,,,0,0,0,0,0,False,,False,,False,,False,,False,,False,,no Dockerfile and no fallback entry point found
https://github.com/MI2-Education/2021L-WB-DL-1,no_dockerfile,False,0,0,0,,,0,0,0,0,0,False,,False,,False,,False,,False,,False,,no Dockerfile and no fallback entry point found
https://github.com/rickotten/I513-Project,no_dockerfile,False,0,0,0,,,0,0,0,0,0,False,,False,,False,,False,,False,,False,,no Dockerfile and no fallback entry point found
https://github.com/JelenaBanjac/microbiome-toolbox,no_entry,False,0,1,0,,,0,0,0,0,0,False,,False,,False,,False,,False,,False,,Dockerfile(s) found but no Python entry point could be resolved
https://github.com/mdye/TZVOLCANO_machine_learning,no_dockerfile,False,0,0,0,,,0,0,0,0,0,False,,False,,False,,False,,False,,False,,no Dockerfile and no fallback entry point found
https://github.com/dfreddy/Recommender-System,no_dockerfile,False,0,0,0,,,0,0,0,0,0,False,,False,,False,,False,,False,,False,,no Dockerfile and no fallback entry point found
https://github.com/ohsu-comp-bio/dryads,no_dockerfile,False,0,0,0,,,0,0,0,0,0,False,,False,,False,,False,,False,,False,,no Dockerfile and no fallback entry point found
https://github.com/isse-augsburg/PermeabilityNets,no_entry,False,0,1,0,,,0,0,0,0,0,False,,False,,False,,False,,False,,False,,Dockerfile(s) found but no Python entry point could be resolved
https://github.com/JuanImbachi/PDG,no_dockerfile,False,0,0,0,,,0,0,0,0,0,False,,False,,False,,False,,False,,False,,no Dockerfile and no fallback entry point found
https://github.com/TheDataStation/relational-embedding,no_dockerfile,False,0,0,0,,,0,0,0,0,0,False,,False,,False,,False,,False,,False,,no Dockerfile and no fallback entry point found
https://github.com/jhkjhkim/KHD_2020_BreastCancer,no_dockerfile,False,0,0,0,,,0,0,0,0,0,False,,False,,False,,False,,False,,False,,no Dockerfile and no fallback entry point found
https://github.com/joshloyal/drforest,no_dockerfile,False,0,0,0,,,0,0,0,0,0,False,,False,,False,,False,,False,,False,,no Dockerfile and no fallback entry point found
https://github.com/nabeelsana/Udacity_Deep_Learning,no_dockerfile,False,0,0,0,,,0,0,0,0,0,False,,False,,False,,False,,False,,False,,no Dockerfile and no fallback entry point found
https://github.com/asahicantu/DAT5502021,no_dockerfile,False,0,0,0,,,0,0,0,0,0,False,,False,,False,,False,,False,,False,,no Dockerfile and no fallback entry point found
https://github.com/JiangnanH/PrivacyInternship,no_dockerfile,False,0,0,0,,,0,0,0,0,0,False,,False,,False,,False,,False,,False,,no Dockerfile and no fallback entry point found
https://github.com/zeitgeist-hash/CE888,no_dockerfile,False,0,0,0,,,0,0,0,0,0,False,,False,,False,,False,,False,,False,,no Dockerfile and no fallback entry point found
https://github.com/edgerun/faas-sim,no_dockerfile,False,0,0,0,,,0,0,0,0,0,False,,False,,False,,False,,False,,False,,no Dockerfile and no fallback entry point found
https://github.com/tyo-nu/MINE-Database,no_dockerfile,False,0,0,0,,,0,0,0,0,0,False,,False,,False,,False,,False,,False,,no Dockerfile and no fallback entry point found
https://github.com/pjecnj/eita,no_entry,False,0,4,0,,,0,0,0,0,0,False,,False,,False,,False,,False,,False,,Dockerfile(s) found but no Python entry point could be resolved
https://github.com/sbjelogr/TransferBoost,no_dockerfile,False,0,0,0,,,0,0,0,0,0,False,,False,,False,,False,,False,,False,,no Dockerfile and no fallback entry point found
https://github.com/yongduosui/06_Unify,no_dockerfile,False,0,0,0,,,0,0,0,0,0,False,,False,,False,,False,,False,,False,,no Dockerfile and no fallback entry point found
https://github.com/Mario-RJunior/geolocalizacao,no_dockerfile,False,0,0,0,,,0,0,0,0,0,False,,False,,False,,False,,False,,False,,no Dockerfile and no fallback entry point found
https://github.com/YoYo1971/WMO_JADS,no_dockerfile,False,0,0,0,,,0,0,0,0,0,False,,False,,False,,False,,False,,False,,no Dockerfile and no fallback entry point found
https://github.com/toshihikoyanase/optuna-examples,no_entry,False,0,2,0,,,0,0,0,0,0,False,,False,,False,,False,,False,,False,,Dockerfile(s) found but no Python entry point could be resolved
https://github.com/ZithaChitra/Ndebele-language-model,no_dockerfile,False,0,0,0,,,0,0,0,0,0,False,,False,,False,,False,,False,,False,,no Dockerfile and no fallback entry point found
https://github.com/aimat-lab/NNsForMD,no_dockerfile,False,0,0,0,,,0,0,0,0,0,False,,False,,False,,False,,False,,False,,no Dockerfile and no fallback entry point found
https://github.com/hugros-93/variart,no_dockerfile,False,0,0,0,,,0,0,0,0,0,False,,False,,False,,False,,False,,False,,no Dockerfile and no fallback entry point found
https://github.com/lindawangg/COVID-Net,no_dockerfile,False,0,0,0,,,0,0,0,0,0,False,,False,,False,,False,,False,,False,,no Dockerfile and no fallback entry point found
https://github.com/newmarwegner/positvo,no_dockerfile,False,0,0,0,,,0,0,0,0,0,False,,False,,False,,False,,False,,False,,no Dockerfile and no fallback entry point found
https://github.com/smehdia/NTIRE2021-IQA-MACS,no_dockerfile,False,0,0,0,,,0,0,0,0,0,False,,False,,False,,False,,False,,False,,no Dockerfile and no fallback entry point found
https://github.com/tommy-waltmann/voting-ml,no_dockerfile,False,0,0,0,,,0,0,0,0,0,False,,False,,False,,False,,False,,False,,no Dockerfile and no fallback entry point found
https://github.com/denyslazarenko/Text-Classification-with-Deep-Learning,ok,False,2,0,1,Code\train.py,fallback_nested,1,4,0,0,0,False,,True,Code/train.py:31 sklearn.preprocessing.LabelEncoder [matched LabelEncoder],False,,True,Code/train.py:107 model.fit [matched model.fit],False,,False,,"unverified: missing stages: data_acquisition, modeling, evaluation, inference"
https://github.com/edelord/PythonDataScienceHandbook,no_dockerfile,False,0,0,0,,,0,0,0,0,0,False,,False,,False,,False,,False,,False,,no Dockerfile and no fallback entry point found
https://github.com/kgdunn/process-improve,no_dockerfile,False,0,0,0,,,0,0,0,0,0,False,,False,,False,,False,,False,,False,,no Dockerfile and no fallback entry point found
https://github.com/Open-Speech-EkStep/audio-to-speech-pipeline,no_entry,False,0,2,0,,,0,0,0,0,0,False,,False,,False,,False,,False,,False,,Dockerfile(s) found but no Python entry point could be resolved
https://github.com/semi-zero/PAPER_NLP,no_dockerfile,False,0,0,0,,,0,0,0,0,0,False,,False,,False,,False,,False,,False,,no Dockerfile and no fallback entry point found
https://github.com/richard-duong/GuessTheClass,no_dockerfile,False,0,0,0,,,0,0,0,0,0,False,,False,,False,,False,,False,,False,,no Dockerfile and no fallback entry point found
https://github.com/montealj/Springboard,no_dockerfile,False,0,0,0,,,0,0,0,0,0,False,,False,,False,,False,,False,,False,,no Dockerfile and no fallback entry point found
https://github.com/Pdbz199/Koopman-RL,no_entry,False,0,2,0,,,0,0,0,0,0,False,,False,,False,,False,,False,,False,,Dockerfile(s) found but no Python entry point could be resolved
https://github.com/zctao/omnifoldTop,no_dockerfile,False,0,0,0,,,0,0,0,0,0,False,,False,,False,,False,,False,,False,,no Dockerfile and no fallback entry point found
https://github.com/xuannn99/coviddashboard,no_dockerfile,False,0,0,0,,,0,0,0,0,0,False,,False,,False,,False,,False,,False,,no Dockerfile and no fallback entry point found
https://github.com/tawilkinson/boardgamebot,no_entry,False,0,1,0,,,0,0,0,0,0,False,,False,,False,,False,,False,,False,,Dockerfile(s) found but no Python entry point could be resolved
https://github.com/prisms-center/CASMpython,no_dockerfile,False,0,0,0,,,0,0,0,0,0,False,,False,,False,,False,,False,,False,,no Dockerfile and no fallback entry point found
https://github.com/MaayanLab/appyter-catalog,no_entry,False,0,8,0,,,0,0,0,0,0,False,,False,,False,,False,,False,,False,,Dockerfile(s) found but no Python entry point could be resolved
https://github.com/SHARANTANGEDA/ner_elmo,no_dockerfile,False,0,0,0,,,0,0,0,0,0,False,,False,,False,,False,,False,,False,,no Dockerfile and no fallback entry point found
https://github.com/XHwind/ECE143-Final-Project,no_dockerfile,False,0,0,0,,,0,0,0,0,0,False,,False,,False,,False,,False,,False,,no Dockerfile and no fallback entry point found
https://github.com/thatpatchguy/Bootcamp,no_dockerfile,False,0,0,0,,,0,0,0,0,0,False,,False,,False,,False,,False,,False,,no Dockerfile and no fallback entry point found
https://github.com/shashankkumarIITB/CS772-DL4NLP,no_dockerfile,False,0,0,0,,,0,0,0,0,0,False,,False,,False,,False,,False,,False,,no Dockerfile and no fallback entry point found
https://github.com/mozilla/PRESC,no_entry,False,0,1,0,,,0,0,0,0,0,False,,False,,False,,False,,False,,False,,Dockerfile(s) found but no Python entry point could be resolved
https://github.com/Simbonobo/anacondas,no_dockerfile,False,0,0,0,,,0,0,0,0,0,False,,False,,False,,False,,False,,False,,no Dockerfile and no fallback entry point found
https://github.com/polyaxon/polyaxon-examples,no_entry,False,0,8,0,,,0,0,0,0,0,False,,False,,False,,False,,False,,False,,Dockerfile(s) found but no Python entry point could be resolved
https://github.com/HumanCompatibleAI/nn-clustering-pytorch,no_dockerfile,False,0,0,0,,,0,0,0,0,0,False,,False,,False,,False,,False,,False,,no Dockerfile and no fallback entry point found
https://github.com/SulmanK/MLalgos,no_dockerfile,False,0,0,0,,,0,0,0,0,0,False,,False,,False,,False,,False,,False,,no Dockerfile and no fallback entry point found
https://github.com/emylincon/chatbot,no_dockerfile,False,0,0,0,,,0,0,0,0,0,False,,False,,False,,False,,False,,False,,no Dockerfile and no fallback entry point found
https://github.com/weissercn/LHCb_PID_Compression,no_dockerfile,False,0,0,0,,,0,0,0,0,0,False,,False,,False,,False,,False,,False,,no Dockerfile and no fallback entry point found
https://github.com/njulocm/landUseProj,no_dockerfile,False,0,0,0,,,0,0,0,0,0,False,,False,,False,,False,,False,,False,,no Dockerfile and no fallback entry point found
https://github.com/ejfeldman7/coffee-reviews-nlp,no_dockerfile,False,0,0,0,,,0,0,0,0,0,False,,False,,False,,False,,False,,False,,no Dockerfile and no fallback entry point found
https://github.com/BloomTech-Labs/PT17_cityspire-c-ds,ok,False,1,0,1,app\main.py,fallback_nested,2,2,1,0,0,False,,False,,False,,False,,False,,True,app/main.py:20 fastapi.FastAPI [matched FastAPI],"unverified: missing stages: data_acquisition, data_preparation, modeling, training, evaluation"
https://github.com/Orlz/CDS_Visual_Analytics,no_dockerfile,False,0,0,0,,,0,0,0,0,0,False,,False,,False,,False,,False,,False,,no Dockerfile and no fallback entry point found
https://github.com/jr40875/fastai,no_dockerfile,False,0,0,0,,,0,0,0,0,0,False,,False,,False,,False,,False,,False,,no Dockerfile and no fallback entry point found
https://github.com/Project-Easter/Machine-Learning,no_dockerfile,False,0,0,0,,,0,0,0,0,0,False,,False,,False,,False,,False,,False,,no Dockerfile and no fallback entry point found
https://github.com/costinbusioc/factual-FakeNews,no_dockerfile,False,0,0,0,,,0,0,0,0,0,False,,False,,False,,False,,False,,False,,no Dockerfile and no fallback entry point found
https://github.com/the-data-science-union/DSU-W2021-NBA-Project,no_dockerfile,False,0,0,0,,,0,0,0,0,0,False,,False,,False,,False,,False,,False,,no Dockerfile and no fallback entry point found
https://github.com/Adlinalwyn/SFU_ML1,ok,False,0,0,1,RPi_Script\main.py,fallback_nested,1,2,0,0,0,False,,False,,False,,False,,False,,False,,"unverified: missing stages: data_acquisition, data_preparation, modeling, training, evaluation, inference"
https://github.com/valeria0801/Insurance_claiming_forecasting,no_dockerfile,False,0,0,0,,,0,0,0,0,0,False,,False,,False,,False,,False,,False,,no Dockerfile and no fallback entry point found
https://github.com/MichalKacprzak99/jarvis,no_dockerfile,False,0,0,0,,,0,0,0,0,0,False,,False,,False,,False,,False,,False,,no Dockerfile and no fallback entry point found
https://github.com/Adlinalwyn/SFU_ML32,ok,False,0,0,1,RPi_Script\main.py,fallback_nested,1,2,0,0,0,False,,False,,False,,False,,False,,False,,"unverified: missing stages: data_acquisition, data_preparation, modeling, training, evaluation, inference"
https://github.com/chuanqichen/cs224w,no_dockerfile,False,0,0,0,,,0,0,0,0,0,False,,False,,False,,False,,False,,False,,no Dockerfile and no fallback entry point found
https://github.com/jessegmeyerlab/positional-SHAP,no_dockerfile,False,0,0,0,,,0,0,0,0,0,False,,False,,False,,False,,False,,False,,no Dockerfile and no fallback entry point found
https://github.com/shantanupat/huggingface_transformers,no_entry,False,0,7,0,,,0,0,0,0,0,False,,False,,False,,False,,False,,False,,Dockerfile(s) found but no Python entry point could be resolved
https://github.com/warrior2202/EmotionAI,no_dockerfile,False,0,0,0,,,0,0,0,0,0,False,,False,,False,,False,,False,,False,,no Dockerfile and no fallback entry point found
https://github.com/BioSpecNorway/biospectools,no_dockerfile,False,0,0,0,,,0,0,0,0,0,False,,False,,False,,False,,False,,False,,no Dockerfile and no fallback entry point found
https://github.com/moisesejimenezg/capstone,no_entry,False,0,1,0,,,0,0,0,0,0,False,,False,,False,,False,,False,,False,,Dockerfile(s) found but no Python entry point could be resolved
https://github.com/Qiskit/qiskit-nature,no_dockerfile,False,0,0,0,,,0,0,0,0,0,False,,False,,False,,False,,False,,False,,no Dockerfile and no fallback entry point found
https://github.com/AriJordan/IML_project,no_dockerfile,False,0,0,0,,,0,0,0,0,0,False,,False,,False,,False,,False,,False,,no Dockerfile and no fallback entry point found
https://github.com/cdgreenidge/gdec,no_dockerfile,False,0,0,0,,,0,0,0,0,0,False,,False,,False,,False,,False,,False,,no Dockerfile and no fallback entry point found
https://github.com/virelay/corelay,no_dockerfile,False,0,0,0,,,0,0,0,0,0,False,,False,,False,,False,,False,,False,,no Dockerfile and no fallback entry point found
https://github.com/suzinyou/ubi_article_sentiment,no_dockerfile,False,0,0,0,,,0,0,0,0,0,False,,False,,False,,False,,False,,False,,no Dockerfile and no fallback entry point found
https://github.com/BloomTech-Labs/family-promise-spokane-ds-a,ok,False,3,1,1,app\main.py,fallback_nested,5,24,1,0,0,True,app/main.py:178 pd.read_sql_query [matched pd.read_sql_query],True,app/predict.py:28 pd.concat [matched pd.concat],False,,False,,False,,True,app/main.py:17 fastapi.FastAPI [matched FastAPI],"unverified: missing stages: modeling, training, evaluation"
https://github.com/anyaschukin/Logistic-Regression,no_dockerfile,False,0,0,0,,,0,0,0,0,0,False,,False,,False,,False,,False,,False,,no Dockerfile and no fallback entry point found
https://github.com/laurencefrank/NHS-PROMs,no_dockerfile,False,0,0,0,,,0,0,0,0,0,False,,False,,False,,False,,False,,False,,no Dockerfile and no fallback entry point found
https://github.com/TriPham2110/Machine-Learning,ok,False,1,0,1,Project1\main.py,fallback_nested,1,0,0,0,0,True,Project1/main.py:7 pd.read_csv [matched pd.read_csv],False,,False,,False,,False,,False,,"unverified: missing stages: data_preparation, modeling, training, evaluation, inference"
https://github.com/OSGeo/grass-addons,no_dockerfile,False,0,0,0,,,0,0,0,0,0,False,,False,,False,,False,,False,,False,,no Dockerfile and no fallback entry point found
https://github.com/SAP/project-sailor,no_dockerfile,False,0,0,0,,,0,0,0,0,0,False,,False,,False,,False,,False,,False,,no Dockerfile and no fallback entry point found
https://github.com/andrewtavis/wikirec,no_dockerfile,False,0,0,0,,,0,0,0,0,0,False,,False,,False,,False,,False,,False,,no Dockerfile and no fallback entry point found
https://github.com/Minyus/pipelinex,no_entry,False,0,1,0,,,0,0,0,0,0,False,,False,,False,,False,,False,,False,,Dockerfile(s) found but no Python entry point could be resolved
https://github.com/jameshtwose/jmspack,clone_failed,False,0,0,0,,,0,0,0,0,0,False,,False,,False,,False,,False,,False,,remote: Repository not found.
https://github.com/ahmed-gaal/breast-cancer-classification,no_dockerfile,False,0,0,0,,,0,0,0,0,0,False,,False,,False,,False,,False,,False,,no Dockerfile and no fallback entry point found
https://github.com/DouglasDRF/stock-prices-predictions-api,ok,False,4,1,1,stockpredictions\main.py,fallback_nested,28,66,7,0,0,True,stockpredictions/routers/basic_security.py:10 boto3.resource [matched boto3.resource],True,stockpredictions/core/model.py:24 sklearn.preprocessing.MinMaxScaler [matched MinMaxScaler],True,stockpredictions/core/model.py:34 tf.keras.layers.LSTM [matched tf.keras.layers.*],False,,False,,True,stockpredictions/main.py:7 fastapi.FastAPI [matched FastAPI],"unverified: missing stages: training, evaluation"
https://github.com/Qiskit/qiskit-machine-learning,no_dockerfile,False,0,0,0,,,0,0,0,0,0,False,,False,,False,,False,,False,,False,,no Dockerfile and no fallback entry point found
https://github.com/storopoli/ciencia-de-dados,no_entry,False,0,2,0,,,0,0,0,0,0,False,,False,,False,,False,,False,,False,,Dockerfile(s) found but no Python entry point could be resolved
https://github.com/aildnont/water-forecast,ok,True,6,0,1,src\train.py,fallback_nested,9,81,2,0,0,True,src/train.py:36 pd.read_csv [matched pd.read_csv],True,src/train.py:40 pd.to_datetime [matched pd.to_datetime],True,src/models/prophet.py:39 prophet.Prophet [matched Prophet],True,src/train.py:81 model.fit [matched model.fit],True,src/train.py:88 model.evaluate [matched model.evaluate],True,src/models/prophet.py:69 self.model.predict [matched model.predict],verified: all 6 stages present
https://github.com/roksikonja/tsipy,no_dockerfile,False,0,0,0,,,0,0,0,0,0,False,,False,,False,,False,,False,,False,,no Dockerfile and no fallback entry point found
https://github.com/QC-UCI/QHack,no_entry,False,0,1,0,,,0,0,0,0,0,False,,False,,False,,False,,False,,False,,Dockerfile(s) found but no Python entry point could be resolved
https://github.com/yamaguchi-milkcocholate/VinBigData,no_dockerfile,False,0,0,0,,,0,0,0,0,0,False,,False,,False,,False,,False,,False,,no Dockerfile and no fallback entry point found
https://github.com/Anshul-GH/freelance_projects,no_entry,False,0,1,0,,,0,0,0,0,0,False,,False,,False,,False,,False,,False,,Dockerfile(s) found but no Python entry point could be resolved
https://github.com/notha99y/personalKB,no_entry,False,0,1,0,,,0,0,0,0,0,False,,False,,False,,False,,False,,False,,Dockerfile(s) found but no Python entry point could be resolved
https://github.com/rishuatgithub/MLPy,no_dockerfile,False,0,0,0,,,0,0,0,0,0,False,,False,,False,,False,,False,,False,,no Dockerfile and no fallback entry point found
https://github.com/NVIDIA-Merlin/NVTabular,no_dockerfile,False,0,0,0,,,0,0,0,0,0,False,,False,,False,,False,,False,,False,,no Dockerfile and no fallback entry point found
https://github.com/voytekresearch/ndspflow,no_dockerfile,False,0,0,0,,,0,0,0,0,0,False,,False,,False,,False,,False,,False,,no Dockerfile and no fallback entry point found
https://github.com/ak-gupta/nbaspa,ok,False,2,1,1,nbaspa\data\scripts\download.py,fallback_console_script,16,122,2,0,0,True,nbaspa/data/endpoints/base.py:165 json.load [matched json.load],True,nbaspa/data/factory.py:128 pd.concat [matched pd.concat],False,,False,,False,,False,,"unverified: missing stages: modeling, training, evaluation, inference"
https://github.com/papamarkou/bnn_mcmc_examples,no_dockerfile,False,0,0,0,,,0,0,0,0,0,False,,False,,False,,False,,False,,False,,no Dockerfile and no fallback entry point found
https://github.com/BlueBrain/Search,no_entry,False,0,10,0,,,0,0,0,0,0,False,,False,,False,,False,,False,,False,,Dockerfile(s) found but no Python entry point could be resolved
https://github.com/enescavus/Data-Science-Projects,no_dockerfile,False,0,0,0,,,0,0,0,0,0,False,,False,,False,,False,,False,,False,,no Dockerfile and no fallback entry point found
https://github.com/Agnes-Lain/game_one,no_entry,False,0,1,0,,,0,0,0,0,0,False,,False,,False,,False,,False,,False,,Dockerfile(s) found but no Python entry point could be resolved
https://github.com/janjoswig/CommonNNClustering,no_dockerfile,False,0,0,0,,,0,0,0,0,0,False,,False,,False,,False,,False,,False,,no Dockerfile and no fallback entry point found
https://github.com/thuiar/DeepAligned-Clustering,no_dockerfile,False,0,0,0,,,0,0,0,0,0,False,,False,,False,,False,,False,,False,,no Dockerfile and no fallback entry point found
https://github.com/shiningsunnyday/quizkly_core,no_dockerfile,False,0,0,0,,,0,0,0,0,0,False,,False,,False,,False,,False,,False,,no Dockerfile and no fallback entry point found
https://github.com/Karan-Malik/prepdata,no_dockerfile,False,0,0,0,,,0,0,0,0,0,False,,False,,False,,False,,False,,False,,no Dockerfile and no fallback entry point found
https://github.com/andrewunifei/CS50AI,no_dockerfile,False,0,0,0,,,0,0,0,0,0,False,,False,,False,,False,,False,,False,,no Dockerfile and no fallback entry point found
https://github.com/francocamila/NLP-information-extractor,no_entry,False,0,1,0,,,0,0,0,0,0,False,,False,,False,,False,,False,,False,,Dockerfile(s) found but no Python entry point could be resolved
https://github.com/gngdb/pytorch-minimize,no_dockerfile,False,0,0,0,,,0,0,0,0,0,False,,False,,False,,False,,False,,False,,no Dockerfile and no fallback entry point found
https://github.com/lkorczowski/TinnitusEEG,no_dockerfile,False,0,0,0,,,0,0,0,0,0,False,,False,,False,,False,,False,,False,,no Dockerfile and no fallback entry point found
https://github.com/oesst/HRTF_Model,no_dockerfile,False,0,0,0,,,0,0,0,0,0,False,,False,,False,,False,,False,,False,,no Dockerfile and no fallback entry point found
https://github.com/hanmacrad2/FCNs_GCNs_classify_fmri,no_dockerfile,False,0,0,0,,,0,0,0,0,0,False,,False,,False,,False,,False,,False,,no Dockerfile and no fallback entry point found
https://github.com/AnisZakari/Fake_review_detection,no_dockerfile,False,0,0,0,,,0,0,0,0,0,False,,False,,False,,False,,False,,False,,no Dockerfile and no fallback entry point found
https://github.com/kartikeyshaurya/Covid_19_Days,no_dockerfile,False,0,0,0,,,0,0,0,0,0,False,,False,,False,,False,,False,,False,,no Dockerfile and no fallback entry point found
https://github.com/vecto-ai/vecto,ok,False,2,0,1,vecto\__main__.py,fallback_nested,25,148,10,0,1,True,vecto/embeddings/__init__.py:76 np.load [matched np.load],True,vecto/vocabulary/vocabulary.py:208 vecto.corpus.tokenization.Tokenizer [matched Tokenizer],False,,False,,False,,False,,"unverified: missing stages: modeling, training, evaluation, inference"
https://github.com/ckirchhoff2021/DeepMind,no_dockerfile,False,0,0,0,,,0,0,0,0,0,False,,False,,False,,False,,False,,False,,no Dockerfile and no fallback entry point found
https://github.com/girlrilaz/my_project_builder,no_entry,False,0,2,0,,,0,0,0,0,0,False,,False,,False,,False,,False,,False,,Dockerfile(s) found but no Python entry point could be resolved
https://github.com/nogrets/scikit-cycling,no_dockerfile,False,0,0,0,,,0,0,0,0,0,False,,False,,False,,False,,False,,False,,no Dockerfile and no fallback entry point found
https://github.com/hfl15/windpred,no_dockerfile,False,0,0,0,,,0,0,0,0,0,False,,False,,False,,False,,False,,False,,no Dockerfile and no fallback entry point found
https://github.com/mfmachado/adar,no_dockerfile,False,0,0,0,,,0,0,0,0,0,False,,False,,False,,False,,False,,False,,no Dockerfile and no fallback entry point found
https://github.com/UtrechtUniversity/anonymize-ddp,no_dockerfile,False,0,0,0,,,0,0,0,0,0,False,,False,,False,,False,,False,,False,,no Dockerfile and no fallback entry point found
https://github.com/marsolmos/gtautodrive,no_dockerfile,False,0,0,0,,,0,0,0,0,0,False,,False,,False,,False,,False,,False,,no Dockerfile and no fallback entry point found
https://github.com/NLP-Suite/NLP-Suite,no_dockerfile,False,0,0,0,,,0,0,0,0,0,False,,False,,False,,False,,False,,False,,no Dockerfile and no fallback entry point found
https://github.com/solegalli/machine-learning-imbalanced-data,no_dockerfile,False,0,0,0,,,0,0,0,0,0,False,,False,,False,,False,,False,,False,,no Dockerfile and no fallback entry point found
https://github.com/traja-team/traja,no_dockerfile,False,0,0,0,,,0,0,0,0,0,False,,False,,False,,False,,False,,False,,no Dockerfile and no fallback entry point found
https://github.com/jkim10/IR-System,no_dockerfile,False,0,0,0,,,0,0,0,0,0,False,,False,,False,,False,,False,,False,,no Dockerfile and no fallback entry point found
https://github.com/alexnimjli/PROD_regmodel_flask_API,no_dockerfile,False,0,0,0,,,0,0,0,0,0,False,,False,,False,,False,,False,,False,,no Dockerfile and no fallback entry point found
https://github.com/karstenWERNER/antelope,no_entry,False,0,3,0,,,0,0,0,0,0,False,,False,,False,,False,,False,,False,,Dockerfile(s) found but no Python entry point could be resolved
https://github.com/heypham/DSLR,no_dockerfile,False,0,0,0,,,0,0,0,0,0,False,,False,,False,,False,,False,,False,,no Dockerfile and no fallback entry point found
https://github.com/avilla2/cis422-project1,no_dockerfile,False,0,0,0,,,0,0,0,0,0,False,,False,,False,,False,,False,,False,,no Dockerfile and no fallback entry point found
https://github.com/tokuma09/MLproject_template,ok,False,4,1,1,src\run.py,fallback_nested,1,7,0,0,1,True,src/run.py:142 pd.read_csv [matched pd.read_csv],True,src/run.py:58 sklearn.model_selection.StratifiedKFold [matched StratifiedKFold],False,,True,src/run.py:168 neptune.init [matched neptune.init],True,src/run.py:182 neptune.log_metric [matched neptune.log_metric],False,,"unverified: missing stages: modeling, inference"
https://github.com/krilangs/ComPhys---Master,no_dockerfile,False,0,0,0,,,0,0,0,0,0,False,,False,,False,,False,,False,,False,,no Dockerfile and no fallback entry point found
https://github.com/OpenSTEF/openstef,no_dockerfile,False,0,0,0,,,0,0,0,0,0,False,,False,,False,,False,,False,,False,,no Dockerfile and no fallback entry point found
https://github.com/felixpeters/lung-cancer-detection,ok,False,2,1,1,app\app.py,fallback_nested,1,9,0,0,0,True,app/app.py:30 pd.read_csv [matched pd.read_csv],False,,False,,False,,False,,True,app/app.py:112 st.write [matched st.write],"unverified: missing stages: data_preparation, modeling, training, evaluation"
https://github.com/yoyo6022/Sales-Analyzing-and-Weekly-Sales-Forecasting-for-Drug-Store-Rossmann,no_dockerfile,False,0,0,0,,,0,0,0,0,0,False,,False,,False,,False,,False,,False,,no Dockerfile and no fallback entry point found
https://github.com/TortillasAlfred/rl_summarization,no_dockerfile,False,0,0,0,,,0,0,0,0,0,False,,False,,False,,False,,False,,False,,no Dockerfile and no fallback entry point found
https://github.com/lucgiffon/psm-nets,no_dockerfile,False,0,0,0,,,0,0,0,0,0,False,,False,,False,,False,,False,,False,,no Dockerfile and no fallback entry point found
https://github.com/drinqs/drinqs-backend,no_entry,False,0,1,0,,,0,0,0,0,0,False,,False,,False,,False,,False,,False,,Dockerfile(s) found but no Python entry point could be resolved
https://github.com/octopuscabbage/smallab,ok,False,0,0,1,smallab\dashboard\dashboard.py,fallback_console_script,6,52,2,0,0,False,,False,,False,,False,,False,,False,,"unverified: missing stages: data_acquisition, data_preparation, modeling, training, evaluation, inference"
https://github.com/mit-ccrg/ml4c3-mirror,ok,False,3,1,1,visualizer\run.py,fallback_nested,39,317,5,0,0,True,visualizer/properties.py:18 yaml.load [matched yaml.load],True,visualizer/graphs_callbacks.py:295 pd.to_datetime [matched pd.to_datetime],False,,False,,True,ml4c3/metrics.py:587 tf.keras.metrics.categorical_accuracy [matched tf.keras.metrics.*],False,,"unverified: missing stages: modeling, training, inference"
https://github.com/jopo666/HistoPrep,ok,False,3,0,1,histoprep\_cli.py,fallback_console_script,16,127,5,0,0,True,histoprep/_backend.py:314 PIL.Image.open [matched Image.open],False,,True,histoprep/functional/_dearray.py:140 sklearn.cluster.AgglomerativeClustering [matched AgglomerativeClustering],False,,True,histoprep/functional/_dearray.py:132 sklearn.metrics.silhouette_score [matched silhouette_score],False,,"unverified: missing stages: data_preparation, training, inference"
https://github.com/StalinVega/pruebaH,no_dockerfile,False,0,0,0,,,0,0,0,0,0,False,,False,,False,,False,,False,,False,,no Dockerfile and no fallback entry point found
https://github.com/saeedsiddik/hands_on_ML_book,no_entry,False,0,1,0,,,0,0,0,0,0,False,,False,,False,,False,,False,,False,,Dockerfile(s) found but no Python entry point could be resolved
https://github.com/jmrichardson/tuneta,no_dockerfile,False,0,0,0,,,0,0,0,0,0,False,,False,,False,,False,,False,,False,,no Dockerfile and no fallback entry point found
https://github.com/GuillaumeSimo/autoforecast,no_dockerfile,False,0,0,0,,,0,0,0,0,0,False,,False,,False,,False,,False,,False,,no Dockerfile and no fallback entry point found
https://github.com/leoalexand/aws-ds-NLP-BERT,no_entry,False,0,23,0,,,0,0,0,0,0,False,,False,,False,,False,,False,,False,,Dockerfile(s) found but no Python entry point could be resolved
https://github.com/Techtonique/mlsauce,no_entry,False,0,1,0,,,0,0,0,0,0,False,,False,,False,,False,,False,,False,,Dockerfile(s) found but no Python entry point could be resolved
https://github.com/AshleyBrooks213/spotify-song-suggestor,ok,False,1,0,1,app\main.py,fallback_nested,2,0,1,0,0,False,,False,,False,,False,,False,,True,app/main.py:32 fastapi.FastAPI [matched FastAPI],"unverified: missing stages: data_acquisition, data_preparation, modeling, training, evaluation"
https://github.com/MutsukiMoon/MyScikitLearn,no_dockerfile,False,0,0,0,,,0,0,0,0,0,False,,False,,False,,False,,False,,False,,no Dockerfile and no fallback entry point found
https://github.com/wayfair-incubator/extra-model,ok,False,4,1,1,extra_model\_cli.py,fallback_console_script,12,47,4,0,0,True,extra_model/_run.py:66 pd.read_csv [matched pd.read_csv],True,extra_model/_aspects.py:104 spacy.load [matched spacy.load],True,extra_model/_disambiguate.py:51 sklearn.cluster.KMeans [matched KMeans],False,,True,extra_model/_disambiguate.py:53 sklearn.metrics.silhouette_score [matched silhouette_score],False,,"unverified: missing stages: training, inference"
https://github.com/raeedcho/cst-strat,no_dockerfile,False,0,0,0,,,0,0,0,0,0,False,,False,,False,,False,,False,,False,,no Dockerfile and no fallback entry point found
https://github.com/deepppl/evaluation,no_dockerfile,False,0,0,0,,,0,0,0,0,0,False,,False,,False,,False,,False,,False,,no Dockerfile and no fallback entry point found
https://github.com/stelong/Historia,no_dockerfile,False,0,0,0,,,0,0,0,0,0,False,,False,,False,,False,,False,,False,,no Dockerfile and no fallback entry point found
https://github.com/mattwiese123/ai_and_matt_siads591592,no_dockerfile,False,0,0,0,,,0,0,0,0,0,False,,False,,False,,False,,False,,False,,no Dockerfile and no fallback entry point found
https://github.com/AFM-analysis/PyJibe,ok,False,1,0,1,pyjibe\__main__.py,fallback_nested,7,59,4,0,0,True,pyjibe/head/dlg_tool_convert.py:38 h5py.File [matched h5py.File],False,,False,,False,,False,,False,,"unverified: missing stages: data_preparation, modeling, training, evaluation, inference"
https://github.com/brookzhcn/covid-xprize-prawn,ok,False,4,1,1,prawn\main.py,fallback_nested,2,22,1,0,0,True,prawn/main.py:11 pd.read_csv [matched pd.read_csv],True,prawn/main.py:45 pd.concat [matched pd.concat],True,prawn/standard_predictor/xprize_predictor.py:521 keras.layers.Input [matched keras.layers.*],False,,False,,True,prawn/standard_predictor/xprize_predictor.py:580 model.predict [matched model.predict],"unverified: missing stages: training, evaluation"
https://github.com/emcdona1/field_classification,no_dockerfile,False,0,0,0,,,0,0,0,0,0,False,,False,,False,,False,,False,,False,,no Dockerfile and no fallback entry point found
https://github.com/AbinayaThulsi/MSR-Soft-Alignment-Model-for-Bug-Duplication,no_dockerfile,False,0,0,0,,,0,0,0,0,0,False,,False,,False,,False,,False,,False,,no Dockerfile and no fallback entry point found
https://github.com/lmcinnes/pynndescent,no_dockerfile,False,0,0,0,,,0,0,0,0,0,False,,False,,False,,False,,False,,False,,no Dockerfile and no fallback entry point found
https://github.com/lambda-med-cabinet/med-cabinet,ok,False,3,0,1,med-cabinet\app.py,fallback_nested,3,15,1,0,0,True,med-cabinet/cannabis.py:6 pickle.load [matched pickle.load],True,med-cabinet/predict.py:4 spacy.load [matched spacy.load],False,,False,,False,,True,med-cabinet/app.py:11 flask.Flask [matched Flask],"unverified: missing stages: modeling, training, evaluation"
https://github.com/ofialko/Data-Science-Projects,no_entry,False,0,5,0,,,0,0,0,0,0,False,,False,,False,,False,,False,,False,,Dockerfile(s) found but no Python entry point could be resolved
https://github.com/jasimrashid/airbnb,no_dockerfile,False,0,0,0,,,0,0,0,0,0,False,,False,,False,,False,,False,,False,,no Dockerfile and no fallback entry point found
https://github.com/tillhoffmann1411/board-game-recommender,no_entry,False,0,7,0,,,0,0,0,0,0,False,,False,,False,,False,,False,,False,,Dockerfile(s) found but no Python entry point could be resolved
https://github.com/minakshikdm/py2,no_dockerfile,False,0,0,0,,,0,0,0,0,0,False,,False,,False,,False,,False,,False,,no Dockerfile and no fallback entry point found
https://github.com/Jeffresh/deployment-of-machine-learning-models,no_entry,False,0,1,0,,,0,0,0,0,0,False,,False,,False,,False,,False,,False,,Dockerfile(s) found but no Python entry point could be resolved
https://github.com/aitikgupta/swi-ml,no_dockerfile,False,0,0,0,,,0,0,0,0,0,False,,False,,False,,False,,False,,False,,no Dockerfile and no fallback entry point found
https://github.com/DarlingMoo/scikit-learning-,no_dockerfile,False,0,0,0,,,0,0,0,0,0,False,,False,,False,,False,,False,,False,,no Dockerfile and no fallback entry point found
https://github.com/ikeven94/Osan-Si_-Identify-_TA_DangerZones,no_dockerfile,False,0,0,0,,,0,0,0,0,0,False,,False,,False,,False,,False,,False,,no Dockerfile and no fallback entry point found
https://github.com/felixrichards/quicktorch,no_dockerfile,False,0,0,0,,,0,0,0,0,0,False,,False,,False,,False,,False,,False,,no Dockerfile and no fallback entry point found
https://github.com/Feri73/deep-gui,ok,False,2,0,1,src\main.py,fallback_nested,1,41,0,0,0,True,src/main.py:640 yaml.load [matched yaml.load],False,,True,src/main.py:507 tf.keras.layers.Input [matched tf.keras.layers.*],False,,False,,False,,"unverified: missing stages: data_preparation, training, evaluation, inference"
https://github.com/nicolas-landel/Schizophrenia,no_entry,False,0,1,0,,,0,0,0,0,0,False,,False,,False,,False,,False,,False,,Dockerfile(s) found but no Python entry point could be resolved
https://github.com/zotroneneis/machine_learning_basics,no_dockerfile,False,0,0,0,,,0,0,0,0,0,False,,False,,False,,False,,False,,False,,no Dockerfile and no fallback entry point found
https://github.com/BloomTech-Labs/PT15-cityspire-c-ds,ok,False,1,1,1,app\main.py,fallback_nested,1,0,0,0,0,False,,False,,False,,False,,False,,True,app/main.py:27 fastapi.FastAPI [matched FastAPI],"unverified: missing stages: data_acquisition, data_preparation, modeling, training, evaluation"
https://github.com/PyTorchLightning/lightning-flash,no_dockerfile,False,0,0,0,,,0,0,0,0,0,False,,False,,False,,False,,False,,False,,no Dockerfile and no fallback entry point found
https://github.com/phongnt570/ascent,ok,False,1,0,1,src\main.py,fallback_nested,1,0,0,0,0,False,,True,src/main.py:42 pipeline.pipeline.Pipeline [matched Pipeline],False,,False,,False,,False,,"unverified: missing stages: data_acquisition, modeling, training, evaluation, inference"
https://github.com/aws-samples/amazon-sagemaker-entrypoint-utilities,no_dockerfile,False,0,0,0,,,0,0,0,0,0,False,,False,,False,,False,,False,,False,,no Dockerfile and no fallback entry point found
https://github.com/asheone/disaster_response,ok,False,3,0,1,app\run.py,fallback_nested,1,4,0,0,0,True,app/run.py:30 sqlalchemy.create_engine [matched sqlalchemy.create_engine],True,app/run.py:18 nltk.tokenize.word_tokenize [matched nltk.tokenize.word_tokenize],False,,False,,False,,True,app/run.py:14 flask.Flask [matched Flask],"unverified: missing stages: modeling, training, evaluation"
https://github.com/arm61/trad_ml_methods,no_dockerfile,False,0,0,0,,,0,0,0,0,0,False,,False,,False,,False,,False,,False,,no Dockerfile and no fallback entry point found
https://github.com/factoredai/sokrates,ok,False,1,1,1,app\main.py,fallback_nested,1,1,0,0,0,False,,False,,False,,False,,False,,True,app/main.py:10 fastapi.FastAPI [matched FastAPI],"unverified: missing stages: data_acquisition, data_preparation, modeling, training, evaluation"
https://github.com/dogasiyli-boun/keyhandshapediscovery,no_dockerfile,False,0,0,0,,,0,0,0,0,0,False,,False,,False,,False,,False,,False,,no Dockerfile and no fallback entry point found
https://github.com/nd1511/OMASGAN_,no_dockerfile,False,0,0,0,,,0,0,0,0,0,False,,False,,False,,False,,False,,False,,no Dockerfile and no fallback entry point found
https://github.com/anqitu/kaggle-microsoft-malware-prediction,no_dockerfile,False,0,0,0,,,0,0,0,0,0,False,,False,,False,,False,,False,,False,,no Dockerfile and no fallback entry point found
https://github.com/hajicj/MUSCIMarker,ok,False,2,0,1,MUSCIMarker\main.py,fallback_nested,17,559,3,0,0,True,MUSCIMarker/MUSCIMarkerApp.py:978 pickle.load [matched pickle.load],False,,False,,False,,False,,True,MUSCIMarker/syntax/dependency_parsers.py:90 self.clf.predict [matched clf.predict],"unverified: missing stages: data_preparation, modeling, training, evaluation"
https://github.com/lugosidomotor/Stock_Portfolio_Python,no_entry,False,0,1,0,,,0,0,0,0,0,False,,False,,False,,False,,False,,False,,Dockerfile(s) found but no Python entry point could be resolved
https://github.com/henrymj/stopsignalmetrics,no_dockerfile,False,0,0,0,,,0,0,0,0,0,False,,False,,False,,False,,False,,False,,no Dockerfile and no fallback entry point found
https://github.com/Alhern/TSA,no_dockerfile,False,0,0,0,,,0,0,0,0,0,False,,False,,False,,False,,False,,False,,no Dockerfile and no fallback entry point found
https://github.com/yanghoonkim/FinML,no_dockerfile,False,0,0,0,,,0,0,0,0,0,False,,False,,False,,False,,False,,False,,no Dockerfile and no fallback entry point found
https://github.com/randian666/py3-analysis,no_dockerfile,False,0,0,0,,,0,0,0,0,0,False,,False,,False,,False,,False,,False,,no Dockerfile and no fallback entry point found
https://github.com/amogh7joshi/deeptoolkit,no_dockerfile,False,0,0,0,,,0,0,0,0,0,False,,False,,False,,False,,False,,False,,no Dockerfile and no fallback entry point found
https://github.com/ydwu4/dgl-hack,no_entry,False,0,7,0,,,0,0,0,0,0,False,,False,,False,,False,,False,,False,,Dockerfile(s) found but no Python entry point could be resolved
https://github.com/attilanagy234/neural-punctuator,ok,False,0,0,1,src\main.py,fallback_nested,1,0,0,0,0,False,,False,,False,,False,,False,,False,,"unverified: missing stages: data_acquisition, data_preparation, modeling, training, evaluation, inference"
https://github.com/AllenLiuX/Aitai-Bill-Analysis-with-NN,no_dockerfile,False,0,0,0,,,0,0,0,0,0,False,,False,,False,,False,,False,,False,,no Dockerfile and no fallback entry point found
https://github.com/zailchen/Advanced-ML,no_dockerfile,False,0,0,0,,,0,0,0,0,0,False,,False,,False,,False,,False,,False,,no Dockerfile and no fallback entry point found
https://github.com/Darthrajha/FastAI,no_dockerfile,False,0,0,0,,,0,0,0,0,0,False,,False,,False,,False,,False,,False,,no Dockerfile and no fallback entry point found
https://github.com/ryanchin18/heimdall,no_dockerfile,False,0,0,0,,,0,0,0,0,0,False,,False,,False,,False,,False,,False,,no Dockerfile and no fallback entry point found
https://github.com/santibatte/dpa_2021,no_dockerfile,False,0,0,0,,,0,0,0,0,0,False,,False,,False,,False,,False,,False,,no Dockerfile and no fallback entry point found
https://github.com/PedroBarbosa/VETA,no_entry,False,0,1,0,,,0,0,0,0,0,False,,False,,False,,False,,False,,False,,Dockerfile(s) found but no Python entry point could be resolved
https://github.com/arthurPignet/privacy-preserving-titanic-challenge,no_dockerfile,False,0,0,0,,,0,0,0,0,0,False,,False,,False,,False,,False,,False,,no Dockerfile and no fallback entry point found
https://github.com/sushil79g/url_qa,no_dockerfile,False,0,0,0,,,0,0,0,0,0,False,,False,,False,,False,,False,,False,,no Dockerfile and no fallback entry point found
https://github.com/josericardo/mlpal,ok,False,2,0,1,mlpal\train.py,fallback_nested,1,6,0,0,0,False,,False,,False,,False,,True,mlpal/train.py:38 sklearn.cross_validation.cross_val_score [matched cross_val_score],True,mlpal/train.py:47 clf.predict [matched clf.predict],"unverified: missing stages: data_acquisition, data_preparation, modeling, training"
https://github.com/BatesJ72/Heart_Disease_ML_Model,no_dockerfile,False,0,0,0,,,0,0,0,0,0,False,,False,,False,,False,,False,,False,,no Dockerfile and no fallback entry point found
https://github.com/Lujain-D/heroku-django,no_dockerfile,False,0,0,0,,,0,0,0,0,0,False,,False,,False,,False,,False,,False,,no Dockerfile and no fallback entry point found
https://github.com/AlexPasqua/NNs-from-scratch,no_dockerfile,False,0,0,0,,,0,0,0,0,0,False,,False,,False,,False,,False,,False,,no Dockerfile and no fallback entry point found
https://github.com/mfrata/cnnw-scrapper-app,no_dockerfile,False,0,0,0,,,0,0,0,0,0,False,,False,,False,,False,,False,,False,,no Dockerfile and no fallback entry point found
https://github.com/earth-chris/elapid-wrapper,no_entry,False,0,1,0,,,0,0,0,0,0,False,,False,,False,,False,,False,,False,,Dockerfile(s) found but no Python entry point could be resolved
https://github.com/jeantardelli/math-with-python,no_dockerfile,False,0,0,0,,,0,0,0,0,0,False,,False,,False,,False,,False,,False,,no Dockerfile and no fallback entry point found
https://github.com/shiyanboxer/Startup-Success-Predictor-v2,clone_failed,False,0,0,0,,,0,0,0,0,0,False,,False,,False,,False,,False,,False,,remote: Repository not found.
https://github.com/kshina76/centos-backup,no_entry,False,0,39,0,,,0,0,0,0,0,False,,False,,False,,False,,False,,False,,Dockerfile(s) found but no Python entry point could be resolved
https://github.com/bodiem13/Relo,no_entry,False,0,4,0,,,0,0,0,0,0,False,,False,,False,,False,,False,,False,,Dockerfile(s) found but no Python entry point could be resolved
https://github.com/MintaYLu/COT,no_dockerfile,False,0,0,0,,,0,0,0,0,0,False,,False,,False,,False,,False,,False,,no Dockerfile and no fallback entry point found
https://github.com/saltudelft/type4py,ok,False,5,2,1,type4py\__main__.py,fallback_nested,13,165,3,0,0,True,type4py/utils.py:66 json.load [matched json.load],True,type4py/__main__.py:41 libsa4py.cst_pipeline.Pipeline [matched Pipeline],True,type4py/learn.py:0 class Type4Py [matched <class subclasses model base>],True,type4py/learn.py:261 optimizer.zero_grad [matched optimizer.zero_grad],False,,True,type4py/to_onnx.py:41 onnx.load [matched onnx.load],unverified: missing stages: evaluation
https://github.com/zhenduow/conversationalQA,no_dockerfile,False,0,0,0,,,0,0,0,0,0,False,,False,,False,,False,,False,,False,,no Dockerfile and no fallback entry point found
https://github.com/tdcwilliams/ml-utils,no_entry,False,0,3,0,,,0,0,0,0,0,False,,False,,False,,False,,False,,False,,Dockerfile(s) found but no Python entry point could be resolved
https://github.com/adam2392/seek_localize,no_dockerfile,False,0,0,0,,,0,0,0,0,0,False,,False,,False,,False,,False,,False,,no Dockerfile and no fallback entry point found
https://github.com/klovens/juxtapose,no_dockerfile,False,0,0,0,,,0,0,0,0,0,False,,False,,False,,False,,False,,False,,no Dockerfile and no fallback entry point found
https://github.com/cakiki/disaster-tweets,no_entry,False,0,2,0,,,0,0,0,0,0,False,,False,,False,,False,,False,,False,,Dockerfile(s) found but no Python entry point could be resolved
https://github.com/apratimnath/mutual-fund-analysis,no_dockerfile,False,0,0,0,,,0,0,0,0,0,False,,False,,False,,False,,False,,False,,no Dockerfile and no fallback entry point found
https://github.com/paccanarolab/S2F,no_entry,False,0,1,0,,,0,0,0,0,0,False,,False,,False,,False,,False,,False,,Dockerfile(s) found but no Python entry point could be resolved
https://github.com/peterdekker/prediction-histling,no_dockerfile,False,0,0,0,,,0,0,0,0,0,False,,False,,False,,False,,False,,False,,no Dockerfile and no fallback entry point found
https://github.com/ajdinbphys/neuralnet,no_dockerfile,False,0,0,0,,,0,0,0,0,0,False,,False,,False,,False,,False,,False,,no Dockerfile and no fallback entry point found
https://github.com/SemanticComputing/Sparql2GraphServer,no_entry,False,0,1,0,,,0,0,0,0,0,False,,False,,False,,False,,False,,False,,Dockerfile(s) found but no Python entry point could be resolved
https://github.com/end2you/end2you,no_dockerfile,False,0,0,0,,,0,0,0,0,0,False,,False,,False,,False,,False,,False,,no Dockerfile and no fallback entry point found
https://github.com/stergiosbamp/nlp-review-rating-prediction,no_dockerfile,False,0,0,0,,,0,0,0,0,0,False,,False,,False,,False,,False,,False,,no Dockerfile and no fallback entry point found
https://github.com/JulianKniephoff/twitter_sentiment_cnn,no_dockerfile,False,0,0,0,,,0,0,0,0,0,False,,False,,False,,False,,False,,False,,no Dockerfile and no fallback entry point found
https://github.com/HaoRiziyou/Writer_identification,no_entry,False,0,1,0,,,0,0,0,0,0,False,,False,,False,,False,,False,,False,,Dockerfile(s) found but no Python entry point could be resolved
https://github.com/Omochice/machine-genome-classification,no_dockerfile,False,0,0,0,,,0,0,0,0,0,False,,False,,False,,False,,False,,False,,no Dockerfile and no fallback entry point found
https://github.com/canerozer/object-cxr-class,no_dockerfile,False,0,0,0,,,0,0,0,0,0,False,,False,,False,,False,,False,,False,,no Dockerfile and no fallback entry point found
https://github.com/BeagleLearning/beagleNLP,no_dockerfile,False,0,0,0,,,0,0,0,0,0,False,,False,,False,,False,,False,,False,,no Dockerfile and no fallback entry point found
https://github.com/Jayshah6699/datascience-mashup,no_dockerfile,False,0,0,0,,,0,0,0,0,0,False,,False,,False,,False,,False,,False,,no Dockerfile and no fallback entry point found
https://github.com/thebrightshade/Udacity-DeepLearning,no_dockerfile,False,0,0,0,,,0,0,0,0,0,False,,False,,False,,False,,False,,False,,no Dockerfile and no fallback entry point found
https://github.com/Rhithick02/Recommendation-Engine,no_dockerfile,False,0,0,0,,,0,0,0,0,0,False,,False,,False,,False,,False,,False,,no Dockerfile and no fallback entry point found
https://github.com/dataiku/dss-plugin-deeplearning-image,no_dockerfile,False,0,0,0,,,0,0,0,0,0,False,,False,,False,,False,,False,,False,,no Dockerfile and no fallback entry point found
https://github.com/keerthivasinikv/Home-Credit-Risk-Prediction,no_dockerfile,False,0,0,0,,,0,0,0,0,0,False,,False,,False,,False,,False,,False,,no Dockerfile and no fallback entry point found
https://github.com/ranjita-naik/allennlp,ok,True,6,2,1,allennlp\run.py,fallback_nested,383,2176,8,0,4,True,allennlp/commands/elmo.py:345 h5py.File [matched h5py.File],True,allennlp/common/util.py:289 spacy.load [matched spacy.load],True,allennlp/nn/util.py:1410 nn.ModuleList [matched nn.ModuleList],True,allennlp/commands/fine_tune.py:318 trainer.train [matched trainer.train],True,allennlp/training/metrics/auc.py:73 sklearn.metrics.roc_curve [matched roc_curve],True,allennlp/commands/elmo.py:389 torch.no_grad [matched torch.no_grad],verified: all 6 stages present
https://github.com/AdvancedPhotonSource/pyXpcsViewer,no_entry,False,0,1,0,,,0,0,0,0,0,False,,False,,False,,False,,False,,False,,Dockerfile(s) found but no Python entry point could be resolved
https://github.com/HCUM/empiano,no_dockerfile,False,0,0,0,,,0,0,0,0,0,False,,False,,False,,False,,False,,False,,no Dockerfile and no fallback entry point found
https://github.com/kristianeschenburg/parcellearning,no_dockerfile,False,0,0,0,,,0,0,0,0,0,False,,False,,False,,False,,False,,False,,no Dockerfile and no fallback entry point found
https://github.com/stelong/gpytGPE,no_dockerfile,False,0,0,0,,,0,0,0,0,0,False,,False,,False,,False,,False,,False,,no Dockerfile and no fallback entry point found
https://github.com/RUCAIBox/CRSLab,no_dockerfile,False,0,0,0,,,0,0,0,0,0,False,,False,,False,,False,,False,,False,,no Dockerfile and no fallback entry point found
https://github.com/ailever/ailever,no_dockerfile,False,0,0,0,,,0,0,0,0,0,False,,False,,False,,False,,False,,False,,no Dockerfile and no fallback entry point found
https://github.com/wimlds-trojmiasto/detect-waste,no_dockerfile,False,0,0,0,,,0,0,0,0,0,False,,False,,False,,False,,False,,False,,no Dockerfile and no fallback entry point found
https://github.com/ji-xin/omniocular,ok,False,1,0,1,common\train.py,fallback_nested,4,12,2,0,0,False,,False,,False,,True,common/trainers/diff_token_trainer.py:34 self.optimizer.zero_grad [matched optimizer.zero_grad],False,,False,,"unverified: missing stages: data_acquisition, data_preparation, modeling, evaluation, inference"
https://github.com/hsteude/mario-communicating-agents,no_dockerfile,False,0,0,0,,,0,0,0,0,0,False,,False,,False,,False,,False,,False,,no Dockerfile and no fallback entry point found
https://github.com/SCXsunchenxi/Auto-Pytorch,no_dockerfile,False,0,0,0,,,0,0,0,0,0,False,,False,,False,,False,,False,,False,,no Dockerfile and no fallback entry point found
https://github.com/luangtatipsy/emogest,no_dockerfile,False,0,0,0,,,0,0,0,0,0,False,,False,,False,,False,,False,,False,,no Dockerfile and no fallback entry point found
https://github.com/peter-grajcar/drawtomat,no_entry,False,0,1,0,,,0,0,0,0,0,False,,False,,False,,False,,False,,False,,Dockerfile(s) found but no Python entry point could be resolved
https://github.com/king398/Cassava,no_dockerfile,False,0,0,0,,,0,0,0,0,0,False,,False,,False,,False,,False,,False,,no Dockerfile and no fallback entry point found
https://github.com/ijoseff/Content-Analyzer,no_dockerfile,False,0,0,0,,,0,0,0,0,0,False,,False,,False,,False,,False,,False,,no Dockerfile and no fallback entry point found
https://github.com/czbiohub/multiSero,no_dockerfile,False,0,0,0,,,0,0,0,0,0,False,,False,,False,,False,,False,,False,,no Dockerfile and no fallback entry point found
https://github.com/marin-stoytchev/Springboard-projects,no_dockerfile,False,0,0,0,,,0,0,0,0,0,False,,False,,False,,False,,False,,False,,no Dockerfile and no fallback entry point found
https://github.com/whitespur/MIQ-RASA-Package,no_entry,False,0,2,0,,,0,0,0,0,0,False,,False,,False,,False,,False,,False,,Dockerfile(s) found but no Python entry point could be resolved
https://github.com/bicbioeng/biovisualizer,no_dockerfile,False,0,0,0,,,0,0,0,0,0,False,,False,,False,,False,,False,,False,,no Dockerfile and no fallback entry point found
https://github.com/noemi-gozzi/Thesis-XAI,no_dockerfile,False,0,0,0,,,0,0,0,0,0,False,,False,,False,,False,,False,,False,,no Dockerfile and no fallback entry point found
https://github.com/varmam1/Kin-Recognition-Dissertation,no_dockerfile,False,0,0,0,,,0,0,0,0,0,False,,False,,False,,False,,False,,False,,no Dockerfile and no fallback entry point found
https://github.com/Yongjjun/nuscenes-devkit,no_entry,False,0,2,0,,,0,0,0,0,0,False,,False,,False,,False,,False,,False,,Dockerfile(s) found but no Python entry point could be resolved
https://github.com/lmarcjan/ml-python,no_dockerfile,False,0,0,0,,,0,0,0,0,0,False,,False,,False,,False,,False,,False,,no Dockerfile and no fallback entry point found
https://github.com/pikako77/project3,no_dockerfile,False,0,0,0,,,0,0,0,0,0,False,,False,,False,,False,,False,,False,,no Dockerfile and no fallback entry point found
https://github.com/miaoli-psy/numerosity_exps,no_dockerfile,False,0,0,0,,,0,0,0,0,0,False,,False,,False,,False,,False,,False,,no Dockerfile and no fallback entry point found
https://github.com/ALEXLANGLANG/FLAME_db,no_dockerfile,False,0,0,0,,,0,0,0,0,0,False,,False,,False,,False,,False,,False,,no Dockerfile and no fallback entry point found
https://github.com/ggarciap/P3_DSI,no_dockerfile,False,0,0,0,,,0,0,0,0,0,False,,False,,False,,False,,False,,False,,no Dockerfile and no fallback entry point found
https://github.com/rkm-dev/LetsUpgrade-AI-ML,no_dockerfile,False,0,0,0,,,0,0,0,0,0,False,,False,,False,,False,,False,,False,,no Dockerfile and no fallback entry point found
https://github.com/tvquynh/tune-sklearn,no_dockerfile,False,0,0,0,,,0,0,0,0,0,False,,False,,False,,False,,False,,False,,no Dockerfile and no fallback entry point found
https://github.com/canerozer/object-cxr,no_dockerfile,False,0,0,0,,,0,0,0,0,0,False,,False,,False,,False,,False,,False,,no Dockerfile and no fallback entry point found
https://github.com/davips/automl-paje_archived,no_dockerfile,False,0,0,0,,,0,0,0,0,0,False,,False,,False,,False,,False,,False,,no Dockerfile and no fallback entry point found
https://github.com/rtmcardle/BoidEvolution,no_dockerfile,False,0,0,0,,,0,0,0,0,0,False,,False,,False,,False,,False,,False,,no Dockerfile and no fallback entry point found
https://github.com/Lothdyn/my-1019-repo,no_dockerfile,False,0,0,0,,,0,0,0,0,0,False,,False,,False,,False,,False,,False,,no Dockerfile and no fallback entry point found
https://github.com/jamesajeeth/Data-Science,no_dockerfile,False,0,0,0,,,0,0,0,0,0,False,,False,,False,,False,,False,,False,,no Dockerfile and no fallback entry point found
https://github.com/reyeon1209/PressCheck,no_dockerfile,False,0,0,0,,,0,0,0,0,0,False,,False,,False,,False,,False,,False,,no Dockerfile and no fallback entry point found
https://github.com/2018-miraikeitai-org/Bartender-Backend,no_dockerfile,False,0,0,0,,,0,0,0,0,0,False,,False,,False,,False,,False,,False,,no Dockerfile and no fallback entry point found
https://github.com/treigerm/WaterNet,no_entry,False,0,1,0,,,0,0,0,0,0,False,,False,,False,,False,,False,,False,,Dockerfile(s) found but no Python entry point could be resolved
https://github.com/tmlrnc/axn_ml_2,ok,False,1,1,1,scripts\app.py,fallback_nested,1,1,0,0,0,False,,False,,False,,False,,False,,True,scripts/app.py:4 flask.Flask [matched Flask],"unverified: missing stages: data_acquisition, data_preparation, modeling, training, evaluation"
https://github.com/Garfounkel/sentiment_analysis,no_dockerfile,False,0,0,0,,,0,0,0,0,0,False,,False,,False,,False,,False,,False,,no Dockerfile and no fallback entry point found
https://github.com/licshire/BAIC-Imio-NLU,ok,False,2,0,1,rasa_nlu\train.py,fallback_nested,12,143,3,0,2,True,rasa_nlu/persistor.py:122 tarfile.open [matched tarfile.open],False,,False,,True,rasa_nlu/train.py:115 trainer.train [matched trainer.train],False,,False,,"unverified: missing stages: data_preparation, modeling, evaluation, inference"
https://github.com/giridharan25/MachineLearning-projects,no_dockerfile,False,0,0,0,,,0,0,0,0,0,False,,False,,False,,False,,False,,False,,no Dockerfile and no fallback entry point found
https://github.com/Minyus/kedro-starters-sklearn,no_dockerfile,False,0,0,0,,,0,0,0,0,0,False,,False,,False,,False,,False,,False,,no Dockerfile and no fallback entry point found
https://github.com/MrSameerKhan/ML_DL_with_Tensorflow_2,no_dockerfile,False,0,0,0,,,0,0,0,0,0,False,,False,,False,,False,,False,,False,,no Dockerfile and no fallback entry point found
https://github.com/mne-tools/mne-hfo,no_dockerfile,False,0,0,0,,,0,0,0,0,0,False,,False,,False,,False,,False,,False,,no Dockerfile and no fallback entry point found
https://github.com/Malaya2184/PY100,no_dockerfile,False,0,0,0,,,0,0,0,0,0,False,,False,,False,,False,,False,,False,,no Dockerfile and no fallback entry point found
https://github.com/rsinghlab/GC-MERGE,no_dockerfile,False,0,0,0,,,0,0,0,0,0,False,,False,,False,,False,,False,,False,,no Dockerfile and no fallback entry point found
https://github.com/James-Durant/fisher-information,no_dockerfile,False,0,0,0,,,0,0,0,0,0,False,,False,,False,,False,,False,,False,,no Dockerfile and no fallback entry point found
https://github.com/SupaeroDataScience/deep-learning,no_dockerfile,False,0,0,0,,,0,0,0,0,0,False,,False,,False,,False,,False,,False,,no Dockerfile and no fallback entry point found
https://github.com/li-phone/DefectNet,no_entry,False,0,2,0,,,0,0,0,0,0,False,,False,,False,,False,,False,,False,,Dockerfile(s) found but no Python entry point could be resolved
https://github.com/riz1-ali/Event-Coreference-Resolution-in-Social-Media-Text,no_dockerfile,False,0,0,0,,,0,0,0,0,0,False,,False,,False,,False,,False,,False,,no Dockerfile and no fallback entry point found
https://github.com/finncatling/lap-risk,no_dockerfile,False,0,0,0,,,0,0,0,0,0,False,,False,,False,,False,,False,,False,,no Dockerfile and no fallback entry point found
https://github.com/PythonPredictions/cobra,no_dockerfile,False,0,0,0,,,0,0,0,0,0,False,,False,,False,,False,,False,,False,,no Dockerfile and no fallback entry point found
https://github.com/mqharris/533_lab2,no_dockerfile,False,0,0,0,,,0,0,0,0,0,False,,False,,False,,False,,False,,False,,no Dockerfile and no fallback entry point found
https://github.com/tlpss/ML-Project2,no_dockerfile,False,0,0,0,,,0,0,0,0,0,False,,False,,False,,False,,False,,False,,no Dockerfile and no fallback entry point found
https://github.com/CyclotronResearchCentre/shamo,no_dockerfile,False,0,0,0,,,0,0,0,0,0,False,,False,,False,,False,,False,,False,,no Dockerfile and no fallback entry point found
https://github.com/ptarau/StanzaGraphs,no_dockerfile,False,0,0,0,,,0,0,0,0,0,False,,False,,False,,False,,False,,False,,no Dockerfile and no fallback entry point found
https://github.com/haverford-cs/cs360-project-vjmoriarty,no_dockerfile,False,0,0,0,,,0,0,0,0,0,False,,False,,False,,False,,False,,False,,no Dockerfile and no fallback entry point found
https://github.com/HamoyeHQ/g01-fraud-detection,no_dockerfile,False,0,0,0,,,0,0,0,0,0,False,,False,,False,,False,,False,,False,,no Dockerfile and no fallback entry point found
https://github.com/yliess86/PaintsTorch2,ok,True,6,1,1,paintstorch\train.py,fallback_nested,3,49,1,0,0,True,paintstorch/train.py:147 torch.utils.data.DataLoader [matched DataLoader],True,paintstorch/data.py:390 torchvision.transforms.Normalize [matched torchvision.transforms.*],True,paintstorch/train.py:0 class GradientPenalty [matched <class subclasses model base>],True,paintstorch/train.py:180 torch.utils.tensorboard.SummaryWriter [matched tensorboard.SummaryWriter],True,paintstorch/train.py:261 writer.add_scalar [matched writer.add_scalar],True,paintstorch/train.py:76 torch.no_grad [matched torch.no_grad],verified: all 6 stages present
https://github.com/auto-flow/ultraopt,no_dockerfile,False,0,0,0,,,0,0,0,0,0,False,,False,,False,,False,,False,,False,,no Dockerfile and no fallback entry point found
https://github.com/bobotran/microtiming-genre,no_dockerfile,False,0,0,0,,,0,0,0,0,0,False,,False,,False,,False,,False,,False,,no Dockerfile and no fallback entry point found
https://github.com/Georgetown-IR-Lab/ExtendedSumm,ok,False,0,0,1,src\train.py,fallback_nested,1,1,0,0,0,False,,False,,False,,False,,False,,False,,"unverified: missing stages: data_acquisition, data_preparation, modeling, training, evaluation, inference"
https://github.com/raghavmecheri/DimConvergence,no_dockerfile,False,0,0,0,,,0,0,0,0,0,False,,False,,False,,False,,False,,False,,no Dockerfile and no fallback entry point found
https://github.com/yuribogomolov/sttn,no_dockerfile,False,0,0,0,,,0,0,0,0,0,False,,False,,False,,False,,False,,False,,no Dockerfile and no fallback entry point found
https://github.com/ananyagupta27/Seldonian-RL,no_dockerfile,False,0,0,0,,,0,0,0,0,0,False,,False,,False,,False,,False,,False,,no Dockerfile and no fallback entry point found
https://github.com/mkote/ocular,ok,False,0,0,1,d606\__main__.py,fallback_nested,1,0,0,1,0,False,,False,,False,,False,,False,,False,,"unverified: missing stages: data_acquisition, data_preparation, modeling, training, evaluation, inference"
https://github.com/hilmandei/LetsUpgrade-AI-ML,no_dockerfile,False,0,0,0,,,0,0,0,0,0,False,,False,,False,,False,,False,,False,,no Dockerfile and no fallback entry point found
https://github.com/YatinGupta777/Reddit-flare-detector,no_dockerfile,False,0,0,0,,,0,0,0,0,0,False,,False,,False,,False,,False,,False,,no Dockerfile and no fallback entry point found
https://github.com/lewisfish/Triton-dolphin,no_dockerfile,False,0,0,0,,,0,0,0,0,0,False,,False,,False,,False,,False,,False,,no Dockerfile and no fallback entry point found
https://github.com/zihengruan/Gan-s-Exploration,no_dockerfile,False,0,0,0,,,0,0,0,0,0,False,,False,,False,,False,,False,,False,,no Dockerfile and no fallback entry point found
https://github.com/CMU-IDS-2020/fp-planningforthebest,no_dockerfile,False,0,0,0,,,0,0,0,0,0,False,,False,,False,,False,,False,,False,,no Dockerfile and no fallback entry point found
https://github.com/fastforwardlabs/active-learning-cml,ok,False,2,0,1,activelearning\train.py,fallback_nested,1,11,0,0,0,False,,False,,False,,True,activelearning/train.py:128 optimizer.zero_grad [matched optimizer.zero_grad],False,,True,activelearning/train.py:155 torch.no_grad [matched torch.no_grad],"unverified: missing stages: data_acquisition, data_preparation, modeling, evaluation"
https://github.com/LomotinKonstantin/ATC,no_dockerfile,False,0,0,0,,,0,0,0,0,0,False,,False,,False,,False,,False,,False,,no Dockerfile and no fallback entry point found
https://github.com/team-cringe/twittify,no_entry,False,0,3,0,,,0,0,0,0,0,False,,False,,False,,False,,False,,False,,Dockerfile(s) found but no Python entry point could be resolved
https://github.com/ecobost/dermosxai,no_entry,False,0,1,0,,,0,0,0,0,0,False,,False,,False,,False,,False,,False,,Dockerfile(s) found but no Python entry point could be resolved
https://github.com/Capstone-Projects-2020-Fall/jobscanner,no_dockerfile,False,0,0,0,,,0,0,0,0,0,False,,False,,False,,False,,False,,False,,no Dockerfile and no fallback entry point found
https://github.com/jaysn1/MWDB-Phase-2,no_dockerfile,False,0,0,0,,,0,0,0,0,0,False,,False,,False,,False,,False,,False,,no Dockerfile and no fallback entry point found
https://github.com/SavannahHQ/Savannah,no_dockerfile,False,0,0,0,,,0,0,0,0,0,False,,False,,False,,False,,False,,False,,no Dockerfile and no fallback entry point found
https://github.com/jayasurya17/police-stop-outcome,no_dockerfile,False,0,0,0,,,0,0,0,0,0,False,,False,,False,,False,,False,,False,,no Dockerfile and no fallback entry point found
https://github.com/MIND-Lab/OCTIS,ok,False,0,0,1,octis\cli.py,fallback_console_script,1,1,0,0,0,False,,False,,False,,False,,False,,False,,"unverified: missing stages: data_acquisition, data_preparation, modeling, training, evaluation, inference"
https://github.com/LLNL/merlin-spellbook,ok,False,0,0,1,spellbook\__main__.py,fallback_nested,4,6,2,0,0,False,,False,,False,,False,,False,,False,,"unverified: missing stages: data_acquisition, data_preparation, modeling, training, evaluation, inference"
https://github.com/seanschneeweiss/RoSeMotion,ok,False,0,0,1,app\main.py,fallback_nested,1,1,0,0,0,False,,False,,False,,False,,False,,False,,"unverified: missing stages: data_acquisition, data_preparation, modeling, training, evaluation, inference"
https://github.com/MaxHalford/kaggle-avito-demand,no_dockerfile,False,0,0,0,,,0,0,0,0,0,False,,False,,False,,False,,False,,False,,no Dockerfile and no fallback entry point found
https://github.com/cybertraining-dsc/fa20-523-332,no_dockerfile,False,0,0,0,,,0,0,0,0,0,False,,False,,False,,False,,False,,False,,no Dockerfile and no fallback entry point found
https://github.com/FabioCaffarello/Rossmann-Store-Sales,no_dockerfile,False,0,0,0,,,0,0,0,0,0,False,,False,,False,,False,,False,,False,,no Dockerfile and no fallback entry point found
https://github.com/JasonL24/ECS171-Team9,no_dockerfile,False,0,0,0,,,0,0,0,0,0,False,,False,,False,,False,,False,,False,,no Dockerfile and no fallback entry point found
https://github.com/carter144/TweetURLExtraction,no_dockerfile,False,0,0,0,,,0,0,0,0,0,False,,False,,False,,False,,False,,False,,no Dockerfile and no fallback entry point found
https://github.com/live-wire/expyriments,no_dockerfile,False,0,0,0,,,0,0,0,0,0,False,,False,,False,,False,,False,,False,,no Dockerfile and no fallback entry point found
https://github.com/WhyseRabbit/twitdome_whyse,ok,False,3,0,1,Twitdome\app.py,fallback_nested,4,13,1,0,0,False,,True,Twitdome/twitter.py:23 spacy.load [matched spacy.load],True,Twitdome/db_model.py:0 class User [matched <class subclasses model base>],False,,False,,True,Twitdome/app.py:10 flask.Flask [matched Flask],"unverified: missing stages: data_acquisition, training, evaluation"
https://github.com/tengwu27/udacity-deep-learning,no_dockerfile,False,0,0,0,,,0,0,0,0,0,False,,False,,False,,False,,False,,False,,no Dockerfile and no fallback entry point found
https://github.com/kontexia/soam,no_dockerfile,False,0,0,0,,,0,0,0,0,0,False,,False,,False,,False,,False,,False,,no Dockerfile and no fallback entry point found
https://github.com/HishamAbbassy/Practical-Deep-Learning-for-Coders,no_dockerfile,False,0,0,0,,,0,0,0,0,0,False,,False,,False,,False,,False,,False,,no Dockerfile and no fallback entry point found
https://github.com/sandy-smiles/Q-Chef_Repo,no_entry,False,0,1,0,,,0,0,0,0,0,False,,False,,False,,False,,False,,False,,Dockerfile(s) found but no Python entry point could be resolved
https://github.com/mbayani/Company-Specific-Disruptive-News-and-Continuity-Detector,no_dockerfile,False,0,0,0,,,0,0,0,0,0,False,,False,,False,,False,,False,,False,,no Dockerfile and no fallback entry point found
https://github.com/hallojs/ml-pepr,no_dockerfile,False,0,0,0,,,0,0,0,0,0,False,,False,,False,,False,,False,,False,,no Dockerfile and no fallback entry point found
https://github.com/RianKoja/CAP_239_ExerciseList_2020,no_dockerfile,False,0,0,0,,,0,0,0,0,0,False,,False,,False,,False,,False,,False,,no Dockerfile and no fallback entry point found
https://github.com/stanford-futuredata/tasti,no_dockerfile,False,0,0,0,,,0,0,0,0,0,False,,False,,False,,False,,False,,False,,no Dockerfile and no fallback entry point found
https://github.com/NavidSoroush/ListManagement,no_dockerfile,False,0,0,0,,,0,0,0,0,0,False,,False,,False,,False,,False,,False,,no Dockerfile and no fallback entry point found
https://github.com/neuroethology/MARS,no_entry,False,0,1,0,,,0,0,0,0,0,False,,False,,False,,False,,False,,False,,Dockerfile(s) found but no Python entry point could be resolved
https://github.com/multicampus-3th-project/nomasknopass,no_dockerfile,False,0,0,0,,,0,0,0,0,0,False,,False,,False,,False,,False,,False,,no Dockerfile and no fallback entry point found
https://github.com/kunalrye/spotify_hits,no_dockerfile,False,0,0,0,,,0,0,0,0,0,False,,False,,False,,False,,False,,False,,no Dockerfile and no fallback entry point found
https://github.com/caggursoy/phdSideQuests,no_dockerfile,False,0,0,0,,,0,0,0,0,0,False,,False,,False,,False,,False,,False,,no Dockerfile and no fallback entry point found
https://github.com/funny000/huggingface-transformers01,no_entry,False,0,7,0,,,0,0,0,0,0,False,,False,,False,,False,,False,,False,,Dockerfile(s) found but no Python entry point could be resolved
https://github.com/PauBatlle/NewsMultirank,no_dockerfile,False,0,0,0,,,0,0,0,0,0,False,,False,,False,,False,,False,,False,,no Dockerfile and no fallback entry point found
https://github.com/jshinm/inductive-bias-experiment,no_dockerfile,False,0,0,0,,,0,0,0,0,0,False,,False,,False,,False,,False,,False,,no Dockerfile and no fallback entry point found
https://github.com/sathishnr98/Facenet-Facerecognition,no_dockerfile,False,0,0,0,,,0,0,0,0,0,False,,False,,False,,False,,False,,False,,no Dockerfile and no fallback entry point found
https://github.com/quic/aimet,ok,False,1,1,1,GenAILab\__main__.py,fallback_nested,3,36,1,0,0,True,GenAILab/__main__.py:326 json.load [matched json.load],False,,False,,False,,False,,False,,"unverified: missing stages: data_preparation, modeling, training, evaluation, inference"
https://github.com/xuanloct4/chatbot-retrieval,no_dockerfile,False,0,0,0,,,0,0,0,0,0,False,,False,,False,,False,,False,,False,,no Dockerfile and no fallback entry point found
https://github.com/yoshitomo-matsubara/head-network-distillation,no_dockerfile,False,0,0,0,,,0,0,0,0,0,False,,False,,False,,False,,False,,False,,no Dockerfile and no fallback entry point found
https://github.com/machinecurve/extra_keras_datasets,no_dockerfile,False,0,0,0,,,0,0,0,0,0,False,,False,,False,,False,,False,,False,,no Dockerfile and no fallback entry point found
https://github.com/megagonlabs/ruler,no_dockerfile,False,0,0,0,,,0,0,0,0,0,False,,False,,False,,False,,False,,False,,no Dockerfile and no fallback entry point found
https://github.com/Martindelosrios/cosmic-kite,no_dockerfile,False,0,0,0,,,0,0,0,0,0,False,,False,,False,,False,,False,,False,,no Dockerfile and no fallback entry point found
https://github.com/gcskoenig/rfi,no_dockerfile,False,0,0,0,,,0,0,0,0,0,False,,False,,False,,False,,False,,False,,no Dockerfile and no fallback entry point found
https://github.com/lhqing/omb,ok,False,0,0,1,omb\app.py,fallback_nested,1,0,0,0,0,False,,False,,False,,False,,False,,False,,"unverified: missing stages: data_acquisition, data_preparation, modeling, training, evaluation, inference"
https://github.com/ryuichi-tate/estimate-innovation,no_dockerfile,False,0,0,0,,,0,0,0,0,0,False,,False,,False,,False,,False,,False,,no Dockerfile and no fallback entry point found
https://github.com/cathal-weakliam/text-analytics-hw-2,no_dockerfile,False,0,0,0,,,0,0,0,0,0,False,,False,,False,,False,,False,,False,,no Dockerfile and no fallback entry point found
https://github.com/uritau/damegender,no_dockerfile,False,0,0,0,,,0,0,0,0,0,False,,False,,False,,False,,False,,False,,no Dockerfile and no fallback entry point found
https://github.com/frank-lab-ai/franky,no_entry,False,0,1,0,,,0,0,0,0,0,False,,False,,False,,False,,False,,False,,Dockerfile(s) found but no Python entry point could be resolved
https://github.com/flaschmurphy/deeplearning,no_dockerfile,False,0,0,0,,,0,0,0,0,0,False,,False,,False,,False,,False,,False,,no Dockerfile and no fallback entry point found
https://github.com/ralhassa/UW_Eng_Placement_Quiz,no_dockerfile,False,0,0,0,,,0,0,0,0,0,False,,False,,False,,False,,False,,False,,no Dockerfile and no fallback entry point found
https://github.com/BDelhees/mendicantbias,ok,False,0,1,1,src\main.py,fallback_nested,1,0,0,0,0,False,,False,,False,,False,,False,,False,,"unverified: missing stages: data_acquisition, data_preparation, modeling, training, evaluation, inference"
https://github.com/k-yonezu/horse_racing,no_dockerfile,False,0,0,0,,,0,0,0,0,0,False,,False,,False,,False,,False,,False,,no Dockerfile and no fallback entry point found
https://github.com/Noonanav/sgRNAble,ok,False,0,0,1,optimal_guide_finder\guide_finder.py,fallback_console_script,2,4,1,0,0,False,,False,,False,,False,,False,,False,,"unverified: missing stages: data_acquisition, data_preparation, modeling, training, evaluation, inference"
https://github.com/libingzheren/GraphSAGE,no_entry,False,0,2,0,,,0,0,0,0,0,False,,False,,False,,False,,False,,False,,Dockerfile(s) found but no Python entry point could be resolved
https://github.com/garagonc/optimization-framework,ok,False,0,15,1,swagger_server\__main__.py,fallback_nested,2,2,1,0,0,False,,False,,False,,False,,False,,False,,"unverified: missing stages: data_acquisition, data_preparation, modeling, training, evaluation, inference"
https://github.com/leilaicruz/python-modules-for-bioinformatic-analyses,no_dockerfile,False,0,0,0,,,0,0,0,0,0,False,,False,,False,,False,,False,,False,,no Dockerfile and no fallback entry point found
https://github.com/Mercury-yu/Effcient,no_dockerfile,False,0,0,0,,,0,0,0,0,0,False,,False,,False,,False,,False,,False,,no Dockerfile and no fallback entry point found
https://github.com/Philippe-Storiane/Altegrad-2020-2021,no_dockerfile,False,0,0,0,,,0,0,0,0,0,False,,False,,False,,False,,False,,False,,no Dockerfile and no fallback entry point found
https://github.com/alanying/london-emotions,ok,True,6,0,1,LondonEmotions\main.py,fallback_nested,5,18,2,0,0,True,LondonEmotions/data.py:31 pd.read_csv [matched pd.read_csv],True,LondonEmotions/data.py:74 nltk.stem.WordNetLemmatizer [matched nltk.stem.WordNetLemmatizer],True,LondonEmotions/utils.py:36 tf.keras.layers.Embedding [matched tf.keras.layers.*],True,LondonEmotions/trainer.py:144 model.fit [matched model.fit],True,LondonEmotions/trainer.py:166 sklearn.metrics.f1_score [matched f1_score],True,LondonEmotions/trainer.py:160 self.pipeline.predict [matched pipeline.predict],verified: all 6 stages present
https://github.com/LuisFalva/ophelia,no_entry,False,0,1,1,,dockerfile,0,0,0,0,0,False,,False,,False,,False,,False,,False,,no resolved entry point yielded a usable call graph
https://github.com/CrashedBboy/NCKU_MLG,no_dockerfile,False,0,0,0,,,0,0,0,0,0,False,,False,,False,,False,,False,,False,,no Dockerfile and no fallback entry point found
https://github.com/UCB-MIDS/w210_crime_machine_learning,no_dockerfile,False,0,0,0,,,0,0,0,0,0,False,,False,,False,,False,,False,,False,,no Dockerfile and no fallback entry point found
https://github.com/sroman215/DurOrNoDur,no_dockerfile,False,0,0,0,,,0,0,0,0,0,False,,False,,False,,False,,False,,False,,no Dockerfile and no fallback entry point found
https://github.com/ThinkBigAnalytics/AoaDemoModels,no_dockerfile,False,0,0,0,,,0,0,0,0,0,False,,False,,False,,False,,False,,False,,no Dockerfile and no fallback entry point found
https://github.com/dvnrjesh1970/Rajesh31071970,no_dockerfile,False,0,0,0,,,0,0,0,0,0,False,,False,,False,,False,,False,,False,,no Dockerfile and no fallback entry point found
https://github.com/jmsplank/PhD-Starter-Project,no_dockerfile,False,0,0,0,,,0,0,0,0,0,False,,False,,False,,False,,False,,False,,no Dockerfile and no fallback entry point found
https://github.com/nakytoe/BOSS-MT,no_dockerfile,False,0,0,0,,,0,0,0,0,0,False,,False,,False,,False,,False,,False,,no Dockerfile and no fallback entry point found
https://github.com/nicolasluarte/uni,no_dockerfile,False,0,0,0,,,0,0,0,0,0,False,,False,,False,,False,,False,,False,,no Dockerfile and no fallback entry point found
https://github.com/sshleifer/durbango,no_dockerfile,False,0,0,0,,,0,0,0,0,0,False,,False,,False,,False,,False,,False,,no Dockerfile and no fallback entry point found
https://github.com/ravijainpro/udacity-private-ai-lesson-1,no_dockerfile,False,0,0,0,,,0,0,0,0,0,False,,False,,False,,False,,False,,False,,no Dockerfile and no fallback entry point found
https://github.com/maxpark/openvino_training_extensions,no_entry,False,0,2,0,,,0,0,0,0,0,False,,False,,False,,False,,False,,False,,Dockerfile(s) found but no Python entry point could be resolved
https://github.com/falvarezb/roboclimate,no_dockerfile,False,0,0,0,,,0,0,0,0,0,False,,False,,False,,False,,False,,False,,no Dockerfile and no fallback entry point found
https://github.com/anon93642/GasBotty,no_dockerfile,False,0,0,0,,,0,0,0,0,0,False,,False,,False,,False,,False,,False,,no Dockerfile and no fallback entry point found
https://github.com/giuliano-oliveira/clusopt,no_entry,False,0,1,0,,,0,0,0,0,0,False,,False,,False,,False,,False,,False,,Dockerfile(s) found but no Python entry point could be resolved
https://github.com/jasperroebroek/Global_distribution_of_hydrologic_controls_on_forest_growth,no_dockerfile,False,0,0,0,,,0,0,0,0,0,False,,False,,False,,False,,False,,False,,no Dockerfile and no fallback entry point found
https://github.com/DS-BW-DSFT-57/AirBnB-Predictor,ok,False,3,0,1,AirBnB_Predictor\app.py,fallback_nested,3,18,1,0,0,False,,True,AirBnB_Predictor/predict.py:9 keras.preprocessing.text.Tokenizer [matched Tokenizer],True,AirBnB_Predictor/models.py:0 class Listing [matched <class subclasses model base>],False,,False,,True,AirBnB_Predictor/app.py:9 flask.Flask [matched Flask],"unverified: missing stages: data_acquisition, training, evaluation"
https://github.com/Tewatia5355/pdf2txt,no_dockerfile,False,0,0,0,,,0,0,0,0,0,False,,False,,False,,False,,False,,False,,no Dockerfile and no fallback entry point found
https://github.com/hakanonal/minibar,no_dockerfile,False,0,0,0,,,0,0,0,0,0,False,,False,,False,,False,,False,,False,,no Dockerfile and no fallback entry point found
https://github.com/epicrunze/UTCV_reactions_gui,no_dockerfile,False,0,0,0,,,0,0,0,0,0,False,,False,,False,,False,,False,,False,,no Dockerfile and no fallback entry point found
https://github.com/CMU-IDS-2020/fp-carambola-of-evolution,no_dockerfile,False,0,0,0,,,0,0,0,0,0,False,,False,,False,,False,,False,,False,,no Dockerfile and no fallback entry point found
https://github.com/kcapalar/verbatim-analytics,no_dockerfile,False,0,0,0,,,0,0,0,0,0,False,,False,,False,,False,,False,,False,,no Dockerfile and no fallback entry point found
https://github.com/myrtakis/MxM,no_dockerfile,False,0,0,0,,,0,0,0,0,0,False,,False,,False,,False,,False,,False,,no Dockerfile and no fallback entry point found
https://github.com/neverbreaks/pfo,no_dockerfile,False,0,0,0,,,0,0,0,0,0,False,,False,,False,,False,,False,,False,,no Dockerfile and no fallback entry point found
https://github.com/snap-stanford/GraphGym,ok,False,2,0,1,graphgym\train.py,fallback_nested,7,47,2,0,0,False,,False,,False,,True,graphgym/train.py:16 optimizer.zero_grad [matched optimizer.zero_grad],False,,True,graphgym/train.py:34 model.eval [matched model.eval],"unverified: missing stages: data_acquisition, data_preparation, modeling, evaluation"
https://github.com/Pratheeksha-C-Dhanpal/Recommender_app,no_dockerfile,False,0,0,0,,,0,0,0,0,0,False,,False,,False,,False,,False,,False,,no Dockerfile and no fallback entry point found
https://github.com/uday1331/HotZone,no_dockerfile,False,0,0,0,,,0,0,0,0,0,False,,False,,False,,False,,False,,False,,no Dockerfile and no fallback entry point found
https://github.com/oneoffcoder/py-pair,no_entry,False,0,1,0,,,0,0,0,0,0,False,,False,,False,,False,,False,,False,,Dockerfile(s) found but no Python entry point could be resolved
https://github.com/eric-erki/Deep-Video-Analytics,no_entry,False,0,3,0,,,0,0,0,0,0,False,,False,,False,,False,,False,,False,,Dockerfile(s) found but no Python entry point could be resolved
https://github.com/hayyyyyyden/iTrader,clone_failed,False,0,0,0,,,0,0,0,0,0,False,,False,,False,,False,,False,,False,,remote: Repository not found.
https://github.com/pminhtam/KPN_attention,no_dockerfile,False,0,0,0,,,0,0,0,0,0,False,,False,,False,,False,,False,,False,,no Dockerfile and no fallback entry point found
https://github.com/tumeteor/ST-GCN,no_entry,False,0,1,0,,,0,0,0,0,0,False,,False,,False,,False,,False,,False,,Dockerfile(s) found but no Python entry point could be resolved
https://github.com/rstarritt/robotics,no_dockerfile,False,0,0,0,,,0,0,0,0,0,False,,False,,False,,False,,False,,False,,no Dockerfile and no fallback entry point found
https://github.com/hkraemer/PECUZAL_python,no_dockerfile,False,0,0,0,,,0,0,0,0,0,False,,False,,False,,False,,False,,False,,no Dockerfile and no fallback entry point found
https://github.com/iesl/protoqa-evaluator,no_dockerfile,False,0,0,0,,,0,0,0,0,0,False,,False,,False,,False,,False,,False,,no Dockerfile and no fallback entry point found
https://github.com/ZhongxiaYan/util,no_dockerfile,False,0,0,0,,,0,0,0,0,0,False,,False,,False,,False,,False,,False,,no Dockerfile and no fallback entry point found
https://github.com/painting1234/Springboard,no_dockerfile,False,0,0,0,,,0,0,0,0,0,False,,False,,False,,False,,False,,False,,no Dockerfile and no fallback entry point found
https://github.com/muditbac/ExoplanetDetection,no_dockerfile,False,0,0,0,,,0,0,0,0,0,False,,False,,False,,False,,False,,False,,no Dockerfile and no fallback entry point found
https://github.com/philippdre/omniCLIP,ok,False,1,0,1,omniCLIP\omniCLIP.py,fallback_console_script,4,9,1,0,0,True,omniCLIP/omniCLIP.py:63 h5py.File [matched h5py.File],False,,False,,False,,False,,False,,"unverified: missing stages: data_preparation, modeling, training, evaluation, inference"
https://github.com/galatolofederico/plotszoo,no_dockerfile,False,0,0,0,,,0,0,0,0,0,False,,False,,False,,False,,False,,False,,no Dockerfile and no fallback entry point found
https://github.com/kathrynandersondata/COVID_UpcomingElection,ok,False,1,0,1,src\main.py,fallback_nested,1,18,0,0,0,True,src/main.py:62 csv.reader [matched csv.reader],False,,False,,False,,False,,False,,"unverified: missing stages: data_preparation, modeling, training, evaluation, inference"
https://github.com/bethweirich/CEN,no_dockerfile,False,0,0,0,,,0,0,0,0,0,False,,False,,False,,False,,False,,False,,no Dockerfile and no fallback entry point found
https://github.com/aekrylov/itis-thesis-code,no_dockerfile,False,0,0,0,,,0,0,0,0,0,False,,False,,False,,False,,False,,False,,no Dockerfile and no fallback entry point found
https://github.com/krassowski/multi-omics-state-of-the-field,no_dockerfile,False,0,0,0,,,0,0,0,0,0,False,,False,,False,,False,,False,,False,,no Dockerfile and no fallback entry point found
https://github.com/HuyTu7/dl_optimizers,no_dockerfile,False,0,0,0,,,0,0,0,0,0,False,,False,,False,,False,,False,,False,,no Dockerfile and no fallback entry point found
https://github.com/skulka85/Home-Credit-Default-Risk,no_dockerfile,False,0,0,0,,,0,0,0,0,0,False,,False,,False,,False,,False,,False,,no Dockerfile and no fallback entry point found
https://github.com/repository-preservation/lcmap-pyccd,ok,False,0,0,1,ccd\app.py,fallback_nested,7,45,3,0,1,False,,False,,False,,False,,False,,False,,"unverified: missing stages: data_acquisition, data_preparation, modeling, training, evaluation, inference"
https://github.com/shubhamnjain23/Springboard,no_dockerfile,False,0,0,0,,,0,0,0,0,0,False,,False,,False,,False,,False,,False,,no Dockerfile and no fallback entry point found
https://github.com/jsamo25/Computational_Semantics_A2,no_dockerfile,False,0,0,0,,,0,0,0,0,0,False,,False,,False,,False,,False,,False,,no Dockerfile and no fallback entry point found
https://github.com/Ryan95Z/ml-house-prices,no_dockerfile,False,0,0,0,,,0,0,0,0,0,False,,False,,False,,False,,False,,False,,no Dockerfile and no fallback entry point found
https://github.com/Muennighoff/vilio,no_entry,False,0,1,0,,,0,0,0,0,0,False,,False,,False,,False,,False,,False,,Dockerfile(s) found but no Python entry point could be resolved
https://github.com/Azure/azureml-template,no_dockerfile,False,0,0,0,,,0,0,0,0,0,False,,False,,False,,False,,False,,False,,no Dockerfile and no fallback entry point found
https://github.com/mrtkp9993/DeepLearningExamples,no_dockerfile,False,0,0,0,,,0,0,0,0,0,False,,False,,False,,False,,False,,False,,no Dockerfile and no fallback entry point found
https://github.com/rorodata/roro-client,ok,False,0,0,1,roro\cli.py,fallback_console_script,1,0,0,1,0,False,,False,,False,,False,,False,,False,,"unverified: missing stages: data_acquisition, data_preparation, modeling, training, evaluation, inference"
https://github.com/SW-H/Autonomous_Driving_Security_Robot,no_dockerfile,False,0,0,0,,,0,0,0,0,0,False,,False,,False,,False,,False,,False,,no Dockerfile and no fallback entry point found
https://github.com/dinisurunisal/Suicide-Risk-Prediction-Project,no_dockerfile,False,0,0,0,,,0,0,0,0,0,False,,False,,False,,False,,False,,False,,no Dockerfile and no fallback entry point found
https://github.com/AhrazA/modelcompression-2019,no_dockerfile,False,0,0,0,,,0,0,0,0,0,False,,False,,False,,False,,False,,False,,no Dockerfile and no fallback entry point found
https://github.com/pderichai/syntactic-entailment,no_dockerfile,False,0,0,0,,,0,0,0,0,0,False,,False,,False,,False,,False,,False,,no Dockerfile and no fallback entry point found
https://github.com/vgalin/utbm-ad50-predict-interventions-number-sdis91,no_dockerfile,False,0,0,0,,,0,0,0,0,0,False,,False,,False,,False,,False,,False,,no Dockerfile and no fallback entry point found
https://github.com/niriikon/NLTP_ProjectNo2,no_dockerfile,False,0,0,0,,,0,0,0,0,0,False,,False,,False,,False,,False,,False,,no Dockerfile and no fallback entry point found
https://github.com/Jorge-Alda/SMEFT19,no_entry,False,0,1,0,,,0,0,0,0,0,False,,False,,False,,False,,False,,False,,Dockerfile(s) found but no Python entry point could be resolved
https://github.com/crownpku/Information-Extraction-Chinese,no_dockerfile,False,0,0,0,,,0,0,0,0,0,False,,False,,False,,False,,False,,False,,no Dockerfile and no fallback entry point found
https://github.com/HaakonSvane/Icarus,no_dockerfile,False,0,0,0,,,0,0,0,0,0,False,,False,,False,,False,,False,,False,,no Dockerfile and no fallback entry point found
https://github.com/uhh-lt/ASAB,no_dockerfile,False,0,0,0,,,0,0,0,0,0,False,,False,,False,,False,,False,,False,,no Dockerfile and no fallback entry point found
https://github.com/keitakurita/robust_toxicity_detection,no_dockerfile,False,0,0,0,,,0,0,0,0,0,False,,False,,False,,False,,False,,False,,no Dockerfile and no fallback entry point found
https://github.com/alvinzhou66/ToolFinder,no_entry,False,0,1,0,,,0,0,0,0,0,False,,False,,False,,False,,False,,False,,Dockerfile(s) found but no Python entry point could be resolved
https://github.com/vcristiani/galaxy-chop,no_dockerfile,False,0,0,0,,,0,0,0,0,0,False,,False,,False,,False,,False,,False,,no Dockerfile and no fallback entry point found
https://github.com/GiulioCMSanto/HDSIdent,no_dockerfile,False,0,0,0,,,0,0,0,0,0,False,,False,,False,,False,,False,,False,,no Dockerfile and no fallback entry point found
https://github.com/Noeuclides/holbertonschool-machine_learning,no_dockerfile,False,0,0,0,,,0,0,0,0,0,False,,False,,False,,False,,False,,False,,no Dockerfile and no fallback entry point found
https://github.com/Nico-Curti/plasticity,no_dockerfile,False,0,0,0,,,0,0,0,0,0,False,,False,,False,,False,,False,,False,,no Dockerfile and no fallback entry point found
https://github.com/fusecloud/fusetools,no_dockerfile,False,0,0,0,,,0,0,0,0,0,False,,False,,False,,False,,False,,False,,no Dockerfile and no fallback entry point found
https://github.com/night-traders/bull-bear,no_entry,False,0,1,0,,,0,0,0,0,0,False,,False,,False,,False,,False,,False,,Dockerfile(s) found but no Python entry point could be resolved
https://github.com/anooplab/pyar,ok,False,5,0,1,pyar\cli.py,fallback_console_script,67,573,6,0,1,True,pyar/state/aggregate.py:75 json.load [matched json.load],True,pyar/selection/clustering.py:191 StandardScaler [matched StandardScaler],True,pyar/selection/clustering.py:316 KMeans [matched KMeans],True,pyar/selection/clustering.py:317 kmeans.fit_predict [matched .fit_predict],False,,True,pyar/backends/aimnet_2.py:40 torch.jit.load [matched torch.jit.load],unverified: missing stages: evaluation
https://github.com/collab-uniba/Software-Solutions-for-Reproducible-ML-Experiments,no_dockerfile,False,0,0,0,,,0,0,0,0,0,False,,False,,False,,False,,False,,False,,no Dockerfile and no fallback entry point found
https://github.com/ValaryLim/lynx-blockchain-risk-scoring,no_dockerfile,False,0,0,0,,,0,0,0,0,0,False,,False,,False,,False,,False,,False,,no Dockerfile and no fallback entry point found
https://github.com/shaft49/notes,no_dockerfile,False,0,0,0,,,0,0,0,0,0,False,,False,,False,,False,,False,,False,,no Dockerfile and no fallback entry point found
https://github.com/24p11/predict-django-api,no_entry,False,0,2,0,,,0,0,0,0,0,False,,False,,False,,False,,False,,False,,Dockerfile(s) found but no Python entry point could be resolved
https://github.com/LogeshGovi/DataAnalysisProject,no_dockerfile,False,0,0,0,,,0,0,0,0,0,False,,False,,False,,False,,False,,False,,no Dockerfile and no fallback entry point found
https://github.com/AFAgarap/pt-datasets,no_dockerfile,False,0,0,0,,,0,0,0,0,0,False,,False,,False,,False,,False,,False,,no Dockerfile and no fallback entry point found
https://github.com/honorforlee/PPG-N-Back-Clip,no_dockerfile,False,0,0,0,,,0,0,0,0,0,False,,False,,False,,False,,False,,False,,no Dockerfile and no fallback entry point found
https://github.com/andreasgremm/HomeAutomation,no_entry,False,0,16,0,,,0,0,0,0,0,False,,False,,False,,False,,False,,False,,Dockerfile(s) found but no Python entry point could be resolved
https://github.com/PriteshG-IIITB/SmartStocks,no_dockerfile,False,0,0,0,,,0,0,0,0,0,False,,False,,False,,False,,False,,False,,no Dockerfile and no fallback entry point found
https://github.com/byooooo/dispersant_screening_PAL,no_dockerfile,False,0,0,0,,,0,0,0,0,0,False,,False,,False,,False,,False,,False,,no Dockerfile and no fallback entry point found
https://github.com/tatigabru/spacenet6,no_entry,False,0,1,0,,,0,0,0,0,0,False,,False,,False,,False,,False,,False,,Dockerfile(s) found but no Python entry point could be resolved
https://github.com/Derik117/hahaton,no_dockerfile,False,0,0,0,,,0,0,0,0,0,False,,False,,False,,False,,False,,False,,no Dockerfile and no fallback entry point found
https://github.com/gjbaker/sylaras,ok,False,1,0,1,sylaras\scripts\sylaras.py,fallback_console_script,3,17,1,0,0,True,sylaras/config.py:47 yaml.safe_load [matched yaml.safe_load],False,,False,,False,,False,,False,,"unverified: missing stages: data_preparation, modeling, training, evaluation, inference"
https://github.com/nimamoradi/tts-engine,no_dockerfile,False,0,0,0,,,0,0,0,0,0,False,,False,,False,,False,,False,,False,,no Dockerfile and no fallback entry point found
https://github.com/vineetbiyani09/ML,no_dockerfile,False,0,0,0,,,0,0,0,0,0,False,,False,,False,,False,,False,,False,,no Dockerfile and no fallback entry point found
https://github.com/roads/spond,no_dockerfile,False,0,0,0,,,0,0,0,0,0,False,,False,,False,,False,,False,,False,,no Dockerfile and no fallback entry point found
https://github.com/sumitsidana/lightfm,no_entry,False,0,1,0,,,0,0,0,0,0,False,,False,,False,,False,,False,,False,,Dockerfile(s) found but no Python entry point could be resolved
https://github.com/Y-oHr-N/kenchi,no_dockerfile,False,0,0,0,,,0,0,0,0,0,False,,False,,False,,False,,False,,False,,no Dockerfile and no fallback entry point found
https://github.com/ayberktecimer/Sign_Language_Detector,ok,False,2,0,1,src\main.py,fallback_nested,3,13,1,0,0,True,src/main.py:11 cv2.VideoCapture [matched cv2.VideoCapture],False,,False,,False,,False,,True,src/Test.py:24 model.predict [matched model.predict],"unverified: missing stages: data_preparation, modeling, training, evaluation"
https://github.com/netdata/community,no_entry,False,0,1,0,,,0,0,0,0,0,False,,False,,False,,False,,False,,False,,Dockerfile(s) found but no Python entry point could be resolved
https://github.com/mehdidc/grammaropt,no_dockerfile,False,0,0,0,,,0,0,0,0,0,False,,False,,False,,False,,False,,False,,no Dockerfile and no fallback entry point found
https://github.com/Hack-Club-PICT/Sentimental-Analysis,no_dockerfile,False,0,0,0,,,0,0,0,0,0,False,,False,,False,,False,,False,,False,,no Dockerfile and no fallback entry point found
https://github.com/babylonhealth/fuzzymax,no_dockerfile,False,0,0,0,,,0,0,0,0,0,False,,False,,False,,False,,False,,False,,no Dockerfile and no fallback entry point found
https://github.com/CheungBH/PoseTrainingPytorch,no_dockerfile,False,0,0,0,,,0,0,0,0,0,False,,False,,False,,False,,False,,False,,no Dockerfile and no fallback entry point found
https://github.com/xiangyu-peng/Gatech_Agent_Eva_2,no_dockerfile,False,0,0,0,,,0,0,0,0,0,False,,False,,False,,False,,False,,False,,no Dockerfile and no fallback entry point found
https://github.com/Thinkful-Ed/machine-learning-regression-problems,no_dockerfile,False,0,0,0,,,0,0,0,0,0,False,,False,,False,,False,,False,,False,,no Dockerfile and no fallback entry point found
https://github.com/juliagleichweit/sim1,no_dockerfile,False,0,0,0,,,0,0,0,0,0,False,,False,,False,,False,,False,,False,,no Dockerfile and no fallback entry point found
https://github.com/BloomTech-Labs/human-rights-first-ds-e,no_entry,False,0,1,0,,,0,0,0,0,0,False,,False,,False,,False,,False,,False,,Dockerfile(s) found but no Python entry point could be resolved
https://github.com/ruqianq/NHTSA_FARS_Data_Analysis,no_dockerfile,False,0,0,0,,,0,0,0,0,0,False,,False,,False,,False,,False,,False,,no Dockerfile and no fallback entry point found
https://github.com/automl/AutoDLComp19,no_dockerfile,False,0,0,0,,,0,0,0,0,0,False,,False,,False,,False,,False,,False,,no Dockerfile and no fallback entry point found
https://github.com/TUM-IDP-WS-20/nlp-examples,no_dockerfile,False,0,0,0,,,0,0,0,0,0,False,,False,,False,,False,,False,,False,,no Dockerfile and no fallback entry point found
https://github.com/algorithmiaio/model-deployment,no_dockerfile,False,0,0,0,,,0,0,0,0,0,False,,False,,False,,False,,False,,False,,no Dockerfile and no fallback entry point found
https://github.com/Avashist1998/Viola-Jones_Algorithm,no_dockerfile,False,0,0,0,,,0,0,0,0,0,False,,False,,False,,False,,False,,False,,no Dockerfile and no fallback entry point found
https://github.com/David-Development/heimdall-backend,ok,False,2,1,1,heimdall\app.py,fallback_nested,6,12,2,0,0,False,,True,heimdall/recognition/Augmentation.py:17 Augmentor.Pipeline [matched Pipeline],False,,False,,False,,True,heimdall/app.py:38 flask.Flask [matched Flask],"unverified: missing stages: data_acquisition, modeling, training, evaluation"
https://github.com/kmi-robots/object_reasoner,ok,False,0,0,1,object_reasoner\cli.py,fallback_console_script,2,2,1,0,0,False,,False,,False,,False,,False,,False,,"unverified: missing stages: data_acquisition, data_preparation, modeling, training, evaluation, inference"
https://github.com/sanagno/StoryClozeTask,no_dockerfile,False,0,0,0,,,0,0,0,0,0,False,,False,,False,,False,,False,,False,,no Dockerfile and no fallback entry point found
https://github.com/gorjanradevski/text2atlas,no_dockerfile,False,0,0,0,,,0,0,0,0,0,False,,False,,False,,False,,False,,False,,no Dockerfile and no fallback entry point found
https://github.com/iansee/FYP,no_entry,False,0,1,0,,,0,0,0,0,0,False,,False,,False,,False,,False,,False,,Dockerfile(s) found but no Python entry point could be resolved
https://github.com/alumik/bagel-tensorflow,no_dockerfile,False,0,0,0,,,0,0,0,0,0,False,,False,,False,,False,,False,,False,,no Dockerfile and no fallback entry point found
https://github.com/miketianchen/MDA_image_captioning,no_dockerfile,False,0,0,0,,,0,0,0,0,0,False,,False,,False,,False,,False,,False,,no Dockerfile and no fallback entry point found
https://github.com/vchaparro/wind-power-forecasting,no_dockerfile,False,0,0,0,,,0,0,0,0,0,False,,False,,False,,False,,False,,False,,no Dockerfile and no fallback entry point found
https://github.com/Robert-F-Mulligan/fantasy-football,no_dockerfile,False,0,0,0,,,0,0,0,0,0,False,,False,,False,,False,,False,,False,,no Dockerfile and no fallback entry point found
https://github.com/CMU-IDS-2020/a3-05839-a3-fch-ljy,no_dockerfile,False,0,0,0,,,0,0,0,0,0,False,,False,,False,,False,,False,,False,,no Dockerfile and no fallback entry point found
https://github.com/NaturalHistoryMuseum/ALICE,ok,False,2,1,1,ALICE\train.py,fallback_nested,2,6,1,0,0,True,ALICE/train.py:35 json.load [matched json.load],False,,False,,True,ALICE/train.py:58 trainer.train [matched trainer.train],False,,False,,"unverified: missing stages: data_preparation, modeling, evaluation, inference"
https://github.com/Jwilson1172/StorySquadDS,no_entry,False,0,1,0,,,0,0,0,0,0,False,,False,,False,,False,,False,,False,,Dockerfile(s) found but no Python entry point could be resolved
https://github.com/edgerun/ether,no_dockerfile,False,0,0,0,,,0,0,0,0,0,False,,False,,False,,False,,False,,False,,no Dockerfile and no fallback entry point found
https://github.com/sagarikaraje/Artificial-Intelligence,no_dockerfile,False,0,0,0,,,0,0,0,0,0,False,,False,,False,,False,,False,,False,,no Dockerfile and no fallback entry point found
https://github.com/JonathanWenger/probabilistic-linear-solvers-for-ml,no_dockerfile,False,0,0,0,,,0,0,0,0,0,False,,False,,False,,False,,False,,False,,no Dockerfile and no fallback entry point found
https://github.com/MantonDong/ml_privacy_meter,no_dockerfile,False,0,0,0,,,0,0,0,0,0,False,,False,,False,,False,,False,,False,,no Dockerfile and no fallback entry point found
https://github.com/bashoori/Data-Science-Projects,no_dockerfile,False,0,0,0,,,0,0,0,0,0,False,,False,,False,,False,,False,,False,,no Dockerfile and no fallback entry point found
https://github.com/KajetanPrystasz/dermclass,no_entry,False,0,1,0,,,0,0,0,0,0,False,,False,,False,,False,,False,,False,,Dockerfile(s) found but no Python entry point could be resolved
https://github.com/Northwestern-Data-Sci-Seminar/Invisible-Institute-Chicago-Reporter-Collaboration-Public,no_dockerfile,False,0,0,0,,,0,0,0,0,0,False,,False,,False,,False,,False,,False,,no Dockerfile and no fallback entry point found
https://github.com/ntienvu/ntienvu.github.io,no_dockerfile,False,0,0,0,,,0,0,0,0,0,False,,False,,False,,False,,False,,False,,no Dockerfile and no fallback entry point found
https://github.com/antoinePG/FW_explorer,no_dockerfile,False,0,0,0,,,0,0,0,0,0,False,,False,,False,,False,,False,,False,,no Dockerfile and no fallback entry point found
https://github.com/Cerosado/RecruitingApp,no_dockerfile,False,0,0,0,,,0,0,0,0,0,False,,False,,False,,False,,False,,False,,no Dockerfile and no fallback entry point found
https://github.com/amirulmenjeni/irobot-create-2-kinect-slam,no_dockerfile,False,0,0,0,,,0,0,0,0,0,False,,False,,False,,False,,False,,False,,no Dockerfile and no fallback entry point found
https://github.com/diegoami/DA_ML_Capstone,no_dockerfile,False,0,0,0,,,0,0,0,0,0,False,,False,,False,,False,,False,,False,,no Dockerfile and no fallback entry point found
https://github.com/adahan96/Sign_Language_Detector,ok,False,2,0,1,src\main.py,fallback_nested,3,13,1,0,0,True,src/main.py:11 cv2.VideoCapture [matched cv2.VideoCapture],False,,False,,False,,False,,True,src/Test.py:24 model.predict [matched model.predict],"unverified: missing stages: data_preparation, modeling, training, evaluation"
https://github.com/panoet/pt-ifca-customer-segmentation,no_dockerfile,False,0,0,0,,,0,0,0,0,0,False,,False,,False,,False,,False,,False,,no Dockerfile and no fallback entry point found
https://github.com/hfurkanvural/udacity-deep-learning-v2-pytorch,no_dockerfile,False,0,0,0,,,0,0,0,0,0,False,,False,,False,,False,,False,,False,,no Dockerfile and no fallback entry point found
https://github.com/trungdong/provenance-kernel-evaluation,no_dockerfile,False,0,0,0,,,0,0,0,0,0,False,,False,,False,,False,,False,,False,,no Dockerfile and no fallback entry point found
https://github.com/MichelleLochner/astronomaly,no_dockerfile,False,0,0,0,,,0,0,0,0,0,False,,False,,False,,False,,False,,False,,no Dockerfile and no fallback entry point found
https://github.com/PeterZZQ/CellPath,no_dockerfile,False,0,0,0,,,0,0,0,0,0,False,,False,,False,,False,,False,,False,,no Dockerfile and no fallback entry point found
https://github.com/MikeLagunes/centroids-triplet-network,no_dockerfile,False,0,0,0,,,0,0,0,0,0,False,,False,,False,,False,,False,,False,,no Dockerfile and no fallback entry point found
https://github.com/siboehm/NormalizingFlowNetwork,no_dockerfile,False,0,0,0,,,0,0,0,0,0,False,,False,,False,,False,,False,,False,,no Dockerfile and no fallback entry point found
https://github.com/lewyg/bird_recognition,no_dockerfile,False,0,0,0,,,0,0,0,0,0,False,,False,,False,,False,,False,,False,,no Dockerfile and no fallback entry point found
https://github.com/AnthonyDawson/fastbook_copy,no_dockerfile,False,0,0,0,,,0,0,0,0,0,False,,False,,False,,False,,False,,False,,no Dockerfile and no fallback entry point found
https://github.com/raghvendra5688/Drug-Repurposing,no_dockerfile,False,0,0,0,,,0,0,0,0,0,False,,False,,False,,False,,False,,False,,no Dockerfile and no fallback entry point found
https://github.com/andreicozma1/LeafNote,ok,False,0,0,1,src\main.py,fallback_nested,1,0,0,0,0,False,,False,,False,,False,,False,,False,,"unverified: missing stages: data_acquisition, data_preparation, modeling, training, evaluation, inference"
https://github.com/fastforwardlabs/few-shot-text-classification,no_dockerfile,False,0,0,0,,,0,0,0,0,0,False,,False,,False,,False,,False,,False,,no Dockerfile and no fallback entry point found
https://github.com/julesbertrand/litreading-insight-project,ok,False,5,0,1,litreading\__main__.py,fallback_nested,12,68,4,0,0,True,litreading/__main__.py:52 pd.read_csv [matched pd.read_csv],True,litreading/trainer.py:88 sklearn.pipeline.Pipeline [matched sklearn.pipeline.Pipeline],False,,True,litreading/trainer.py:184 self.model.fit [matched model.fit],True,litreading/utils/evaluation.py:53 sklearn.metrics.mean_absolute_error [matched mean_absolute_error],True,litreading/base.py:91 self.model.predict [matched model.predict],unverified: missing stages: modeling
https://github.com/Adamouization/POS-Tagging-and-Unknown-Words,ok,False,1,0,1,src\main.py,fallback_nested,1,14,0,0,0,True,src/main.py:212 pickle.load [matched pickle.load],False,,False,,False,,False,,False,,"unverified: missing stages: data_preparation, modeling, training, evaluation, inference"
https://github.com/prefect12/PythonCrawler,no_dockerfile,False,0,0,0,,,0,0,0,0,0,False,,False,,False,,False,,False,,False,,no Dockerfile and no fallback entry point found
https://github.com/giguru/converse,no_entry,False,0,2,0,,,0,0,0,0,0,False,,False,,False,,False,,False,,False,,Dockerfile(s) found but no Python entry point could be resolved
https://github.com/X-DataInitiative/tick_archive,no_entry,False,0,2,0,,,0,0,0,0,0,False,,False,,False,,False,,False,,False,,Dockerfile(s) found but no Python entry point could be resolved
https://github.com/GuillaumeGoujard/LMP_NZ,no_dockerfile,False,0,0,0,,,0,0,0,0,0,False,,False,,False,,False,,False,,False,,no Dockerfile and no fallback entry point found
https://github.com/HStoneCreek/streamlit-apps,no_dockerfile,False,0,0,0,,,0,0,0,0,0,False,,False,,False,,False,,False,,False,,no Dockerfile and no fallback entry point found
https://github.com/AndreyPravdivtsev/SkillFactory-DataScience,no_entry,False,0,5,0,,,0,0,0,0,0,False,,False,,False,,False,,False,,False,,Dockerfile(s) found but no Python entry point could be resolved
https://github.com/mtyszler/Disaster-Response-Project,ok,False,4,0,1,app\run.py,fallback_nested,2,12,1,0,0,True,app/run.py:45 sqlalchemy.create_engine [matched sqlalchemy.create_engine],True,app/run.py:69 df.groupby [matched df.groupby],False,,False,,True,models/supporting_functions.py:55 sklearn.metrics.precision_score [matched precision_score],True,app/run.py:33 flask.Flask [matched Flask],"unverified: missing stages: modeling, training"
https://github.com/tiskw/random-fourier-features,no_dockerfile,False,0,0,0,,,0,0,0,0,0,False,,False,,False,,False,,False,,False,,no Dockerfile and no fallback entry point found
https://github.com/mark-luke/MachineLearning-JupyterNotebook,no_dockerfile,False,0,0,0,,,0,0,0,0,0,False,,False,,False,,False,,False,,False,,no Dockerfile and no fallback entry point found
https://github.com/jwhudnall/dog-classification-capstone-project,no_dockerfile,False,0,0,0,,,0,0,0,0,0,False,,False,,False,,False,,False,,False,,no Dockerfile and no fallback entry point found
https://github.com/fau-masters-collected-works-cgarbin/ieee-icmla-2019-data-science-tutorial,no_dockerfile,False,0,0,0,,,0,0,0,0,0,False,,False,,False,,False,,False,,False,,no Dockerfile and no fallback entry point found
https://github.com/grayy921013/RecSys,ok,False,1,0,1,Algorithms\main.py,fallback_nested,1,5,0,0,0,False,,False,,False,,False,,True,Algorithms/main.py:118 trainer.evaluate [matched trainer.evaluate],False,,"unverified: missing stages: data_acquisition, data_preparation, modeling, training, inference"
https://github.com/roozbehsayadi/AI-Class-for-Freshmen-of-1398,no_dockerfile,False,0,0,0,,,0,0,0,0,0,False,,False,,False,,False,,False,,False,,no Dockerfile and no fallback entry point found
https://github.com/RePierre/corola-lemma,no_entry,False,0,1,0,,,0,0,0,0,0,False,,False,,False,,False,,False,,False,,Dockerfile(s) found but no Python entry point could be resolved
https://github.com/jdariasl/ML_IntroductoryCourse,no_entry,False,0,1,0,,,0,0,0,0,0,False,,False,,False,,False,,False,,False,,Dockerfile(s) found but no Python entry point could be resolved
https://github.com/maizorin97/Nutri-Desk,no_dockerfile,False,0,0,0,,,0,0,0,0,0,False,,False,,False,,False,,False,,False,,no Dockerfile and no fallback entry point found
https://github.com/twarik/presidential-election-pipeline,no_entry,False,0,7,0,,,0,0,0,0,0,False,,False,,False,,False,,False,,False,,Dockerfile(s) found but no Python entry point could be resolved
https://github.com/SeolhwaLee/Parlai_ver2,no_dockerfile,False,0,0,0,,,0,0,0,0,0,False,,False,,False,,False,,False,,False,,no Dockerfile and no fallback entry point found
https://github.com/ivanokhotnikov/effmap_demo,no_dockerfile,False,0,0,0,,,0,0,0,0,0,False,,False,,False,,False,,False,,False,,no Dockerfile and no fallback entry point found
https://github.com/CherubiniArt/mini_project_m05,ok,False,5,0,1,house_prices_m05_pkg\toolchain_all_params.py,fallback_console_script,8,18,2,0,0,True,house_prices_m05_pkg/py_scripts/HousePricesDatabase.py:78 pd.read_csv [matched pd.read_csv],True,house_prices_m05_pkg/py_scripts/DataPreprocessing.py:81 sklearn.preprocessing.OneHotEncoder [matched OneHotEncoder],True,house_prices_m05_pkg/py_scripts/RFAlgorithm.py:62 sklearn.ensemble.RandomForestRegressor [matched RandomForestRegressor],False,,True,house_prices_m05_pkg/py_scripts/Analysis.py:112 sklearn.metrics.r2_score [matched r2_score],True,house_prices_m05_pkg/py_scripts/utils.py:99 model.predict [matched model.predict],unverified: missing stages: training
https://github.com/limbachia/brain-state-predictions,no_dockerfile,False,0,0,0,,,0,0,0,0,0,False,,False,,False,,False,,False,,False,,no Dockerfile and no fallback entry point found
https://github.com/juanmoo/bayer-ie,no_dockerfile,False,0,0,0,,,0,0,0,0,0,False,,False,,False,,False,,False,,False,,no Dockerfile and no fallback entry point found
https://github.com/enuguru/artificial_intelligence_and_machine_learning,no_dockerfile,False,0,0,0,,,0,0,0,0,0,False,,False,,False,,False,,False,,False,,no Dockerfile and no fallback entry point found
https://github.com/dmurphy15/multiview-dlc,no_dockerfile,False,0,0,0,,,0,0,0,0,0,False,,False,,False,,False,,False,,False,,no Dockerfile and no fallback entry point found
https://github.com/GMJNow/GMJNow,no_entry,False,0,1,0,,,0,0,0,0,0,False,,False,,False,,False,,False,,False,,Dockerfile(s) found but no Python entry point could be resolved
https://github.com/manumerous/super_advanced_AI,ok,False,0,0,1,task0\main.py,fallback_nested,1,1,0,0,0,False,,False,,False,,False,,False,,False,,"unverified: missing stages: data_acquisition, data_preparation, modeling, training, evaluation, inference"
https://github.com/Nadja-K/keyphrase-extraction---Group-Project,ok,False,0,0,1,server\main.py,fallback_nested,1,0,0,0,0,False,,False,,False,,False,,False,,False,,"unverified: missing stages: data_acquisition, data_preparation, modeling, training, evaluation, inference"
https://github.com/taknev83/pywedge,no_dockerfile,False,0,0,0,,,0,0,0,0,0,False,,False,,False,,False,,False,,False,,no Dockerfile and no fallback entry point found
https://github.com/sebastianSbg/PAI,no_entry,False,0,4,0,,,0,0,0,0,0,False,,False,,False,,False,,False,,False,,Dockerfile(s) found but no Python entry point could be resolved
https://github.com/dhlab-epfl/dhSegment-text,no_dockerfile,False,0,0,0,,,0,0,0,0,0,False,,False,,False,,False,,False,,False,,no Dockerfile and no fallback entry point found
https://github.com/anshupandey/BootUP_maxis_data_science_level_2,no_entry,False,0,1,0,,,0,0,0,0,0,False,,False,,False,,False,,False,,False,,Dockerfile(s) found but no Python entry point could be resolved
https://github.com/strongio/torch-hlm,no_dockerfile,False,0,0,0,,,0,0,0,0,0,False,,False,,False,,False,,False,,False,,no Dockerfile and no fallback entry point found
https://github.com/mingyang3github/udacity-deep-learning,no_dockerfile,False,0,0,0,,,0,0,0,0,0,False,,False,,False,,False,,False,,False,,no Dockerfile and no fallback entry point found
https://github.com/DesmondYuan/ArtSearch,no_dockerfile,False,0,0,0,,,0,0,0,0,0,False,,False,,False,,False,,False,,False,,no Dockerfile and no fallback entry point found
https://github.com/Giyn/SafetyFirstAidSystem,no_dockerfile,False,0,0,0,,,0,0,0,0,0,False,,False,,False,,False,,False,,False,,no Dockerfile and no fallback entry point found
https://github.com/SeldonIO/DistributedKernelShap,no_entry,False,0,1,0,,,0,0,0,0,0,False,,False,,False,,False,,False,,False,,Dockerfile(s) found but no Python entry point could be resolved
https://github.com/DataLiftoff/Analysis_Of_The_Movement_Of_Rental_Bikes,no_entry,False,0,3,0,,,0,0,0,0,0,False,,False,,False,,False,,False,,False,,Dockerfile(s) found but no Python entry point could be resolved
https://github.com/johnnyrn66/example,no_dockerfile,False,0,0,0,,,0,0,0,0,0,False,,False,,False,,False,,False,,False,,no Dockerfile and no fallback entry point found
https://github.com/danloew/Springboard-2nd-Capstone,no_dockerfile,False,0,0,0,,,0,0,0,0,0,False,,False,,False,,False,,False,,False,,no Dockerfile and no fallback entry point found
https://github.com/ankitrajixr/Shotifier-Pipeline,no_dockerfile,False,0,0,0,,,0,0,0,0,0,False,,False,,False,,False,,False,,False,,no Dockerfile and no fallback entry point found
https://github.com/sharath/neural-stylometry,no_dockerfile,False,0,0,0,,,0,0,0,0,0,False,,False,,False,,False,,False,,False,,no Dockerfile and no fallback entry point found
https://github.com/SNACES/core,no_dockerfile,False,0,0,0,,,0,0,0,0,0,False,,False,,False,,False,,False,,False,,no Dockerfile and no fallback entry point found
https://github.com/orga-de-datos/practicas,no_dockerfile,False,0,0,0,,,0,0,0,0,0,False,,False,,False,,False,,False,,False,,no Dockerfile and no fallback entry point found
https://github.com/allongoldbergpudt/QuantumPysynth,no_dockerfile,False,0,0,0,,,0,0,0,0,0,False,,False,,False,,False,,False,,False,,no Dockerfile and no fallback entry point found
https://github.com/snandasena/mljar,no_entry,False,0,1,0,,,0,0,0,0,0,False,,False,,False,,False,,False,,False,,Dockerfile(s) found but no Python entry point could be resolved
https://github.com/adamx97/Data-Science-Advanced-Capstone,no_dockerfile,False,0,0,0,,,0,0,0,0,0,False,,False,,False,,False,,False,,False,,no Dockerfile and no fallback entry point found
https://github.com/leeping/nanoreactor,no_dockerfile,False,0,0,0,,,0,0,0,0,0,False,,False,,False,,False,,False,,False,,no Dockerfile and no fallback entry point found
https://github.com/callaunchpad/interact,no_dockerfile,False,0,0,0,,,0,0,0,0,0,False,,False,,False,,False,,False,,False,,no Dockerfile and no fallback entry point found
https://github.com/airy-ict/learn_python,no_dockerfile,False,0,0,0,,,0,0,0,0,0,False,,False,,False,,False,,False,,False,,no Dockerfile and no fallback entry point found
https://github.com/NMBU-Data-Science/RENT,no_dockerfile,False,0,0,0,,,0,0,0,0,0,False,,False,,False,,False,,False,,False,,no Dockerfile and no fallback entry point found
https://github.com/uio-bmi/immuneML,ok,True,6,1,1,immuneML\app\ImmuneMLApp.py,fallback_console_script,210,1183,8,0,3,True,immuneML/dsl/ImmuneMLParser.py:109 yaml.safe_load [matched yaml.safe_load],True,immuneML/IO/dataset_import/DataImport.py:226 pd.concat [matched pd.concat],True,immuneML/encodings/protein_embedding/TCRBertEncoder.py:107 transformers.BertModel.from_pretrained [matched BertModel.from_pretrained],True,immuneML/ml_methods/classifiers/SklearnMethod.py:186 sklearn.model_selection.RandomizedSearchCV [matched RandomizedSearchCV],True,immuneML/encodings/motif_encoding/MotifEncoder.py:409 sklearn.metrics.confusion_matrix [matched confusion_matrix],True,immuneML/encodings/protein_embedding/ESMCEncoder.py:120 torch.no_grad [matched torch.no_grad],verified: all 6 stages present
https://github.com/scrssys/SCRS_RS_AI,no_dockerfile,False,0,0,0,,,0,0,0,0,0,False,,False,,False,,False,,False,,False,,no Dockerfile and no fallback entry point found
https://github.com/TestaDiRapa/asimov,no_dockerfile,False,0,0,0,,,0,0,0,0,0,False,,False,,False,,False,,False,,False,,no Dockerfile and no fallback entry point found
https://github.com/alihashemcs/ML-Pipeline,no_dockerfile,False,0,0,0,,,0,0,0,0,0,False,,False,,False,,False,,False,,False,,no Dockerfile and no fallback entry point found
https://github.com/Data-Lama/covid_contact_graphs,no_dockerfile,False,0,0,0,,,0,0,0,0,0,False,,False,,False,,False,,False,,False,,no Dockerfile and no fallback entry point found
https://github.com/pedrolarben/ADLStream,no_dockerfile,False,0,0,0,,,0,0,0,0,0,False,,False,,False,,False,,False,,False,,no Dockerfile and no fallback entry point found
https://github.com/jbohnslav/deepethogram,ok,False,5,1,1,deepethogram\__main__.py,fallback_nested,12,307,4,0,1,True,deepethogram/gui/main.py:733 pd.read_csv [matched pd.read_csv],True,deepethogram/flow_generator/utils.py:277 deepethogram.utils.Normalizer [matched Normalizer],True,deepethogram/flow_generator/utils.py:0 class Resample2d [matched <class subclasses model base>],False,,True,deepethogram/metrics.py:117 sklearn.metrics.f1_score [matched f1_score],True,deepethogram/flow_generator/utils.py:387 torch.no_grad [matched torch.no_grad],unverified: missing stages: training
https://github.com/bksaini078/fake_news_detection,no_dockerfile,False,0,0,0,,,0,0,0,0,0,False,,False,,False,,False,,False,,False,,no Dockerfile and no fallback entry point found
https://github.com/prokokok/deep-learning-v2-pytorch,no_dockerfile,False,0,0,0,,,0,0,0,0,0,False,,False,,False,,False,,False,,False,,no Dockerfile and no fallback entry point found
https://github.com/corey-fontenot/kc_house_prediction,no_dockerfile,False,0,0,0,,,0,0,0,0,0,False,,False,,False,,False,,False,,False,,no Dockerfile and no fallback entry point found
https://github.com/azavea/noaa-flood-mapping,no_entry,False,0,2,0,,,0,0,0,0,0,False,,False,,False,,False,,False,,False,,Dockerfile(s) found but no Python entry point could be resolved
https://github.com/eloquentarduino/eloquentarduino-python,no_entry,False,0,1,0,,,0,0,0,0,0,False,,False,,False,,False,,False,,False,,Dockerfile(s) found but no Python entry point could be resolved
https://github.com/allenyllee/AI_Clerk_helper,no_entry,False,0,1,0,,,0,0,0,0,0,False,,False,,False,,False,,False,,False,,Dockerfile(s) found but no Python entry point could be resolved
https://github.com/ComradOrg/Comrad,no_dockerfile,False,0,0,0,,,0,0,0,0,0,False,,False,,False,,False,,False,,False,,no Dockerfile and no fallback entry point found
https://github.com/jeeweshjha/handson-ml,no_entry,False,0,1,0,,,0,0,0,0,0,False,,False,,False,,False,,False,,False,,Dockerfile(s) found but no Python entry point could be resolved
https://github.com/Justdjent/agrivision_challenge,no_dockerfile,False,0,0,0,,,0,0,0,0,0,False,,False,,False,,False,,False,,False,,no Dockerfile and no fallback entry point found
https://github.com/akshkr/pandora-python,no_dockerfile,False,0,0,0,,,0,0,0,0,0,False,,False,,False,,False,,False,,False,,no Dockerfile and no fallback entry point found
https://github.com/jeeweshjha/cloudxlab,no_dockerfile,False,0,0,0,,,0,0,0,0,0,False,,False,,False,,False,,False,,False,,no Dockerfile and no fallback entry point found
https://github.com/replicate/keepsake,no_dockerfile,False,0,0,0,,,0,0,0,0,0,False,,False,,False,,False,,False,,False,,no Dockerfile and no fallback entry point found
https://github.com/Micseb/proj_DL_models_and_pipelines_with_GCP,no_entry,False,0,2,0,,,0,0,0,0,0,False,,False,,False,,False,,False,,False,,Dockerfile(s) found but no Python entry point could be resolved
https://github.com/jennifer-gould/thoughtfulml-python,no_dockerfile,False,0,0,0,,,0,0,0,0,0,False,,False,,False,,False,,False,,False,,no Dockerfile and no fallback entry point found
https://github.com/Skeftical/Explaining-Aggregates,no_dockerfile,False,0,0,0,,,0,0,0,0,0,False,,False,,False,,False,,False,,False,,no Dockerfile and no fallback entry point found
https://github.com/kitsiosk/thesis-attention,no_dockerfile,False,0,0,0,,,0,0,0,0,0,False,,False,,False,,False,,False,,False,,no Dockerfile and no fallback entry point found
https://github.com/brunowdev/disaster-response,ok,False,3,0,1,app\run.py,fallback_nested,1,4,0,0,0,True,app/run.py:41 sqlalchemy.create_engine [matched sqlalchemy.create_engine],True,app/run.py:30 nltk.tokenize.word_tokenize [matched nltk.tokenize.word_tokenize],False,,False,,False,,True,app/run.py:27 flask.Flask [matched Flask],"unverified: missing stages: modeling, training, evaluation"
https://github.com/carlosevi94/Kaggle_Microsoft,no_dockerfile,False,0,0,0,,,0,0,0,0,0,False,,False,,False,,False,,False,,False,,no Dockerfile and no fallback entry point found
https://github.com/Aryal007/ml_satellite_image_segmentation,no_dockerfile,False,0,0,0,,,0,0,0,0,0,False,,False,,False,,False,,False,,False,,no Dockerfile and no fallback entry point found
https://github.com/ddomingof/KEEN,no_dockerfile,False,0,0,0,,,0,0,0,0,0,False,,False,,False,,False,,False,,False,,no Dockerfile and no fallback entry point found
https://github.com/maggiecorrell/text_classifier,no_dockerfile,False,0,0,0,,,0,0,0,0,0,False,,False,,False,,False,,False,,False,,no Dockerfile and no fallback entry point found
https://github.com/ferdiko/MMST-spelling-correction,no_dockerfile,False,0,0,0,,,0,0,0,0,0,False,,False,,False,,False,,False,,False,,no Dockerfile and no fallback entry point found
https://github.com/samaritan/services,no_entry,False,0,24,0,,,0,0,0,0,0,False,,False,,False,,False,,False,,False,,Dockerfile(s) found but no Python entry point could be resolved
https://github.com/liza0525/MindGitter,no_entry,False,0,5,0,,,0,0,0,0,0,False,,False,,False,,False,,False,,False,,Dockerfile(s) found but no Python entry point could be resolved
https://github.com/wpmcgrath95/BDA696_ML_Project,no_entry,False,0,1,0,,,0,0,0,0,0,False,,False,,False,,False,,False,,False,,Dockerfile(s) found but no Python entry point could be resolved
https://github.com/Met4FoF/Code,no_dockerfile,False,0,0,0,,,0,0,0,0,0,False,,False,,False,,False,,False,,False,,no Dockerfile and no fallback entry point found
https://github.com/lisaong/adl,no_dockerfile,False,0,0,0,,,0,0,0,0,0,False,,False,,False,,False,,False,,False,,no Dockerfile and no fallback entry point found
https://github.com/Honghan/EnsemblePrediction,no_dockerfile,False,0,0,0,,,0,0,0,0,0,False,,False,,False,,False,,False,,False,,no Dockerfile and no fallback entry point found
https://github.com/knowbodynos/wikontext,ok,False,2,1,1,wikontext\app.py,fallback_nested,3,10,1,0,0,False,,True,wikontext/nlp.py:15 nltk.stem.WordNetLemmatizer [matched nltk.stem.WordNetLemmatizer],False,,False,,False,,True,wikontext/app.py:38 flask.Flask [matched Flask],"unverified: missing stages: data_acquisition, modeling, training, evaluation"
https://github.com/wkopp/SpreedictorMPowerParkinson,no_dockerfile,False,0,0,0,,,0,0,0,0,0,False,,False,,False,,False,,False,,False,,no Dockerfile and no fallback entry point found
https://github.com/griquelme/tidyms,no_dockerfile,False,0,0,0,,,0,0,0,0,0,False,,False,,False,,False,,False,,False,,no Dockerfile and no fallback entry point found
https://github.com/adamsolomou/recommender,ok,False,3,0,1,src\main.py,fallback_nested,1,1,0,0,0,False,,False,,True,src/main.py:151 sklearn.linear_model.LinearRegression [matched LinearRegression],True,src/main.py:92 model.fit [matched model.fit],False,,True,src/main.py:94 model.predict [matched model.predict],"unverified: missing stages: data_acquisition, data_preparation, evaluation"
https://github.com/veritas9872/Bioinformatics-Project,no_dockerfile,False,0,0,0,,,0,0,0,0,0,False,,False,,False,,False,,False,,False,,no Dockerfile and no fallback entry point found
https://github.com/THinnerichs/KAUST-Simple-classifier,no_dockerfile,False,0,0,0,,,0,0,0,0,0,False,,False,,False,,False,,False,,False,,no Dockerfile and no fallback entry point found
https://github.com/TechforgoodCAST/beehive-data-etl,no_dockerfile,False,0,0,0,,,0,0,0,0,0,False,,False,,False,,False,,False,,False,,no Dockerfile and no fallback entry point found
https://github.com/benbroner/gym-sip,no_dockerfile,False,0,0,0,,,0,0,0,0,0,False,,False,,False,,False,,False,,False,,no Dockerfile and no fallback entry point found
https://github.com/EtWnn/AlphaTerminal,no_dockerfile,False,0,0,0,,,0,0,0,0,0,False,,False,,False,,False,,False,,False,,no Dockerfile and no fallback entry point found
https://github.com/ryanmdavis/BioTechTopics,no_dockerfile,False,0,0,0,,,0,0,0,0,0,False,,False,,False,,False,,False,,False,,no Dockerfile and no fallback entry point found
https://github.com/blacktanktop/cuberl,no_dockerfile,False,0,0,0,,,0,0,0,0,0,False,,False,,False,,False,,False,,False,,no Dockerfile and no fallback entry point found
https://github.com/DSC-UTDallas/explore-ml,no_dockerfile,False,0,0,0,,,0,0,0,0,0,False,,False,,False,,False,,False,,False,,no Dockerfile and no fallback entry point found
https://github.com/lam1910/face-recog,no_dockerfile,False,0,0,0,,,0,0,0,0,0,False,,False,,False,,False,,False,,False,,no Dockerfile and no fallback entry point found
https://github.com/GateNLP/StanceClassifier,ok,False,1,1,1,StanceClassifier\__main__.py,fallback_nested,2,0,1,0,0,True,StanceClassifier/__main__.py:19 json.load [matched json.load],False,,False,,False,,False,,False,,"unverified: missing stages: data_preparation, modeling, training, evaluation, inference"
https://github.com/skykying/ray-mirror,ok,False,2,8,1,rllib\train.py,fallback_nested,6,40,4,0,0,True,rllib/train.py:135 yaml.safe_load [matched yaml.safe_load],False,,True,rllib/utils/torch_ops.py:0 class Swish [matched <class subclasses model base>],False,,False,,False,,"unverified: missing stages: data_preparation, training, evaluation, inference"
https://github.com/Akasan/TorchUtils,no_dockerfile,False,0,0,0,,,0,0,0,0,0,False,,False,,False,,False,,False,,False,,no Dockerfile and no fallback entry point found
https://github.com/rsherer/fastbal,no_dockerfile,False,0,0,0,,,0,0,0,0,0,False,,False,,False,,False,,False,,False,,no Dockerfile and no fallback entry point found
https://github.com/jerryji1993/DNABERT,no_dockerfile,False,0,0,0,,,0,0,0,0,0,False,,False,,False,,False,,False,,False,,no Dockerfile and no fallback entry point found
https://github.com/Jscholtes128/Azure-AI-TurboFan-Examples,no_dockerfile,False,0,0,0,,,0,0,0,0,0,False,,False,,False,,False,,False,,False,,no Dockerfile and no fallback entry point found
https://github.com/kundajelab/basepairmodels,ok,False,0,0,1,basepairmodels\cli\bpnettrainer.py,fallback_console_script,4,3,1,0,0,False,,False,,False,,False,,False,,False,,"unverified: missing stages: data_acquisition, data_preparation, modeling, training, evaluation, inference"
https://github.com/VincentGogo/cn-deep-learning,clone_failed,False,0,0,0,,,0,0,0,0,0,False,,False,,False,,False,,False,,False,,remote: Repository not found.
https://github.com/hdmamin/self-supervised-vision-exp,no_dockerfile,False,0,0,0,,,0,0,0,0,0,False,,False,,False,,False,,False,,False,,no Dockerfile and no fallback entry point found
https://github.com/DevinWang23/tencent_2020_ad_competition,no_dockerfile,False,0,0,0,,,0,0,0,0,0,False,,False,,False,,False,,False,,False,,no Dockerfile and no fallback entry point found
https://github.com/munhyunsu/tff-app,no_dockerfile,False,0,0,0,,,0,0,0,0,0,False,,False,,False,,False,,False,,False,,no Dockerfile and no fallback entry point found
https://github.com/Zeeshan-23/Udacity_Deep_Learning,no_dockerfile,False,0,0,0,,,0,0,0,0,0,False,,False,,False,,False,,False,,False,,no Dockerfile and no fallback entry point found
https://github.com/apelczar/cps_sqrp,no_dockerfile,False,0,0,0,,,0,0,0,0,0,False,,False,,False,,False,,False,,False,,no Dockerfile and no fallback entry point found
https://github.com/tobias-fyi/post_here_ds,no_dockerfile,False,0,0,0,,,0,0,0,0,0,False,,False,,False,,False,,False,,False,,no Dockerfile and no fallback entry point found
https://github.com/nvanva/filimdb_evaluation,no_dockerfile,False,0,0,0,,,0,0,0,0,0,False,,False,,False,,False,,False,,False,,no Dockerfile and no fallback entry point found
https://github.com/ucd-dnp/ocupacion_rh,ok,False,0,1,1,app\main.py,fallback_nested,1,0,0,1,0,False,,False,,False,,False,,False,,False,,"unverified: missing stages: data_acquisition, data_preparation, modeling, training, evaluation, inference"
https://github.com/pic2mood/Eliana,no_dockerfile,False,0,0,0,,,0,0,0,0,0,False,,False,,False,,False,,False,,False,,no Dockerfile and no fallback entry point found
https://github.com/spacetelescope/dat_pyinthesky,no_dockerfile,False,0,0,0,,,0,0,0,0,0,False,,False,,False,,False,,False,,False,,no Dockerfile and no fallback entry point found
https://github.com/eerhardt/fastai,no_dockerfile,False,0,0,0,,,0,0,0,0,0,False,,False,,False,,False,,False,,False,,no Dockerfile and no fallback entry point found
https://github.com/nsidn98/PyThor,no_dockerfile,False,0,0,0,,,0,0,0,0,0,False,,False,,False,,False,,False,,False,,no Dockerfile and no fallback entry point found
https://github.com/yngtodd/eleven,no_dockerfile,False,0,0,0,,,0,0,0,0,0,False,,False,,False,,False,,False,,False,,no Dockerfile and no fallback entry point found
https://github.com/EngEryx/handson-ml,no_entry,False,0,1,0,,,0,0,0,0,0,False,,False,,False,,False,,False,,False,,Dockerfile(s) found but no Python entry point could be resolved
https://github.com/Astarcorp/testapp,no_dockerfile,False,0,0,0,,,0,0,0,0,0,False,,False,,False,,False,,False,,False,,no Dockerfile and no fallback entry point found
https://github.com/jcs-lambda/lambdata-jcs-lambda,no_entry,False,0,1,0,,,0,0,0,0,0,False,,False,,False,,False,,False,,False,,Dockerfile(s) found but no Python entry point could be resolved
https://github.com/ArpitFalcon/bhavishyavaanee,no_dockerfile,False,0,0,0,,,0,0,0,0,0,False,,False,,False,,False,,False,,False,,no Dockerfile and no fallback entry point found
https://github.com/share020/dl,no_dockerfile,False,0,0,0,,,0,0,0,0,0,False,,False,,False,,False,,False,,False,,no Dockerfile and no fallback entry point found
https://github.com/sp-analytics/Cloudx-ML,no_dockerfile,False,0,0,0,,,0,0,0,0,0,False,,False,,False,,False,,False,,False,,no Dockerfile and no fallback entry point found
https://github.com/ahsanbarkati/DRQA,no_dockerfile,False,0,0,0,,,0,0,0,0,0,False,,False,,False,,False,,False,,False,,no Dockerfile and no fallback entry point found
https://github.com/mhaythornthwaite/Testing_ML_Algorithms,no_dockerfile,False,0,0,0,,,0,0,0,0,0,False,,False,,False,,False,,False,,False,,no Dockerfile and no fallback entry point found
https://github.com/karl-hajjar/wide-networks,no_dockerfile,False,0,0,0,,,0,0,0,0,0,False,,False,,False,,False,,False,,False,,no Dockerfile and no fallback entry point found
https://github.com/epoch8/cv-pipeliner,no_dockerfile,False,0,0,0,,,0,0,0,0,0,False,,False,,False,,False,,False,,False,,no Dockerfile and no fallback entry point found
https://github.com/chandramouli303/WellPythonBasicWise,no_dockerfile,False,0,0,0,,,0,0,0,0,0,False,,False,,False,,False,,False,,False,,no Dockerfile and no fallback entry point found
https://github.com/berkeley-reclab/RecLab,no_dockerfile,False,0,0,0,,,0,0,0,0,0,False,,False,,False,,False,,False,,False,,no Dockerfile and no fallback entry point found
https://github.com/msaito8623/pyult,ok,False,0,0,1,pyult\__main__.py,fallback_nested,2,3,1,0,1,False,,False,,False,,False,,False,,False,,"unverified: missing stages: data_acquisition, data_preparation, modeling, training, evaluation, inference"
https://github.com/lkarjun/data-science-from-scratch,no_dockerfile,False,0,0,0,,,0,0,0,0,0,False,,False,,False,,False,,False,,False,,no Dockerfile and no fallback entry point found
https://github.com/vitessce/vitessce-data,no_dockerfile,False,0,0,0,,,0,0,0,0,0,False,,False,,False,,False,,False,,False,,no Dockerfile and no fallback entry point found
https://github.com/StartOnAI/Cerbo,no_dockerfile,False,0,0,0,,,0,0,0,0,0,False,,False,,False,,False,,False,,False,,no Dockerfile and no fallback entry point found
https://github.com/ptynecki/PHAGES2050,no_dockerfile,False,0,0,0,,,0,0,0,0,0,False,,False,,False,,False,,False,,False,,no Dockerfile and no fallback entry point found
https://github.com/joetimmerman/mlb_stats,no_dockerfile,False,0,0,0,,,0,0,0,0,0,False,,False,,False,,False,,False,,False,,no Dockerfile and no fallback entry point found
https://github.com/jesse-lehrke/codoxer,no_dockerfile,False,0,0,0,,,0,0,0,0,0,False,,False,,False,,False,,False,,False,,no Dockerfile and no fallback entry point found
https://github.com/ZPedroP/ASAPPpy,no_dockerfile,False,0,0,0,,,0,0,0,0,0,False,,False,,False,,False,,False,,False,,no Dockerfile and no fallback entry point found
https://github.com/WasifurRahman/BERT_multimodal_transformer,no_dockerfile,False,0,0,0,,,0,0,0,0,0,False,,False,,False,,False,,False,,False,,no Dockerfile and no fallback entry point found
https://github.com/crystal-butler/AI-workspace,no_dockerfile,False,0,0,0,,,0,0,0,0,0,False,,False,,False,,False,,False,,False,,no Dockerfile and no fallback entry point found
https://github.com/Med-Cab-2020-Aug-PT/ML2,no_dockerfile,False,0,0,0,,,0,0,0,0,0,False,,False,,False,,False,,False,,False,,no Dockerfile and no fallback entry point found
https://github.com/marrlab/Med-AL-SSL,no_dockerfile,False,0,0,0,,,0,0,0,0,0,False,,False,,False,,False,,False,,False,,no Dockerfile and no fallback entry point found
https://github.com/Mind-the-Pineapple/mind-the-gap,no_dockerfile,False,0,0,0,,,0,0,0,0,0,False,,False,,False,,False,,False,,False,,no Dockerfile and no fallback entry point found
https://github.com/frenzytejask98/ML_TA_IIITB_2020,no_dockerfile,False,0,0,0,,,0,0,0,0,0,False,,False,,False,,False,,False,,False,,no Dockerfile and no fallback entry point found
https://github.com/shashankboosi/Mycroft,ok,False,1,0,1,src\main.py,fallback_nested,1,1,0,0,0,True,src/main.py:42 pd.read_csv [matched pd.read_csv],False,,False,,False,,False,,False,,"unverified: missing stages: data_preparation, modeling, training, evaluation, inference"
https://github.com/fazaki/cycle_prediction,no_dockerfile,False,0,0,0,,,0,0,0,0,0,False,,False,,False,,False,,False,,False,,no Dockerfile and no fallback entry point found
https://github.com/cjto/HarvardEdX-CS50s-Intro-to-AI,no_dockerfile,False,0,0,0,,,0,0,0,0,0,False,,False,,False,,False,,False,,False,,no Dockerfile and no fallback entry point found
https://github.com/AkulK1/TextReadability,no_dockerfile,False,0,0,0,,,0,0,0,0,0,False,,False,,False,,False,,False,,False,,no Dockerfile and no fallback entry point found
https://github.com/MLRichter/phd-lab,no_dockerfile,False,0,0,0,,,0,0,0,0,0,False,,False,,False,,False,,False,,False,,no Dockerfile and no fallback entry point found
https://github.com/Med-Cab-2020-Aug-PT/DS,ok,False,2,0,1,app\main.py,fallback_nested,3,13,2,0,0,True,app/database.py:13 pymongo.MongoClient [matched pymongo.MongoClient],False,,False,,False,,False,,True,app/main.py:4 flask.Flask [matched Flask],"unverified: missing stages: data_preparation, modeling, training, evaluation"
https://github.com/centre-for-humanities-computing/hpv-vaccine,no_dockerfile,False,0,0,0,,,0,0,0,0,0,False,,False,,False,,False,,False,,False,,no Dockerfile and no fallback entry point found
https://github.com/seansaito/Faster-LIME,no_dockerfile,False,0,0,0,,,0,0,0,0,0,False,,False,,False,,False,,False,,False,,no Dockerfile and no fallback entry point found
https://github.com/wprazuch/PythonPlayground,no_entry,False,0,1,0,,,0,0,0,0,0,False,,False,,False,,False,,False,,False,,Dockerfile(s) found but no Python entry point could be resolved
https://github.com/dkmva/pegit,no_dockerfile,False,0,0,0,,,0,0,0,0,0,False,,False,,False,,False,,False,,False,,no Dockerfile and no fallback entry point found
https://github.com/Rachneet/pilot_app,no_entry,False,0,2,0,,,0,0,0,0,0,False,,False,,False,,False,,False,,False,,Dockerfile(s) found but no Python entry point could be resolved
https://github.com/camlab-bioml/astir,ok,False,5,0,1,astir\cli.py,fallback_console_script,11,100,5,0,0,True,astir/data/data_readers.py:41 pd.read_csv [matched pd.read_csv],True,astir/data/data_readers.py:81 pd.concat [matched pd.concat],True,astir/models/cellstate_recognet.py:0 class StateRecognitionNet [matched <class subclasses model base>],True,astir/astir.py:248 model.fit [matched model.fit],False,,True,astir/data/scdataset.py:290 torch.no_grad [matched torch.no_grad],unverified: missing stages: evaluation
https://github.com/inf-covid19/lung-segmentation,no_dockerfile,False,0,0,0,,,0,0,0,0,0,False,,False,,False,,False,,False,,False,,no Dockerfile and no fallback entry point found
https://github.com/pratyusa98/Supervised-ML,no_dockerfile,False,0,0,0,,,0,0,0,0,0,False,,False,,False,,False,,False,,False,,no Dockerfile and no fallback entry point found
https://github.com/palashkulsh/nseproxy,no_dockerfile,False,0,0,0,,,0,0,0,0,0,False,,False,,False,,False,,False,,False,,no Dockerfile and no fallback entry point found
https://github.com/centre-for-humanities-computing/chinese-twitter,no_dockerfile,False,0,0,0,,,0,0,0,0,0,False,,False,,False,,False,,False,,False,,no Dockerfile and no fallback entry point found
https://github.com/stefmolin/Hands-On-Data-Analysis-with-Pandas-2nd-edition,no_dockerfile,False,0,0,0,,,0,0,0,0,0,False,,False,,False,,False,,False,,False,,no Dockerfile and no fallback entry point found
https://github.com/jingdao/learn_region_grow,no_dockerfile,False,0,0,0,,,0,0,0,0,0,False,,False,,False,,False,,False,,False,,no Dockerfile and no fallback entry point found
https://github.com/wbu2/Presidentifier,no_dockerfile,False,0,0,0,,,0,0,0,0,0,False,,False,,False,,False,,False,,False,,no Dockerfile and no fallback entry point found
https://github.com/LoLei/ircbot,no_dockerfile,False,0,0,0,,,0,0,0,0,0,False,,False,,False,,False,,False,,False,,no Dockerfile and no fallback entry point found
https://github.com/3370sohail/2dto3dreconstruction,ok,False,2,0,1,dense_depth\train.py,fallback_nested,3,7,1,0,0,True,utils/utils.py:17 cv2.imread [matched cv2.imread],False,,False,,True,dense_depth/train.py:87 model.fit_generator [matched model.fit_generator],False,,False,,"unverified: missing stages: data_preparation, modeling, evaluation, inference"
https://github.com/fjbautistas/kde_example,no_dockerfile,False,0,0,0,,,0,0,0,0,0,False,,False,,False,,False,,False,,False,,no Dockerfile and no fallback entry point found
https://github.com/emmysobieski/TeamPySpark,no_dockerfile,False,0,0,0,,,0,0,0,0,0,False,,False,,False,,False,,False,,False,,no Dockerfile and no fallback entry point found
https://github.com/nagyrajmund/summer_internship_KTH,ok,False,5,2,1,gesticulator\train.py,fallback_nested,5,50,3,0,0,True,gesticulator/model/model.py:214 def train_dataloader [matched <lightning hook train_dataloader>],False,,True,gesticulator/model/model.py:0 class GesticulatorModel [matched <class subclasses model base>],True,gesticulator/train.py:44 trainer.fit [matched trainer.fit],True,gesticulator/train.py:47 trainer.test [matched trainer.test],True,gesticulator/train.py:47 trainer.test [matched trainer.test],unverified: missing stages: data_preparation
https://github.com/Build-Week-Med-Cab/DS,ok,False,1,0,1,app\main.py,fallback_nested,2,0,1,0,0,False,,False,,False,,False,,False,,True,app/main.py:8 fastapi.FastAPI [matched FastAPI],"unverified: missing stages: data_acquisition, data_preparation, modeling, training, evaluation"
https://github.com/pablogadhi/LanguageDetection,no_entry,False,0,1,0,,,0,0,0,0,0,False,,False,,False,,False,,False,,False,,Dockerfile(s) found but no Python entry point could be resolved
https://github.com/chaolinhan/MSc_Project,no_dockerfile,False,0,0,0,,,0,0,0,0,0,False,,False,,False,,False,,False,,False,,no Dockerfile and no fallback entry point found
https://github.com/timeatlas-dev/timeatlas,no_dockerfile,False,0,0,0,,,0,0,0,0,0,False,,False,,False,,False,,False,,False,,no Dockerfile and no fallback entry point found
https://github.com/minhhoangho/Keras-textsummarization,no_dockerfile,False,0,0,0,,,0,0,0,0,0,False,,False,,False,,False,,False,,False,,no Dockerfile and no fallback entry point found
https://github.com/felipeoliverai/scicrop-ml,no_dockerfile,False,0,0,0,,,0,0,0,0,0,False,,False,,False,,False,,False,,False,,no Dockerfile and no fallback entry point found
https://github.com/siicosmos/emotion-picture-correlator,no_entry,False,0,1,0,,,0,0,0,0,0,False,,False,,False,,False,,False,,False,,Dockerfile(s) found but no Python entry point could be resolved
https://github.com/dalbabur/Asymmetric-Paricles-NN,no_dockerfile,False,0,0,0,,,0,0,0,0,0,False,,False,,False,,False,,False,,False,,no Dockerfile and no fallback entry point found
https://github.com/COS301-SE-2020/ALFA-ML,ok,False,2,0,1,app\main.py,fallback_nested,1,6,0,0,0,True,app/main.py:18 flask_pymongo.pymongo.MongoClient [matched pymongo.MongoClient],False,,False,,False,,False,,True,app/main.py:26 flask.Flask [matched Flask],"unverified: missing stages: data_preparation, modeling, training, evaluation"
https://github.com/Techtonique/teller,no_dockerfile,False,0,0,0,,,0,0,0,0,0,False,,False,,False,,False,,False,,False,,no Dockerfile and no fallback entry point found
https://github.com/matkalinowski/EfficientNet-on-Stanford-Cars-Dataset,ok,True,6,0,1,training\train.py,fallback_nested,23,77,2,0,0,True,datasets/stanford/stanford_cars_data_module.py:99 def train_dataloader [matched <lightning hook train_dataloader>],True,datasets/stanford/stanford_cars_data_module.py:37 torchvision.transforms.Resize [matched torchvision.transforms.*],True,models/efficient_net/efficient_net.py:27 nn.BatchNorm2d [matched nn.BatchNorm2d],True,training/train.py:59 trainer.fit [matched trainer.fit],True,training/cars_dataset_callback.py:86 sklearn.metrics.classification_report [matched classification_report],True,training/cars_dataset_callback.py:28 model.eval [matched model.eval],verified: all 6 stages present
https://github.com/ShepherdCode/ShepherdML,no_dockerfile,False,0,0,0,,,0,0,0,0,0,False,,False,,False,,False,,False,,False,,no Dockerfile and no fallback entry point found
https://github.com/ailabstw/ezGeno,no_dockerfile,False,0,0,0,,,0,0,0,0,0,False,,False,,False,,False,,False,,False,,no Dockerfile and no fallback entry point found
https://github.com/davidfox87/neuro_encoding_models,no_dockerfile,False,0,0,0,,,0,0,0,0,0,False,,False,,False,,False,,False,,False,,no Dockerfile and no fallback entry point found
https://github.com/Prathamesh-Verlekar/Algorithmic-Digital-Marketing,no_dockerfile,False,0,0,0,,,0,0,0,0,0,False,,False,,False,,False,,False,,False,,no Dockerfile and no fallback entry point found
https://github.com/mazmazz/SkepticSystem,no_dockerfile,False,0,0,0,,,0,0,0,0,0,False,,False,,False,,False,,False,,False,,no Dockerfile and no fallback entry point found
https://github.com/Pabi235/ML-code,no_dockerfile,False,0,0,0,,,0,0,0,0,0,False,,False,,False,,False,,False,,False,,no Dockerfile and no fallback entry point found
https://github.com/hukangli/https-github.com-deepinsight-insightface,ok,False,1,0,1,src\train.py,fallback_nested,1,11,0,0,0,False,,False,,False,,True,src/train.py:1003 model.fit [matched model.fit],False,,False,,"unverified: missing stages: data_acquisition, data_preparation, modeling, evaluation, inference"
https://github.com/rekib0023/Flight-Fare-Prediction,no_dockerfile,False,0,0,0,,,0,0,0,0,0,False,,False,,False,,False,,False,,False,,no Dockerfile and no fallback entry point found
https://github.com/visym/keynet,no_dockerfile,False,0,0,0,,,0,0,0,0,0,False,,False,,False,,False,,False,,False,,no Dockerfile and no fallback entry point found
https://github.com/lsg1213/ai_model,no_dockerfile,False,0,0,0,,,0,0,0,0,0,False,,False,,False,,False,,False,,False,,no Dockerfile and no fallback entry point found
https://github.com/antvig/cloudFinder,no_dockerfile,False,0,0,0,,,0,0,0,0,0,False,,False,,False,,False,,False,,False,,no Dockerfile and no fallback entry point found
https://github.com/bluebetsy/OSBuddy,no_dockerfile,False,0,0,0,,,0,0,0,0,0,False,,False,,False,,False,,False,,False,,no Dockerfile and no fallback entry point found
https://github.com/neuml/txtai,no_entry,False,0,6,1,,dockerfile,0,0,0,0,0,False,,False,,False,,False,,False,,False,,no resolved entry point yielded a usable call graph
https://github.com/leeyuankang/text_mining_project,no_dockerfile,False,0,0,0,,,0,0,0,0,0,False,,False,,False,,False,,False,,False,,no Dockerfile and no fallback entry point found
https://github.com/harshit158/ser-based-conditional-gan,no_dockerfile,False,0,0,0,,,0,0,0,0,0,False,,False,,False,,False,,False,,False,,no Dockerfile and no fallback entry point found
https://github.com/RWTH-EBC/pyDMPC,no_dockerfile,False,0,0,0,,,0,0,0,0,0,False,,False,,False,,False,,False,,False,,no Dockerfile and no fallback entry point found
https://github.com/oxenberg/ML_Final_Project,no_dockerfile,False,0,0,0,,,0,0,0,0,0,False,,False,,False,,False,,False,,False,,no Dockerfile and no fallback entry point found
https://github.com/Swayam595/SpartanSecurity,no_dockerfile,False,0,0,0,,,0,0,0,0,0,False,,False,,False,,False,,False,,False,,no Dockerfile and no fallback entry point found
https://github.com/dataiku/dss-plugin-model-data-compliance,no_dockerfile,False,0,0,0,,,0,0,0,0,0,False,,False,,False,,False,,False,,False,,no Dockerfile and no fallback entry point found
https://github.com/Jonathanmagbadelo/dissertation,no_entry,False,0,2,0,,,0,0,0,0,0,False,,False,,False,,False,,False,,False,,Dockerfile(s) found but no Python entry point could be resolved
https://github.com/LawsonAbs/Transformers,no_entry,False,0,19,0,,,0,0,0,0,0,False,,False,,False,,False,,False,,False,,Dockerfile(s) found but no Python entry point could be resolved
https://github.com/gowun/RL_for_reco,no_dockerfile,False,0,0,0,,,0,0,0,0,0,False,,False,,False,,False,,False,,False,,no Dockerfile and no fallback entry point found
https://github.com/boiko/denoiser_comparator,no_dockerfile,False,0,0,0,,,0,0,0,0,0,False,,False,,False,,False,,False,,False,,no Dockerfile and no fallback entry point found
https://github.com/univieCUBE/deepnog,no_dockerfile,False,0,0,0,,,0,0,0,0,0,False,,False,,False,,False,,False,,False,,no Dockerfile and no fallback entry point found
https://github.com/pierreablin/picard,no_dockerfile,False,0,0,0,,,0,0,0,0,0,False,,False,,False,,False,,False,,False,,no Dockerfile and no fallback entry point found
https://github.com/gmonkman/python,no_entry,False,0,6,0,,,0,0,0,0,0,False,,False,,False,,False,,False,,False,,Dockerfile(s) found but no Python entry point could be resolved
https://github.com/aidosandrew/Springboard,no_dockerfile,False,0,0,0,,,0,0,0,0,0,False,,False,,False,,False,,False,,False,,no Dockerfile and no fallback entry point found
https://github.com/AyyerLab/Clement,ok,False,0,0,1,clement\__main__.py,fallback_nested,2,0,1,0,0,False,,False,,False,,False,,False,,False,,"unverified: missing stages: data_acquisition, data_preparation, modeling, training, evaluation, inference"
https://github.com/GenoML/genoml2,ok,True,6,0,1,genoml\__main__.py,fallback_nested,27,143,4,0,0,True,genoml/preprocessing/harmonizing.py:36 pickle.load [matched pickle.load],True,genoml/discrete/supervised/training.py:42 sklearn.model_selection.train_test_split [matched train_test_split],True,genoml/models.py:27 sklearn.ensemble.AdaBoostClassifier [matched AdaBoostClassifier],True,genoml/preprocessing/featureselection.py:40 clf.fit [matched clf.fit],True,genoml/discrete/utils.py:60 sklearn.metrics.roc_curve [matched roc_curve],True,genoml/preprocessing/adjuster.py:116 model.predict [matched model.predict],verified: all 6 stages present
https://github.com/kokimame/OpenFSE,no_dockerfile,False,0,0,0,,,0,0,0,0,0,False,,False,,False,,False,,False,,False,,no Dockerfile and no fallback entry point found
https://github.com/obinkytt/Udacity_Microservices_Project,no_entry,False,0,1,0,,,0,0,0,0,0,False,,False,,False,,False,,False,,False,,Dockerfile(s) found but no Python entry point could be resolved
https://github.com/ml-heroes/movie-recom,no_entry,False,0,2,0,,,0,0,0,0,0,False,,False,,False,,False,,False,,False,,Dockerfile(s) found but no Python entry point could be resolved
https://github.com/fpjnijweide/autoencoder-pdb-cleaning,no_dockerfile,False,0,0,0,,,0,0,0,0,0,False,,False,,False,,False,,False,,False,,no Dockerfile and no fallback entry point found
https://github.com/sfpugh/smart-alarm-learning-labels,no_dockerfile,False,0,0,0,,,0,0,0,0,0,False,,False,,False,,False,,False,,False,,no Dockerfile and no fallback entry point found
https://github.com/srvCodes/continual-learning-benchmark,no_dockerfile,False,0,0,0,,,0,0,0,0,0,False,,False,,False,,False,,False,,False,,no Dockerfile and no fallback entry point found
https://github.com/sociocom/DNorm-J,ok,False,2,0,1,dnorm_j\__main__.py,fallback_nested,4,22,2,0,0,True,dnorm_j/d_norm.py:53 scipy.sparse.load_npz [matched scipy.sparse.load_npz],True,dnorm_j/d_norm.py:173 Tokenizer [matched Tokenizer],False,,False,,False,,False,,"unverified: missing stages: modeling, training, evaluation, inference"
https://github.com/kouniversity-bigdata5/civil_translation,clone_failed,False,0,0,0,,,0,0,0,0,0,False,,False,,False,,False,,False,,False,,remote: Repository not found.
https://github.com/Puumanamana/CoCoNet,ok,False,5,1,1,coconet\coconet.py,fallback_console_script,14,106,3,0,0,True,coconet/core/config.py:49 yaml.safe_load [matched yaml.safe_load],False,,True,coconet/core/torch_models.py:0 class CompositionModel [matched <class subclasses model base>],True,coconet/dl.py:200 optimizer.zero_grad [matched optimizer.zero_grad],True,coconet/core/config.py:83 self.log [matched self.log],True,coconet/dl.py:75 model.eval [matched model.eval],unverified: missing stages: data_preparation
https://github.com/z2e2/ncov_ism,ok,False,2,0,1,ncov_ism\ism.py,fallback_console_script,9,47,1,0,0,True,ncov_ism/ism.py:146 pd.read_csv [matched pd.read_csv],True,ncov_ism/ism.py:147 pd.to_datetime [matched pd.to_datetime],False,,False,,False,,False,,"unverified: missing stages: modeling, training, evaluation, inference"
https://github.com/plomgrading/plom,ok,False,2,0,1,plom\create\__main__.py,fallback_console_script,15,62,3,0,0,True,plom/create/classlistValidator.py:48 csv.DictReader [matched csv.DictReader],True,plom/create/push_pull_rubrics.py:100 df.fillna [matched df.fillna],False,,False,,False,,False,,"unverified: missing stages: modeling, training, evaluation, inference"
https://github.com/UoA-CARES/BuilT,no_dockerfile,False,0,0,0,,,0,0,0,0,0,False,,False,,False,,False,,False,,False,,no Dockerfile and no fallback entry point found
https://github.com/bhklab/pyKuLGaP,no_dockerfile,False,0,0,0,,,0,0,0,0,0,False,,False,,False,,False,,False,,False,,no Dockerfile and no fallback entry point found
https://github.com/ppalaupuigdevall/VOS-ForeGAN,no_dockerfile,False,0,0,0,,,0,0,0,0,0,False,,False,,False,,False,,False,,False,,no Dockerfile and no fallback entry point found
https://github.com/LaSEEB/NeuXus,ok,False,0,0,1,neuxus\__main__.py,fallback_nested,7,22,4,0,0,False,,False,,False,,False,,False,,False,,"unverified: missing stages: data_acquisition, data_preparation, modeling, training, evaluation, inference"
https://github.com/dylancromer/maszcal,no_dockerfile,False,0,0,0,,,0,0,0,0,0,False,,False,,False,,False,,False,,False,,no Dockerfile and no fallback entry point found
https://github.com/rofragoso/como-um-cientista-de-dados-compra-um-tenis,no_entry,False,0,1,0,,,0,0,0,0,0,False,,False,,False,,False,,False,,False,,Dockerfile(s) found but no Python entry point could be resolved
https://github.com/sraashis/easytorch,no_dockerfile,False,0,0,0,,,0,0,0,0,0,False,,False,,False,,False,,False,,False,,no Dockerfile and no fallback entry point found
https://github.com/NPre1393/pr2,no_dockerfile,False,0,0,0,,,0,0,0,0,0,False,,False,,False,,False,,False,,False,,no Dockerfile and no fallback entry point found
https://github.com/aws-samples/amazon-sagemaker-bert-classify-pytorch,ok,False,0,0,1,src\main.py,fallback_nested,1,1,0,0,0,False,,False,,False,,False,,False,,False,,"unverified: missing stages: data_acquisition, data_preparation, modeling, training, evaluation, inference"
https://github.com/emylincon/caching,no_dockerfile,False,0,0,0,,,0,0,0,0,0,False,,False,,False,,False,,False,,False,,no Dockerfile and no fallback entry point found
https://github.com/aws-samples/eks-kubeflow-workshop,no_entry,False,0,6,0,,,0,0,0,0,0,False,,False,,False,,False,,False,,False,,Dockerfile(s) found but no Python entry point could be resolved
https://github.com/bijeshofficial/machine_learning_models,no_dockerfile,False,0,0,0,,,0,0,0,0,0,False,,False,,False,,False,,False,,False,,no Dockerfile and no fallback entry point found
https://github.com/chenchenpan/Predict-The-Success-of-Crowdfunding,no_dockerfile,False,0,0,0,,,0,0,0,0,0,False,,False,,False,,False,,False,,False,,no Dockerfile and no fallback entry point found
https://github.com/pgmpy/pgmpy,no_dockerfile,False,0,0,0,,,0,0,0,0,0,False,,False,,False,,False,,False,,False,,no Dockerfile and no fallback entry point found
https://github.com/DanielBok/copulae,no_dockerfile,False,0,0,0,,,0,0,0,0,0,False,,False,,False,,False,,False,,False,,no Dockerfile and no fallback entry point found
https://github.com/sneakyPad/decoding-latent-space-rs,ok,False,1,0,1,models\main.py,fallback_nested,2,2,1,0,0,True,models/main.py:19 pd.read_csv [matched pd.read_csv],False,,False,,False,,False,,False,,"unverified: missing stages: data_preparation, modeling, training, evaluation, inference"
https://github.com/ranamihir/pytorch_common,no_dockerfile,False,0,0,0,,,0,0,0,0,0,False,,False,,False,,False,,False,,False,,no Dockerfile and no fallback entry point found
https://github.com/cnyan/PytorchBasic,no_dockerfile,False,0,0,0,,,0,0,0,0,0,False,,False,,False,,False,,False,,False,,no Dockerfile and no fallback entry point found
https://github.com/tazV2/Coursera_Capstone_old_version,no_dockerfile,False,0,0,0,,,0,0,0,0,0,False,,False,,False,,False,,False,,False,,no Dockerfile and no fallback entry point found
https://github.com/jinruiyang/zeroshotdemo,no_dockerfile,False,0,0,0,,,0,0,0,0,0,False,,False,,False,,False,,False,,False,,no Dockerfile and no fallback entry point found
https://github.com/eric-moreno/Anomaly-Detection-Autoencoder,no_dockerfile,False,0,0,0,,,0,0,0,0,0,False,,False,,False,,False,,False,,False,,no Dockerfile and no fallback entry point found
https://github.com/fneitzel/DataAnalysisOnMusicPreferences,no_dockerfile,False,0,0,0,,,0,0,0,0,0,False,,False,,False,,False,,False,,False,,no Dockerfile and no fallback entry point found
https://github.com/Quang-Vinh/matrix-factorization,no_dockerfile,False,0,0,0,,,0,0,0,0,0,False,,False,,False,,False,,False,,False,,no Dockerfile and no fallback entry point found
https://github.com/HDSVII/Esun_AML,no_dockerfile,False,0,0,0,,,0,0,0,0,0,False,,False,,False,,False,,False,,False,,no Dockerfile and no fallback entry point found
https://github.com/fabridamicelli/echoes,no_dockerfile,False,0,0,0,,,0,0,0,0,0,False,,False,,False,,False,,False,,False,,no Dockerfile and no fallback entry point found
https://github.com/mrvictoru/cs50_ai,no_dockerfile,False,0,0,0,,,0,0,0,0,0,False,,False,,False,,False,,False,,False,,no Dockerfile and no fallback entry point found
https://github.com/hallazie/anonymous-project,no_dockerfile,False,0,0,0,,,0,0,0,0,0,False,,False,,False,,False,,False,,False,,no Dockerfile and no fallback entry point found
https://github.com/cleopatra-itn/SentimentAnalyserLVTwitter,no_dockerfile,False,0,0,0,,,0,0,0,0,0,False,,False,,False,,False,,False,,False,,no Dockerfile and no fallback entry point found
https://github.com/adapt-python/adapt,no_dockerfile,False,0,0,0,,,0,0,0,0,0,False,,False,,False,,False,,False,,False,,no Dockerfile and no fallback entry point found
https://github.com/Nesac128/NNIR,ok,False,0,0,1,nnir\main.py,fallback_nested,1,8,0,0,0,False,,False,,False,,False,,False,,False,,"unverified: missing stages: data_acquisition, data_preparation, modeling, training, evaluation, inference"
https://github.com/Rpinto02/Similarity_Recommender,ok,False,3,0,1,app\main.py,fallback_nested,1,6,0,0,0,True,app/main.py:94 pd.read_csv [matched pd.read_csv],True,app/main.py:24 sklearn.preprocessing.MinMaxScaler [matched MinMaxScaler],False,,False,,False,,True,app/main.py:134 st.write [matched st.write],"unverified: missing stages: modeling, training, evaluation"
https://github.com/fablabbcn/smartcitizen-data,no_entry,False,0,1,0,,,0,0,0,0,0,False,,False,,False,,False,,False,,False,,Dockerfile(s) found but no Python entry point could be resolved
https://github.com/hubmapconsortium/sprm,ok,False,5,2,1,sprm\SPRM.py,fallback_console_script,9,233,2,0,0,True,sprm/SPRM.py:58 json.load [matched json.load],True,sprm/outlinePCA.py:99 wrapped_functions.PCA [matched PCA],True,sprm/outlinePCA.py:42 wrapped_functions.KMeans [matched KMeans],True,sprm/outlinePCA.py:43 cellbycluster.fit_predict [matched .fit_predict],True,sprm/wrapped_functions.py:99 sklearn.metrics.silhouette_score [matched silhouette_score],False,,unverified: missing stages: inference
https://github.com/georgeahill/tdads,ok,False,0,0,1,task_1\main.py,fallback_nested,1,1,0,0,1,False,,False,,False,,False,,False,,False,,"unverified: missing stages: data_acquisition, data_preparation, modeling, training, evaluation, inference"
https://github.com/markdouthwaite/apogee,no_entry,False,0,1,0,,,0,0,0,0,0,False,,False,,False,,False,,False,,False,,Dockerfile(s) found but no Python entry point could be resolved
https://github.com/JasonGibsonUfl/materialsweb,no_dockerfile,False,0,0,0,,,0,0,0,0,0,False,,False,,False,,False,,False,,False,,no Dockerfile and no fallback entry point found
https://github.com/sara-nl/color-information,no_dockerfile,False,0,0,0,,,0,0,0,0,0,False,,False,,False,,False,,False,,False,,no Dockerfile and no fallback entry point found
https://github.com/firstnattapon/test-stream,no_dockerfile,False,0,0,0,,,0,0,0,0,0,False,,False,,False,,False,,False,,False,,no Dockerfile and no fallback entry point found
https://github.com/dishankpoddar/twitter-ibm-dashboard,no_dockerfile,False,0,0,0,,,0,0,0,0,0,False,,False,,False,,False,,False,,False,,no Dockerfile and no fallback entry point found
https://github.com/sandeepnair2812/Recommendation-system-using-deep-learning--2,no_dockerfile,False,0,0,0,,,0,0,0,0,0,False,,False,,False,,False,,False,,False,,no Dockerfile and no fallback entry point found
https://github.com/AmishWarlord/DataScience,clone_failed,False,0,0,0,,,0,0,0,0,0,False,,False,,False,,False,,False,,False,,remote: Repository not found.
https://github.com/Nuhru1/Object-Detection-with-Flask-Docker-AWS,no_entry,False,0,2,0,,,0,0,0,0,0,False,,False,,False,,False,,False,,False,,Dockerfile(s) found but no Python entry point could be resolved
https://github.com/siavash-khodadadeh/MetaLearning-TF2.0,no_dockerfile,False,0,0,0,,,0,0,0,0,0,False,,False,,False,,False,,False,,False,,no Dockerfile and no fallback entry point found
https://github.com/compSPI/LatentSpaceBuilder,no_dockerfile,False,0,0,0,,,0,0,0,0,0,False,,False,,False,,False,,False,,False,,no Dockerfile and no fallback entry point found
https://github.com/MANISH007700/ML_PROJECTS,no_dockerfile,False,0,0,0,,,0,0,0,0,0,False,,False,,False,,False,,False,,False,,no Dockerfile and no fallback entry point found
https://github.com/alexmerryman/anaplan-python-connector,no_dockerfile,False,0,0,0,,,0,0,0,0,0,False,,False,,False,,False,,False,,False,,no Dockerfile and no fallback entry point found
https://github.com/nadineverahol/BepEartquakeVA,ok,False,1,0,1,src\app.py,fallback_nested,1,10,0,0,0,True,src/app.py:29 pymongo.MongoClient [matched pymongo.MongoClient],False,,False,,False,,False,,False,,"unverified: missing stages: data_preparation, modeling, training, evaluation, inference"
https://github.com/statsthinking21/statsthinking21-python,no_dockerfile,False,0,0,0,,,0,0,0,0,0,False,,False,,False,,False,,False,,False,,no Dockerfile and no fallback entry point found
https://github.com/glukicov/ML_GPU,no_entry,False,0,1,0,,,0,0,0,0,0,False,,False,,False,,False,,False,,False,,Dockerfile(s) found but no Python entry point could be resolved
https://github.com/crflynn/skranger,no_entry,False,0,1,0,,,0,0,0,0,0,False,,False,,False,,False,,False,,False,,Dockerfile(s) found but no Python entry point could be resolved
https://github.com/LCMJNHT/Adversarial-Face-Attack-master,no_dockerfile,False,0,0,0,,,0,0,0,0,0,False,,False,,False,,False,,False,,False,,no Dockerfile and no fallback entry point found
https://github.com/mhaythornthwaite/Football_Prediction_Project,no_dockerfile,False,0,0,0,,,0,0,0,0,0,False,,False,,False,,False,,False,,False,,no Dockerfile and no fallback entry point found
https://github.com/Hyuto/Analisis-Sentimen-Corona-DKI-Jakarta,ok,False,3,0,1,src\__main__.py,fallback_nested,7,20,2,0,0,True,src/scraper.py:117 json.load [matched json.load],False,,True,src/model_tester.py:46 src.model.Model [matched Model],False,,False,,True,src/model_tester.py:113 self.model.predict [matched model.predict],"unverified: missing stages: data_preparation, training, evaluation"
https://github.com/rameshjes/NLP-,no_dockerfile,False,0,0,0,,,0,0,0,0,0,False,,False,,False,,False,,False,,False,,no Dockerfile and no fallback entry point found
https://github.com/atifkarim/Time-Series-Forecasting-Using-Machine-Learning-Algorithm,no_dockerfile,False,0,0,0,,,0,0,0,0,0,False,,False,,False,,False,,False,,False,,no Dockerfile and no fallback entry point found
https://github.com/cdli-gh/Semi-Supervised-NMT-for-Sumerian-English,no_dockerfile,False,0,0,0,,,0,0,0,0,0,False,,False,,False,,False,,False,,False,,no Dockerfile and no fallback entry point found
https://github.com/ayaanzhaque/Resurrect,no_entry,False,0,1,0,,,0,0,0,0,0,False,,False,,False,,False,,False,,False,,Dockerfile(s) found but no Python entry point could be resolved
https://github.com/Anacriel/plant_seed_classification,no_dockerfile,False,0,0,0,,,0,0,0,0,0,False,,False,,False,,False,,False,,False,,no Dockerfile and no fallback entry point found
https://github.com/WildMeOrg/wbia-plugin-cnn,ok,False,0,0,1,wbia_cnn\__main__.py,fallback_nested,2,4,1,0,0,False,,False,,False,,False,,False,,False,,"unverified: missing stages: data_acquisition, data_preparation, modeling, training, evaluation, inference"
https://github.com/EL-BID/urbanpy,no_dockerfile,False,0,0,0,,,0,0,0,0,0,False,,False,,False,,False,,False,,False,,no Dockerfile and no fallback entry point found
https://github.com/taherkayamkhani/AI-ML-Projects,no_dockerfile,False,0,0,0,,,0,0,0,0,0,False,,False,,False,,False,,False,,False,,no Dockerfile and no fallback entry point found
https://github.com/yinyen/fyp,ok,False,0,0,1,fyp\__main__.py,fallback_nested,1,0,0,0,0,False,,False,,False,,False,,False,,False,,"unverified: missing stages: data_acquisition, data_preparation, modeling, training, evaluation, inference"
https://github.com/jcraley/jhu-eeg,no_dockerfile,False,0,0,0,,,0,0,0,0,0,False,,False,,False,,False,,False,,False,,no Dockerfile and no fallback entry point found
https://github.com/fsiddh/Machine-Learning-Masters,no_dockerfile,False,0,0,0,,,0,0,0,0,0,False,,False,,False,,False,,False,,False,,no Dockerfile and no fallback entry point found
https://github.com/lazaropd/ai-residency,no_entry,False,0,5,0,,,0,0,0,0,0,False,,False,,False,,False,,False,,False,,Dockerfile(s) found but no Python entry point could be resolved
https://github.com/carefree0910/carefree-learn,no_entry,False,0,1,0,,,0,0,0,0,0,False,,False,,False,,False,,False,,False,,Dockerfile(s) found but no Python entry point could be resolved
https://github.com/Blopeur/tigramite,no_dockerfile,False,0,0,0,,,0,0,0,0,0,False,,False,,False,,False,,False,,False,,no Dockerfile and no fallback entry point found
https://github.com/nanotheorygroup/kaldo,no_entry,False,0,3,0,,,0,0,0,0,0,False,,False,,False,,False,,False,,False,,Dockerfile(s) found but no Python entry point could be resolved
https://github.com/Harisanthosh/Neo4j-ProductionFlow-UI,no_dockerfile,False,0,0,0,,,0,0,0,0,0,False,,False,,False,,False,,False,,False,,no Dockerfile and no fallback entry point found
https://github.com/iurii-ebs/curs-valutar,no_entry,False,0,1,0,,,0,0,0,0,0,False,,False,,False,,False,,False,,False,,Dockerfile(s) found but no Python entry point could be resolved
https://github.com/DiffEqML/torchdyn,no_dockerfile,False,0,0,0,,,0,0,0,0,0,False,,False,,False,,False,,False,,False,,no Dockerfile and no fallback entry point found
https://github.com/hatzakislab/DeepFRET-GUI,no_dockerfile,False,0,0,0,,,0,0,0,0,0,False,,False,,False,,False,,False,,False,,no Dockerfile and no fallback entry point found
https://github.com/rmshadows/Tag_people_from_photos,no_dockerfile,False,0,0,0,,,0,0,0,0,0,False,,False,,False,,False,,False,,False,,no Dockerfile and no fallback entry point found
https://github.com/dideesh/Machine-Learning,no_dockerfile,False,0,0,0,,,0,0,0,0,0,False,,False,,False,,False,,False,,False,,no Dockerfile and no fallback entry point found
https://github.com/adnan904/ComputationalArgumentation,no_dockerfile,False,0,0,0,,,0,0,0,0,0,False,,False,,False,,False,,False,,False,,no Dockerfile and no fallback entry point found
https://github.com/Packer-Lab/Vape,no_dockerfile,False,0,0,0,,,0,0,0,0,0,False,,False,,False,,False,,False,,False,,no Dockerfile and no fallback entry point found
https://github.com/TheScienceMuseum/heritage-connector,no_dockerfile,False,0,0,0,,,0,0,0,0,0,False,,False,,False,,False,,False,,False,,no Dockerfile and no fallback entry point found
https://github.com/Califrais/lights,no_dockerfile,False,0,0,0,,,0,0,0,0,0,False,,False,,False,,False,,False,,False,,no Dockerfile and no fallback entry point found
https://github.com/SangeonPark/QUASAR,no_dockerfile,False,0,0,0,,,0,0,0,0,0,False,,False,,False,,False,,False,,False,,no Dockerfile and no fallback entry point found
https://github.com/vignesh022/Classy-Fy,no_dockerfile,False,0,0,0,,,0,0,0,0,0,False,,False,,False,,False,,False,,False,,no Dockerfile and no fallback entry point found
https://github.com/alexdutton/letsgo-trains,ok,False,2,0,1,letsgo\train.py,fallback_nested,24,225,3,0,1,False,,True,letsgo/speed_estimation.py:120 sklearn.preprocessing.PolynomialFeatures [matched PolynomialFeatures],True,letsgo/speed_estimation.py:122 sklearn.linear_model.LinearRegression [matched LinearRegression],False,,False,,False,,"unverified: missing stages: data_acquisition, training, evaluation, inference"
https://github.com/jlehrer1/InstantEDA,no_dockerfile,False,0,0,0,,,0,0,0,0,0,False,,False,,False,,False,,False,,False,,no Dockerfile and no fallback entry point found
https://github.com/s-weisenberg/Data-Science-Projects,no_dockerfile,False,0,0,0,,,0,0,0,0,0,False,,False,,False,,False,,False,,False,,no Dockerfile and no fallback entry point found
https://github.com/pedevineau/solar-atlas,no_dockerfile,False,0,0,0,,,0,0,0,0,0,False,,False,,False,,False,,False,,False,,no Dockerfile and no fallback entry point found
https://github.com/3outeille/Yaae,no_dockerfile,False,0,0,0,,,0,0,0,0,0,False,,False,,False,,False,,False,,False,,no Dockerfile and no fallback entry point found
https://github.com/flomock/vidhop,ok,True,6,0,1,vidhop\cli.py,fallback_console_script,6,50,2,0,0,True,vidhop/training/make_datasets.py:30 pd.read_csv [matched pd.read_csv],True,vidhop/training/train_new_model.py:455 sklearn.preprocessing.LabelEncoder [matched LabelEncoder],True,vidhop/training/train_new_model.py:599 tf.keras.layers.GRU [matched tf.keras.layers.*],True,vidhop/training/train_new_model.py:754 model.fit [matched model.fit],True,vidhop/training/train_new_model.py:159 sklearn.metrics.accuracy_score [matched accuracy_score],True,vidhop/training/train_new_model.py:153 self.model.predict [matched model.predict],verified: all 6 stages present
https://github.com/hhnnhh/berlin_datascience_lab,no_dockerfile,False,0,0,0,,,0,0,0,0,0,False,,False,,False,,False,,False,,False,,no Dockerfile and no fallback entry point found
https://github.com/siri-m-s/trial,no_dockerfile,False,0,0,0,,,0,0,0,0,0,False,,False,,False,,False,,False,,False,,no Dockerfile and no fallback entry point found
https://github.com/salimandre/face-recognition-in-one-minute,no_dockerfile,False,0,0,0,,,0,0,0,0,0,False,,False,,False,,False,,False,,False,,no Dockerfile and no fallback entry point found
https://github.com/chandrika-ch/machine-learning_python,no_dockerfile,False,0,0,0,,,0,0,0,0,0,False,,False,,False,,False,,False,,False,,no Dockerfile and no fallback entry point found
https://github.com/jarsushi/house-price-predict-scratch,no_entry,False,0,1,0,,,0,0,0,0,0,False,,False,,False,,False,,False,,False,,Dockerfile(s) found but no Python entry point could be resolved
https://github.com/106-/DRBM-tensorflow,no_dockerfile,False,0,0,0,,,0,0,0,0,0,False,,False,,False,,False,,False,,False,,no Dockerfile and no fallback entry point found
https://github.com/obernardoff/pottok,no_dockerfile,False,0,0,0,,,0,0,0,0,0,False,,False,,False,,False,,False,,False,,no Dockerfile and no fallback entry point found
https://github.com/MikeXydas/MDSimsEval,no_dockerfile,False,0,0,0,,,0,0,0,0,0,False,,False,,False,,False,,False,,False,,no Dockerfile and no fallback entry point found
https://github.com/roger40/CINS_ML-group,no_dockerfile,False,0,0,0,,,0,0,0,0,0,False,,False,,False,,False,,False,,False,,no Dockerfile and no fallback entry point found
https://github.com/ry05/dataswissknife,ok,False,0,0,1,dataswissknife\cli_tool.py,fallback_console_script,2,1,1,0,0,False,,False,,False,,False,,False,,False,,"unverified: missing stages: data_acquisition, data_preparation, modeling, training, evaluation, inference"
https://github.com/fmidev/sasse-polygon-process,no_entry,False,0,3,0,,,0,0,0,0,0,False,,False,,False,,False,,False,,False,,Dockerfile(s) found but no Python entry point could be resolved
https://github.com/greentfrapp/lucent,no_dockerfile,False,0,0,0,,,0,0,0,0,0,False,,False,,False,,False,,False,,False,,no Dockerfile and no fallback entry point found
https://github.com/Web-networks/metabackend,no_dockerfile,False,0,0,0,,,0,0,0,0,0,False,,False,,False,,False,,False,,False,,no Dockerfile and no fallback entry point found
https://github.com/YosefLab/Compass,ok,False,3,0,1,compass\main.py,fallback_nested,15,101,2,0,0,True,compass/main.py:414 json.load [matched json.load],True,compass/main.py:794 pd.concat [matched pd.concat],True,compass/compass/microclustering.py:152 sklearn.cluster.KMeans [matched KMeans],False,,False,,False,,"unverified: missing stages: training, evaluation, inference"
https://github.com/hyungkwonko/umato,no_dockerfile,False,0,0,0,,,0,0,0,0,0,False,,False,,False,,False,,False,,False,,no Dockerfile and no fallback entry point found
https://github.com/alexanderwendt/sklearn_ml_toolbox,no_entry,False,0,1,0,,,0,0,0,0,0,False,,False,,False,,False,,False,,False,,Dockerfile(s) found but no Python entry point could be resolved
https://github.com/shenlab-sinai/DeepRegFinder,no_entry,False,0,1,0,,,0,0,0,0,0,False,,False,,False,,False,,False,,False,,Dockerfile(s) found but no Python entry point could be resolved
https://github.com/vijayoct27/tutor_prediction,no_dockerfile,False,0,0,0,,,0,0,0,0,0,False,,False,,False,,False,,False,,False,,no Dockerfile and no fallback entry point found
https://github.com/dicaso/sina,ok,True,6,0,1,sina\paperwork\neuroblastoma.py,fallback_console_script,3,38,2,0,0,True,sina/documents/__init__.py:156 json.load [matched json.load],True,sina/documents/__init__.py:563 sklearn.model_selection.train_test_split [matched train_test_split],True,sina/documents/__init__.py:904 sklearn.naive_bayes.MultinomialNB [matched MultinomialNB],True,sina/documents/__init__.py:911 model.fit [matched model.fit],True,sina/documents/__init__.py:914 sklearn.metrics.accuracy_score [matched accuracy_score],True,sina/documents/__init__.py:912 model.predict [matched model.predict],verified: all 6 stages present
https://github.com/digitalepidemiologylab/text-classification,ok,False,0,1,1,txcl\cli\cli.py,fallback_console_script,2,3,1,0,0,False,,False,,False,,False,,False,,False,,"unverified: missing stages: data_acquisition, data_preparation, modeling, training, evaluation, inference"
https://github.com/jasonhong94/-WQD7005_Data_Mining,no_dockerfile,False,0,0,0,,,0,0,0,0,0,False,,False,,False,,False,,False,,False,,no Dockerfile and no fallback entry point found
https://github.com/NCAR/mlmicrophysics,no_dockerfile,False,0,0,0,,,0,0,0,0,0,False,,False,,False,,False,,False,,False,,no Dockerfile and no fallback entry point found
https://github.com/rozanovsa/skillfactory_rds,no_dockerfile,False,0,0,0,,,0,0,0,0,0,False,,False,,False,,False,,False,,False,,no Dockerfile and no fallback entry point found
https://github.com/lucas-spangher/transactive_control,no_entry,False,0,1,0,,,0,0,0,0,0,False,,False,,False,,False,,False,,False,,Dockerfile(s) found but no Python entry point could be resolved
https://github.com/SvenPVoigt/ImageMKS,ok,False,1,0,1,imagemks\__main__.py,fallback_nested,22,49,6,0,0,True,imagemks/workflows/fluorescentcells.py:335 json.load [matched json.load],False,,False,,False,,False,,False,,"unverified: missing stages: data_preparation, modeling, training, evaluation, inference"
https://github.com/timcera/tstoolbox,no_dockerfile,False,0,0,0,,,0,0,0,0,0,False,,False,,False,,False,,False,,False,,no Dockerfile and no fallback entry point found
https://github.com/Odaimoko/MACH-Pytorch,ok,False,2,0,1,src\train.py,fallback_nested,1,3,0,0,0,True,src/train.py:211 torch.utils.data.DataLoader [matched DataLoader],False,,False,,True,src/train.py:143 loss.backward [matched loss.backward],False,,False,,"unverified: missing stages: data_preparation, modeling, evaluation, inference"
https://github.com/arodland/prop,no_entry,False,0,18,0,,,0,0,0,0,0,False,,False,,False,,False,,False,,False,,Dockerfile(s) found but no Python entry point could be resolved
https://github.com/vijay-khanna/data-science-on-aws-workshop,no_entry,False,0,8,0,,,0,0,0,0,0,False,,False,,False,,False,,False,,False,,Dockerfile(s) found but no Python entry point could be resolved
https://github.com/LuisPettit/Final-Year-Project,no_dockerfile,False,0,0,0,,,0,0,0,0,0,False,,False,,False,,False,,False,,False,,no Dockerfile and no fallback entry point found
https://github.com/Ekeany/Boruta-Shap,no_dockerfile,False,0,0,0,,,0,0,0,0,0,False,,False,,False,,False,,False,,False,,no Dockerfile and no fallback entry point found
https://github.com/xillig/TTLocVis,no_dockerfile,False,0,0,0,,,0,0,0,0,0,False,,False,,False,,False,,False,,False,,no Dockerfile and no fallback entry point found
https://github.com/djib2011/hide-and-seek,no_dockerfile,False,0,0,0,,,0,0,0,0,0,False,,False,,False,,False,,False,,False,,no Dockerfile and no fallback entry point found
https://github.com/tr31zh/extaedio,no_dockerfile,False,0,0,0,,,0,0,0,0,0,False,,False,,False,,False,,False,,False,,no Dockerfile and no fallback entry point found
https://github.com/e-cui/ENABLE-HiDAV-Online-Modules,clone_failed,False,0,0,0,,,0,0,0,0,0,False,,False,,False,,False,,False,,False,,remote: Repository not found.
https://github.com/meghdadFar/snlp,no_dockerfile,False,0,0,0,,,0,0,0,0,0,False,,False,,False,,False,,False,,False,,no Dockerfile and no fallback entry point found
https://github.com/michaelzhouy/Competition,no_dockerfile,False,0,0,0,,,0,0,0,0,0,False,,False,,False,,False,,False,,False,,no Dockerfile and no fallback entry point found
https://github.com/gamanakis/phenograph,no_dockerfile,False,0,0,0,,,0,0,0,0,0,False,,False,,False,,False,,False,,False,,no Dockerfile and no fallback entry point found
https://github.com/LdwgWffnschmdt/anomaly_detector,no_dockerfile,False,0,0,0,,,0,0,0,0,0,False,,False,,False,,False,,False,,False,,no Dockerfile and no fallback entry point found
https://github.com/HumanCompatibleAI/evaluating-rewards,no_entry,False,0,1,0,,,0,0,0,0,0,False,,False,,False,,False,,False,,False,,Dockerfile(s) found but no Python entry point could be resolved
https://github.com/chrissy184/SAGML,no_entry,False,0,1,0,,,0,0,0,0,0,False,,False,,False,,False,,False,,False,,Dockerfile(s) found but no Python entry point could be resolved
https://github.com/Khanna111/intro-to-ai-udacity,no_dockerfile,False,0,0,0,,,0,0,0,0,0,False,,False,,False,,False,,False,,False,,no Dockerfile and no fallback entry point found
https://github.com/Ads2020Group6/gender-pay-gap-modelling,no_dockerfile,False,0,0,0,,,0,0,0,0,0,False,,False,,False,,False,,False,,False,,no Dockerfile and no fallback entry point found
https://github.com/gwong11/data-science-project,no_entry,False,0,1,0,,,0,0,0,0,0,False,,False,,False,,False,,False,,False,,Dockerfile(s) found but no Python entry point could be resolved
https://github.com/FredHutch/adpred,no_dockerfile,False,0,0,0,,,0,0,0,0,0,False,,False,,False,,False,,False,,False,,no Dockerfile and no fallback entry point found
https://github.com/hyunjoonbok/Python-Projects,no_dockerfile,False,0,0,0,,,0,0,0,0,0,False,,False,,False,,False,,False,,False,,no Dockerfile and no fallback entry point found
https://github.com/diamond122/elearning,no_dockerfile,False,0,0,0,,,0,0,0,0,0,False,,False,,False,,False,,False,,False,,no Dockerfile and no fallback entry point found
https://github.com/kukionfr/VAMPIRE_open,no_dockerfile,False,0,0,0,,,0,0,0,0,0,False,,False,,False,,False,,False,,False,,no Dockerfile and no fallback entry point found
https://github.com/gogbajbobo/MLBin,no_dockerfile,False,0,0,0,,,0,0,0,0,0,False,,False,,False,,False,,False,,False,,no Dockerfile and no fallback entry point found
https://github.com/turing-usp/Momentum,no_dockerfile,False,0,0,0,,,0,0,0,0,0,False,,False,,False,,False,,False,,False,,no Dockerfile and no fallback entry point found
https://github.com/periakiva/finding_berries,no_entry,False,0,1,0,,,0,0,0,0,0,False,,False,,False,,False,,False,,False,,Dockerfile(s) found but no Python entry point could be resolved
https://github.com/HuppeJ/jh-summer19,no_dockerfile,False,0,0,0,,,0,0,0,0,0,False,,False,,False,,False,,False,,False,,no Dockerfile and no fallback entry point found
https://github.com/pei223/deepext,no_dockerfile,False,0,0,0,,,0,0,0,0,0,False,,False,,False,,False,,False,,False,,no Dockerfile and no fallback entry point found
https://github.com/alexisperumal/ucsd_data_science_final_project,no_dockerfile,False,0,0,0,,,0,0,0,0,0,False,,False,,False,,False,,False,,False,,no Dockerfile and no fallback entry point found
https://github.com/dpedrosac/cDBS,no_dockerfile,False,0,0,0,,,0,0,0,0,0,False,,False,,False,,False,,False,,False,,no Dockerfile and no fallback entry point found
https://github.com/joliang17/DataX_Project,no_dockerfile,False,0,0,0,,,0,0,0,0,0,False,,False,,False,,False,,False,,False,,no Dockerfile and no fallback entry point found
https://github.com/jordiae/DeepLearning-MAI,no_dockerfile,False,0,0,0,,,0,0,0,0,0,False,,False,,False,,False,,False,,False,,no Dockerfile and no fallback entry point found
https://github.com/randommm/NNLLE,no_dockerfile,False,0,0,0,,,0,0,0,0,0,False,,False,,False,,False,,False,,False,,no Dockerfile and no fallback entry point found
https://github.com/MarkMoretto/python-examples-main,no_dockerfile,False,0,0,0,,,0,0,0,0,0,False,,False,,False,,False,,False,,False,,no Dockerfile and no fallback entry point found
https://github.com/abhayspawar/featexp,no_dockerfile,False,0,0,0,,,0,0,0,0,0,False,,False,,False,,False,,False,,False,,no Dockerfile and no fallback entry point found
https://github.com/stanford-ccb/ccb,no_entry,False,0,1,0,,,0,0,0,0,0,False,,False,,False,,False,,False,,False,,Dockerfile(s) found but no Python entry point could be resolved
https://github.com/MrBahur/Taboola-Starship-Internship,no_dockerfile,False,0,0,0,,,0,0,0,0,0,False,,False,,False,,False,,False,,False,,no Dockerfile and no fallback entry point found
https://github.com/htz1992213/ReSNAP,no_dockerfile,False,0,0,0,,,0,0,0,0,0,False,,False,,False,,False,,False,,False,,no Dockerfile and no fallback entry point found
https://github.com/Jin93/Covid-19-Model-Validation,no_dockerfile,False,0,0,0,,,0,0,0,0,0,False,,False,,False,,False,,False,,False,,no Dockerfile and no fallback entry point found
https://github.com/bneurd/bcpy,no_dockerfile,False,0,0,0,,,0,0,0,0,0,False,,False,,False,,False,,False,,False,,no Dockerfile and no fallback entry point found
https://github.com/Met4FoF/agentMET4FOF_ZeMA_emc,no_dockerfile,False,0,0,0,,,0,0,0,0,0,False,,False,,False,,False,,False,,False,,no Dockerfile and no fallback entry point found
https://github.com/jedavc/INF8225-Project,no_dockerfile,False,0,0,0,,,0,0,0,0,0,False,,False,,False,,False,,False,,False,,no Dockerfile and no fallback entry point found
https://github.com/tsutterley/SMBcorr,no_dockerfile,False,0,0,0,,,0,0,0,0,0,False,,False,,False,,False,,False,,False,,no Dockerfile and no fallback entry point found
https://github.com/datamllab/AutoRec,no_dockerfile,False,0,0,0,,,0,0,0,0,0,False,,False,,False,,False,,False,,False,,no Dockerfile and no fallback entry point found
https://github.com/castorini/pygaggle,no_dockerfile,False,0,0,0,,,0,0,0,0,0,False,,False,,False,,False,,False,,False,,no Dockerfile and no fallback entry point found
https://github.com/pritish-mahajan/AI-Course-Material,no_dockerfile,False,0,0,0,,,0,0,0,0,0,False,,False,,False,,False,,False,,False,,no Dockerfile and no fallback entry point found
https://github.com/harveybc/preprocessor,ok,False,2,0,1,app\main.py,fallback_nested,10,187,3,0,0,True,app/core/configuration_manager.py:222 json.load [matched json.load],True,app/core/normalization_handler.py:225 pd.concat [matched pd.concat],False,,False,,False,,False,,"unverified: missing stages: modeling, training, evaluation, inference"
https://github.com/chlorochrule/cknn,no_dockerfile,False,0,0,0,,,0,0,0,0,0,False,,False,,False,,False,,False,,False,,no Dockerfile and no fallback entry point found
https://github.com/stephenhky/ml-experiment,ok,False,4,0,1,mlexpt\cli.py,fallback_console_script,15,92,4,0,0,True,mlexpt/cli.py:31 pd.read_csv [matched pd.read_csv],False,,True,mlexpt/ml/classifiers/linear.py:0 class TorchLogisticRegression [matched <class subclasses model base>],True,mlexpt/ml/classifiers/linear.py:54 optimizer.zero_grad [matched optimizer.zero_grad],False,,True,mlexpt/modelrunio.py:70 model.predict_proba [matched model.predict_proba],"unverified: missing stages: data_preparation, evaluation"
https://github.com/ipavlopoulos/lm,no_dockerfile,False,0,0,0,,,0,0,0,0,0,False,,False,,False,,False,,False,,False,,no Dockerfile and no fallback entry point found
https://github.com/jslaga/Springboard-Data-Science-Coursework,no_dockerfile,False,0,0,0,,,0,0,0,0,0,False,,False,,False,,False,,False,,False,,no Dockerfile and no fallback entry point found
https://github.com/vifraa/datx02-05,no_dockerfile,False,0,0,0,,,0,0,0,0,0,False,,False,,False,,False,,False,,False,,no Dockerfile and no fallback entry point found
https://github.com/aruniverse/dva,no_dockerfile,False,0,0,0,,,0,0,0,0,0,False,,False,,False,,False,,False,,False,,no Dockerfile and no fallback entry point found
https://github.com/Duayt/set_thai_bert,no_entry,False,0,6,0,,,0,0,0,0,0,False,,False,,False,,False,,False,,False,,Dockerfile(s) found but no Python entry point could be resolved
https://github.com/kozodoi/dptools,no_dockerfile,False,0,0,0,,,0,0,0,0,0,False,,False,,False,,False,,False,,False,,no Dockerfile and no fallback entry point found
https://github.com/chandlersong/greenseer,no_entry,False,0,2,0,,,0,0,0,0,0,False,,False,,False,,False,,False,,False,,Dockerfile(s) found but no Python entry point could be resolved
https://github.com/8080labs/ppscore,no_dockerfile,False,0,0,0,,,0,0,0,0,0,False,,False,,False,,False,,False,,False,,no Dockerfile and no fallback entry point found
https://github.com/facade-technologies-inc/facile,no_dockerfile,False,0,0,0,,,0,0,0,0,0,False,,False,,False,,False,,False,,False,,no Dockerfile and no fallback entry point found
https://github.com/pikarpov-LANL/Sapsan,ok,False,0,1,1,sapsan\core\cli\cli.py,fallback_console_script,14,19,1,0,0,False,,False,,False,,False,,False,,False,,"unverified: missing stages: data_acquisition, data_preparation, modeling, training, evaluation, inference"
https://github.com/pytorch/ignite,no_entry,False,0,15,0,,,0,0,0,0,0,False,,False,,False,,False,,False,,False,,Dockerfile(s) found but no Python entry point could be resolved
https://github.com/sarahmounho/CS329E_Classification_Project,no_dockerfile,False,0,0,0,,,0,0,0,0,0,False,,False,,False,,False,,False,,False,,no Dockerfile and no fallback entry point found
https://github.com/samsonq/Macroeconomic-Default-Analysis,no_entry,False,0,1,0,,,0,0,0,0,0,False,,False,,False,,False,,False,,False,,Dockerfile(s) found but no Python entry point could be resolved
https://github.com/joe-nano/mtg-tuturial-freqtrade-v,ok,False,0,1,1,freqtrade\__main__.py,fallback_nested,2,0,1,0,0,False,,False,,False,,False,,False,,False,,"unverified: missing stages: data_acquisition, data_preparation, modeling, training, evaluation, inference"
https://github.com/leylabmpi/DeepMAsED,ok,False,0,0,1,DeepMAsED\__main__.py,fallback_nested,2,1,1,0,0,False,,False,,False,,False,,False,,False,,"unverified: missing stages: data_acquisition, data_preparation, modeling, training, evaluation, inference"
https://github.com/MahmoudWahdan/dialog-nlu,no_dockerfile,False,0,0,0,,,0,0,0,0,0,False,,False,,False,,False,,False,,False,,no Dockerfile and no fallback entry point found
https://github.com/constd/auem,no_dockerfile,False,0,0,0,,,0,0,0,0,0,False,,False,,False,,False,,False,,False,,no Dockerfile and no fallback entry point found
https://github.com/matcom/covid19-analysis,no_entry,False,0,1,0,,,0,0,0,0,0,False,,False,,False,,False,,False,,False,,Dockerfile(s) found but no Python entry point could be resolved
https://github.com/FrancescoDelBuono/SBDIO,no_dockerfile,False,0,0,0,,,0,0,0,0,0,False,,False,,False,,False,,False,,False,,no Dockerfile and no fallback entry point found
https://github.com/revotechUET/wi-uservice,no_entry,False,0,19,0,,,0,0,0,0,0,False,,False,,False,,False,,False,,False,,Dockerfile(s) found but no Python entry point could be resolved
https://github.com/LucaCappelletti94/italian_csv_type_prediction,no_dockerfile,False,0,0,0,,,0,0,0,0,0,False,,False,,False,,False,,False,,False,,no Dockerfile and no fallback entry point found
https://github.com/zweien/layout-data,no_dockerfile,False,0,0,0,,,0,0,0,0,0,False,,False,,False,,False,,False,,False,,no Dockerfile and no fallback entry point found
https://github.com/visheshtechie/NLP,no_dockerfile,False,0,0,0,,,0,0,0,0,0,False,,False,,False,,False,,False,,False,,no Dockerfile and no fallback entry point found
https://github.com/4398TempleSpring2020/cscapstoneproject-infinitetrivia,no_dockerfile,False,0,0,0,,,0,0,0,0,0,False,,False,,False,,False,,False,,False,,no Dockerfile and no fallback entry point found
https://github.com/jeweldhali/Data-Science,no_dockerfile,False,0,0,0,,,0,0,0,0,0,False,,False,,False,,False,,False,,False,,no Dockerfile and no fallback entry point found
https://github.com/esakik/ml-notebooks,no_dockerfile,False,0,0,0,,,0,0,0,0,0,False,,False,,False,,False,,False,,False,,no Dockerfile and no fallback entry point found
https://github.com/dzjkb/sample-synthesis,no_dockerfile,False,0,0,0,,,0,0,0,0,0,False,,False,,False,,False,,False,,False,,no Dockerfile and no fallback entry point found
https://github.com/concavegit/kfda,no_dockerfile,False,0,0,0,,,0,0,0,0,0,False,,False,,False,,False,,False,,False,,no Dockerfile and no fallback entry point found
https://github.com/debbiemarkslab/SeqDesign,no_dockerfile,False,0,0,0,,,0,0,0,0,0,False,,False,,False,,False,,False,,False,,no Dockerfile and no fallback entry point found
https://github.com/kenzaxtazi/agri-risk,no_dockerfile,False,0,0,0,,,0,0,0,0,0,False,,False,,False,,False,,False,,False,,no Dockerfile and no fallback entry point found
https://github.com/onelearn/onelearn,no_dockerfile,False,0,0,0,,,0,0,0,0,0,False,,False,,False,,False,,False,,False,,no Dockerfile and no fallback entry point found
https://github.com/andifunke/w2v-pos-tagger,no_dockerfile,False,0,0,0,,,0,0,0,0,0,False,,False,,False,,False,,False,,False,,no Dockerfile and no fallback entry point found
https://github.com/singhish/OnlineMLP,no_dockerfile,False,0,0,0,,,0,0,0,0,0,False,,False,,False,,False,,False,,False,,no Dockerfile and no fallback entry point found
https://github.com/gmrukwa/polyaxon-python-template,no_entry,False,0,3,0,,,0,0,0,0,0,False,,False,,False,,False,,False,,False,,Dockerfile(s) found but no Python entry point could be resolved
https://github.com/hellokara/scanpy,ok,False,5,0,1,scanpy\__main__.py,fallback_nested,33,322,8,0,1,True,scanpy/readwrite.py:367 pd.read_csv [matched pd.read_csv],True,scanpy/preprocessing/_simple.py:519 sklearn.decomposition.PCA [matched PCA],True,scanpy/preprocessing/_simple.py:867 sm.GLM [matched sm.GLM],True,scanpy/preprocessing/_simple.py:500 pca_.partial_fit [matched .partial_fit],True,scanpy/logging.py:43 self.log [matched self.log],False,,unverified: missing stages: inference
https://github.com/keyao21/qgml,no_dockerfile,False,0,0,0,,,0,0,0,0,0,False,,False,,False,,False,,False,,False,,no Dockerfile and no fallback entry point found
https://github.com/niall-twomey/recommender_metrics,no_dockerfile,False,0,0,0,,,0,0,0,0,0,False,,False,,False,,False,,False,,False,,no Dockerfile and no fallback entry point found
https://github.com/jnaor/wizzy,no_dockerfile,False,0,0,0,,,0,0,0,0,0,False,,False,,False,,False,,False,,False,,no Dockerfile and no fallback entry point found
https://github.com/ruiguo-bio/midi-miner,no_dockerfile,False,0,0,0,,,0,0,0,0,0,False,,False,,False,,False,,False,,False,,no Dockerfile and no fallback entry point found
https://github.com/filangelos/qtrader,no_dockerfile,False,0,0,0,,,0,0,0,0,0,False,,False,,False,,False,,False,,False,,no Dockerfile and no fallback entry point found
https://github.com/rmsander/learning-machine_learning,no_dockerfile,False,0,0,0,,,0,0,0,0,0,False,,False,,False,,False,,False,,False,,no Dockerfile and no fallback entry point found
https://github.com/AYCHUB/AYCHSmart,no_dockerfile,False,0,0,0,,,0,0,0,0,0,False,,False,,False,,False,,False,,False,,no Dockerfile and no fallback entry point found
https://github.com/Kwola/kwola,ok,False,4,2,1,kwola\bin\main.py,fallback_console_script,89,563,6,0,0,True,kwola/reporting/videos.py:75 cv2.imread [matched cv2.imread],False,,True,kwola/agent/tracenet.py:0 class TraceNet [matched <class subclasses model base>],True,kwola/training/optimizer.py:120 self.optimizer.zero_grad [matched optimizer.zero_grad],False,,True,kwola/agent/policy.py:158 model.eval [matched model.eval],"unverified: missing stages: data_preparation, evaluation"
https://github.com/ameyagodbole/multihop_inference_explanation_regeneration,no_dockerfile,False,0,0,0,,,0,0,0,0,0,False,,False,,False,,False,,False,,False,,no Dockerfile and no fallback entry point found
https://github.com/deepakitstartup/prediction-student-python,no_dockerfile,False,0,0,0,,,0,0,0,0,0,False,,False,,False,,False,,False,,False,,no Dockerfile and no fallback entry point found
https://github.com/metehancekic/wireless-fingerprinting,ok,False,3,0,1,cxnn\train.py,fallback_nested,12,84,2,1,0,True,cxnn/complexnn/pool.py:138 cv2.imread [matched cv2.imread],False,,True,cxnn/train.py:60 keras.layers.Input [matched keras.layers.*],False,,False,,True,cxnn/complexnn/pool.py:141 model.predict [matched model.predict],"unverified: missing stages: data_preparation, training, evaluation"
https://github.com/thesalmonification/DSCI400_Revamp,no_dockerfile,False,0,0,0,,,0,0,0,0,0,False,,False,,False,,False,,False,,False,,no Dockerfile and no fallback entry point found
https://github.com/JamesMcGuigan/kaggle-bengali-ai,no_dockerfile,False,0,0,0,,,0,0,0,0,0,False,,False,,False,,False,,False,,False,,no Dockerfile and no fallback entry point found
https://github.com/Travel-Gird/travel-hack-backend,no_dockerfile,False,0,0,0,,,0,0,0,0,0,False,,False,,False,,False,,False,,False,,no Dockerfile and no fallback entry point found
https://github.com/UBC-MDS/DMC_Portuguese_Group_402,no_entry,False,0,1,0,,,0,0,0,0,0,False,,False,,False,,False,,False,,False,,Dockerfile(s) found but no Python entry point could be resolved
https://github.com/broadinstitute/gnomad_methods,no_dockerfile,False,0,0,0,,,0,0,0,0,0,False,,False,,False,,False,,False,,False,,no Dockerfile and no fallback entry point found
https://github.com/HunterLC/Features,no_dockerfile,False,0,0,0,,,0,0,0,0,0,False,,False,,False,,False,,False,,False,,no Dockerfile and no fallback entry point found
https://github.com/CogniroboInc/cognimaker,no_entry,False,0,1,0,,,0,0,0,0,0,False,,False,,False,,False,,False,,False,,Dockerfile(s) found but no Python entry point could be resolved
https://github.com/lichen-lab/MDeep,no_dockerfile,False,0,0,0,,,0,0,0,0,0,False,,False,,False,,False,,False,,False,,no Dockerfile and no fallback entry point found
https://github.com/ruanchaves/elmo,no_entry,False,0,1,0,,,0,0,0,0,0,False,,False,,False,,False,,False,,False,,Dockerfile(s) found but no Python entry point could be resolved
https://github.com/firmai/atspy,no_dockerfile,False,0,0,0,,,0,0,0,0,0,False,,False,,False,,False,,False,,False,,no Dockerfile and no fallback entry point found
https://github.com/trygve55/Housing-Price-Estimator,no_dockerfile,False,0,0,0,,,0,0,0,0,0,False,,False,,False,,False,,False,,False,,no Dockerfile and no fallback entry point found
https://github.com/fv316/INF554,no_dockerfile,False,0,0,0,,,0,0,0,0,0,False,,False,,False,,False,,False,,False,,no Dockerfile and no fallback entry point found
https://github.com/philqc/deep-value-networks-pytorch,no_dockerfile,False,0,0,0,,,0,0,0,0,0,False,,False,,False,,False,,False,,False,,no Dockerfile and no fallback entry point found
https://github.com/i-strielkov/tfdrive,no_dockerfile,False,0,0,0,,,0,0,0,0,0,False,,False,,False,,False,,False,,False,,no Dockerfile and no fallback entry point found
https://github.com/yc844/DSCI521,no_dockerfile,False,0,0,0,,,0,0,0,0,0,False,,False,,False,,False,,False,,False,,no Dockerfile and no fallback entry point found
https://github.com/ryan-kp-miller/Stock-Price-Prediction-App,no_dockerfile,False,0,0,0,,,0,0,0,0,0,False,,False,,False,,False,,False,,False,,no Dockerfile and no fallback entry point found
https://github.com/ltgoslo/simple_elmo,no_dockerfile,False,0,0,0,,,0,0,0,0,0,False,,False,,False,,False,,False,,False,,no Dockerfile and no fallback entry point found
https://github.com/eskarpnes/anomove,no_dockerfile,False,0,0,0,,,0,0,0,0,0,False,,False,,False,,False,,False,,False,,no Dockerfile and no fallback entry point found
https://github.com/virajbhalala/deep-learning,no_dockerfile,False,0,0,0,,,0,0,0,0,0,False,,False,,False,,False,,False,,False,,no Dockerfile and no fallback entry point found
https://github.com/cluck28/ProfileCards,no_dockerfile,False,0,0,0,,,0,0,0,0,0,False,,False,,False,,False,,False,,False,,no Dockerfile and no fallback entry point found
https://github.com/czbiohub/scRFE,no_dockerfile,False,0,0,0,,,0,0,0,0,0,False,,False,,False,,False,,False,,False,,no Dockerfile and no fallback entry point found
https://github.com/gersteinlab/starrpeaker,ok,False,0,0,1,starrpeaker\starrpeaker.py,fallback_console_script,1,1,0,0,0,False,,False,,False,,False,,False,,False,,"unverified: missing stages: data_acquisition, data_preparation, modeling, training, evaluation, inference"
https://github.com/Daanielvb/text-extractor,ok,True,6,0,1,src\main.py,fallback_nested,19,217,7,0,0,True,src/main.py:81 pd.read_csv [matched pd.read_csv],True,src/main.py:32 train_test_split [matched train_test_split],True,src/main.py:37 sklearn.svm.SVC [matched SVC],True,src/main.py:38 clf.fit [matched clf.fit],True,src/classifiers/NeuralNetwork.py:99 self.model.evaluate [matched model.evaluate],True,src/main.py:39 clf.predict [matched clf.predict],verified: all 6 stages present
https://github.com/fabianaferreira/final-project-src,no_dockerfile,False,0,0,0,,,0,0,0,0,0,False,,False,,False,,False,,False,,False,,no Dockerfile and no fallback entry point found
https://github.com/rossrco/ames_housing_ml,no_entry,False,0,1,0,,,0,0,0,0,0,False,,False,,False,,False,,False,,False,,Dockerfile(s) found but no Python entry point could be resolved
https://github.com/liliblu/phosphodisco,no_dockerfile,False,0,0,0,,,0,0,0,0,0,False,,False,,False,,False,,False,,False,,no Dockerfile and no fallback entry point found
https://github.com/minosthem/filmoid,ok,False,1,1,1,app\main.py,fallback_nested,1,7,0,0,0,True,app/main.py:144 pd.read_csv [matched pd.read_csv],False,,False,,False,,False,,False,,"unverified: missing stages: data_preparation, modeling, training, evaluation, inference"
https://github.com/seblaz/Predicting-user-conversions,no_dockerfile,False,0,0,0,,,0,0,0,0,0,False,,False,,False,,False,,False,,False,,no Dockerfile and no fallback entry point found
https://github.com/UBC-MDS/NBA-Minutes-Predictor,no_entry,False,0,1,0,,,0,0,0,0,0,False,,False,,False,,False,,False,,False,,Dockerfile(s) found but no Python entry point could be resolved
https://github.com/madolphe/ProjetUdeS_PneumoniaClassification,no_dockerfile,False,0,0,0,,,0,0,0,0,0,False,,False,,False,,False,,False,,False,,no Dockerfile and no fallback entry point found
https://github.com/hookso123/AME_1_HMOF,no_dockerfile,False,0,0,0,,,0,0,0,0,0,False,,False,,False,,False,,False,,False,,no Dockerfile and no fallback entry point found
https://github.com/amrufathy/OMML,no_dockerfile,False,0,0,0,,,0,0,0,0,0,False,,False,,False,,False,,False,,False,,no Dockerfile and no fallback entry point found
https://github.com/zeynepCankara/Deep-Learning-CV,no_dockerfile,False,0,0,0,,,0,0,0,0,0,False,,False,,False,,False,,False,,False,,no Dockerfile and no fallback entry point found
https://github.com/smola/fastcountvectorizer,no_dockerfile,False,0,0,0,,,0,0,0,0,0,False,,False,,False,,False,,False,,False,,no Dockerfile and no fallback entry point found
https://github.com/gsasikiran/Monitoring-Neuron-Activations,no_dockerfile,False,0,0,0,,,0,0,0,0,0,False,,False,,False,,False,,False,,False,,no Dockerfile and no fallback entry point found
https://github.com/austinbrown34/shap,no_dockerfile,False,0,0,0,,,0,0,0,0,0,False,,False,,False,,False,,False,,False,,no Dockerfile and no fallback entry point found
https://github.com/wellcomecollection/data-science,no_entry,False,0,30,0,,,0,0,0,0,0,False,,False,,False,,False,,False,,False,,Dockerfile(s) found but no Python entry point could be resolved
https://github.com/fastest-parrot/ml1-lab1,no_dockerfile,False,0,0,0,,,0,0,0,0,0,False,,False,,False,,False,,False,,False,,no Dockerfile and no fallback entry point found
https://github.com/milvus-io/pymilvus,no_entry,False,0,1,0,,,0,0,0,0,0,False,,False,,False,,False,,False,,False,,Dockerfile(s) found but no Python entry point could be resolved
https://github.com/echonet/dynamic,ok,False,1,0,1,echonet\__main__.py,fallback_nested,7,12,3,0,0,True,echonet/utils/__init__.py:33 cv2.VideoCapture [matched cv2.VideoCapture],False,,False,,False,,False,,False,,"unverified: missing stages: data_preparation, modeling, training, evaluation, inference"
https://github.com/CIDARLAB/DAFD,no_dockerfile,False,0,0,0,,,0,0,0,0,0,False,,False,,False,,False,,False,,False,,no Dockerfile and no fallback entry point found
https://github.com/open-speech-org/python-speech-soa,no_dockerfile,False,0,0,0,,,0,0,0,0,0,False,,False,,False,,False,,False,,False,,no Dockerfile and no fallback entry point found
https://github.com/jbburt/brainsmash,no_dockerfile,False,0,0,0,,,0,0,0,0,0,False,,False,,False,,False,,False,,False,,no Dockerfile and no fallback entry point found
https://github.com/edwardoughton/taddle,no_dockerfile,False,0,0,0,,,0,0,0,0,0,False,,False,,False,,False,,False,,False,,no Dockerfile and no fallback entry point found
https://github.com/qemtek/football_trading,no_entry,False,0,1,0,,,0,0,0,0,0,False,,False,,False,,False,,False,,False,,Dockerfile(s) found but no Python entry point could be resolved
https://github.com/bjoern-hempel/keras-machine-learning-framework,ok,False,5,0,1,mlks\main.py,fallback_nested,28,188,3,0,0,True,mlks/helper/config.py:256 json.load [matched json.load],False,,True,mlks/commands/demo/mnist/main.py:78 keras.layers.Dense [matched layers.Dense],True,mlks/commands/demo/mnist/main.py:91 model.fit [matched model.fit],True,mlks/commands/demo/mnist/main.py:97 model.evaluate [matched model.evaluate],True,mlks/commands/demo/nine_points/train/main.py:131 model.predict [matched model.predict],unverified: missing stages: data_preparation
https://github.com/catalina17/VideoNavQA,no_dockerfile,False,0,0,0,,,0,0,0,0,0,False,,False,,False,,False,,False,,False,,no Dockerfile and no fallback entry point found
https://github.com/shauli-ravfogel/nullspace_projection,no_dockerfile,False,0,0,0,,,0,0,0,0,0,False,,False,,False,,False,,False,,False,,no Dockerfile and no fallback entry point found
https://github.com/yashrajkakkad/movie-recommendation,no_dockerfile,False,0,0,0,,,0,0,0,0,0,False,,False,,False,,False,,False,,False,,no Dockerfile and no fallback entry point found
https://github.com/Yishaiaz/MigHtyFi,no_dockerfile,False,0,0,0,,,0,0,0,0,0,False,,False,,False,,False,,False,,False,,no Dockerfile and no fallback entry point found
https://github.com/wyattowalsh/ieor_142_project,no_dockerfile,False,0,0,0,,,0,0,0,0,0,False,,False,,False,,False,,False,,False,,no Dockerfile and no fallback entry point found
https://github.com/pedromlsreis/paranormal_distributions,no_dockerfile,False,0,0,0,,,0,0,0,0,0,False,,False,,False,,False,,False,,False,,no Dockerfile and no fallback entry point found
https://github.com/gabrieldernbach/acoustic_train_classification,no_dockerfile,False,0,0,0,,,0,0,0,0,0,False,,False,,False,,False,,False,,False,,no Dockerfile and no fallback entry point found
https://github.com/JPLMLIA/pdsc,no_dockerfile,False,0,0,0,,,0,0,0,0,0,False,,False,,False,,False,,False,,False,,no Dockerfile and no fallback entry point found
https://github.com/eonu/sequentia,no_dockerfile,False,0,0,0,,,0,0,0,0,0,False,,False,,False,,False,,False,,False,,no Dockerfile and no fallback entry point found
https://github.com/paradigmn/ultrastar_pitch,ok,False,1,0,1,ultrastar_pitch\__main__.py,fallback_nested,10,21,2,0,0,False,,False,,False,,False,,False,,True,ultrastar_pitch/pitch_classifier.py:32 onnxruntime.InferenceSession [matched onnxruntime.InferenceSession],"unverified: missing stages: data_acquisition, data_preparation, modeling, training, evaluation"
https://github.com/sergeant-wizard/yosegi,no_dockerfile,False,0,0,0,,,0,0,0,0,0,False,,False,,False,,False,,False,,False,,no Dockerfile and no fallback entry point found
https://github.com/hamzajuzer10/baseline,no_dockerfile,False,0,0,0,,,0,0,0,0,0,False,,False,,False,,False,,False,,False,,no Dockerfile and no fallback entry point found
https://github.com/harrynull/crowdedness-monitor,no_dockerfile,False,0,0,0,,,0,0,0,0,0,False,,False,,False,,False,,False,,False,,no Dockerfile and no fallback entry point found
https://github.com/MallikarjunNamagiri/Machine-Learning,no_dockerfile,False,0,0,0,,,0,0,0,0,0,False,,False,,False,,False,,False,,False,,no Dockerfile and no fallback entry point found
https://github.com/EmanuelGoncalves/dtrace,no_dockerfile,False,0,0,0,,,0,0,0,0,0,False,,False,,False,,False,,False,,False,,no Dockerfile and no fallback entry point found
https://github.com/facebookresearch/dlrm,no_entry,False,0,2,0,,,0,0,0,0,0,False,,False,,False,,False,,False,,False,,Dockerfile(s) found but no Python entry point could be resolved
https://github.com/j-f-paquet/hic-param-est-duke2020,no_dockerfile,False,0,0,0,,,0,0,0,0,0,False,,False,,False,,False,,False,,False,,no Dockerfile and no fallback entry point found
https://github.com/DD2434-group-63/cluster-kernel,no_dockerfile,False,0,0,0,,,0,0,0,0,0,False,,False,,False,,False,,False,,False,,no Dockerfile and no fallback entry point found
https://github.com/ankitbansal811/natural-language-processing-hse,no_entry,False,0,1,0,,,0,0,0,0,0,False,,False,,False,,False,,False,,False,,Dockerfile(s) found but no Python entry point could be resolved
https://github.com/fournierlouis/SinGAN-MVA,no_dockerfile,False,0,0,0,,,0,0,0,0,0,False,,False,,False,,False,,False,,False,,no Dockerfile and no fallback entry point found
https://github.com/ualberta-smr/LibraryMetricScripts,ok,False,4,1,1,scripts\app.py,fallback_nested,15,79,2,0,0,True,scripts/Popularity/GHDepPopularity.py:24 requests.get [matched requests.get],True,scripts/IssueMetrics/performanceclassifier.py:12 nltk.stem.PorterStemmer [matched nltk.stem.PorterStemmer],True,librarycomparison/models.py:0 class Domain [matched <class subclasses model base>],False,,True,scripts/IssueMetrics/performanceclassifier.py:59 sklearn.model_selection.cross_val_score [matched cross_val_score],False,,"unverified: missing stages: training, inference"
https://github.com/petersiemen/ya-yolo,no_dockerfile,False,0,0,0,,,0,0,0,0,0,False,,False,,False,,False,,False,,False,,no Dockerfile and no fallback entry point found
https://github.com/samkennerly/kingofsnake,no_entry,False,0,1,0,,,0,0,0,0,0,False,,False,,False,,False,,False,,False,,Dockerfile(s) found but no Python entry point could be resolved
https://github.com/kumparan/nlp-id,no_dockerfile,False,0,0,0,,,0,0,0,0,0,False,,False,,False,,False,,False,,False,,no Dockerfile and no fallback entry point found
https://github.com/m-trinh/microsim,no_dockerfile,False,0,0,0,,,0,0,0,0,0,False,,False,,False,,False,,False,,False,,no Dockerfile and no fallback entry point found
https://github.com/mkamran37/CSE-601-Data-mining,no_dockerfile,False,0,0,0,,,0,0,0,0,0,False,,False,,False,,False,,False,,False,,no Dockerfile and no fallback entry point found
https://github.com/AuroreBussalb/meta-analysis-statistical-tools,no_dockerfile,False,0,0,0,,,0,0,0,0,0,False,,False,,False,,False,,False,,False,,no Dockerfile and no fallback entry point found
https://github.com/joshuacortez/grape,no_dockerfile,False,0,0,0,,,0,0,0,0,0,False,,False,,False,,False,,False,,False,,no Dockerfile and no fallback entry point found
https://github.com/VERLAR/prevision-dia-tiempo-real,no_dockerfile,False,0,0,0,,,0,0,0,0,0,False,,False,,False,,False,,False,,False,,no Dockerfile and no fallback entry point found
https://github.com/ceshine/oggdo,no_entry,False,0,3,0,,,0,0,0,0,0,False,,False,,False,,False,,False,,False,,Dockerfile(s) found but no Python entry point could be resolved
https://github.com/vnck/EvoTopic,ok,False,1,0,1,source\main.py,fallback_nested,1,0,0,0,0,True,source/main.py:10 pickle.load [matched pickle.load],False,,False,,False,,False,,False,,"unverified: missing stages: data_preparation, modeling, training, evaluation, inference"
https://github.com/top-on/bikeindex-scraper,no_entry,False,0,1,0,,,0,0,0,0,0,False,,False,,False,,False,,False,,False,,Dockerfile(s) found but no Python entry point could be resolved
https://github.com/yutayamazaki/machine-learning-from-scratch,no_dockerfile,False,0,0,0,,,0,0,0,0,0,False,,False,,False,,False,,False,,False,,no Dockerfile and no fallback entry point found
https://github.com/unit8co/darts,no_entry,False,0,1,0,,,0,0,0,0,0,False,,False,,False,,False,,False,,False,,Dockerfile(s) found but no Python entry point could be resolved
https://github.com/SaxMan96/Harmony-Analyzer,no_dockerfile,False,0,0,0,,,0,0,0,0,0,False,,False,,False,,False,,False,,False,,no Dockerfile and no fallback entry point found
https://github.com/robsalgado/personal_data_science_projects,no_dockerfile,False,0,0,0,,,0,0,0,0,0,False,,False,,False,,False,,False,,False,,no Dockerfile and no fallback entry point found
https://github.com/htapiagroup/manipulacion-de-datos-con-pandas-EisaacJC,no_dockerfile,False,0,0,0,,,0,0,0,0,0,False,,False,,False,,False,,False,,False,,no Dockerfile and no fallback entry point found
https://github.com/maguilarga/opioid_deaths,no_dockerfile,False,0,0,0,,,0,0,0,0,0,False,,False,,False,,False,,False,,False,,no Dockerfile and no fallback entry point found
https://github.com/jyu-theartofml/ISIC_melanoma,no_entry,False,0,1,0,,,0,0,0,0,0,False,,False,,False,,False,,False,,False,,Dockerfile(s) found but no Python entry point could be resolved
https://github.com/Marcus-joins/deep-learning,no_dockerfile,False,0,0,0,,,0,0,0,0,0,False,,False,,False,,False,,False,,False,,no Dockerfile and no fallback entry point found
https://github.com/Kinetikm/AppliedPythonF2019,no_entry,False,0,1,0,,,0,0,0,0,0,False,,False,,False,,False,,False,,False,,Dockerfile(s) found but no Python entry point could be resolved
https://github.com/oegedijk/explainerdashboard,ok,False,5,0,1,explainerdashboard\cli.py,fallback_console_script,15,666,3,0,3,True,explainerdashboard/cli.py:77 pickle.load [matched pickle.load],True,explainerdashboard/explainers.py:2188 pd.concat [matched pd.concat],False,,True,explainerdashboard/explainer_methods.py:1350 model.fit [matched model.fit],True,explainerdashboard/explainers.py:3836 sklearn.metrics.accuracy_score [matched accuracy_score],True,explainerdashboard/explainers.py:1101 self.model.predict [matched model.predict],unverified: missing stages: modeling
https://github.com/M3chanix/ROC,no_dockerfile,False,0,0,0,,,0,0,0,0,0,False,,False,,False,,False,,False,,False,,no Dockerfile and no fallback entry point found
https://github.com/thinkingg/tedana,ok,False,1,0,1,tedana\workflows\t2smap.py,fallback_console_script,6,27,3,0,0,False,,True,tedana/workflows/t2smap.py:228 np.nan_to_num [matched np.nan_to_num],False,,False,,False,,False,,"unverified: missing stages: data_acquisition, modeling, training, evaluation, inference"
https://github.com/IIAT-MR-LL/CPI_prediction,no_entry,False,0,1,0,,,0,0,0,0,0,False,,False,,False,,False,,False,,False,,Dockerfile(s) found but no Python entry point could be resolved
https://github.com/thalesaguiar21/Gryds,no_dockerfile,False,0,0,0,,,0,0,0,0,0,False,,False,,False,,False,,False,,False,,no Dockerfile and no fallback entry point found
https://github.com/ykliu1892/Transformers,ok,False,5,1,1,transformers\__main__.py,fallback_nested,63,954,5,0,0,True,transformers/convert_transfo_xl_original_tf_checkpoint_to_pytorch.py:55 pickle.load [matched pickle.load],True,transformers/tokenization_auto.py:107 tokenization_roberta.RobertaTokenizer.from_pretrained [matched RobertaTokenizer.from_pretrained],True,transformers/modeling_utils.py:0 class PreTrainedModel [matched <class subclasses model base>],False,,True,transformers/data/metrics/__init__.py:42 sklearn.metrics.f1_score [matched f1_score],True,transformers/modeling_utils.py:465 model.eval [matched model.eval],unverified: missing stages: training
https://github.com/HACC2019/garys-best,no_dockerfile,False,0,0,0,,,0,0,0,0,0,False,,False,,False,,False,,False,,False,,no Dockerfile and no fallback entry point found
https://github.com/datainvestor/ML-deployment,no_entry,False,0,1,0,,,0,0,0,0,0,False,,False,,False,,False,,False,,False,,Dockerfile(s) found but no Python entry point could be resolved
https://github.com/W-Tran/online-retail,no_dockerfile,False,0,0,0,,,0,0,0,0,0,False,,False,,False,,False,,False,,False,,no Dockerfile and no fallback entry point found
https://github.com/LiushaHe0317/python_ml_tutorial,no_dockerfile,False,0,0,0,,,0,0,0,0,0,False,,False,,False,,False,,False,,False,,no Dockerfile and no fallback entry point found
https://github.com/thomastkok/multimedia-retrieval,no_dockerfile,False,0,0,0,,,0,0,0,0,0,False,,False,,False,,False,,False,,False,,no Dockerfile and no fallback entry point found
https://github.com/jhrcook/100DaysOfPython,no_dockerfile,False,0,0,0,,,0,0,0,0,0,False,,False,,False,,False,,False,,False,,no Dockerfile and no fallback entry point found
https://github.com/product-price-tracker/product-price-tracker,no_dockerfile,False,0,0,0,,,0,0,0,0,0,False,,False,,False,,False,,False,,False,,no Dockerfile and no fallback entry point found
https://github.com/xiaohuiliugis/Machine-Learning-Health,no_dockerfile,False,0,0,0,,,0,0,0,0,0,False,,False,,False,,False,,False,,False,,no Dockerfile and no fallback entry point found
https://github.com/GuoliangPeng/first-neural-network-pgl,no_dockerfile,False,0,0,0,,,0,0,0,0,0,False,,False,,False,,False,,False,,False,,no Dockerfile and no fallback entry point found
https://github.com/mariuszrokita/wroclawski-rower-miejski,no_dockerfile,False,0,0,0,,,0,0,0,0,0,False,,False,,False,,False,,False,,False,,no Dockerfile and no fallback entry point found
https://github.com/pohanchi/huggingface_albert,ok,False,5,1,1,transformers\__main__.py,fallback_nested,66,1014,5,0,0,True,transformers/convert_transfo_xl_original_tf_checkpoint_to_pytorch.py:55 pickle.load [matched pickle.load],True,transformers/tokenization_auto.py:107 tokenization_roberta.RobertaTokenizer.from_pretrained [matched RobertaTokenizer.from_pretrained],True,transformers/modeling_utils.py:0 class PreTrainedModel [matched <class subclasses model base>],False,,True,transformers/data/metrics/__init__.py:42 sklearn.metrics.f1_score [matched f1_score],True,transformers/modeling_utils.py:417 model.eval [matched model.eval],unverified: missing stages: training
https://github.com/GrzegorzKazana/nearest-neighbours,no_dockerfile,False,0,0,0,,,0,0,0,0,0,False,,False,,False,,False,,False,,False,,no Dockerfile and no fallback entry point found
https://github.com/VictorW96/STI-Optimization-of-NNs,no_dockerfile,False,0,0,0,,,0,0,0,0,0,False,,False,,False,,False,,False,,False,,no Dockerfile and no fallback entry point found
https://github.com/dotmesh-io/dotscience-python,no_entry,False,0,1,0,,,0,0,0,0,0,False,,False,,False,,False,,False,,False,,Dockerfile(s) found but no Python entry point could be resolved
https://github.com/kunalkathuria/SVXplorer,no_dockerfile,False,0,0,0,,,0,0,0,0,0,False,,False,,False,,False,,False,,False,,no Dockerfile and no fallback entry point found
https://github.com/Samsung-IT-Academy/stepik-dl-nlp,no_dockerfile,False,0,0,0,,,0,0,0,0,0,False,,False,,False,,False,,False,,False,,no Dockerfile and no fallback entry point found
https://github.com/raphsilva/contrastive-summarization,no_dockerfile,False,0,0,0,,,0,0,0,0,0,False,,False,,False,,False,,False,,False,,no Dockerfile and no fallback entry point found
https://github.com/Kotorinyanya/IMEGAT,no_dockerfile,False,0,0,0,,,0,0,0,0,0,False,,False,,False,,False,,False,,False,,no Dockerfile and no fallback entry point found
https://github.com/jiahui92/playground,no_entry,False,0,2,0,,,0,0,0,0,0,False,,False,,False,,False,,False,,False,,Dockerfile(s) found but no Python entry point could be resolved
https://github.com/CielAl/pycodelib,no_dockerfile,False,0,0,0,,,0,0,0,0,0,False,,False,,False,,False,,False,,False,,no Dockerfile and no fallback entry point found
https://github.com/DaphneO/DECIBEL,no_dockerfile,False,0,0,0,,,0,0,0,0,0,False,,False,,False,,False,,False,,False,,no Dockerfile and no fallback entry point found
https://github.com/skpref/skpref,no_dockerfile,False,0,0,0,,,0,0,0,0,0,False,,False,,False,,False,,False,,False,,no Dockerfile and no fallback entry point found
https://github.com/matthew-sochor/transfer,ok,True,6,0,1,transfer\__main__.py,fallback_nested,11,45,2,0,0,True,transfer/project.py:32 yaml.load [matched yaml.load],True,transfer/model.py:107 sklearn.model_selection.StratifiedKFold [matched StratifiedKFold],True,transfer/resnet50.py:31 keras.layers.Input [matched keras.layers.*],True,transfer/model.py:200 model.fit_generator [matched model.fit_generator],True,transfer/model.py:253 sklearn.metrics.confusion_matrix [matched confusion_matrix],True,transfer/model.py:248 model.predict [matched model.predict],verified: all 6 stages present
https://github.com/maxsch3/keras-batchflow,no_dockerfile,False,0,0,0,,,0,0,0,0,0,False,,False,,False,,False,,False,,False,,no Dockerfile and no fallback entry point found
https://github.com/jlgarridol/scikit-multilearn-ubumlaas,no_dockerfile,False,0,0,0,,,0,0,0,0,0,False,,False,,False,,False,,False,,False,,no Dockerfile and no fallback entry point found
https://github.com/gur-ids/anari,no_dockerfile,False,0,0,0,,,0,0,0,0,0,False,,False,,False,,False,,False,,False,,no Dockerfile and no fallback entry point found
https://github.com/giotto-ai/giotto-tda,no_dockerfile,False,0,0,0,,,0,0,0,0,0,False,,False,,False,,False,,False,,False,,no Dockerfile and no fallback entry point found
https://github.com/remykarem/mixed-naive-bayes,no_dockerfile,False,0,0,0,,,0,0,0,0,0,False,,False,,False,,False,,False,,False,,no Dockerfile and no fallback entry point found
https://github.com/pibeebeks/task-user-recommender,no_dockerfile,False,0,0,0,,,0,0,0,0,0,False,,False,,False,,False,,False,,False,,no Dockerfile and no fallback entry point found
https://github.com/anguyen8/generative-attribution-methods,ok,False,1,0,1,generative_inpainting\train.py,fallback_nested,1,1,0,0,0,False,,False,,False,,True,generative_inpainting/train.py:109 neuralgym.callbacks.SummaryWriter [matched SummaryWriter],False,,False,,"unverified: missing stages: data_acquisition, data_preparation, modeling, evaluation, inference"
https://github.com/cluePrints/data-sci-fience,no_dockerfile,False,0,0,0,,,0,0,0,0,0,False,,False,,False,,False,,False,,False,,no Dockerfile and no fallback entry point found
https://github.com/JosephPB/n3jet,no_dockerfile,False,0,0,0,,,0,0,0,0,0,False,,False,,False,,False,,False,,False,,no Dockerfile and no fallback entry point found
https://github.com/capitalone/global-attribution-mapping,no_dockerfile,False,0,0,0,,,0,0,0,0,0,False,,False,,False,,False,,False,,False,,no Dockerfile and no fallback entry point found
https://github.com/eXascaleInfolab/GraphEmbEval,no_dockerfile,False,0,0,0,,,0,0,0,0,0,False,,False,,False,,False,,False,,False,,no Dockerfile and no fallback entry point found
https://github.com/NaturalHistoryMuseum/annette,no_entry,False,0,1,0,,,0,0,0,0,0,False,,False,,False,,False,,False,,False,,Dockerfile(s) found but no Python entry point could be resolved
https://github.com/MdyPrince/MlExecrcise,no_entry,False,0,1,0,,,0,0,0,0,0,False,,False,,False,,False,,False,,False,,Dockerfile(s) found but no Python entry point could be resolved
https://github.com/mango915/haliteRL,no_dockerfile,False,0,0,0,,,0,0,0,0,0,False,,False,,False,,False,,False,,False,,no Dockerfile and no fallback entry point found
https://github.com/rjurney/weakly_supervised_learning_code,no_entry,False,0,1,0,,,0,0,0,0,0,False,,False,,False,,False,,False,,False,,Dockerfile(s) found but no Python entry point could be resolved
https://github.com/venom1270/essay-grading,no_dockerfile,False,0,0,0,,,0,0,0,0,0,False,,False,,False,,False,,False,,False,,no Dockerfile and no fallback entry point found
https://github.com/murthylab/sleap,ok,False,5,0,1,sleap\cli.py,fallback_console_script,82,1803,7,0,0,True,sleap/gui/color.py:55 yaml.load [matched yaml.load],True,sleap/gui/dialogs/metrics.py:350 melt [matched .melt],True,sleap/info/feature_suggestions.py:66 sklearn.cluster.KMeans [matched KMeans],True,sleap/qc/features/pose_split.py:150 km.fit_predict [matched .fit_predict],False,,True,sleap/qc/gmm.py:125 self.model.predict_proba [matched model.predict_proba],unverified: missing stages: evaluation
https://github.com/massquantity/LibRecommender,no_entry,False,0,1,0,,,0,0,0,0,0,False,,False,,False,,False,,False,,False,,Dockerfile(s) found but no Python entry point could be resolved
https://github.com/chiefSim/ProjectDogClassification,no_dockerfile,False,0,0,0,,,0,0,0,0,0,False,,False,,False,,False,,False,,False,,no Dockerfile and no fallback entry point found
https://github.com/mkavim/finetune_bert,no_dockerfile,False,0,0,0,,,0,0,0,0,0,False,,False,,False,,False,,False,,False,,no Dockerfile and no fallback entry point found
https://github.com/koyo922/kinoko,ok,False,0,0,1,kinoko\text\patch_tsv.py,fallback_console_script,3,15,1,0,0,False,,False,,False,,False,,False,,False,,"unverified: missing stages: data_acquisition, data_preparation, modeling, training, evaluation, inference"
https://github.com/PaddlePaddle/ERNIE,ok,True,6,1,1,erniekit\cli.py,fallback_console_script,139,1146,9,0,0,True,erniekit/eval/eval.py:168 json.load [matched json.load],True,ernie/tokenizer.py:99 sentencepiece.SentencePieceProcessor [matched sentencepiece.SentencePieceProcessor],True,ernie/modeling_moe.py:1180 paddle.nn.Embedding [matched nn.Embedding],True,erniekit/train/dpo/workflow.py:602 trainer.train [matched trainer.train],True,erniekit/eval/eval.py:513 trainer.evaluate [matched trainer.evaluate],True,erniekit/train/sft/trainer.py:590 model.eval [matched model.eval],verified: all 6 stages present
https://github.com/hANSIc99/Pythonic,no_dockerfile,False,0,0,0,,,0,0,0,0,0,False,,False,,False,,False,,False,,False,,no Dockerfile and no fallback entry point found
https://github.com/bw-findingplanets/Data-Science,no_dockerfile,False,0,0,0,,,0,0,0,0,0,False,,False,,False,,False,,False,,False,,no Dockerfile and no fallback entry point found
https://github.com/mitre/tmnt,no_dockerfile,False,0,0,0,,,0,0,0,0,0,False,,False,,False,,False,,False,,False,,no Dockerfile and no fallback entry point found
https://github.com/zehengl/ez-cuisine-classifier,no_dockerfile,False,0,0,0,,,0,0,0,0,0,False,,False,,False,,False,,False,,False,,no Dockerfile and no fallback entry point found
https://github.com/arytontediarjo/mpower-analysis,no_entry,False,0,1,0,,,0,0,0,0,0,False,,False,,False,,False,,False,,False,,Dockerfile(s) found but no Python entry point could be resolved
https://github.com/multimediaeval/2019-Emotion-and-Theme-Recognition-in-Music-Task,no_dockerfile,False,0,0,0,,,0,0,0,0,0,False,,False,,False,,False,,False,,False,,no Dockerfile and no fallback entry point found
https://github.com/harrywsh/phrase-detection,no_dockerfile,False,0,0,0,,,0,0,0,0,0,False,,False,,False,,False,,False,,False,,no Dockerfile and no fallback entry point found
https://github.com/feranick/Pi-bot,no_dockerfile,False,0,0,0,,,0,0,0,0,0,False,,False,,False,,False,,False,,False,,no Dockerfile and no fallback entry point found
https://github.com/Hewlbern/Traffic-Exploration,no_dockerfile,False,0,0,0,,,0,0,0,0,0,False,,False,,False,,False,,False,,False,,no Dockerfile and no fallback entry point found
https://github.com/knaidoo29/mistree,no_dockerfile,False,0,0,0,,,0,0,0,0,0,False,,False,,False,,False,,False,,False,,no Dockerfile and no fallback entry point found
https://github.com/amitkaps/recommendation,no_dockerfile,False,0,0,0,,,0,0,0,0,0,False,,False,,False,,False,,False,,False,,no Dockerfile and no fallback entry point found
https://github.com/sbernasek/flyqma,no_dockerfile,False,0,0,0,,,0,0,0,0,0,False,,False,,False,,False,,False,,False,,no Dockerfile and no fallback entry point found
https://github.com/machine-intelligence-laboratory/TopicNet,no_dockerfile,False,0,0,0,,,0,0,0,0,0,False,,False,,False,,False,,False,,False,,no Dockerfile and no fallback entry point found
https://github.com/cmusatyalab/dronesearch,no_dockerfile,False,0,0,0,,,0,0,0,0,0,False,,False,,False,,False,,False,,False,,no Dockerfile and no fallback entry point found
https://github.com/mrshootingstar/machine-learning-resources,clone_failed,False,0,0,0,,,0,0,0,0,0,False,,False,,False,,False,,False,,False,,remote: Repository not found.
https://github.com/platanus/gift-recommender,no_dockerfile,False,0,0,0,,,0,0,0,0,0,False,,False,,False,,False,,False,,False,,no Dockerfile and no fallback entry point found
https://github.com/UPennEoR/ml_rfi,no_dockerfile,False,0,0,0,,,0,0,0,0,0,False,,False,,False,,False,,False,,False,,no Dockerfile and no fallback entry point found
https://github.com/MLforHealth/MIMIC_Extract,no_dockerfile,False,0,0,0,,,0,0,0,0,0,False,,False,,False,,False,,False,,False,,no Dockerfile and no fallback entry point found
https://github.com/jooglyp/ml101,ok,False,1,0,1,ml101\main.py,fallback_nested,2,1,1,0,0,True,ml101/main.py:19 pd.read_csv [matched pd.read_csv],False,,False,,False,,False,,False,,"unverified: missing stages: data_preparation, modeling, training, evaluation, inference"
https://github.com/ammarnajjar/python-playground,no_dockerfile,False,0,0,0,,,0,0,0,0,0,False,,False,,False,,False,,False,,False,,no Dockerfile and no fallback entry point found
https://github.com/Garrafao/LSCDetection,no_dockerfile,False,0,0,0,,,0,0,0,0,0,False,,False,,False,,False,,False,,False,,no Dockerfile and no fallback entry point found
https://github.com/wfondrie/mokapot,ok,False,5,1,1,mokapot\mokapot.py,fallback_console_script,32,382,5,0,0,True,mokapot/model.py:545 pd.read_csv [matched pd.read_csv],True,mokapot/confidence.py:320 pd.concat [matched pd.concat],True,mokapot/model.py:0 class PercolatorModel [matched <class subclasses model base>],True,mokapot/brew.py:581 model.fit [matched model.fit],False,,True,mokapot/brew.py:422 model.predict [matched model.predict],unverified: missing stages: evaluation
https://github.com/msc-acse/acse-9-independent-research-project-Garethlomax,no_dockerfile,False,0,0,0,,,0,0,0,0,0,False,,False,,False,,False,,False,,False,,no Dockerfile and no fallback entry point found
https://github.com/ramonfigueiredopessoa/machine_learning_in_python,no_dockerfile,False,0,0,0,,,0,0,0,0,0,False,,False,,False,,False,,False,,False,,no Dockerfile and no fallback entry point found
https://github.com/4keyboardman/StandpointExtract,ok,False,2,0,1,attention_chatbot\main.py,fallback_nested,6,42,2,0,0,False,,False,,True,attention_chatbot/train.py:182 nn.Embedding [matched nn.Embedding],True,attention_chatbot/train.py:146 loss.backward [matched loss.backward],False,,False,,"unverified: missing stages: data_acquisition, data_preparation, evaluation, inference"
https://github.com/vohoaiviet/opencv-machine-learning,no_dockerfile,False,0,0,0,,,0,0,0,0,0,False,,False,,False,,False,,False,,False,,no Dockerfile and no fallback entry point found
https://github.com/allenai/mosaic-leaderboard,no_entry,False,0,20,0,,,0,0,0,0,0,False,,False,,False,,False,,False,,False,,Dockerfile(s) found but no Python entry point could be resolved
https://github.com/ValRCS/RCS_Data_Analysis_Python_09_2019,no_entry,False,0,1,0,,,0,0,0,0,0,False,,False,,False,,False,,False,,False,,Dockerfile(s) found but no Python entry point could be resolved
https://github.com/elangovana/character-embedding,ok,False,3,1,1,src\train.py,fallback_nested,1,9,0,0,0,False,,False,,False,,True,src/train.py:97 loss.backward [matched loss.backward],True,src/train.py:197 sklearn.metrics.confusion_matrix [matched confusion_matrix],True,src/train.py:158 model.eval [matched model.eval],"unverified: missing stages: data_acquisition, data_preparation, modeling"
https://github.com/krishnakarthikmn/DEEP_Learning_U,no_dockerfile,False,0,0,0,,,0,0,0,0,0,False,,False,,False,,False,,False,,False,,no Dockerfile and no fallback entry point found
https://github.com/DeepLearnI/demo-project,no_dockerfile,False,0,0,0,,,0,0,0,0,0,False,,False,,False,,False,,False,,False,,no Dockerfile and no fallback entry point found
https://github.com/lluma/pyrobot_tm700,no_entry,False,0,1,0,,,0,0,0,0,0,False,,False,,False,,False,,False,,False,,Dockerfile(s) found but no Python entry point could be resolved
https://github.com/ondovj/subreddit_classification,no_dockerfile,False,0,0,0,,,0,0,0,0,0,False,,False,,False,,False,,False,,False,,no Dockerfile and no fallback entry point found
https://github.com/Vishal-V/GSoC-TensorFlow-2019,ok,False,1,0,1,mask_rcnn\main.py,fallback_nested,1,0,0,0,0,True,mask_rcnn/main.py:54 cv2.imread [matched cv2.imread],False,,False,,False,,False,,False,,"unverified: missing stages: data_preparation, modeling, training, evaluation, inference"
https://github.com/ANTsX/ANTsPyNet,ok,False,3,2,1,antspynet\cli\mouse_brain_extraction.py,fallback_console_script,74,352,3,0,0,False,,False,,True,antspynet/architectures/create_autoencoder_model.py:42 tf.keras.layers.Input [matched tf.keras.layers.*],True,antspynet/utilities/deep_embedded_clustering_utilities.py:173 kmeans.fit_predict [matched .fit_predict],False,,True,antspynet/utilities/super_resolution_utilities.py:273 tf.lite.Interpreter [matched tf.lite.Interpreter],"unverified: missing stages: data_acquisition, data_preparation, evaluation"
https://github.com/mwalmsley/gz-panoptes-reduction,no_dockerfile,False,0,0,0,,,0,0,0,0,0,False,,False,,False,,False,,False,,False,,no Dockerfile and no fallback entry point found
https://github.com/JasonBlind/past-future-conversation,ok,False,4,1,1,pytorch_transformers\__main__.py,fallback_nested,27,455,3,0,0,True,pytorch_transformers/convert_transfo_xl_checkpoint_to_pytorch.py:55 pickle.load [matched pickle.load],True,pytorch_transformers/tokenization_xlm.py:128 spacy.load [matched spacy.load],True,pytorch_transformers/modeling_bert.py:0 class BertEmbeddings [matched <class subclasses model base>],False,,False,,True,pytorch_transformers/modeling_transfo_xl.py:1100 torch.no_grad [matched torch.no_grad],"unverified: missing stages: training, evaluation"
https://github.com/SamanDaneshvar/usermodeling,no_dockerfile,False,0,0,0,,,0,0,0,0,0,False,,False,,False,,False,,False,,False,,no Dockerfile and no fallback entry point found
https://github.com/timkpaine/lantern,ok,False,0,0,1,lantern\__main__.py,fallback_nested,1,0,0,0,0,False,,False,,False,,False,,False,,False,,"unverified: missing stages: data_acquisition, data_preparation, modeling, training, evaluation, inference"
https://github.com/oegedijk/explainingtitanic,no_entry,False,0,2,0,,,0,0,0,0,0,False,,False,,False,,False,,False,,False,,Dockerfile(s) found but no Python entry point could be resolved
https://github.com/waqasbhatti/cdips-pipeline,no_dockerfile,False,0,0,0,,,0,0,0,0,0,False,,False,,False,,False,,False,,False,,no Dockerfile and no fallback entry point found
https://github.com/Samwimb/predicting-crime,ok,False,3,0,1,DC_Crime_Predicted\app.py,fallback_nested,1,13,0,0,0,True,DC_Crime_Predicted/app.py:234 requests.get [matched requests.get],True,DC_Crime_Predicted/app.py:221 sklearn.preprocessing.LabelEncoder [matched LabelEncoder],False,,False,,False,,True,DC_Crime_Predicted/app.py:40 flask.Flask [matched Flask],"unverified: missing stages: modeling, training, evaluation"
https://github.com/meccaLeccaHi/pymoth,no_dockerfile,False,0,0,0,,,0,0,0,0,0,False,,False,,False,,False,,False,,False,,no Dockerfile and no fallback entry point found
https://github.com/hanz-vora/RouteSafer,no_dockerfile,False,0,0,0,,,0,0,0,0,0,False,,False,,False,,False,,False,,False,,no Dockerfile and no fallback entry point found
https://github.com/097475/hansberger,no_dockerfile,False,0,0,0,,,0,0,0,0,0,False,,False,,False,,False,,False,,False,,no Dockerfile and no fallback entry point found
https://github.com/artur-deluca/psopt,no_dockerfile,False,0,0,0,,,0,0,0,0,0,False,,False,,False,,False,,False,,False,,no Dockerfile and no fallback entry point found
https://github.com/microfossil/particle-classification,ok,False,3,0,1,miso\__main__.py,fallback_nested,10,82,5,0,0,True,miso/inference/classify.py:154 PIL.Image.open [matched Image.open],False,,True,miso/models/keras_models.py:18 keras.layers.Lambda [matched keras.layers.*],False,,False,,True,miso/deploy/saving.py:212 onnxruntime.InferenceSession [matched onnxruntime.InferenceSession],"unverified: missing stages: data_preparation, training, evaluation"
https://github.com/yoko8ma/gcp-tutorial,no_dockerfile,False,0,0,0,,,0,0,0,0,0,False,,False,,False,,False,,False,,False,,no Dockerfile and no fallback entry point found
https://github.com/Amitbergman/FmriSagolProject,ok,False,5,0,1,sagol\main.py,fallback_nested,21,111,4,0,0,True,sagol/gui/models_window.py:15 def prepare_data [matched <lightning hook prepare_data>],True,sagol/run_models.py:238 sklearn.model_selection.train_test_split [matched train_test_split],True,sagol/models/lasso.py:16 sklearn.linear_model.Lasso [matched Lasso],True,sagol/models/bagging_regressor.py:21 sklearn.model_selection.GridSearchCV [matched GridSearchCV],False,,True,sagol/evaluate_models.py:142 model.predict [matched model.predict],unverified: missing stages: evaluation
https://github.com/leo6033/handyML,no_dockerfile,False,0,0,0,,,0,0,0,0,0,False,,False,,False,,False,,False,,False,,no Dockerfile and no fallback entry point found
https://github.com/casperbh96/Nested-Cross-Validation,no_dockerfile,False,0,0,0,,,0,0,0,0,0,False,,False,,False,,False,,False,,False,,no Dockerfile and no fallback entry point found
https://github.com/thedeg123/ConsensusIO,no_dockerfile,False,0,0,0,,,0,0,0,0,0,False,,False,,False,,False,,False,,False,,no Dockerfile and no fallback entry point found
https://github.com/CharlyBlavier/snips-nlu-Copy,ok,False,1,0,1,snips_nlu\__main__.py,fallback_nested,79,608,8,0,1,True,snips_nlu/cli/metrics.py:79 json.load [matched json.load],False,,False,,False,,False,,False,,"unverified: missing stages: data_preparation, modeling, training, evaluation, inference"
https://github.com/StevenBanama/C3AE,no_dockerfile,False,0,0,0,,,0,0,0,0,0,False,,False,,False,,False,,False,,False,,no Dockerfile and no fallback entry point found
https://github.com/iascchen/ai_study_notes,no_dockerfile,False,0,0,0,,,0,0,0,0,0,False,,False,,False,,False,,False,,False,,no Dockerfile and no fallback entry point found
https://github.com/sdv-dev/SDGym,no_entry,False,0,1,0,,,0,0,0,0,0,False,,False,,False,,False,,False,,False,,Dockerfile(s) found but no Python entry point could be resolved
https://github.com/petersontylerd/mlmachine,no_dockerfile,False,0,0,0,,,0,0,0,0,0,False,,False,,False,,False,,False,,False,,no Dockerfile and no fallback entry point found
https://github.com/IBM/lale,no_entry,False,0,1,0,,,0,0,0,0,0,False,,False,,False,,False,,False,,False,,Dockerfile(s) found but no Python entry point could be resolved
https://github.com/ContinuITy-Project/clustinator,ok,False,0,1,1,clustinator\main.py,fallback_nested,1,2,0,0,0,False,,False,,False,,False,,False,,False,,"unverified: missing stages: data_acquisition, data_preparation, modeling, training, evaluation, inference"
https://github.com/clinfo/kGCN,ok,True,6,1,1,gcn.py,fallback_console_script,10,142,2,0,2,True,gcn.py:737 json.load [matched json.load],True,gcn.py:362 sklearn.model_selection.StratifiedKFold [matched StratifiedKFold],True,kgcn/make_plots.py:139 sklearn.linear_model.LinearRegression [matched LinearRegression],True,gcn.py:284 model.fit [matched model.fit],True,gcn.py:205 sklearn.metrics.r2_score [matched r2_score],True,kgcn/make_plots.py:141 regr.predict [matched regr.predict],verified: all 6 stages present
https://github.com/LyteFM/spatial-tobit,no_dockerfile,False,0,0,0,,,0,0,0,0,0,False,,False,,False,,False,,False,,False,,no Dockerfile and no fallback entry point found
https://github.com/phil-bergmann/tracking_wo_bnw,no_dockerfile,False,0,0,0,,,0,0,0,0,0,False,,False,,False,,False,,False,,False,,no Dockerfile and no fallback entry point found
https://github.com/dmgt/gdso_2019,no_dockerfile,False,0,0,0,,,0,0,0,0,0,False,,False,,False,,False,,False,,False,,no Dockerfile and no fallback entry point found
https://github.com/omama7/FaceNetInferenceApproacches,no_dockerfile,False,0,0,0,,,0,0,0,0,0,False,,False,,False,,False,,False,,False,,no Dockerfile and no fallback entry point found
https://github.com/PurdueCAM2Project/HumanBehaviorS19,ok,False,2,0,1,sort_tracker\main.py,fallback_nested,1,7,0,0,0,True,sort_tracker/main.py:143 cv2.imread [matched cv2.imread],False,,False,,False,,False,,True,sort_tracker/main.py:59 model.eval [matched model.eval],"unverified: missing stages: data_preparation, modeling, training, evaluation"
https://github.com/snorkel-team/snorkel-tutorials,no_entry,False,0,1,0,,,0,0,0,0,0,False,,False,,False,,False,,False,,False,,Dockerfile(s) found but no Python entry point could be resolved
https://github.com/yohann84L/plot_metric,no_dockerfile,False,0,0,0,,,0,0,0,0,0,False,,False,,False,,False,,False,,False,,no Dockerfile and no fallback entry point found
https://github.com/zhong110020/text-classification-cnn-rnn,no_dockerfile,False,0,0,0,,,0,0,0,0,0,False,,False,,False,,False,,False,,False,,no Dockerfile and no fallback entry point found
https://github.com/SaltieRL/ReplayModels,no_dockerfile,False,0,0,0,,,0,0,0,0,0,False,,False,,False,,False,,False,,False,,no Dockerfile and no fallback entry point found
https://github.com/PriyankaChakraborti/CoFFee-Shop-Blues,no_dockerfile,False,0,0,0,,,0,0,0,0,0,False,,False,,False,,False,,False,,False,,no Dockerfile and no fallback entry point found
https://github.com/pultarmi/HardNet_MultiDataset,no_dockerfile,False,0,0,0,,,0,0,0,0,0,False,,False,,False,,False,,False,,False,,no Dockerfile and no fallback entry point found
https://github.com/dikshantsagar/Precog-Reddit-Flair-Detector,no_dockerfile,False,0,0,0,,,0,0,0,0,0,False,,False,,False,,False,,False,,False,,no Dockerfile and no fallback entry point found
https://github.com/axiom-data-science/OrcaCNN,ok,False,0,2,1,app\run.py,fallback_nested,1,1,0,0,0,False,,False,,False,,False,,False,,False,,"unverified: missing stages: data_acquisition, data_preparation, modeling, training, evaluation, inference"
https://github.com/statKim/TIL,no_dockerfile,False,0,0,0,,,0,0,0,0,0,False,,False,,False,,False,,False,,False,,no Dockerfile and no fallback entry point found
https://github.com/SpikeInterface/spikemetrics,no_dockerfile,False,0,0,0,,,0,0,0,0,0,False,,False,,False,,False,,False,,False,,no Dockerfile and no fallback entry point found
https://github.com/optimusLime85/homl,no_entry,False,0,1,0,,,0,0,0,0,0,False,,False,,False,,False,,False,,False,,Dockerfile(s) found but no Python entry point could be resolved
https://github.com/Teosoft7/hit_or_not,no_dockerfile,False,0,0,0,,,0,0,0,0,0,False,,False,,False,,False,,False,,False,,no Dockerfile and no fallback entry point found
https://github.com/forecastlab/forecast_dash,no_entry,False,0,2,0,,,0,0,0,0,0,False,,False,,False,,False,,False,,False,,Dockerfile(s) found but no Python entry point could be resolved
https://github.com/pentium3/AutoTiKV,no_dockerfile,False,0,0,0,,,0,0,0,0,0,False,,False,,False,,False,,False,,False,,no Dockerfile and no fallback entry point found
https://github.com/amanda-jo/General-Assembly-Projects,no_dockerfile,False,0,0,0,,,0,0,0,0,0,False,,False,,False,,False,,False,,False,,no Dockerfile and no fallback entry point found
https://github.com/douglasnorthcott/deep-learning-v2-pytorch,no_dockerfile,False,0,0,0,,,0,0,0,0,0,False,,False,,False,,False,,False,,False,,no Dockerfile and no fallback entry point found
https://github.com/u6k/ml-sandbox,no_entry,False,0,2,0,,,0,0,0,0,0,False,,False,,False,,False,,False,,False,,Dockerfile(s) found but no Python entry point could be resolved
https://github.com/ml-unito/fair-networks,no_entry,False,0,1,0,,,0,0,0,0,0,False,,False,,False,,False,,False,,False,,Dockerfile(s) found but no Python entry point could be resolved
https://github.com/Isekai-Seikatsu/NLP-Practice,no_dockerfile,False,0,0,0,,,0,0,0,0,0,False,,False,,False,,False,,False,,False,,no Dockerfile and no fallback entry point found
https://github.com/kb1900/Cultris-Tetris-AI,ok,False,0,0,1,c2ai\__main__.py,fallback_nested,2,0,1,0,2,False,,False,,False,,False,,False,,False,,"unverified: missing stages: data_acquisition, data_preparation, modeling, training, evaluation, inference"
https://github.com/Jared-Luxton/Fukushima-disaster-eval-safety,no_dockerfile,False,0,0,0,,,0,0,0,0,0,False,,False,,False,,False,,False,,False,,no Dockerfile and no fallback entry point found
https://github.com/philippwindischhofer/HiggsPivoting,no_dockerfile,False,0,0,0,,,0,0,0,0,0,False,,False,,False,,False,,False,,False,,no Dockerfile and no fallback entry point found
https://github.com/cifkao/ismir2019-music-style-translation,no_dockerfile,False,0,0,0,,,0,0,0,0,0,False,,False,,False,,False,,False,,False,,no Dockerfile and no fallback entry point found
https://github.com/niklascp/vehicletracker,ok,False,1,0,1,vehicletracker\__main__.py,fallback_console_script,6,60,2,0,1,True,vehicletracker/helpers/config.py:7 yaml.load [matched yaml.load],False,,False,,False,,False,,False,,"unverified: missing stages: data_preparation, modeling, training, evaluation, inference"
https://github.com/IBM/depiction,no_entry,False,0,1,0,,,0,0,0,0,0,False,,False,,False,,False,,False,,False,,Dockerfile(s) found but no Python entry point could be resolved
https://github.com/ceshine/pytorch-helper-bot,no_dockerfile,False,0,0,0,,,0,0,0,0,0,False,,False,,False,,False,,False,,False,,no Dockerfile and no fallback entry point found
https://github.com/thu-coai/tatk,ok,False,3,0,1,deploy\run.py,fallback_nested,20,84,4,0,1,True,deploy/config.py:70 json.load [matched json.load],False,,True,tatk/nlu/nlu.py:0 class NLU [matched <class subclasses model base>],False,,False,,True,deploy/run.py:32 flask.Flask [matched Flask],"unverified: missing stages: data_preparation, training, evaluation"
https://github.com/webvalley/wv-mongo-docker,no_dockerfile,False,0,0,0,,,0,0,0,0,0,False,,False,,False,,False,,False,,False,,no Dockerfile and no fallback entry point found
https://github.com/lzrvch/pyspikelib,no_dockerfile,False,0,0,0,,,0,0,0,0,0,False,,False,,False,,False,,False,,False,,no Dockerfile and no fallback entry point found
https://github.com/Roychowdhury-group/FENESTRA-Fake-News-Structure-and-Threat-Assessment,no_dockerfile,False,0,0,0,,,0,0,0,0,0,False,,False,,False,,False,,False,,False,,no Dockerfile and no fallback entry point found
https://github.com/retentioneering/retentioneering-tools,no_dockerfile,False,0,0,0,,,0,0,0,0,0,False,,False,,False,,False,,False,,False,,no Dockerfile and no fallback entry point found
https://github.com/sunshinelu/PythonDiary,no_dockerfile,False,0,0,0,,,0,0,0,0,0,False,,False,,False,,False,,False,,False,,no Dockerfile and no fallback entry point found
https://github.com/korobool/hlll_course,no_dockerfile,False,0,0,0,,,0,0,0,0,0,False,,False,,False,,False,,False,,False,,no Dockerfile and no fallback entry point found
https://github.com/Dowell-Lab/DAStk,no_dockerfile,False,0,0,0,,,0,0,0,0,0,False,,False,,False,,False,,False,,False,,no Dockerfile and no fallback entry point found
https://github.com/imvasen/GlaucomaDetection,no_dockerfile,False,0,0,0,,,0,0,0,0,0,False,,False,,False,,False,,False,,False,,no Dockerfile and no fallback entry point found
https://github.com/IreneZhao0624/coding_test,no_dockerfile,False,0,0,0,,,0,0,0,0,0,False,,False,,False,,False,,False,,False,,no Dockerfile and no fallback entry point found
https://github.com/hsidky/srv,no_dockerfile,False,0,0,0,,,0,0,0,0,0,False,,False,,False,,False,,False,,False,,no Dockerfile and no fallback entry point found
https://github.com/VarIr/scikit-hubness,no_dockerfile,False,0,0,0,,,0,0,0,0,0,False,,False,,False,,False,,False,,False,,no Dockerfile and no fallback entry point found
https://github.com/raamana/kernelmethods,no_dockerfile,False,0,0,0,,,0,0,0,0,0,False,,False,,False,,False,,False,,False,,no Dockerfile and no fallback entry point found
https://github.com/Jdduryea/PReLIM,no_dockerfile,False,0,0,0,,,0,0,0,0,0,False,,False,,False,,False,,False,,False,,no Dockerfile and no fallback entry point found
https://github.com/PrabhatML/Udacity-Machine-Learning-Nanodegree,no_dockerfile,False,0,0,0,,,0,0,0,0,0,False,,False,,False,,False,,False,,False,,no Dockerfile and no fallback entry point found
https://github.com/arfc/annsa,no_dockerfile,False,0,0,0,,,0,0,0,0,0,False,,False,,False,,False,,False,,False,,no Dockerfile and no fallback entry point found
https://github.com/RafailSkoulos17/cyber_data_analytics,no_dockerfile,False,0,0,0,,,0,0,0,0,0,False,,False,,False,,False,,False,,False,,no Dockerfile and no fallback entry point found
https://github.com/jleuschn/dival,no_dockerfile,False,0,0,0,,,0,0,0,0,0,False,,False,,False,,False,,False,,False,,no Dockerfile and no fallback entry point found
https://github.com/pktippa/learning,no_dockerfile,False,0,0,0,,,0,0,0,0,0,False,,False,,False,,False,,False,,False,,no Dockerfile and no fallback entry point found
https://github.com/ShmatkovD/music2vec,ok,False,1,0,1,model\train.py,fallback_nested,8,32,3,0,0,False,,False,,False,,False,,True,model/model.py:171 tf.metrics.mean_absolute_error [matched mean_absolute_error],False,,"unverified: missing stages: data_acquisition, data_preparation, modeling, training, inference"
https://github.com/brechmos/elodin-nn,no_dockerfile,False,0,0,0,,,0,0,0,0,0,False,,False,,False,,False,,False,,False,,no Dockerfile and no fallback entry point found
https://github.com/LithiumSR/bird_detection_nn,no_dockerfile,False,0,0,0,,,0,0,0,0,0,False,,False,,False,,False,,False,,False,,no Dockerfile and no fallback entry point found
https://github.com/IBM/differential-privacy-library,no_dockerfile,False,0,0,0,,,0,0,0,0,0,False,,False,,False,,False,,False,,False,,no Dockerfile and no fallback entry point found
https://github.com/sshh12/UAV-Image-Rec,no_dockerfile,False,0,0,0,,,0,0,0,0,0,False,,False,,False,,False,,False,,False,,no Dockerfile and no fallback entry point found
https://github.com/emredogan7/bug-localization-by-dnn-and-rvsm,ok,False,0,0,1,src\main.py,fallback_nested,1,0,0,0,0,False,,False,,False,,False,,False,,False,,"unverified: missing stages: data_acquisition, data_preparation, modeling, training, evaluation, inference"
https://github.com/IHA114/faceswap,ok,False,1,2,1,scripts\train.py,fallback_nested,13,211,4,0,1,True,lib/utils.py:95 cv2.imread [matched cv2.imread],False,,False,,False,,False,,False,,"unverified: missing stages: data_preparation, modeling, training, evaluation, inference"
https://github.com/kmayerb/tcrdist2,no_dockerfile,False,0,0,0,,,0,0,0,0,0,False,,False,,False,,False,,False,,False,,no Dockerfile and no fallback entry point found
https://github.com/eserrania/chicago_police,no_dockerfile,False,0,0,0,,,0,0,0,0,0,False,,False,,False,,False,,False,,False,,no Dockerfile and no fallback entry point found
https://github.com/jsevo/taxumap,no_dockerfile,False,0,0,0,,,0,0,0,0,0,False,,False,,False,,False,,False,,False,,no Dockerfile and no fallback entry point found
https://github.com/alibaba/ai-matrix,no_entry,False,0,16,0,,,0,0,0,0,0,False,,False,,False,,False,,False,,False,,Dockerfile(s) found but no Python entry point could be resolved
https://github.com/facebookresearch/pyrobot,no_entry,False,0,1,0,,,0,0,0,0,0,False,,False,,False,,False,,False,,False,,Dockerfile(s) found but no Python entry point could be resolved
https://github.com/Cuda-Chen/fish-classifier,no_dockerfile,False,0,0,0,,,0,0,0,0,0,False,,False,,False,,False,,False,,False,,no Dockerfile and no fallback entry point found
https://github.com/aliSyed68/workshop,no_dockerfile,False,0,0,0,,,0,0,0,0,0,False,,False,,False,,False,,False,,False,,no Dockerfile and no fallback entry point found
https://github.com/ldanov/pypkg_hmeasure,no_dockerfile,False,0,0,0,,,0,0,0,0,0,False,,False,,False,,False,,False,,False,,no Dockerfile and no fallback entry point found
https://github.com/Natasha-Kohli/IBMDesign,no_dockerfile,False,0,0,0,,,0,0,0,0,0,False,,False,,False,,False,,False,,False,,no Dockerfile and no fallback entry point found
https://github.com/walkingCommiter/css_political_ads,no_dockerfile,False,0,0,0,,,0,0,0,0,0,False,,False,,False,,False,,False,,False,,no Dockerfile and no fallback entry point found
https://github.com/danielgordon10/dg_util,no_dockerfile,False,0,0,0,,,0,0,0,0,0,False,,False,,False,,False,,False,,False,,no Dockerfile and no fallback entry point found
https://github.com/AllenInstitute/drcme,no_dockerfile,False,0,0,0,,,0,0,0,0,0,False,,False,,False,,False,,False,,False,,no Dockerfile and no fallback entry point found
https://github.com/woctezuma/download-steam-banners,no_dockerfile,False,0,0,0,,,0,0,0,0,0,False,,False,,False,,False,,False,,False,,no Dockerfile and no fallback entry point found
https://github.com/dolasanand/DSPythonHandbook,no_dockerfile,False,0,0,0,,,0,0,0,0,0,False,,False,,False,,False,,False,,False,,no Dockerfile and no fallback entry point found
https://github.com/milliams/proof,no_dockerfile,False,0,0,0,,,0,0,0,0,0,False,,False,,False,,False,,False,,False,,no Dockerfile and no fallback entry point found
https://github.com/zhaofeng-shu33/info-clustering-python-binding,no_dockerfile,False,0,0,0,,,0,0,0,0,0,False,,False,,False,,False,,False,,False,,no Dockerfile and no fallback entry point found
https://github.com/justinnhli/misclassification-heuristic,no_dockerfile,False,0,0,0,,,0,0,0,0,0,False,,False,,False,,False,,False,,False,,no Dockerfile and no fallback entry point found
https://github.com/AbangLZU/lanenet-lane-detection-py2,no_dockerfile,False,0,0,0,,,0,0,0,0,0,False,,False,,False,,False,,False,,False,,no Dockerfile and no fallback entry point found
https://github.com/kkonevets/dedup,no_dockerfile,False,0,0,0,,,0,0,0,0,0,False,,False,,False,,False,,False,,False,,no Dockerfile and no fallback entry point found
https://github.com/glorioushedgehog/TakeMeHomeLegacy,no_dockerfile,False,0,0,0,,,0,0,0,0,0,False,,False,,False,,False,,False,,False,,no Dockerfile and no fallback entry point found
https://github.com/alan-turing-institute/signatures-psychiatry,no_dockerfile,False,0,0,0,,,0,0,0,0,0,False,,False,,False,,False,,False,,False,,no Dockerfile and no fallback entry point found
https://github.com/amslabtech/object_detection,no_entry,False,0,1,0,,,0,0,0,0,0,False,,False,,False,,False,,False,,False,,Dockerfile(s) found but no Python entry point could be resolved
https://github.com/JakartaLaw/dypa_termpaper,no_dockerfile,False,0,0,0,,,0,0,0,0,0,False,,False,,False,,False,,False,,False,,no Dockerfile and no fallback entry point found
https://github.com/macmanes-lab/MCBS913_2019,no_dockerfile,False,0,0,0,,,0,0,0,0,0,False,,False,,False,,False,,False,,False,,no Dockerfile and no fallback entry point found
https://github.com/CarlosMatheus/Artificial-Intelligence-in-Robotics,no_dockerfile,False,0,0,0,,,0,0,0,0,0,False,,False,,False,,False,,False,,False,,no Dockerfile and no fallback entry point found
https://github.com/mne-tools/mne-realtime,no_dockerfile,False,0,0,0,,,0,0,0,0,0,False,,False,,False,,False,,False,,False,,no Dockerfile and no fallback entry point found
https://github.com/lachhebo/pyclustertend,no_dockerfile,False,0,0,0,,,0,0,0,0,0,False,,False,,False,,False,,False,,False,,no Dockerfile and no fallback entry point found
https://github.com/toshohirasawa/nmtpytorch-emb-pred,no_dockerfile,False,0,0,0,,,0,0,0,0,0,False,,False,,False,,False,,False,,False,,no Dockerfile and no fallback entry point found
https://github.com/AsAsgard/trading_pr,no_entry,False,0,3,0,,,0,0,0,0,0,False,,False,,False,,False,,False,,False,,Dockerfile(s) found but no Python entry point could be resolved
https://github.com/rmacaraeg/Twitch_Chat_Identifier,no_dockerfile,False,0,0,0,,,0,0,0,0,0,False,,False,,False,,False,,False,,False,,no Dockerfile and no fallback entry point found
https://github.com/SongShawn/MachineLearning,no_dockerfile,False,0,0,0,,,0,0,0,0,0,False,,False,,False,,False,,False,,False,,no Dockerfile and no fallback entry point found
https://github.com/younesZdDz/Recommendation_system-CareerVillage.org-,no_dockerfile,False,0,0,0,,,0,0,0,0,0,False,,False,,False,,False,,False,,False,,no Dockerfile and no fallback entry point found
https://github.com/njchiang/analogy-fmri,no_dockerfile,False,0,0,0,,,0,0,0,0,0,False,,False,,False,,False,,False,,False,,no Dockerfile and no fallback entry point found
https://github.com/aburzinski/MSiA-423-Project,ok,False,2,0,1,app\app.py,fallback_nested,7,13,1,0,0,True,app/app.py:36 pickle.load [matched pickle.load],False,,False,,False,,False,,True,app/app.py:27 flask.Flask [matched Flask],"unverified: missing stages: data_preparation, modeling, training, evaluation"
https://github.com/GuanLab/FastClone_GuanLab,ok,False,1,0,1,fastclone\__main__.py,fallback_nested,5,22,2,0,0,True,fastclone/loaders.py:34 pd.read_csv [matched pd.read_csv],False,,False,,False,,False,,False,,"unverified: missing stages: data_preparation, modeling, training, evaluation, inference"
https://github.com/pysal/mapclassify,no_dockerfile,False,0,0,0,,,0,0,0,0,0,False,,False,,False,,False,,False,,False,,no Dockerfile and no fallback entry point found
https://github.com/JonnoFTW/htm-models-adelaide,no_dockerfile,False,0,0,0,,,0,0,0,0,0,False,,False,,False,,False,,False,,False,,no Dockerfile and no fallback entry point found
https://github.com/bmmidei/SliceCast,no_dockerfile,False,0,0,0,,,0,0,0,0,0,False,,False,,False,,False,,False,,False,,no Dockerfile and no fallback entry point found
https://github.com/naf445/MSiA_AVC,ok,False,2,0,1,app\app.py,fallback_nested,1,2,0,0,0,True,app/app.py:24 yaml.load [matched yaml.load],False,,False,,False,,False,,True,app/app.py:62 flask.Flask [matched Flask],"unverified: missing stages: data_preparation, modeling, training, evaluation"
https://github.com/dianagudu/ca-as,ok,False,5,0,1,cause\__main__.py,fallback_nested,10,219,2,0,0,True,cause/stats.py:211 yaml.load [matched yaml.load],True,cause/stats.py:38 self.df.pivot [matched .pivot],True,cause/postprocessor.py:87 sklearn.ensemble.ExtraTreesClassifier [matched ExtraTreesClassifier],True,cause/postprocessor.py:88 clf.fit [matched clf.fit],True,cause/predictor.py:80 sklearn.metrics.accuracy_score [matched accuracy_score],False,,unverified: missing stages: inference
https://github.com/csanders1999/CatDogApp,no_dockerfile,False,0,0,0,,,0,0,0,0,0,False,,False,,False,,False,,False,,False,,no Dockerfile and no fallback entry point found
https://github.com/azaelmsousa/DataScience,no_dockerfile,False,0,0,0,,,0,0,0,0,0,False,,False,,False,,False,,False,,False,,no Dockerfile and no fallback entry point found
https://github.com/rednafi/urban-sound-classification,no_dockerfile,False,0,0,0,,,0,0,0,0,0,False,,False,,False,,False,,False,,False,,no Dockerfile and no fallback entry point found
https://github.com/brettChapman/multivis,no_dockerfile,False,0,0,0,,,0,0,0,0,0,False,,False,,False,,False,,False,,False,,no Dockerfile and no fallback entry point found
https://github.com/xandriaw/iqa,no_entry,False,0,3,0,,,0,0,0,0,0,False,,False,,False,,False,,False,,False,,Dockerfile(s) found but no Python entry point could be resolved
https://github.com/perryrjohnson/Bird_DS,no_dockerfile,False,0,0,0,,,0,0,0,0,0,False,,False,,False,,False,,False,,False,,no Dockerfile and no fallback entry point found
https://github.com/junipertcy/bipartiteSBM,no_dockerfile,False,0,0,0,,,0,0,0,0,0,False,,False,,False,,False,,False,,False,,no Dockerfile and no fallback entry point found
https://github.com/zembrzuski/finance,no_dockerfile,False,0,0,0,,,0,0,0,0,0,False,,False,,False,,False,,False,,False,,no Dockerfile and no fallback entry point found
https://github.com/jonas-eschle/raredecay,no_dockerfile,False,0,0,0,,,0,0,0,0,0,False,,False,,False,,False,,False,,False,,no Dockerfile and no fallback entry point found
https://github.com/nimily/impute,no_dockerfile,False,0,0,0,,,0,0,0,0,0,False,,False,,False,,False,,False,,False,,no Dockerfile and no fallback entry point found
https://github.com/hanovator/tesorflow_for_everyone,no_entry,False,0,2,0,,,0,0,0,0,0,False,,False,,False,,False,,False,,False,,Dockerfile(s) found but no Python entry point could be resolved
https://github.com/heartexlabs/pyheartex,no_entry,False,0,1,0,,,0,0,0,0,0,False,,False,,False,,False,,False,,False,,Dockerfile(s) found but no Python entry point could be resolved
https://github.com/imartinezl/picnic-hackathon-2019,no_dockerfile,False,0,0,0,,,0,0,0,0,0,False,,False,,False,,False,,False,,False,,no Dockerfile and no fallback entry point found
https://github.com/suemarsouza/GCP_CloudMLSamples,no_entry,False,0,4,0,,,0,0,0,0,0,False,,False,,False,,False,,False,,False,,Dockerfile(s) found but no Python entry point could be resolved
https://github.com/likit/biasdb,no_entry,False,0,2,0,,,0,0,0,0,0,False,,False,,False,,False,,False,,False,,Dockerfile(s) found but no Python entry point could be resolved
https://github.com/NThande/matched-motif,no_dockerfile,False,0,0,0,,,0,0,0,0,0,False,,False,,False,,False,,False,,False,,no Dockerfile and no fallback entry point found
https://github.com/yannistannier/coclust,no_dockerfile,False,0,0,0,,,0,0,0,0,0,False,,False,,False,,False,,False,,False,,no Dockerfile and no fallback entry point found
https://github.com/MIPT-Oulu/Collagen,no_dockerfile,False,0,0,0,,,0,0,0,0,0,False,,False,,False,,False,,False,,False,,no Dockerfile and no fallback entry point found
https://github.com/dddwj/evaluation-system,no_dockerfile,False,0,0,0,,,0,0,0,0,0,False,,False,,False,,False,,False,,False,,no Dockerfile and no fallback entry point found
https://github.com/vatsal2210/Machine-Learning-Project-Western,no_dockerfile,False,0,0,0,,,0,0,0,0,0,False,,False,,False,,False,,False,,False,,no Dockerfile and no fallback entry point found
https://github.com/kerry-li/CSE515-Final,ok,False,1,0,1,src\main.py,fallback_nested,1,2,0,0,0,False,,False,,False,,False,,False,,True,src/main.py:21 model.predict [matched model.predict],"unverified: missing stages: data_acquisition, data_preparation, modeling, training, evaluation"
https://github.com/qingemeng/cs498-applied-machine-learning,no_dockerfile,False,0,0,0,,,0,0,0,0,0,False,,False,,False,,False,,False,,False,,no Dockerfile and no fallback entry point found
https://github.com/sartorileonardo/Support-ChatBot,no_dockerfile,False,0,0,0,,,0,0,0,0,0,False,,False,,False,,False,,False,,False,,no Dockerfile and no fallback entry point found
https://github.com/waterlandlab/CluBCpG,ok,False,1,0,1,clubcpg_bin\clubcpg_coverage.py,fallback_console_script,3,15,2,0,0,False,,True,clubcpg/ParseBam.py:199 pd.concat [matched pd.concat],False,,False,,False,,False,,"unverified: missing stages: data_acquisition, modeling, training, evaluation, inference"
https://github.com/subbarayudu-j/MachineLearning-sklearn-pandas,no_dockerfile,False,0,0,0,,,0,0,0,0,0,False,,False,,False,,False,,False,,False,,no Dockerfile and no fallback entry point found
https://github.com/GilesStrong/lumin,no_dockerfile,False,0,0,0,,,0,0,0,0,0,False,,False,,False,,False,,False,,False,,no Dockerfile and no fallback entry point found
https://github.com/mylifecode/ML_sklearn,no_entry,False,0,1,0,,,0,0,0,0,0,False,,False,,False,,False,,False,,False,,Dockerfile(s) found but no Python entry point could be resolved
https://github.com/rhdemo/2019-demo4-ai,no_dockerfile,False,0,0,0,,,0,0,0,0,0,False,,False,,False,,False,,False,,False,,no Dockerfile and no fallback entry point found
https://github.com/orkqueen/depplabseongil,ok,False,3,0,1,dlc.py,fallback_console_script,45,248,4,0,0,True,deeplabcut/generate_training_dataset/labeling_toolbox.py:52 cv2.imread [matched cv2.imread],True,deeplabcut/generate_training_dataset/labeling_toolbox.py:393 pd.concat [matched pd.concat],True,deeplabcut/refine_training_dataset/outlier_frames.py:266 sm.tsa.statespace.SARIMAX [matched SARIMAX],False,,False,,False,,"unverified: missing stages: training, evaluation, inference"
https://github.com/MIC-DKFZ/Hyppopy,no_dockerfile,False,0,0,0,,,0,0,0,0,0,False,,False,,False,,False,,False,,False,,no Dockerfile and no fallback entry point found
https://github.com/KevinMMendez/cimcb,no_dockerfile,False,0,0,0,,,0,0,0,0,0,False,,False,,False,,False,,False,,False,,no Dockerfile and no fallback entry point found
https://github.com/jessee-kung/tu-etp-ad1062,no_entry,False,0,1,0,,,0,0,0,0,0,False,,False,,False,,False,,False,,False,,Dockerfile(s) found but no Python entry point could be resolved
https://github.com/jzyee/no_stacking_tpot,no_dockerfile,False,0,0,0,,,0,0,0,0,0,False,,False,,False,,False,,False,,False,,no Dockerfile and no fallback entry point found
https://github.com/TractorHacking/PolyCAN,ok,False,0,0,1,polycan\__main__.py,fallback_nested,1,0,0,1,0,False,,False,,False,,False,,False,,False,,"unverified: missing stages: data_acquisition, data_preparation, modeling, training, evaluation, inference"
https://github.com/guateam/Project-Agent,no_dockerfile,False,0,0,0,,,0,0,0,0,0,False,,False,,False,,False,,False,,False,,no Dockerfile and no fallback entry point found
https://github.com/Cognitana-Research/NNOHD,no_dockerfile,False,0,0,0,,,0,0,0,0,0,False,,False,,False,,False,,False,,False,,no Dockerfile and no fallback entry point found
https://github.com/castorini/hedwig,ok,False,3,0,1,common\train.py,fallback_nested,8,30,3,0,0,True,common/trainers/relevance_transfer_trainer.py:130 torch.utils.data.DataLoader [matched DataLoader],True,datasets/bert_processors/abstract_processor.py:186 nltk.tokenize.sent_tokenize [matched nltk.tokenize.sent_tokenize],False,,True,common/trainers/classification_trainer.py:36 self.optimizer.zero_grad [matched optimizer.zero_grad],False,,False,,"unverified: missing stages: modeling, evaluation, inference"
https://github.com/paper-parser/paper-parser,no_dockerfile,False,0,0,0,,,0,0,0,0,0,False,,False,,False,,False,,False,,False,,no Dockerfile and no fallback entry point found
https://github.com/sMedX/FaceNet,no_dockerfile,False,0,0,0,,,0,0,0,0,0,False,,False,,False,,False,,False,,False,,no Dockerfile and no fallback entry point found
https://github.com/RMeli/scripts,no_dockerfile,False,0,0,0,,,0,0,0,0,0,False,,False,,False,,False,,False,,False,,no Dockerfile and no fallback entry point found
https://github.com/philipperemy/keract,no_dockerfile,False,0,0,0,,,0,0,0,0,0,False,,False,,False,,False,,False,,False,,no Dockerfile and no fallback entry point found
https://github.com/mir-am/LightTwinSVM,ok,False,4,0,1,ltsvm\__main__.py,fallback_nested,8,36,4,0,0,True,ltsvm/dataproc.py:77 csv.reader [matched csv.reader],True,ltsvm/eval_classifier.py:196 sklearn.model_selection.KFold [matched KFold],True,ltsvm/twinsvm.py:0 class TSVM [matched <class subclasses model base>],False,,True,ltsvm/eval_classifier.py:347 sklearn.metrics.accuracy_score [matched accuracy_score],False,,"unverified: missing stages: training, inference"
https://github.com/lowysole/tfg,no_dockerfile,False,0,0,0,,,0,0,0,0,0,False,,False,,False,,False,,False,,False,,no Dockerfile and no fallback entry point found
https://github.com/volhalla-by/tensorby,no_dockerfile,False,0,0,0,,,0,0,0,0,0,False,,False,,False,,False,,False,,False,,no Dockerfile and no fallback entry point found
https://github.com/chintanp/BattDeg,no_dockerfile,False,0,0,0,,,0,0,0,0,0,False,,False,,False,,False,,False,,False,,no Dockerfile and no fallback entry point found
https://github.com/CooperMcNumpty/machine-learning,no_dockerfile,False,0,0,0,,,0,0,0,0,0,False,,False,,False,,False,,False,,False,,no Dockerfile and no fallback entry point found
https://github.com/kalkairis/causal_inference_2018,no_dockerfile,False,0,0,0,,,0,0,0,0,0,False,,False,,False,,False,,False,,False,,no Dockerfile and no fallback entry point found
https://github.com/feup-infolab/army-ant,no_entry,False,0,1,0,,,0,0,0,0,0,False,,False,,False,,False,,False,,False,,Dockerfile(s) found but no Python entry point could be resolved
https://github.com/NLP-CISUC/NLPyPort,no_dockerfile,False,0,0,0,,,0,0,0,0,0,False,,False,,False,,False,,False,,False,,no Dockerfile and no fallback entry point found
https://github.com/Vykstorm/CaptchaDL,no_dockerfile,False,0,0,0,,,0,0,0,0,0,False,,False,,False,,False,,False,,False,,no Dockerfile and no fallback entry point found
https://github.com/zdavidli/tool-presence,no_dockerfile,False,0,0,0,,,0,0,0,0,0,False,,False,,False,,False,,False,,False,,no Dockerfile and no fallback entry point found
https://github.com/heblade/pythontraining,no_dockerfile,False,0,0,0,,,0,0,0,0,0,False,,False,,False,,False,,False,,False,,no Dockerfile and no fallback entry point found
https://github.com/danrasband/twitterhatespeech,no_entry,False,0,1,0,,,0,0,0,0,0,False,,False,,False,,False,,False,,False,,Dockerfile(s) found but no Python entry point could be resolved
https://github.com/pyg-team/pytorch_geometric,no_entry,False,0,2,0,,,0,0,0,0,0,False,,False,,False,,False,,False,,False,,Dockerfile(s) found but no Python entry point could be resolved
https://github.com/IDSIA/sacred,ok,False,1,1,1,sacred\run.py,fallback_nested,41,563,6,0,2,True,sacred/observers/file_storage.py:306 json.load [matched json.load],False,,False,,False,,False,,False,,"unverified: missing stages: data_preparation, modeling, training, evaluation, inference"
https://github.com/billyean/anna,no_dockerfile,False,0,0,0,,,0,0,0,0,0,False,,False,,False,,False,,False,,False,,no Dockerfile and no fallback entry point found
https://github.com/MichelML/udacity-machine-learning,no_dockerfile,False,0,0,0,,,0,0,0,0,0,False,,False,,False,,False,,False,,False,,no Dockerfile and no fallback entry point found
https://github.com/sdpython/pymlbenchmark,no_dockerfile,False,0,0,0,,,0,0,0,0,0,False,,False,,False,,False,,False,,False,,no Dockerfile and no fallback entry point found
https://github.com/nnkennard/code-authorship,no_dockerfile,False,0,0,0,,,0,0,0,0,0,False,,False,,False,,False,,False,,False,,no Dockerfile and no fallback entry point found
https://github.com/Samy-33/Upajj,no_dockerfile,False,0,0,0,,,0,0,0,0,0,False,,False,,False,,False,,False,,False,,no Dockerfile and no fallback entry point found
https://github.com/hypnopump/MiniFold,no_dockerfile,False,0,0,0,,,0,0,0,0,0,False,,False,,False,,False,,False,,False,,no Dockerfile and no fallback entry point found
https://github.com/qutang/tang_msse_2020,no_dockerfile,False,0,0,0,,,0,0,0,0,0,False,,False,,False,,False,,False,,False,,no Dockerfile and no fallback entry point found
https://github.com/sdrogers/clms,no_dockerfile,False,0,0,0,,,0,0,0,0,0,False,,False,,False,,False,,False,,False,,no Dockerfile and no fallback entry point found
https://github.com/bulengding/deepfakes_faceswap,ok,False,1,2,1,scripts\train.py,fallback_nested,13,142,4,0,1,True,scripts/train.py:169 cv2.imread [matched cv2.imread],False,,False,,False,,False,,False,,"unverified: missing stages: data_preparation, modeling, training, evaluation, inference"
https://github.com/deepcurator/DCC,no_dockerfile,False,0,0,0,,,0,0,0,0,0,False,,False,,False,,False,,False,,False,,no Dockerfile and no fallback entry point found
https://github.com/dagarcia-nvidia/mlperf_training,no_entry,False,0,15,0,,,0,0,0,0,0,False,,False,,False,,False,,False,,False,,Dockerfile(s) found but no Python entry point could be resolved
https://github.com/michalmar/video_reco_hack,no_dockerfile,False,0,0,0,,,0,0,0,0,0,False,,False,,False,,False,,False,,False,,no Dockerfile and no fallback entry point found
https://github.com/p2irc/lsplab,no_dockerfile,False,0,0,0,,,0,0,0,0,0,False,,False,,False,,False,,False,,False,,no Dockerfile and no fallback entry point found
https://github.com/paulmattheww/utils,no_entry,False,0,1,0,,,0,0,0,0,0,False,,False,,False,,False,,False,,False,,Dockerfile(s) found but no Python entry point could be resolved
https://github.com/Ionicson/ip2geotools-locator,ok,False,2,0,1,ip2geotools_locator\main.py,fallback_nested,21,53,2,0,0,True,ip2geotools_locator/main.py:45 json.load [matched json.load],False,,True,ip2geotools_locator/calculations/clustering.py:51 sklearn.cluster.KMeans [matched KMeans],False,,False,,False,,"unverified: missing stages: data_preparation, training, evaluation, inference"
https://github.com/missingfactor/deep-learning-v2-pytorch,no_dockerfile,False,0,0,0,,,0,0,0,0,0,False,,False,,False,,False,,False,,False,,no Dockerfile and no fallback entry point found
https://github.com/MagnusPoppe/NAS,no_entry,False,0,1,0,,,0,0,0,0,0,False,,False,,False,,False,,False,,False,,Dockerfile(s) found but no Python entry point could be resolved
https://github.com/dkaslovsky/GraphRole,no_dockerfile,False,0,0,0,,,0,0,0,0,0,False,,False,,False,,False,,False,,False,,no Dockerfile and no fallback entry point found
https://github.com/UBC-MDS/image-compression-toolkit-python,no_dockerfile,False,0,0,0,,,0,0,0,0,0,False,,False,,False,,False,,False,,False,,no Dockerfile and no fallback entry point found
https://github.com/charlieLehman/yapwrap,no_dockerfile,False,0,0,0,,,0,0,0,0,0,False,,False,,False,,False,,False,,False,,no Dockerfile and no fallback entry point found
https://github.com/simpeg-research/Astic-2019-PGI,no_dockerfile,False,0,0,0,,,0,0,0,0,0,False,,False,,False,,False,,False,,False,,no Dockerfile and no fallback entry point found
https://github.com/marinakiseleva/thex_model,no_dockerfile,False,0,0,0,,,0,0,0,0,0,False,,False,,False,,False,,False,,False,,no Dockerfile and no fallback entry point found
https://github.com/herereadthis/Sagaxus,no_dockerfile,False,0,0,0,,,0,0,0,0,0,False,,False,,False,,False,,False,,False,,no Dockerfile and no fallback entry point found
https://github.com/HamletWantToCode/ofdft-ml,no_dockerfile,False,0,0,0,,,0,0,0,0,0,False,,False,,False,,False,,False,,False,,no Dockerfile and no fallback entry point found
https://github.com/SalammboBarca/Fil_Rouge,no_dockerfile,False,0,0,0,,,0,0,0,0,0,False,,False,,False,,False,,False,,False,,no Dockerfile and no fallback entry point found
https://github.com/flatironinstitute/inferelator,no_dockerfile,False,0,0,0,,,0,0,0,0,0,False,,False,,False,,False,,False,,False,,no Dockerfile and no fallback entry point found
https://github.com/WildfireXIII/perspective-mining-research,no_dockerfile,False,0,0,0,,,0,0,0,0,0,False,,False,,False,,False,,False,,False,,no Dockerfile and no fallback entry point found
https://github.com/KrishnaswamyLab/scprep,no_dockerfile,False,0,0,0,,,0,0,0,0,0,False,,False,,False,,False,,False,,False,,no Dockerfile and no fallback entry point found
https://github.com/neurodata/primitives-interfaces,no_dockerfile,False,0,0,0,,,0,0,0,0,0,False,,False,,False,,False,,False,,False,,no Dockerfile and no fallback entry point found
https://github.com/i-machine-think/machine,no_dockerfile,False,0,0,0,,,0,0,0,0,0,False,,False,,False,,False,,False,,False,,no Dockerfile and no fallback entry point found
https://github.com/samhas2015/openml,no_dockerfile,False,0,0,0,,,0,0,0,0,0,False,,False,,False,,False,,False,,False,,no Dockerfile and no fallback entry point found
https://github.com/wararaki718/scrapbox,no_entry,False,0,37,0,,,0,0,0,0,0,False,,False,,False,,False,,False,,False,,Dockerfile(s) found but no Python entry point could be resolved
https://github.com/ASIJupyter/ASINotebooks,no_dockerfile,False,0,0,0,,,0,0,0,0,0,False,,False,,False,,False,,False,,False,,no Dockerfile and no fallback entry point found
https://github.com/MIR-MU/regularized-embeddings,no_dockerfile,False,0,0,0,,,0,0,0,0,0,False,,False,,False,,False,,False,,False,,no Dockerfile and no fallback entry point found
https://github.com/physimals/quantiphyse,ok,False,3,0,1,quantiphyse\__main__.py,fallback_nested,45,687,5,0,1,True,quantiphyse/utils/__init__.py:90 np.loadtxt [matched np.loadtxt],True,quantiphyse/processes/feat_pca.py:52 sklearn.decomposition.PCA [matched PCA],False,,False,,True,quantiphyse/utils/batch.py:300 self.log [matched self.log],False,,"unverified: missing stages: modeling, training, inference"
https://github.com/kmu-bigdata/serverless-faas-workbench,no_entry,False,0,9,0,,,0,0,0,0,0,False,,False,,False,,False,,False,,False,,Dockerfile(s) found but no Python entry point could be resolved
https://github.com/TianWenQAQ/Kashgari,no_dockerfile,False,0,0,0,,,0,0,0,0,0,False,,False,,False,,False,,False,,False,,no Dockerfile and no fallback entry point found
https://github.com/yumoh/r2-autosklearn,no_entry,False,0,1,0,,,0,0,0,0,0,False,,False,,False,,False,,False,,False,,Dockerfile(s) found but no Python entry point could be resolved
https://github.com/data-mining-in-action/DMIA_Sport_2019_Spring,no_dockerfile,False,0,0,0,,,0,0,0,0,0,False,,False,,False,,False,,False,,False,,no Dockerfile and no fallback entry point found
https://github.com/pan5431333/pyoptree,no_dockerfile,False,0,0,0,,,0,0,0,0,0,False,,False,,False,,False,,False,,False,,no Dockerfile and no fallback entry point found
https://github.com/johnblanco/predictor_electoral,no_dockerfile,False,0,0,0,,,0,0,0,0,0,False,,False,,False,,False,,False,,False,,no Dockerfile and no fallback entry point found
https://github.com/ICSE19-FAST-R/FAST-R,no_dockerfile,False,0,0,0,,,0,0,0,0,0,False,,False,,False,,False,,False,,False,,no Dockerfile and no fallback entry point found
https://github.com/riccotti/ExplainMultilabelClassifiers,no_dockerfile,False,0,0,0,,,0,0,0,0,0,False,,False,,False,,False,,False,,False,,no Dockerfile and no fallback entry point found
https://github.com/Italo-Pereira-Guimaraes/Machine-Learning-Engineer-Nanodegree,no_dockerfile,False,0,0,0,,,0,0,0,0,0,False,,False,,False,,False,,False,,False,,no Dockerfile and no fallback entry point found
https://github.com/hiramekun/SML,no_dockerfile,False,0,0,0,,,0,0,0,0,0,False,,False,,False,,False,,False,,False,,no Dockerfile and no fallback entry point found
https://github.com/bhavan12/sritest,no_dockerfile,False,0,0,0,,,0,0,0,0,0,False,,False,,False,,False,,False,,False,,no Dockerfile and no fallback entry point found
https://github.com/mateuszkiebala/vrnn2018,no_dockerfile,False,0,0,0,,,0,0,0,0,0,False,,False,,False,,False,,False,,False,,no Dockerfile and no fallback entry point found
https://github.com/surajiyer/python-data-utils,no_dockerfile,False,0,0,0,,,0,0,0,0,0,False,,False,,False,,False,,False,,False,,no Dockerfile and no fallback entry point found
https://github.com/raphaelvallat/yasa,no_dockerfile,False,0,0,0,,,0,0,0,0,0,False,,False,,False,,False,,False,,False,,no Dockerfile and no fallback entry point found
https://github.com/imayank/MachineLearning,no_dockerfile,False,0,0,0,,,0,0,0,0,0,False,,False,,False,,False,,False,,False,,no Dockerfile and no fallback entry point found
https://github.com/mtasende/starbucks-advertising,no_dockerfile,False,0,0,0,,,0,0,0,0,0,False,,False,,False,,False,,False,,False,,no Dockerfile and no fallback entry point found
https://github.com/semal/bert,no_dockerfile,False,0,0,0,,,0,0,0,0,0,False,,False,,False,,False,,False,,False,,no Dockerfile and no fallback entry point found
https://github.com/lvanderlyn/elk,no_dockerfile,False,0,0,0,,,0,0,0,0,0,False,,False,,False,,False,,False,,False,,no Dockerfile and no fallback entry point found
https://github.com/WLM1ke/poptimizer,ok,False,0,0,1,poptimizer\__main__.py,fallback_nested,2,1,1,0,0,False,,False,,False,,False,,False,,False,,"unverified: missing stages: data_acquisition, data_preparation, modeling, training, evaluation, inference"
https://github.com/automl/Auto-PyTorch,no_entry,False,0,1,0,,,0,0,0,0,0,False,,False,,False,,False,,False,,False,,Dockerfile(s) found but no Python entry point could be resolved
https://github.com/alronlam/ms-thesis,no_dockerfile,False,0,0,0,,,0,0,0,0,0,False,,False,,False,,False,,False,,False,,no Dockerfile and no fallback entry point found
https://github.com/gaoming96/TorchFlow,no_entry,False,0,2,0,,,0,0,0,0,0,False,,False,,False,,False,,False,,False,,Dockerfile(s) found but no Python entry point could be resolved
https://github.com/Asteur/Chatbot_NLU,ok,False,5,0,1,rasa_nlu\run.py,fallback_nested,46,447,5,0,2,True,rasa_nlu/persistor.py:132 tarfile.open [matched tarfile.open],True,rasa_nlu/classifiers/sklearn_intent_classifier.py:91 sklearn.preprocessing.LabelEncoder [matched LabelEncoder],True,rasa_nlu/classifiers/sklearn_intent_classifier.py:160 sklearn.svm.SVC [matched SVC],True,rasa_nlu/classifiers/mitie_intent_classifier.py:69 trainer.train [matched trainer.train],True,rasa_nlu/featurizers/ngram_featurizer.py:365 sklearn.model_selection.cross_val_score [matched cross_val_score],False,,unverified: missing stages: inference
https://github.com/markmisener/udacity-self-driving-car-engineer,no_entry,False,0,1,0,,,0,0,0,0,0,False,,False,,False,,False,,False,,False,,Dockerfile(s) found but no Python entry point could be resolved
https://github.com/Tahsin-Mayeesha/credit-card-recommender-django-app-and-chatbot,no_dockerfile,False,0,0,0,,,0,0,0,0,0,False,,False,,False,,False,,False,,False,,no Dockerfile and no fallback entry point found
https://github.com/KennedyMurphy/elomerchant,no_dockerfile,False,0,0,0,,,0,0,0,0,0,False,,False,,False,,False,,False,,False,,no Dockerfile and no fallback entry point found
https://github.com/wuxie2015/raspberrypi_live,no_dockerfile,False,0,0,0,,,0,0,0,0,0,False,,False,,False,,False,,False,,False,,no Dockerfile and no fallback entry point found
https://github.com/asalomatov/variants,ok,True,6,0,1,variants\train.py,fallback_nested,2,24,1,0,0,True,variants/train.py:343 pd.read_csv [matched pd.read_csv],True,variants/train.py:132 df.apply [matched df.apply],True,variants/train.py:760 sklearn.ensemble.GradientBoostingClassifier [matched GradientBoostingClassifier],True,variants/train.py:502 self.model.fit [matched model.fit],True,variants/train.py:589 sklearn.metrics.confusion_matrix [matched confusion_matrix],True,variants/train.py:576 self.model.predict_proba [matched model.predict_proba],verified: all 6 stages present
https://github.com/pnnl/HyperNetX,no_entry,False,0,1,0,,,0,0,0,0,0,False,,False,,False,,False,,False,,False,,Dockerfile(s) found but no Python entry point could be resolved
https://github.com/IzzatFaizan/PRISM,no_dockerfile,False,0,0,0,,,0,0,0,0,0,False,,False,,False,,False,,False,,False,,no Dockerfile and no fallback entry point found
https://github.com/dtreskunov/rpi-sensorium,ok,False,0,1,1,sensors_server\main.py,fallback_nested,1,9,0,0,0,False,,False,,False,,False,,False,,False,,"unverified: missing stages: data_acquisition, data_preparation, modeling, training, evaluation, inference"
https://github.com/bhaskargautam/record-linkage,no_dockerfile,False,0,0,0,,,0,0,0,0,0,False,,False,,False,,False,,False,,False,,no Dockerfile and no fallback entry point found
https://github.com/DrappierTechnologies/MLND,no_dockerfile,False,0,0,0,,,0,0,0,0,0,False,,False,,False,,False,,False,,False,,no Dockerfile and no fallback entry point found
https://github.com/bednius/traffic_flow_prediction,no_dockerfile,False,0,0,0,,,0,0,0,0,0,False,,False,,False,,False,,False,,False,,no Dockerfile and no fallback entry point found
https://github.com/keitakurita/torchtable,no_dockerfile,False,0,0,0,,,0,0,0,0,0,False,,False,,False,,False,,False,,False,,no Dockerfile and no fallback entry point found
https://github.com/fgnt/pb_bss,no_dockerfile,False,0,0,0,,,0,0,0,0,0,False,,False,,False,,False,,False,,False,,no Dockerfile and no fallback entry point found
https://github.com/MasashiSode/MOBO,no_dockerfile,False,0,0,0,,,0,0,0,0,0,False,,False,,False,,False,,False,,False,,no Dockerfile and no fallback entry point found
https://github.com/ecotyper/occupationcoder,no_dockerfile,False,0,0,0,,,0,0,0,0,0,False,,False,,False,,False,,False,,False,,no Dockerfile and no fallback entry point found
https://github.com/mrtovsky/Paralytics,no_dockerfile,False,0,0,0,,,0,0,0,0,0,False,,False,,False,,False,,False,,False,,no Dockerfile and no fallback entry point found
https://github.com/drds1/projects,no_entry,False,0,1,0,,,0,0,0,0,0,False,,False,,False,,False,,False,,False,,Dockerfile(s) found but no Python entry point could be resolved
https://github.com/richmondu/libfaceid,no_dockerfile,False,0,0,0,,,0,0,0,0,0,False,,False,,False,,False,,False,,False,,no Dockerfile and no fallback entry point found
https://github.com/ExcaliburZero/licubic,no_dockerfile,False,0,0,0,,,0,0,0,0,0,False,,False,,False,,False,,False,,False,,no Dockerfile and no fallback entry point found
https://github.com/guanyilun/mlpipe,ok,False,0,0,1,mlpipe\cli.py,fallback_console_script,1,1,0,0,0,False,,False,,False,,False,,False,,False,,"unverified: missing stages: data_acquisition, data_preparation, modeling, training, evaluation, inference"
https://github.com/honorinli151/CoursML,no_dockerfile,False,0,0,0,,,0,0,0,0,0,False,,False,,False,,False,,False,,False,,no Dockerfile and no fallback entry point found
https://github.com/georgepar/slp,no_dockerfile,False,0,0,0,,,0,0,0,0,0,False,,False,,False,,False,,False,,False,,no Dockerfile and no fallback entry point found
https://github.com/matanzit/ud_mle_nd,no_dockerfile,False,0,0,0,,,0,0,0,0,0,False,,False,,False,,False,,False,,False,,no Dockerfile and no fallback entry point found
https://github.com/BweakfastClub/Foodora,no_entry,False,0,1,0,,,0,0,0,0,0,False,,False,,False,,False,,False,,False,,Dockerfile(s) found but no Python entry point could be resolved
https://github.com/llcclarke/machine-learning,no_dockerfile,False,0,0,0,,,0,0,0,0,0,False,,False,,False,,False,,False,,False,,no Dockerfile and no fallback entry point found
https://github.com/jchromik/qrs-certainty,no_dockerfile,False,0,0,0,,,0,0,0,0,0,False,,False,,False,,False,,False,,False,,no Dockerfile and no fallback entry point found
https://github.com/akshayb7/Dog-Breed-Identification,no_dockerfile,False,0,0,0,,,0,0,0,0,0,False,,False,,False,,False,,False,,False,,no Dockerfile and no fallback entry point found
https://github.com/Bijan-Ghasemi-Afshar/Orb,no_dockerfile,False,0,0,0,,,0,0,0,0,0,False,,False,,False,,False,,False,,False,,no Dockerfile and no fallback entry point found
https://github.com/lisette-espin/S3D_Tutorial,no_dockerfile,False,0,0,0,,,0,0,0,0,0,False,,False,,False,,False,,False,,False,,no Dockerfile and no fallback entry point found
https://github.com/kymatio/kymatio,no_entry,False,0,1,0,,,0,0,0,0,0,False,,False,,False,,False,,False,,False,,Dockerfile(s) found but no Python entry point could be resolved
https://github.com/workmanjack/lyric-mood-classification,no_dockerfile,False,0,0,0,,,0,0,0,0,0,False,,False,,False,,False,,False,,False,,no Dockerfile and no fallback entry point found
https://github.com/samuelemarro/counter-attack-legacy,ok,False,0,0,1,counter_attack\__main__.py,fallback_nested,3,1,2,0,0,False,,False,,False,,False,,False,,False,,"unverified: missing stages: data_acquisition, data_preparation, modeling, training, evaluation, inference"
https://github.com/ahundt/costar_dataset,no_dockerfile,False,0,0,0,,,0,0,0,0,0,False,,False,,False,,False,,False,,False,,no Dockerfile and no fallback entry point found
https://github.com/kimrharper/thinkful,no_dockerfile,False,0,0,0,,,0,0,0,0,0,False,,False,,False,,False,,False,,False,,no Dockerfile and no fallback entry point found
https://github.com/n-waves/multifit,ok,False,2,0,1,multifit\__main__.py,fallback_nested,7,104,4,0,0,True,multifit/training.py:178 json.load [matched json.load],True,multifit/datasets/dataset.py:174 pd.concat [matched pd.concat],False,,False,,False,,False,,"unverified: missing stages: modeling, training, evaluation, inference"
https://github.com/jondoesntgit/willireply,no_dockerfile,False,0,0,0,,,0,0,0,0,0,False,,False,,False,,False,,False,,False,,no Dockerfile and no fallback entry point found
https://github.com/gmolabs/kaggle,no_dockerfile,False,0,0,0,,,0,0,0,0,0,False,,False,,False,,False,,False,,False,,no Dockerfile and no fallback entry point found
https://github.com/HaleTom/pytorch-udacity-intro,no_dockerfile,False,0,0,0,,,0,0,0,0,0,False,,False,,False,,False,,False,,False,,no Dockerfile and no fallback entry point found
https://github.com/amitabh27/AI-AWS-CHALLENGE,no_dockerfile,False,0,0,0,,,0,0,0,0,0,False,,False,,False,,False,,False,,False,,no Dockerfile and no fallback entry point found
https://github.com/18F/10x-MLaaS,no_entry,False,0,1,0,,,0,0,0,0,0,False,,False,,False,,False,,False,,False,,Dockerfile(s) found but no Python entry point could be resolved
https://github.com/Morteza53/Pytorch,no_dockerfile,False,0,0,0,,,0,0,0,0,0,False,,False,,False,,False,,False,,False,,no Dockerfile and no fallback entry point found
https://github.com/yumere/document-qa,no_dockerfile,False,0,0,0,,,0,0,0,0,0,False,,False,,False,,False,,False,,False,,no Dockerfile and no fallback entry point found
https://github.com/WookiePL/linear-dim-reduction,no_dockerfile,False,0,0,0,,,0,0,0,0,0,False,,False,,False,,False,,False,,False,,no Dockerfile and no fallback entry point found
https://github.com/Jopepato/SMiLE,no_dockerfile,False,0,0,0,,,0,0,0,0,0,False,,False,,False,,False,,False,,False,,no Dockerfile and no fallback entry point found
https://github.com/morinlab/Dellingr,ok,False,1,0,1,Dellingr\train.py,fallback_nested,1,8,0,0,0,False,,False,,True,Dellingr/train.py:418 sklearn.ensemble.RandomForestClassifier [matched RandomForestClassifier],False,,False,,False,,"unverified: missing stages: data_acquisition, data_preparation, training, evaluation, inference"
https://github.com/bond005/neuro_tagger,no_dockerfile,False,0,0,0,,,0,0,0,0,0,False,,False,,False,,False,,False,,False,,no Dockerfile and no fallback entry point found
https://github.com/darabigdata/IDWBotswana,no_dockerfile,False,0,0,0,,,0,0,0,0,0,False,,False,,False,,False,,False,,False,,no Dockerfile and no fallback entry point found
https://github.com/AFM-analysis/nanite,no_dockerfile,False,0,0,0,,,0,0,0,0,0,False,,False,,False,,False,,False,,False,,no Dockerfile and no fallback entry point found
https://github.com/cgpadwick/airbus_ships,no_dockerfile,False,0,0,0,,,0,0,0,0,0,False,,False,,False,,False,,False,,False,,no Dockerfile and no fallback entry point found
https://github.com/rmr1012/polarize.news,no_entry,False,0,2,0,,,0,0,0,0,0,False,,False,,False,,False,,False,,False,,Dockerfile(s) found but no Python entry point could be resolved
https://github.com/InformationServiceSystems/all-relations,ok,False,5,0,1,allrelations\cli.py,fallback_console_script,4,10,2,0,0,True,allrelations/interface.py:15 pd.read_csv [matched pd.read_csv],True,allrelations/skapi.py:85 pd.get_dummies [matched pd.get_dummies],True,allrelations/skapi.py:166 sklearn.ensemble.GradientBoostingRegressor [matched GradientBoostingRegressor],True,allrelations/skapi.py:207 sklearn.model_selection.GridSearchCV [matched GridSearchCV],True,allrelations/skapi.py:253 sklearn.model_selection.cross_val_predict [matched cross_val_predict],False,,unverified: missing stages: inference
https://github.com/paolithos/machine-trade-pmy,no_dockerfile,False,0,0,0,,,0,0,0,0,0,False,,False,,False,,False,,False,,False,,no Dockerfile and no fallback entry point found
https://github.com/artamono/druhg,no_dockerfile,False,0,0,0,,,0,0,0,0,0,False,,False,,False,,False,,False,,False,,no Dockerfile and no fallback entry point found
https://github.com/EvgeniyBochenkov/github-move,no_dockerfile,False,0,0,0,,,0,0,0,0,0,False,,False,,False,,False,,False,,False,,no Dockerfile and no fallback entry point found
https://github.com/Nesac128/tensorimage,no_dockerfile,False,0,0,0,,,0,0,0,0,0,False,,False,,False,,False,,False,,False,,no Dockerfile and no fallback entry point found
https://github.com/DaniG2k/udacity-deep-learning,no_dockerfile,False,0,0,0,,,0,0,0,0,0,False,,False,,False,,False,,False,,False,,no Dockerfile and no fallback entry point found
https://github.com/mattgolub/fixed-point-finder,no_dockerfile,False,0,0,0,,,0,0,0,0,0,False,,False,,False,,False,,False,,False,,no Dockerfile and no fallback entry point found
https://github.com/GoatWang/IIIMaterial,no_dockerfile,False,0,0,0,,,0,0,0,0,0,False,,False,,False,,False,,False,,False,,no Dockerfile and no fallback entry point found
https://github.com/edugonza/eddytools,ok,False,4,1,1,eddytools\__main__.py,fallback_nested,10,190,3,0,0,True,eddytools/__main__.py:118 json.load [matched json.load],True,eddytools/casenotions.py:1261 np.nan_to_num [matched np.nan_to_num],True,eddytools/events/__init__.py:125 xgb.sklearn.XGBClassifier [matched XGBClassifier],False,,True,eddytools/events/activity_identifier_discovery.py:356 sklearn.metrics.precision_score [matched precision_score],False,,"unverified: missing stages: training, inference"
https://github.com/chalothon/keras-text-summarization,no_dockerfile,False,0,0,0,,,0,0,0,0,0,False,,False,,False,,False,,False,,False,,no Dockerfile and no fallback entry point found
https://github.com/rdenadai/sentiment-analysis-2018-president-election,no_dockerfile,False,0,0,0,,,0,0,0,0,0,False,,False,,False,,False,,False,,False,,no Dockerfile and no fallback entry point found
https://github.com/SummitKwan/transparent_latent_gan,no_dockerfile,False,0,0,0,,,0,0,0,0,0,False,,False,,False,,False,,False,,False,,no Dockerfile and no fallback entry point found
https://github.com/jttoivon/x,clone_failed,False,0,0,0,,,0,0,0,0,0,False,,False,,False,,False,,False,,False,,remote: Repository not found.
https://github.com/apache/incubator-marvin,no_entry,False,0,9,0,,,0,0,0,0,0,False,,False,,False,,False,,False,,False,,Dockerfile(s) found but no Python entry point could be resolved
https://github.com/vsharmaiiita/boston_housing,no_dockerfile,False,0,0,0,,,0,0,0,0,0,False,,False,,False,,False,,False,,False,,no Dockerfile and no fallback entry point found
https://github.com/gui-rangel/spam1,no_entry,False,0,1,0,,,0,0,0,0,0,False,,False,,False,,False,,False,,False,,Dockerfile(s) found but no Python entry point could be resolved
https://github.com/Supriya-Suresh/eYSIP-2017_Vegetable-Identification-Using-Transfer-Learning,no_dockerfile,False,0,0,0,,,0,0,0,0,0,False,,False,,False,,False,,False,,False,,no Dockerfile and no fallback entry point found
https://github.com/pakaste/bayesian_t_mixed_model,no_dockerfile,False,0,0,0,,,0,0,0,0,0,False,,False,,False,,False,,False,,False,,no Dockerfile and no fallback entry point found
https://github.com/h4nyu/deep_trader,no_entry,False,0,3,0,,,0,0,0,0,0,False,,False,,False,,False,,False,,False,,Dockerfile(s) found but no Python entry point could be resolved
https://github.com/mike-neck/kuroda-fork,no_dockerfile,False,0,0,0,,,0,0,0,0,0,False,,False,,False,,False,,False,,False,,no Dockerfile and no fallback entry point found
https://github.com/UMU18/Semar,no_dockerfile,False,0,0,0,,,0,0,0,0,0,False,,False,,False,,False,,False,,False,,no Dockerfile and no fallback entry point found
https://github.com/nicolaseberle/flyTracker,no_dockerfile,False,0,0,0,,,0,0,0,0,0,False,,False,,False,,False,,False,,False,,no Dockerfile and no fallback entry point found
https://github.com/David-Byrne/SADD,no_entry,False,0,8,0,,,0,0,0,0,0,False,,False,,False,,False,,False,,False,,Dockerfile(s) found but no Python entry point could be resolved
https://github.com/freelunchtheorem/Conditional_Density_Estimation,no_dockerfile,False,0,0,0,,,0,0,0,0,0,False,,False,,False,,False,,False,,False,,no Dockerfile and no fallback entry point found
https://github.com/joshlk/k-means-constrained,no_dockerfile,False,0,0,0,,,0,0,0,0,0,False,,False,,False,,False,,False,,False,,no Dockerfile and no fallback entry point found
https://github.com/ycz3792/imbalance-learn,no_dockerfile,False,0,0,0,,,0,0,0,0,0,False,,False,,False,,False,,False,,False,,no Dockerfile and no fallback entry point found
https://github.com/danmar3/hate-detector,ok,True,6,0,1,nlp516\main.py,fallback_nested,11,121,3,0,0,True,nlp516/lstm/character_lstm.py:78 pickle.load [matched pickle.load],True,nlp516/main.py:43 nlp516.lstm.word2vec_lstm.data.Tokenizer [matched Tokenizer],True,nlp516/main.py:150 sklearn.ensemble.linear_model.LogisticRegression [matched LogisticRegression],True,nlp516/main.py:93 model.fit [matched model.fit],True,nlp516/main.py:96 model.precision_score [matched precision_score],True,nlp516/lstm/word2vec_lstm.py:143 self.estimator.predict [matched estimator.predict],verified: all 6 stages present
https://github.com/openml-labs/gama,ok,False,4,0,1,gama\utilities\cli.py,fallback_console_script,41,230,4,0,0,True,gama/data_loading.py:62 pd.read_csv [matched pd.read_csv],True,gama/GamaClassifier.py:129 sklearn.preprocessing.LabelEncoder [matched LabelEncoder],False,,False,,True,gama/genetic_programming/compilers/scikitlearn.py:113 sklearn.model_selection.cross_validate [matched cross_validate],True,gama/GamaClassifier.py:53 self.model.predict [matched model.predict],"unverified: missing stages: modeling, training"
https://github.com/camilabga/machine-learning,no_dockerfile,False,0,0,0,,,0,0,0,0,0,False,,False,,False,,False,,False,,False,,no Dockerfile and no fallback entry point found
https://github.com/Huma97/Andrew_repository,no_dockerfile,False,0,0,0,,,0,0,0,0,0,False,,False,,False,,False,,False,,False,,no Dockerfile and no fallback entry point found
https://github.com/civisanalytics/civis-python,no_dockerfile,False,0,0,0,,,0,0,0,0,0,False,,False,,False,,False,,False,,False,,no Dockerfile and no fallback entry point found
https://github.com/KCF-Convoy/kcfconvoy,no_entry,False,0,1,0,,,0,0,0,0,0,False,,False,,False,,False,,False,,False,,Dockerfile(s) found but no Python entry point could be resolved
https://github.com/djsaunde/nyctaxi,no_dockerfile,False,0,0,0,,,0,0,0,0,0,False,,False,,False,,False,,False,,False,,no Dockerfile and no fallback entry point found
https://github.com/vinhloc30796/deep-learning,no_dockerfile,False,0,0,0,,,0,0,0,0,0,False,,False,,False,,False,,False,,False,,no Dockerfile and no fallback entry point found
https://github.com/Tillsten/skultrafast,no_dockerfile,False,0,0,0,,,0,0,0,0,0,False,,False,,False,,False,,False,,False,,no Dockerfile and no fallback entry point found
https://github.com/ramp-kits/mechanics,no_dockerfile,False,0,0,0,,,0,0,0,0,0,False,,False,,False,,False,,False,,False,,no Dockerfile and no fallback entry point found
https://github.com/CopticScriptorium/coptic-nlp,no_dockerfile,False,0,0,0,,,0,0,0,0,0,False,,False,,False,,False,,False,,False,,no Dockerfile and no fallback entry point found
https://github.com/ByronBay/app1,no_entry,False,0,1,0,,,0,0,0,0,0,False,,False,,False,,False,,False,,False,,Dockerfile(s) found but no Python entry point could be resolved
https://github.com/mortele/FYS-STK4155,no_dockerfile,False,0,0,0,,,0,0,0,0,0,False,,False,,False,,False,,False,,False,,no Dockerfile and no fallback entry point found
https://github.com/ckwong1204/ckquant,no_dockerfile,False,0,0,0,,,0,0,0,0,0,False,,False,,False,,False,,False,,False,,no Dockerfile and no fallback entry point found
https://github.com/zerotodeeplearning/ztdl-5-day-bootcamp,no_dockerfile,False,0,0,0,,,0,0,0,0,0,False,,False,,False,,False,,False,,False,,no Dockerfile and no fallback entry point found
https://github.com/jaingaurav3/PDPbox,no_dockerfile,False,0,0,0,,,0,0,0,0,0,False,,False,,False,,False,,False,,False,,no Dockerfile and no fallback entry point found
https://github.com/EI-CoreBioinformatics/mikado,ok,False,0,1,1,Mikado\__main__.py,fallback_nested,3,1,1,0,0,False,,False,,False,,False,,False,,False,,"unverified: missing stages: data_acquisition, data_preparation, modeling, training, evaluation, inference"
https://github.com/KhoaLeTea/Machine-Learning,no_dockerfile,False,0,0,0,,,0,0,0,0,0,False,,False,,False,,False,,False,,False,,no Dockerfile and no fallback entry point found
https://github.com/hereismari/deeplearning-from-scratch,no_dockerfile,False,0,0,0,,,0,0,0,0,0,False,,False,,False,,False,,False,,False,,no Dockerfile and no fallback entry point found
https://github.com/ismms-himc/clustergrammer-widget2-deprecated,no_dockerfile,False,0,0,0,,,0,0,0,0,0,False,,False,,False,,False,,False,,False,,no Dockerfile and no fallback entry point found
https://github.com/danieljtait/pydygp,no_dockerfile,False,0,0,0,,,0,0,0,0,0,False,,False,,False,,False,,False,,False,,no Dockerfile and no fallback entry point found
https://github.com/webartifex/ames-housing,no_dockerfile,False,0,0,0,,,0,0,0,0,0,False,,False,,False,,False,,False,,False,,no Dockerfile and no fallback entry point found
https://github.com/cwi-dis/mobile-har-tutorial,no_dockerfile,False,0,0,0,,,0,0,0,0,0,False,,False,,False,,False,,False,,False,,no Dockerfile and no fallback entry point found
https://github.com/guzhang480/Text_top_model,no_dockerfile,False,0,0,0,,,0,0,0,0,0,False,,False,,False,,False,,False,,False,,no Dockerfile and no fallback entry point found
https://github.com/anshulrai/Kaggle-Challenges,no_dockerfile,False,0,0,0,,,0,0,0,0,0,False,,False,,False,,False,,False,,False,,no Dockerfile and no fallback entry point found
https://github.com/gustable/nlp-encoder-assembly,no_entry,False,0,1,0,,,0,0,0,0,0,False,,False,,False,,False,,False,,False,,Dockerfile(s) found but no Python entry point could be resolved
https://github.com/barashe/bacpacs,no_dockerfile,False,0,0,0,,,0,0,0,0,0,False,,False,,False,,False,,False,,False,,no Dockerfile and no fallback entry point found
https://github.com/dkgupta90/machine-learning-nanodegree,no_dockerfile,False,0,0,0,,,0,0,0,0,0,False,,False,,False,,False,,False,,False,,no Dockerfile and no fallback entry point found
https://github.com/mikedelong/studious-train,no_dockerfile,False,0,0,0,,,0,0,0,0,0,False,,False,,False,,False,,False,,False,,no Dockerfile and no fallback entry point found
https://github.com/jmp1985/eclip,no_dockerfile,False,0,0,0,,,0,0,0,0,0,False,,False,,False,,False,,False,,False,,no Dockerfile and no fallback entry point found
https://github.com/czhu12/light_bulb,no_entry,False,0,1,0,,,0,0,0,0,0,False,,False,,False,,False,,False,,False,,Dockerfile(s) found but no Python entry point could be resolved
https://github.com/conversationai/conversationai-moderator-reddit,no_entry,False,0,1,0,,,0,0,0,0,0,False,,False,,False,,False,,False,,False,,Dockerfile(s) found but no Python entry point could be resolved
https://github.com/eric-erki/RMDL,no_dockerfile,False,0,0,0,,,0,0,0,0,0,False,,False,,False,,False,,False,,False,,no Dockerfile and no fallback entry point found
https://github.com/qwertyvipul/machine-learning,no_dockerfile,False,0,0,0,,,0,0,0,0,0,False,,False,,False,,False,,False,,False,,no Dockerfile and no fallback entry point found
https://github.com/mlflow/mlflow-apps,no_dockerfile,False,0,0,0,,,0,0,0,0,0,False,,False,,False,,False,,False,,False,,no Dockerfile and no fallback entry point found
https://github.com/halljw/BlockheadExchange,no_dockerfile,False,0,0,0,,,0,0,0,0,0,False,,False,,False,,False,,False,,False,,no Dockerfile and no fallback entry point found
https://github.com/drewszurko/kaggle-titanic,ok,False,4,0,1,trainer\main.py,fallback_nested,6,13,2,0,0,False,,True,trainer/main.py:26 sklearn.preprocessing.StandardScaler [matched StandardScaler],True,trainer/local_models.py:57 xgb.XGBClassifier [matched XGBClassifier],True,trainer/model_helpers.py:19 self.model.fit [matched model.fit],False,,True,trainer/cloud_models.py:19 model.predict_proba [matched model.predict_proba],"unverified: missing stages: data_acquisition, evaluation"
https://github.com/IEEE-NITK/DeepNLP,no_dockerfile,False,0,0,0,,,0,0,0,0,0,False,,False,,False,,False,,False,,False,,no Dockerfile and no fallback entry point found
https://github.com/jf-lab/chendoscope-minipipe,no_dockerfile,False,0,0,0,,,0,0,0,0,0,False,,False,,False,,False,,False,,False,,no Dockerfile and no fallback entry point found
https://github.com/tiefenauer/ip7-python,no_dockerfile,False,0,0,0,,,0,0,0,0,0,False,,False,,False,,False,,False,,False,,no Dockerfile and no fallback entry point found
https://github.com/aibsen/ATLAS-ML,no_dockerfile,False,0,0,0,,,0,0,0,0,0,False,,False,,False,,False,,False,,False,,no Dockerfile and no fallback entry point found
https://github.com/keerthan768/project_deeplearning,no_dockerfile,False,0,0,0,,,0,0,0,0,0,False,,False,,False,,False,,False,,False,,no Dockerfile and no fallback entry point found
https://github.com/MuhammedBuyukkinaci/TensorFlow-Binary-Image-Classification-using-CNN-s,no_dockerfile,False,0,0,0,,,0,0,0,0,0,False,,False,,False,,False,,False,,False,,no Dockerfile and no fallback entry point found
https://github.com/lithops-cloud/lithops,no_entry,False,0,25,2,,dockerfile,0,0,0,0,0,False,,False,,False,,False,,False,,False,,no resolved entry point yielded a usable call graph
https://github.com/norawit-u/sdfgsdf,no_dockerfile,False,0,0,0,,,0,0,0,0,0,False,,False,,False,,False,,False,,False,,no Dockerfile and no fallback entry point found
https://github.com/karan1149/cs21si,no_dockerfile,False,0,0,0,,,0,0,0,0,0,False,,False,,False,,False,,False,,False,,no Dockerfile and no fallback entry point found
https://github.com/SurenSingh/deep_learning,no_dockerfile,False,0,0,0,,,0,0,0,0,0,False,,False,,False,,False,,False,,False,,no Dockerfile and no fallback entry point found
https://github.com/titu1994/pyshac,no_dockerfile,False,0,0,0,,,0,0,0,0,0,False,,False,,False,,False,,False,,False,,no Dockerfile and no fallback entry point found
https://github.com/sigtryggurk/cs224u-project,no_dockerfile,False,0,0,0,,,0,0,0,0,0,False,,False,,False,,False,,False,,False,,no Dockerfile and no fallback entry point found
https://github.com/xSkyripper/multi-kmeans-spark,no_dockerfile,False,0,0,0,,,0,0,0,0,0,False,,False,,False,,False,,False,,False,,no Dockerfile and no fallback entry point found
https://github.com/LuisLaraP/GameRank,ok,False,1,0,1,gamerank\database\download.py,fallback_console_script,2,7,1,0,0,True,gamerank/database/download.py:80 json.load [matched json.load],False,,False,,False,,False,,False,,"unverified: missing stages: data_preparation, modeling, training, evaluation, inference"
https://github.com/MarcusNEU/INFO7390_2018Spring,clone_failed,False,0,0,0,,,0,0,0,0,0,False,,False,,False,,False,,False,,False,,"error: invalid path 'A2/Paper Review/Review of ""A review of artificial intelligence based building energy use prediction: Contrasting the capabilities of single and ensemble prediction models""'"
https://github.com/anasbarakat/employee_attrition,no_dockerfile,False,0,0,0,,,0,0,0,0,0,False,,False,,False,,False,,False,,False,,no Dockerfile and no fallback entry point found
https://github.com/IVUL-KAUST/VQABQ,no_dockerfile,False,0,0,0,,,0,0,0,0,0,False,,False,,False,,False,,False,,False,,no Dockerfile and no fallback entry point found
https://github.com/nithishr/activity_recognition,no_dockerfile,False,0,0,0,,,0,0,0,0,0,False,,False,,False,,False,,False,,False,,no Dockerfile and no fallback entry point found
https://github.com/mediachain/mediachain-indexer,ok,False,0,0,1,mediachain\indexer\mc_models.py,fallback_console_script,1,0,0,1,0,False,,False,,False,,False,,False,,False,,"unverified: missing stages: data_acquisition, data_preparation, modeling, training, evaluation, inference"
https://github.com/osama-haggag/movie-time,ok,False,2,0,1,first_time_setup\run.py,fallback_nested,4,20,1,0,0,True,first_time_setup/run.py:19 pd.read_csv [matched pd.read_csv],True,first_time_setup/run.py:24 pd.merge [matched pd.merge],False,,False,,False,,False,,"unverified: missing stages: modeling, training, evaluation, inference"
https://github.com/janelia-flyem/gala,no_dockerfile,False,0,0,0,,,0,0,0,0,0,False,,False,,False,,False,,False,,False,,no Dockerfile and no fallback entry point found
https://github.com/peixian/astroact,no_dockerfile,False,0,0,0,,,0,0,0,0,0,False,,False,,False,,False,,False,,False,,no Dockerfile and no fallback entry point found
https://github.com/spencermoon/soccer,no_dockerfile,False,0,0,0,,,0,0,0,0,0,False,,False,,False,,False,,False,,False,,no Dockerfile and no fallback entry point found
https://github.com/WladimirSidorenko/DiscourseSenser,no_dockerfile,False,0,0,0,,,0,0,0,0,0,False,,False,,False,,False,,False,,False,,no Dockerfile and no fallback entry point found
https://github.com/santiagxf/prometheus,ok,False,0,1,1,FireDetection\train.py,fallback_nested,1,1,0,0,0,False,,False,,False,,False,,False,,False,,"unverified: missing stages: data_acquisition, data_preparation, modeling, training, evaluation, inference"
https://github.com/fire-ants/mlb-machine-learning,no_dockerfile,False,0,0,0,,,0,0,0,0,0,False,,False,,False,,False,,False,,False,,no Dockerfile and no fallback entry point found
https://github.com/snash4/GAT2VEC,no_dockerfile,False,0,0,0,,,0,0,0,0,0,False,,False,,False,,False,,False,,False,,no Dockerfile and no fallback entry point found
https://github.com/DestrinStorm/deep-learning,no_dockerfile,False,0,0,0,,,0,0,0,0,0,False,,False,,False,,False,,False,,False,,no Dockerfile and no fallback entry point found
https://github.com/adamb/deep-learning,no_dockerfile,False,0,0,0,,,0,0,0,0,0,False,,False,,False,,False,,False,,False,,no Dockerfile and no fallback entry point found
https://github.com/TeamHG-Memex/domain-discovery-crawler,no_entry,False,0,1,0,,,0,0,0,0,0,False,,False,,False,,False,,False,,False,,Dockerfile(s) found but no Python entry point could be resolved
https://github.com/FloFincke/affective-chat,no_dockerfile,False,0,0,0,,,0,0,0,0,0,False,,False,,False,,False,,False,,False,,no Dockerfile and no fallback entry point found
https://github.com/ScarletMcLearn/DataScience,clone_failed,False,0,0,0,,,0,0,0,0,0,False,,False,,False,,False,,False,,False,,error: invalid path 'Data Mining/Twitter Mining/Mass Mining/Twitter Mining - 2 : Twitter Search and Slice.ipynb'
https://github.com/Charlieung/DebugPoly,ok,False,1,0,1,app\app.py,fallback_nested,1,3,0,0,0,False,,False,,False,,False,,False,,True,app/app.py:8 flask.Flask [matched Flask],"unverified: missing stages: data_acquisition, data_preparation, modeling, training, evaluation"
https://github.com/eltonlaw/machine_learning,no_entry,False,0,1,0,,,0,0,0,0,0,False,,False,,False,,False,,False,,False,,Dockerfile(s) found but no Python entry point could be resolved
https://github.com/klgraham/udacity-deep-learning-intro,no_entry,False,0,2,0,,,0,0,0,0,0,False,,False,,False,,False,,False,,False,,Dockerfile(s) found but no Python entry point could be resolved
https://github.com/sggaffney/pathscore,no_dockerfile,False,0,0,0,,,0,0,0,0,0,False,,False,,False,,False,,False,,False,,no Dockerfile and no fallback entry point found
https://github.com/KentFujii/pycrawler,no_entry,False,0,1,0,,,0,0,0,0,0,False,,False,,False,,False,,False,,False,,Dockerfile(s) found but no Python entry point could be resolved
https://github.com/HPSI-DataSci/HPSI-Classification,no_dockerfile,False,0,0,0,,,0,0,0,0,0,False,,False,,False,,False,,False,,False,,no Dockerfile and no fallback entry point found
https://github.com/edocsss/CZ4032,no_dockerfile,False,0,0,0,,,0,0,0,0,0,False,,False,,False,,False,,False,,False,,no Dockerfile and no fallback entry point found
https://github.com/ravishchawla/GraduateRecommendationSystem,no_dockerfile,False,0,0,0,,,0,0,0,0,0,False,,False,,False,,False,,False,,False,,no Dockerfile and no fallback entry point found
https://github.com/b96705008/MLServices,no_dockerfile,False,0,0,0,,,0,0,0,0,0,False,,False,,False,,False,,False,,False,,no Dockerfile and no fallback entry point found
https://github.com/dssg/cincinnati,no_entry,False,0,2,0,,,0,0,0,0,0,False,,False,,False,,False,,False,,False,,Dockerfile(s) found but no Python entry point could be resolved
https://github.com/fraferra/gcnn_classifier,no_dockerfile,False,0,0,0,,,0,0,0,0,0,False,,False,,False,,False,,False,,False,,no Dockerfile and no fallback entry point found
https://github.com/kingtaurus/cs224d,no_dockerfile,False,0,0,0,,,0,0,0,0,0,False,,False,,False,,False,,False,,False,,no Dockerfile and no fallback entry point found
https://github.com/fabianschilling/string-kernels,no_dockerfile,False,0,0,0,,,0,0,0,0,0,False,,False,,False,,False,,False,,False,,no Dockerfile and no fallback entry point found
https://github.com/cloudbrain/htm-challenge,no_dockerfile,False,0,0,0,,,0,0,0,0,0,False,,False,,False,,False,,False,,False,,no Dockerfile and no fallback entry point found
https://github.com/sinjax/trendminer-python,no_dockerfile,False,0,0,0,,,0,0,0,0,0,False,,False,,False,,False,,False,,False,,no Dockerfile and no fallback entry point found
https://github.com/aaronzira/major-change-classifier,no_dockerfile,False,0,0,0,,,0,0,0,0,0,False,,False,,False,,False,,False,,False,,no Dockerfile and no fallback entry point found
https://github.com/wordnik/serapis,no_dockerfile,False,0,0,0,,,0,0,0,0,0,False,,False,,False,,False,,False,,False,,no Dockerfile and no fallback entry point found
https://github.com/noissefnoc/book-deep-learning-from-scratch-2,no_dockerfile,False,0,0,0,,,0,0,0,0,0,False,,False,,False,,False,,False,,False,,no Dockerfile and no fallback entry point found
https://github.com/bojigu/thoipapy,ok,False,5,0,1,thoipapy\run.py,fallback_nested,58,290,2,0,0,True,thoipapy/run.py:168 pd.read_csv [matched pd.read_csv],True,thoipapy/feature_importance/mean_decrease_accuracy.py:287 pd.concat [matched pd.concat],True,thoipapy/ML_model/train_model.py:102 sklearn.ensemble.ExtraTreesClassifier [matched ExtraTreesClassifier],True,thoipapy/ML_model/tune.py:84 sklearn.model_selection.GridSearchCV [matched GridSearchCV],True,thoipapy/validation/indiv_validation.py:122 sklearn.metrics.roc_curve [matched roc_curve],False,,unverified: missing stages: inference
https://github.com/zhouyanasd/DL-NC,no_entry,False,0,1,0,,,0,0,0,0,0,False,,False,,False,,False,,False,,False,,Dockerfile(s) found but no Python entry point could be resolved
https://github.com/csinva/hummingbird-tracking,no_dockerfile,False,0,0,0,,,0,0,0,0,0,False,,False,,False,,False,,False,,False,,no Dockerfile and no fallback entry point found
https://github.com/aeturrell/occupationcoder,no_dockerfile,False,0,0,0,,,0,0,0,0,0,False,,False,,False,,False,,False,,False,,no Dockerfile and no fallback entry point found
https://github.com/TextpressoDevelopers/textpresso_classifiers,no_dockerfile,False,0,0,0,,,0,0,0,0,0,False,,False,,False,,False,,False,,False,,no Dockerfile and no fallback entry point found
https://github.com/hajians/UQ,no_dockerfile,False,0,0,0,,,0,0,0,0,0,False,,False,,False,,False,,False,,False,,no Dockerfile and no fallback entry point found
https://github.com/Bakikii/blender-importer,no_dockerfile,False,0,0,0,,,0,0,0,0,0,False,,False,,False,,False,,False,,False,,no Dockerfile and no fallback entry point found
https://github.com/acamero/dlopt,no_dockerfile,False,0,0,0,,,0,0,0,0,0,False,,False,,False,,False,,False,,False,,no Dockerfile and no fallback entry point found
https://github.com/Nandhiny-Duraikannu/AML-RGAN,no_dockerfile,False,0,0,0,,,0,0,0,0,0,False,,False,,False,,False,,False,,False,,no Dockerfile and no fallback entry point found
https://github.com/rickyHong/GANs-Repository-repl,no_dockerfile,False,0,0,0,,,0,0,0,0,0,False,,False,,False,,False,,False,,False,,no Dockerfile and no fallback entry point found
https://github.com/maraboinavamshi/D-N-N_HEALTH-CARE,clone_failed,False,0,0,0,,,0,0,0,0,0,False,,False,,False,,False,,False,,False,,error: invalid path 'Project 17 -- DeepHeart - Predicting CardioVascular Risk Factors /LICENSE'
https://github.com/rickyHong/CycleGan-Voice-Conversion-repl,ok,False,0,0,1,nsynth\train.py,fallback_nested,1,1,0,0,0,False,,False,,False,,False,,False,,False,,"unverified: missing stages: data_acquisition, data_preparation, modeling, training, evaluation, inference"
https://github.com/alopez3702/Group-4-Project,no_entry,False,0,1,0,,,0,0,0,0,0,False,,False,,False,,False,,False,,False,,Dockerfile(s) found but no Python entry point could be resolved
https://github.com/shradhaN/Major-Project,clone_failed,False,0,0,0,,,0,0,0,0,0,False,,False,,False,,False,,False,,False,,error: invalid path 'Final_Data_Set(9:00pm).csv'
https://github.com/wedavey/atnlp,ok,False,2,0,1,scripts\train.py,fallback_nested,6,21,1,0,1,True,atnlp/data/io.py:69 pd.read_csv [matched pd.read_csv],False,,False,,True,scripts/train.py:107 model.fit [matched model.fit],False,,False,,"unverified: missing stages: data_preparation, modeling, evaluation, inference"
https://github.com/johnlees/PopPUNK,ok,False,4,2,1,PopPUNK\__main__.py,fallback_nested,15,163,2,0,0,True,PopPUNK/models.py:105 pickle.load [matched pickle.load],True,PopPUNK/trees.py:246 pd.concat [matched pd.concat],True,PopPUNK/dbscan.py:44 cuml.cluster.hdbscan.HDBSCAN [matched HDBSCAN],True,PopPUNK/__main__.py:555 model.fit [matched model.fit],False,,False,,"unverified: missing stages: evaluation, inference"
https://github.com/borismattijssen/cyber-data-analytics,clone_failed,False,0,0,0,,,0,0,0,0,0,False,,False,,False,,False,,False,,False,,Error downloading object: assignment3/data/capture20110811.pcap.netflow_43_.labeled (e4fa241): Smudge error: Error downloading assignment3/data/capture20110811.pcap.netflow_43_.labeled (e4fa241c64dd206d9bcf02df8c62469124bf0a36bc27b1bdb0fdff6e6ed58d7c): batch response: Resource not accessible by pers
https://github.com/henrywang1/django-extract-keyword,clone_failed,False,0,0,0,,,0,0,0,0,0,False,,False,,False,,False,,False,,False,,error: invalid path 'extract/pointer_generator/produce_data/finished_files/test*'
https://github.com/dvalp/nlp_experiments,no_entry,False,0,2,0,,,0,0,0,0,0,False,,False,,False,,False,,False,,False,,Dockerfile(s) found but no Python entry point could be resolved
https://github.com/VyacheslavLukin/uaegovhack,no_entry,False,0,7,0,,,0,0,0,0,0,False,,False,,False,,False,,False,,False,,Dockerfile(s) found but no Python entry point could be resolved
https://github.com/arpitaagrawal/machine-learning,no_dockerfile,False,0,0,0,,,0,0,0,0,0,False,,False,,False,,False,,False,,False,,no Dockerfile and no fallback entry point found
https://github.com/hacarus/spm-image,no_dockerfile,False,0,0,0,,,0,0,0,0,0,False,,False,,False,,False,,False,,False,,no Dockerfile and no fallback entry point found
https://github.com/mark-stephenson-/udacity-dlnd,no_dockerfile,False,0,0,0,,,0,0,0,0,0,False,,False,,False,,False,,False,,False,,no Dockerfile and no fallback entry point found
https://github.com/seraphium/neural-networks-and-deep-learning,ok,False,0,0,1,src\run.py,fallback_nested,1,0,0,0,0,False,,False,,False,,False,,False,,False,,"unverified: missing stages: data_acquisition, data_preparation, modeling, training, evaluation, inference"
https://github.com/chaoming0625/NumpyDL,no_dockerfile,False,0,0,0,,,0,0,0,0,0,False,,False,,False,,False,,False,,False,,no Dockerfile and no fallback entry point found
https://github.com/StackLetter/Recommender,ok,False,1,0,1,recommender\train.py,fallback_nested,2,14,1,0,0,True,recommender/__init__.py:264 requests.get [matched requests.get],False,,False,,False,,False,,False,,"unverified: missing stages: data_preparation, modeling, training, evaluation, inference"
https://github.com/operalib/operalib,no_dockerfile,False,0,0,0,,,0,0,0,0,0,False,,False,,False,,False,,False,,False,,no Dockerfile and no fallback entry point found
https://github.com/nab1l/Deep-Learning,no_dockerfile,False,0,0,0,,,0,0,0,0,0,False,,False,,False,,False,,False,,False,,no Dockerfile and no fallback entry point found
https://github.com/kstrauch94/Crime-Prediction-with-Tweets,no_dockerfile,False,0,0,0,,,0,0,0,0,0,False,,False,,False,,False,,False,,False,,no Dockerfile and no fallback entry point found
https://github.com/daniel-vainsencher/regularized_weighting,no_dockerfile,False,0,0,0,,,0,0,0,0,0,False,,False,,False,,False,,False,,False,,no Dockerfile and no fallback entry point found
https://github.com/Hironsan/BossSensor,no_dockerfile,False,0,0,0,,,0,0,0,0,0,False,,False,,False,,False,,False,,False,,no Dockerfile and no fallback entry point found
https://github.com/hung-phan/thing-i-want-to-build,no_dockerfile,False,0,0,0,,,0,0,0,0,0,False,,False,,False,,False,,False,,False,,no Dockerfile and no fallback entry point found
https://github.com/marl/l3embedding,ok,True,6,0,1,classifier\train.py,fallback_nested,16,95,3,0,0,True,data/usc/features.py:22 soundfile.read [matched soundfile.read],True,classifier/train.py:302 sklearn.preprocessing.OneHotEncoder [matched OneHotEncoder],True,classifier/train.py:121 sklearn.svm.SVC [matched SVC],True,classifier/train.py:126 clf.fit [matched clf.fit],True,classifier/train.py:135 classifier.metrics.compute_metrics [matched compute_metrics],True,classifier/train.py:131 clf.predict [matched clf.predict],verified: all 6 stages present
https://github.com/MichaelAquilina/Reddit-Recommender-Bot,ok,False,3,0,1,src\main.py,fallback_nested,1,0,0,0,0,False,,True,src/main.py:127 sklearn.cross_validation.StratifiedKFold [matched StratifiedKFold],True,src/main.py:142 sklearn.svm.SVC [matched SVC],False,,True,src/main.py:148 precision_score [matched precision_score],False,,"unverified: missing stages: data_acquisition, training, inference"
https://github.com/machow/pycorr,no_dockerfile,False,0,0,0,,,0,0,0,0,0,False,,False,,False,,False,,False,,False,,no Dockerfile and no fallback entry point found
https://github.com/nrpeterson/mathstackexpert,no_dockerfile,False,0,0,0,,,0,0,0,0,0,False,,False,,False,,False,,False,,False,,no Dockerfile and no fallback entry point found
https://github.com/curious-attempt-bunny/neural-networks-and-deep-learning,no_dockerfile,False,0,0,0,,,0,0,0,0,0,False,,False,,False,,False,,False,,False,,no Dockerfile and no fallback entry point found
https://github.com/m-kostrzewa/mess-rnn,no_dockerfile,False,0,0,0,,,0,0,0,0,0,False,,False,,False,,False,,False,,False,,no Dockerfile and no fallback entry point found
https://github.com/tgquintela/pythonUtils,no_dockerfile,False,0,0,0,,,0,0,0,0,0,False,,False,,False,,False,,False,,False,,no Dockerfile and no fallback entry point found
https://github.com/oem/bitcoin-prediction,no_dockerfile,False,0,0,0,,,0,0,0,0,0,False,,False,,False,,False,,False,,False,,no Dockerfile and no fallback entry point found
https://github.com/eoincUCD/NC_GE_Evolved_Trading_Strategy,no_dockerfile,False,0,0,0,,,0,0,0,0,0,False,,False,,False,,False,,False,,False,,no Dockerfile and no fallback entry point found
https://github.com/jeenalee/sklearn_pmml,no_dockerfile,False,0,0,0,,,0,0,0,0,0,False,,False,,False,,False,,False,,False,,no Dockerfile and no fallback entry point found
https://github.com/zachmaurer/amazon-landcover,ok,False,4,0,1,utils\train.py,fallback_nested,3,10,1,0,0,False,,True,utils/train.py:77 sklearn.preprocessing.MultiLabelBinarizer [matched MultiLabelBinarizer],False,,True,utils/train.py:219 optimizer.zero_grad [matched optimizer.zero_grad],True,utils/train.py:115 sklearn.metrics.fbeta_score [matched fbeta_score],True,utils/train.py:21 model.eval [matched model.eval],"unverified: missing stages: data_acquisition, modeling"
https://github.com/ewulczyn/wiki-detox,clone_failed,False,0,0,0,,,0,0,0,0,0,False,,False,,False,,False,,False,,False,,error: invalid path 'src/analysis/Are Aggression and Attacks the same?.ipynb'
https://github.com/mackelab/autohmm,no_dockerfile,False,0,0,0,,,0,0,0,0,0,False,,False,,False,,False,,False,,False,,no Dockerfile and no fallback entry point found
https://github.com/jaronson/py-racedetect,no_dockerfile,False,0,0,0,,,0,0,0,0,0,False,,False,,False,,False,,False,,False,,no Dockerfile and no fallback entry point found
https://github.com/sigopt/sigopt-examples,clone_failed,False,0,0,0,,,0,0,0,0,0,False,,False,,False,,False,,False,,False,,error: invalid path 'estimated-training-time/How are My Hyperparameters Affecting My Training Time?.ipynb'
https://github.com/CellProfiler/CellProfiler-Analyst,no_dockerfile,False,0,0,0,,,0,0,0,0,0,False,,False,,False,,False,,False,,False,,no Dockerfile and no fallback entry point found
https://github.com/fernandobperezm/recsys-cotraining,no_dockerfile,False,0,0,0,,,0,0,0,0,0,False,,False,,False,,False,,False,,False,,no Dockerfile and no fallback entry point found
https://github.com/migrantnewsfilter/Modelling,no_dockerfile,False,0,0,0,,,0,0,0,0,0,False,,False,,False,,False,,False,,False,,no Dockerfile and no fallback entry point found
https://github.com/fact-project/photon_stream,no_dockerfile,False,0,0,0,,,0,0,0,0,0,False,,False,,False,,False,,False,,False,,no Dockerfile and no fallback entry point found
https://github.com/LuminosoInsight/semeval-discriminatt,no_dockerfile,False,0,0,0,,,0,0,0,0,0,False,,False,,False,,False,,False,,False,,no Dockerfile and no fallback entry point found
https://github.com/arnaudvl/deep-learning-keras,no_dockerfile,False,0,0,0,,,0,0,0,0,0,False,,False,,False,,False,,False,,False,,no Dockerfile and no fallback entry point found
https://github.com/YosefLab/FastProject,ok,False,3,0,1,FastProject\CLI.py,fallback_console_script,13,75,5,0,0,False,,True,FastProject/Interactive.py:199 pd.concat [matched pd.concat],True,FastProject/Projections.py:296 sklearn.cluster.MiniBatchKMeans [matched MiniBatchKMeans],True,FastProject/Projections.py:196 model.fit [matched model.fit],False,,False,,"unverified: missing stages: data_acquisition, evaluation, inference"
https://github.com/mikepeth/PyML,no_dockerfile,False,0,0,0,,,0,0,0,0,0,False,,False,,False,,False,,False,,False,,no Dockerfile and no fallback entry point found
https://github.com/mbatchkarov/dc_evaluation,no_dockerfile,False,0,0,0,,,0,0,0,0,0,False,,False,,False,,False,,False,,False,,no Dockerfile and no fallback entry point found
https://github.com/broadinstitute/wot,ok,False,2,2,1,wot\__main__.py,fallback_nested,39,148,5,0,0,True,wot/commands/convert_matrix.py:26 pd.read_csv [matched pd.read_csv],True,wot/ot/optimal_transport.py:52 np.nan_to_num [matched np.nan_to_num],False,,False,,False,,False,,"unverified: missing stages: modeling, training, evaluation, inference"
https://github.com/ramakris/udacity,no_dockerfile,False,0,0,0,,,0,0,0,0,0,False,,False,,False,,False,,False,,False,,no Dockerfile and no fallback entry point found
https://github.com/SocratesAcademy/datascience,no_dockerfile,False,0,0,0,,,0,0,0,0,0,False,,False,,False,,False,,False,,False,,no Dockerfile and no fallback entry point found
https://github.com/abdullahselek/koolsla,no_dockerfile,False,0,0,0,,,0,0,0,0,0,False,,False,,False,,False,,False,,False,,no Dockerfile and no fallback entry point found
https://github.com/berkeley-stat159/project-lambda,no_dockerfile,False,0,0,0,,,0,0,0,0,0,False,,False,,False,,False,,False,,False,,no Dockerfile and no fallback entry point found
https://github.com/KHP-Informatics/sleepsight-analytics,no_dockerfile,False,0,0,0,,,0,0,0,0,0,False,,False,,False,,False,,False,,False,,no Dockerfile and no fallback entry point found
https://github.com/rcourivaud/pandas_data,no_dockerfile,False,0,0,0,,,0,0,0,0,0,False,,False,,False,,False,,False,,False,,no Dockerfile and no fallback entry point found
https://github.com/kimichen2020/DeepLearningZeroToAll,no_dockerfile,False,0,0,0,,,0,0,0,0,0,False,,False,,False,,False,,False,,False,,no Dockerfile and no fallback entry point found
https://github.com/nyu-tandon-hsn-ai/trace-feature-selection,no_dockerfile,False,0,0,0,,,0,0,0,0,0,False,,False,,False,,False,,False,,False,,no Dockerfile and no fallback entry point found
https://github.com/RamirezAmayaS/mlandpp-uniandes,no_dockerfile,False,0,0,0,,,0,0,0,0,0,False,,False,,False,,False,,False,,False,,no Dockerfile and no fallback entry point found
https://github.com/mne-tools/mne-python,ok,False,0,0,1,mne\__main__.py,fallback_nested,4,5,3,0,1,False,,False,,False,,False,,False,,False,,"unverified: missing stages: data_acquisition, data_preparation, modeling, training, evaluation, inference"
https://github.com/musasesay/nlp-tutorial,no_dockerfile,False,0,0,0,,,0,0,0,0,0,False,,False,,False,,False,,False,,False,,no Dockerfile and no fallback entry point found
https://github.com/jaingaurav3/Fast.AI.2017,no_dockerfile,False,0,0,0,,,0,0,0,0,0,False,,False,,False,,False,,False,,False,,no Dockerfile and no fallback entry point found
https://github.com/trentlavoie/fydp,ok,False,1,0,1,src\app.py,fallback_nested,1,2,0,0,0,False,,False,,False,,False,,False,,True,src/app.py:14 flask.Flask [matched Flask],"unverified: missing stages: data_acquisition, data_preparation, modeling, training, evaluation"
https://github.com/stefantaubert/lifeclef-geo-2018,no_dockerfile,False,0,0,0,,,0,0,0,0,0,False,,False,,False,,False,,False,,False,,no Dockerfile and no fallback entry point found
https://github.com/markmuetz/cosar_analysis,no_dockerfile,False,0,0,0,,,0,0,0,0,0,False,,False,,False,,False,,False,,False,,no Dockerfile and no fallback entry point found
https://github.com/NaturalHistoryMuseum/linnaeus,no_dockerfile,False,0,0,0,,,0,0,0,0,0,False,,False,,False,,False,,False,,False,,no Dockerfile and no fallback entry point found
https://github.com/zmcx16/AxisTradeCult,no_dockerfile,False,0,0,0,,,0,0,0,0,0,False,,False,,False,,False,,False,,False,,no Dockerfile and no fallback entry point found
https://github.com/amagrabi/ct-chatbot,no_entry,False,0,1,0,,,0,0,0,0,0,False,,False,,False,,False,,False,,False,,Dockerfile(s) found but no Python entry point could be resolved
https://github.com/rsumner33/data-science-ipython-notebooks,no_entry,False,0,1,0,,,0,0,0,0,0,False,,False,,False,,False,,False,,False,,Dockerfile(s) found but no Python entry point could be resolved
https://github.com/AmirTzur/Speciphi,no_dockerfile,False,0,0,0,,,0,0,0,0,0,False,,False,,False,,False,,False,,False,,no Dockerfile and no fallback entry point found
https://github.com/rwwilden/machine-learning,no_dockerfile,False,0,0,0,,,0,0,0,0,0,False,,False,,False,,False,,False,,False,,no Dockerfile and no fallback entry point found
https://github.com/chrisbodhi/dlnd,no_dockerfile,False,0,0,0,,,0,0,0,0,0,False,,False,,False,,False,,False,,False,,no Dockerfile and no fallback entry point found
https://github.com/behrokhGitHub/Nanodegree-ml-projects,no_dockerfile,False,0,0,0,,,0,0,0,0,0,False,,False,,False,,False,,False,,False,,no Dockerfile and no fallback entry point found
https://github.com/duozhanggithub/Deep-Learning,no_dockerfile,False,0,0,0,,,0,0,0,0,0,False,,False,,False,,False,,False,,False,,no Dockerfile and no fallback entry point found
https://github.com/biolab/orange3-recommendation,no_dockerfile,False,0,0,0,,,0,0,0,0,0,False,,False,,False,,False,,False,,False,,no Dockerfile and no fallback entry point found
https://github.com/631068264/learn_science,no_dockerfile,False,0,0,0,,,0,0,0,0,0,False,,False,,False,,False,,False,,False,,no Dockerfile and no fallback entry point found
https://github.com/jarryJafery/python,no_dockerfile,False,0,0,0,,,0,0,0,0,0,False,,False,,False,,False,,False,,False,,no Dockerfile and no fallback entry point found
https://github.com/togawamanabu/image-classification,no_dockerfile,False,0,0,0,,,0,0,0,0,0,False,,False,,False,,False,,False,,False,,no Dockerfile and no fallback entry point found
https://github.com/dmitchell28/PythonDataScienceJVDP,no_dockerfile,False,0,0,0,,,0,0,0,0,0,False,,False,,False,,False,,False,,False,,no Dockerfile and no fallback entry point found
https://github.com/abailoni/greedy_CNN,no_dockerfile,False,0,0,0,,,0,0,0,0,0,False,,False,,False,,False,,False,,False,,no Dockerfile and no fallback entry point found
https://github.com/SPINLab/geometry-learning,no_entry,False,0,2,0,,,0,0,0,0,0,False,,False,,False,,False,,False,,False,,Dockerfile(s) found but no Python entry point could be resolved
https://github.com/tlam/spendalot,no_dockerfile,False,0,0,0,,,0,0,0,0,0,False,,False,,False,,False,,False,,False,,no Dockerfile and no fallback entry point found
https://github.com/JesseDiGiacomo/udacity-deeplearn,no_dockerfile,False,0,0,0,,,0,0,0,0,0,False,,False,,False,,False,,False,,False,,no Dockerfile and no fallback entry point found
https://github.com/xiaohan2012/snpp,no_dockerfile,False,0,0,0,,,0,0,0,0,0,False,,False,,False,,False,,False,,False,,no Dockerfile and no fallback entry point found
https://github.com/SkalskiP/ILearnMachineLearning.py,no_dockerfile,False,0,0,0,,,0,0,0,0,0,False,,False,,False,,False,,False,,False,,no Dockerfile and no fallback entry point found
https://github.com/YeoLab/singlesail,no_dockerfile,False,0,0,0,,,0,0,0,0,0,False,,False,,False,,False,,False,,False,,no Dockerfile and no fallback entry point found
https://github.com/insdeep/Keras,no_dockerfile,False,0,0,0,,,0,0,0,0,0,False,,False,,False,,False,,False,,False,,no Dockerfile and no fallback entry point found
https://github.com/kixlab/recipescape_api,no_entry,False,0,1,0,,,0,0,0,0,0,False,,False,,False,,False,,False,,False,,Dockerfile(s) found but no Python entry point could be resolved
https://github.com/zhujianwei31415/DeepFR,no_dockerfile,False,0,0,0,,,0,0,0,0,0,False,,False,,False,,False,,False,,False,,no Dockerfile and no fallback entry point found
https://github.com/publicscience/argos,no_dockerfile,False,0,0,0,,,0,0,0,0,0,False,,False,,False,,False,,False,,False,,no Dockerfile and no fallback entry point found
https://github.com/danhper/deepsentence,no_dockerfile,False,0,0,0,,,0,0,0,0,0,False,,False,,False,,False,,False,,False,,no Dockerfile and no fallback entry point found
https://github.com/ramp-kits/mars_craters,no_dockerfile,False,0,0,0,,,0,0,0,0,0,False,,False,,False,,False,,False,,False,,no Dockerfile and no fallback entry point found
https://github.com/pennmem/ram_utils,ok,True,6,0,1,ramutils\cli\expconf.py,fallback_console_script,37,422,4,0,1,True,ramutils/utils.py:42 json.load [matched json.load],True,ramutils/tasks/behavioral_analysis.py:40 pd.concat [matched pd.concat],True,ramutils/tasks/classifier.py:66 sklearn.linear_model.logistic.LogisticRegression [matched LogisticRegression],True,ramutils/bayesian_optimization.py:111 model.fit [matched model.fit],True,ramutils/tasks/classifier.py:172 sklearn.metrics.roc_auc_score [matched roc_auc_score],True,ramutils/bayesian_optimization.py:112 model.predict [matched model.predict],verified: all 6 stages present
https://github.com/snowch/bluemix_retail_demo,no_entry,False,0,2,0,,,0,0,0,0,0,False,,False,,False,,False,,False,,False,,Dockerfile(s) found but no Python entry point could be resolved
https://github.com/manuporto/food-reviews,no_dockerfile,False,0,0,0,,,0,0,0,0,0,False,,False,,False,,False,,False,,False,,no Dockerfile and no fallback entry point found
https://github.com/jamieconnelly/SentiVis,clone_failed,False,0,0,0,,,0,0,0,0,0,False,,False,,False,,False,,False,,False,,"error: invalid path 'classifier/notebooks/Positive vs Negaive (Pos, Tfidf) *.ipynb'"
https://github.com/ndronen/spelling,ok,False,4,0,1,spelling\train.py,fallback_nested,7,123,3,0,0,True,spelling/train.py:87 def prepare_data [matched <lightning hook prepare_data>],True,spelling/train.py:77 sklearn.cross_validation.train_test_split [matched train_test_split],True,spelling/train.py:172 sklearn.ensemble.RandomForestClassifier [matched RandomForestClassifier],True,spelling/train.py:134 estimator.fit [matched estimator.fit],False,,False,,"unverified: missing stages: evaluation, inference"
https://github.com/cberzan/kaggle-caterpillar,no_dockerfile,False,0,0,0,,,0,0,0,0,0,False,,False,,False,,False,,False,,False,,no Dockerfile and no fallback entry point found
https://github.com/jinghe/hunter-gatherer,no_dockerfile,False,0,0,0,,,0,0,0,0,0,False,,False,,False,,False,,False,,False,,no Dockerfile and no fallback entry point found
https://github.com/yestinchen/dmproject,no_dockerfile,False,0,0,0,,,0,0,0,0,0,False,,False,,False,,False,,False,,False,,no Dockerfile and no fallback entry point found
https://github.com/lwoloszy/albumpitch,no_dockerfile,False,0,0,0,,,0,0,0,0,0,False,,False,,False,,False,,False,,False,,no Dockerfile and no fallback entry point found
https://github.com/gauravjuvekar/wsd,no_dockerfile,False,0,0,0,,,0,0,0,0,0,False,,False,,False,,False,,False,,False,,no Dockerfile and no fallback entry point found
https://github.com/loganjhennessy/rent-right-old,no_dockerfile,False,0,0,0,,,0,0,0,0,0,False,,False,,False,,False,,False,,False,,no Dockerfile and no fallback entry point found
https://github.com/yumyai/ksiga,ok,False,1,0,1,ksiga\main.py,fallback_nested,7,58,3,0,0,True,ksiga/main.py:33 gzip.open [matched gzip.open],False,,False,,False,,False,,False,,"unverified: missing stages: data_preparation, modeling, training, evaluation, inference"
https://github.com/sparky005/twitalytics,ok,False,1,0,1,twitalytics\twitalytics.py,fallback_console_script,4,13,2,0,0,True,twitalytics/api.py:57 json.load [matched json.load],False,,False,,False,,False,,False,,"unverified: missing stages: data_preparation, modeling, training, evaluation, inference"
https://github.com/5teffen/FICO-xML-Challenge,no_entry,False,0,1,0,,,0,0,0,0,0,False,,False,,False,,False,,False,,False,,Dockerfile(s) found but no Python entry point could be resolved
https://github.com/lsirse/Data-Science-Portfolio,no_dockerfile,False,0,0,0,,,0,0,0,0,0,False,,False,,False,,False,,False,,False,,no Dockerfile and no fallback entry point found
https://github.com/AlexeyLevashov/Keras_Neurons_Detector,ok,False,1,0,1,src\train.py,fallback_nested,1,1,0,0,0,False,,False,,False,,True,src/train.py:15 trainer.train [matched trainer.train],False,,False,,"unverified: missing stages: data_acquisition, data_preparation, modeling, evaluation, inference"
https://github.com/jisazaTappsi/shatter,no_dockerfile,False,0,0,0,,,0,0,0,0,0,False,,False,,False,,False,,False,,False,,no Dockerfile and no fallback entry point found
https://github.com/mtreviso/deepbond,ok,False,4,0,1,deepbond\__main__.py,fallback_nested,11,64,3,0,0,False,,False,,True,deepbond/models/utils.py:56 nn.ModuleList [matched nn.ModuleList],True,deepbond/trainer.py:166 loss.backward [matched loss.backward],True,deepbond/stats.py:68 sklearn.metrics.precision_recall_fscore_support [matched precision_recall_fscore_support],True,deepbond/predicter.py:18 self.model.eval [matched model.eval],"unverified: missing stages: data_acquisition, data_preparation"
https://github.com/kylegilde/data602-finalproject,no_entry,False,0,3,0,,,0,0,0,0,0,False,,False,,False,,False,,False,,False,,Dockerfile(s) found but no Python entry point could be resolved
https://github.com/tao-pr/pantip-libr,no_dockerfile,False,0,0,0,,,0,0,0,0,0,False,,False,,False,,False,,False,,False,,no Dockerfile and no fallback entry point found
https://github.com/griffithlab/DeepSVR,no_entry,False,0,1,0,,,0,0,0,0,0,False,,False,,False,,False,,False,,False,,Dockerfile(s) found but no Python entry point could be resolved
https://github.com/albertowar/coursera-recommender-systems,no_dockerfile,False,0,0,0,,,0,0,0,0,0,False,,False,,False,,False,,False,,False,,no Dockerfile and no fallback entry point found
https://github.com/GrantChristie/EDM-System,no_dockerfile,False,0,0,0,,,0,0,0,0,0,False,,False,,False,,False,,False,,False,,no Dockerfile and no fallback entry point found
https://github.com/shriram2112/deep_learning_problems,no_dockerfile,False,0,0,0,,,0,0,0,0,0,False,,False,,False,,False,,False,,False,,no Dockerfile and no fallback entry point found
https://github.com/skim0119/MachineLearning_Notes,no_dockerfile,False,0,0,0,,,0,0,0,0,0,False,,False,,False,,False,,False,,False,,no Dockerfile and no fallback entry point found
https://github.com/zkan/intro-to-machine-learning,no_dockerfile,False,0,0,0,,,0,0,0,0,0,False,,False,,False,,False,,False,,False,,no Dockerfile and no fallback entry point found
https://github.com/sdpython/ensae_teaching_dl,no_dockerfile,False,0,0,0,,,0,0,0,0,0,False,,False,,False,,False,,False,,False,,no Dockerfile and no fallback entry point found
https://github.com/microsoft/dowhy,no_entry,False,0,1,0,,,0,0,0,0,0,False,,False,,False,,False,,False,,False,,Dockerfile(s) found but no Python entry point could be resolved
https://github.com/jclachance/BOFdat,clone_failed,False,0,0,0,,,0,0,0,0,0,False,,False,,False,,False,,False,,False,,error: invalid path 'Example_usage/Figures/Proteomic_conditions/Galactose '
https://github.com/Nourahussein/Udacity-MLND,no_dockerfile,False,0,0,0,,,0,0,0,0,0,False,,False,,False,,False,,False,,False,,no Dockerfile and no fallback entry point found
https://github.com/ProteinDF/ProteinDF_pytools,no_dockerfile,False,0,0,0,,,0,0,0,0,0,False,,False,,False,,False,,False,,False,,no Dockerfile and no fallback entry point found
https://github.com/sandeepkoleti/Data-Science-and-Machine-Learning-Projects,no_dockerfile,False,0,0,0,,,0,0,0,0,0,False,,False,,False,,False,,False,,False,,no Dockerfile and no fallback entry point found
https://github.com/tempse/ML-generalization,no_dockerfile,False,0,0,0,,,0,0,0,0,0,False,,False,,False,,False,,False,,False,,no Dockerfile and no fallback entry point found
https://github.com/DistrictDataLabs/partisan-discourse,no_dockerfile,False,0,0,0,,,0,0,0,0,0,False,,False,,False,,False,,False,,False,,no Dockerfile and no fallback entry point found
https://github.com/brishtiteveja/coinalysis,no_entry,False,0,1,0,,,0,0,0,0,0,False,,False,,False,,False,,False,,False,,Dockerfile(s) found but no Python entry point could be resolved
https://github.com/FenTechSolutions/CausalDiscoveryToolbox,no_entry,False,0,1,0,,,0,0,0,0,0,False,,False,,False,,False,,False,,False,,Dockerfile(s) found but no Python entry point could be resolved
https://github.com/zachjustice/IntelliServer,no_dockerfile,False,0,0,0,,,0,0,0,0,0,False,,False,,False,,False,,False,,False,,no Dockerfile and no fallback entry point found
https://github.com/MultiBeerBandits/recsys_challenge_2017,no_dockerfile,False,0,0,0,,,0,0,0,0,0,False,,False,,False,,False,,False,,False,,no Dockerfile and no fallback entry point found
https://github.com/vickyd885/WebEconCW,no_dockerfile,False,0,0,0,,,0,0,0,0,0,False,,False,,False,,False,,False,,False,,no Dockerfile and no fallback entry point found
https://github.com/atulsingh0/MachineLearning,no_dockerfile,False,0,0,0,,,0,0,0,0,0,False,,False,,False,,False,,False,,False,,no Dockerfile and no fallback entry point found
https://github.com/rameshch16/PythonDataScienceHandbook,no_dockerfile,False,0,0,0,,,0,0,0,0,0,False,,False,,False,,False,,False,,False,,no Dockerfile and no fallback entry point found
https://github.com/astorfi/lip-reading-deeplearning,no_dockerfile,False,0,0,0,,,0,0,0,0,0,False,,False,,False,,False,,False,,False,,no Dockerfile and no fallback entry point found
https://github.com/lukassnoek/MVCA,no_dockerfile,False,0,0,0,,,0,0,0,0,0,False,,False,,False,,False,,False,,False,,no Dockerfile and no fallback entry point found
https://github.com/LREN-CHUV/algorithm-repository,no_entry,False,0,37,2,,dockerfile,0,0,0,0,0,False,,False,,False,,False,,False,,False,,no resolved entry point yielded a usable call graph
https://github.com/jhyun0919/skku_python_proj,no_dockerfile,False,0,0,0,,,0,0,0,0,0,False,,False,,False,,False,,False,,False,,no Dockerfile and no fallback entry point found
https://github.com/imatge-upc/retrieval-2017-cam,no_dockerfile,False,0,0,0,,,0,0,0,0,0,False,,False,,False,,False,,False,,False,,no Dockerfile and no fallback entry point found
https://github.com/jkelley7/PythonDataScienceHandbook,no_dockerfile,False,0,0,0,,,0,0,0,0,0,False,,False,,False,,False,,False,,False,,no Dockerfile and no fallback entry point found
https://github.com/racersmith/DLFND,no_dockerfile,False,0,0,0,,,0,0,0,0,0,False,,False,,False,,False,,False,,False,,no Dockerfile and no fallback entry point found
https://github.com/arukaene/PythonDataScienceHandbook,no_dockerfile,False,0,0,0,,,0,0,0,0,0,False,,False,,False,,False,,False,,False,,no Dockerfile and no fallback entry point found
https://github.com/avidm16/deep-learning,no_dockerfile,False,0,0,0,,,0,0,0,0,0,False,,False,,False,,False,,False,,False,,no Dockerfile and no fallback entry point found
https://github.com/nlesc-sherlock/corporadb,clone_failed,False,0,0,0,,,0,0,0,0,0,False,,False,,False,,False,,False,,False,,error: invalid path 'corpora/test/testdata/dict/73.'
https://github.com/abstractSean/learning_numerai,no_dockerfile,False,0,0,0,,,0,0,0,0,0,False,,False,,False,,False,,False,,False,,no Dockerfile and no fallback entry point found
https://github.com/nostalgiaz/my_info,no_dockerfile,False,0,0,0,,,0,0,0,0,0,False,,False,,False,,False,,False,,False,,no Dockerfile and no fallback entry point found
https://github.com/greenelab/PathCORE-T-analysis,no_dockerfile,False,0,0,0,,,0,0,0,0,0,False,,False,,False,,False,,False,,False,,no Dockerfile and no fallback entry point found
https://github.com/teanalab/SWDM,no_dockerfile,False,0,0,0,,,0,0,0,0,0,False,,False,,False,,False,,False,,False,,no Dockerfile and no fallback entry point found
https://github.com/euclidjda/dnn-quant,no_dockerfile,False,0,0,0,,,0,0,0,0,0,False,,False,,False,,False,,False,,False,,no Dockerfile and no fallback entry point found
https://github.com/zhudixieta/pythonDemo2,no_dockerfile,False,0,0,0,,,0,0,0,0,0,False,,False,,False,,False,,False,,False,,no Dockerfile and no fallback entry point found
https://github.com/TheAviat0r/phishing_urls,no_dockerfile,False,0,0,0,,,0,0,0,0,0,False,,False,,False,,False,,False,,False,,no Dockerfile and no fallback entry point found
https://github.com/osanseviero/AIND,no_dockerfile,False,0,0,0,,,0,0,0,0,0,False,,False,,False,,False,,False,,False,,no Dockerfile and no fallback entry point found
https://github.com/johnnychiuchiu/Machine-Learning,no_dockerfile,False,0,0,0,,,0,0,0,0,0,False,,False,,False,,False,,False,,False,,no Dockerfile and no fallback entry point found
https://github.com/rxgranda/uncertaintyServerComponents,no_dockerfile,False,0,0,0,,,0,0,0,0,0,False,,False,,False,,False,,False,,False,,no Dockerfile and no fallback entry point found
https://github.com/digitalfox/pydici,no_entry,False,0,1,0,,,0,0,0,0,0,False,,False,,False,,False,,False,,False,,Dockerfile(s) found but no Python entry point could be resolved
https://github.com/davismartin/uda-deep-learning-fundamentals,no_dockerfile,False,0,0,0,,,0,0,0,0,0,False,,False,,False,,False,,False,,False,,no Dockerfile and no fallback entry point found
https://github.com/dev-cap/MailingListParser-Shrunk,no_dockerfile,False,0,0,0,,,0,0,0,0,0,False,,False,,False,,False,,False,,False,,no Dockerfile and no fallback entry point found
https://github.com/r888888888/ccs,no_entry,False,0,1,0,,,0,0,0,0,0,False,,False,,False,,False,,False,,False,,Dockerfile(s) found but no Python entry point could be resolved
https://github.com/thedgglmister/dingo-server,no_dockerfile,False,0,0,0,,,0,0,0,0,0,False,,False,,False,,False,,False,,False,,no Dockerfile and no fallback entry point found
https://github.com/mcgridles/neuromatic,no_dockerfile,False,0,0,0,,,0,0,0,0,0,False,,False,,False,,False,,False,,False,,no Dockerfile and no fallback entry point found
https://github.com/zlatnizmaj/Xu_ly_anh,no_dockerfile,False,0,0,0,,,0,0,0,0,0,False,,False,,False,,False,,False,,False,,no Dockerfile and no fallback entry point found
https://github.com/paraskg/ml-class_part_2,no_dockerfile,False,0,0,0,,,0,0,0,0,0,False,,False,,False,,False,,False,,False,,no Dockerfile and no fallback entry point found
https://github.com/michaelchee2004/MLTutorial,no_entry,False,0,1,0,,,0,0,0,0,0,False,,False,,False,,False,,False,,False,,Dockerfile(s) found but no Python entry point could be resolved
https://github.com/humlab/daedalus_text_analysis,no_dockerfile,False,0,0,0,,,0,0,0,0,0,False,,False,,False,,False,,False,,False,,no Dockerfile and no fallback entry point found
https://github.com/CasiaFan/maxfun,no_dockerfile,False,0,0,0,,,0,0,0,0,0,False,,False,,False,,False,,False,,False,,no Dockerfile and no fallback entry point found
https://github.com/byucsl/ogcleaner,no_dockerfile,False,0,0,0,,,0,0,0,0,0,False,,False,,False,,False,,False,,False,,no Dockerfile and no fallback entry point found
https://github.com/captain2017/SEE,no_dockerfile,False,0,0,0,,,0,0,0,0,0,False,,False,,False,,False,,False,,False,,no Dockerfile and no fallback entry point found
https://github.com/keerthan768/deep_learning,no_dockerfile,False,0,0,0,,,0,0,0,0,0,False,,False,,False,,False,,False,,False,,no Dockerfile and no fallback entry point found
https://github.com/ImageMarkup/isic-challenge-scoring,clone_failed,False,0,0,0,,,0,0,0,0,0,False,,False,,False,,False,,False,,False,,Error downloading object: tests/data/classification/groundtruth/ISIC2018_Task3_GroundTruth.csv (ece19dc): Smudge error: Error downloading tests/data/classification/groundtruth/ISIC2018_Task3_GroundTruth.csv (ece19dc406aa5293cd0185b6872b00149bea68a2106a396343b4db326642dd28): batch response: Resource 
https://github.com/mukulhase/Scholar-Gate,no_dockerfile,False,0,0,0,,,0,0,0,0,0,False,,False,,False,,False,,False,,False,,no Dockerfile and no fallback entry point found
https://github.com/thantuongaotrang/machine-learning,no_dockerfile,False,0,0,0,,,0,0,0,0,0,False,,False,,False,,False,,False,,False,,no Dockerfile and no fallback entry point found
https://github.com/Pratham777/Facenet,no_dockerfile,False,0,0,0,,,0,0,0,0,0,False,,False,,False,,False,,False,,False,,no Dockerfile and no fallback entry point found
https://github.com/hao44le/gelei_bulbea,ok,False,2,0,1,bulbea\__main__.py,fallback_nested,25,35,7,0,0,False,,True,bulbea/entity/share.py:257 pd.concat [matched pd.concat],False,,False,,False,,True,bulbea/app/server/server.py:10 flask.Flask [matched Flask],"unverified: missing stages: data_acquisition, modeling, training, evaluation"
https://github.com/compomics/moFF,no_entry,False,0,1,0,,,0,0,0,0,0,False,,False,,False,,False,,False,,False,,Dockerfile(s) found but no Python entry point could be resolved
https://github.com/chicagopython/CodingWorkshops,no_dockerfile,False,0,0,0,,,0,0,0,0,0,False,,False,,False,,False,,False,,False,,no Dockerfile and no fallback entry point found
https://github.com/tamarakatic/seq2seq,no_dockerfile,False,0,0,0,,,0,0,0,0,0,False,,False,,False,,False,,False,,False,,no Dockerfile and no fallback entry point found
https://github.com/IvanBrasilico/padma,no_dockerfile,False,0,0,0,,,0,0,0,0,0,False,,False,,False,,False,,False,,False,,no Dockerfile and no fallback entry point found
https://github.com/ijaradat/proppy,no_dockerfile,False,0,0,0,,,0,0,0,0,0,False,,False,,False,,False,,False,,False,,no Dockerfile and no fallback entry point found
https://github.com/DCASE-REPO/dcase2018_baseline,no_dockerfile,False,0,0,0,,,0,0,0,0,0,False,,False,,False,,False,,False,,False,,no Dockerfile and no fallback entry point found
https://github.com/brucenielson/Python-Machine-Learning,no_dockerfile,False,0,0,0,,,0,0,0,0,0,False,,False,,False,,False,,False,,False,,no Dockerfile and no fallback entry point found
https://github.com/euclidjda/deep-quant,ok,False,0,0,1,scripts\train.py,fallback_nested,1,4,0,0,0,False,,False,,False,,False,,False,,False,,"unverified: missing stages: data_acquisition, data_preparation, modeling, training, evaluation, inference"
https://github.com/tbd-ai/tbd-suite,no_entry,False,0,9,0,,,0,0,0,0,0,False,,False,,False,,False,,False,,False,,Dockerfile(s) found but no Python entry point could be resolved
https://github.com/a-i-joe/auckland-ai-meetup-x-triage,no_dockerfile,False,0,0,0,,,0,0,0,0,0,False,,False,,False,,False,,False,,False,,no Dockerfile and no fallback entry point found
https://github.com/andymeneely/sira-nlp,no_dockerfile,False,0,0,0,,,0,0,0,0,0,False,,False,,False,,False,,False,,False,,no Dockerfile and no fallback entry point found
https://github.com/stefanoteso/pystruct,no_dockerfile,False,0,0,0,,,0,0,0,0,0,False,,False,,False,,False,,False,,False,,no Dockerfile and no fallback entry point found
https://github.com/hans/langdetect,no_dockerfile,False,0,0,0,,,0,0,0,0,0,False,,False,,False,,False,,False,,False,,no Dockerfile and no fallback entry point found
https://github.com/viniciusalbuquerque/machine-learning,no_dockerfile,False,0,0,0,,,0,0,0,0,0,False,,False,,False,,False,,False,,False,,no Dockerfile and no fallback entry point found
https://github.com/Biblink/biblink-backend,no_dockerfile,False,0,0,0,,,0,0,0,0,0,False,,False,,False,,False,,False,,False,,no Dockerfile and no fallback entry point found
https://github.com/heytitle/blackbox-optimization-using-rnns,no_dockerfile,False,0,0,0,,,0,0,0,0,0,False,,False,,False,,False,,False,,False,,no Dockerfile and no fallback entry point found
https://github.com/xiaozhuyfk/AMA,no_dockerfile,False,0,0,0,,,0,0,0,0,0,False,,False,,False,,False,,False,,False,,no Dockerfile and no fallback entry point found
https://github.com/AdriBesson/Statistical_learning_course,no_dockerfile,False,0,0,0,,,0,0,0,0,0,False,,False,,False,,False,,False,,False,,no Dockerfile and no fallback entry point found
https://github.com/ubermanl/dqr,no_dockerfile,False,0,0,0,,,0,0,0,0,0,False,,False,,False,,False,,False,,False,,no Dockerfile and no fallback entry point found
https://github.com/scikit-learn-contrib/stability-selection,no_dockerfile,False,0,0,0,,,0,0,0,0,0,False,,False,,False,,False,,False,,False,,no Dockerfile and no fallback entry point found
https://github.com/onnx/onnxmltools,no_dockerfile,False,0,0,0,,,0,0,0,0,0,False,,False,,False,,False,,False,,False,,no Dockerfile and no fallback entry point found
https://github.com/D2KLab/ensemble-nerd,no_entry,False,0,1,0,,,0,0,0,0,0,False,,False,,False,,False,,False,,False,,Dockerfile(s) found but no Python entry point could be resolved
https://github.com/VictorPelaez/coral-reef-optimization-algorithm,no_dockerfile,False,0,0,0,,,0,0,0,0,0,False,,False,,False,,False,,False,,False,,no Dockerfile and no fallback entry point found
https://github.com/Arun-Singh-Chauhan-09/Chat_bot_NN,no_dockerfile,False,0,0,0,,,0,0,0,0,0,False,,False,,False,,False,,False,,False,,no Dockerfile and no fallback entry point found
https://github.com/mxlei01/simpleml,no_entry,False,0,1,0,,,0,0,0,0,0,False,,False,,False,,False,,False,,False,,Dockerfile(s) found but no Python entry point could be resolved
https://github.com/ArdalanM/pyLightGBM,no_dockerfile,False,0,0,0,,,0,0,0,0,0,False,,False,,False,,False,,False,,False,,no Dockerfile and no fallback entry point found
https://github.com/fcappdev/OpenAgClassifier,no_dockerfile,False,0,0,0,,,0,0,0,0,0,False,,False,,False,,False,,False,,False,,no Dockerfile and no fallback entry point found
https://github.com/dbpedia/embeddings,clone_failed,False,0,0,0,,,0,0,0,0,0,False,,False,,False,,False,,False,,False,,error: invalid path 'gsoc2017-akshay/dbo:Person'
https://github.com/weizhou2273/Project3_kaggle_Russian_housing,no_dockerfile,False,0,0,0,,,0,0,0,0,0,False,,False,,False,,False,,False,,False,,no Dockerfile and no fallback entry point found
https://github.com/ANSSI-FR/SecuML,no_dockerfile,False,0,0,0,,,0,0,0,0,0,False,,False,,False,,False,,False,,False,,no Dockerfile and no fallback entry point found
https://github.com/bharlow058/Python-Resources,no_dockerfile,False,0,0,0,,,0,0,0,0,0,False,,False,,False,,False,,False,,False,,no Dockerfile and no fallback entry point found
https://github.com/s-go/th-review-helpfulness,no_dockerfile,False,0,0,0,,,0,0,0,0,0,False,,False,,False,,False,,False,,False,,no Dockerfile and no fallback entry point found
https://github.com/ben-blazado/udacity,no_dockerfile,False,0,0,0,,,0,0,0,0,0,False,,False,,False,,False,,False,,False,,no Dockerfile and no fallback entry point found
https://github.com/mikelkl/learning-artificial-intelligence,no_dockerfile,False,0,0,0,,,0,0,0,0,0,False,,False,,False,,False,,False,,False,,no Dockerfile and no fallback entry point found
https://github.com/TadejSk/conference-scheduler,no_dockerfile,False,0,0,0,,,0,0,0,0,0,False,,False,,False,,False,,False,,False,,no Dockerfile and no fallback entry point found
https://github.com/lgeo3/protolab_sound_recognition,no_entry,False,0,1,0,,,0,0,0,0,0,False,,False,,False,,False,,False,,False,,Dockerfile(s) found but no Python entry point could be resolved
https://github.com/jaberg/skdata,ok,False,0,0,1,skdata\main.py,fallback_nested,1,0,0,1,0,False,,False,,False,,False,,False,,False,,"unverified: missing stages: data_acquisition, data_preparation, modeling, training, evaluation, inference"
https://github.com/shobhitagarwal1612/Emotion-Analysis,no_dockerfile,False,0,0,0,,,0,0,0,0,0,False,,False,,False,,False,,False,,False,,no Dockerfile and no fallback entry point found
https://github.com/sgonzaloc/aprendizaje-tp,no_dockerfile,False,0,0,0,,,0,0,0,0,0,False,,False,,False,,False,,False,,False,,no Dockerfile and no fallback entry point found
https://github.com/BBN-Q/Auspex,no_dockerfile,False,0,0,0,,,0,0,0,0,0,False,,False,,False,,False,,False,,False,,no Dockerfile and no fallback entry point found
https://github.com/AVBelyy/sparse-multi-svm,no_dockerfile,False,0,0,0,,,0,0,0,0,0,False,,False,,False,,False,,False,,False,,no Dockerfile and no fallback entry point found
https://github.com/victor-iyi/few-shot-learning,no_dockerfile,False,0,0,0,,,0,0,0,0,0,False,,False,,False,,False,,False,,False,,no Dockerfile and no fallback entry point found
https://github.com/SopiMlab/DeepLearningWithAudio18,no_dockerfile,False,0,0,0,,,0,0,0,0,0,False,,False,,False,,False,,False,,False,,no Dockerfile and no fallback entry point found
https://github.com/Aurelius84/ugc-sentiment,no_dockerfile,False,0,0,0,,,0,0,0,0,0,False,,False,,False,,False,,False,,False,,no Dockerfile and no fallback entry point found
https://github.com/WormBase/textpresso_classifiers,no_dockerfile,False,0,0,0,,,0,0,0,0,0,False,,False,,False,,False,,False,,False,,no Dockerfile and no fallback entry point found
https://github.com/tjvandal/pydownscale,no_dockerfile,False,0,0,0,,,0,0,0,0,0,False,,False,,False,,False,,False,,False,,no Dockerfile and no fallback entry point found
https://github.com/vgene/ASR-Inference-for-Edge,clone_failed,False,0,0,0,,,0,0,0,0,0,False,,False,,False,,False,,False,,False,,Error downloading object: deepspeech-models/alphabet.txt (a29eab5): Smudge error: Error downloading deepspeech-models/alphabet.txt (a29eab570b46a5aa60e2bfeaa40fb15ff0b4ce995bc16ba957ddf1a5e1f35304): batch response: Resource not accessible by personal access token
https://github.com/XVMX/vmbot,ok,False,0,0,1,vmbot\__main__.py,fallback_nested,5,6,2,1,0,False,,False,,False,,False,,False,,False,,"unverified: missing stages: data_acquisition, data_preparation, modeling, training, evaluation, inference"
https://github.com/skorokithakis/Spamnesty,no_entry,False,0,1,0,,,0,0,0,0,0,False,,False,,False,,False,,False,,False,,Dockerfile(s) found but no Python entry point could be resolved
https://github.com/cgnorthcutt/hypopt,no_dockerfile,False,0,0,0,,,0,0,0,0,0,False,,False,,False,,False,,False,,False,,no Dockerfile and no fallback entry point found
https://github.com/Alexoner/skynet,no_dockerfile,False,0,0,0,,,0,0,0,0,0,False,,False,,False,,False,,False,,False,,no Dockerfile and no fallback entry point found
https://github.com/dinizjessica/cnn_grammar,no_dockerfile,False,0,0,0,,,0,0,0,0,0,False,,False,,False,,False,,False,,False,,no Dockerfile and no fallback entry point found
https://github.com/bluebehree/handson-ml,no_entry,False,0,1,0,,,0,0,0,0,0,False,,False,,False,,False,,False,,False,,Dockerfile(s) found but no Python entry point could be resolved
https://github.com/eltonlaw/impyute,no_entry,False,0,2,0,,,0,0,0,0,0,False,,False,,False,,False,,False,,False,,Dockerfile(s) found but no Python entry point could be resolved
https://github.com/daniel-cortez-stevenson/crypto-predict,no_entry,False,0,2,2,,dockerfile,0,0,0,0,0,False,,False,,False,,False,,False,,False,,no resolved entry point yielded a usable call graph
https://github.com/UBC-CS/lipo-python,no_entry,False,0,2,0,,,0,0,0,0,0,False,,False,,False,,False,,False,,False,,Dockerfile(s) found but no Python entry point could be resolved
https://github.com/dineshsonachalam/Tutorials-on-Keras-with-Tensorflow-Backend,no_dockerfile,False,0,0,0,,,0,0,0,0,0,False,,False,,False,,False,,False,,False,,no Dockerfile and no fallback entry point found
https://github.com/ehsanasgari/DiTaxa,no_dockerfile,False,0,0,0,,,0,0,0,0,0,False,,False,,False,,False,,False,,False,,no Dockerfile and no fallback entry point found
https://github.com/janfreyberg/superintendent,no_entry,False,0,2,0,,,0,0,0,0,0,False,,False,,False,,False,,False,,False,,Dockerfile(s) found but no Python entry point could be resolved
https://github.com/dharness/sqwak-api,ok,False,0,0,1,practice\main.py,fallback_nested,1,0,0,1,0,False,,False,,False,,False,,False,,False,,"unverified: missing stages: data_acquisition, data_preparation, modeling, training, evaluation, inference"
https://github.com/facebookresearch/DrQA,no_dockerfile,False,0,0,0,,,0,0,0,0,0,False,,False,,False,,False,,False,,False,,no Dockerfile and no fallback entry point found
https://github.com/guilhermeheinen/udacity-deep-learning,no_dockerfile,False,0,0,0,,,0,0,0,0,0,False,,False,,False,,False,,False,,False,,no Dockerfile and no fallback entry point found
https://github.com/maryanngong/QuestionRetrievalSystem,no_dockerfile,False,0,0,0,,,0,0,0,0,0,False,,False,,False,,False,,False,,False,,no Dockerfile and no fallback entry point found
https://github.com/lywdoctor/mnist_test,no_dockerfile,False,0,0,0,,,0,0,0,0,0,False,,False,,False,,False,,False,,False,,no Dockerfile and no fallback entry point found
https://github.com/danoneata/giggle,ok,False,5,0,1,giggle\cli.py,fallback_console_script,8,65,2,0,0,True,giggle/data.py:58 pd.read_sql_table [matched pd.read_sql_table],True,giggle/data.py:64 sklearn.model_selection.KFold [matched KFold],True,giggle/models.py:0 class User [matched <class subclasses model base>],False,,True,giggle/recommender.py:33 sklearn.metrics.mean_squared_error [matched mean_squared_error],True,giggle/web_service.py:45 flask.Flask [matched Flask],unverified: missing stages: training
https://github.com/Ravirajadrangi/fast_retraining,no_dockerfile,False,0,0,0,,,0,0,0,0,0,False,,False,,False,,False,,False,,False,,no Dockerfile and no fallback entry point found
https://github.com/yjxiao/ds-1007-project,no_dockerfile,False,0,0,0,,,0,0,0,0,0,False,,False,,False,,False,,False,,False,,no Dockerfile and no fallback entry point found
https://github.com/astorfi/3D-convolutional-speaker-recognition,no_dockerfile,False,0,0,0,,,0,0,0,0,0,False,,False,,False,,False,,False,,False,,no Dockerfile and no fallback entry point found
https://github.com/tobywinter/makeitrain,no_dockerfile,False,0,0,0,,,0,0,0,0,0,False,,False,,False,,False,,False,,False,,no Dockerfile and no fallback entry point found
https://github.com/Adam-Tahir/Machine_Learning_NanoDegree,no_dockerfile,False,0,0,0,,,0,0,0,0,0,False,,False,,False,,False,,False,,False,,no Dockerfile and no fallback entry point found
https://github.com/allenai/ontoemma,no_dockerfile,False,0,0,0,,,0,0,0,0,0,False,,False,,False,,False,,False,,False,,no Dockerfile and no fallback entry point found
https://github.com/yoshida-lab/XenonPy,ok,False,1,5,1,xenonpy\__main__.py,fallback_nested,6,33,3,0,0,True,xenonpy/utils/useful_func.py:73 yaml.load [matched yaml.load],False,,False,,False,,False,,False,,"unverified: missing stages: data_preparation, modeling, training, evaluation, inference"
https://github.com/jczhu/spam_proj,no_dockerfile,False,0,0,0,,,0,0,0,0,0,False,,False,,False,,False,,False,,False,,no Dockerfile and no fallback entry point found
https://github.com/nOkuda/classtm,no_dockerfile,False,0,0,0,,,0,0,0,0,0,False,,False,,False,,False,,False,,False,,no Dockerfile and no fallback entry point found
https://github.com/weiwang2330/deepchem,no_entry,False,0,1,0,,,0,0,0,0,0,False,,False,,False,,False,,False,,False,,Dockerfile(s) found but no Python entry point could be resolved
https://github.com/netology-code/data-scientist-course,clone_failed,False,0,0,0,,,0,0,0,0,0,False,,False,,False,,False,,False,,False,,error: invalid path '6. NLP/6.1./Intro.ipynb'
https://github.com/nitlev/deepforest,no_dockerfile,False,0,0,0,,,0,0,0,0,0,False,,False,,False,,False,,False,,False,,no Dockerfile and no fallback entry point found
https://github.com/nejyeah/demo-facenet,no_entry,False,0,1,0,,,0,0,0,0,0,False,,False,,False,,False,,False,,False,,Dockerfile(s) found but no Python entry point could be resolved
https://github.com/reidpr/quac,no_dockerfile,False,0,0,0,,,0,0,0,0,0,False,,False,,False,,False,,False,,False,,no Dockerfile and no fallback entry point found
https://github.com/7165015874/78036onetest,no_dockerfile,False,0,0,0,,,0,0,0,0,0,False,,False,,False,,False,,False,,False,,no Dockerfile and no fallback entry point found
https://github.com/koreyoshildc/123,no_dockerfile,False,0,0,0,,,0,0,0,0,0,False,,False,,False,,False,,False,,False,,no Dockerfile and no fallback entry point found
https://github.com/renatolfc/pystockml,no_dockerfile,False,0,0,0,,,0,0,0,0,0,False,,False,,False,,False,,False,,False,,no Dockerfile and no fallback entry point found
https://github.com/crowdAI/crowdai-musical-genre-recognition-starter-kit,no_dockerfile,False,0,0,0,,,0,0,0,0,0,False,,False,,False,,False,,False,,False,,no Dockerfile and no fallback entry point found
https://github.com/alexarnimueller/modlAMP,no_dockerfile,False,0,0,0,,,0,0,0,0,0,False,,False,,False,,False,,False,,False,,no Dockerfile and no fallback entry point found
https://github.com/phizaz/seeding-strategy-ssl,no_dockerfile,False,0,0,0,,,0,0,0,0,0,False,,False,,False,,False,,False,,False,,no Dockerfile and no fallback entry point found
https://github.com/jonsalji/neural-networks-and-deep-learning,no_dockerfile,False,0,0,0,,,0,0,0,0,0,False,,False,,False,,False,,False,,False,,no Dockerfile and no fallback entry point found
https://github.com/k2kobayashi/sprocket,no_dockerfile,False,0,0,0,,,0,0,0,0,0,False,,False,,False,,False,,False,,False,,no Dockerfile and no fallback entry point found
https://github.com/jcasademont/datacenter,no_dockerfile,False,0,0,0,,,0,0,0,0,0,False,,False,,False,,False,,False,,False,,no Dockerfile and no fallback entry point found
https://github.com/peng-cao/mripy,no_dockerfile,False,0,0,0,,,0,0,0,0,0,False,,False,,False,,False,,False,,False,,no Dockerfile and no fallback entry point found
https://github.com/razz0/traffic_disruption,no_dockerfile,False,0,0,0,,,0,0,0,0,0,False,,False,,False,,False,,False,,False,,no Dockerfile and no fallback entry point found
https://github.com/atliSig/string-kernels,no_dockerfile,False,0,0,0,,,0,0,0,0,0,False,,False,,False,,False,,False,,False,,no Dockerfile and no fallback entry point found
https://github.com/ksooklall/deep_learning_foundation,no_dockerfile,False,0,0,0,,,0,0,0,0,0,False,,False,,False,,False,,False,,False,,no Dockerfile and no fallback entry point found
https://github.com/thepowerfuldeez/vk_text_classifier,no_entry,False,0,2,0,,,0,0,0,0,0,False,,False,,False,,False,,False,,False,,Dockerfile(s) found but no Python entry point could be resolved
https://github.com/atmtools/typhon,no_dockerfile,False,0,0,0,,,0,0,0,0,0,False,,False,,False,,False,,False,,False,,no Dockerfile and no fallback entry point found
https://github.com/googledatalab/pydatalab,no_dockerfile,False,0,0,0,,,0,0,0,0,0,False,,False,,False,,False,,False,,False,,no Dockerfile and no fallback entry point found
https://github.com/usc-isi-i2/dsbox-featurizer,no_dockerfile,False,0,0,0,,,0,0,0,0,0,False,,False,,False,,False,,False,,False,,no Dockerfile and no fallback entry point found
https://github.com/Lkxz/categorical-kernels,no_dockerfile,False,0,0,0,,,0,0,0,0,0,False,,False,,False,,False,,False,,False,,no Dockerfile and no fallback entry point found
https://github.com/kootenpv/xtoy,no_dockerfile,False,0,0,0,,,0,0,0,0,0,False,,False,,False,,False,,False,,False,,no Dockerfile and no fallback entry point found
https://github.com/cangermueller/deepcpg,no_dockerfile,False,0,0,0,,,0,0,0,0,0,False,,False,,False,,False,,False,,False,,no Dockerfile and no fallback entry point found
https://github.com/PhaseThreeCap/Perf,no_dockerfile,False,0,0,0,,,0,0,0,0,0,False,,False,,False,,False,,False,,False,,no Dockerfile and no fallback entry point found
https://github.com/smautner/long_range_deps_graphlearn,no_dockerfile,False,0,0,0,,,0,0,0,0,0,False,,False,,False,,False,,False,,False,,no Dockerfile and no fallback entry point found
https://github.com/astroswego/plotypus,no_dockerfile,False,0,0,0,,,0,0,0,0,0,False,,False,,False,,False,,False,,False,,no Dockerfile and no fallback entry point found
https://github.com/TeamHG-Memex/eli5,no_dockerfile,False,0,0,0,,,0,0,0,0,0,False,,False,,False,,False,,False,,False,,no Dockerfile and no fallback entry point found
https://github.com/matwey/gp-multistate-kernel,no_dockerfile,False,0,0,0,,,0,0,0,0,0,False,,False,,False,,False,,False,,False,,no Dockerfile and no fallback entry point found
https://github.com/khyatiparekh/Searching-for-Success,no_dockerfile,False,0,0,0,,,0,0,0,0,0,False,,False,,False,,False,,False,,False,,no Dockerfile and no fallback entry point found
https://github.com/ajtulloch/sklearn-compiledtrees,no_dockerfile,False,0,0,0,,,0,0,0,0,0,False,,False,,False,,False,,False,,False,,no Dockerfile and no fallback entry point found
https://github.com/impactlab/eemeter,no_dockerfile,False,0,0,0,,,0,0,0,0,0,False,,False,,False,,False,,False,,False,,no Dockerfile and no fallback entry point found
https://github.com/X-DataInitiative/tick,no_entry,False,0,1,0,,,0,0,0,0,0,False,,False,,False,,False,,False,,False,,Dockerfile(s) found but no Python entry point could be resolved
https://github.com/LeeChanHyuk/human_pose_estimation,no_dockerfile,False,0,0,0,,,0,0,0,0,0,False,,False,,False,,False,,False,,False,,no Dockerfile and no fallback entry point found
https://github.com/ada5588/MRCNN,no_dockerfile,False,0,0,0,,,0,0,0,0,0,False,,False,,False,,False,,False,,False,,no Dockerfile and no fallback entry point found
https://github.com/avkewalr-msft/live-video-analytics,no_entry,False,0,18,0,,,0,0,0,0,0,False,,False,,False,,False,,False,,False,,Dockerfile(s) found but no Python entry point could be resolved
https://github.com/BhavyaKohli/MoNuSAC-Instance-Segmentation,no_dockerfile,False,0,0,0,,,0,0,0,0,0,False,,False,,False,,False,,False,,False,,no Dockerfile and no fallback entry point found
https://github.com/DavideEva/Ghibli-Cartoon-GAN,no_dockerfile,False,0,0,0,,,0,0,0,0,0,False,,False,,False,,False,,False,,False,,no Dockerfile and no fallback entry point found
https://github.com/jarrodanderson/Archive,no_dockerfile,False,0,0,0,,,0,0,0,0,0,False,,False,,False,,False,,False,,False,,no Dockerfile and no fallback entry point found
https://github.com/mauriciabad/3d-print-matcher,no_entry,False,0,1,0,,,0,0,0,0,0,False,,False,,False,,False,,False,,False,,Dockerfile(s) found but no Python entry point could be resolved
https://github.com/kostaleonard/mlops,no_dockerfile,False,0,0,0,,,0,0,0,0,0,False,,False,,False,,False,,False,,False,,no Dockerfile and no fallback entry point found
https://github.com/keras-team/keras-cv,no_entry,False,0,1,0,,,0,0,0,0,0,False,,False,,False,,False,,False,,False,,Dockerfile(s) found but no Python entry point could be resolved
https://github.com/LyunJ/GraduateProject,no_dockerfile,False,0,0,0,,,0,0,0,0,0,False,,False,,False,,False,,False,,False,,no Dockerfile and no fallback entry point found
https://github.com/venkateshtantravahi/Python-0-to-hero-,no_dockerfile,False,0,0,0,,,0,0,0,0,0,False,,False,,False,,False,,False,,False,,no Dockerfile and no fallback entry point found
https://github.com/ayush7138/fse_skoltech,no_entry,False,0,1,0,,,0,0,0,0,0,False,,False,,False,,False,,False,,False,,Dockerfile(s) found but no Python entry point could be resolved
https://github.com/Python-World/python-mini-projects,no_dockerfile,False,0,0,0,,,0,0,0,0,0,False,,False,,False,,False,,False,,False,,no Dockerfile and no fallback entry point found
https://github.com/c-rizz/lr_gym,no_dockerfile,False,0,0,0,,,0,0,0,0,0,False,,False,,False,,False,,False,,False,,no Dockerfile and no fallback entry point found
https://github.com/max-lutz/floodwater_competition,no_dockerfile,False,0,0,0,,,0,0,0,0,0,False,,False,,False,,False,,False,,False,,no Dockerfile and no fallback entry point found
https://github.com/cosmobobak/ttt-ml,no_dockerfile,False,0,0,0,,,0,0,0,0,0,False,,False,,False,,False,,False,,False,,no Dockerfile and no fallback entry point found
https://github.com/harshita1017/HPE,no_entry,False,0,1,0,,,0,0,0,0,0,False,,False,,False,,False,,False,,False,,Dockerfile(s) found but no Python entry point could be resolved
https://github.com/samanabatool96/machine_learning-mental_health,no_dockerfile,False,0,0,0,,,0,0,0,0,0,False,,False,,False,,False,,False,,False,,no Dockerfile and no fallback entry point found
https://github.com/maexx393/tensormesh,no_dockerfile,False,0,0,0,,,0,0,0,0,0,False,,False,,False,,False,,False,,False,,no Dockerfile and no fallback entry point found
https://github.com/ditokrista/handsonML2,no_entry,False,0,2,0,,,0,0,0,0,0,False,,False,,False,,False,,False,,False,,Dockerfile(s) found but no Python entry point could be resolved
https://github.com/bhumikiapunjabi2294/Streamlit,no_dockerfile,False,0,0,0,,,0,0,0,0,0,False,,False,,False,,False,,False,,False,,no Dockerfile and no fallback entry point found
https://github.com/Shaley9999/Roadtrain-Demo,no_dockerfile,False,0,0,0,,,0,0,0,0,0,False,,False,,False,,False,,False,,False,,no Dockerfile and no fallback entry point found
https://github.com/wngus9056/Datascience,no_dockerfile,False,0,0,0,,,0,0,0,0,0,False,,False,,False,,False,,False,,False,,no Dockerfile and no fallback entry point found
https://github.com/subhankar01/Covid-Chestxray-lambda-fuzzy,no_dockerfile,False,0,0,0,,,0,0,0,0,0,False,,False,,False,,False,,False,,False,,no Dockerfile and no fallback entry point found
https://github.com/louisa-wood-ra/DiscoveryWorldPongAIExhibit-master,no_dockerfile,False,0,0,0,,,0,0,0,0,0,False,,False,,False,,False,,False,,False,,no Dockerfile and no fallback entry point found
https://github.com/Druwa-git/EyeDear,no_dockerfile,False,0,0,0,,,0,0,0,0,0,False,,False,,False,,False,,False,,False,,no Dockerfile and no fallback entry point found
https://github.com/nimishamanjali/thesis-detection-of-synthetic-faults-in-self-driving-cars,no_dockerfile,False,0,0,0,,,0,0,0,0,0,False,,False,,False,,False,,False,,False,,no Dockerfile and no fallback entry point found
https://github.com/henriqueumeda/handson-ml2-exercises,no_entry,False,0,2,0,,,0,0,0,0,0,False,,False,,False,,False,,False,,False,,Dockerfile(s) found but no Python entry point could be resolved
https://github.com/mlbvn/handson-ml2-vn,no_entry,False,0,2,0,,,0,0,0,0,0,False,,False,,False,,False,,False,,False,,Dockerfile(s) found but no Python entry point could be resolved
https://github.com/rhenerose/yolo-v4-tf.keras,no_dockerfile,False,0,0,0,,,0,0,0,0,0,False,,False,,False,,False,,False,,False,,no Dockerfile and no fallback entry point found
https://github.com/LiviReka/CamperRecommender,no_dockerfile,False,0,0,0,,,0,0,0,0,0,False,,False,,False,,False,,False,,False,,no Dockerfile and no fallback entry point found
https://github.com/TL-System/plato,no_entry,False,0,1,0,,,0,0,0,0,0,False,,False,,False,,False,,False,,False,,Dockerfile(s) found but no Python entry point could be resolved
https://github.com/massykezzoul/mtq-neural-networks,no_dockerfile,False,0,0,0,,,0,0,0,0,0,False,,False,,False,,False,,False,,False,,no Dockerfile and no fallback entry point found
https://github.com/eescriba/smart-cities-drl,no_dockerfile,False,0,0,0,,,0,0,0,0,0,False,,False,,False,,False,,False,,False,,no Dockerfile and no fallback entry point found
https://github.com/data-prestige/train-keras-ocr,no_dockerfile,False,0,0,0,,,0,0,0,0,0,False,,False,,False,,False,,False,,False,,no Dockerfile and no fallback entry point found
https://github.com/Chubbyman2/emotion-music-player,no_dockerfile,False,0,0,0,,,0,0,0,0,0,False,,False,,False,,False,,False,,False,,no Dockerfile and no fallback entry point found
https://github.com/Emocial-NLP-Depression-Detection/Emocial-backend-API,no_entry,False,0,1,0,,,0,0,0,0,0,False,,False,,False,,False,,False,,False,,Dockerfile(s) found but no Python entry point could be resolved
https://github.com/serengil/retinaface,no_dockerfile,False,0,0,0,,,0,0,0,0,0,False,,False,,False,,False,,False,,False,,no Dockerfile and no fallback entry point found
https://github.com/ryanking13/kcaptcha-solver,no_dockerfile,False,0,0,0,,,0,0,0,0,0,False,,False,,False,,False,,False,,False,,no Dockerfile and no fallback entry point found
https://github.com/equinor/team-dogleg,no_entry,False,0,2,0,,,0,0,0,0,0,False,,False,,False,,False,,False,,False,,Dockerfile(s) found but no Python entry point could be resolved
https://github.com/luke-c-newell/Final_Project,no_dockerfile,False,0,0,0,,,0,0,0,0,0,False,,False,,False,,False,,False,,False,,no Dockerfile and no fallback entry point found
https://github.com/psychoatom/Mask-Monitoring-System,no_entry,False,0,1,0,,,0,0,0,0,0,False,,False,,False,,False,,False,,False,,Dockerfile(s) found but no Python entry point could be resolved
https://github.com/hav4ik/google-landmarks-2020,no_dockerfile,False,0,0,0,,,0,0,0,0,0,False,,False,,False,,False,,False,,False,,no Dockerfile and no fallback entry point found
https://github.com/szemyd/deep-reinforcement-learning-nd,no_dockerfile,False,0,0,0,,,0,0,0,0,0,False,,False,,False,,False,,False,,False,,no Dockerfile and no fallback entry point found
https://github.com/Kaleidophon/deep-significance,no_dockerfile,False,0,0,0,,,0,0,0,0,0,False,,False,,False,,False,,False,,False,,no Dockerfile and no fallback entry point found
https://github.com/mossjacob/alfi,no_dockerfile,False,0,0,0,,,0,0,0,0,0,False,,False,,False,,False,,False,,False,,no Dockerfile and no fallback entry point found
https://github.com/BU-Spark/Transcribing-Handwritten-Text-Herbarium-Specimens,no_dockerfile,False,0,0,0,,,0,0,0,0,0,False,,False,,False,,False,,False,,False,,no Dockerfile and no fallback entry point found
https://github.com/Qksidmx/DeepLearningExamples,no_entry,False,0,41,0,,,0,0,0,0,0,False,,False,,False,,False,,False,,False,,Dockerfile(s) found but no Python entry point could be resolved
https://github.com/zhixingheyi-tian/google-research-bert,no_dockerfile,False,0,0,0,,,0,0,0,0,0,False,,False,,False,,False,,False,,False,,no Dockerfile and no fallback entry point found
https://github.com/keras-team/keras-io,no_entry,False,0,1,0,,,0,0,0,0,0,False,,False,,False,,False,,False,,False,,Dockerfile(s) found but no Python entry point could be resolved
https://github.com/fkirmani/diffimageml,no_dockerfile,False,0,0,0,,,0,0,0,0,0,False,,False,,False,,False,,False,,False,,no Dockerfile and no fallback entry point found
https://github.com/parkjin-nim/Udacity_drl,no_dockerfile,False,0,0,0,,,0,0,0,0,0,False,,False,,False,,False,,False,,False,,no Dockerfile and no fallback entry point found
https://github.com/henriwoodcock/torch-to-tf-lite,no_dockerfile,False,0,0,0,,,0,0,0,0,0,False,,False,,False,,False,,False,,False,,no Dockerfile and no fallback entry point found
https://github.com/kdally/fault-tolerant-flight-control-drl,no_dockerfile,False,0,0,0,,,0,0,0,0,0,False,,False,,False,,False,,False,,False,,no Dockerfile and no fallback entry point found
https://github.com/victor-qin/MAS_RL,no_dockerfile,False,0,0,0,,,0,0,0,0,0,False,,False,,False,,False,,False,,False,,no Dockerfile and no fallback entry point found
https://github.com/tesfaldet/fourier-cppn,no_dockerfile,False,0,0,0,,,0,0,0,0,0,False,,False,,False,,False,,False,,False,,no Dockerfile and no fallback entry point found
https://github.com/trisongz/tpubar,no_dockerfile,False,0,0,0,,,0,0,0,0,0,False,,False,,False,,False,,False,,False,,no Dockerfile and no fallback entry point found
https://github.com/Thomas-Gentilhomme/AI-Project,no_dockerfile,False,0,0,0,,,0,0,0,0,0,False,,False,,False,,False,,False,,False,,no Dockerfile and no fallback entry point found
https://github.com/iomega/ms2query,no_dockerfile,False,0,0,0,,,0,0,0,0,0,False,,False,,False,,False,,False,,False,,no Dockerfile and no fallback entry point found
https://github.com/EthanH43/text_generator,no_dockerfile,False,0,0,0,,,0,0,0,0,0,False,,False,,False,,False,,False,,False,,no Dockerfile and no fallback entry point found
https://github.com/sgoeppert/connect4-agent,no_dockerfile,False,0,0,0,,,0,0,0,0,0,False,,False,,False,,False,,False,,False,,no Dockerfile and no fallback entry point found
https://github.com/IST-DASLab/dISTiller-micronet,no_dockerfile,False,0,0,0,,,0,0,0,0,0,False,,False,,False,,False,,False,,False,,no Dockerfile and no fallback entry point found
https://github.com/jose-soft-pro/Heuristic-Based-Web-Automation,no_entry,False,0,1,0,,,0,0,0,0,0,False,,False,,False,,False,,False,,False,,Dockerfile(s) found but no Python entry point could be resolved
https://github.com/callysto/docker-stacks,no_entry,False,0,16,0,,,0,0,0,0,0,False,,False,,False,,False,,False,,False,,Dockerfile(s) found but no Python entry point could be resolved
https://github.com/mecha2k/mygo,no_dockerfile,False,0,0,0,,,0,0,0,0,0,False,,False,,False,,False,,False,,False,,no Dockerfile and no fallback entry point found
https://github.com/Christoph9402/CarND-Capstone-Project,no_entry,False,0,4,0,,,0,0,0,0,0,False,,False,,False,,False,,False,,False,,Dockerfile(s) found but no Python entry point could be resolved
https://github.com/errpv78/Scene-Depiction,no_dockerfile,False,0,0,0,,,0,0,0,0,0,False,,False,,False,,False,,False,,False,,no Dockerfile and no fallback entry point found
https://github.com/jonasrauber/foolbox-native,no_dockerfile,False,0,0,0,,,0,0,0,0,0,False,,False,,False,,False,,False,,False,,no Dockerfile and no fallback entry point found
https://github.com/hectorgie/Wav2Lip,no_dockerfile,False,0,0,0,,,0,0,0,0,0,False,,False,,False,,False,,False,,False,,no Dockerfile and no fallback entry point found
https://github.com/polakowo/gpt2bot,no_dockerfile,False,0,0,0,,,0,0,0,0,0,False,,False,,False,,False,,False,,False,,no Dockerfile and no fallback entry point found
https://github.com/jkerrigan/photon_sphere,no_dockerfile,False,0,0,0,,,0,0,0,0,0,False,,False,,False,,False,,False,,False,,no Dockerfile and no fallback entry point found
https://github.com/pietro-caragiulo/cs230-project,no_dockerfile,False,0,0,0,,,0,0,0,0,0,False,,False,,False,,False,,False,,False,,no Dockerfile and no fallback entry point found
https://github.com/dicksor/fumseck,no_dockerfile,False,0,0,0,,,0,0,0,0,0,False,,False,,False,,False,,False,,False,,no Dockerfile and no fallback entry point found
https://github.com/aymericq/tensorflow-fewshot,no_dockerfile,False,0,0,0,,,0,0,0,0,0,False,,False,,False,,False,,False,,False,,no Dockerfile and no fallback entry point found
https://github.com/Vinaypatil-Ev/vinEvPy-antargyan,no_dockerfile,False,0,0,0,,,0,0,0,0,0,False,,False,,False,,False,,False,,False,,no Dockerfile and no fallback entry point found
https://github.com/averkij/text-alignment-pipeline,no_entry,False,0,3,0,,,0,0,0,0,0,False,,False,,False,,False,,False,,False,,Dockerfile(s) found but no Python entry point could be resolved
https://github.com/Derek-TH-Wang/OpenRoboRL,no_dockerfile,False,0,0,0,,,0,0,0,0,0,False,,False,,False,,False,,False,,False,,no Dockerfile and no fallback entry point found
https://github.com/ecmwf/climetlab,no_dockerfile,False,0,0,0,,,0,0,0,0,0,False,,False,,False,,False,,False,,False,,no Dockerfile and no fallback entry point found
https://github.com/HumanCompatibleAI/learning-from-human-preferences,no_dockerfile,False,0,0,0,,,0,0,0,0,0,False,,False,,False,,False,,False,,False,,no Dockerfile and no fallback entry point found
https://github.com/MGlauer/cheleary,no_dockerfile,False,0,0,0,,,0,0,0,0,0,False,,False,,False,,False,,False,,False,,no Dockerfile and no fallback entry point found
https://github.com/TheVeggydude/HebrewHandwritingRecognition,no_dockerfile,False,0,0,0,,,0,0,0,0,0,False,,False,,False,,False,,False,,False,,no Dockerfile and no fallback entry point found
https://github.com/schellmi42/tensorflow_graphics_point_clouds,no_dockerfile,False,0,0,0,,,0,0,0,0,0,False,,False,,False,,False,,False,,False,,no Dockerfile and no fallback entry point found
https://github.com/deltaX72/lab5_web,no_dockerfile,False,0,0,0,,,0,0,0,0,0,False,,False,,False,,False,,False,,False,,no Dockerfile and no fallback entry point found
https://github.com/jjeaby/SmiToText,no_dockerfile,False,0,0,0,,,0,0,0,0,0,False,,False,,False,,False,,False,,False,,no Dockerfile and no fallback entry point found
https://github.com/rahulsarkar906/HandsonML-Notebooks,no_entry,False,0,1,0,,,0,0,0,0,0,False,,False,,False,,False,,False,,False,,Dockerfile(s) found but no Python entry point could be resolved
https://github.com/mlspec/sample-metadata-driven-workload,no_dockerfile,False,0,0,0,,,0,0,0,0,0,False,,False,,False,,False,,False,,False,,no Dockerfile and no fallback entry point found
https://github.com/jensleitloff/CNN-Sentinel,no_dockerfile,False,0,0,0,,,0,0,0,0,0,False,,False,,False,,False,,False,,False,,no Dockerfile and no fallback entry point found
https://github.com/PacktWorkshops/The-Reinforcement-Learning-Workshop,no_dockerfile,False,0,0,0,,,0,0,0,0,0,False,,False,,False,,False,,False,,False,,no Dockerfile and no fallback entry point found
https://github.com/ssimona01/Comb,no_dockerfile,False,0,0,0,,,0,0,0,0,0,False,,False,,False,,False,,False,,False,,no Dockerfile and no fallback entry point found
https://github.com/itsmeashutosh43/deep-reinforcement-learning-udacity,no_dockerfile,False,0,0,0,,,0,0,0,0,0,False,,False,,False,,False,,False,,False,,no Dockerfile and no fallback entry point found
https://github.com/google-research/evoflow,no_dockerfile,False,0,0,0,,,0,0,0,0,0,False,,False,,False,,False,,False,,False,,no Dockerfile and no fallback entry point found
https://github.com/qirh/aida,no_entry,False,0,2,0,,,0,0,0,0,0,False,,False,,False,,False,,False,,False,,Dockerfile(s) found but no Python entry point could be resolved
https://github.com/NamSeonWoong/-,no_entry,False,0,2,0,,,0,0,0,0,0,False,,False,,False,,False,,False,,False,,Dockerfile(s) found but no Python entry point could be resolved
https://github.com/icyguy64/Coursera-Coursework,no_entry,False,0,8,1,,dockerfile,0,0,0,0,0,False,,False,,False,,False,,False,,False,,no resolved entry point yielded a usable call graph
https://github.com/shaoormunir/bertar,no_dockerfile,False,0,0,0,,,0,0,0,0,0,False,,False,,False,,False,,False,,False,,no Dockerfile and no fallback entry point found
https://github.com/frietz58/euvsvirus,no_dockerfile,False,0,0,0,,,0,0,0,0,0,False,,False,,False,,False,,False,,False,,no Dockerfile and no fallback entry point found
https://github.com/adelaneh/py_clifford,no_dockerfile,False,0,0,0,,,0,0,0,0,0,False,,False,,False,,False,,False,,False,,no Dockerfile and no fallback entry point found
https://github.com/Pedrexus/MangoFIL,no_dockerfile,False,0,0,0,,,0,0,0,0,0,False,,False,,False,,False,,False,,False,,no Dockerfile and no fallback entry point found
https://github.com/educatorsRlearners/book-maturity,no_dockerfile,False,0,0,0,,,0,0,0,0,0,False,,False,,False,,False,,False,,False,,no Dockerfile and no fallback entry point found
https://github.com/anhhaibkhn/NLP_PracticesForDeepLearning,no_dockerfile,False,0,0,0,,,0,0,0,0,0,False,,False,,False,,False,,False,,False,,no Dockerfile and no fallback entry point found
https://github.com/mitsuhisaT/django-rpi-tph-monitor,no_dockerfile,False,0,0,0,,,0,0,0,0,0,False,,False,,False,,False,,False,,False,,no Dockerfile and no fallback entry point found
https://github.com/nelson-liu/paraphrase-id-tensorflow,no_dockerfile,False,0,0,0,,,0,0,0,0,0,False,,False,,False,,False,,False,,False,,no Dockerfile and no fallback entry point found
https://github.com/DarshanDeshpande/COVID-19-Detector,no_entry,False,0,2,0,,,0,0,0,0,0,False,,False,,False,,False,,False,,False,,Dockerfile(s) found but no Python entry point could be resolved
https://github.com/AndreMaz/dnn-attention,no_dockerfile,False,0,0,0,,,0,0,0,0,0,False,,False,,False,,False,,False,,False,,no Dockerfile and no fallback entry point found
https://github.com/hariharan-jayakumar/CartPole-DDQN-Independent_Project,no_dockerfile,False,0,0,0,,,0,0,0,0,0,False,,False,,False,,False,,False,,False,,no Dockerfile and no fallback entry point found
https://github.com/popina1994/car-recommender-application,no_dockerfile,False,0,0,0,,,0,0,0,0,0,False,,False,,False,,False,,False,,False,,no Dockerfile and no fallback entry point found
https://github.com/scoobiii/android,no_entry,False,0,1,0,,,0,0,0,0,0,False,,False,,False,,False,,False,,False,,Dockerfile(s) found but no Python entry point could be resolved
https://github.com/LeeKLTW/posner,no_dockerfile,False,0,0,0,,,0,0,0,0,0,False,,False,,False,,False,,False,,False,,no Dockerfile and no fallback entry point found
https://github.com/sherinaseri/bert,no_dockerfile,False,0,0,0,,,0,0,0,0,0,False,,False,,False,,False,,False,,False,,no Dockerfile and no fallback entry point found
https://github.com/SlavaInder/209AS_Adversarial_Patch,no_dockerfile,False,0,0,0,,,0,0,0,0,0,False,,False,,False,,False,,False,,False,,no Dockerfile and no fallback entry point found
https://github.com/Mary-xl/Segmentation_Mask_RCNN,no_dockerfile,False,0,0,0,,,0,0,0,0,0,False,,False,,False,,False,,False,,False,,no Dockerfile and no fallback entry point found
https://github.com/MCXA/Deep-learning-for-plant-phenotyping,no_dockerfile,False,0,0,0,,,0,0,0,0,0,False,,False,,False,,False,,False,,False,,no Dockerfile and no fallback entry point found
https://github.com/IgorVetoshev/cardif_project,no_dockerfile,False,0,0,0,,,0,0,0,0,0,False,,False,,False,,False,,False,,False,,no Dockerfile and no fallback entry point found
https://github.com/haamis/DeepLearningExamples_FinBERT,no_entry,False,0,3,0,,,0,0,0,0,0,False,,False,,False,,False,,False,,False,,Dockerfile(s) found but no Python entry point could be resolved
https://github.com/zfit/zfit-tutorials,no_dockerfile,False,0,0,0,,,0,0,0,0,0,False,,False,,False,,False,,False,,False,,no Dockerfile and no fallback entry point found
https://github.com/shuiruge/neural-ode,no_dockerfile,False,0,0,0,,,0,0,0,0,0,False,,False,,False,,False,,False,,False,,no Dockerfile and no fallback entry point found
https://github.com/maximelhoustau/Prim-Project,no_dockerfile,False,0,0,0,,,0,0,0,0,0,False,,False,,False,,False,,False,,False,,no Dockerfile and no fallback entry point found
https://github.com/kawano8811/CarND-Capstone,no_entry,False,0,1,0,,,0,0,0,0,0,False,,False,,False,,False,,False,,False,,Dockerfile(s) found but no Python entry point could be resolved
https://github.com/swagnercarena/ovejero,no_dockerfile,False,0,0,0,,,0,0,0,0,0,False,,False,,False,,False,,False,,False,,no Dockerfile and no fallback entry point found
https://github.com/majidghafouri/Object-Recognition-tf-lite,no_entry,False,0,1,0,,,0,0,0,0,0,False,,False,,False,,False,,False,,False,,Dockerfile(s) found but no Python entry point could be resolved
https://github.com/renaud-florquin/hands_on_AI,no_dockerfile,False,0,0,0,,,0,0,0,0,0,False,,False,,False,,False,,False,,False,,no Dockerfile and no fallback entry point found
https://github.com/Eduzc07/machinelearning,no_dockerfile,False,0,0,0,,,0,0,0,0,0,False,,False,,False,,False,,False,,False,,no Dockerfile and no fallback entry point found
https://github.com/GaoQ1/rasa_nlu_gq,no_dockerfile,False,0,0,0,,,0,0,0,0,0,False,,False,,False,,False,,False,,False,,no Dockerfile and no fallback entry point found
https://github.com/hellovertex/hanabi,no_dockerfile,False,0,0,0,,,0,0,0,0,0,False,,False,,False,,False,,False,,False,,no Dockerfile and no fallback entry point found
https://github.com/iimuz/til,no_entry,False,0,8,0,,,0,0,0,0,0,False,,False,,False,,False,,False,,False,,Dockerfile(s) found but no Python entry point could be resolved
https://github.com/rpp0/emma,no_dockerfile,False,0,0,0,,,0,0,0,0,0,False,,False,,False,,False,,False,,False,,no Dockerfile and no fallback entry point found
https://github.com/enthought/blusky,no_dockerfile,False,0,0,0,,,0,0,0,0,0,False,,False,,False,,False,,False,,False,,no Dockerfile and no fallback entry point found
https://github.com/Yoctol/talos,no_dockerfile,False,0,0,0,,,0,0,0,0,0,False,,False,,False,,False,,False,,False,,no Dockerfile and no fallback entry point found
https://github.com/sv650s/amazon-review-classification,no_entry,False,0,1,0,,,0,0,0,0,0,False,,False,,False,,False,,False,,False,,Dockerfile(s) found but no Python entry point could be resolved
https://github.com/mcvincekova/MalwareClassifier,no_dockerfile,False,0,0,0,,,0,0,0,0,0,False,,False,,False,,False,,False,,False,,no Dockerfile and no fallback entry point found
https://github.com/john-reilly/Self_Driving_Car_Nanodegree_Final_Project,no_entry,False,0,1,0,,,0,0,0,0,0,False,,False,,False,,False,,False,,False,,Dockerfile(s) found but no Python entry point could be resolved
https://github.com/YunYang1994/TensorFlow2.0-Examples,no_dockerfile,False,0,0,0,,,0,0,0,0,0,False,,False,,False,,False,,False,,False,,no Dockerfile and no fallback entry point found
https://github.com/TheAlgorithms/Python,no_entry,False,0,1,0,,,0,0,0,0,0,False,,False,,False,,False,,False,,False,,Dockerfile(s) found but no Python entry point could be resolved
https://github.com/byarbrough/movrasten,no_entry,False,0,1,0,,,0,0,0,0,0,False,,False,,False,,False,,False,,False,,Dockerfile(s) found but no Python entry point could be resolved
https://github.com/sherman2zhiwei/FIT3162---Zhiwei-and-Friends,no_dockerfile,False,0,0,0,,,0,0,0,0,0,False,,False,,False,,False,,False,,False,,no Dockerfile and no fallback entry point found
https://github.com/samzx/bert,no_dockerfile,False,0,0,0,,,0,0,0,0,0,False,,False,,False,,False,,False,,False,,no Dockerfile and no fallback entry point found
https://github.com/Heronalps/GPU_Serverless,no_entry,False,0,4,0,,,0,0,0,0,0,False,,False,,False,,False,,False,,False,,Dockerfile(s) found but no Python entry point could be resolved
https://github.com/kandakji/Natural-Language-Processing-Coursera-Projects,no_entry,False,0,1,0,,,0,0,0,0,0,False,,False,,False,,False,,False,,False,,Dockerfile(s) found but no Python entry point could be resolved
https://github.com/laltman2/CNNLorenzMie,no_dockerfile,False,0,0,0,,,0,0,0,0,0,False,,False,,False,,False,,False,,False,,no Dockerfile and no fallback entry point found
https://github.com/gugarosa/nalp,no_dockerfile,False,0,0,0,,,0,0,0,0,0,False,,False,,False,,False,,False,,False,,no Dockerfile and no fallback entry point found
https://github.com/babbush/Cirq,no_entry,False,0,2,0,,,0,0,0,0,0,False,,False,,False,,False,,False,,False,,Dockerfile(s) found but no Python entry point could be resolved
https://github.com/ASLive/webserver,no_dockerfile,False,0,0,0,,,0,0,0,0,0,False,,False,,False,,False,,False,,False,,no Dockerfile and no fallback entry point found
https://github.com/xuzhezhaozhao/ai,no_dockerfile,False,0,0,0,,,0,0,0,0,0,False,,False,,False,,False,,False,,False,,no Dockerfile and no fallback entry point found
https://github.com/FYamazaki/CarND-Capstone,no_entry,False,0,1,0,,,0,0,0,0,0,False,,False,,False,,False,,False,,False,,Dockerfile(s) found but no Python entry point could be resolved
https://github.com/AaronLPS/CarND-Capstone,no_entry,False,0,1,0,,,0,0,0,0,0,False,,False,,False,,False,,False,,False,,Dockerfile(s) found but no Python entry point could be resolved
https://github.com/mt-st1/django_quickdraw,no_dockerfile,False,0,0,0,,,0,0,0,0,0,False,,False,,False,,False,,False,,False,,no Dockerfile and no fallback entry point found
https://github.com/seopbo/CS20,no_dockerfile,False,0,0,0,,,0,0,0,0,0,False,,False,,False,,False,,False,,False,,no Dockerfile and no fallback entry point found
https://github.com/fyumoto/KerasSpark,no_entry,False,0,1,0,,,0,0,0,0,0,False,,False,,False,,False,,False,,False,,Dockerfile(s) found but no Python entry point could be resolved
https://github.com/tensorflow/ranking,no_dockerfile,False,0,0,0,,,0,0,0,0,0,False,,False,,False,,False,,False,,False,,no Dockerfile and no fallback entry point found
https://github.com/esslushy/AbstractArtGenerator,no_dockerfile,False,0,0,0,,,0,0,0,0,0,False,,False,,False,,False,,False,,False,,no Dockerfile and no fallback entry point found
https://github.com/kanokkorn/python-sktch,no_dockerfile,False,0,0,0,,,0,0,0,0,0,False,,False,,False,,False,,False,,False,,no Dockerfile and no fallback entry point found
https://github.com/marcoscrcamargo/MachineLearning,no_dockerfile,False,0,0,0,,,0,0,0,0,0,False,,False,,False,,False,,False,,False,,no Dockerfile and no fallback entry point found
https://github.com/bhatiaabhinav/RL,no_dockerfile,False,0,0,0,,,0,0,0,0,0,False,,False,,False,,False,,False,,False,,no Dockerfile and no fallback entry point found
https://github.com/fredericojordan/minesweeper,no_dockerfile,False,0,0,0,,,0,0,0,0,0,False,,False,,False,,False,,False,,False,,no Dockerfile and no fallback entry point found
https://github.com/SIakovlev/CarND_CapstoneProject,no_entry,False,0,1,0,,,0,0,0,0,0,False,,False,,False,,False,,False,,False,,Dockerfile(s) found but no Python entry point could be resolved
https://github.com/zhong110020/Mask_RCNN,no_dockerfile,False,0,0,0,,,0,0,0,0,0,False,,False,,False,,False,,False,,False,,no Dockerfile and no fallback entry point found
https://github.com/mcounter/RealSDC,no_entry,False,0,1,0,,,0,0,0,0,0,False,,False,,False,,False,,False,,False,,Dockerfile(s) found but no Python entry point could be resolved
https://github.com/zthurman/fizzpy,no_dockerfile,False,0,0,0,,,0,0,0,0,0,False,,False,,False,,False,,False,,False,,no Dockerfile and no fallback entry point found
https://github.com/Qucy/UdacityDeepLearning,no_dockerfile,False,0,0,0,,,0,0,0,0,0,False,,False,,False,,False,,False,,False,,no Dockerfile and no fallback entry point found
https://github.com/yinfeiy/PICO-data,no_dockerfile,False,0,0,0,,,0,0,0,0,0,False,,False,,False,,False,,False,,False,,no Dockerfile and no fallback entry point found
https://github.com/simoncozens/atokern,no_dockerfile,False,0,0,0,,,0,0,0,0,0,False,,False,,False,,False,,False,,False,,no Dockerfile and no fallback entry point found
https://github.com/hakimka/bike,no_dockerfile,False,0,0,0,,,0,0,0,0,0,False,,False,,False,,False,,False,,False,,no Dockerfile and no fallback entry point found
https://github.com/salekd/rpizero_smart_camera3,no_entry,False,0,6,0,,,0,0,0,0,0,False,,False,,False,,False,,False,,False,,Dockerfile(s) found but no Python entry point could be resolved
https://github.com/ShouShijin/wechat_jump_game,no_dockerfile,False,0,0,0,,,0,0,0,0,0,False,,False,,False,,False,,False,,False,,no Dockerfile and no fallback entry point found
https://github.com/djsaunde/rinns_python,no_dockerfile,False,0,0,0,,,0,0,0,0,0,False,,False,,False,,False,,False,,False,,no Dockerfile and no fallback entry point found
https://github.com/ssykira/unet,no_dockerfile,False,0,0,0,,,0,0,0,0,0,False,,False,,False,,False,,False,,False,,no Dockerfile and no fallback entry point found
https://github.com/mahendher/deep-learning,no_dockerfile,False,0,0,0,,,0,0,0,0,0,False,,False,,False,,False,,False,,False,,no Dockerfile and no fallback entry point found
https://github.com/Dukecat0613/NewsRecommendation,no_dockerfile,False,0,0,0,,,0,0,0,0,0,False,,False,,False,,False,,False,,False,,no Dockerfile and no fallback entry point found
https://github.com/Rolight/Assignments,no_entry,False,0,1,0,,,0,0,0,0,0,False,,False,,False,,False,,False,,False,,Dockerfile(s) found but no Python entry point could be resolved
https://github.com/Scitator/rl-course-experiments,no_dockerfile,False,0,0,0,,,0,0,0,0,0,False,,False,,False,,False,,False,,False,,no Dockerfile and no fallback entry point found
https://github.com/cleverhans-lab/cleverhans,no_entry,False,0,3,0,,,0,0,0,0,0,False,,False,,False,,False,,False,,False,,Dockerfile(s) found but no Python entry point could be resolved
https://github.com/polltooh/TensorflowToolbox,no_dockerfile,False,0,0,0,,,0,0,0,0,0,False,,False,,False,,False,,False,,False,,no Dockerfile and no fallback entry point found
https://github.com/andb0t/ML_sandbox,no_dockerfile,False,0,0,0,,,0,0,0,0,0,False,,False,,False,,False,,False,,False,,no Dockerfile and no fallback entry point found
https://github.com/tobiajo/yarntf,no_dockerfile,False,0,0,0,,,0,0,0,0,0,False,,False,,False,,False,,False,,False,,no Dockerfile and no fallback entry point found
https://github.com/triagemd/model-converters,no_dockerfile,False,0,0,0,,,0,0,0,0,0,False,,False,,False,,False,,False,,False,,no Dockerfile and no fallback entry point found
https://github.com/mwojnars/nifty,no_dockerfile,False,0,0,0,,,0,0,0,0,0,False,,False,,False,,False,,False,,False,,no Dockerfile and no fallback entry point found
https://github.com/bioFAM/slalom,no_dockerfile,False,0,0,0,,,0,0,0,0,0,False,,False,,False,,False,,False,,False,,no Dockerfile and no fallback entry point found
https://github.com/ClimbsRocks/auto_ml,no_entry,False,0,1,0,,,0,0,0,0,0,False,,False,,False,,False,,False,,False,,Dockerfile(s) found but no Python entry point could be resolved
https://github.com/tonyfast/metallic-spectacles,no_dockerfile,False,0,0,0,,,0,0,0,0,0,False,,False,,False,,False,,False,,False,,no Dockerfile and no fallback entry point found
https://github.com/scikit-learn-contrib/DESlib,no_dockerfile,False,0,0,0,,,0,0,0,0,0,False,,False,,False,,False,,False,,False,,no Dockerfile and no fallback entry point found
https://github.com/b5510546671/gensim,no_dockerfile,False,0,0,0,,,0,0,0,0,0,False,,False,,False,,False,,False,,False,,no Dockerfile and no fallback entry point found
https://github.com/AkihikoITOH/simab,no_dockerfile,False,0,0,0,,,0,0,0,0,0,False,,False,,False,,False,,False,,False,,no Dockerfile and no fallback entry point found
https://github.com/budach/pysster,no_dockerfile,False,0,0,0,,,0,0,0,0,0,False,,False,,False,,False,,False,,False,,no Dockerfile and no fallback entry point found
https://github.com/arthur-e/unmixing,no_dockerfile,False,0,0,0,,,0,0,0,0,0,False,,False,,False,,False,,False,,False,,no Dockerfile and no fallback entry point found
https://github.com/stavskal/ADASYN,no_dockerfile,False,0,0,0,,,0,0,0,0,0,False,,False,,False,,False,,False,,False,,no Dockerfile and no fallback entry point found
https://github.com/Autonomobile/AutoPylot,no_dockerfile,False,0,0,0,,,0,0,0,0,0,False,,False,,False,,False,,False,,False,,no Dockerfile and no fallback entry point found
https://github.com/AndyNam99/project,no_dockerfile,False,0,0,0,,,0,0,0,0,0,False,,False,,False,,False,,False,,False,,no Dockerfile and no fallback entry point found
https://github.com/nerearoher/Phrygian,no_dockerfile,False,0,0,0,,,0,0,0,0,0,False,,False,,False,,False,,False,,False,,no Dockerfile and no fallback entry point found
https://github.com/sergiomora03/py-hyperpy,no_dockerfile,False,0,0,0,,,0,0,0,0,0,False,,False,,False,,False,,False,,False,,no Dockerfile and no fallback entry point found
https://github.com/lu1120/dash,no_entry,False,0,1,0,,,0,0,0,0,0,False,,False,,False,,False,,False,,False,,Dockerfile(s) found but no Python entry point could be resolved
https://github.com/anakazh/fincnn,no_dockerfile,False,0,0,0,,,0,0,0,0,0,False,,False,,False,,False,,False,,False,,no Dockerfile and no fallback entry point found
https://github.com/rkumar-slim/flykrinterface,no_dockerfile,False,0,0,0,,,0,0,0,0,0,False,,False,,False,,False,,False,,False,,no Dockerfile and no fallback entry point found
https://github.com/Tpap/TNet,no_dockerfile,False,0,0,0,,,0,0,0,0,0,False,,False,,False,,False,,False,,False,,no Dockerfile and no fallback entry point found
https://github.com/ewhogirl/DoDrone,no_entry,False,0,1,0,,,0,0,0,0,0,False,,False,,False,,False,,False,,False,,Dockerfile(s) found but no Python entry point could be resolved
https://github.com/Encheres/Encheres_Backend,no_dockerfile,False,0,0,0,,,0,0,0,0,0,False,,False,,False,,False,,False,,False,,no Dockerfile and no fallback entry point found
https://github.com/MrCBaru/bar,no_dockerfile,False,0,0,0,,,0,0,0,0,0,False,,False,,False,,False,,False,,False,,no Dockerfile and no fallback entry point found
https://github.com/boromir674/neural-style-transfer,no_entry,False,0,3,0,,,0,0,0,0,0,False,,False,,False,,False,,False,,False,,Dockerfile(s) found but no Python entry point could be resolved
https://github.com/calroughan/ImageAI,no_dockerfile,False,0,0,0,,,0,0,0,0,0,False,,False,,False,,False,,False,,False,,no Dockerfile and no fallback entry point found
https://github.com/Nghiep-NguyenChinh/App_deploy_yolov4,no_dockerfile,False,0,0,0,,,0,0,0,0,0,False,,False,,False,,False,,False,,False,,no Dockerfile and no fallback entry point found
https://github.com/melissakou/knowledge-graph-embedding,no_dockerfile,False,0,0,0,,,0,0,0,0,0,False,,False,,False,,False,,False,,False,,no Dockerfile and no fallback entry point found
https://github.com/mouse-learning/Plateducate,no_entry,False,0,7,0,,,0,0,0,0,0,False,,False,,False,,False,,False,,False,,Dockerfile(s) found but no Python entry point could be resolved
https://github.com/huyu1201/handson,no_entry,False,0,1,0,,,0,0,0,0,0,False,,False,,False,,False,,False,,False,,Dockerfile(s) found but no Python entry point could be resolved
https://github.com/DigitalSlideArchive/HistomicsStream,no_dockerfile,False,0,0,0,,,0,0,0,0,0,False,,False,,False,,False,,False,,False,,no Dockerfile and no fallback entry point found
https://github.com/serpentuin/tensorflow-object-detection,no_dockerfile,False,0,0,0,,,0,0,0,0,0,False,,False,,False,,False,,False,,False,,no Dockerfile and no fallback entry point found
https://github.com/skezle/IBP_BNN,no_dockerfile,False,0,0,0,,,0,0,0,0,0,False,,False,,False,,False,,False,,False,,no Dockerfile and no fallback entry point found
https://github.com/shubhanshi16/Covid-19-Detection,no_dockerfile,False,0,0,0,,,0,0,0,0,0,False,,False,,False,,False,,False,,False,,no Dockerfile and no fallback entry point found
https://github.com/vijay2712/MLDLmodels,no_entry,False,0,4,0,,,0,0,0,0,0,False,,False,,False,,False,,False,,False,,Dockerfile(s) found but no Python entry point could be resolved
https://github.com/Joe-Joe-Joe-Joe/virus-valet,no_dockerfile,False,0,0,0,,,0,0,0,0,0,False,,False,,False,,False,,False,,False,,no Dockerfile and no fallback entry point found
https://github.com/orionnelson/tensor-jukebox,no_dockerfile,False,0,0,0,,,0,0,0,0,0,False,,False,,False,,False,,False,,False,,no Dockerfile and no fallback entry point found
https://github.com/diffgram/python-sdk,no_dockerfile,False,0,0,0,,,0,0,0,0,0,False,,False,,False,,False,,False,,False,,no Dockerfile and no fallback entry point found
https://github.com/dohyunKim12/FaaS-Soong,no_entry,False,0,5,0,,,0,0,0,0,0,False,,False,,False,,False,,False,,False,,Dockerfile(s) found but no Python entry point could be resolved
https://github.com/DuckPatoSkrr/ETV-models-and-bots,no_dockerfile,False,0,0,0,,,0,0,0,0,0,False,,False,,False,,False,,False,,False,,no Dockerfile and no fallback entry point found
https://github.com/hongweilibran/claustrum_multi_view,no_dockerfile,False,0,0,0,,,0,0,0,0,0,False,,False,,False,,False,,False,,False,,no Dockerfile and no fallback entry point found
https://github.com/njmarko/2FAce-verification,no_dockerfile,False,0,0,0,,,0,0,0,0,0,False,,False,,False,,False,,False,,False,,no Dockerfile and no fallback entry point found
https://github.com/rgerum/dimension_regularisation,no_dockerfile,False,0,0,0,,,0,0,0,0,0,False,,False,,False,,False,,False,,False,,no Dockerfile and no fallback entry point found
https://github.com/geograz/Tunnel-automation-with-Reinforcement-Learning-TunnRL-,no_dockerfile,False,0,0,0,,,0,0,0,0,0,False,,False,,False,,False,,False,,False,,no Dockerfile and no fallback entry point found
https://github.com/KefanPing/Outfit_Recommendation_Project,no_dockerfile,False,0,0,0,,,0,0,0,0,0,False,,False,,False,,False,,False,,False,,no Dockerfile and no fallback entry point found
https://github.com/jb-codemaker/ECE_Team9_Capstone,no_dockerfile,False,0,0,0,,,0,0,0,0,0,False,,False,,False,,False,,False,,False,,no Dockerfile and no fallback entry point found
https://github.com/KangJuSeong/shipCheck_server,no_dockerfile,False,0,0,0,,,0,0,0,0,0,False,,False,,False,,False,,False,,False,,no Dockerfile and no fallback entry point found
https://github.com/VSOURCE-Platform/VSOURCE_FACE_PLATFORM,no_entry,False,0,11,0,,,0,0,0,0,0,False,,False,,False,,False,,False,,False,,Dockerfile(s) found but no Python entry point could be resolved
https://github.com/emiltj/cds-language-exam,no_dockerfile,False,0,0,0,,,0,0,0,0,0,False,,False,,False,,False,,False,,False,,no Dockerfile and no fallback entry point found
https://github.com/lihongwei970/DeepLearing-Project,no_dockerfile,False,0,0,0,,,0,0,0,0,0,False,,False,,False,,False,,False,,False,,no Dockerfile and no fallback entry point found
https://github.com/IlKaiser/IoT_Group-Project,no_dockerfile,False,0,0,0,,,0,0,0,0,0,False,,False,,False,,False,,False,,False,,no Dockerfile and no fallback entry point found
https://github.com/lizhonggang1984/cs766,no_dockerfile,False,0,0,0,,,0,0,0,0,0,False,,False,,False,,False,,False,,False,,no Dockerfile and no fallback entry point found
https://github.com/mitchLui/mask_detector,no_dockerfile,False,0,0,0,,,0,0,0,0,0,False,,False,,False,,False,,False,,False,,no Dockerfile and no fallback entry point found
https://github.com/whopriyam/CyberPolice-Classification-of-Cyber-Sexual-Harassment,no_entry,False,0,1,0,,,0,0,0,0,0,False,,False,,False,,False,,False,,False,,Dockerfile(s) found but no Python entry point could be resolved
https://github.com/JimMaastricht5/birdclassifier,no_dockerfile,False,0,0,0,,,0,0,0,0,0,False,,False,,False,,False,,False,,False,,no Dockerfile and no fallback entry point found
https://github.com/dunnkers/generative-adversarial-networks,no_dockerfile,False,0,0,0,,,0,0,0,0,0,False,,False,,False,,False,,False,,False,,no Dockerfile and no fallback entry point found
https://github.com/Jerry-li-uw/privacy,no_dockerfile,False,0,0,0,,,0,0,0,0,0,False,,False,,False,,False,,False,,False,,no Dockerfile and no fallback entry point found
https://github.com/DeeptiSaravanan/Ranking_NetArchitecture,no_dockerfile,False,0,0,0,,,0,0,0,0,0,False,,False,,False,,False,,False,,False,,no Dockerfile and no fallback entry point found
https://github.com/scikit-hep/pyhf,no_entry,False,0,2,0,,,0,0,0,0,0,False,,False,,False,,False,,False,,False,,Dockerfile(s) found but no Python entry point could be resolved
https://github.com/khairulhabib/sawit_detector_demo,no_entry,False,0,1,0,,,0,0,0,0,0,False,,False,,False,,False,,False,,False,,Dockerfile(s) found but no Python entry point could be resolved
https://github.com/wesselb/mlkernels,no_dockerfile,False,0,0,0,,,0,0,0,0,0,False,,False,,False,,False,,False,,False,,no Dockerfile and no fallback entry point found
https://github.com/VANRao-Stack/elixir,no_dockerfile,False,0,0,0,,,0,0,0,0,0,False,,False,,False,,False,,False,,False,,no Dockerfile and no fallback entry point found
https://github.com/manozd/lifting-simulation-rl,no_dockerfile,False,0,0,0,,,0,0,0,0,0,False,,False,,False,,False,,False,,False,,no Dockerfile and no fallback entry point found
https://github.com/vistec-AI/thai2transformers,no_entry,False,0,1,0,,,0,0,0,0,0,False,,False,,False,,False,,False,,False,,Dockerfile(s) found but no Python entry point could be resolved
https://github.com/XAI-Demonstrator/xai-demonstrator,no_entry,False,0,10,0,,,0,0,0,0,0,False,,False,,False,,False,,False,,False,,Dockerfile(s) found but no Python entry point could be resolved
https://github.com/volotat/DiffMorph,no_dockerfile,False,0,0,0,,,0,0,0,0,0,False,,False,,False,,False,,False,,False,,no Dockerfile and no fallback entry point found
https://github.com/tanreinama/gpt2-japanese,no_dockerfile,False,0,0,0,,,0,0,0,0,0,False,,False,,False,,False,,False,,False,,no Dockerfile and no fallback entry point found
https://github.com/charlschoi/opencv,no_dockerfile,False,0,0,0,,,0,0,0,0,0,False,,False,,False,,False,,False,,False,,no Dockerfile and no fallback entry point found
https://github.com/kgnandu/TFOpTests,no_dockerfile,False,0,0,0,,,0,0,0,0,0,False,,False,,False,,False,,False,,False,,no Dockerfile and no fallback entry point found
https://github.com/Adinarayanreloaded/HandCricket2,no_dockerfile,False,0,0,0,,,0,0,0,0,0,False,,False,,False,,False,,False,,False,,no Dockerfile and no fallback entry point found
https://github.com/MahdiHatami/FlirCameraRecorder,no_dockerfile,False,0,0,0,,,0,0,0,0,0,False,,False,,False,,False,,False,,False,,no Dockerfile and no fallback entry point found
https://github.com/ucbrise/jarvis,no_dockerfile,False,0,0,0,,,0,0,0,0,0,False,,False,,False,,False,,False,,False,,no Dockerfile and no fallback entry point found
https://github.com/ThaiSonNguyenTl/imageAI,no_dockerfile,False,0,0,0,,,0,0,0,0,0,False,,False,,False,,False,,False,,False,,no Dockerfile and no fallback entry point found
https://github.com/intelligent-soft-robots/learning_table_tennis_from_scratch,no_dockerfile,False,0,0,0,,,0,0,0,0,0,False,,False,,False,,False,,False,,False,,no Dockerfile and no fallback entry point found
https://github.com/felixdittrich92/doc_app,no_dockerfile,False,0,0,0,,,0,0,0,0,0,False,,False,,False,,False,,False,,False,,no Dockerfile and no fallback entry point found
https://github.com/tulasiram58827/craft_tflite,no_dockerfile,False,0,0,0,,,0,0,0,0,0,False,,False,,False,,False,,False,,False,,no Dockerfile and no fallback entry point found
https://github.com/Belhoussine/Moodzik,no_dockerfile,False,0,0,0,,,0,0,0,0,0,False,,False,,False,,False,,False,,False,,no Dockerfile and no fallback entry point found
https://github.com/frankaging/Quasi-Attention-ABSA,no_dockerfile,False,0,0,0,,,0,0,0,0,0,False,,False,,False,,False,,False,,False,,no Dockerfile and no fallback entry point found
https://github.com/yujianyuanhaha/DQN-DSA,no_dockerfile,False,0,0,0,,,0,0,0,0,0,False,,False,,False,,False,,False,,False,,no Dockerfile and no fallback entry point found
https://github.com/google/objax,no_dockerfile,False,0,0,0,,,0,0,0,0,0,False,,False,,False,,False,,False,,False,,no Dockerfile and no fallback entry point found
https://github.com/SidNimbalkar/Real-time-twitter-sentiment-analysis,no_entry,False,0,1,0,,,0,0,0,0,0,False,,False,,False,,False,,False,,False,,Dockerfile(s) found but no Python entry point could be resolved
https://github.com/choiv/Acronyms-and-Abbreviation-Expansion,no_dockerfile,False,0,0,0,,,0,0,0,0,0,False,,False,,False,,False,,False,,False,,no Dockerfile and no fallback entry point found
https://github.com/Yeiniesong/handson-ml2,no_entry,False,0,1,0,,,0,0,0,0,0,False,,False,,False,,False,,False,,False,,Dockerfile(s) found but no Python entry point could be resolved
https://github.com/chengxuxin/CS285-DRL,no_dockerfile,False,0,0,0,,,0,0,0,0,0,False,,False,,False,,False,,False,,False,,no Dockerfile and no fallback entry point found
https://github.com/nickdurbin/algos-python,no_dockerfile,False,0,0,0,,,0,0,0,0,0,False,,False,,False,,False,,False,,False,,no Dockerfile and no fallback entry point found
https://github.com/easyRL/easyRL-v0,no_dockerfile,False,0,0,0,,,0,0,0,0,0,False,,False,,False,,False,,False,,False,,no Dockerfile and no fallback entry point found
https://github.com/ssjcoding/bert_finetune,no_dockerfile,False,0,0,0,,,0,0,0,0,0,False,,False,,False,,False,,False,,False,,no Dockerfile and no fallback entry point found
https://github.com/daanzap/ai_robot,no_dockerfile,False,0,0,0,,,0,0,0,0,0,False,,False,,False,,False,,False,,False,,no Dockerfile and no fallback entry point found
https://github.com/vincentcheny/hpo-training,no_dockerfile,False,0,0,0,,,0,0,0,0,0,False,,False,,False,,False,,False,,False,,no Dockerfile and no fallback entry point found
https://github.com/canjiali/PARADE,no_dockerfile,False,0,0,0,,,0,0,0,0,0,False,,False,,False,,False,,False,,False,,no Dockerfile and no fallback entry point found
https://github.com/LukeWood/sota-dqn,no_dockerfile,False,0,0,0,,,0,0,0,0,0,False,,False,,False,,False,,False,,False,,no Dockerfile and no fallback entry point found
https://github.com/hauser-group/mleam,no_dockerfile,False,0,0,0,,,0,0,0,0,0,False,,False,,False,,False,,False,,False,,no Dockerfile and no fallback entry point found
https://github.com/fiquinho/reinforcement_learning_study,no_dockerfile,False,0,0,0,,,0,0,0,0,0,False,,False,,False,,False,,False,,False,,no Dockerfile and no fallback entry point found
https://github.com/danforthcenter/plantcv-tutorial_leaf_instance_segmentation,no_dockerfile,False,0,0,0,,,0,0,0,0,0,False,,False,,False,,False,,False,,False,,no Dockerfile and no fallback entry point found
https://github.com/sakurusurya2000/OCR,no_entry,False,0,1,0,,,0,0,0,0,0,False,,False,,False,,False,,False,,False,,Dockerfile(s) found but no Python entry point could be resolved
https://github.com/PoCInnovation/SmartShark,no_entry,False,0,1,0,,,0,0,0,0,0,False,,False,,False,,False,,False,,False,,Dockerfile(s) found but no Python entry point could be resolved
https://github.com/MathPhysSim/PER-NAF,no_dockerfile,False,0,0,0,,,0,0,0,0,0,False,,False,,False,,False,,False,,False,,no Dockerfile and no fallback entry point found
https://github.com/SantiagoRP7/faas-recognition,no_entry,False,0,1,0,,,0,0,0,0,0,False,,False,,False,,False,,False,,False,,Dockerfile(s) found but no Python entry point could be resolved
https://github.com/valli28/master,no_dockerfile,False,0,0,0,,,0,0,0,0,0,False,,False,,False,,False,,False,,False,,no Dockerfile and no fallback entry point found
https://github.com/BloomTech-Labs/Yelp-ds,no_dockerfile,False,0,0,0,,,0,0,0,0,0,False,,False,,False,,False,,False,,False,,no Dockerfile and no fallback entry point found
https://github.com/kocabiyik/tensorflow-notes,no_dockerfile,False,0,0,0,,,0,0,0,0,0,False,,False,,False,,False,,False,,False,,no Dockerfile and no fallback entry point found
https://github.com/thisishoon/AIDiary,no_dockerfile,False,0,0,0,,,0,0,0,0,0,False,,False,,False,,False,,False,,False,,no Dockerfile and no fallback entry point found
https://github.com/leehanchung/cs182,no_dockerfile,False,0,0,0,,,0,0,0,0,0,False,,False,,False,,False,,False,,False,,no Dockerfile and no fallback entry point found
https://github.com/woonicholas/SmartDoor,no_dockerfile,False,0,0,0,,,0,0,0,0,0,False,,False,,False,,False,,False,,False,,no Dockerfile and no fallback entry point found
https://github.com/bark-simulator/bark-ml,no_entry,False,0,1,0,,,0,0,0,0,0,False,,False,,False,,False,,False,,False,,Dockerfile(s) found but no Python entry point could be resolved
https://github.com/hjeun/idu,no_dockerfile,False,0,0,0,,,0,0,0,0,0,False,,False,,False,,False,,False,,False,,no Dockerfile and no fallback entry point found
https://github.com/Woadej/object_detection_demo,no_dockerfile,False,0,0,0,,,0,0,0,0,0,False,,False,,False,,False,,False,,False,,no Dockerfile and no fallback entry point found
https://github.com/sijomonbenny/AmiMain,no_dockerfile,False,0,0,0,,,0,0,0,0,0,False,,False,,False,,False,,False,,False,,no Dockerfile and no fallback entry point found
https://github.com/danielwatson6/capstone,no_dockerfile,False,0,0,0,,,0,0,0,0,0,False,,False,,False,,False,,False,,False,,no Dockerfile and no fallback entry point found
https://github.com/avgupta456/cpsc290,no_dockerfile,False,0,0,0,,,0,0,0,0,0,False,,False,,False,,False,,False,,False,,no Dockerfile and no fallback entry point found
https://github.com/Awesommesh/CS4440,no_entry,False,0,1,0,,,0,0,0,0,0,False,,False,,False,,False,,False,,False,,Dockerfile(s) found but no Python entry point could be resolved
https://github.com/tsol3y/Senior_Sem,no_dockerfile,False,0,0,0,,,0,0,0,0,0,False,,False,,False,,False,,False,,False,,no Dockerfile and no fallback entry point found
https://github.com/tensorflow/models,no_entry,False,0,5,0,,,0,0,0,0,0,False,,False,,False,,False,,False,,False,,Dockerfile(s) found but no Python entry point could be resolved
https://github.com/abbjoaeri/AI-examination,no_dockerfile,False,0,0,0,,,0,0,0,0,0,False,,False,,False,,False,,False,,False,,no Dockerfile and no fallback entry point found
https://github.com/DifferentiableUniverseInitiative/DHOD,no_dockerfile,False,0,0,0,,,0,0,0,0,0,False,,False,,False,,False,,False,,False,,no Dockerfile and no fallback entry point found
https://github.com/VihangaDehigaspitiya/NLP-Models-Tensorflow,no_dockerfile,False,0,0,0,,,0,0,0,0,0,False,,False,,False,,False,,False,,False,,no Dockerfile and no fallback entry point found
https://github.com/nutorbit/crazycar,no_dockerfile,False,0,0,0,,,0,0,0,0,0,False,,False,,False,,False,,False,,False,,no Dockerfile and no fallback entry point found
https://github.com/ggiuffre/tf-lyrics,no_dockerfile,False,0,0,0,,,0,0,0,0,0,False,,False,,False,,False,,False,,False,,no Dockerfile and no fallback entry point found
https://github.com/vivekmids/crow,no_entry,False,0,4,0,,,0,0,0,0,0,False,,False,,False,,False,,False,,False,,Dockerfile(s) found but no Python entry point could be resolved
https://github.com/pisalore/FRCNN_teX-annotator,no_dockerfile,False,0,0,0,,,0,0,0,0,0,False,,False,,False,,False,,False,,False,,no Dockerfile and no fallback entry point found
https://github.com/technologiestiftung/maps-latent-space,no_entry,False,0,2,0,,,0,0,0,0,0,False,,False,,False,,False,,False,,False,,Dockerfile(s) found but no Python entry point could be resolved
https://github.com/guimou/dataprep-code,no_entry,False,0,2,0,,,0,0,0,0,0,False,,False,,False,,False,,False,,False,,Dockerfile(s) found but no Python entry point could be resolved
https://github.com/NikhilCodes/VirtualBLU,no_dockerfile,False,0,0,0,,,0,0,0,0,0,False,,False,,False,,False,,False,,False,,no Dockerfile and no fallback entry point found
https://github.com/kesseyou/Tutorial,no_dockerfile,False,0,0,0,,,0,0,0,0,0,False,,False,,False,,False,,False,,False,,no Dockerfile and no fallback entry point found
https://github.com/nishtha-dutta/amazon,no_entry,False,0,26,1,,dockerfile,0,0,0,0,0,False,,False,,False,,False,,False,,False,,no resolved entry point yielded a usable call graph
https://github.com/mdai/model-deploy,no_entry,False,0,3,0,,,0,0,0,0,0,False,,False,,False,,False,,False,,False,,Dockerfile(s) found but no Python entry point could be resolved
https://github.com/miykael/amld20_classification,no_dockerfile,False,0,0,0,,,0,0,0,0,0,False,,False,,False,,False,,False,,False,,no Dockerfile and no fallback entry point found
https://github.com/Freezzegirl/object_detection_copy,no_dockerfile,False,0,0,0,,,0,0,0,0,0,False,,False,,False,,False,,False,,False,,no Dockerfile and no fallback entry point found
https://github.com/kochsebastian/ChessVisionBot,no_dockerfile,False,0,0,0,,,0,0,0,0,0,False,,False,,False,,False,,False,,False,,no Dockerfile and no fallback entry point found
https://github.com/MRE-Lab-UMD/abd-skin-segmentation,no_dockerfile,False,0,0,0,,,0,0,0,0,0,False,,False,,False,,False,,False,,False,,no Dockerfile and no fallback entry point found
https://github.com/bacoco/asavine-handson-ml2,no_entry,False,0,1,0,,,0,0,0,0,0,False,,False,,False,,False,,False,,False,,Dockerfile(s) found but no Python entry point could be resolved
https://github.com/exctzo/dga_prediction_django,no_dockerfile,False,0,0,0,,,0,0,0,0,0,False,,False,,False,,False,,False,,False,,no Dockerfile and no fallback entry point found
https://github.com/ipavlopoulos/context_toxicity,no_dockerfile,False,0,0,0,,,0,0,0,0,0,False,,False,,False,,False,,False,,False,,no Dockerfile and no fallback entry point found
https://github.com/TylerWasniowski/tetris,no_entry,False,0,1,0,,,0,0,0,0,0,False,,False,,False,,False,,False,,False,,Dockerfile(s) found but no Python entry point could be resolved
https://github.com/leilin-research/GCGRNN,no_dockerfile,False,0,0,0,,,0,0,0,0,0,False,,False,,False,,False,,False,,False,,no Dockerfile and no fallback entry point found
https://github.com/calindner/The-Lamb-of-Wallstreet,no_entry,False,0,1,0,,,0,0,0,0,0,False,,False,,False,,False,,False,,False,,Dockerfile(s) found but no Python entry point could be resolved
https://github.com/svakulenk0/KBQA,no_dockerfile,False,0,0,0,,,0,0,0,0,0,False,,False,,False,,False,,False,,False,,no Dockerfile and no fallback entry point found
https://github.com/georg-wolflein/neural-surfing,no_dockerfile,False,0,0,0,,,0,0,0,0,0,False,,False,,False,,False,,False,,False,,no Dockerfile and no fallback entry point found
https://github.com/davidsbatista/GermEval-2019-Task_1,no_dockerfile,False,0,0,0,,,0,0,0,0,0,False,,False,,False,,False,,False,,False,,no Dockerfile and no fallback entry point found
https://github.com/tensorflow/mesh,no_dockerfile,False,0,0,0,,,0,0,0,0,0,False,,False,,False,,False,,False,,False,,no Dockerfile and no fallback entry point found
https://github.com/ericmassip/Smart_Charging_Of_Electric_Vehicles,no_dockerfile,False,0,0,0,,,0,0,0,0,0,False,,False,,False,,False,,False,,False,,no Dockerfile and no fallback entry point found
https://github.com/justindav1s/ai-on-openshift,no_entry,False,0,1,0,,,0,0,0,0,0,False,,False,,False,,False,,False,,False,,Dockerfile(s) found but no Python entry point could be resolved
https://github.com/deepmind/deepmind-research,no_dockerfile,False,0,0,0,,,0,0,0,0,0,False,,False,,False,,False,,False,,False,,no Dockerfile and no fallback entry point found
https://github.com/5GinFIRE/osm_autoscaler,no_entry,False,0,3,0,,,0,0,0,0,0,False,,False,,False,,False,,False,,False,,Dockerfile(s) found but no Python entry point could be resolved
https://github.com/abgoswam/CS230-Code-Examples,no_dockerfile,False,0,0,0,,,0,0,0,0,0,False,,False,,False,,False,,False,,False,,no Dockerfile and no fallback entry point found
https://github.com/distant-viewing/dvt,no_dockerfile,False,0,0,0,,,0,0,0,0,0,False,,False,,False,,False,,False,,False,,no Dockerfile and no fallback entry point found
https://github.com/damengsir/CarND-Capstone,no_entry,False,0,1,0,,,0,0,0,0,0,False,,False,,False,,False,,False,,False,,Dockerfile(s) found but no Python entry point could be resolved
https://github.com/mchandak29/Mask_RCNN,no_dockerfile,False,0,0,0,,,0,0,0,0,0,False,,False,,False,,False,,False,,False,,no Dockerfile and no fallback entry point found
https://github.com/GitYCC/Tensorflow_Tutorial,no_dockerfile,False,0,0,0,,,0,0,0,0,0,False,,False,,False,,False,,False,,False,,no Dockerfile and no fallback entry point found
https://github.com/xieydd/nni,no_entry,False,0,2,0,,,0,0,0,0,0,False,,False,,False,,False,,False,,False,,Dockerfile(s) found but no Python entry point could be resolved
https://github.com/RamShankarKumar/Object-detection-using-Convolutional-Neural-Network,no_dockerfile,False,0,0,0,,,0,0,0,0,0,False,,False,,False,,False,,False,,False,,no Dockerfile and no fallback entry point found
https://github.com/pronobis/libspn,no_entry,False,0,1,0,,,0,0,0,0,0,False,,False,,False,,False,,False,,False,,Dockerfile(s) found but no Python entry point could be resolved
https://github.com/saidbm24/Pytorch,no_dockerfile,False,0,0,0,,,0,0,0,0,0,False,,False,,False,,False,,False,,False,,no Dockerfile and no fallback entry point found
https://github.com/victorokech/cloudml-samples,no_entry,False,0,4,0,,,0,0,0,0,0,False,,False,,False,,False,,False,,False,,Dockerfile(s) found but no Python entry point could be resolved
https://github.com/sirdr/expected-policy-gradients,no_dockerfile,False,0,0,0,,,0,0,0,0,0,False,,False,,False,,False,,False,,False,,no Dockerfile and no fallback entry point found
https://github.com/Paeti/IPNeuronaleNetze,no_entry,False,0,2,0,,,0,0,0,0,0,False,,False,,False,,False,,False,,False,,Dockerfile(s) found but no Python entry point could be resolved
https://github.com/temalo/IotEdgeDemo,no_entry,False,0,8,0,,,0,0,0,0,0,False,,False,,False,,False,,False,,False,,Dockerfile(s) found but no Python entry point could be resolved
https://github.com/apacha/MusicScoreClassifier,no_dockerfile,False,0,0,0,,,0,0,0,0,0,False,,False,,False,,False,,False,,False,,no Dockerfile and no fallback entry point found
https://github.com/georgkuenze/hands-on-ml,no_entry,False,0,1,0,,,0,0,0,0,0,False,,False,,False,,False,,False,,False,,Dockerfile(s) found but no Python entry point could be resolved
https://github.com/pymc-devs/pymc4,no_entry,False,0,2,0,,,0,0,0,0,0,False,,False,,False,,False,,False,,False,,Dockerfile(s) found but no Python entry point could be resolved
https://github.com/HLinShan/vision_networks,no_dockerfile,False,0,0,0,,,0,0,0,0,0,False,,False,,False,,False,,False,,False,,no Dockerfile and no fallback entry point found
https://github.com/yow-dar/Face_Identify,no_dockerfile,False,0,0,0,,,0,0,0,0,0,False,,False,,False,,False,,False,,False,,no Dockerfile and no fallback entry point found
https://github.com/scottshepard/MScA,no_dockerfile,False,0,0,0,,,0,0,0,0,0,False,,False,,False,,False,,False,,False,,no Dockerfile and no fallback entry point found
https://github.com/vega42/GoogleCloudPlatform-training-data-analyst,no_entry,False,0,29,3,,dockerfile,0,0,0,0,0,False,,False,,False,,False,,False,,False,,no resolved entry point yielded a usable call graph
https://github.com/vijuSR/facial_emotion_recognition__EMOJIFIER,no_dockerfile,False,0,0,0,,,0,0,0,0,0,False,,False,,False,,False,,False,,False,,no Dockerfile and no fallback entry point found
https://github.com/waltersharpWEI/dlbenchData,no_dockerfile,False,0,0,0,,,0,0,0,0,0,False,,False,,False,,False,,False,,False,,no Dockerfile and no fallback entry point found
https://github.com/HowToMakeABomb101/Hot2MakeAB0mbSite,no_entry,False,0,1,0,,,0,0,0,0,0,False,,False,,False,,False,,False,,False,,Dockerfile(s) found but no Python entry point could be resolved
https://github.com/throwaway47281927/Mask_RCNN,no_dockerfile,False,0,0,0,,,0,0,0,0,0,False,,False,,False,,False,,False,,False,,no Dockerfile and no fallback entry point found
https://github.com/GoogleCloudPlatform/healthcare,no_entry,False,0,2,0,,,0,0,0,0,0,False,,False,,False,,False,,False,,False,,Dockerfile(s) found but no Python entry point could be resolved
https://github.com/thiagopbueno/tf-rddlsim,no_dockerfile,False,0,0,0,,,0,0,0,0,0,False,,False,,False,,False,,False,,False,,no Dockerfile and no fallback entry point found
https://github.com/JSDARLIN/DeepLearning_LC,no_entry,False,0,24,3,,dockerfile,0,0,0,0,0,False,,False,,False,,False,,False,,False,,no resolved entry point yielded a usable call graph
https://github.com/zingbretsenb/w266_final,no_dockerfile,False,0,0,0,,,0,0,0,0,0,False,,False,,False,,False,,False,,False,,no Dockerfile and no fallback entry point found
https://github.com/arnaud-co-uk/googletraining,no_entry,False,0,24,3,,dockerfile,0,0,0,0,0,False,,False,,False,,False,,False,,False,,no resolved entry point yielded a usable call graph
https://github.com/haru-256/tensorflow_cookbook,no_dockerfile,False,0,0,0,,,0,0,0,0,0,False,,False,,False,,False,,False,,False,,no Dockerfile and no fallback entry point found
https://github.com/AFAgarap/gru-svm,no_dockerfile,False,0,0,0,,,0,0,0,0,0,False,,False,,False,,False,,False,,False,,no Dockerfile and no fallback entry point found
https://github.com/calclavia/rl,no_dockerfile,False,0,0,0,,,0,0,0,0,0,False,,False,,False,,False,,False,,False,,no Dockerfile and no fallback entry point found
https://github.com/borismueller/snake.AI,no_dockerfile,False,0,0,0,,,0,0,0,0,0,False,,False,,False,,False,,False,,False,,no Dockerfile and no fallback entry point found
https://github.com/alphagamatoe/AlphaToe,no_dockerfile,False,0,0,0,,,0,0,0,0,0,False,,False,,False,,False,,False,,False,,no Dockerfile and no fallback entry point found
https://github.com/sebasibarguen/udacity-deep-learning,no_dockerfile,False,0,0,0,,,0,0,0,0,0,False,,False,,False,,False,,False,,False,,no Dockerfile and no fallback entry point found
https://github.com/saixtoo/TareasUdacity,no_dockerfile,False,0,0,0,,,0,0,0,0,0,False,,False,,False,,False,,False,,False,,no Dockerfile and no fallback entry point found
https://github.com/zx2163/tensorflow,no_dockerfile,False,0,0,0,,,0,0,0,0,0,False,,False,,False,,False,,False,,False,,no Dockerfile and no fallback entry point found
https://github.com/HPI-DeepLearning/DIRNet,no_dockerfile,False,0,0,0,,,0,0,0,0,0,False,,False,,False,,False,,False,,False,,no Dockerfile and no fallback entry point found
https://github.com/DMALab/autotf,no_dockerfile,False,0,0,0,,,0,0,0,0,0,False,,False,,False,,False,,False,,False,,no Dockerfile and no fallback entry point found
https://github.com/korewayume/dapeng,no_dockerfile,False,0,0,0,,,0,0,0,0,0,False,,False,,False,,False,,False,,False,,no Dockerfile and no fallback entry point found
https://github.com/rickyHong/magenta-repl,no_entry,False,0,1,0,,,0,0,0,0,0,False,,False,,False,,False,,False,,False,,Dockerfile(s) found but no Python entry point could be resolved
https://github.com/BerkeleyAutomation/gqcnn,no_entry,False,0,2,0,,,0,0,0,0,0,False,,False,,False,,False,,False,,False,,Dockerfile(s) found but no Python entry point could be resolved
https://github.com/Sridharan-k/GensimTest,no_entry,False,0,1,0,,,0,0,0,0,0,False,,False,,False,,False,,False,,False,,Dockerfile(s) found but no Python entry point could be resolved
https://github.com/pgromano/Markov_Models,no_dockerfile,False,0,0,0,,,0,0,0,0,0,False,,False,,False,,False,,False,,False,,no Dockerfile and no fallback entry point found
https://github.com/josephreisinger/vowpal_porpoise,no_dockerfile,False,0,0,0,,,0,0,0,0,0,False,,False,,False,,False,,False,,False,,no Dockerfile and no fallback entry point found
https://github.com/CenterForTheBuiltEnvironment/mave,no_dockerfile,False,0,0,0,,,0,0,0,0,0,False,,False,,False,,False,,False,,False,,no Dockerfile and no fallback entry point found
https://github.com/bmorris3/shampoo,no_dockerfile,False,0,0,0,,,0,0,0,0,0,False,,False,,False,,False,,False,,False,,no Dockerfile and no fallback entry point found
https://github.com/diana-hep/carl,no_dockerfile,False,0,0,0,,,0,0,0,0,0,False,,False,,False,,False,,False,,False,,no Dockerfile and no fallback entry point found
https://github.com/arriam-lab2/misal,no_dockerfile,False,0,0,0,,,0,0,0,0,0,False,,False,,False,,False,,False,,False,,no Dockerfile and no fallback entry point found
https://github.com/neurosynth/neurosynth,no_entry,False,0,1,0,,,0,0,0,0,0,False,,False,,False,,False,,False,,False,,Dockerfile(s) found but no Python entry point could be resolved
https://github.com/X0Leon/XQuant,no_dockerfile,False,0,0,0,,,0,0,0,0,0,False,,False,,False,,False,,False,,False,,no Dockerfile and no fallback entry point found
https://github.com/automl/auto-sklearn,no_entry,False,0,1,0,,,0,0,0,0,0,False,,False,,False,,False,,False,,False,,Dockerfile(s) found but no Python entry point could be resolved
https://github.com/S20288/Neuro-Networks,no_dockerfile,False,0,0,0,,,0,0,0,0,0,False,,False,,False,,False,,False,,False,,no Dockerfile and no fallback entry point found
https://github.com/opendatalabcz/traffic-surveys-automation,no_entry,False,0,2,0,,,0,0,0,0,0,False,,False,,False,,False,,False,,False,,Dockerfile(s) found but no Python entry point could be resolved
https://github.com/SaKi1309/DeepSaki,no_entry,False,0,1,0,,,0,0,0,0,0,False,,False,,False,,False,,False,,False,,Dockerfile(s) found but no Python entry point could be resolved
https://github.com/joksas/nonideality-aware-mnn-training,no_dockerfile,False,0,0,0,,,0,0,0,0,0,False,,False,,False,,False,,False,,False,,no Dockerfile and no fallback entry point found
https://github.com/zyerusha/video_velocity_finder,no_entry,False,0,2,1,,dockerfile,0,0,0,0,0,False,,False,,False,,False,,False,,False,,no resolved entry point yielded a usable call graph
https://github.com/NeuroBridge/TextMining,no_dockerfile,False,0,0,0,,,0,0,0,0,0,False,,False,,False,,False,,False,,False,,no Dockerfile and no fallback entry point found
https://github.com/usc-ee250-fall2021/bowen-soltelo,no_entry,False,0,5,0,,,0,0,0,0,0,False,,False,,False,,False,,False,,False,,Dockerfile(s) found but no Python entry point could be resolved
https://github.com/gaffney2010/go-space,no_dockerfile,False,0,0,0,,,0,0,0,0,0,False,,False,,False,,False,,False,,False,,no Dockerfile and no fallback entry point found
https://github.com/Ewha-BTS/ERP,no_dockerfile,False,0,0,0,,,0,0,0,0,0,False,,False,,False,,False,,False,,False,,no Dockerfile and no fallback entry point found
https://github.com/novaHardware/Mask-RCNN-TF2,no_dockerfile,False,0,0,0,,,0,0,0,0,0,False,,False,,False,,False,,False,,False,,no Dockerfile and no fallback entry point found
https://github.com/xmax1/nn_ansatz,no_dockerfile,False,0,0,0,,,0,0,0,0,0,False,,False,,False,,False,,False,,False,,no Dockerfile and no fallback entry point found
https://github.com/mizolotu/izi,no_dockerfile,False,0,0,0,,,0,0,0,0,0,False,,False,,False,,False,,False,,False,,no Dockerfile and no fallback entry point found
https://github.com/FlamingHorizon/vil_12,no_dockerfile,False,0,0,0,,,0,0,0,0,0,False,,False,,False,,False,,False,,False,,no Dockerfile and no fallback entry point found
https://github.com/khsily/recipebook,no_entry,False,0,2,0,,,0,0,0,0,0,False,,False,,False,,False,,False,,False,,Dockerfile(s) found but no Python entry point could be resolved
https://github.com/dmarinere/fictional-spork,no_dockerfile,False,0,0,0,,,0,0,0,0,0,False,,False,,False,,False,,False,,False,,no Dockerfile and no fallback entry point found
https://github.com/lbignone/galaxies_datasets,no_dockerfile,False,0,0,0,,,0,0,0,0,0,False,,False,,False,,False,,False,,False,,no Dockerfile and no fallback entry point found
https://github.com/benhev/LensProject,no_dockerfile,False,0,0,0,,,0,0,0,0,0,False,,False,,False,,False,,False,,False,,no Dockerfile and no fallback entry point found
https://github.com/kundusoumya98/Deeplearning_report_generation,no_dockerfile,False,0,0,0,,,0,0,0,0,0,False,,False,,False,,False,,False,,False,,no Dockerfile and no fallback entry point found
https://github.com/jgonsior/Active-Learning-Base-Module,no_dockerfile,False,0,0,0,,,0,0,0,0,0,False,,False,,False,,False,,False,,False,,no Dockerfile and no fallback entry point found
https://github.com/SAIL-KAIST/automatic_kernel_discovery,no_dockerfile,False,0,0,0,,,0,0,0,0,0,False,,False,,False,,False,,False,,False,,no Dockerfile and no fallback entry point found
https://github.com/Nomannoman/rocketbackup,no_entry,False,0,2,0,,,0,0,0,0,0,False,,False,,False,,False,,False,,False,,Dockerfile(s) found but no Python entry point could be resolved
https://github.com/AlexanderFengler/LANfactory,no_dockerfile,False,0,0,0,,,0,0,0,0,0,False,,False,,False,,False,,False,,False,,no Dockerfile and no fallback entry point found
https://github.com/gli-sdk/GomerX-SDK,no_dockerfile,False,0,0,0,,,0,0,0,0,0,False,,False,,False,,False,,False,,False,,no Dockerfile and no fallback entry point found
https://github.com/Tech-Cravers/Gesture-Speech,no_dockerfile,False,0,0,0,,,0,0,0,0,0,False,,False,,False,,False,,False,,False,,no Dockerfile and no fallback entry point found
https://github.com/ur-whitelab/hoomd-tf,no_dockerfile,False,0,0,0,,,0,0,0,0,0,False,,False,,False,,False,,False,,False,,no Dockerfile and no fallback entry point found
https://github.com/akjmo97/sqstate,no_dockerfile,False,0,0,0,,,0,0,0,0,0,False,,False,,False,,False,,False,,False,,no Dockerfile and no fallback entry point found
https://github.com/waikato-datamining/keras-imaging,no_entry,False,0,3,0,,,0,0,0,0,0,False,,False,,False,,False,,False,,False,,Dockerfile(s) found but no Python entry point could be resolved
https://github.com/quantitative-technologies/transformer-high-level-keras-api,no_entry,False,0,1,0,,,0,0,0,0,0,False,,False,,False,,False,,False,,False,,Dockerfile(s) found but no Python entry point could be resolved
https://github.com/siril-pivotchain/ETAG-OCR,no_entry,False,0,1,0,,,0,0,0,0,0,False,,False,,False,,False,,False,,False,,Dockerfile(s) found but no Python entry point could be resolved
https://github.com/Garfield1002/ST4,no_dockerfile,False,0,0,0,,,0,0,0,0,0,False,,False,,False,,False,,False,,False,,no Dockerfile and no fallback entry point found
https://github.com/zahriha/capstone_Xplisit,no_dockerfile,False,0,0,0,,,0,0,0,0,0,False,,False,,False,,False,,False,,False,,no Dockerfile and no fallback entry point found
https://github.com/mahaitongdae/Feasible-Actor-Critic,no_dockerfile,False,0,0,0,,,0,0,0,0,0,False,,False,,False,,False,,False,,False,,no Dockerfile and no fallback entry point found
https://github.com/moisestech/ml-reinforcement-learning-fundamentals,no_dockerfile,False,0,0,0,,,0,0,0,0,0,False,,False,,False,,False,,False,,False,,no Dockerfile and no fallback entry point found
https://github.com/athms/deep-learning-basics,no_dockerfile,False,0,0,0,,,0,0,0,0,0,False,,False,,False,,False,,False,,False,,no Dockerfile and no fallback entry point found
https://github.com/nikita-kochnev/ActiveFire_MaskRCNN_CoursePaper,no_dockerfile,False,0,0,0,,,0,0,0,0,0,False,,False,,False,,False,,False,,False,,no Dockerfile and no fallback entry point found
https://github.com/valentingol/FerraRl,no_dockerfile,False,0,0,0,,,0,0,0,0,0,False,,False,,False,,False,,False,,False,,no Dockerfile and no fallback entry point found
https://github.com/AminAmouhadi/Differential-Privacy-Cancer,no_dockerfile,False,0,0,0,,,0,0,0,0,0,False,,False,,False,,False,,False,,False,,no Dockerfile and no fallback entry point found
https://github.com/Fedeee9/LesionDetection,no_dockerfile,False,0,0,0,,,0,0,0,0,0,False,,False,,False,,False,,False,,False,,no Dockerfile and no fallback entry point found
https://github.com/Rishit-dagli/Perceiver,no_dockerfile,False,0,0,0,,,0,0,0,0,0,False,,False,,False,,False,,False,,False,,no Dockerfile and no fallback entry point found
https://github.com/juancopi81/komposair,no_dockerfile,False,0,0,0,,,0,0,0,0,0,False,,False,,False,,False,,False,,False,,no Dockerfile and no fallback entry point found
https://github.com/MaximumLimits/2021-California-State-Science-Fair,no_dockerfile,False,0,0,0,,,0,0,0,0,0,False,,False,,False,,False,,False,,False,,no Dockerfile and no fallback entry point found
https://github.com/naivenlp/naivenmt-legacy,no_entry,False,0,1,0,,,0,0,0,0,0,False,,False,,False,,False,,False,,False,,Dockerfile(s) found but no Python entry point could be resolved
https://github.com/GCHeroes1/GDC,no_dockerfile,False,0,0,0,,,0,0,0,0,0,False,,False,,False,,False,,False,,False,,no Dockerfile and no fallback entry point found
https://github.com/keant1/Artem_Visu,no_dockerfile,False,0,0,0,,,0,0,0,0,0,False,,False,,False,,False,,False,,False,,no Dockerfile and no fallback entry point found
https://github.com/jessyec-s/capstone,no_dockerfile,False,0,0,0,,,0,0,0,0,0,False,,False,,False,,False,,False,,False,,no Dockerfile and no fallback entry point found
https://github.com/Etwari3/POMDP_Python,no_dockerfile,False,0,0,0,,,0,0,0,0,0,False,,False,,False,,False,,False,,False,,no Dockerfile and no fallback entry point found
https://github.com/rayc2020/LessonPythonCode,no_dockerfile,False,0,0,0,,,0,0,0,0,0,False,,False,,False,,False,,False,,False,,no Dockerfile and no fallback entry point found
https://github.com/calhwd15508/CS285HW,no_dockerfile,False,0,0,0,,,0,0,0,0,0,False,,False,,False,,False,,False,,False,,no Dockerfile and no fallback entry point found
https://github.com/sean-lin-tw/Machine-Learning-Practices,no_dockerfile,False,0,0,0,,,0,0,0,0,0,False,,False,,False,,False,,False,,False,,no Dockerfile and no fallback entry point found
https://github.com/davidho95/tfmonopoles,no_dockerfile,False,0,0,0,,,0,0,0,0,0,False,,False,,False,,False,,False,,False,,no Dockerfile and no fallback entry point found
https://github.com/Dechrissen/subregular-learning,no_dockerfile,False,0,0,0,,,0,0,0,0,0,False,,False,,False,,False,,False,,False,,no Dockerfile and no fallback entry point found
https://github.com/amogh7joshi/farmland-anomalies,no_dockerfile,False,0,0,0,,,0,0,0,0,0,False,,False,,False,,False,,False,,False,,no Dockerfile and no fallback entry point found
https://github.com/shawwn/gaping,no_dockerfile,False,0,0,0,,,0,0,0,0,0,False,,False,,False,,False,,False,,False,,no Dockerfile and no fallback entry point found
https://github.com/kvombatkere/Catan-AI,no_dockerfile,False,0,0,0,,,0,0,0,0,0,False,,False,,False,,False,,False,,False,,no Dockerfile and no fallback entry point found
https://github.com/rootsj/AI_Fit,no_dockerfile,False,0,0,0,,,0,0,0,0,0,False,,False,,False,,False,,False,,False,,no Dockerfile and no fallback entry point found
https://github.com/guyandtheworld/airflow-ml,no_entry,False,0,1,0,,,0,0,0,0,0,False,,False,,False,,False,,False,,False,,Dockerfile(s) found but no Python entry point could be resolved
https://github.com/MartinM98/Handwriting-synthesis-with-the-help-of-machine-learning,no_dockerfile,False,0,0,0,,,0,0,0,0,0,False,,False,,False,,False,,False,,False,,no Dockerfile and no fallback entry point found
https://github.com/neptune-ai/neptune-client,no_dockerfile,False,0,0,0,,,0,0,0,0,0,False,,False,,False,,False,,False,,False,,no Dockerfile and no fallback entry point found
https://github.com/Silvan-M/Game-TARS,no_dockerfile,False,0,0,0,,,0,0,0,0,0,False,,False,,False,,False,,False,,False,,no Dockerfile and no fallback entry point found
https://github.com/alan-ajo/Object_Recognition_clone,no_dockerfile,False,0,0,0,,,0,0,0,0,0,False,,False,,False,,False,,False,,False,,no Dockerfile and no fallback entry point found
https://github.com/BacchusBeale/triagemodel-1,no_dockerfile,False,0,0,0,,,0,0,0,0,0,False,,False,,False,,False,,False,,False,,no Dockerfile and no fallback entry point found
https://github.com/metztest/bert,no_dockerfile,False,0,0,0,,,0,0,0,0,0,False,,False,,False,,False,,False,,False,,no Dockerfile and no fallback entry point found
https://github.com/BBCYM/aster,no_dockerfile,False,0,0,0,,,0,0,0,0,0,False,,False,,False,,False,,False,,False,,no Dockerfile and no fallback entry point found
https://github.com/emagine-epython/epython-showcase,no_entry,False,0,4,0,,,0,0,0,0,0,False,,False,,False,,False,,False,,False,,Dockerfile(s) found but no Python entry point could be resolved
https://github.com/BlueDi/DeepDip,no_dockerfile,False,0,0,0,,,0,0,0,0,0,False,,False,,False,,False,,False,,False,,no Dockerfile and no fallback entry point found
https://github.com/Gci04/LightweightAutoencoderApproachForAnomalyDetection,no_dockerfile,False,0,0,0,,,0,0,0,0,0,False,,False,,False,,False,,False,,False,,no Dockerfile and no fallback entry point found
https://github.com/aaahmedms/Driver-Assist-Machine-Learning-With-RCNN-Mask,no_dockerfile,False,0,0,0,,,0,0,0,0,0,False,,False,,False,,False,,False,,False,,no Dockerfile and no fallback entry point found
https://github.com/iiharu/NN,no_entry,False,0,1,0,,,0,0,0,0,0,False,,False,,False,,False,,False,,False,,Dockerfile(s) found but no Python entry point could be resolved
https://github.com/DorBernsohn/kaggle,no_dockerfile,False,0,0,0,,,0,0,0,0,0,False,,False,,False,,False,,False,,False,,no Dockerfile and no fallback entry point found
https://github.com/avgupta456/HackMIT-2020,no_dockerfile,False,0,0,0,,,0,0,0,0,0,False,,False,,False,,False,,False,,False,,no Dockerfile and no fallback entry point found
https://github.com/JinLabIIT/NetLearner,no_dockerfile,False,0,0,0,,,0,0,0,0,0,False,,False,,False,,False,,False,,False,,no Dockerfile and no fallback entry point found
https://github.com/thomas-young-2013/hp-tuner,no_dockerfile,False,0,0,0,,,0,0,0,0,0,False,,False,,False,,False,,False,,False,,no Dockerfile and no fallback entry point found
https://github.com/philipperemy/keras-sde-net,no_dockerfile,False,0,0,0,,,0,0,0,0,0,False,,False,,False,,False,,False,,False,,no Dockerfile and no fallback entry point found
https://github.com/gtaiyou24/ml-algorithm,no_entry,False,0,3,0,,,0,0,0,0,0,False,,False,,False,,False,,False,,False,,Dockerfile(s) found but no Python entry point could be resolved
https://github.com/MLstocking/DataAnalysis,no_dockerfile,False,0,0,0,,,0,0,0,0,0,False,,False,,False,,False,,False,,False,,no Dockerfile and no fallback entry point found
https://github.com/Bentseeni/visual-analyser,no_dockerfile,False,0,0,0,,,0,0,0,0,0,False,,False,,False,,False,,False,,False,,no Dockerfile and no fallback entry point found
https://github.com/ethsu1/deepRL,no_dockerfile,False,0,0,0,,,0,0,0,0,0,False,,False,,False,,False,,False,,False,,no Dockerfile and no fallback entry point found
https://github.com/brunoprp/computer-vision-exercises-Atlantico,no_entry,False,0,1,0,,,0,0,0,0,0,False,,False,,False,,False,,False,,False,,Dockerfile(s) found but no Python entry point could be resolved
https://github.com/chaosignal/ai,no_dockerfile,False,0,0,0,,,0,0,0,0,0,False,,False,,False,,False,,False,,False,,no Dockerfile and no fallback entry point found
https://github.com/jdmartin86/vc-smc,no_dockerfile,False,0,0,0,,,0,0,0,0,0,False,,False,,False,,False,,False,,False,,no Dockerfile and no fallback entry point found
https://github.com/marcobn/musicntwrk,no_dockerfile,False,0,0,0,,,0,0,0,0,0,False,,False,,False,,False,,False,,False,,no Dockerfile and no fallback entry point found
https://github.com/PuchatekwSzortach/combination_of_multiple_global_descriptors_for_image_retrieval,no_entry,False,0,2,0,,,0,0,0,0,0,False,,False,,False,,False,,False,,False,,Dockerfile(s) found but no Python entry point could be resolved
https://github.com/lhbbbb/ZeroOneTwo,no_dockerfile,False,0,0,0,,,0,0,0,0,0,False,,False,,False,,False,,False,,False,,no Dockerfile and no fallback entry point found
https://github.com/mfekadu/nimbus,no_entry,False,0,3,0,,,0,0,0,0,0,False,,False,,False,,False,,False,,False,,Dockerfile(s) found but no Python entry point could be resolved
https://github.com/nhdchicken/nhd-colab,no_dockerfile,False,0,0,0,,,0,0,0,0,0,False,,False,,False,,False,,False,,False,,no Dockerfile and no fallback entry point found
https://github.com/coursat-ai/MultiCheXNet,no_dockerfile,False,0,0,0,,,0,0,0,0,0,False,,False,,False,,False,,False,,False,,no Dockerfile and no fallback entry point found
https://github.com/CAU20-OSS-Project-Team-5/ttum,no_dockerfile,False,0,0,0,,,0,0,0,0,0,False,,False,,False,,False,,False,,False,,no Dockerfile and no fallback entry point found
https://github.com/ValentinVignal/HDStyleTransfer,no_dockerfile,False,0,0,0,,,0,0,0,0,0,False,,False,,False,,False,,False,,False,,no Dockerfile and no fallback entry point found
https://github.com/haishan-shi/object_detection_a2,no_dockerfile,False,0,0,0,,,0,0,0,0,0,False,,False,,False,,False,,False,,False,,no Dockerfile and no fallback entry point found
https://github.com/CookiePPP/codedump,no_entry,False,0,2,0,,,0,0,0,0,0,False,,False,,False,,False,,False,,False,,Dockerfile(s) found but no Python entry point could be resolved
https://github.com/camille-vanhoffelen/modern-ML-engineer,no_dockerfile,False,0,0,0,,,0,0,0,0,0,False,,False,,False,,False,,False,,False,,no Dockerfile and no fallback entry point found
https://github.com/peter-janderks/FlagBridgeQEC,no_dockerfile,False,0,0,0,,,0,0,0,0,0,False,,False,,False,,False,,False,,False,,no Dockerfile and no fallback entry point found
https://github.com/bainro/garage,no_entry,False,0,5,0,,,0,0,0,0,0,False,,False,,False,,False,,False,,False,,Dockerfile(s) found but no Python entry point could be resolved
https://github.com/tequilahub/tequila,no_dockerfile,False,0,0,0,,,0,0,0,0,0,False,,False,,False,,False,,False,,False,,no Dockerfile and no fallback entry point found
https://github.com/rohitgajawada/Common-Sense-QA,no_entry,False,0,1,0,,,0,0,0,0,0,False,,False,,False,,False,,False,,False,,Dockerfile(s) found but no Python entry point could be resolved
https://github.com/DirtyHarryLYL/DJ-RN,no_dockerfile,False,0,0,0,,,0,0,0,0,0,False,,False,,False,,False,,False,,False,,no Dockerfile and no fallback entry point found
https://github.com/koonimaru/DeepGMAP,no_entry,False,0,1,0,,,0,0,0,0,0,False,,False,,False,,False,,False,,False,,Dockerfile(s) found but no Python entry point could be resolved
https://github.com/peymanbateni/simple-cnaps,no_dockerfile,False,0,0,0,,,0,0,0,0,0,False,,False,,False,,False,,False,,False,,no Dockerfile and no fallback entry point found
https://github.com/lokinSai/GAN-Implementation,no_dockerfile,False,0,0,0,,,0,0,0,0,0,False,,False,,False,,False,,False,,False,,no Dockerfile and no fallback entry point found
https://github.com/Julian-Theis/AVATAR,no_dockerfile,False,0,0,0,,,0,0,0,0,0,False,,False,,False,,False,,False,,False,,no Dockerfile and no fallback entry point found
https://github.com/yagyapandeya/TF_Transfer_Learning_MusicCNN,no_dockerfile,False,0,0,0,,,0,0,0,0,0,False,,False,,False,,False,,False,,False,,no Dockerfile and no fallback entry point found
https://github.com/chalothon/BERT_Practice,no_dockerfile,False,0,0,0,,,0,0,0,0,0,False,,False,,False,,False,,False,,False,,no Dockerfile and no fallback entry point found
https://github.com/nikimanoledaki/finbot-api,no_dockerfile,False,0,0,0,,,0,0,0,0,0,False,,False,,False,,False,,False,,False,,no Dockerfile and no fallback entry point found
https://github.com/Julia2505/PDD,no_entry,False,0,1,0,,,0,0,0,0,0,False,,False,,False,,False,,False,,False,,Dockerfile(s) found but no Python entry point could be resolved
https://github.com/BrandonTang89/Bus_Numbers,no_entry,False,0,1,0,,,0,0,0,0,0,False,,False,,False,,False,,False,,False,,Dockerfile(s) found but no Python entry point could be resolved
https://github.com/aldomelladop/Tesis,no_dockerfile,False,0,0,0,,,0,0,0,0,0,False,,False,,False,,False,,False,,False,,no Dockerfile and no fallback entry point found
https://github.com/cjd1884/pyLectureMultiModalAnalysis,no_dockerfile,False,0,0,0,,,0,0,0,0,0,False,,False,,False,,False,,False,,False,,no Dockerfile and no fallback entry point found
https://github.com/bethgelab/foolbox,no_dockerfile,False,0,0,0,,,0,0,0,0,0,False,,False,,False,,False,,False,,False,,no Dockerfile and no fallback entry point found
https://github.com/munhyunsu/cell-classification,no_dockerfile,False,0,0,0,,,0,0,0,0,0,False,,False,,False,,False,,False,,False,,no Dockerfile and no fallback entry point found
https://github.com/codenamewei/nlp-with-use-case,no_entry,False,0,1,0,,,0,0,0,0,0,False,,False,,False,,False,,False,,False,,Dockerfile(s) found but no Python entry point could be resolved
https://github.com/jlee335/AI-Alggagi-Game,no_entry,False,0,1,0,,,0,0,0,0,0,False,,False,,False,,False,,False,,False,,Dockerfile(s) found but no Python entry point could be resolved
https://github.com/TSchlosser13/Hexnet,no_dockerfile,False,0,0,0,,,0,0,0,0,0,False,,False,,False,,False,,False,,False,,no Dockerfile and no fallback entry point found
https://github.com/ayushjain1144/Aerial-Object-Detection,no_dockerfile,False,0,0,0,,,0,0,0,0,0,False,,False,,False,,False,,False,,False,,no Dockerfile and no fallback entry point found
https://github.com/TheBicPen/bic-bot-py,no_dockerfile,False,0,0,0,,,0,0,0,0,0,False,,False,,False,,False,,False,,False,,no Dockerfile and no fallback entry point found
https://github.com/halhorn/ASLOpenProject,no_entry,False,0,2,0,,,0,0,0,0,0,False,,False,,False,,False,,False,,False,,Dockerfile(s) found but no Python entry point could be resolved
https://github.com/SimonaGlom/neural_networks,no_entry,False,0,2,0,,,0,0,0,0,0,False,,False,,False,,False,,False,,False,,Dockerfile(s) found but no Python entry point could be resolved
https://github.com/David-LETINAUD/GTI770,no_dockerfile,False,0,0,0,,,0,0,0,0,0,False,,False,,False,,False,,False,,False,,no Dockerfile and no fallback entry point found
https://github.com/goparajug/DeepLearnig,no_dockerfile,False,0,0,0,,,0,0,0,0,0,False,,False,,False,,False,,False,,False,,no Dockerfile and no fallback entry point found
https://github.com/Zhiwei-Z/PrompLimitTest,no_dockerfile,False,0,0,0,,,0,0,0,0,0,False,,False,,False,,False,,False,,False,,no Dockerfile and no fallback entry point found
https://github.com/CITlabRostock/citlab-article-separation,no_dockerfile,False,0,0,0,,,0,0,0,0,0,False,,False,,False,,False,,False,,False,,no Dockerfile and no fallback entry point found
https://github.com/shun-w/topaz,no_dockerfile,False,0,0,0,,,0,0,0,0,0,False,,False,,False,,False,,False,,False,,no Dockerfile and no fallback entry point found
https://github.com/scale-lab/DRiLLS,no_dockerfile,False,0,0,0,,,0,0,0,0,0,False,,False,,False,,False,,False,,False,,no Dockerfile and no fallback entry point found
https://github.com/Aravind5003/Aravind,no_entry,False,0,1,0,,,0,0,0,0,0,False,,False,,False,,False,,False,,False,,Dockerfile(s) found but no Python entry point could be resolved
https://github.com/SimranJain13/CarDamageDetection,no_dockerfile,False,0,0,0,,,0,0,0,0,0,False,,False,,False,,False,,False,,False,,no Dockerfile and no fallback entry point found
https://github.com/wshzd/NLP,no_dockerfile,False,0,0,0,,,0,0,0,0,0,False,,False,,False,,False,,False,,False,,no Dockerfile and no fallback entry point found
https://github.com/anewage/tweetycs-flask,no_entry,False,0,1,0,,,0,0,0,0,0,False,,False,,False,,False,,False,,False,,Dockerfile(s) found but no Python entry point could be resolved
https://github.com/JeromeHoen/OC_P4-Anticipez_le_retard_de_vol_des_avions,no_dockerfile,False,0,0,0,,,0,0,0,0,0,False,,False,,False,,False,,False,,False,,no Dockerfile and no fallback entry point found
https://github.com/lambdaxymox/cs294-deep-reinforcement-learning-berkeley-fall-2017,no_dockerfile,False,0,0,0,,,0,0,0,0,0,False,,False,,False,,False,,False,,False,,no Dockerfile and no fallback entry point found
https://github.com/jiajunhua/AlphaPose,no_entry,False,0,2,0,,,0,0,0,0,0,False,,False,,False,,False,,False,,False,,Dockerfile(s) found but no Python entry point could be resolved
https://github.com/bio-ontology-research-group/ontology-tutorial,no_entry,False,0,1,0,,,0,0,0,0,0,False,,False,,False,,False,,False,,False,,Dockerfile(s) found but no Python entry point could be resolved
https://github.com/tuananh1007/Pytorch-Tutorial,no_dockerfile,False,0,0,0,,,0,0,0,0,0,False,,False,,False,,False,,False,,False,,no Dockerfile and no fallback entry point found
https://github.com/philipperemy/cond_rnn,no_dockerfile,False,0,0,0,,,0,0,0,0,0,False,,False,,False,,False,,False,,False,,no Dockerfile and no fallback entry point found
https://github.com/OwenZhu/Multi-Agent-DRL,no_dockerfile,False,0,0,0,,,0,0,0,0,0,False,,False,,False,,False,,False,,False,,no Dockerfile and no fallback entry point found
https://github.com/CCExtractor/Rekognition,no_entry,False,0,1,0,,,0,0,0,0,0,False,,False,,False,,False,,False,,False,,Dockerfile(s) found but no Python entry point could be resolved
https://github.com/ChristianSAW/CarND-Capstone,no_entry,False,0,1,0,,,0,0,0,0,0,False,,False,,False,,False,,False,,False,,Dockerfile(s) found but no Python entry point could be resolved
https://github.com/Paperspace/hyperopt-keras-sample,no_entry,False,0,1,0,,,0,0,0,0,0,False,,False,,False,,False,,False,,False,,Dockerfile(s) found but no Python entry point could be resolved
https://github.com/HerrMuellerluedenscheid/pinky,no_dockerfile,False,0,0,0,,,0,0,0,0,0,False,,False,,False,,False,,False,,False,,no Dockerfile and no fallback entry point found
https://github.com/BogdanFloris/reinforcement-learning-lib,no_dockerfile,False,0,0,0,,,0,0,0,0,0,False,,False,,False,,False,,False,,False,,no Dockerfile and no fallback entry point found
https://github.com/kanalyzers/ad_optimization,no_dockerfile,False,0,0,0,,,0,0,0,0,0,False,,False,,False,,False,,False,,False,,no Dockerfile and no fallback entry point found
https://github.com/muyun/iSpeaking-Speaking-and-Improving,no_dockerfile,False,0,0,0,,,0,0,0,0,0,False,,False,,False,,False,,False,,False,,no Dockerfile and no fallback entry point found
https://github.com/nikked/drl-crypto-portfolio-management,no_dockerfile,False,0,0,0,,,0,0,0,0,0,False,,False,,False,,False,,False,,False,,no Dockerfile and no fallback entry point found
https://github.com/SeungeonBaek/RL-study-2019,no_dockerfile,False,0,0,0,,,0,0,0,0,0,False,,False,,False,,False,,False,,False,,no Dockerfile and no fallback entry point found
https://github.com/lewis-od/Quantum-Optics,no_dockerfile,False,0,0,0,,,0,0,0,0,0,False,,False,,False,,False,,False,,False,,no Dockerfile and no fallback entry point found
https://github.com/anthonytec2/Halite,no_dockerfile,False,0,0,0,,,0,0,0,0,0,False,,False,,False,,False,,False,,False,,no Dockerfile and no fallback entry point found
https://github.com/mimikaan/tensorslow,no_dockerfile,False,0,0,0,,,0,0,0,0,0,False,,False,,False,,False,,False,,False,,no Dockerfile and no fallback entry point found
https://github.com/djproc/maskrcnn_dev,no_dockerfile,False,0,0,0,,,0,0,0,0,0,False,,False,,False,,False,,False,,False,,no Dockerfile and no fallback entry point found
https://github.com/gravity-igpcea/cnn_for_earthquake_classification,no_dockerfile,False,0,0,0,,,0,0,0,0,0,False,,False,,False,,False,,False,,False,,no Dockerfile and no fallback entry point found
https://github.com/mmabc01/s2s01,no_dockerfile,False,0,0,0,,,0,0,0,0,0,False,,False,,False,,False,,False,,False,,no Dockerfile and no fallback entry point found
https://github.com/gsnaider/two-face-inpainting,no_dockerfile,False,0,0,0,,,0,0,0,0,0,False,,False,,False,,False,,False,,False,,no Dockerfile and no fallback entry point found
https://github.com/ranadip/pubsub-dataflow-bigtable,no_entry,False,0,29,3,,dockerfile,0,0,0,0,0,False,,False,,False,,False,,False,,False,,no resolved entry point yielded a usable call graph
https://github.com/b1sakher/Google-Cloud-Plateform,no_entry,False,0,29,3,,dockerfile,0,0,0,0,0,False,,False,,False,,False,,False,,False,,no resolved entry point yielded a usable call graph
https://github.com/vonum/style-transfer,no_dockerfile,False,0,0,0,,,0,0,0,0,0,False,,False,,False,,False,,False,,False,,no Dockerfile and no fallback entry point found
https://github.com/asbonatto/CarND-Capstone,no_entry,False,0,1,0,,,0,0,0,0,0,False,,False,,False,,False,,False,,False,,Dockerfile(s) found but no Python entry point could be resolved
https://github.com/falkets/udacity-MLEN,no_dockerfile,False,0,0,0,,,0,0,0,0,0,False,,False,,False,,False,,False,,False,,no Dockerfile and no fallback entry point found
https://github.com/cadia-lvl/tacotron,no_dockerfile,False,0,0,0,,,0,0,0,0,0,False,,False,,False,,False,,False,,False,,no Dockerfile and no fallback entry point found
https://github.com/linked0/deep-learning,no_entry,False,0,1,0,,,0,0,0,0,0,False,,False,,False,,False,,False,,False,,Dockerfile(s) found but no Python entry point could be resolved
https://github.com/giuscri/thesis,no_entry,False,0,1,0,,,0,0,0,0,0,False,,False,,False,,False,,False,,False,,Dockerfile(s) found but no Python entry point could be resolved
https://github.com/TEAMLAB-Lecture/deep-learning-101,no_dockerfile,False,0,0,0,,,0,0,0,0,0,False,,False,,False,,False,,False,,False,,no Dockerfile and no fallback entry point found
https://github.com/zaragozamartin91/skynet,no_dockerfile,False,0,0,0,,,0,0,0,0,0,False,,False,,False,,False,,False,,False,,no Dockerfile and no fallback entry point found
https://github.com/jcperdomo/noise_filter,no_dockerfile,False,0,0,0,,,0,0,0,0,0,False,,False,,False,,False,,False,,False,,no Dockerfile and no fallback entry point found
https://github.com/akmeraki/deep-learning-,no_dockerfile,False,0,0,0,,,0,0,0,0,0,False,,False,,False,,False,,False,,False,,no Dockerfile and no fallback entry point found
https://github.com/JasonNK/udacity-dlnd,no_dockerfile,False,0,0,0,,,0,0,0,0,0,False,,False,,False,,False,,False,,False,,no Dockerfile and no fallback entry point found
https://github.com/winwinJJiang/deep-learning-implementations,no_dockerfile,False,0,0,0,,,0,0,0,0,0,False,,False,,False,,False,,False,,False,,no Dockerfile and no fallback entry point found
https://github.com/mjgiancola/cs-525-project,no_dockerfile,False,0,0,0,,,0,0,0,0,0,False,,False,,False,,False,,False,,False,,no Dockerfile and no fallback entry point found
https://github.com/captaincapsaicin/castle,no_dockerfile,False,0,0,0,,,0,0,0,0,0,False,,False,,False,,False,,False,,False,,no Dockerfile and no fallback entry point found
https://github.com/pemami4911/POMDPy,no_dockerfile,False,0,0,0,,,0,0,0,0,0,False,,False,,False,,False,,False,,False,,no Dockerfile and no fallback entry point found
https://github.com/rtygbwwwerr/chatbot,no_dockerfile,False,0,0,0,,,0,0,0,0,0,False,,False,,False,,False,,False,,False,,no Dockerfile and no fallback entry point found
https://github.com/YuchengG/zhusuan,no_dockerfile,False,0,0,0,,,0,0,0,0,0,False,,False,,False,,False,,False,,False,,no Dockerfile and no fallback entry point found
https://github.com/singh-pradyu/stanford-cs-20,no_dockerfile,False,0,0,0,,,0,0,0,0,0,False,,False,,False,,False,,False,,False,,no Dockerfile and no fallback entry point found
https://github.com/asahi417/DocumentClassification,no_dockerfile,False,0,0,0,,,0,0,0,0,0,False,,False,,False,,False,,False,,False,,no Dockerfile and no fallback entry point found
https://github.com/cahya-wirawan/opentc,no_dockerfile,False,0,0,0,,,0,0,0,0,0,False,,False,,False,,False,,False,,False,,no Dockerfile and no fallback entry point found
https://github.com/caosenqi/Edward1,no_dockerfile,False,0,0,0,,,0,0,0,0,0,False,,False,,False,,False,,False,,False,,no Dockerfile and no fallback entry point found
https://github.com/hachmannlab/chemml,no_dockerfile,False,0,0,0,,,0,0,0,0,0,False,,False,,False,,False,,False,,False,,no Dockerfile and no fallback entry point found
https://github.com/sotlampr/theano-wrapper,no_dockerfile,False,0,0,0,,,0,0,0,0,0,False,,False,,False,,False,,False,,False,,no Dockerfile and no fallback entry point found
https://github.com/concord/ml,no_dockerfile,False,0,0,0,,,0,0,0,0,0,False,,False,,False,,False,,False,,False,,no Dockerfile and no fallback entry point found
https://github.com/ktsstudio/kts_linguistics,no_dockerfile,False,0,0,0,,,0,0,0,0,0,False,,False,,False,,False,,False,,False,,no Dockerfile and no fallback entry point found
https://github.com/Aetherbase/auto-sklearn,no_dockerfile,False,0,0,0,,,0,0,0,0,0,False,,False,,False,,False,,False,,False,,no Dockerfile and no fallback entry point found
https://github.com/aertslab/arboreto,no_dockerfile,False,0,0,0,,,0,0,0,0,0,False,,False,,False,,False,,False,,False,,no Dockerfile and no fallback entry point found
https://github.com/beancount/smart_importer,no_dockerfile,False,0,0,0,,,0,0,0,0,0,False,,False,,False,,False,,False,,False,,no Dockerfile and no fallback entry point found
https://github.com/chainer/chainer-chemistry,no_entry,False,0,9,0,,,0,0,0,0,0,False,,False,,False,,False,,False,,False,,Dockerfile(s) found but no Python entry point could be resolved
https://github.com/paris-saclay-cds/python-workshop,no_dockerfile,False,0,0,0,,,0,0,0,0,0,False,,False,,False,,False,,False,,False,,no Dockerfile and no fallback entry point found
https://github.com/CLIMADA-project/climada_python,no_entry,False,0,1,0,,,0,0,0,0,0,False,,False,,False,,False,,False,,False,,Dockerfile(s) found but no Python entry point could be resolved
https://github.com/linnarsson-lab/adolescent-mouse,no_dockerfile,False,0,0,0,,,0,0,0,0,0,False,,False,,False,,False,,False,,False,,no Dockerfile and no fallback entry point found
https://github.com/alxhoff/TensorNAS,no_dockerfile,False,0,0,0,,,0,0,0,0,0,False,,False,,False,,False,,False,,False,,no Dockerfile and no fallback entry point found
https://github.com/ploomber/soorgeon,no_dockerfile,False,0,0,0,,,0,0,0,0,0,False,,False,,False,,False,,False,,False,,no Dockerfile and no fallback entry point found
https://github.com/AbdullahAbdelhakeem6484/ITI_Graduation_Project1_SISR_BY_GAN,no_dockerfile,False,0,0,0,,,0,0,0,0,0,False,,False,,False,,False,,False,,False,,no Dockerfile and no fallback entry point found
https://github.com/guillaumeboniface/super_resolution,no_dockerfile,False,0,0,0,,,0,0,0,0,0,False,,False,,False,,False,,False,,False,,no Dockerfile and no fallback entry point found
https://github.com/GiorgiaAuroraAdorni/gansformer-reproducibility-challenge,no_entry,False,0,1,0,,,0,0,0,0,0,False,,False,,False,,False,,False,,False,,Dockerfile(s) found but no Python entry point could be resolved
https://github.com/JanMarcelKezmann/TensorFlow-Advanced-Segmentation-Models,no_dockerfile,False,0,0,0,,,0,0,0,0,0,False,,False,,False,,False,,False,,False,,no Dockerfile and no fallback entry point found
https://github.com/updaun/son-eulo,no_dockerfile,False,0,0,0,,,0,0,0,0,0,False,,False,,False,,False,,False,,False,,no Dockerfile and no fallback entry point found
https://github.com/kancheng/kan-cs-report-in-2021,no_dockerfile,False,0,0,0,,,0,0,0,0,0,False,,False,,False,,False,,False,,False,,no Dockerfile and no fallback entry point found
https://github.com/JeroenBertels/deepvoxnet2,no_entry,False,0,1,0,,,0,0,0,0,0,False,,False,,False,,False,,False,,False,,Dockerfile(s) found but no Python entry point could be resolved
https://github.com/solankisantosh007/python_mini_project,no_dockerfile,False,0,0,0,,,0,0,0,0,0,False,,False,,False,,False,,False,,False,,no Dockerfile and no fallback entry point found
https://github.com/me-kry-student-task-checker/stc-knowledge-propose-system,no_dockerfile,False,0,0,0,,,0,0,0,0,0,False,,False,,False,,False,,False,,False,,no Dockerfile and no fallback entry point found
https://github.com/shandilya1998/NavigationController,no_entry,False,0,4,0,,,0,0,0,0,0,False,,False,,False,,False,,False,,False,,Dockerfile(s) found but no Python entry point could be resolved
https://github.com/dfki-ric-underactuated-lab/torque_limited_simple_pendulum,no_dockerfile,False,0,0,0,,,0,0,0,0,0,False,,False,,False,,False,,False,,False,,no Dockerfile and no fallback entry point found
https://github.com/NiklasHoltmeyer/FashionDatasets,no_dockerfile,False,0,0,0,,,0,0,0,0,0,False,,False,,False,,False,,False,,False,,no Dockerfile and no fallback entry point found
https://github.com/abramhindle/vggish-aligner,no_entry,False,0,4,0,,,0,0,0,0,0,False,,False,,False,,False,,False,,False,,Dockerfile(s) found but no Python entry point could be resolved
https://github.com/Letsgetloud/Mushroom_Py-cture_Recognition,no_dockerfile,False,0,0,0,,,0,0,0,0,0,False,,False,,False,,False,,False,,False,,no Dockerfile and no fallback entry point found
https://github.com/rkrkrr0101/study,no_entry,False,0,2,0,,,0,0,0,0,0,False,,False,,False,,False,,False,,False,,Dockerfile(s) found but no Python entry point could be resolved
https://github.com/raghava-koganti/darkflow,no_dockerfile,False,0,0,0,,,0,0,0,0,0,False,,False,,False,,False,,False,,False,,no Dockerfile and no fallback entry point found
https://github.com/ArtificialSoftwareEngineering/InterpretingCodeGeneration,no_entry,False,0,2,0,,,0,0,0,0,0,False,,False,,False,,False,,False,,False,,Dockerfile(s) found but no Python entry point could be resolved
https://github.com/creatoryue/app6,no_dockerfile,False,0,0,0,,,0,0,0,0,0,False,,False,,False,,False,,False,,False,,no Dockerfile and no fallback entry point found
https://github.com/vishalw-iitk/Widerface_Yolov5,no_entry,False,0,3,0,,,0,0,0,0,0,False,,False,,False,,False,,False,,False,,Dockerfile(s) found but no Python entry point could be resolved
https://github.com/SkanderSoltani/Optical-Coherence-Tomography,no_dockerfile,False,0,0,0,,,0,0,0,0,0,False,,False,,False,,False,,False,,False,,no Dockerfile and no fallback entry point found
https://github.com/klawik-j/sudoku-ocr,no_dockerfile,False,0,0,0,,,0,0,0,0,0,False,,False,,False,,False,,False,,False,,no Dockerfile and no fallback entry point found
https://github.com/sisinflab/The-Idiosyncratic-Effects-of-Adversarial-Training,no_dockerfile,False,0,0,0,,,0,0,0,0,0,False,,False,,False,,False,,False,,False,,no Dockerfile and no fallback entry point found
https://github.com/vanalmsick/MasterThesis,no_dockerfile,False,0,0,0,,,0,0,0,0,0,False,,False,,False,,False,,False,,False,,no Dockerfile and no fallback entry point found
https://github.com/julenbhy/biomedical_segmentation,no_dockerfile,False,0,0,0,,,0,0,0,0,0,False,,False,,False,,False,,False,,False,,no Dockerfile and no fallback entry point found
https://github.com/Adamantios/NN-Train,no_dockerfile,False,0,0,0,,,0,0,0,0,0,False,,False,,False,,False,,False,,False,,no Dockerfile and no fallback entry point found
https://github.com/apache/tvm,no_entry,False,0,4,0,,,0,0,0,0,0,False,,False,,False,,False,,False,,False,,Dockerfile(s) found but no Python entry point could be resolved
https://github.com/jathinreddy/TheAlgorithms_Python,no_dockerfile,False,0,0,0,,,0,0,0,0,0,False,,False,,False,,False,,False,,False,,no Dockerfile and no fallback entry point found
https://github.com/felipeaq/xr-cv19-diagnosis,no_dockerfile,False,0,0,0,,,0,0,0,0,0,False,,False,,False,,False,,False,,False,,no Dockerfile and no fallback entry point found
https://github.com/ValensioLeonard/Bangkit_Final_Capstone_Vivere,no_dockerfile,False,0,0,0,,,0,0,0,0,0,False,,False,,False,,False,,False,,False,,no Dockerfile and no fallback entry point found
https://github.com/rudyRyu/darknet-yolo-utils,no_dockerfile,False,0,0,0,,,0,0,0,0,0,False,,False,,False,,False,,False,,False,,no Dockerfile and no fallback entry point found
https://github.com/plotly/dash-sample-apps,no_entry,False,0,1,0,,,0,0,0,0,0,False,,False,,False,,False,,False,,False,,Dockerfile(s) found but no Python entry point could be resolved
https://github.com/fomorians/tfstage,no_dockerfile,False,0,0,0,,,0,0,0,0,0,False,,False,,False,,False,,False,,False,,no Dockerfile and no fallback entry point found
https://github.com/deepmind/optax,no_dockerfile,False,0,0,0,,,0,0,0,0,0,False,,False,,False,,False,,False,,False,,no Dockerfile and no fallback entry point found
https://github.com/zincware/SymSuite,no_dockerfile,False,0,0,0,,,0,0,0,0,0,False,,False,,False,,False,,False,,False,,no Dockerfile and no fallback entry point found
https://github.com/ebbeberge/stroke-prediction,no_dockerfile,False,0,0,0,,,0,0,0,0,0,False,,False,,False,,False,,False,,False,,no Dockerfile and no fallback entry point found
https://github.com/shayan-kousha/SurVAE,no_dockerfile,False,0,0,0,,,0,0,0,0,0,False,,False,,False,,False,,False,,False,,no Dockerfile and no fallback entry point found
https://github.com/Gavin-Development/GavinBackend,no_dockerfile,False,0,0,0,,,0,0,0,0,0,False,,False,,False,,False,,False,,False,,no Dockerfile and no fallback entry point found
https://github.com/culotta2/deepFakeCNN,no_dockerfile,False,0,0,0,,,0,0,0,0,0,False,,False,,False,,False,,False,,False,,no Dockerfile and no fallback entry point found
https://github.com/pedrovgs/DeepPanel,no_dockerfile,False,0,0,0,,,0,0,0,0,0,False,,False,,False,,False,,False,,False,,no Dockerfile and no fallback entry point found
https://github.com/L0renz008/chatbot,no_dockerfile,False,0,0,0,,,0,0,0,0,0,False,,False,,False,,False,,False,,False,,no Dockerfile and no fallback entry point found
https://github.com/DrJohnElliott/Hands-on-,no_entry,False,0,2,0,,,0,0,0,0,0,False,,False,,False,,False,,False,,False,,Dockerfile(s) found but no Python entry point could be resolved
https://github.com/mykolivy/master_thesis,no_dockerfile,False,0,0,0,,,0,0,0,0,0,False,,False,,False,,False,,False,,False,,no Dockerfile and no fallback entry point found
https://github.com/yzae2623/Hands-On_Machine_Learning,no_entry,False,0,2,0,,,0,0,0,0,0,False,,False,,False,,False,,False,,False,,Dockerfile(s) found but no Python entry point could be resolved
https://github.com/stevens68/twixtbot-ui,no_dockerfile,False,0,0,0,,,0,0,0,0,0,False,,False,,False,,False,,False,,False,,no Dockerfile and no fallback entry point found
https://github.com/jotwo/humain-nlp-project,no_entry,False,0,1,0,,,0,0,0,0,0,False,,False,,False,,False,,False,,False,,Dockerfile(s) found but no Python entry point could be resolved
https://github.com/jeusgao/jobot_factory_nlp_simple,no_dockerfile,False,0,0,0,,,0,0,0,0,0,False,,False,,False,,False,,False,,False,,no Dockerfile and no fallback entry point found
https://github.com/Ayatafoy/deepface,no_dockerfile,False,0,0,0,,,0,0,0,0,0,False,,False,,False,,False,,False,,False,,no Dockerfile and no fallback entry point found
https://github.com/shuiruge/boltzmann,no_dockerfile,False,0,0,0,,,0,0,0,0,0,False,,False,,False,,False,,False,,False,,no Dockerfile and no fallback entry point found
https://github.com/exs-xgg/tf_obj_detect,no_entry,False,0,3,0,,,0,0,0,0,0,False,,False,,False,,False,,False,,False,,Dockerfile(s) found but no Python entry point could be resolved
https://github.com/mylonasc/tf_gnns,no_entry,False,0,1,0,,,0,0,0,0,0,False,,False,,False,,False,,False,,False,,Dockerfile(s) found but no Python entry point could be resolved
https://github.com/gulmert89/AI_projects,no_dockerfile,False,0,0,0,,,0,0,0,0,0,False,,False,,False,,False,,False,,False,,no Dockerfile and no fallback entry point found
https://github.com/Yuta123456/poker-ai,no_dockerfile,False,0,0,0,,,0,0,0,0,0,False,,False,,False,,False,,False,,False,,no Dockerfile and no fallback entry point found
https://github.com/benediktwagner/ml-reaserch,no_dockerfile,False,0,0,0,,,0,0,0,0,0,False,,False,,False,,False,,False,,False,,no Dockerfile and no fallback entry point found
https://github.com/sanidhyamangal/gans,no_dockerfile,False,0,0,0,,,0,0,0,0,0,False,,False,,False,,False,,False,,False,,no Dockerfile and no fallback entry point found
https://github.com/hades12580/NLP-Tutorials,no_dockerfile,False,0,0,0,,,0,0,0,0,0,False,,False,,False,,False,,False,,False,,no Dockerfile and no fallback entry point found
https://github.com/Wirden/scifly,no_dockerfile,False,0,0,0,,,0,0,0,0,0,False,,False,,False,,False,,False,,False,,no Dockerfile and no fallback entry point found
https://github.com/rwth-i6/pytorch-to-returnn,no_dockerfile,False,0,0,0,,,0,0,0,0,0,False,,False,,False,,False,,False,,False,,no Dockerfile and no fallback entry point found
https://github.com/reuben/kws_streaming,no_dockerfile,False,0,0,0,,,0,0,0,0,0,False,,False,,False,,False,,False,,False,,no Dockerfile and no fallback entry point found
https://github.com/matttpj/CarND-Capstone,no_entry,False,0,1,0,,,0,0,0,0,0,False,,False,,False,,False,,False,,False,,Dockerfile(s) found but no Python entry point could be resolved
https://github.com/A2Amir/Face-Detection-and-Verification,no_dockerfile,False,0,0,0,,,0,0,0,0,0,False,,False,,False,,False,,False,,False,,no Dockerfile and no fallback entry point found
https://github.com/lanagarmire/DeepProg,no_dockerfile,False,0,0,0,,,0,0,0,0,0,False,,False,,False,,False,,False,,False,,no Dockerfile and no fallback entry point found
https://github.com/mferri17/cnn-drone-befree,no_dockerfile,False,0,0,0,,,0,0,0,0,0,False,,False,,False,,False,,False,,False,,no Dockerfile and no fallback entry point found
https://github.com/zebengberg/lake-monster,no_dockerfile,False,0,0,0,,,0,0,0,0,0,False,,False,,False,,False,,False,,False,,no Dockerfile and no fallback entry point found
https://github.com/JuHyung-Son/mlops,no_entry,False,0,2,0,,,0,0,0,0,0,False,,False,,False,,False,,False,,False,,Dockerfile(s) found but no Python entry point could be resolved
https://github.com/davidfegyver/szabadfogasu-maszk,no_dockerfile,False,0,0,0,,,0,0,0,0,0,False,,False,,False,,False,,False,,False,,no Dockerfile and no fallback entry point found
https://github.com/romanticegg/c3d,no_dockerfile,False,0,0,0,,,0,0,0,0,0,False,,False,,False,,False,,False,,False,,no Dockerfile and no fallback entry point found
https://github.com/CREESTL/StudyingKeras,no_dockerfile,False,0,0,0,,,0,0,0,0,0,False,,False,,False,,False,,False,,False,,no Dockerfile and no fallback entry point found
https://github.com/jackie930/steward-sentiment-anlysis-bot,no_entry,False,0,2,0,,,0,0,0,0,0,False,,False,,False,,False,,False,,False,,Dockerfile(s) found but no Python entry point could be resolved
https://github.com/gaberani/yolo_f2c,no_dockerfile,False,0,0,0,,,0,0,0,0,0,False,,False,,False,,False,,False,,False,,no Dockerfile and no fallback entry point found
https://github.com/amalbouti/models,no_entry,False,0,3,0,,,0,0,0,0,0,False,,False,,False,,False,,False,,False,,Dockerfile(s) found but no Python entry point could be resolved
https://github.com/ismailoussaid/Projects,no_dockerfile,False,0,0,0,,,0,0,0,0,0,False,,False,,False,,False,,False,,False,,no Dockerfile and no fallback entry point found
https://github.com/stockcasting/DataAnalysis,no_dockerfile,False,0,0,0,,,0,0,0,0,0,False,,False,,False,,False,,False,,False,,no Dockerfile and no fallback entry point found
https://github.com/icrto/xML,no_dockerfile,False,0,0,0,,,0,0,0,0,0,False,,False,,False,,False,,False,,False,,no Dockerfile and no fallback entry point found
https://github.com/kjetil-lye/iterative_surrogate_optimization,no_dockerfile,False,0,0,0,,,0,0,0,0,0,False,,False,,False,,False,,False,,False,,no Dockerfile and no fallback entry point found
https://github.com/da-sssun/PyTorch-Toturial,no_dockerfile,False,0,0,0,,,0,0,0,0,0,False,,False,,False,,False,,False,,False,,no Dockerfile and no fallback entry point found
https://github.com/GowthamKumar1626/Machine-Learning-MODELS,no_dockerfile,False,0,0,0,,,0,0,0,0,0,False,,False,,False,,False,,False,,False,,no Dockerfile and no fallback entry point found
https://github.com/awslabs/sagemaker-battlesnake-ai,no_dockerfile,False,0,0,0,,,0,0,0,0,0,False,,False,,False,,False,,False,,False,,no Dockerfile and no fallback entry point found
https://github.com/Mulac/TDA-MNIST,no_dockerfile,False,0,0,0,,,0,0,0,0,0,False,,False,,False,,False,,False,,False,,no Dockerfile and no fallback entry point found
https://github.com/chenjshnn/Object-Detection-for-Graphical-User-Interface,no_dockerfile,False,0,0,0,,,0,0,0,0,0,False,,False,,False,,False,,False,,False,,no Dockerfile and no fallback entry point found
https://github.com/anders-w-rasmussen/crispr_decryptr,no_dockerfile,False,0,0,0,,,0,0,0,0,0,False,,False,,False,,False,,False,,False,,no Dockerfile and no fallback entry point found
https://github.com/SebGr/fml-wright,no_dockerfile,False,0,0,0,,,0,0,0,0,0,False,,False,,False,,False,,False,,False,,no Dockerfile and no fallback entry point found
https://github.com/goran237/Mask_RCNN,no_dockerfile,False,0,0,0,,,0,0,0,0,0,False,,False,,False,,False,,False,,False,,no Dockerfile and no fallback entry point found
https://github.com/Stellarator-X/ConvoBot,no_dockerfile,False,0,0,0,,,0,0,0,0,0,False,,False,,False,,False,,False,,False,,no Dockerfile and no fallback entry point found
https://github.com/JustusGammelgaard/darkflow,no_dockerfile,False,0,0,0,,,0,0,0,0,0,False,,False,,False,,False,,False,,False,,no Dockerfile and no fallback entry point found
https://github.com/ucsd-dsc-arts/dsc160-final-dsc160-final-group14,no_dockerfile,False,0,0,0,,,0,0,0,0,0,False,,False,,False,,False,,False,,False,,no Dockerfile and no fallback entry point found
https://github.com/chisness/teacher-rl-atari-gen,no_dockerfile,False,0,0,0,,,0,0,0,0,0,False,,False,,False,,False,,False,,False,,no Dockerfile and no fallback entry point found
https://github.com/UPstartDeveloper/DS-2.2-Deep-Learning,no_dockerfile,False,0,0,0,,,0,0,0,0,0,False,,False,,False,,False,,False,,False,,no Dockerfile and no fallback entry point found
https://github.com/awesomeahi95/Hotel_Review_NLP,no_dockerfile,False,0,0,0,,,0,0,0,0,0,False,,False,,False,,False,,False,,False,,no Dockerfile and no fallback entry point found
https://github.com/safeh2o/swot-python-analysis,no_entry,False,0,1,0,,,0,0,0,0,0,False,,False,,False,,False,,False,,False,,Dockerfile(s) found but no Python entry point could be resolved
https://github.com/CreativAI-UC/Tutoriales,no_dockerfile,False,0,0,0,,,0,0,0,0,0,False,,False,,False,,False,,False,,False,,no Dockerfile and no fallback entry point found
https://github.com/neurodatascience/course-materials-2020,no_dockerfile,False,0,0,0,,,0,0,0,0,0,False,,False,,False,,False,,False,,False,,no Dockerfile and no fallback entry point found
https://github.com/rg16feb/Image-Inpainting-using-GAN-Keras,no_dockerfile,False,0,0,0,,,0,0,0,0,0,False,,False,,False,,False,,False,,False,,no Dockerfile and no fallback entry point found
https://github.com/Ghost100453/pybullet-kuka-ddpg,no_dockerfile,False,0,0,0,,,0,0,0,0,0,False,,False,,False,,False,,False,,False,,no Dockerfile and no fallback entry point found
https://github.com/Diego07101985/bezerra-works,no_dockerfile,False,0,0,0,,,0,0,0,0,0,False,,False,,False,,False,,False,,False,,no Dockerfile and no fallback entry point found
https://github.com/Woadej/object_detection_demoSELF,no_dockerfile,False,0,0,0,,,0,0,0,0,0,False,,False,,False,,False,,False,,False,,no Dockerfile and no fallback entry point found
https://github.com/nikhitha-r/LenslessMicroscopyProject,no_dockerfile,False,0,0,0,,,0,0,0,0,0,False,,False,,False,,False,,False,,False,,no Dockerfile and no fallback entry point found
https://github.com/jinensetpal/ml-fundamentals,no_dockerfile,False,0,0,0,,,0,0,0,0,0,False,,False,,False,,False,,False,,False,,no Dockerfile and no fallback entry point found
https://github.com/RakeshKumar045/Artificial_Inelligence_Complete_2,no_entry,False,0,1,0,,,0,0,0,0,0,False,,False,,False,,False,,False,,False,,Dockerfile(s) found but no Python entry point could be resolved
https://github.com/BloomTech-Labs/MyDish-DS,no_dockerfile,False,0,0,0,,,0,0,0,0,0,False,,False,,False,,False,,False,,False,,no Dockerfile and no fallback entry point found
https://github.com/alexjeman/dqn,no_dockerfile,False,0,0,0,,,0,0,0,0,0,False,,False,,False,,False,,False,,False,,no Dockerfile and no fallback entry point found
https://github.com/SamuelLabrador/has_backend,no_entry,False,0,2,0,,,0,0,0,0,0,False,,False,,False,,False,,False,,False,,Dockerfile(s) found but no Python entry point could be resolved
https://github.com/gher-ulg/DINCAE,no_dockerfile,False,0,0,0,,,0,0,0,0,0,False,,False,,False,,False,,False,,False,,no Dockerfile and no fallback entry point found
https://github.com/geiszla/vision-compare,no_dockerfile,False,0,0,0,,,0,0,0,0,0,False,,False,,False,,False,,False,,False,,no Dockerfile and no fallback entry point found
https://github.com/xinshoulzc/ticket_reg,no_dockerfile,False,0,0,0,,,0,0,0,0,0,False,,False,,False,,False,,False,,False,,no Dockerfile and no fallback entry point found
https://github.com/labteral/ernie,no_entry,False,0,1,0,,,0,0,0,0,0,False,,False,,False,,False,,False,,False,,Dockerfile(s) found but no Python entry point could be resolved
https://github.com/Education-Resources/py-lab,no_entry,False,0,2,0,,,0,0,0,0,0,False,,False,,False,,False,,False,,False,,Dockerfile(s) found but no Python entry point could be resolved
https://github.com/AlexisRalli/VQE-code,no_dockerfile,False,0,0,0,,,0,0,0,0,0,False,,False,,False,,False,,False,,False,,no Dockerfile and no fallback entry point found
https://github.com/1904labs/learn-data-science,no_entry,False,0,1,0,,,0,0,0,0,0,False,,False,,False,,False,,False,,False,,Dockerfile(s) found but no Python entry point could be resolved
https://github.com/ik4o5/git,no_entry,False,0,1,0,,,0,0,0,0,0,False,,False,,False,,False,,False,,False,,Dockerfile(s) found but no Python entry point could be resolved
https://github.com/julianalverio/machine_learning_aws,no_dockerfile,False,0,0,0,,,0,0,0,0,0,False,,False,,False,,False,,False,,False,,no Dockerfile and no fallback entry point found
https://github.com/srom/rna_learn,no_dockerfile,False,0,0,0,,,0,0,0,0,0,False,,False,,False,,False,,False,,False,,no Dockerfile and no fallback entry point found
https://github.com/alessandrozin/Rasile2,no_dockerfile,False,0,0,0,,,0,0,0,0,0,False,,False,,False,,False,,False,,False,,no Dockerfile and no fallback entry point found
https://github.com/ramyabsu/darkflow,no_dockerfile,False,0,0,0,,,0,0,0,0,0,False,,False,,False,,False,,False,,False,,no Dockerfile and no fallback entry point found
https://github.com/mech0ctopus/depth-estimation,no_dockerfile,False,0,0,0,,,0,0,0,0,0,False,,False,,False,,False,,False,,False,,no Dockerfile and no fallback entry point found
https://github.com/cloudoudodo/python-datastucture,no_dockerfile,False,0,0,0,,,0,0,0,0,0,False,,False,,False,,False,,False,,False,,no Dockerfile and no fallback entry point found
https://github.com/yamen23ali/m4-lstm,no_dockerfile,False,0,0,0,,,0,0,0,0,0,False,,False,,False,,False,,False,,False,,no Dockerfile and no fallback entry point found
https://github.com/flabwolf/WolfBattler_PHP,no_dockerfile,False,0,0,0,,,0,0,0,0,0,False,,False,,False,,False,,False,,False,,no Dockerfile and no fallback entry point found
https://github.com/Kautenja/robust-graph-convolutional-networks-against-adversarial-attacks-implementation,no_dockerfile,False,0,0,0,,,0,0,0,0,0,False,,False,,False,,False,,False,,False,,no Dockerfile and no fallback entry point found
https://github.com/panchishin/learn-to-tensorflow,no_dockerfile,False,0,0,0,,,0,0,0,0,0,False,,False,,False,,False,,False,,False,,no Dockerfile and no fallback entry point found
https://github.com/jnarr/Hands-on-ML,no_entry,False,0,1,0,,,0,0,0,0,0,False,,False,,False,,False,,False,,False,,Dockerfile(s) found but no Python entry point could be resolved
https://github.com/mcherep/objdet,no_dockerfile,False,0,0,0,,,0,0,0,0,0,False,,False,,False,,False,,False,,False,,no Dockerfile and no fallback entry point found
https://github.com/shamod/cureskin,no_entry,False,0,2,0,,,0,0,0,0,0,False,,False,,False,,False,,False,,False,,Dockerfile(s) found but no Python entry point could be resolved
https://github.com/HorizonRobotics/alf,no_entry,False,0,2,0,,,0,0,0,0,0,False,,False,,False,,False,,False,,False,,Dockerfile(s) found but no Python entry point could be resolved
https://github.com/nathancoulson/prediction_app,no_dockerfile,False,0,0,0,,,0,0,0,0,0,False,,False,,False,,False,,False,,False,,no Dockerfile and no fallback entry point found
https://github.com/guildai/_examples,no_dockerfile,False,0,0,0,,,0,0,0,0,0,False,,False,,False,,False,,False,,False,,no Dockerfile and no fallback entry point found
https://github.com/thezaza101/Meal-Compliance-Project,clone_failed,False,0,0,0,,,0,0,0,0,0,False,,False,,False,,False,,False,,False,,error: unable to write file Demo/Data/base_model.h5
https://github.com/clrrrr/promp_plus,no_dockerfile,False,0,0,0,,,0,0,0,0,0,False,,False,,False,,False,,False,,False,,no Dockerfile and no fallback entry point found
https://github.com/mivlab/share,no_dockerfile,False,0,0,0,,,0,0,0,0,0,False,,False,,False,,False,,False,,False,,no Dockerfile and no fallback entry point found
https://github.com/BayesianFreaks/scikit-stan,no_dockerfile,False,0,0,0,,,0,0,0,0,0,False,,False,,False,,False,,False,,False,,no Dockerfile and no fallback entry point found
https://github.com/shopping-tang/Alpha-pose,clone_failed,False,0,0,0,,,0,0,0,0,0,False,,False,,False,,False,,False,,False,,fatal: write error: No space left on device
https://github.com/AntonMu/EQanalytics,clone_failed,False,0,0,0,,,0,0,0,0,0,False,,False,,False,,False,,False,,False,,fatal: write error: No space left on device
https://github.com/MarcoLengua/ideal-system,no_dockerfile,False,0,0,0,,,0,0,0,0,0,False,,False,,False,,False,,False,,False,,no Dockerfile and no fallback entry point found
https://github.com/sailingzhang/test,clone_failed,False,0,0,0,,,0,0,0,0,0,False,,False,,False,,False,,False,,False,,error: unable to write file python/pytorch_test.py
https://github.com/eg4000/SKU110K_CVPR19,no_dockerfile,False,0,0,0,,,0,0,0,0,0,False,,False,,False,,False,,False,,False,,no Dockerfile and no fallback entry point found
https://github.com/markmoses/GPflow_mm2,clone_failed,False,0,0,0,,,0,0,0,0,0,False,,False,,False,,False,,False,,False,,error: unable to write file doc/source/notebooks/GPflows.png
https://github.com/DZehden/MusicGeneration,clone_failed,False,0,0,0,,,0,0,0,0,0,False,,False,,False,,False,,False,,False,,fatal: write error: No space left on device
https://github.com/stoicswe/CSCI-480A-Senior-Capstone-Computer-Science,clone_failed,False,0,0,0,,,0,0,0,0,0,False,,False,,False,,False,,False,,False,,error: unable to write file Final Project_old/log/train/gail/events.out.tfevents.1554325619.liliana.houghton.edu
https://github.com/stivenramireza/ai-english-adaptative-classification-test,no_entry,False,0,1,0,,,0,0,0,0,0,False,,False,,False,,False,,False,,False,,Dockerfile(s) found but no Python entry point could be resolved
https://github.com/fooSynaptic/transfromer_NN_Block,no_dockerfile,False,0,0,0,,,0,0,0,0,0,False,,False,,False,,False,,False,,False,,no Dockerfile and no fallback entry point found
https://github.com/speg03/til,no_entry,False,0,1,0,,,0,0,0,0,0,False,,False,,False,,False,,False,,False,,Dockerfile(s) found but no Python entry point could be resolved
https://github.com/Octavian-ai/BigGAN-TPU-TensorFlow,no_dockerfile,False,0,0,0,,,0,0,0,0,0,False,,False,,False,,False,,False,,False,,no Dockerfile and no fallback entry point found
https://github.com/rickyHong/Mask-RCNN-repl2,clone_failed,False,0,0,0,,,0,0,0,0,0,False,,False,,False,,False,,False,,False,,fatal: write error: No space left on device
https://github.com/mokemokechicken/obstacle_tower,no_dockerfile,False,0,0,0,,,0,0,0,0,0,False,,False,,False,,False,,False,,False,,no Dockerfile and no fallback entry point found
https://github.com/rickyHong/tensorflow-plot-repl,clone_failed,False,0,0,0,,,0,0,0,0,0,False,,False,,False,,False,,False,,False,,fatal: write error: No space left on device
https://github.com/mplefort/Python_Learning,clone_failed,False,0,0,0,,,0,0,0,0,0,False,,False,,False,,False,,False,,False,,fatal: write error: No space left on device
https://github.com/paxtonjung/TensorFlow-Tutorials,clone_failed,False,0,0,0,,,0,0,0,0,0,False,,False,,False,,False,,False,,False,,fatal: write error: No space left on device
https://github.com/MaZhiyuanBUAA/bert-tf1.4.0,no_dockerfile,False,0,0,0,,,0,0,0,0,0,False,,False,,False,,False,,False,,False,,no Dockerfile and no fallback entry point found
https://github.com/rielaender/titanic,no_dockerfile,False,0,0,0,,,0,0,0,0,0,False,,False,,False,,False,,False,,False,,no Dockerfile and no fallback entry point found
https://github.com/basilvetas/lending-club-analysis,clone_failed,False,0,0,0,,,0,0,0,0,0,False,,False,,False,,False,,False,,False,,fatal: write error: No space left on device
https://github.com/ebonilla/AutoGP,no_dockerfile,False,0,0,0,,,0,0,0,0,0,False,,False,,False,,False,,False,,False,,no Dockerfile and no fallback entry point found
https://github.com/yakolle/ml2lm,clone_failed,False,0,0,0,,,0,0,0,0,0,False,,False,,False,,False,,False,,False,,error: unable to write file ml2lm/calc/model/units/embed.py
https://github.com/mdc2018-diggers/Sign-Language-Digits-Dataset,clone_failed,False,0,0,0,,,0,0,0,0,0,False,,False,,False,,False,,False,,False,,error: copy-fd: write returned: No space left on device
https://github.com/ucloud/uai-sdk,clone_failed,False,0,0,0,,,0,0,0,0,0,False,,False,,False,,False,,False,,False,,fatal: write error: No space left on device
https://github.com/jcmaeng/SDCND_Capstone,clone_failed,False,0,0,0,,,0,0,0,0,0,False,,False,,False,,False,,False,,False,,fatal: write error: No space left on device
https://github.com/83286415/My-Hands,clone_failed,False,0,0,0,,,0,0,0,0,0,False,,False,,False,,False,,False,,False,,fatal: write error: No space left on device
https://github.com/YuliaNikonova/celebrity_faces,clone_failed,False,0,0,0,,,0,0,0,0,0,False,,False,,False,,False,,False,,False,,error: copy-fd: write returned: No space left on device
https://github.com/Matanley/Deep-Learning-Journey,clone_failed,False,0,0,0,,,0,0,0,0,0,False,,False,,False,,False,,False,,False,,fatal: write error: No space left on device
https://github.com/rizejin/asr,clone_failed,False,0,0,0,,,0,0,0,0,0,False,,False,,False,,False,,False,,False,,error: unable to write file images/0_Karen_160.png
https://github.com/conan7882/DeepVision-tensorflow,clone_failed,False,0,0,0,,,0,0,0,0,0,False,,False,,False,,False,,False,,False,,fatal: write error: No space left on device
https://github.com/proste/evgena,clone_failed,False,0,0,0,,,0,0,0,0,0,False,,False,,False,,False,,False,,False,,error: copy-fd: write returned: No space left on device
https://github.com/Kholio/darkflow,clone_failed,False,0,0,0,,,0,0,0,0,0,False,,False,,False,,False,,False,,False,,error: copy-fd: write returned: No space left on device
https://github.com/krishnakalyan3/LearnPyTorch,clone_failed,False,0,0,0,,,0,0,0,0,0,False,,False,,False,,False,,False,,False,,error: copy-fd: write returned: No space left on device
https://github.com/dbobrenko/async-deeprl,clone_failed,False,0,0,0,,,0,0,0,0,0,False,,False,,False,,False,,False,,False,,error: copy-fd: write returned: No space left on device
https://github.com/HPI-DeepLearning/SegMed,clone_failed,False,0,0,0,,,0,0,0,0,0,False,,False,,False,,False,,False,,False,,fatal: write error: No space left on device
https://github.com/bastikluge/CarND-Capstone,clone_failed,False,0,0,0,,,0,0,0,0,0,False,,False,,False,,False,,False,,False,,error: copy-fd: write returned: No space left on device
https://github.com/zhaobaiyu/dlnd,clone_failed,False,0,0,0,,,0,0,0,0,0,False,,False,,False,,False,,False,,False,,error: copy-fd: write returned: No space left on device
https://github.com/nikvaessen/PablosPuzzlingPendulum,clone_failed,False,0,0,0,,,0,0,0,0,0,False,,False,,False,,False,,False,,False,,fatal: write error: No space left on device
https://github.com/SiliconCar/CarND-Capstone,clone_failed,False,0,0,0,,,0,0,0,0,0,False,,False,,False,,False,,False,,False,,error: copy-fd: write returned: No space left on device
https://github.com/AdeDZY/K-NRM,clone_failed,False,0,0,0,,,0,0,0,0,0,False,,False,,False,,False,,False,,False,,fatal: write error: No space left on device
https://github.com/nottombrown/rl-teacher,clone_failed,False,0,0,0,,,0,0,0,0,0,False,,False,,False,,False,,False,,False,,fatal: write error: No space left on device
https://github.com/jonpoveda/scene-classification,clone_failed,False,0,0,0,,,0,0,0,0,0,False,,False,,False,,False,,False,,False,,error: copy-fd: write returned: No space left on device
https://github.com/ryucc/CS760_Final_project,clone_failed,False,0,0,0,,,0,0,0,0,0,False,,False,,False,,False,,False,,False,,error: copy-fd: write returned: No space left on device
https://github.com/pancodia/OKGTreg,clone_failed,False,0,0,0,,,0,0,0,0,0,False,,False,,False,,False,,False,,False,,fatal: write error: No space left on device
https://github.com/KamitaniLab/slir,clone_failed,False,0,0,0,,,0,0,0,0,0,False,,False,,False,,False,,False,,False,,error: copy-fd: write returned: No space left on device
https://github.com/eli-s-goldberg/nanogbcdt,clone_failed,False,0,0,0,,,0,0,0,0,0,False,,False,,False,,False,,False,,False,,error: could not lock config file D:/scan_tmp/scan__z3biq7k/repo/.git/config: No space left on device
https://github.com/sofienealouini/tsnn,clone_failed,False,0,0,0,,,0,0,0,0,0,False,,False,,False,,False,,False,,False,,error: copy-fd: write returned: No space left on device
https://github.com/douglasrizzo/catsim,clone_failed,False,0,0,0,,,0,0,0,0,0,False,,False,,False,,False,,False,,False,,error: copy-fd: write returned: No space left on device
https://github.com/ejhumphrey/harmonic-cnn,clone_failed,False,0,0,0,,,0,0,0,0,0,False,,False,,False,,False,,False,,False,,error: copy-fd: write returned: No space left on device
https://github.com/mbatchkarov/DiscoUtils,clone_failed,False,0,0,0,,,0,0,0,0,0,False,,False,,False,,False,,False,,False,,error: copy-fd: write returned: No space left on device
https://github.com/MIT-LCP/false-alarm-reduction,clone_failed,False,0,0,0,,,0,0,0,0,0,False,,False,,False,,False,,False,,False,,error: copy-fd: write returned: No space left on device
https://github.com/dtczhl/FedTuning,clone_failed,False,0,0,0,,,0,0,0,0,0,False,,False,,False,,False,,False,,False,,error: copy-fd: write returned: No space left on device
https://github.com/MonnierThomas/corrosion_recognition,clone_failed,False,0,0,0,,,0,0,0,0,0,False,,False,,False,,False,,False,,False,,error: copy-fd: write returned: No space left on device
https://github.com/fenago/datascience-ml-next-level,clone_failed,False,0,0,0,,,0,0,0,0,0,False,,False,,False,,False,,False,,False,,error: copy-fd: write returned: No space left on device
https://github.com/Vbansal21/Custom_Architecture,clone_failed,False,0,0,0,,,0,0,0,0,0,False,,False,,False,,False,,False,,False,,error: copy-fd: write returned: No space left on device
https://github.com/Skerson/objectDetection,clone_failed,False,0,0,0,,,0,0,0,0,0,False,,False,,False,,False,,False,,False,,error: copy-fd: write returned: No space left on device
https://github.com/A-safarji/authorship,clone_failed,False,0,0,0,,,0,0,0,0,0,False,,False,,False,,False,,False,,False,,error: copy-fd: write returned: No space left on device
https://github.com/LHentges/LanceOtron,clone_failed,False,0,0,0,,,0,0,0,0,0,False,,False,,False,,False,,False,,False,,error: copy-fd: write returned: No space left on device
https://github.com/jainharshit3107/Deep-Learning-End-to-End,clone_failed,False,0,0,0,,,0,0,0,0,0,False,,False,,False,,False,,False,,False,,error: copy-fd: write returned: No space left on device
https://github.com/NREL/PowerGridworld,clone_failed,False,0,0,0,,,0,0,0,0,0,False,,False,,False,,False,,False,,False,,error: copy-fd: write returned: No space left on device
https://github.com/RendezvousHorizon/EdgeVisionTransformer,clone_failed,False,0,0,0,,,0,0,0,0,0,False,,False,,False,,False,,False,,False,,error: copy-fd: write returned: No space left on device
https://github.com/ur-whitelab/peptide-dashboard,clone_failed,False,0,0,0,,,0,0,0,0,0,False,,False,,False,,False,,False,,False,,error: copy-fd: write returned: No space left on device
https://github.com/RobertJN64/MLVisualizationTools,clone_failed,False,0,0,0,,,0,0,0,0,0,False,,False,,False,,False,,False,,False,,error: copy-fd: write returned: No space left on device
https://github.com/LorenzoValente3/Deep-Learning-Models,clone_failed,False,0,0,0,,,0,0,0,0,0,False,,False,,False,,False,,False,,False,,error: copy-fd: write returned: No space left on device
https://github.com/Kabilan-n/Mask-Detection-and-social-Distancing,clone_failed,False,0,0,0,,,0,0,0,0,0,False,,False,,False,,False,,False,,False,,error: copy-fd: write returned: No space left on device
https://github.com/ngzhili/SignPose,clone_failed,False,0,0,0,,,0,0,0,0,0,False,,False,,False,,False,,False,,False,,error: copy-fd: write returned: No space left on device
https://github.com/huangshunliang/numpy-ml,clone_failed,False,0,0,0,,,0,0,0,0,0,False,,False,,False,,False,,False,,False,,error: copy-fd: write returned: No space left on device
https://github.com/secondmind-labs/markovflow,clone_failed,False,0,0,0,,,0,0,0,0,0,False,,False,,False,,False,,False,,False,,error: copy-fd: write returned: No space left on device
https://github.com/crushedmonster/Streamlit_Bus_Number_Detector,clone_failed,False,0,0,0,,,0,0,0,0,0,False,,False,,False,,False,,False,,False,,error: copy-fd: write returned: No space left on device
https://github.com/reppertj/earworm,clone_failed,False,0,0,0,,,0,0,0,0,0,False,,False,,False,,False,,False,,False,,error: copy-fd: write returned: No space left on device
https://github.com/Rhofrane/detection-vehicule,clone_failed,False,0,0,0,,,0,0,0,0,0,False,,False,,False,,False,,False,,False,,error: copy-fd: write returned: No space left on device
https://github.com/N-A-ML/Data_Glacier_Week_12,clone_failed,False,0,0,0,,,0,0,0,0,0,False,,False,,False,,False,,False,,False,,fatal: write error: No space left on device
https://github.com/Clement25/UCB-CS285-CS294-112,clone_failed,False,0,0,0,,,0,0,0,0,0,False,,False,,False,,False,,False,,False,,fatal: write error: No space left on device
https://github.com/GoogleCloudPlatform/vertex-ai-samples,clone_failed,False,0,0,0,,,0,0,0,0,0,False,,False,,False,,False,,False,,False,,error: copy-fd: write returned: No space left on device
https://github.com/ankitasikder/UEMK-MASK-DETECTION-COVID-UPDATES,clone_failed,False,0,0,0,,,0,0,0,0,0,False,,False,,False,,False,,False,,False,,error: copy-fd: write returned: No space left on device
https://github.com/DIS-ML-PROJECT/Satellite-model,clone_failed,False,0,0,0,,,0,0,0,0,0,False,,False,,False,,False,,False,,False,,fatal: write error: No space left on device
https://github.com/Abhishekmishra-17/1st-project-accident-control-management-system,clone_failed,False,0,0,0,,,0,0,0,0,0,False,,False,,False,,False,,False,,False,,error: copy-fd: write returned: No space left on device
https://github.com/tristanoprofetto/neural-networks,clone_failed,False,0,0,0,,,0,0,0,0,0,False,,False,,False,,False,,False,,False,,fatal: write error: No space left on device
https://github.com/IGITUGraz/adaptation_working_memory,clone_failed,False,0,0,0,,,0,0,0,0,0,False,,False,,False,,False,,False,,False,,error: copy-fd: write returned: No space left on device
https://github.com/bhelfr/test,clone_failed,False,0,0,0,,,0,0,0,0,0,False,,False,,False,,False,,False,,False,,error: copy-fd: write returned: No space left on device
https://github.com/SAP/credential-digger,clone_failed,False,0,0,0,,,0,0,0,0,0,False,,False,,False,,False,,False,,False,,fatal: write error: No space left on device
https://github.com/AtrejuArtax/airontools,clone_failed,False,0,0,0,,,0,0,0,0,0,False,,False,,False,,False,,False,,False,,error: copy-fd: write returned: No space left on device
https://github.com/jmoro0408/Keyword-Identification,clone_failed,False,0,0,0,,,0,0,0,0,0,False,,False,,False,,False,,False,,False,,error: copy-fd: write returned: No space left on device
https://github.com/S4B1K24/flaskapp,clone_failed,False,0,0,0,,,0,0,0,0,0,False,,False,,False,,False,,False,,False,,error: copy-fd: write returned: No space left on device
https://github.com/tjcsl/cslbot-tjhsst,clone_failed,False,0,0,0,,,0,0,0,0,0,False,,False,,False,,False,,False,,False,,error: copy-fd: write returned: No space left on device
https://github.com/tensorflow/neural-structured-learning,clone_failed,False,0,0,0,,,0,0,0,0,0,False,,False,,False,,False,,False,,False,,error: copy-fd: write returned: No space left on device
https://github.com/Crixtiancub/Feedback_Vicky2.0,clone_failed,False,0,0,0,,,0,0,0,0,0,False,,False,,False,,False,,False,,False,,error: copy-fd: write returned: No space left on device
https://github.com/apd10/criteo_deepctr,clone_failed,False,0,0,0,,,0,0,0,0,0,False,,False,,False,,False,,False,,False,,error: copy-fd: write returned: No space left on device
https://github.com/VirtualRoyalty/Text-level-GCN,clone_failed,False,0,0,0,,,0,0,0,0,0,False,,False,,False,,False,,False,,False,,fatal: write error: No space left on device
https://github.com/ColeBallard/mozart,clone_failed,False,0,0,0,,,0,0,0,0,0,False,,False,,False,,False,,False,,False,,error: copy-fd: write returned: No space left on device
https://github.com/TWCurry/emotion-recognition-training-platform,clone_failed,False,0,0,0,,,0,0,0,0,0,False,,False,,False,,False,,False,,False,,fatal: write error: No space left on device
https://github.com/jeongukjae/tfds-korean,clone_failed,False,0,0,0,,,0,0,0,0,0,False,,False,,False,,False,,False,,False,,error: copy-fd: write returned: No space left on device
https://github.com/taubaaron/final_project_npss,clone_failed,False,0,0,0,,,0,0,0,0,0,False,,False,,False,,False,,False,,False,,error: copy-fd: write returned: No space left on device
https://github.com/georgeslabreche/opssat-smartcam,clone_failed,False,0,0,0,,,0,0,0,0,0,False,,False,,False,,False,,False,,False,,error: copy-fd: write returned: No space left on device
https://github.com/bigalex95/HandTracking,clone_failed,False,0,0,0,,,0,0,0,0,0,False,,False,,False,,False,,False,,False,,error: copy-fd: write returned: No space left on device
https://github.com/molokhovdmitry/TwitchCategory,clone_failed,False,0,0,0,,,0,0,0,0,0,False,,False,,False,,False,,False,,False,,error: copy-fd: write returned: No space left on device
https://github.com/Danielle-Schuman/QDynamics,clone_failed,False,0,0,0,,,0,0,0,0,0,False,,False,,False,,False,,False,,False,,fatal: write error: No space left on device
https://github.com/arjunparmar/TUNEX,clone_failed,False,0,0,0,,,0,0,0,0,0,False,,False,,False,,False,,False,,False,,fatal: write error: No space left on device
https://github.com/marianadangelo/shopify-coding-challenge,clone_failed,False,0,0,0,,,0,0,0,0,0,False,,False,,False,,False,,False,,False,,fatal: cannot copy 'C:/Program Files/Git/mingw64/share/git-core/templates/hooks/pre-commit.sample' to 'D:/scan_tmp/scan_uq7h9cmj/repo/.git/hooks/pre-commit.sample': No space left on device
https://github.com/VaibhavTanwar/terrahome,clone_failed,False,0,0,0,,,0,0,0,0,0,False,,False,,False,,False,,False,,False,,error: copy-fd: write returned: No space left on device
https://github.com/lagyee/automod,clone_failed,False,0,0,0,,,0,0,0,0,0,False,,False,,False,,False,,False,,False,,error: copy-fd: write returned: No space left on device
https://github.com/Aaron-Paul/Image-Segmentation,clone_failed,False,0,0,0,,,0,0,0,0,0,False,,False,,False,,False,,False,,False,,error: copy-fd: write returned: No space left on device
https://github.com/kstaats/karoo_gp,clone_failed,False,0,0,0,,,0,0,0,0,0,False,,False,,False,,False,,False,,False,,error: copy-fd: write returned: No space left on device
https://github.com/himmng/EmuPBk,clone_failed,False,0,0,0,,,0,0,0,0,0,False,,False,,False,,False,,False,,False,,error: copy-fd: write returned: No space left on device
https://github.com/johnywauke/ANDROIDTENSORFLOW,clone_failed,False,0,0,0,,,0,0,0,0,0,False,,False,,False,,False,,False,,False,,error: copy-fd: write returned: No space left on device
https://github.com/YuCH-Hank/Mask_RCNN,clone_failed,False,0,0,0,,,0,0,0,0,0,False,,False,,False,,False,,False,,False,,fatal: write error: No space left on device
https://github.com/betoecd/Anne,clone_failed,False,0,0,0,,,0,0,0,0,0,False,,False,,False,,False,,False,,False,,error: copy-fd: write returned: No space left on device
https://github.com/swapnilsayansaha/HCI_Proj.-GUI_GAN-HMM-T9,clone_failed,False,0,0,0,,,0,0,0,0,0,False,,False,,False,,False,,False,,False,,error: copy-fd: write returned: No space left on device
https://github.com/Juanx65/bill-detection,clone_failed,False,0,0,0,,,0,0,0,0,0,False,,False,,False,,False,,False,,False,,error: copy-fd: write returned: No space left on device
https://github.com/google/ml-compiler-opt,clone_failed,False,0,0,0,,,0,0,0,0,0,False,,False,,False,,False,,False,,False,,fatal: write error: No space left on device
https://github.com/wrodgers69/dyno2,clone_failed,False,0,0,0,,,0,0,0,0,0,False,,False,,False,,False,,False,,False,,error: could not lock config file D:/scan_tmp/scan_lpx9m73i/repo/.git/config: No space left on device
https://github.com/shuaaa/NVIDIA-DeepLearning,clone_failed,False,0,0,0,,,0,0,0,0,0,False,,False,,False,,False,,False,,False,,error: could not lock config file D:/scan_tmp/scan_dj_jle0w/repo/.git/config: No space left on device
https://github.com/rowbottomn/battlesnake-AWS-sagemaker,clone_failed,False,0,0,0,,,0,0,0,0,0,False,,False,,False,,False,,False,,False,,error: copy-fd: write returned: No space left on device
https://github.com/iwankoTG/udacity,clone_failed,False,0,0,0,,,0,0,0,0,0,False,,False,,False,,False,,False,,False,,error: could not lock config file D:/scan_tmp/scan_f0vrl08t/repo/.git/config: No space left on device
https://github.com/PawelPeczek/SemanticSegmentationToolkit,clone_failed,False,0,0,0,,,0,0,0,0,0,False,,False,,False,,False,,False,,False,,error: could not lock config file D:/scan_tmp/scan_0qdt9ff6/repo/.git/config: No space left on device
https://github.com/bertelschmitt/multistreamYOLO,clone_failed,False,0,0,0,,,0,0,0,0,0,False,,False,,False,,False,,False,,False,,error: copy-fd: write returned: No space left on device
https://github.com/MLavrentyev/DinoNet,clone_failed,False,0,0,0,,,0,0,0,0,0,False,,False,,False,,False,,False,,False,,error: could not lock config file D:/scan_tmp/scan_zvuoqf21/repo/.git/config: No space left on device
https://github.com/aws-samples/amazon-rekognition-ppe,clone_failed,False,0,0,0,,,0,0,0,0,0,False,,False,,False,,False,,False,,False,,error: copy-fd: write returned: No space left on device
https://github.com/axyorah/quick_img_processing,clone_failed,False,0,0,0,,,0,0,0,0,0,False,,False,,False,,False,,False,,False,,error: copy-fd: write returned: No space left on device
https://github.com/WiktorJ/quantum-gans,clone_failed,False,0,0,0,,,0,0,0,0,0,False,,False,,False,,False,,False,,False,,error: could not lock config file D:/scan_tmp/scan_0r39kmlm/repo/.git/config: No space left on device
https://github.com/mchrestkha/machine_learning_examples,clone_failed,False,0,0,0,,,0,0,0,0,0,False,,False,,False,,False,,False,,False,,error: copy-fd: write returned: No space left on device
https://github.com/akhilaji/aws-nvidia-robot-capstone,clone_failed,False,0,0,0,,,0,0,0,0,0,False,,False,,False,,False,,False,,False,,error: copy-fd: write returned: No space left on device
https://github.com/VitalyRomanov/method-embedding,clone_failed,False,0,0,0,,,0,0,0,0,0,False,,False,,False,,False,,False,,False,,error: copy-fd: write returned: No space left on device
https://github.com/apoluekt/TFA2,clone_failed,False,0,0,0,,,0,0,0,0,0,False,,False,,False,,False,,False,,False,,error: copy-fd: write returned: No space left on device
https://github.com/celmore25/portfolio,clone_failed,False,0,0,0,,,0,0,0,0,0,False,,False,,False,,False,,False,,False,,error: could not lock config file D:/scan_tmp/scan_rh6clrp4/repo/.git/config: No space left on device
https://github.com/NeuroArchitect/lm,clone_failed,False,0,0,0,,,0,0,0,0,0,False,,False,,False,,False,,False,,False,,error: could not lock config file D:/scan_tmp/scan_wsllu9vo/repo/.git/config: No space left on device
https://github.com/nagesh10/MLII_Lab_2020_21,clone_failed,False,0,0,0,,,0,0,0,0,0,False,,False,,False,,False,,False,,False,,error: copy-fd: write returned: No space left on device
https://github.com/NSLS-II/bad-seeds,clone_failed,False,0,0,0,,,0,0,0,0,0,False,,False,,False,,False,,False,,False,,error: copy-fd: write returned: No space left on device
https://github.com/Vadermit/TransPAI,clone_failed,False,0,0,0,,,0,0,0,0,0,False,,False,,False,,False,,False,,False,,fatal: write error: No space left on device
https://github.com/gakkifan2020/tensorflow2_models,clone_failed,False,0,0,0,,,0,0,0,0,0,False,,False,,False,,False,,False,,False,,error: could not lock config file D:/scan_tmp/scan_xel91g_p/repo/.git/config: No space left on device
https://github.com/lihmds/govis,clone_failed,False,0,0,0,,,0,0,0,0,0,False,,False,,False,,False,,False,,False,,fatal: write error: No space left on device
https://github.com/anupamme/federated,clone_failed,False,0,0,0,,,0,0,0,0,0,False,,False,,False,,False,,False,,False,,error: could not lock config file D:/scan_tmp/scan_nx6dluhk/repo/.git/config: No space left on device
https://github.com/ashwin-phadke/implementations-and-guides,clone_failed,False,0,0,0,,,0,0,0,0,0,False,,False,,False,,False,,False,,False,,error: could not lock config file D:/scan_tmp/scan_l26_mte8/repo/.git/config: No space left on device
https://github.com/googleinterns/smart-content-summary,clone_failed,False,0,0,0,,,0,0,0,0,0,False,,False,,False,,False,,False,,False,,error: could not lock config file D:/scan_tmp/scan_zy4jg_fq/repo/.git/config: No space left on device
https://github.com/fpgholizadeh/Udacity-CarND-Capstone,clone_failed,False,0,0,0,,,0,0,0,0,0,False,,False,,False,,False,,False,,False,,fatal: cannot copy 'C:/Program Files/Git/mingw64/share/git-core/templates/hooks/pre-commit.sample' to 'D:/scan_tmp/scan_hfyd0qor/repo/.git/hooks/pre-commit.sample': No space left on device
https://github.com/Shemlenie/LAB_5,clone_failed,False,0,0,0,,,0,0,0,0,0,False,,False,,False,,False,,False,,False,,error: copy-fd: write returned: No space left on device
https://github.com/google-research/tapas,clone_failed,False,0,0,0,,,0,0,0,0,0,False,,False,,False,,False,,False,,False,,error: copy-fd: write returned: No space left on device
https://github.com/antigenomics/vdjdb-classifier-benchmark,clone_failed,False,0,0,0,,,0,0,0,0,0,False,,False,,False,,False,,False,,False,,fatal: cannot copy 'C:/Program Files/Git/mingw64/share/git-core/templates/hooks/pre-commit.sample' to 'D:/scan_tmp/scan_43bdjo3g/repo/.git/hooks/pre-commit.sample': No space left on device
https://github.com/koulakis/reacher-deep-reinforcement-learning,clone_failed,False,0,0,0,,,0,0,0,0,0,False,,False,,False,,False,,False,,False,,error: copy-fd: write returned: No space left on device
https://github.com/kknudson15/Udacity_DeepLearning_ND,clone_failed,False,0,0,0,,,0,0,0,0,0,False,,False,,False,,False,,False,,False,,fatal: cannot copy 'C:/Program Files/Git/mingw64/share/git-core/templates/hooks/pre-commit.sample' to 'D:/scan_tmp/scan_7vr_3754/repo/.git/hooks/pre-commit.sample': No space left on device
https://github.com/ramsrigouthamg/Questgen_Squash_Question_Generation,clone_failed,False,0,0,0,,,0,0,0,0,0,False,,False,,False,,False,,False,,False,,error: copy-fd: write returned: No space left on device
https://github.com/TobiasKutscher/MaskRCNN,clone_failed,False,0,0,0,,,0,0,0,0,0,False,,False,,False,,False,,False,,False,,fatal: cannot copy 'C:/Program Files/Git/mingw64/share/git-core/templates/hooks/pre-commit.sample' to 'D:/scan_tmp/scan_ovnkaugo/repo/.git/hooks/pre-commit.sample': No space left on device
https://github.com/sisl/AdaptiveStressTestingToolbox,clone_failed,False,0,0,0,,,0,0,0,0,0,False,,False,,False,,False,,False,,False,,fatal: cannot copy 'C:/Program Files/Git/mingw64/share/git-core/templates/hooks/pre-commit.sample' to 'D:/scan_tmp/scan_pjvdyy6y/repo/.git/hooks/pre-commit.sample': No space left on device
https://github.com/Artemso/BTTLR_hackathon,clone_failed,False,0,0,0,,,0,0,0,0,0,False,,False,,False,,False,,False,,False,,error: copy-fd: write returned: No space left on device
https://github.com/qlyu001/nlp_label_prediction,clone_failed,False,0,0,0,,,0,0,0,0,0,False,,False,,False,,False,,False,,False,,error: copy-fd: write returned: No space left on device
https://github.com/dtsbourg/BiFocalE,clone_failed,False,0,0,0,,,0,0,0,0,0,False,,False,,False,,False,,False,,False,,fatal: cannot copy 'C:/Program Files/Git/mingw64/share/git-core/templates/hooks/pre-commit.sample' to 'D:/scan_tmp/scan_qo3wgdaf/repo/.git/hooks/pre-commit.sample': No space left on device
https://github.com/zuds-survey/zuds-pipeline,clone_failed,False,0,0,0,,,0,0,0,0,0,False,,False,,False,,False,,False,,False,,fatal: cannot copy 'C:/Program Files/Git/mingw64/share/git-core/templates/hooks/pre-commit.sample' to 'D:/scan_tmp/scan_e0bd9vjm/repo/.git/hooks/pre-commit.sample': No space left on device
https://github.com/briansfma/CarND-Capstone,clone_failed,False,0,0,0,,,0,0,0,0,0,False,,False,,False,,False,,False,,False,,fatal: cannot copy 'C:/Program Files/Git/mingw64/share/git-core/templates/hooks/pre-commit.sample' to 'D:/scan_tmp/scan_e9py5fno/repo/.git/hooks/pre-commit.sample': No space left on device
https://github.com/LeeWooJung/Pytorch,clone_failed,False,0,0,0,,,0,0,0,0,0,False,,False,,False,,False,,False,,False,,error: copy-fd: write returned: No space left on device
https://github.com/kaushikdey0512/Mask-RCNN,clone_failed,False,0,0,0,,,0,0,0,0,0,False,,False,,False,,False,,False,,False,,error: copy-fd: write returned: No space left on device
https://github.com/Seafoodair/Openreview,clone_failed,False,0,0,0,,,0,0,0,0,0,False,,False,,False,,False,,False,,False,,fatal: cannot copy 'C:/Program Files/Git/mingw64/share/git-core/templates/hooks/pre-commit.sample' to 'D:/scan_tmp/scan__o0_79ps/repo/.git/hooks/pre-commit.sample': No space left on device
https://github.com/jeanollion/distnet,clone_failed,False,0,0,0,,,0,0,0,0,0,False,,False,,False,,False,,False,,False,,fatal: cannot copy 'C:/Program Files/Git/mingw64/share/git-core/templates/hooks/pre-commit.sample' to 'D:/scan_tmp/scan_hg4p2rsw/repo/.git/hooks/pre-commit.sample': No space left on device
https://github.com/liuxx479/Outlier,clone_failed,False,0,0,0,,,0,0,0,0,0,False,,False,,False,,False,,False,,False,,error: copy-fd: write returned: No space left on device
https://github.com/Julia2505/PDD_ADV,clone_failed,False,0,0,0,,,0,0,0,0,0,False,,False,,False,,False,,False,,False,,error: copy-fd: write returned: No space left on device
https://github.com/greysou1/factoids,clone_failed,False,0,0,0,,,0,0,0,0,0,False,,False,,False,,False,,False,,False,,error: copy-fd: write returned: No space left on device
https://github.com/elmo366036/Advanced-Machine-Learning,clone_failed,False,0,0,0,,,0,0,0,0,0,False,,False,,False,,False,,False,,False,,error: copy-fd: write returned: No space left on device
https://github.com/ciwokhan/AI,clone_failed,False,0,0,0,,,0,0,0,0,0,False,,False,,False,,False,,False,,False,,error: copy-fd: write returned: No space left on device
https://github.com/sancharisen/EMPIR,clone_failed,False,0,0,0,,,0,0,0,0,0,False,,False,,False,,False,,False,,False,,error: copy-fd: write returned: No space left on device
https://github.com/anapt/3D-facial-reconstruction,clone_failed,False,0,0,0,,,0,0,0,0,0,False,,False,,False,,False,,False,,False,,error: copy-fd: write returned: No space left on device
https://github.com/camilleAmaury/X5GON_project,clone_failed,False,0,0,0,,,0,0,0,0,0,False,,False,,False,,False,,False,,False,,error: copy-fd: write returned: No space left on device
https://github.com/radiachkik/MuZero,clone_failed,False,0,0,0,,,0,0,0,0,0,False,,False,,False,,False,,False,,False,,error: copy-fd: write returned: No space left on device
https://github.com/facebookresearch/vilbert-multi-task,clone_failed,False,0,0,0,,,0,0,0,0,0,False,,False,,False,,False,,False,,False,,error: copy-fd: write returned: No space left on device
https://github.com/dentorpadz/intel-AI-Tools,clone_failed,False,0,0,0,,,0,0,0,0,0,False,,False,,False,,False,,False,,False,,error: copy-fd: write returned: No space left on device
https://github.com/correll/deep-learning,clone_failed,False,0,0,0,,,0,0,0,0,0,False,,False,,False,,False,,False,,False,,error: copy-fd: write returned: No space left on device
https://github.com/MohammedMamdouheissa/test_deep-learning_code,clone_failed,False,0,0,0,,,0,0,0,0,0,False,,False,,False,,False,,False,,False,,error: copy-fd: write returned: No space left on device
https://github.com/victorchan314/DCRNN,clone_failed,False,0,0,0,,,0,0,0,0,0,False,,False,,False,,False,,False,,False,,error: copy-fd: write returned: No space left on device
https://github.com/whoszus/easy_cnn,clone_failed,False,0,0,0,,,0,0,0,0,0,False,,False,,False,,False,,False,,False,,error: copy-fd: write returned: No space left on device
https://github.com/rahul-pisharody/CS640-Project,clone_failed,False,0,0,0,,,0,0,0,0,0,False,,False,,False,,False,,False,,False,,error: copy-fd: write returned: No space left on device
https://github.com/fruitpunch-ai-code/epoch-13,clone_failed,False,0,0,0,,,0,0,0,0,0,False,,False,,False,,False,,False,,False,,error: copy-fd: write returned: No space left on device
https://github.com/nspasic96/RL-algorithms,clone_failed,False,0,0,0,,,0,0,0,0,0,False,,False,,False,,False,,False,,False,,error: copy-fd: write returned: No space left on device
https://github.com/sdauzcm/hyperspectral-autoencoders,clone_failed,False,0,0,0,,,0,0,0,0,0,False,,False,,False,,False,,False,,False,,fatal: cannot copy 'C:/Program Files/Git/mingw64/share/git-core/templates/hooks/pre-commit.sample' to 'D:/scan_tmp/scan_thcfcsgq/repo/.git/hooks/pre-commit.sample': No space left on device
https://github.com/YaleDHLab/voynich,clone_failed,False,0,0,0,,,0,0,0,0,0,False,,False,,False,,False,,False,,False,,error: copy-fd: write returned: No space left on device
https://github.com/jensqin/exercise,clone_failed,False,0,0,0,,,0,0,0,0,0,False,,False,,False,,False,,False,,False,,fatal: cannot copy 'C:/Program Files/Git/mingw64/share/git-core/templates/hooks/pre-commit.sample' to 'D:/scan_tmp/scan_1d1kdjj1/repo/.git/hooks/pre-commit.sample': No space left on device
https://github.com/hackabit19/Apes_together_strong,clone_failed,False,0,0,0,,,0,0,0,0,0,False,,False,,False,,False,,False,,False,,error: copy-fd: write returned: No space left on device
https://github.com/IceCubeOpenSource/i3deepice,clone_failed,False,0,0,0,,,0,0,0,0,0,False,,False,,False,,False,,False,,False,,fatal: cannot copy 'C:/Program Files/Git/mingw64/share/git-core/templates/hooks/pre-commit.sample' to 'D:/scan_tmp/scan_cifohxfw/repo/.git/hooks/pre-commit.sample': No space left on device
https://github.com/Shephexd/captcha_solver,clone_failed,False,0,0,0,,,0,0,0,0,0,False,,False,,False,,False,,False,,False,,fatal: write error: No space left on device
https://github.com/mahaoyang/MovieLens,clone_failed,False,0,0,0,,,0,0,0,0,0,False,,False,,False,,False,,False,,False,,error: copy-fd: write returned: No space left on device
https://github.com/bhavitvyamalik/bert,clone_failed,False,0,0,0,,,0,0,0,0,0,False,,False,,False,,False,,False,,False,,fatal: write error: No space left on device
https://github.com/LBHB/NEMS,clone_failed,False,0,0,0,,,0,0,0,0,0,False,,False,,False,,False,,False,,False,,error: copy-fd: write returned: No space left on device
https://github.com/HaneetGH/android,clone_failed,False,0,0,0,,,0,0,0,0,0,False,,False,,False,,False,,False,,False,,fatal: write error: No space left on device
https://github.com/lee-joey-hyunjoon/CosmiQ_SN4_Baseline,clone_failed,False,0,0,0,,,0,0,0,0,0,False,,False,,False,,False,,False,,False,,error: copy-fd: write returned: No space left on device
https://github.com/braedyn-au/SeptinSorter,clone_failed,False,0,0,0,,,0,0,0,0,0,False,,False,,False,,False,,False,,False,,fatal: write error: No space left on device
https://github.com/shaiic/2019-assignments,clone_failed,False,0,0,0,,,0,0,0,0,0,False,,False,,False,,False,,False,,False,,error: copy-fd: write returned: No space left on device
https://github.com/microsoft/vision-ai-developer-kit,clone_failed,False,0,0,0,,,0,0,0,0,0,False,,False,,False,,False,,False,,False,,error: copy-fd: write returned: No space left on device
https://github.com/asyml/texar-pytorch,clone_failed,False,0,0,0,,,0,0,0,0,0,False,,False,,False,,False,,False,,False,,error: copy-fd: write returned: No space left on device
https://github.com/golmschenk/ramjet,clone_failed,False,0,0,0,,,0,0,0,0,0,False,,False,,False,,False,,False,,False,,error: copy-fd: write returned: No space left on device
https://github.com/zubara/mneflow,clone_failed,False,0,0,0,,,0,0,0,0,0,False,,False,,False,,False,,False,,False,,error: copy-fd: write returned: No space left on device
https://github.com/ap-nlp-research/language_translation_en_ru_tf2,clone_failed,False,0,0,0,,,0,0,0,0,0,False,,False,,False,,False,,False,,False,,fatal: cannot copy 'C:/Program Files/Git/mingw64/share/git-core/templates/hooks/pre-commit.sample' to 'D:/scan_tmp/scan_1rx6xnhw/repo/.git/hooks/pre-commit.sample': No space left on device
https://github.com/gmoncarz/machine_learning_tour,clone_failed,False,0,0,0,,,0,0,0,0,0,False,,False,,False,,False,,False,,False,,error: copy-fd: write returned: No space left on device
https://github.com/LPDI-EPFL/masif,clone_failed,False,0,0,0,,,0,0,0,0,0,False,,False,,False,,False,,False,,False,,error: copy-fd: write returned: No space left on device
https://github.com/cair/deep-warehouse,clone_failed,False,0,0,0,,,0,0,0,0,0,False,,False,,False,,False,,False,,False,,error: copy-fd: write returned: No space left on device
https://github.com/vatai/NNC,clone_failed,False,0,0,0,,,0,0,0,0,0,False,,False,,False,,False,,False,,False,,error: copy-fd: write returned: No space left on device
https://github.com/yiyc-kr/bert-study,clone_failed,False,0,0,0,,,0,0,0,0,0,False,,False,,False,,False,,False,,False,,error: copy-fd: write returned: No space left on device
https://github.com/said3427/Tools,clone_failed,False,0,0,0,,,0,0,0,0,0,False,,False,,False,,False,,False,,False,,error: copy-fd: write returned: No space left on device
https://github.com/Ninei/GANs,clone_failed,False,0,0,0,,,0,0,0,0,0,False,,False,,False,,False,,False,,False,,fatal: write error: No space left on device
https://github.com/windzhougithub/distiller,clone_failed,False,0,0,0,,,0,0,0,0,0,False,,False,,False,,False,,False,,False,,error: copy-fd: write returned: No space left on device
https://github.com/sasakishun/research,clone_failed,False,0,0,0,,,0,0,0,0,0,False,,False,,False,,False,,False,,False,,error: copy-fd: write returned: No space left on device
https://github.com/nyu-dl/dl4marco-bert,clone_failed,False,0,0,0,,,0,0,0,0,0,False,,False,,False,,False,,False,,False,,error: copy-fd: write returned: No space left on device
https://github.com/Tencent/TStarBot1,clone_failed,False,0,0,0,,,0,0,0,0,0,False,,False,,False,,False,,False,,False,,error: copy-fd: write returned: No space left on device
https://github.com/silpa10/MLEngProj,clone_failed,False,0,0,0,,,0,0,0,0,0,False,,False,,False,,False,,False,,False,,error: copy-fd: write returned: No space left on device
https://github.com/deeplearningzerotoall/TensorFlow,clone_failed,False,0,0,0,,,0,0,0,0,0,False,,False,,False,,False,,False,,False,,error: copy-fd: write returned: No space left on device
https://github.com/raghavhub/rekuten_hack,clone_failed,False,0,0,0,,,0,0,0,0,0,False,,False,,False,,False,,False,,False,,error: copy-fd: write returned: No space left on device
https://github.com/mttkn/hvaas,clone_failed,False,0,0,0,,,0,0,0,0,0,False,,False,,False,,False,,False,,False,,error: copy-fd: write returned: No space left on device
https://github.com/beiciliang/sustain-pedal-detection,clone_failed,False,0,0,0,,,0,0,0,0,0,False,,False,,False,,False,,False,,False,,error: copy-fd: write returned: No space left on device
https://github.com/alumag/ADAFake,clone_failed,False,0,0,0,,,0,0,0,0,0,False,,False,,False,,False,,False,,False,,error: copy-fd: write returned: No space left on device
https://github.com/deepyaman/hsreplay-feed,clone_failed,False,0,0,0,,,0,0,0,0,0,False,,False,,False,,False,,False,,False,,error: copy-fd: write returned: No space left on device
https://github.com/Yoctol/serving-utils,clone_failed,False,0,0,0,,,0,0,0,0,0,False,,False,,False,,False,,False,,False,,error: copy-fd: write returned: No space left on device
https://github.com/samratkumardey/DeepLearning,clone_failed,False,0,0,0,,,0,0,0,0,0,False,,False,,False,,False,,False,,False,,error: copy-fd: write returned: No space left on device
https://github.com/Smellly/Densenet-tensorflow,clone_failed,False,0,0,0,,,0,0,0,0,0,False,,False,,False,,False,,False,,False,,error: copy-fd: write returned: No space left on device
https://github.com/maheshdivan/Testsplit,clone_failed,False,0,0,0,,,0,0,0,0,0,False,,False,,False,,False,,False,,False,,error: copy-fd: write returned: No space left on device
https://github.com/nartes/toribash_re,clone_failed,False,0,0,0,,,0,0,0,0,0,False,,False,,False,,False,,False,,False,,error: copy-fd: write returned: No space left on device
https://github.com/Octavian-ai/genetic-curriculum,clone_failed,False,0,0,0,,,0,0,0,0,0,False,,False,,False,,False,,False,,False,,error: copy-fd: write returned: No space left on device
https://github.com/powergkrry/MURA,clone_failed,False,0,0,0,,,0,0,0,0,0,False,,False,,False,,False,,False,,False,,error: copy-fd: write returned: No space left on device
https://github.com/jesuszarate/ImageClassifierServer,clone_failed,False,0,0,0,,,0,0,0,0,0,False,,False,,False,,False,,False,,False,,error: copy-fd: write returned: No space left on device
https://github.com/xaviet/toe,clone_failed,False,0,0,0,,,0,0,0,0,0,False,,False,,False,,False,,False,,False,,error: copy-fd: write returned: No space left on device
https://github.com/arbatovdan/new,clone_failed,False,0,0,0,,,0,0,0,0,0,False,,False,,False,,False,,False,,False,,error: copy-fd: write returned: No space left on device
https://github.com/vincentschen/cgan-superres,clone_failed,False,0,0,0,,,0,0,0,0,0,False,,False,,False,,False,,False,,False,,error: copy-fd: write returned: No space left on device
https://github.com/bguisard/CarND-Capstone,clone_failed,False,0,0,0,,,0,0,0,0,0,False,,False,,False,,False,,False,,False,,error: copy-fd: write returned: No space left on device
https://github.com/DMeechan/AI-Nanodegree,clone_failed,False,0,0,0,,,0,0,0,0,0,False,,False,,False,,False,,False,,False,,error: copy-fd: write returned: No space left on device
https://github.com/nio-blocks/tensor_flow,clone_failed,False,0,0,0,,,0,0,0,0,0,False,,False,,False,,False,,False,,False,,error: copy-fd: write returned: No space left on device
https://github.com/sorenchiron/simgan,clone_failed,False,0,0,0,,,0,0,0,0,0,False,,False,,False,,False,,False,,False,,error: copy-fd: write returned: No space left on device
https://github.com/michaelchoie/Udacity-Deep-Learning-Nanodegree,clone_failed,False,0,0,0,,,0,0,0,0,0,False,,False,,False,,False,,False,,False,,error: copy-fd: write returned: No space left on device
https://github.com/theeluwin/kata,clone_failed,False,0,0,0,,,0,0,0,0,0,False,,False,,False,,False,,False,,False,,error: copy-fd: write returned: No space left on device
https://github.com/kyletreleaven/setiptah,clone_failed,False,0,0,0,,,0,0,0,0,0,False,,False,,False,,False,,False,,False,,error: copy-fd: write returned: No space left on device
https://github.com/lihux25/Projects,clone_failed,False,0,0,0,,,0,0,0,0,0,False,,False,,False,,False,,False,,False,,error: copy-fd: write returned: No space left on device
https://github.com/jvivian/Children-of-Skynet,clone_failed,False,0,0,0,,,0,0,0,0,0,False,,False,,False,,False,,False,,False,,fatal: write error: No space left on device
https://github.com/FritzFlorian/bachelor-thesis-code,clone_failed,False,0,0,0,,,0,0,0,0,0,False,,False,,False,,False,,False,,False,,error: copy-fd: write returned: No space left on device
https://github.com/daniaki/pyPPI,clone_failed,False,0,0,0,,,0,0,0,0,0,False,,False,,False,,False,,False,,False,,error: copy-fd: write returned: No space left on device
https://github.com/fnl/libfnl,clone_failed,False,0,0,0,,,0,0,0,0,0,False,,False,,False,,False,,False,,False,,error: copy-fd: write returned: No space left on device
https://github.com/fukatani/stacked_generalization,clone_failed,False,0,0,0,,,0,0,0,0,0,False,,False,,False,,False,,False,,False,,error: copy-fd: write returned: No space left on device
https://github.com/patrickwest/EukRep,clone_failed,False,0,0,0,,,0,0,0,0,0,False,,False,,False,,False,,False,,False,,error: copy-fd: write returned: No space left on device
https://github.com/TopSlugger/surender-singh,clone_failed,False,0,0,0,,,0,0,0,0,0,False,,False,,False,,False,,False,,False,,error: copy-fd: write returned: No space left on device
https://github.com/djsutherland/skl-groups,clone_failed,False,0,0,0,,,0,0,0,0,0,False,,False,,False,,False,,False,,False,,error: copy-fd: write returned: No space left on device
https://github.com/rlpy/rlpy,clone_failed,False,0,0,0,,,0,0,0,0,0,False,,False,,False,,False,,False,,False,,error: copy-fd: write returned: No space left on device
https://github.com/TobiasHerr/pyimpute-fork,clone_failed,False,0,0,0,,,0,0,0,0,0,False,,False,,False,,False,,False,,False,,error: copy-fd: write returned: No space left on device
https://github.com/giacbrd/ShallowLearn,clone_failed,False,0,0,0,,,0,0,0,0,0,False,,False,,False,,False,,False,,False,,error: copy-fd: write returned: No space left on device
https://github.com/micahjsmith/dengue_prediction,clone_failed,False,0,0,0,,,0,0,0,0,0,False,,False,,False,,False,,False,,False,,error: copy-fd: write returned: No space left on device
https://github.com/urmikakasi/Image-Captioning,clone_failed,False,0,0,0,,,0,0,0,0,0,False,,False,,False,,False,,False,,False,,error: copy-fd: write returned: No space left on device
https://github.com/lin3372/400_gan,clone_failed,False,0,0,0,,,0,0,0,0,0,False,,False,,False,,False,,False,,False,,error: copy-fd: write returned: No space left on device
https://github.com/JonathanBechtel/KerasBeats,clone_failed,False,0,0,0,,,0,0,0,0,0,False,,False,,False,,False,,False,,False,,fatal: write error: No space left on device
https://github.com/saarcohen30/GrPR2-CH,clone_failed,False,0,0,0,,,0,0,0,0,0,False,,False,,False,,False,,False,,False,,error: copy-fd: write returned: No space left on device
https://github.com/TejasBajania/Mtech_thesis_project,clone_failed,False,0,0,0,,,0,0,0,0,0,False,,False,,False,,False,,False,,False,,error: copy-fd: write returned: No space left on device
https://github.com/keras-team/keras-nlp,clone_failed,False,0,0,0,,,0,0,0,0,0,False,,False,,False,,False,,False,,False,,error: copy-fd: write returned: No space left on device
https://github.com/sudheerkrishnar/Python-Projects-Demo,clone_failed,False,0,0,0,,,0,0,0,0,0,False,,False,,False,,False,,False,,False,,error: copy-fd: write returned: No space left on device
https://github.com/maenzhier/GRecX,clone_failed,False,0,0,0,,,0,0,0,0,0,False,,False,,False,,False,,False,,False,,error: copy-fd: write returned: No space left on device
https://github.com/pymanopt/pymanopt,clone_failed,False,0,0,0,,,0,0,0,0,0,False,,False,,False,,False,,False,,False,,error: copy-fd: write returned: No space left on device
https://github.com/minhuanli/boltzmann-generator-playground,clone_failed,False,0,0,0,,,0,0,0,0,0,False,,False,,False,,False,,False,,False,,error: copy-fd: write returned: No space left on device
https://github.com/umd-fire-coml/2021-Text-to-Image-Generation,clone_failed,False,0,0,0,,,0,0,0,0,0,False,,False,,False,,False,,False,,False,,error: copy-fd: write returned: No space left on device
https://github.com/NickDrake117/GNNkeras,clone_failed,False,0,0,0,,,0,0,0,0,0,False,,False,,False,,False,,False,,False,,error: copy-fd: write returned: No space left on device
https://github.com/jangbigom91/flask_project,clone_failed,False,0,0,0,,,0,0,0,0,0,False,,False,,False,,False,,False,,False,,error: copy-fd: write returned: No space left on device
https://github.com/arruw/fri-2021-nlp-project,clone_failed,False,0,0,0,,,0,0,0,0,0,False,,False,,False,,False,,False,,False,,error: copy-fd: write returned: No space left on device
https://github.com/Margon01/DeepTrack-2.0_old,clone_failed,False,0,0,0,,,0,0,0,0,0,False,,False,,False,,False,,False,,False,,error: copy-fd: write returned: No space left on device
https://github.com/BabakHemmatian/Marijuana_Legalization_Corpus_Study,clone_failed,False,0,0,0,,,0,0,0,0,0,False,,False,,False,,False,,False,,False,,error: copy-fd: write returned: No space left on device
https://github.com/ankitoscar/hindi-characters,clone_failed,False,0,0,0,,,0,0,0,0,0,False,,False,,False,,False,,False,,False,,error: copy-fd: write returned: No space left on device
https://github.com/Ahmed2020538/Singularity-Deep-Learning,clone_failed,False,0,0,0,,,0,0,0,0,0,False,,False,,False,,False,,False,,False,,error: copy-fd: write returned: No space left on device
https://github.com/creatoryue/streamlit-app5,clone_failed,False,0,0,0,,,0,0,0,0,0,False,,False,,False,,False,,False,,False,,error: copy-fd: write returned: No space left on device
https://github.com/RyuKurihara/mask_rcnn,clone_failed,False,0,0,0,,,0,0,0,0,0,False,,False,,False,,False,,False,,False,,error: copy-fd: write returned: No space left on device
https://github.com/UWARG/computer-vision-python,clone_failed,False,0,0,0,,,0,0,0,0,0,False,,False,,False,,False,,False,,False,,error: copy-fd: write returned: No space left on device
https://github.com/Congyuwang/AlphaNetV3,clone_failed,False,0,0,0,,,0,0,0,0,0,False,,False,,False,,False,,False,,False,,error: copy-fd: write returned: No space left on device
https://github.com/ina-foss/inaSpeechSegmenter,clone_failed,False,0,0,0,,,0,0,0,0,0,False,,False,,False,,False,,False,,False,,error: copy-fd: write returned: No space left on device
https://github.com/zjzsliyang/CSAW-HackML-2020,clone_failed,False,0,0,0,,,0,0,0,0,0,False,,False,,False,,False,,False,,False,,error: copy-fd: write returned: No space left on device
https://github.com/dermatologist/kedro-tf-image,clone_failed,False,0,0,0,,,0,0,0,0,0,False,,False,,False,,False,,False,,False,,error: copy-fd: write returned: No space left on device
https://github.com/ywan328/AI-Competition,clone_failed,False,0,0,0,,,0,0,0,0,0,False,,False,,False,,False,,False,,False,,error: copy-fd: write returned: No space left on device
https://github.com/dsceafit/ds-squads,clone_failed,False,0,0,0,,,0,0,0,0,0,False,,False,,False,,False,,False,,False,,fatal: write error: No space left on device
https://github.com/emildoychinov/Talus,clone_failed,False,0,0,0,,,0,0,0,0,0,False,,False,,False,,False,,False,,False,,error: copy-fd: write returned: No space left on device
https://github.com/mrernst/CAR_flow,clone_failed,False,0,0,0,,,0,0,0,0,0,False,,False,,False,,False,,False,,False,,error: copy-fd: write returned: No space left on device
https://github.com/ArtzS/elon-mask-capstone,clone_failed,False,0,0,0,,,0,0,0,0,0,False,,False,,False,,False,,False,,False,,error: copy-fd: write returned: No space left on device
https://github.com/ODE-Construction-with-SMT-at-ToHS/mlpSmtPrototype,clone_failed,False,0,0,0,,,0,0,0,0,0,False,,False,,False,,False,,False,,False,,error: copy-fd: write returned: No space left on device
https://github.com/cicykagnes/sithar_text_generation,clone_failed,False,0,0,0,,,0,0,0,0,0,False,,False,,False,,False,,False,,False,,error: copy-fd: write returned: No space left on device
https://github.com/juansantateresa/Fashionitems_imagesearch,clone_failed,False,0,0,0,,,0,0,0,0,0,False,,False,,False,,False,,False,,False,,error: copy-fd: write returned: No space left on device
https://github.com/levuloihust99/openqa-codebase,clone_failed,False,0,0,0,,,0,0,0,0,0,False,,False,,False,,False,,False,,False,,error: copy-fd: write returned: No space left on device
https://github.com/AlexandreSajus/Carl,clone_failed,False,0,0,0,,,0,0,0,0,0,False,,False,,False,,False,,False,,False,,error: copy-fd: write returned: No space left on device
https://github.com/Isvan/CMPT464FinalProject,clone_failed,False,0,0,0,,,0,0,0,0,0,False,,False,,False,,False,,False,,False,,error: copy-fd: write returned: No space left on device
https://github.com/BAEKYUJEONG/PocketFish,clone_failed,False,0,0,0,,,0,0,0,0,0,False,,False,,False,,False,,False,,False,,error: copy-fd: write returned: No space left on device
https://github.com/lennijusten/TickIDNet,clone_failed,False,0,0,0,,,0,0,0,0,0,False,,False,,False,,False,,False,,False,,error: copy-fd: write returned: No space left on device
https://github.com/thunderhoser/ml4convection,clone_failed,False,0,0,0,,,0,0,0,0,0,False,,False,,False,,False,,False,,False,,error: copy-fd: write returned: No space left on device
https://github.com/geronimocharlie/ReAllY,clone_failed,False,0,0,0,,,0,0,0,0,0,False,,False,,False,,False,,False,,False,,error: copy-fd: write returned: No space left on device
https://github.com/mehfuzz/new_model,clone_failed,False,0,0,0,,,0,0,0,0,0,False,,False,,False,,False,,False,,False,,error: copy-fd: write returned: No space left on device
https://github.com/ncdmoney/MaskRCNN,clone_failed,False,0,0,0,,,0,0,0,0,0,False,,False,,False,,False,,False,,False,,error: copy-fd: write returned: No space left on device
https://github.com/markusmkim/RL-MCTS-Hex,clone_failed,False,0,0,0,,,0,0,0,0,0,False,,False,,False,,False,,False,,False,,error: copy-fd: write returned: No space left on device
https://github.com/Vtn21/HuMAn,clone_failed,False,0,0,0,,,0,0,0,0,0,False,,False,,False,,False,,False,,False,,fatal: cannot copy 'C:/Program Files/Git/mingw64/share/git-core/templates/hooks/pre-commit.sample' to 'D:/scan_tmp/scan_ewl7rhqa/repo/.git/hooks/pre-commit.sample': No space left on device
https://github.com/faizancodes/COVID-19-X-Ray-Classification,clone_failed,False,0,0,0,,,0,0,0,0,0,False,,False,,False,,False,,False,,False,,error: copy-fd: write returned: No space left on device
https://github.com/markusmkim/RL-PegSolitaire,clone_failed,False,0,0,0,,,0,0,0,0,0,False,,False,,False,,False,,False,,False,,error: copy-fd: write returned: No space left on device
https://github.com/vlad17/mve,clone_failed,False,0,0,0,,,0,0,0,0,0,False,,False,,False,,False,,False,,False,,error: copy-fd: write returned: No space left on device
https://github.com/tonghaining/zero_shot_relation_extraction,clone_failed,False,0,0,0,,,0,0,0,0,0,False,,False,,False,,False,,False,,False,,error: copy-fd: write returned: No space left on device
https://github.com/mjirik/bodynavigation,clone_failed,False,0,0,0,,,0,0,0,0,0,False,,False,,False,,False,,False,,False,,error: copy-fd: write returned: No space left on device
https://github.com/PieterBlomme/proteus,clone_failed,False,0,0,0,,,0,0,0,0,0,False,,False,,False,,False,,False,,False,,error: copy-fd: write returned: No space left on device
https://github.com/paolomandica/AML,clone_failed,False,0,0,0,,,0,0,0,0,0,False,,False,,False,,False,,False,,False,,error: copy-fd: write returned: No space left on device
https://github.com/jgung/tf-nlp,clone_failed,False,0,0,0,,,0,0,0,0,0,False,,False,,False,,False,,False,,False,,fatal: write error: No space left on device
https://github.com/fwx17/MaskRCNN,clone_failed,False,0,0,0,,,0,0,0,0,0,False,,False,,False,,False,,False,,False,,error: copy-fd: write returned: No space left on device
https://github.com/IvanUkhov/data-science,clone_failed,False,0,0,0,,,0,0,0,0,0,False,,False,,False,,False,,False,,False,,error: copy-fd: write returned: No space left on device
https://github.com/sramirezh/Learning_Data_Science,clone_failed,False,0,0,0,,,0,0,0,0,0,False,,False,,False,,False,,False,,False,,error: copy-fd: write returned: No space left on device
https://github.com/dcharatan/point2mesh-reimplementation,clone_failed,False,0,0,0,,,0,0,0,0,0,False,,False,,False,,False,,False,,False,,error: copy-fd: write returned: No space left on device
https://github.com/phthaloc/intrinsic_image_decomposition,clone_failed,False,0,0,0,,,0,0,0,0,0,False,,False,,False,,False,,False,,False,,fatal: write error: No space left on device
https://github.com/aisara-hub/aisaratuners,clone_failed,False,0,0,0,,,0,0,0,0,0,False,,False,,False,,False,,False,,False,,error: copy-fd: write returned: No space left on device
https://github.com/mikelmrtinez/ReferringExpression-COCO-VILBERT,clone_failed,False,0,0,0,,,0,0,0,0,0,False,,False,,False,,False,,False,,False,,error: copy-fd: write returned: No space left on device
https://github.com/zxhalo/ml2,clone_failed,False,0,0,0,,,0,0,0,0,0,False,,False,,False,,False,,False,,False,,error: copy-fd: write returned: No space left on device
https://github.com/dhruvsharma15/Research-Paper-Tagger,clone_failed,False,0,0,0,,,0,0,0,0,0,False,,False,,False,,False,,False,,False,,error: copy-fd: write returned: No space left on device
https://github.com/NARRZ/Mask_RCNN,clone_failed,False,0,0,0,,,0,0,0,0,0,False,,False,,False,,False,,False,,False,,error: copy-fd: write returned: No space left on device
https://github.com/jaisenbe58r/iAApi-QAS-BERT,clone_failed,False,0,0,0,,,0,0,0,0,0,False,,False,,False,,False,,False,,False,,error: copy-fd: write returned: No space left on device
https://github.com/Veilkrand/AlphaPilot_test2,clone_failed,False,0,0,0,,,0,0,0,0,0,False,,False,,False,,False,,False,,False,,error: copy-fd: write returned: No space left on device
https://github.com/bomelino/stupid,clone_failed,False,0,0,0,,,0,0,0,0,0,False,,False,,False,,False,,False,,False,,error: copy-fd: write returned: No space left on device
https://github.com/azeme1/keras2ncnn,clone_failed,False,0,0,0,,,0,0,0,0,0,False,,False,,False,,False,,False,,False,,error: copy-fd: write returned: No space left on device
https://github.com/N3PDF/mcnntunes,clone_failed,False,0,0,0,,,0,0,0,0,0,False,,False,,False,,False,,False,,False,,error: copy-fd: write returned: No space left on device
https://github.com/zckkte/ml-calabi-yau-metric,clone_failed,False,0,0,0,,,0,0,0,0,0,False,,False,,False,,False,,False,,False,,error: copy-fd: write returned: No space left on device
https://github.com/Acquil/deep-read,clone_failed,False,0,0,0,,,0,0,0,0,0,False,,False,,False,,False,,False,,False,,error: copy-fd: write returned: No space left on device
https://github.com/src-d/code-completion,clone_failed,False,0,0,0,,,0,0,0,0,0,False,,False,,False,,False,,False,,False,,error: copy-fd: write returned: No space left on device
https://github.com/jchen42703/pneumothorax-seg-cnn,clone_failed,False,0,0,0,,,0,0,0,0,0,False,,False,,False,,False,,False,,False,,error: copy-fd: write returned: No space left on device
https://github.com/d4l3k/cs540-project,clone_failed,False,0,0,0,,,0,0,0,0,0,False,,False,,False,,False,,False,,False,,error: copy-fd: write returned: No space left on device
https://github.com/Haosam/BadmintonAI,clone_failed,False,0,0,0,,,0,0,0,0,0,False,,False,,False,,False,,False,,False,,error: copy-fd: write returned: No space left on device
https://github.com/Park-TJ/CindyChatBot,clone_failed,False,0,0,0,,,0,0,0,0,0,False,,False,,False,,False,,False,,False,,error: copy-fd: write returned: No space left on device
https://github.com/RobinYourRepos/speach-to-sign-language,clone_failed,False,0,0,0,,,0,0,0,0,0,False,,False,,False,,False,,False,,False,,error: copy-fd: write returned: No space left on device
https://github.com/cheneyuwu/rlfd,clone_failed,False,0,0,0,,,0,0,0,0,0,False,,False,,False,,False,,False,,False,,error: copy-fd: write returned: No space left on device
https://github.com/hariharan-devarajan/dlio_benchmark,clone_failed,False,0,0,0,,,0,0,0,0,0,False,,False,,False,,False,,False,,False,,error: copy-fd: write returned: No space left on device
https://github.com/bondgeodima/first,clone_failed,False,0,0,0,,,0,0,0,0,0,False,,False,,False,,False,,False,,False,,error: copy-fd: write returned: No space left on device
https://github.com/subhadip-maiti/ML2,clone_failed,False,0,0,0,,,0,0,0,0,0,False,,False,,False,,False,,False,,False,,error: copy-fd: write returned: No space left on device
https://github.com/max-kazak/CarND-Capstone,clone_failed,False,0,0,0,,,0,0,0,0,0,False,,False,,False,,False,,False,,False,,error: copy-fd: write returned: No space left on device
https://github.com/Kosalaraman/MaskRCNN,clone_failed,False,0,0,0,,,0,0,0,0,0,False,,False,,False,,False,,False,,False,,error: copy-fd: write returned: No space left on device
https://github.com/joaopauloschuler/k-neural-api,clone_failed,False,0,0,0,,,0,0,0,0,0,False,,False,,False,,False,,False,,False,,error: copy-fd: write returned: No space left on device
https://github.com/MLRG-CEFET-RJ/rna-cdroput,clone_failed,False,0,0,0,,,0,0,0,0,0,False,,False,,False,,False,,False,,False,,error: copy-fd: write returned: No space left on device
https://github.com/bhomass/AIF360,clone_failed,False,0,0,0,,,0,0,0,0,0,False,,False,,False,,False,,False,,False,,error: copy-fd: write returned: No space left on device
https://github.com/nachikobi/CS231n,clone_failed,False,0,0,0,,,0,0,0,0,0,False,,False,,False,,False,,False,,False,,error: copy-fd: write returned: No space left on device
https://github.com/datarootsio/face-mask-detection,clone_failed,False,0,0,0,,,0,0,0,0,0,False,,False,,False,,False,,False,,False,,fatal: write error: No space left on device
https://github.com/dbetm/handwritten-flowchart-with-cnn,clone_failed,False,0,0,0,,,0,0,0,0,0,False,,False,,False,,False,,False,,False,,error: copy-fd: write returned: No space left on device
https://github.com/l-tang/sui,clone_failed,False,0,0,0,,,0,0,0,0,0,False,,False,,False,,False,,False,,False,,error: copy-fd: write returned: No space left on device
https://github.com/sztoor/model_serving,clone_failed,False,0,0,0,,,0,0,0,0,0,False,,False,,False,,False,,False,,False,,error: copy-fd: write returned: No space left on device
https://github.com/eugenegalaxy/victim_face_recognition,clone_failed,False,0,0,0,,,0,0,0,0,0,False,,False,,False,,False,,False,,False,,error: copy-fd: write returned: No space left on device
https://github.com/krantirk/-amazon-sagemaker-examples,clone_failed,False,0,0,0,,,0,0,0,0,0,False,,False,,False,,False,,False,,False,,error: copy-fd: write returned: No space left on device
https://github.com/isohrab/Pupil-locator,clone_failed,False,0,0,0,,,0,0,0,0,0,False,,False,,False,,False,,False,,False,,error: copy-fd: write returned: No space left on device
https://github.com/wkostuch/wild-style,clone_failed,False,0,0,0,,,0,0,0,0,0,False,,False,,False,,False,,False,,False,,error: copy-fd: write returned: No space left on device
https://github.com/jkulhanek/svhn-detection-tf,clone_failed,False,0,0,0,,,0,0,0,0,0,False,,False,,False,,False,,False,,False,,error: copy-fd: write returned: No space left on device
https://github.com/Daniel-Liu-c0deb0t/Adversarial-point-perturbations-on-3D-objects,clone_failed,False,0,0,0,,,0,0,0,0,0,False,,False,,False,,False,,False,,False,,error: copy-fd: write returned: No space left on device
https://github.com/Qvery-mm/JB-application,clone_failed,False,0,0,0,,,0,0,0,0,0,False,,False,,False,,False,,False,,False,,error: copy-fd: write returned: No space left on device
https://github.com/LongmaoTeamTf/deep_recommenders,clone_failed,False,0,0,0,,,0,0,0,0,0,False,,False,,False,,False,,False,,False,,error: copy-fd: write returned: No space left on device
https://github.com/evenlwanvik/TTK-4900-Master,clone_failed,False,0,0,0,,,0,0,0,0,0,False,,False,,False,,False,,False,,False,,error: copy-fd: write returned: No space left on device
https://github.com/matecomp/coisas-que-eu-acho-interessante,clone_failed,False,0,0,0,,,0,0,0,0,0,False,,False,,False,,False,,False,,False,,fatal: cannot copy 'C:/Program Files/Git/mingw64/share/git-core/templates/hooks/pre-commit.sample' to 'D:/scan_tmp/scan_1xma4cqa/repo/.git/hooks/pre-commit.sample': No space left on device
https://github.com/lazybootsafe/AI2Match,clone_failed,False,0,0,0,,,0,0,0,0,0,False,,False,,False,,False,,False,,False,,error: copy-fd: write returned: No space left on device
https://github.com/piebro/NaoDevils-Segmentation,clone_failed,False,0,0,0,,,0,0,0,0,0,False,,False,,False,,False,,False,,False,,error: copy-fd: write returned: No space left on device
https://github.com/Nnamdi-sys/Pairs-Trading,clone_failed,False,0,0,0,,,0,0,0,0,0,False,,False,,False,,False,,False,,False,,error: copy-fd: write returned: No space left on device
https://github.com/r50206v/E4577-AI-OR-at-Scale-in-the-Cloud,clone_failed,False,0,0,0,,,0,0,0,0,0,False,,False,,False,,False,,False,,False,,error: copy-fd: write returned: No space left on device
https://github.com/druce/rl,clone_failed,False,0,0,0,,,0,0,0,0,0,False,,False,,False,,False,,False,,False,,error: copy-fd: write returned: No space left on device
https://github.com/clin366/airpollutionnowcast,clone_failed,False,0,0,0,,,0,0,0,0,0,False,,False,,False,,False,,False,,False,,error: copy-fd: write returned: No space left on device
https://github.com/D2KLab/ToModAPI,clone_failed,False,0,0,0,,,0,0,0,0,0,False,,False,,False,,False,,False,,False,,error: copy-fd: write returned: No space left on device
https://github.com/jhnnsrs/arnheim,clone_failed,False,0,0,0,,,0,0,0,0,0,False,,False,,False,,False,,False,,False,,error: copy-fd: write returned: No space left on device
https://github.com/zuoym15/gqcnn,clone_failed,False,0,0,0,,,0,0,0,0,0,False,,False,,False,,False,,False,,False,,error: copy-fd: write returned: No space left on device
https://github.com/intro-to-ml-with-kubeflow/intro-to-ml-with-kubeflow-examples,clone_failed,False,0,0,0,,,0,0,0,0,0,False,,False,,False,,False,,False,,False,,error: copy-fd: write returned: No space left on device
https://github.com/something-cool/french-bread,clone_failed,False,0,0,0,,,0,0,0,0,0,False,,False,,False,,False,,False,,False,,error: copy-fd: write returned: No space left on device
https://github.com/iamnives/AA-remotesensing-artificial-structures,clone_failed,False,0,0,0,,,0,0,0,0,0,False,,False,,False,,False,,False,,False,,error: copy-fd: write returned: No space left on device
https://github.com/narcissisti1/pennylane,clone_failed,False,0,0,0,,,0,0,0,0,0,False,,False,,False,,False,,False,,False,,error: copy-fd: write returned: No space left on device
https://github.com/saisekharmullapudi/yolo-Object-Detection,clone_failed,False,0,0,0,,,0,0,0,0,0,False,,False,,False,,False,,False,,False,,error: copy-fd: write returned: No space left on device
https://github.com/zswitten/Antimicrobial-Peptides,clone_failed,False,0,0,0,,,0,0,0,0,0,False,,False,,False,,False,,False,,False,,error: copy-fd: write returned: No space left on device
https://github.com/OscarAblinger/tf-rock-paper-scissors-lizard-spock,clone_failed,False,0,0,0,,,0,0,0,0,0,False,,False,,False,,False,,False,,False,,error: copy-fd: write returned: No space left on device
https://github.com/IsaacBreen/MixGammaVI,clone_failed,False,0,0,0,,,0,0,0,0,0,False,,False,,False,,False,,False,,False,,error: copy-fd: write returned: No space left on device
https://github.com/brian-lijua/mobile_maskrcnn,clone_failed,False,0,0,0,,,0,0,0,0,0,False,,False,,False,,False,,False,,False,,error: copy-fd: write returned: No space left on device
https://github.com/siddtheshah/poster-gan,clone_failed,False,0,0,0,,,0,0,0,0,0,False,,False,,False,,False,,False,,False,,error: copy-fd: write returned: No space left on device
https://github.com/josephsdavid/N2D,clone_failed,False,0,0,0,,,0,0,0,0,0,False,,False,,False,,False,,False,,False,,error: copy-fd: write returned: No space left on device
https://github.com/wcchu/PairCorrection,clone_failed,False,0,0,0,,,0,0,0,0,0,False,,False,,False,,False,,False,,False,,error: copy-fd: write returned: No space left on device
https://github.com/Zachary4biz/dm_server,clone_failed,False,0,0,0,,,0,0,0,0,0,False,,False,,False,,False,,False,,False,,fatal: cannot copy 'C:/Program Files/Git/mingw64/share/git-core/templates/hooks/pre-commit.sample' to 'D:/scan_tmp/scan_ymrwfn08/repo/.git/hooks/pre-commit.sample': No space left on device
https://github.com/dribnet/mask_hole,clone_failed,False,0,0,0,,,0,0,0,0,0,False,,False,,False,,False,,False,,False,,error: copy-fd: write returned: No space left on device
https://github.com/suehy/chair_sensor,clone_failed,False,0,0,0,,,0,0,0,0,0,False,,False,,False,,False,,False,,False,,error: copy-fd: write returned: No space left on device
https://github.com/saktheeswaranswan/saktheeswarandarkflow,clone_failed,False,0,0,0,,,0,0,0,0,0,False,,False,,False,,False,,False,,False,,error: copy-fd: write returned: No space left on device
https://github.com/tabularaza27/wizard,clone_failed,False,0,0,0,,,0,0,0,0,0,False,,False,,False,,False,,False,,False,,error: copy-fd: write returned: No space left on device
https://github.com/Positronic-IO/air-hockey-training-environment,clone_failed,False,0,0,0,,,0,0,0,0,0,False,,False,,False,,False,,False,,False,,error: copy-fd: write returned: No space left on device
https://github.com/streamlit/streamlit,clone_failed,False,0,0,0,,,0,0,0,0,0,False,,False,,False,,False,,False,,False,,error: copy-fd: write returned: No space left on device
https://github.com/tonio73/data-science,clone_failed,False,0,0,0,,,0,0,0,0,0,False,,False,,False,,False,,False,,False,,error: copy-fd: write returned: No space left on device
https://github.com/dkeras-project/dkeras,clone_failed,False,0,0,0,,,0,0,0,0,0,False,,False,,False,,False,,False,,False,,error: copy-fd: write returned: No space left on device
https://github.com/Minyus/DCRNN,clone_failed,False,0,0,0,,,0,0,0,0,0,False,,False,,False,,False,,False,,False,,error: copy-fd: write returned: No space left on device
https://github.com/lhquan789/facenet,clone_failed,False,0,0,0,,,0,0,0,0,0,False,,False,,False,,False,,False,,False,,error: copy-fd: write returned: No space left on device
https://github.com/SilMon/NucDetect,clone_failed,False,0,0,0,,,0,0,0,0,0,False,,False,,False,,False,,False,,False,,error: copy-fd: write returned: No space left on device
https://github.com/rickyHong/Nvidia-proj-examples-repl,clone_failed,False,0,0,0,,,0,0,0,0,0,False,,False,,False,,False,,False,,False,,error: copy-fd: write returned: No space left on device
https://github.com/Columbia-CRIS/Intern,clone_failed,False,0,0,0,,,0,0,0,0,0,False,,False,,False,,False,,False,,False,,error: copy-fd: write returned: No space left on device
https://github.com/UD-Senior-Design-SC2Bot/SC2Bot,clone_failed,False,0,0,0,,,0,0,0,0,0,False,,False,,False,,False,,False,,False,,error: copy-fd: write returned: No space left on device
https://github.com/sharadmv/deepx,clone_failed,False,0,0,0,,,0,0,0,0,0,False,,False,,False,,False,,False,,False,,error: copy-fd: write returned: No space left on device
https://github.com/TCNJ-ECE-IMPL/tensorflow_utilities,clone_failed,False,0,0,0,,,0,0,0,0,0,False,,False,,False,,False,,False,,False,,error: copy-fd: write returned: No space left on device
https://github.com/bmeyers/VirtualMicrogridSegmentation,clone_failed,False,0,0,0,,,0,0,0,0,0,False,,False,,False,,False,,False,,False,,error: copy-fd: write returned: No space left on device
https://github.com/pinks97/bTech_project,clone_failed,False,0,0,0,,,0,0,0,0,0,False,,False,,False,,False,,False,,False,,error: copy-fd: write returned: No space left on device
https://github.com/finngaida/mlproject_rug,clone_failed,False,0,0,0,,,0,0,0,0,0,False,,False,,False,,False,,False,,False,,error: copy-fd: write returned: No space left on device
https://github.com/freedombenLiu/ad_examples,clone_failed,False,0,0,0,,,0,0,0,0,0,False,,False,,False,,False,,False,,False,,error: copy-fd: write returned: No space left on device
https://github.com/rickyHong/Darkflow-repl2,clone_failed,False,0,0,0,,,0,0,0,0,0,False,,False,,False,,False,,False,,False,,fatal: write error: No space left on device
https://github.com/batu/BerkeleyDeepRLAssignments,clone_failed,False,0,0,0,,,0,0,0,0,0,False,,False,,False,,False,,False,,False,,error: copy-fd: write returned: No space left on device
https://github.com/mayurnewase/Quora-Bert,clone_failed,False,0,0,0,,,0,0,0,0,0,False,,False,,False,,False,,False,,False,,error: copy-fd: write returned: No space left on device
https://github.com/jianglangcaisheng/answer_AI,clone_failed,False,0,0,0,,,0,0,0,0,0,False,,False,,False,,False,,False,,False,,error: copy-fd: write returned: No space left on device
https://github.com/cristina1997/Emerging_Technologies_Project,clone_failed,False,0,0,0,,,0,0,0,0,0,False,,False,,False,,False,,False,,False,,error: copy-fd: write returned: No space left on device
https://github.com/jsemric/nnvis,clone_failed,False,0,0,0,,,0,0,0,0,0,False,,False,,False,,False,,False,,False,,error: copy-fd: write returned: No space left on device
https://github.com/machineCYC/MLDS2018SPRING,clone_failed,False,0,0,0,,,0,0,0,0,0,False,,False,,False,,False,,False,,False,,error: copy-fd: write returned: No space left on device
https://github.com/mattme94/machine_learning,clone_failed,False,0,0,0,,,0,0,0,0,0,False,,False,,False,,False,,False,,False,,fatal: write error: No space left on device
https://github.com/alessandropadrinofficial/Artificial_Intelligence,clone_failed,False,0,0,0,,,0,0,0,0,0,False,,False,,False,,False,,False,,False,,error: copy-fd: write returned: No space left on device
https://github.com/AI-Guru/ngdlm,clone_failed,False,0,0,0,,,0,0,0,0,0,False,,False,,False,,False,,False,,False,,error: copy-fd: write returned: No space left on device
https://github.com/fabric8-analytics/f8a-hpf-insights,clone_failed,False,0,0,0,,,0,0,0,0,0,False,,False,,False,,False,,False,,False,,error: copy-fd: write returned: No space left on device
https://github.com/farizrahman4u/recurrentshop,clone_failed,False,0,0,0,,,0,0,0,0,0,False,,False,,False,,False,,False,,False,,error: copy-fd: write returned: No space left on device
https://github.com/minerva-ml/steppy-toolkit,clone_failed,False,0,0,0,,,0,0,0,0,0,False,,False,,False,,False,,False,,False,,error: copy-fd: write returned: No space left on device
https://github.com/dmylzenova/celebrity_faces,clone_failed,False,0,0,0,,,0,0,0,0,0,False,,False,,False,,False,,False,,False,,error: copy-fd: write returned: No space left on device
https://github.com/rlgraph/rlgraph,clone_failed,False,0,0,0,,,0,0,0,0,0,False,,False,,False,,False,,False,,False,,fatal: write error: No space left on device
https://github.com/Jay-Roberts/Network-Comparisons,clone_failed,False,0,0,0,,,0,0,0,0,0,False,,False,,False,,False,,False,,False,,error: copy-fd: write returned: No space left on device
https://github.com/kortatu/IntoTheDungeon,clone_failed,False,0,0,0,,,0,0,0,0,0,False,,False,,False,,False,,False,,False,,error: copy-fd: write returned: No space left on device
https://github.com/baljit92/skull-detector,clone_failed,False,0,0,0,,,0,0,0,0,0,False,,False,,False,,False,,False,,False,,fatal: write error: No space left on device
https://github.com/ffrankies/tf_rnn,clone_failed,False,0,0,0,,,0,0,0,0,0,False,,False,,False,,False,,False,,False,,error: copy-fd: write returned: No space left on device
https://github.com/16lawrencel/6867-project,clone_failed,False,0,0,0,,,0,0,0,0,0,False,,False,,False,,False,,False,,False,,fatal: write error: No space left on device
https://github.com/mishajw/object_net,clone_failed,False,0,0,0,,,0,0,0,0,0,False,,False,,False,,False,,False,,False,,error: copy-fd: write returned: No space left on device
https://github.com/lwneal/ros-fun,clone_failed,False,0,0,0,,,0,0,0,0,0,False,,False,,False,,False,,False,,False,,fatal: cannot copy 'C:/Program Files/Git/mingw64/share/git-core/templates/hooks/pre-commit.sample' to 'D:/scan_tmp/scan_yk_45pf2/repo/.git/hooks/pre-commit.sample': No space left on device
https://github.com/harpribot/deep-summarization,clone_failed,False,0,0,0,,,0,0,0,0,0,False,,False,,False,,False,,False,,False,,error: copy-fd: write returned: No space left on device
https://github.com/cywang16/docker,clone_failed,False,0,0,0,,,0,0,0,0,0,False,,False,,False,,False,,False,,False,,error: copy-fd: write returned: No space left on device
https://github.com/vuhonganh/stanford,clone_failed,False,0,0,0,,,0,0,0,0,0,False,,False,,False,,False,,False,,False,,error: copy-fd: write returned: No space left on device
https://github.com/thu-ml/zhusuan,clone_failed,False,0,0,0,,,0,0,0,0,0,False,,False,,False,,False,,False,,False,,error: copy-fd: write returned: No space left on device
https://github.com/ColinShaw/self-driving-car-capstone,clone_failed,False,0,0,0,,,0,0,0,0,0,False,,False,,False,,False,,False,,False,,fatal: write error: No space left on device
https://github.com/Kismuz/btgym,clone_failed,False,0,0,0,,,0,0,0,0,0,False,,False,,False,,False,,False,,False,,error: copy-fd: write returned: No space left on device
https://github.com/erincmer/BPO,clone_failed,False,0,0,0,,,0,0,0,0,0,False,,False,,False,,False,,False,,False,,error: copy-fd: write returned: No space left on device
