repo,status,verified,stages_present,dockerfiles_found,entry_points_resolved,entry_files,entry_route,reachable_files,total_functions,max_depth,parse_errors,dynamic_imports,data_acquisition,data_acquisition_evidence,data_preparation,data_preparation_evidence,modeling,modeling_evidence,training,training_evidence,evaluation,evaluation_evidence,inference,inference_evidence,detail
https://github.com/anahid1988/DeepRUL,no_dockerfile,False,0,0,0,,,0,0,0,0,0,False,,False,,False,,False,,False,,False,,no Dockerfile and no fallback entry point found
https://github.com/VinceMalfr/projet_7,no_dockerfile,False,0,0,0,,,0,0,0,0,0,False,,False,,False,,False,,False,,False,,no Dockerfile and no fallback entry point found
https://github.com/PanJinquan/Pytorch-Base-Trainer,no_dockerfile,False,0,0,0,,,0,0,0,0,0,False,,False,,False,,False,,False,,False,,no Dockerfile and no fallback entry point found
https://github.com/sallegri3/semnet-2,no_dockerfile,False,0,0,0,,,0,0,0,0,0,False,,False,,False,,False,,False,,False,,no Dockerfile and no fallback entry point found
https://github.com/ErdemOzgen/MachineLearningArchive,no_entry,False,0,2,0,,,0,0,0,0,0,False,,False,,False,,False,,False,,False,,Dockerfile(s) found but no Python entry point could be resolved
https://github.com/rachwyatt/capstone-project,no_dockerfile,False,0,0,0,,,0,0,0,0,0,False,,False,,False,,False,,False,,False,,no Dockerfile and no fallback entry point found
https://github.com/ElouanARGOUARCH/Discretely-Indexed-Flows,no_dockerfile,False,0,0,0,,,0,0,0,0,0,False,,False,,False,,False,,False,,False,,no Dockerfile and no fallback entry point found
https://github.com/sagnik1511/Tabular-AutoML,ok,False,1,0,1,tab_automl\main.py,fallback_nested,3,4,1,0,0,False,,True,tab_automl/utils/training.py:34 sklearn.model_selection.train_test_split [matched train_test_split],False,,False,,False,,False,,"unverified: missing stages: data_acquisition, modeling, training, evaluation, inference"
https://github.com/apolanco3225/Deploying-a-Machine-Learning-Model-on-Heroku-with-FastAPI,no_dockerfile,False,0,0,0,,,0,0,0,0,0,False,,False,,False,,False,,False,,False,,no Dockerfile and no fallback entry point found
https://github.com/ghorbani-mohammad/rasad-analyzer,no_entry,False,0,1,0,,,0,0,0,0,0,False,,False,,False,,False,,False,,False,,Dockerfile(s) found but no Python entry point could be resolved
https://github.com/Ddasch/Feature_Discovery,no_dockerfile,False,0,0,0,,,0,0,0,0,0,False,,False,,False,,False,,False,,False,,no Dockerfile and no fallback entry point found
https://github.com/gavinln/scikit-vm,no_dockerfile,False,0,0,0,,,0,0,0,0,0,False,,False,,False,,False,,False,,False,,no Dockerfile and no fallback entry point found
https://github.com/GustavoHBDuarte/store-sales-estimator,no_dockerfile,False,0,0,0,,,0,0,0,0,0,False,,False,,False,,False,,False,,False,,no Dockerfile and no fallback entry point found
https://github.com/Aarushi17Gupta/Recommender-System-deployment-using-Streamlit,no_dockerfile,False,0,0,0,,,0,0,0,0,0,False,,False,,False,,False,,False,,False,,no Dockerfile and no fallback entry point found
https://github.com/xex238/Distributed_computing_2021,no_entry,False,0,1,0,,,0,0,0,0,0,False,,False,,False,,False,,False,,False,,Dockerfile(s) found but no Python entry point could be resolved
https://github.com/idc9/py_jive,no_dockerfile,False,0,0,0,,,0,0,0,0,0,False,,False,,False,,False,,False,,False,,no Dockerfile and no fallback entry point found
https://github.com/SytzeSimonse/GBA_biodiversity-analysis,ok,False,1,0,1,sample\aggregating.py,fallback_console_script,4,10,2,0,0,True,sample/aggregating.py:75 rasterio.open [matched rasterio.open],False,,False,,False,,False,,False,,"unverified: missing stages: data_preparation, modeling, training, evaluation, inference"
https://github.com/UBC-CS/cpsc330-2021W2,no_dockerfile,False,0,0,0,,,0,0,0,0,0,False,,False,,False,,False,,False,,False,,no Dockerfile and no fallback entry point found
https://github.com/cmu-db/noisepage-pilot,ok,False,0,0,1,behavior\__main__.py,fallback_nested,6,2,2,0,0,False,,False,,False,,False,,False,,False,,"unverified: missing stages: data_acquisition, data_preparation, modeling, training, evaluation, inference"
https://github.com/albop/computational_seminar,no_dockerfile,False,0,0,0,,,0,0,0,0,0,False,,False,,False,,False,,False,,False,,no Dockerfile and no fallback entry point found
https://github.com/spluque/scikit-diveMove,ok,False,2,0,1,skdiveMove\__main__.py,fallback_nested,13,60,5,0,0,True,skdiveMove/calibconfig.py:81 json.load [matched json.load],True,skdiveMove/tdr.py:149 pd.concat [matched pd.concat],False,,False,,False,,False,,"unverified: missing stages: modeling, training, evaluation, inference"
https://github.com/bnl/pub-ML_examples,no_dockerfile,False,0,0,0,,,0,0,0,0,0,False,,False,,False,,False,,False,,False,,no Dockerfile and no fallback entry point found
https://github.com/suneetha-inturi/py,no_dockerfile,False,0,0,0,,,0,0,0,0,0,False,,False,,False,,False,,False,,False,,no Dockerfile and no fallback entry point found
https://github.com/mbernste/SpatialCorr,no_dockerfile,False,0,0,0,,,0,0,0,0,0,False,,False,,False,,False,,False,,False,,no Dockerfile and no fallback entry point found
https://github.com/pjuangph/PINN-Torch,no_dockerfile,False,0,0,0,,,0,0,0,0,0,False,,False,,False,,False,,False,,False,,no Dockerfile and no fallback entry point found
https://github.com/michaelfeil/dtu_mlops,no_entry,False,0,1,0,,,0,0,0,0,0,False,,False,,False,,False,,False,,False,,Dockerfile(s) found but no Python entry point could be resolved
https://github.com/felipeangelimvieira/SharedNearestNeighbors,no_dockerfile,False,0,0,0,,,0,0,0,0,0,False,,False,,False,,False,,False,,False,,no Dockerfile and no fallback entry point found
https://github.com/QuantitativeBiology/dtrace,no_dockerfile,False,0,0,0,,,0,0,0,0,0,False,,False,,False,,False,,False,,False,,no Dockerfile and no fallback entry point found
https://github.com/leon11s/python-analitika-2-public,no_entry,False,0,1,0,,,0,0,0,0,0,False,,False,,False,,False,,False,,False,,Dockerfile(s) found but no Python entry point could be resolved
https://github.com/Mustapha-AJEGHRIR/projet_sys_decision,ok,False,0,0,1,Inv-MR-Sort\main.py,fallback_nested,1,1,0,0,0,False,,False,,False,,False,,False,,False,,"unverified: missing stages: data_acquisition, data_preparation, modeling, training, evaluation, inference"
https://github.com/deepset-ai/haystack,no_entry,False,0,2,0,,,0,0,0,0,0,False,,False,,False,,False,,False,,False,,Dockerfile(s) found but no Python entry point could be resolved
https://github.com/uoe-agents/non_conventional_value_function_approximation,no_dockerfile,False,0,0,0,,,0,0,0,0,0,False,,False,,False,,False,,False,,False,,no Dockerfile and no fallback entry point found
https://github.com/instadeepai/locust-predict,no_entry,False,0,2,0,,,0,0,0,0,0,False,,False,,False,,False,,False,,False,,Dockerfile(s) found but no Python entry point could be resolved
https://github.com/AntoineLlg/projet-python-2a,no_dockerfile,False,0,0,0,,,0,0,0,0,0,False,,False,,False,,False,,False,,False,,no Dockerfile and no fallback entry point found
https://github.com/Robak132/IUM-z5w1,ok,False,5,0,1,microservice\main.py,fallback_nested,11,37,4,0,0,True,microservice/main.py:46 pd.read_csv [matched pd.read_csv],True,microservice/main.py:151 pd.to_datetime [matched pd.to_datetime],True,microservice/model/model_a.py:12 sklearn.linear_model.LinearRegression [matched LinearRegression],True,microservice/model/model_a.py:13 model.fit [matched model.fit],False,,True,microservice/main.py:15 fastapi.FastAPI [matched FastAPI],unverified: missing stages: evaluation
https://github.com/pyemeli/pygthon_2,no_dockerfile,False,0,0,0,,,0,0,0,0,0,False,,False,,False,,False,,False,,False,,no Dockerfile and no fallback entry point found
https://github.com/danyalaftab/DemoCheck,no_dockerfile,False,0,0,0,,,0,0,0,0,0,False,,False,,False,,False,,False,,False,,no Dockerfile and no fallback entry point found
https://github.com/stebuehler/opnrcd,no_dockerfile,False,0,0,0,,,0,0,0,0,0,False,,False,,False,,False,,False,,False,,no Dockerfile and no fallback entry point found
https://github.com/MichalOkon/AIP,no_entry,False,0,3,0,,,0,0,0,0,0,False,,False,,False,,False,,False,,False,,Dockerfile(s) found but no Python entry point could be resolved
https://github.com/RayHYAN/INST0060_GroupWork,no_dockerfile,False,0,0,0,,,0,0,0,0,0,False,,False,,False,,False,,False,,False,,no Dockerfile and no fallback entry point found
https://github.com/hasnainroopawalla/ScribbleNet,no_dockerfile,False,0,0,0,,,0,0,0,0,0,False,,False,,False,,False,,False,,False,,no Dockerfile and no fallback entry point found
https://github.com/GuzAza/Yellow-Base,no_dockerfile,False,0,0,0,,,0,0,0,0,0,False,,False,,False,,False,,False,,False,,no Dockerfile and no fallback entry point found
https://github.com/CameronFen/sbi2,no_dockerfile,False,0,0,0,,,0,0,0,0,0,False,,False,,False,,False,,False,,False,,no Dockerfile and no fallback entry point found
https://github.com/00inboxtest/Machine-Learning-with-Python,no_dockerfile,False,0,0,0,,,0,0,0,0,0,False,,False,,False,,False,,False,,False,,no Dockerfile and no fallback entry point found
https://github.com/BMarcin/PetraRQ,no_dockerfile,False,0,0,0,,,0,0,0,0,0,False,,False,,False,,False,,False,,False,,no Dockerfile and no fallback entry point found
https://github.com/marketsAI/marketsAI,no_dockerfile,False,0,0,0,,,0,0,0,0,0,False,,False,,False,,False,,False,,False,,no Dockerfile and no fallback entry point found
https://github.com/ahmad-PH/auto_lcc,no_dockerfile,False,0,0,0,,,0,0,0,0,0,False,,False,,False,,False,,False,,False,,no Dockerfile and no fallback entry point found
https://github.com/semasuka/Income-classification,no_dockerfile,False,0,0,0,,,0,0,0,0,0,False,,False,,False,,False,,False,,False,,no Dockerfile and no fallback entry point found
https://github.com/invicta117/dublin-bikes-predictions-web-app,no_dockerfile,False,0,0,0,,,0,0,0,0,0,False,,False,,False,,False,,False,,False,,no Dockerfile and no fallback entry point found
https://github.com/cpa-analytics/embedding-encoder,no_dockerfile,False,0,0,0,,,0,0,0,0,0,False,,False,,False,,False,,False,,False,,no Dockerfile and no fallback entry point found
https://github.com/team-ok-nlp/jigsaw-toxic-competition,no_dockerfile,False,0,0,0,,,0,0,0,0,0,False,,False,,False,,False,,False,,False,,no Dockerfile and no fallback entry point found
https://github.com/mirrord/weirdneuralnet,no_dockerfile,False,0,0,0,,,0,0,0,0,0,False,,False,,False,,False,,False,,False,,no Dockerfile and no fallback entry point found
https://github.com/GooDRomka/paper_active_learning,no_dockerfile,False,0,0,0,,,0,0,0,0,0,False,,False,,False,,False,,False,,False,,no Dockerfile and no fallback entry point found
https://github.com/Farouk96/Predict_tags_question,no_dockerfile,False,0,0,0,,,0,0,0,0,0,False,,False,,False,,False,,False,,False,,no Dockerfile and no fallback entry point found
https://github.com/boostcampaitech2/final-project-level3-nlp-08,no_dockerfile,False,0,0,0,,,0,0,0,0,0,False,,False,,False,,False,,False,,False,,no Dockerfile and no fallback entry point found
https://github.com/insaid2018/project-gallery,no_dockerfile,False,0,0,0,,,0,0,0,0,0,False,,False,,False,,False,,False,,False,,no Dockerfile and no fallback entry point found
https://github.com/qLachaussee/Learning_Analytic,no_dockerfile,False,0,0,0,,,0,0,0,0,0,False,,False,,False,,False,,False,,False,,no Dockerfile and no fallback entry point found
https://github.com/Christhoper13579/pycaret2,no_entry,False,0,2,0,,,0,0,0,0,0,False,,False,,False,,False,,False,,False,,Dockerfile(s) found but no Python entry point could be resolved
https://github.com/frahncky/ML,no_dockerfile,False,0,0,0,,,0,0,0,0,0,False,,False,,False,,False,,False,,False,,no Dockerfile and no fallback entry point found
https://github.com/DavidKuhestani/Research-Practicum---Dublin-Buses-SpotaBus,no_dockerfile,False,0,0,0,,,0,0,0,0,0,False,,False,,False,,False,,False,,False,,no Dockerfile and no fallback entry point found
https://github.com/taminemelissa/quiz-generator,no_dockerfile,False,0,0,0,,,0,0,0,0,0,False,,False,,False,,False,,False,,False,,no Dockerfile and no fallback entry point found
https://github.com/jaime-cespedes-sisniega/ml-elec,no_dockerfile,False,0,0,0,,,0,0,0,0,0,False,,False,,False,,False,,False,,False,,no Dockerfile and no fallback entry point found
https://github.com/40104/Scikit-Learn,no_dockerfile,False,0,0,0,,,0,0,0,0,0,False,,False,,False,,False,,False,,False,,no Dockerfile and no fallback entry point found
https://github.com/STT-121/intent_capsnet_atis_urdu_STT,ok,False,4,0,1,src\main.py,fallback_nested,1,7,0,0,0,True,src/main.py:41 torch.utils.data.DataLoader [matched DataLoader],False,,False,,True,src/main.py:81 optimizer.zero_grad [matched optimizer.zero_grad],True,src/main.py:94 sklearn.metrics.accuracy_score [matched accuracy_score],True,src/main.py:130 model.eval [matched model.eval],"unverified: missing stages: data_preparation, modeling"
https://github.com/pyemeli/PythonDataScienceHandbook-,no_dockerfile,False,0,0,0,,,0,0,0,0,0,False,,False,,False,,False,,False,,False,,no Dockerfile and no fallback entry point found
https://github.com/Joypham/data_operation,no_dockerfile,False,0,0,0,,,0,0,0,0,0,False,,False,,False,,False,,False,,False,,no Dockerfile and no fallback entry point found
https://github.com/waking95/easy-bert,no_dockerfile,False,0,0,0,,,0,0,0,0,0,False,,False,,False,,False,,False,,False,,no Dockerfile and no fallback entry point found
https://github.com/bgoonz/python-scripts,no_dockerfile,False,0,0,0,,,0,0,0,0,0,False,,False,,False,,False,,False,,False,,no Dockerfile and no fallback entry point found
https://github.com/Convex-Labs/honestnft-shenanigans,no_dockerfile,False,0,0,0,,,0,0,0,0,0,False,,False,,False,,False,,False,,False,,no Dockerfile and no fallback entry point found
https://github.com/aghorab/DESlib_Ghorab,no_dockerfile,False,0,0,0,,,0,0,0,0,0,False,,False,,False,,False,,False,,False,,no Dockerfile and no fallback entry point found
https://github.com/codewithpandey/predicto,no_dockerfile,False,0,0,0,,,0,0,0,0,0,False,,False,,False,,False,,False,,False,,no Dockerfile and no fallback entry point found
https://github.com/ErisonBarros/gengis,no_dockerfile,False,0,0,0,,,0,0,0,0,0,False,,False,,False,,False,,False,,False,,no Dockerfile and no fallback entry point found
https://github.com/drigols/studies,no_entry,False,0,5,0,,,0,0,0,0,0,False,,False,,False,,False,,False,,False,,Dockerfile(s) found but no Python entry point could be resolved
https://github.com/otovo/bender,no_dockerfile,False,0,0,0,,,0,0,0,0,0,False,,False,,False,,False,,False,,False,,no Dockerfile and no fallback entry point found
https://github.com/lexcaliber/core,ok,False,3,0,1,cli.py,fallback_console_script,36,120,3,0,0,True,ingress/cl_file_downloader.py:53 tarfile.open [matched tarfile.open],False,,True,algorithms/case_clustering.py:24 sklearn.cluster.DBSCAN [matched DBSCAN],False,,False,,True,api.py:21 flask.Flask [matched Flask],"unverified: missing stages: data_preparation, training, evaluation"
https://github.com/coryshain/cdr,no_dockerfile,False,0,0,0,,,0,0,0,0,0,False,,False,,False,,False,,False,,False,,no Dockerfile and no fallback entry point found
https://github.com/Predictive-maintenance-casus-2021/Predictive-Maintenance-supervised-learning,no_dockerfile,False,0,0,0,,,0,0,0,0,0,False,,False,,False,,False,,False,,False,,no Dockerfile and no fallback entry point found
https://github.com/avinashkranjan/Amazing-Python-Scripts,ok,False,0,2,1,Text_Sentimental_Analysis_Script_with_GUI\app.py,fallback_nested,1,1,0,0,0,False,,False,,False,,False,,False,,False,,"unverified: missing stages: data_acquisition, data_preparation, modeling, training, evaluation, inference"
https://github.com/boczekbartek/deep_learning,no_dockerfile,False,0,0,0,,,0,0,0,0,0,False,,False,,False,,False,,False,,False,,no Dockerfile and no fallback entry point found
https://github.com/Jack-LiZi/qlib,ok,False,5,0,1,qlib\workflow\cli.py,fallback_console_script,50,1108,6,0,1,True,qlib/workflow/cli.py:47 ruamel.yaml.safe_load [matched yaml.safe_load],True,qlib/data/cache.py:837 pd.concat [matched pd.concat],True,qlib/model/base.py:0 class ModelFT [matched <class subclasses model base>],True,qlib/model/trainer.py:47 model.fit [matched model.fit],False,,True,qlib/workflow/record_temp.py:186 self.model.predict [matched model.predict],unverified: missing stages: evaluation
https://github.com/mohammed-laamiri/Springboard,no_dockerfile,False,0,0,0,,,0,0,0,0,0,False,,False,,False,,False,,False,,False,,no Dockerfile and no fallback entry point found
https://github.com/yunguan-wang/SPROD,no_dockerfile,False,0,0,0,,,0,0,0,0,0,False,,False,,False,,False,,False,,False,,no Dockerfile and no fallback entry point found
https://github.com/kathysimon99/audio_commands,no_dockerfile,False,0,0,0,,,0,0,0,0,0,False,,False,,False,,False,,False,,False,,no Dockerfile and no fallback entry point found
https://github.com/actionprojecteu/action-tool,no_dockerfile,False,0,0,0,,,0,0,0,0,0,False,,False,,False,,False,,False,,False,,no Dockerfile and no fallback entry point found
https://github.com/NasLabBgu/STEM,no_dockerfile,False,0,0,0,,,0,0,0,0,0,False,,False,,False,,False,,False,,False,,no Dockerfile and no fallback entry point found
https://github.com/erwan-umlil/INF573_Computer_Vision_Project,no_dockerfile,False,0,0,0,,,0,0,0,0,0,False,,False,,False,,False,,False,,False,,no Dockerfile and no fallback entry point found
https://github.com/moritzwilksch/DeepTextGeneration,no_dockerfile,False,0,0,0,,,0,0,0,0,0,False,,False,,False,,False,,False,,False,,no Dockerfile and no fallback entry point found
https://github.com/knei-knurow/hackyeah-2021,no_dockerfile,False,0,0,0,,,0,0,0,0,0,False,,False,,False,,False,,False,,False,,no Dockerfile and no fallback entry point found
https://github.com/Lord225/Lord-s-asm-for-mc,no_dockerfile,False,0,0,0,,,0,0,0,0,0,False,,False,,False,,False,,False,,False,,no Dockerfile and no fallback entry point found
https://github.com/Arunkumar-CH/lighteing,no_dockerfile,False,0,0,0,,,0,0,0,0,0,False,,False,,False,,False,,False,,False,,no Dockerfile and no fallback entry point found
https://github.com/moliushang/dex-net,no_dockerfile,False,0,0,0,,,0,0,0,0,0,False,,False,,False,,False,,False,,False,,no Dockerfile and no fallback entry point found
https://github.com/HoningJade/email-voice-assistant,no_dockerfile,False,0,0,0,,,0,0,0,0,0,False,,False,,False,,False,,False,,False,,no Dockerfile and no fallback entry point found
https://github.com/abhisheks008/ML-Crate,no_dockerfile,False,0,0,0,,,0,0,0,0,0,False,,False,,False,,False,,False,,False,,no Dockerfile and no fallback entry point found
https://github.com/1312005659/pyod,clone_failed,False,0,0,0,,,0,0,0,0,0,False,,False,,False,,False,,False,,False,,remote: Repository not found.
https://github.com/nulladams/devops-capstone-project,ok,False,2,2,1,src\app.py,fallback_nested,1,3,0,0,0,False,,True,src/app.py:17 sklearn.preprocessing.StandardScaler [matched StandardScaler],False,,False,,False,,True,src/app.py:9 flask.Flask [matched Flask],"unverified: missing stages: data_acquisition, modeling, training, evaluation"
https://github.com/YunjieH/EC-601-A1-Group5,no_dockerfile,False,0,0,0,,,0,0,0,0,0,False,,False,,False,,False,,False,,False,,no Dockerfile and no fallback entry point found
https://github.com/MattithyahuData/P1-World-Cup-2018-Prediction,no_dockerfile,False,0,0,0,,,0,0,0,0,0,False,,False,,False,,False,,False,,False,,no Dockerfile and no fallback entry point found
https://github.com/chenxuesongTHU/EEGCenter,no_dockerfile,False,0,0,0,,,0,0,0,0,0,False,,False,,False,,False,,False,,False,,no Dockerfile and no fallback entry point found
https://github.com/NVIDIA/DeepLearningExamples,no_entry,False,0,71,0,,,0,0,0,0,0,False,,False,,False,,False,,False,,False,,Dockerfile(s) found but no Python entry point could be resolved
https://github.com/JonathanShor/DoubletDetection,no_dockerfile,False,0,0,0,,,0,0,0,0,0,False,,False,,False,,False,,False,,False,,no Dockerfile and no fallback entry point found
https://github.com/hamidsadeghi68/face-clustering,no_dockerfile,False,0,0,0,,,0,0,0,0,0,False,,False,,False,,False,,False,,False,,no Dockerfile and no fallback entry point found
https://github.com/LllC-mmd/3DBuildingInfoMap,no_dockerfile,False,0,0,0,,,0,0,0,0,0,False,,False,,False,,False,,False,,False,,no Dockerfile and no fallback entry point found
https://github.com/Hasky96/TIL,no_dockerfile,False,0,0,0,,,0,0,0,0,0,False,,False,,False,,False,,False,,False,,no Dockerfile and no fallback entry point found
https://github.com/sohyunbae1231/interiorpeople,no_dockerfile,False,0,0,0,,,0,0,0,0,0,False,,False,,False,,False,,False,,False,,no Dockerfile and no fallback entry point found
https://github.com/kiarastempel/explaining-echo-prototypes,no_dockerfile,False,0,0,0,,,0,0,0,0,0,False,,False,,False,,False,,False,,False,,no Dockerfile and no fallback entry point found
https://github.com/dai-anna/Duke-NLP-FinalProject,no_dockerfile,False,0,0,0,,,0,0,0,0,0,False,,False,,False,,False,,False,,False,,no Dockerfile and no fallback entry point found
https://github.com/A-safarji/Books-Recommnder-,no_dockerfile,False,0,0,0,,,0,0,0,0,0,False,,False,,False,,False,,False,,False,,no Dockerfile and no fallback entry point found
https://github.com/nalinahuja/facefilter,ok,False,1,0,1,src\main.py,fallback_nested,1,6,0,0,0,True,src/main.py:136 cv2.imread [matched cv2.imread],False,,False,,False,,False,,False,,"unverified: missing stages: data_preparation, modeling, training, evaluation, inference"
https://github.com/arkadiuss/nlp,no_entry,False,0,1,0,,,0,0,0,0,0,False,,False,,False,,False,,False,,False,,Dockerfile(s) found but no Python entry point could be resolved
https://github.com/Olivador/projet_python_ML,ok,False,0,0,1,app\app.py,fallback_nested,1,5,0,0,0,False,,False,,False,,False,,False,,False,,"unverified: missing stages: data_acquisition, data_preparation, modeling, training, evaluation, inference"
https://github.com/KAHLYM/market-prediction,no_dockerfile,False,0,0,0,,,0,0,0,0,0,False,,False,,False,,False,,False,,False,,no Dockerfile and no fallback entry point found
https://github.com/Aniket392/Carhub,no_dockerfile,False,0,0,0,,,0,0,0,0,0,False,,False,,False,,False,,False,,False,,no Dockerfile and no fallback entry point found
https://github.com/mozzielol/Hybrid,no_dockerfile,False,0,0,0,,,0,0,0,0,0,False,,False,,False,,False,,False,,False,,no Dockerfile and no fallback entry point found
https://github.com/ustc400/drone,ok,False,4,0,1,keras_retinanet\keras_retinanet\bin\train.py,fallback_console_script,36,293,4,0,0,True,keras_retinanet/keras_retinanet/preprocessing/csv_generator.py:147 csv.reader [matched csv.reader],False,,True,keras_retinanet/keras_retinanet/models/retinanet.py:51 keras.layers.Input [matched keras.layers.*],True,keras_retinanet/keras_retinanet/bin/train.py:537 wandb.init [matched wandb.init],True,keras_retinanet/keras_retinanet/utils/eval.py:320 wandb.log [matched wandb.log],False,,"unverified: missing stages: data_preparation, inference"
https://github.com/vicariousinc/PGMax,no_dockerfile,False,0,0,0,,,0,0,0,0,0,False,,False,,False,,False,,False,,False,,no Dockerfile and no fallback entry point found
https://github.com/CS3237IOT/IOT,no_dockerfile,False,0,0,0,,,0,0,0,0,0,False,,False,,False,,False,,False,,False,,no Dockerfile and no fallback entry point found
https://github.com/comet-ml/comet-examples,no_entry,False,0,1,0,,,0,0,0,0,0,False,,False,,False,,False,,False,,False,,Dockerfile(s) found but no Python entry point could be resolved
https://github.com/guillermo-jimenez/sak,no_dockerfile,False,0,0,0,,,0,0,0,0,0,False,,False,,False,,False,,False,,False,,no Dockerfile and no fallback entry point found
https://github.com/tbonar/ML1,no_dockerfile,False,0,0,0,,,0,0,0,0,0,False,,False,,False,,False,,False,,False,,no Dockerfile and no fallback entry point found
https://github.com/benhaj/bmai_ahmed,no_dockerfile,False,0,0,0,,,0,0,0,0,0,False,,False,,False,,False,,False,,False,,no Dockerfile and no fallback entry point found
https://github.com/lucdekeijzer/film_recommendations,no_dockerfile,False,0,0,0,,,0,0,0,0,0,False,,False,,False,,False,,False,,False,,no Dockerfile and no fallback entry point found
https://github.com/sagarnildass/mmfashion_sagar,no_entry,False,0,1,0,,,0,0,0,0,0,False,,False,,False,,False,,False,,False,,Dockerfile(s) found but no Python entry point could be resolved
https://github.com/ArchambaultP/NHL-Notebooks,no_entry,False,0,2,0,,,0,0,0,0,0,False,,False,,False,,False,,False,,False,,Dockerfile(s) found but no Python entry point could be resolved
https://github.com/spectramap/spectramap,ok,False,3,0,1,app.py,fallback_root,2,23,1,0,0,True,app.py:171 pd.read_csv [matched pd.read_csv],True,app.py:316 pd.to_numeric [matched pd.to_numeric],True,app.py:2234 sklearn.cluster.KMeans [matched KMeans],False,,False,,False,,"unverified: missing stages: training, evaluation, inference"
https://github.com/Navya-sriram/Devops-for-Python-Automation,no_entry,False,0,4,0,,,0,0,0,0,0,False,,False,,False,,False,,False,,False,,Dockerfile(s) found but no Python entry point could be resolved
https://github.com/Finfra/AI_Vision,no_dockerfile,False,0,0,0,,,0,0,0,0,0,False,,False,,False,,False,,False,,False,,no Dockerfile and no fallback entry point found
https://github.com/CLEANit/genheas,ok,False,0,0,1,genheas\main.py,fallback_nested,2,1,1,0,0,False,,False,,False,,False,,False,,False,,"unverified: missing stages: data_acquisition, data_preparation, modeling, training, evaluation, inference"
https://github.com/amarcozzi/CS547-MachineLearning,no_dockerfile,False,0,0,0,,,0,0,0,0,0,False,,False,,False,,False,,False,,False,,no Dockerfile and no fallback entry point found
https://github.com/thomaslacour/planets,no_dockerfile,False,0,0,0,,,0,0,0,0,0,False,,False,,False,,False,,False,,False,,no Dockerfile and no fallback entry point found
https://github.com/MannLabs/alphapept,ok,False,5,1,1,alphapept\__main__.py,fallback_nested,23,388,3,0,1,True,alphapept/interface.py:711 pd.read_hdf [matched pd.read_hdf],True,alphapept/interface.py:670 pd.concat [matched pd.concat],True,alphapept/recalibration.py:117 sklearn.neighbors.KNeighborsRegressor [matched KNeighborsRegressor],True,alphapept/score.py:476 sklearn.model_selection.GridSearchCV [matched GridSearchCV],False,,True,alphapept/gui/utils.py:72 st.write [matched st.write],unverified: missing stages: evaluation
https://github.com/discipleofhamilton/insightface,no_dockerfile,False,0,0,0,,,0,0,0,0,0,False,,False,,False,,False,,False,,False,,no Dockerfile and no fallback entry point found
https://github.com/mepland/data_science_notes,no_dockerfile,False,0,0,0,,,0,0,0,0,0,False,,False,,False,,False,,False,,False,,no Dockerfile and no fallback entry point found
https://github.com/francescoignaziore/Sentiment_Analysis_Classification,ok,True,6,0,1,classifier\main.py,fallback_nested,29,180,3,0,0,True,classifier/pipeline.py:998 np.load [matched np.load],True,classifier/pipeline.py:884 sklearn.model_selection.KFold [matched KFold],True,BERT_NN.py:135 tf.keras.layers.Input [matched tf.keras.layers.*],True,classifier/vanilla_NN.py:64 self.model.fit [matched model.fit],True,classifier/vanilla_NN.py:79 self.model.evaluate [matched model.evaluate],True,classifier/pipeline.py:844 model.model.predict [matched model.predict],verified: all 6 stages present
https://github.com/gerardogandeaga/Chair-Mix-N-Match,no_dockerfile,False,0,0,0,,,0,0,0,0,0,False,,False,,False,,False,,False,,False,,no Dockerfile and no fallback entry point found
https://github.com/rampk/amazon-product-recommendation,no_dockerfile,False,0,0,0,,,0,0,0,0,0,False,,False,,False,,False,,False,,False,,no Dockerfile and no fallback entry point found
https://github.com/openimis/openimis-be-claim_ai_py,no_entry,False,0,1,0,,,0,0,0,0,0,False,,False,,False,,False,,False,,False,,Dockerfile(s) found but no Python entry point could be resolved
https://github.com/TrailBlazed/BlockChainAnalysis,no_dockerfile,False,0,0,0,,,0,0,0,0,0,False,,False,,False,,False,,False,,False,,no Dockerfile and no fallback entry point found
https://github.com/raychorn/machine_learning_cuda1,no_dockerfile,False,0,0,0,,,0,0,0,0,0,False,,False,,False,,False,,False,,False,,no Dockerfile and no fallback entry point found
https://github.com/plaguss/top_pypi_source_code_stats,ok,False,1,0,1,src\data\make_dataset.py,fallback_console_script,6,46,2,0,0,True,src/data/download.py:33 urllib.request.urlopen [matched urllib.request.urlopen],False,,False,,False,,False,,False,,"unverified: missing stages: data_preparation, modeling, training, evaluation, inference"
https://github.com/jchen42703/earthquake_forecasting,no_entry,False,0,2,0,,,0,0,0,0,0,False,,False,,False,,False,,False,,False,,Dockerfile(s) found but no Python entry point could be resolved
https://github.com/mir-group/nequip,ok,False,5,0,1,nequip\scripts\train.py,fallback_console_script,97,471,9,0,2,True,nequip/utils/file_utils.py:34 urllib.request.urlopen [matched urllib.request.urlopen],False,,True,nequip/scripts/train.py:117 hydra.utils.instantiate [matched hydra.utils.instantiate],True,nequip/scripts/train.py:43 hydra.main [matched hydra.main],True,nequip/train/lightning.py:285 def validation_step [matched <lightning hook validation_step>],True,nequip/utils/compile.py:38 torch.jit.script [matched torch.jit.script],unverified: missing stages: data_preparation
https://github.com/Jihong-Tang/KDD_project,no_dockerfile,False,0,0,0,,,0,0,0,0,0,False,,False,,False,,False,,False,,False,,no Dockerfile and no fallback entry point found
https://github.com/Wsine/SEbox4DL,ok,False,1,0,1,app\main.py,fallback_nested,2,12,1,0,1,False,,False,,False,,False,,False,,True,app/main.py:16 st.write [matched st.write],"unverified: missing stages: data_acquisition, data_preparation, modeling, training, evaluation"
https://github.com/Cyborg-Model-Z/transformersray,no_entry,False,0,8,0,,,0,0,0,0,0,False,,False,,False,,False,,False,,False,,Dockerfile(s) found but no Python entry point could be resolved
https://github.com/zu0p/Grider,no_entry,False,0,4,0,,,0,0,0,0,0,False,,False,,False,,False,,False,,False,,Dockerfile(s) found but no Python entry point could be resolved
https://github.com/aauss/epi-quark,no_dockerfile,False,0,0,0,,,0,0,0,0,0,False,,False,,False,,False,,False,,False,,no Dockerfile and no fallback entry point found
https://github.com/kennethleungty/End-to-End-AutoML-Insurance,no_entry,False,0,2,0,,,0,0,0,0,0,False,,False,,False,,False,,False,,False,,Dockerfile(s) found but no Python entry point could be resolved
https://github.com/moe221/diversity_in_cinema,no_dockerfile,False,0,0,0,,,0,0,0,0,0,False,,False,,False,,False,,False,,False,,no Dockerfile and no fallback entry point found
https://github.com/JeromeSauer/Capstone_WindPowerPredicting,no_dockerfile,False,0,0,0,,,0,0,0,0,0,False,,False,,False,,False,,False,,False,,no Dockerfile and no fallback entry point found
https://github.com/meyer-lab/tHMM,ok,False,0,0,1,lineage\figures\common.py,fallback_console_script,13,101,3,0,1,False,,False,,False,,False,,False,,False,,"unverified: missing stages: data_acquisition, data_preparation, modeling, training, evaluation, inference"
https://github.com/Awle/exo-hunter,no_entry,False,0,1,0,,,0,0,0,0,0,False,,False,,False,,False,,False,,False,,Dockerfile(s) found but no Python entry point could be resolved
https://github.com/tristanfluechter/streamlit-fa,no_dockerfile,False,0,0,0,,,0,0,0,0,0,False,,False,,False,,False,,False,,False,,no Dockerfile and no fallback entry point found
https://github.com/SlayZar/Final_RSV_2021_Fit_predict,no_dockerfile,False,0,0,0,,,0,0,0,0,0,False,,False,,False,,False,,False,,False,,no Dockerfile and no fallback entry point found
https://github.com/juanjoneri/TermProject-Fa21-ECE382V,no_dockerfile,False,0,0,0,,,0,0,0,0,0,False,,False,,False,,False,,False,,False,,no Dockerfile and no fallback entry point found
https://github.com/m-zakeri/CodART,ok,False,1,4,1,application\main.py,fallback_nested,4,0,1,0,0,False,,False,,False,,False,,False,,True,application/main.py:14 fastapi.FastAPI [matched FastAPI],"unverified: missing stages: data_acquisition, data_preparation, modeling, training, evaluation"
https://github.com/Y47777777/machinelearning_scikittensorflow,no_entry,False,0,1,0,,,0,0,0,0,0,False,,False,,False,,False,,False,,False,,Dockerfile(s) found but no Python entry point could be resolved
https://github.com/zjupgx/deephlapan,no_dockerfile,False,0,0,0,,,0,0,0,0,0,False,,False,,False,,False,,False,,False,,no Dockerfile and no fallback entry point found
https://github.com/Sebasespon/handson-ml,no_entry,False,0,1,0,,,0,0,0,0,0,False,,False,,False,,False,,False,,False,,Dockerfile(s) found but no Python entry point could be resolved
https://github.com/ckolbPTB/TES_21_22_Tutorials,no_dockerfile,False,0,0,0,,,0,0,0,0,0,False,,False,,False,,False,,False,,False,,no Dockerfile and no fallback entry point found
https://github.com/skit-ai/dialogy,no_dockerfile,False,0,0,0,,,0,0,0,0,0,False,,False,,False,,False,,False,,False,,no Dockerfile and no fallback entry point found
https://github.com/kelhoussaini/Home-Credit-Prediction,no_entry,False,0,1,0,,,0,0,0,0,0,False,,False,,False,,False,,False,,False,,Dockerfile(s) found but no Python entry point could be resolved
https://github.com/souji-28/puzzle-python,ok,False,0,0,1,src\main.py,fallback_nested,1,0,0,0,0,False,,False,,False,,False,,False,,False,,"unverified: missing stages: data_acquisition, data_preparation, modeling, training, evaluation, inference"
https://github.com/NSLS-II/xmidas,ok,False,3,0,1,xmidas\main.py,fallback_nested,3,254,2,0,0,True,xmidas/main.py:549 np.load [matched np.load],True,xmidas/main.py:2252 pd.concat [matched pd.concat],True,xmidas/main.py:3694 sklearn.cluster.KMeans [matched KMeans],False,,False,,False,,"unverified: missing stages: training, evaluation, inference"
https://github.com/ECOLE-ITN/BO4ML,no_dockerfile,False,0,0,0,,,0,0,0,0,0,False,,False,,False,,False,,False,,False,,no Dockerfile and no fallback entry point found
https://github.com/ALEMA86/Movie_Recommandation,no_dockerfile,False,0,0,0,,,0,0,0,0,0,False,,False,,False,,False,,False,,False,,no Dockerfile and no fallback entry point found
https://github.com/CER-REC/esa-data-bank_banque-donnees-ees,no_dockerfile,False,0,0,0,,,0,0,0,0,0,False,,False,,False,,False,,False,,False,,no Dockerfile and no fallback entry point found
https://github.com/Shiv10/serenity,no_entry,False,0,1,0,,,0,0,0,0,0,False,,False,,False,,False,,False,,False,,Dockerfile(s) found but no Python entry point could be resolved
https://github.com/intelkevinputnam/lpot-docs,ok,True,6,9,1,lpot\ux\lpot_ux.py,fallback_console_script,151,1402,9,0,12,True,lpot/ux/web/configuration.py:75 json.load [matched json.load],True,lpot/experimental/data/transforms/transform.py:355 torchvision.transforms.functional.crop [matched torchvision.transforms.*],True,lpot/utils/utility.py:281 lpot.experimental.common.Model [matched Model],True,lpot/adaptor/pytorch.py:1030 optimizer.zero_grad [matched optimizer.zero_grad],True,lpot/ux/utils/workload/evaluation.py:159 Accuracy [matched Accuracy],True,lpot/ux/web/server.py:36 flask.Flask [matched Flask],verified: all 6 stages present
https://github.com/aigamedev/scikit-neuralnetwork,no_dockerfile,False,0,0,0,,,0,0,0,0,0,False,,False,,False,,False,,False,,False,,no Dockerfile and no fallback entry point found
https://github.com/shmulvad/kddm-project,no_dockerfile,False,0,0,0,,,0,0,0,0,0,False,,False,,False,,False,,False,,False,,no Dockerfile and no fallback entry point found
https://github.com/oumwasd/CS701-Project,no_dockerfile,False,0,0,0,,,0,0,0,0,0,False,,False,,False,,False,,False,,False,,no Dockerfile and no fallback entry point found
https://github.com/DanielTsiang/CS50ai,no_dockerfile,False,0,0,0,,,0,0,0,0,0,False,,False,,False,,False,,False,,False,,no Dockerfile and no fallback entry point found
https://github.com/typicalchazz/Das-Boot-Brew-Review,ok,False,2,0,1,app\app.py,fallback_nested,1,7,0,0,0,True,app/app.py:23 psycopg2.connect [matched psycopg2.connect],False,,False,,False,,False,,True,app/app.py:44 flask.Flask [matched Flask],"unverified: missing stages: data_preparation, modeling, training, evaluation"
https://github.com/cumc-dbmi/cehr-bert,no_dockerfile,False,0,0,0,,,0,0,0,0,0,False,,False,,False,,False,,False,,False,,no Dockerfile and no fallback entry point found
https://github.com/Danacw/DiversityInFilm_DemoDay,no_dockerfile,False,0,0,0,,,0,0,0,0,0,False,,False,,False,,False,,False,,False,,no Dockerfile and no fallback entry point found
https://github.com/giamdalessandro/neural_networks_project_2020,no_dockerfile,False,0,0,0,,,0,0,0,0,0,False,,False,,False,,False,,False,,False,,no Dockerfile and no fallback entry point found
https://github.com/cskyan/bionlp,no_dockerfile,False,0,0,0,,,0,0,0,0,0,False,,False,,False,,False,,False,,False,,no Dockerfile and no fallback entry point found
https://github.com/jc-audet/WOODS,ok,False,1,0,1,woods\train.py,fallback_nested,2,11,1,0,0,False,,False,,False,,False,,False,,True,woods/train.py:135 torch.no_grad [matched torch.no_grad],"unverified: missing stages: data_acquisition, data_preparation, modeling, training, evaluation"
https://github.com/BlueTurtle01/ImprovedColouringBook,no_dockerfile,False,0,0,0,,,0,0,0,0,0,False,,False,,False,,False,,False,,False,,no Dockerfile and no fallback entry point found
https://github.com/0xpranjal/DR-Detection-using-Swarm-intelligence,no_dockerfile,False,0,0,0,,,0,0,0,0,0,False,,False,,False,,False,,False,,False,,no Dockerfile and no fallback entry point found
https://github.com/bhaveshlohana/HacktoberFest2020-Contributions,no_dockerfile,False,0,0,0,,,0,0,0,0,0,False,,False,,False,,False,,False,,False,,no Dockerfile and no fallback entry point found
https://github.com/marios096/streamlit,no_dockerfile,False,0,0,0,,,0,0,0,0,0,False,,False,,False,,False,,False,,False,,no Dockerfile and no fallback entry point found
https://github.com/ah918/SEC_DataAnalysis,no_dockerfile,False,0,0,0,,,0,0,0,0,0,False,,False,,False,,False,,False,,False,,no Dockerfile and no fallback entry point found
https://github.com/FelipeAmaral13/ProjetosDataScience,no_dockerfile,False,0,0,0,,,0,0,0,0,0,False,,False,,False,,False,,False,,False,,no Dockerfile and no fallback entry point found
https://github.com/alkhawli/smarttrading,no_dockerfile,False,0,0,0,,,0,0,0,0,0,False,,False,,False,,False,,False,,False,,no Dockerfile and no fallback entry point found
https://github.com/SteffanoP/cbdgen-framework,no_dockerfile,False,0,0,0,,,0,0,0,0,0,False,,False,,False,,False,,False,,False,,no Dockerfile and no fallback entry point found
https://github.com/guidopetri/chess-pipeline,no_entry,False,0,1,0,,,0,0,0,0,0,False,,False,,False,,False,,False,,False,,Dockerfile(s) found but no Python entry point could be resolved
https://github.com/koscew/Metis_Module5_Unsupervised_Learning_Project,no_dockerfile,False,0,0,0,,,0,0,0,0,0,False,,False,,False,,False,,False,,False,,no Dockerfile and no fallback entry point found
https://github.com/c-w-m/scipy_con_2019,no_dockerfile,False,0,0,0,,,0,0,0,0,0,False,,False,,False,,False,,False,,False,,no Dockerfile and no fallback entry point found
https://github.com/CrisSherban/BrainPad,no_dockerfile,False,0,0,0,,,0,0,0,0,0,False,,False,,False,,False,,False,,False,,no Dockerfile and no fallback entry point found
https://github.com/OmdenaAI/omdena-texas-homelessness,no_dockerfile,False,0,0,0,,,0,0,0,0,0,False,,False,,False,,False,,False,,False,,no Dockerfile and no fallback entry point found
https://github.com/nershman/SAFFI-Project,no_dockerfile,False,0,0,0,,,0,0,0,0,0,False,,False,,False,,False,,False,,False,,no Dockerfile and no fallback entry point found
https://github.com/deepchecks/deepchecks,no_dockerfile,False,0,0,0,,,0,0,0,0,0,False,,False,,False,,False,,False,,False,,no Dockerfile and no fallback entry point found
https://github.com/AndreasMadsen/nlp-roar-interpretability,no_dockerfile,False,0,0,0,,,0,0,0,0,0,False,,False,,False,,False,,False,,False,,no Dockerfile and no fallback entry point found
https://github.com/bloomberg/emnlp21_fewrel,no_dockerfile,False,0,0,0,,,0,0,0,0,0,False,,False,,False,,False,,False,,False,,no Dockerfile and no fallback entry point found
https://github.com/fabianhe/wikipedia_cleanup,no_dockerfile,False,0,0,0,,,0,0,0,0,0,False,,False,,False,,False,,False,,False,,no Dockerfile and no fallback entry point found
https://github.com/CognitiveScale/cortex-code-templates,no_entry,False,0,13,0,,,0,0,0,0,0,False,,False,,False,,False,,False,,False,,Dockerfile(s) found but no Python entry point could be resolved
https://github.com/ryanjmccall/sb_ml_eng_capstone,no_dockerfile,False,0,0,0,,,0,0,0,0,0,False,,False,,False,,False,,False,,False,,no Dockerfile and no fallback entry point found
https://github.com/CompRhys/aviary,no_dockerfile,False,0,0,0,,,0,0,0,0,0,False,,False,,False,,False,,False,,False,,no Dockerfile and no fallback entry point found
https://github.com/seculayer/AutoAPE-mlps,no_entry,False,0,1,0,,,0,0,0,0,0,False,,False,,False,,False,,False,,False,,Dockerfile(s) found but no Python entry point could be resolved
https://github.com/CMU-313/fall-2021-hw4-connect5,no_entry,False,0,1,0,,,0,0,0,0,0,False,,False,,False,,False,,False,,False,,Dockerfile(s) found but no Python entry point could be resolved
https://github.com/Chipdelmal/MGSurvE,no_entry,False,0,1,0,,,0,0,0,0,0,False,,False,,False,,False,,False,,False,,Dockerfile(s) found but no Python entry point could be resolved
https://github.com/teqn99/TIL,no_dockerfile,False,0,0,0,,,0,0,0,0,0,False,,False,,False,,False,,False,,False,,no Dockerfile and no fallback entry point found
https://github.com/xiaoda99/transformers-old,no_entry,False,0,7,0,,,0,0,0,0,0,False,,False,,False,,False,,False,,False,,Dockerfile(s) found but no Python entry point could be resolved
https://github.com/GO-Eratosthenes/start-code,no_dockerfile,False,0,0,0,,,0,0,0,0,0,False,,False,,False,,False,,False,,False,,no Dockerfile and no fallback entry point found
https://github.com/megaelius/EPAA,no_dockerfile,False,0,0,0,,,0,0,0,0,0,False,,False,,False,,False,,False,,False,,no Dockerfile and no fallback entry point found
https://github.com/moon-hotel/MachineLearningWithMe,no_dockerfile,False,0,0,0,,,0,0,0,0,0,False,,False,,False,,False,,False,,False,,no Dockerfile and no fallback entry point found
https://github.com/thomasvrussell/snail,ok,False,2,0,1,snail\train.py,fallback_nested,1,1,0,0,0,False,,False,,True,snail/train.py:60 tf.keras.layers.Bidirectional [matched tf.keras.layers.*],True,snail/train.py:94 model.fit [matched model.fit],False,,False,,"unverified: missing stages: data_acquisition, data_preparation, evaluation, inference"
https://github.com/fumendan/transport,no_entry,False,0,2,0,,,0,0,0,0,0,False,,False,,False,,False,,False,,False,,Dockerfile(s) found but no Python entry point could be resolved
https://github.com/kk17/supermarket_detection,no_dockerfile,False,0,0,0,,,0,0,0,0,0,False,,False,,False,,False,,False,,False,,no Dockerfile and no fallback entry point found
https://github.com/radioactive11/amethyst,no_dockerfile,False,0,0,0,,,0,0,0,0,0,False,,False,,False,,False,,False,,False,,no Dockerfile and no fallback entry point found
https://github.com/AConati/IDS_Project,no_dockerfile,False,0,0,0,,,0,0,0,0,0,False,,False,,False,,False,,False,,False,,no Dockerfile and no fallback entry point found
https://github.com/pvh95/dl_reddit_meme,no_dockerfile,False,0,0,0,,,0,0,0,0,0,False,,False,,False,,False,,False,,False,,no Dockerfile and no fallback entry point found
https://github.com/YD5463/CyberbullyingDetector,no_dockerfile,False,0,0,0,,,0,0,0,0,0,False,,False,,False,,False,,False,,False,,no Dockerfile and no fallback entry point found
https://github.com/nec-research/tf-imle,ok,False,0,0,1,SYNTH\main.py,fallback_nested,2,22,1,0,0,False,,False,,False,,False,,False,,False,,"unverified: missing stages: data_acquisition, data_preparation, modeling, training, evaluation, inference"
https://github.com/layerml/onboarding-project-and-tutorials,no_dockerfile,False,0,0,0,,,0,0,0,0,0,False,,False,,False,,False,,False,,False,,no Dockerfile and no fallback entry point found
https://github.com/madityarafip/My-Machine-Learning,no_entry,False,0,4,0,,,0,0,0,0,0,False,,False,,False,,False,,False,,False,,Dockerfile(s) found but no Python entry point could be resolved
https://github.com/JonathanCrabbe/Simplex,no_dockerfile,False,0,0,0,,,0,0,0,0,0,False,,False,,False,,False,,False,,False,,no Dockerfile and no fallback entry point found
https://github.com/VIB-PSB/ksrates,ok,False,4,1,1,ksrates_cli.py,fallback_console_script,37,327,4,0,0,True,ksrates/setup_correction.py:222 pd.read_csv [matched pd.read_csv],True,ksrates/fc_rec_ret_orthomcl.py:473 pd.concat [matched pd.concat],True,ksrates/fc_cluster_anchors.py:263 sklearn.mixture.GaussianMixture [matched GaussianMixture],False,,False,,True,wgd_ksrates/modeling.py:472 model.predict_proba [matched model.predict_proba],"unverified: missing stages: training, evaluation"
https://github.com/GDSC-MITADT-Hacktoberfest2021/Hacktoberfest2021,no_dockerfile,False,0,0,0,,,0,0,0,0,0,False,,False,,False,,False,,False,,False,,no Dockerfile and no fallback entry point found
https://github.com/abhishekkrthakur/autoxgb,no_dockerfile,False,0,0,0,,,0,0,0,0,0,False,,False,,False,,False,,False,,False,,no Dockerfile and no fallback entry point found
https://github.com/jhbrito/HelloWorlds,no_dockerfile,False,0,0,0,,,0,0,0,0,0,False,,False,,False,,False,,False,,False,,no Dockerfile and no fallback entry point found
https://github.com/kuri54/Development,no_entry,False,0,5,0,,,0,0,0,0,0,False,,False,,False,,False,,False,,False,,Dockerfile(s) found but no Python entry point could be resolved
https://github.com/l3p-cv/lost_ds,no_dockerfile,False,0,0,0,,,0,0,0,0,0,False,,False,,False,,False,,False,,False,,no Dockerfile and no fallback entry point found
https://github.com/Chandradithya8/HealthApp,no_dockerfile,False,0,0,0,,,0,0,0,0,0,False,,False,,False,,False,,False,,False,,no Dockerfile and no fallback entry point found
https://github.com/GonzaloPerez1/DS_Gonzalo,no_dockerfile,False,0,0,0,,,0,0,0,0,0,False,,False,,False,,False,,False,,False,,no Dockerfile and no fallback entry point found
https://github.com/intelligence-csd-auth-gr/keyphrase-extraction-via-summarization,no_dockerfile,False,0,0,0,,,0,0,0,0,0,False,,False,,False,,False,,False,,False,,no Dockerfile and no fallback entry point found
https://github.com/boostcampaitech2/mrc-level2-nlp-13,no_dockerfile,False,0,0,0,,,0,0,0,0,0,False,,False,,False,,False,,False,,False,,no Dockerfile and no fallback entry point found
https://github.com/srilav/audioml,no_dockerfile,False,0,0,0,,,0,0,0,0,0,False,,False,,False,,False,,False,,False,,no Dockerfile and no fallback entry point found
https://github.com/pylabel-project/pylabel,no_dockerfile,False,0,0,0,,,0,0,0,0,0,False,,False,,False,,False,,False,,False,,no Dockerfile and no fallback entry point found
https://github.com/BillmanH/exoplanets,no_dockerfile,False,0,0,0,,,0,0,0,0,0,False,,False,,False,,False,,False,,False,,no Dockerfile and no fallback entry point found
https://github.com/cmu-phil/causal-learn,no_dockerfile,False,0,0,0,,,0,0,0,0,0,False,,False,,False,,False,,False,,False,,no Dockerfile and no fallback entry point found
https://github.com/IpsumDominum/Is-Font-Style-Transfer-All-You-Need-For-Historical-Document-Recognition-,no_dockerfile,False,0,0,0,,,0,0,0,0,0,False,,False,,False,,False,,False,,False,,no Dockerfile and no fallback entry point found
https://github.com/thomasjpfan/ml-workshop-intro,no_dockerfile,False,0,0,0,,,0,0,0,0,0,False,,False,,False,,False,,False,,False,,no Dockerfile and no fallback entry point found
https://github.com/modernatx/seqlike,no_entry,False,0,1,0,,,0,0,0,0,0,False,,False,,False,,False,,False,,False,,Dockerfile(s) found but no Python entry point could be resolved
https://github.com/Wadaboa/titanet,ok,False,1,0,1,src\train.py,fallback_nested,1,1,0,0,0,True,src/train.py:198 yaml.load [matched yaml.load],False,,False,,False,,False,,False,,"unverified: missing stages: data_preparation, modeling, training, evaluation, inference"
https://github.com/fga-eps-mds/2021.1-PCTs-ML-Training,no_dockerfile,False,0,0,0,,,0,0,0,0,0,False,,False,,False,,False,,False,,False,,no Dockerfile and no fallback entry point found
https://github.com/springboard-curriculum/dsc_v5,no_dockerfile,False,0,0,0,,,0,0,0,0,0,False,,False,,False,,False,,False,,False,,no Dockerfile and no fallback entry point found
https://github.com/michaelsong4399/asteroseismology,no_dockerfile,False,0,0,0,,,0,0,0,0,0,False,,False,,False,,False,,False,,False,,no Dockerfile and no fallback entry point found
https://github.com/verenablaschke/ma-thesis,no_dockerfile,False,0,0,0,,,0,0,0,0,0,False,,False,,False,,False,,False,,False,,no Dockerfile and no fallback entry point found
https://github.com/BusinessOptics/fn_graph,no_dockerfile,False,0,0,0,,,0,0,0,0,0,False,,False,,False,,False,,False,,False,,no Dockerfile and no fallback entry point found
https://github.com/currentsapi/extractnet,no_dockerfile,False,0,0,0,,,0,0,0,0,0,False,,False,,False,,False,,False,,False,,no Dockerfile and no fallback entry point found
https://github.com/boostcampaitech2/image-classification-level1-20,no_dockerfile,False,0,0,0,,,0,0,0,0,0,False,,False,,False,,False,,False,,False,,no Dockerfile and no fallback entry point found
https://github.com/dummy26/stock-prediction-api,no_dockerfile,False,0,0,0,,,0,0,0,0,0,False,,False,,False,,False,,False,,False,,no Dockerfile and no fallback entry point found
https://github.com/zacps/al-stopping-conditions,no_dockerfile,False,0,0,0,,,0,0,0,0,0,False,,False,,False,,False,,False,,False,,no Dockerfile and no fallback entry point found
https://github.com/santiagxf/aml-modules,no_dockerfile,False,0,0,0,,,0,0,0,0,0,False,,False,,False,,False,,False,,False,,no Dockerfile and no fallback entry point found
https://github.com/NTUB-110206/Backend-Flask,no_dockerfile,False,0,0,0,,,0,0,0,0,0,False,,False,,False,,False,,False,,False,,no Dockerfile and no fallback entry point found
https://github.com/frankye1000/NYCU-DigitalMedicine,no_dockerfile,False,0,0,0,,,0,0,0,0,0,False,,False,,False,,False,,False,,False,,no Dockerfile and no fallback entry point found
https://github.com/AlexanderSouthan/pyPreprocessing,no_dockerfile,False,0,0,0,,,0,0,0,0,0,False,,False,,False,,False,,False,,False,,no Dockerfile and no fallback entry point found
https://github.com/AlexanderSouthan/little_helpers,no_dockerfile,False,0,0,0,,,0,0,0,0,0,False,,False,,False,,False,,False,,False,,no Dockerfile and no fallback entry point found
https://github.com/Anuvarshini027/Higgs-Boson-Prediction,no_dockerfile,False,0,0,0,,,0,0,0,0,0,False,,False,,False,,False,,False,,False,,no Dockerfile and no fallback entry point found
https://github.com/omaarelsherif/Customer-Chrun-Prediction-Using-Machine-Learning,no_dockerfile,False,0,0,0,,,0,0,0,0,0,False,,False,,False,,False,,False,,False,,no Dockerfile and no fallback entry point found
https://github.com/bela127/active_learning_ts,no_dockerfile,False,0,0,0,,,0,0,0,0,0,False,,False,,False,,False,,False,,False,,no Dockerfile and no fallback entry point found
https://github.com/s-mizuki-nlp/word_sense_disambiguation,no_dockerfile,False,0,0,0,,,0,0,0,0,0,False,,False,,False,,False,,False,,False,,no Dockerfile and no fallback entry point found
https://github.com/atlarge-research/AIP,no_entry,False,0,3,0,,,0,0,0,0,0,False,,False,,False,,False,,False,,False,,Dockerfile(s) found but no Python entry point could be resolved
https://github.com/aidanscannell/ModeOpt,no_dockerfile,False,0,0,0,,,0,0,0,0,0,False,,False,,False,,False,,False,,False,,no Dockerfile and no fallback entry point found
https://github.com/MKmknd/ILA,no_dockerfile,False,0,0,0,,,0,0,0,0,0,False,,False,,False,,False,,False,,False,,no Dockerfile and no fallback entry point found
https://github.com/JennEYoon/fastai-deep-learning,no_dockerfile,False,0,0,0,,,0,0,0,0,0,False,,False,,False,,False,,False,,False,,no Dockerfile and no fallback entry point found
https://github.com/AvansETI/SmartGridAI,no_entry,False,0,3,0,,,0,0,0,0,0,False,,False,,False,,False,,False,,False,,Dockerfile(s) found but no Python entry point could be resolved
https://github.com/thuytrinht4/disaster-response-pipeline,ok,False,3,0,1,app\run.py,fallback_nested,1,3,0,0,0,True,app/run.py:19 sqlalchemy.create_engine [matched sqlalchemy.create_engine],True,app/run.py:30 df.groupby [matched df.groupby],False,,False,,False,,True,app/run.py:12 flask.Flask [matched Flask],"unverified: missing stages: modeling, training, evaluation"
https://github.com/anupam3693/data-science-on-aws,no_entry,False,0,20,0,,,0,0,0,0,0,False,,False,,False,,False,,False,,False,,Dockerfile(s) found but no Python entry point could be resolved
https://github.com/saitzaw/data-pipeline-for-ds,no_dockerfile,False,0,0,0,,,0,0,0,0,0,False,,False,,False,,False,,False,,False,,no Dockerfile and no fallback entry point found
https://github.com/neenerrh/ABiNE,no_dockerfile,False,0,0,0,,,0,0,0,0,0,False,,False,,False,,False,,False,,False,,no Dockerfile and no fallback entry point found
https://github.com/ThierryJudge/inm708,no_dockerfile,False,0,0,0,,,0,0,0,0,0,False,,False,,False,,False,,False,,False,,no Dockerfile and no fallback entry point found
https://github.com/huangmingg/bt4012_project,ok,False,1,0,1,src\main.py,fallback_nested,1,1,0,0,0,False,,False,,False,,False,,True,src/main.py:41 model.evaluate [matched model.evaluate],False,,"unverified: missing stages: data_acquisition, data_preparation, modeling, training, inference"
https://github.com/croidzen/playground,no_entry,False,0,6,0,,,0,0,0,0,0,False,,False,,False,,False,,False,,False,,Dockerfile(s) found but no Python entry point could be resolved
https://github.com/anvrass/MDSE2021-5,no_entry,False,0,14,0,,,0,0,0,0,0,False,,False,,False,,False,,False,,False,,Dockerfile(s) found but no Python entry point could be resolved
https://github.com/FaNF96/Urbansim,no_dockerfile,False,0,0,0,,,0,0,0,0,0,False,,False,,False,,False,,False,,False,,no Dockerfile and no fallback entry point found
https://github.com/mbillingr/wasserstand,no_entry,False,0,2,0,,,0,0,0,0,0,False,,False,,False,,False,,False,,False,,Dockerfile(s) found but no Python entry point could be resolved
https://github.com/abdullahtysz/Machine_Learning,no_dockerfile,False,0,0,0,,,0,0,0,0,0,False,,False,,False,,False,,False,,False,,no Dockerfile and no fallback entry point found
https://github.com/banjtheman/dc_ndoch_2021,no_dockerfile,False,0,0,0,,,0,0,0,0,0,False,,False,,False,,False,,False,,False,,no Dockerfile and no fallback entry point found
https://github.com/LectroniC/breakwave,no_dockerfile,False,0,0,0,,,0,0,0,0,0,False,,False,,False,,False,,False,,False,,no Dockerfile and no fallback entry point found
https://github.com/bdpedigo/networks-course,no_dockerfile,False,0,0,0,,,0,0,0,0,0,False,,False,,False,,False,,False,,False,,no Dockerfile and no fallback entry point found
https://github.com/qLSLab/microFIM,no_dockerfile,False,0,0,0,,,0,0,0,0,0,False,,False,,False,,False,,False,,False,,no Dockerfile and no fallback entry point found
https://github.com/Dadmatech/DadmaTools,no_dockerfile,False,0,0,0,,,0,0,0,0,0,False,,False,,False,,False,,False,,False,,no Dockerfile and no fallback entry point found
https://github.com/jpusa/mushi-identifier,no_entry,False,0,1,0,,,0,0,0,0,0,False,,False,,False,,False,,False,,False,,Dockerfile(s) found but no Python entry point could be resolved
https://github.com/ModelOriented/AI-strategies-papers-regulations-monitoring,no_entry,False,0,1,0,,,0,0,0,0,0,False,,False,,False,,False,,False,,False,,Dockerfile(s) found but no Python entry point could be resolved
https://github.com/aenoboa1/ml_zoomcamp_homeworks,no_entry,False,0,4,0,,,0,0,0,0,0,False,,False,,False,,False,,False,,False,,Dockerfile(s) found but no Python entry point could be resolved
https://github.com/microprediction/timemachines,no_dockerfile,False,0,0,0,,,0,0,0,0,0,False,,False,,False,,False,,False,,False,,no Dockerfile and no fallback entry point found
https://github.com/AI4Bharat/OpenHands,no_dockerfile,False,0,0,0,,,0,0,0,0,0,False,,False,,False,,False,,False,,False,,no Dockerfile and no fallback entry point found
https://github.com/shahkv95/healthurance-prems,no_dockerfile,False,0,0,0,,,0,0,0,0,0,False,,False,,False,,False,,False,,False,,no Dockerfile and no fallback entry point found
https://github.com/randlab/PoPEx,no_dockerfile,False,0,0,0,,,0,0,0,0,0,False,,False,,False,,False,,False,,False,,no Dockerfile and no fallback entry point found
https://github.com/atreyaray/OP-Forecasting-Future-House-Prices,no_dockerfile,False,0,0,0,,,0,0,0,0,0,False,,False,,False,,False,,False,,False,,no Dockerfile and no fallback entry point found
https://github.com/czbiohub/2021-opencell-microscopy-automation,no_dockerfile,False,0,0,0,,,0,0,0,0,0,False,,False,,False,,False,,False,,False,,no Dockerfile and no fallback entry point found
https://github.com/SherstennikovDaniil/cs102,no_dockerfile,False,0,0,0,,,0,0,0,0,0,False,,False,,False,,False,,False,,False,,no Dockerfile and no fallback entry point found
https://github.com/EI-Stack/data-exporter-api,ok,False,2,1,1,data_exporter\run.py,fallback_nested,3,3,2,0,0,True,data_exporter/config.py:96 requests.get [matched requests.get],False,,False,,False,,False,,True,data_exporter/__init__.py:18 flask.Flask [matched Flask],"unverified: missing stages: data_preparation, modeling, training, evaluation"
https://github.com/npeschke/smlm,no_dockerfile,False,0,0,0,,,0,0,0,0,0,False,,False,,False,,False,,False,,False,,no Dockerfile and no fallback entry point found
https://github.com/frank47ltt/Multi-Agent-Security,no_dockerfile,False,0,0,0,,,0,0,0,0,0,False,,False,,False,,False,,False,,False,,no Dockerfile and no fallback entry point found
https://github.com/yusuke-imoto-lab/RECODE,no_dockerfile,False,0,0,0,,,0,0,0,0,0,False,,False,,False,,False,,False,,False,,no Dockerfile and no fallback entry point found
https://github.com/worldbank/Pakistan-Poverty-from-Sky,no_dockerfile,False,0,0,0,,,0,0,0,0,0,False,,False,,False,,False,,False,,False,,no Dockerfile and no fallback entry point found
https://github.com/Chinmay-47/vizml,no_dockerfile,False,0,0,0,,,0,0,0,0,0,False,,False,,False,,False,,False,,False,,no Dockerfile and no fallback entry point found
https://github.com/udayRage/rasterMiner,no_dockerfile,False,0,0,0,,,0,0,0,0,0,False,,False,,False,,False,,False,,False,,no Dockerfile and no fallback entry point found
https://github.com/MABDashbot/MAB_Dashbot,no_dockerfile,False,0,0,0,,,0,0,0,0,0,False,,False,,False,,False,,False,,False,,no Dockerfile and no fallback entry point found
https://github.com/soerenberg/variational-autoencoder,no_dockerfile,False,0,0,0,,,0,0,0,0,0,False,,False,,False,,False,,False,,False,,no Dockerfile and no fallback entry point found
https://github.com/ErikCalsson/RNA_binding_site_correlation,no_dockerfile,False,0,0,0,,,0,0,0,0,0,False,,False,,False,,False,,False,,False,,no Dockerfile and no fallback entry point found
https://github.com/understandable-machine-intelligence-lab/Quantus,no_dockerfile,False,0,0,0,,,0,0,0,0,0,False,,False,,False,,False,,False,,False,,no Dockerfile and no fallback entry point found
https://github.com/Samsomyajit/Hacktoberfest2021GoodFirstIssues,no_dockerfile,False,0,0,0,,,0,0,0,0,0,False,,False,,False,,False,,False,,False,,no Dockerfile and no fallback entry point found
https://github.com/theodoremoreland/MovieIon,no_entry,False,0,1,0,,,0,0,0,0,0,False,,False,,False,,False,,False,,False,,Dockerfile(s) found but no Python entry point could be resolved
https://github.com/xidao4/knowledge_graph_backend_flask,ok,False,1,1,1,src\app.py,fallback_nested,1,3,0,0,0,False,,False,,False,,False,,False,,True,src/app.py:6 flask.Flask [matched Flask],"unverified: missing stages: data_acquisition, data_preparation, modeling, training, evaluation"
https://github.com/maedbhk/action_prediction,ok,False,0,0,1,action_prediction\data_transfer.py,fallback_console_script,1,2,0,0,0,False,,False,,False,,False,,False,,False,,"unverified: missing stages: data_acquisition, data_preparation, modeling, training, evaluation, inference"
https://github.com/callistaenterprise/chatbot,no_entry,False,0,2,0,,,0,0,0,0,0,False,,False,,False,,False,,False,,False,,Dockerfile(s) found but no Python entry point could be resolved
https://github.com/raffaelschmid/nlp-topic-classification-german,no_dockerfile,False,0,0,0,,,0,0,0,0,0,False,,False,,False,,False,,False,,False,,no Dockerfile and no fallback entry point found
https://github.com/avast/machine-learning-python,no_dockerfile,False,0,0,0,,,0,0,0,0,0,False,,False,,False,,False,,False,,False,,no Dockerfile and no fallback entry point found
https://github.com/edjairaguiar/minicurso-python,no_dockerfile,False,0,0,0,,,0,0,0,0,0,False,,False,,False,,False,,False,,False,,no Dockerfile and no fallback entry point found
https://github.com/TeamEpicProjects/Customer-Prioritization-for-Marketing,no_dockerfile,False,0,0,0,,,0,0,0,0,0,False,,False,,False,,False,,False,,False,,no Dockerfile and no fallback entry point found
https://github.com/ankitoscar/Machine-Learning,no_dockerfile,False,0,0,0,,,0,0,0,0,0,False,,False,,False,,False,,False,,False,,no Dockerfile and no fallback entry point found
https://github.com/thunlp/OpenPrompt,no_dockerfile,False,0,0,0,,,0,0,0,0,0,False,,False,,False,,False,,False,,False,,no Dockerfile and no fallback entry point found
https://github.com/gfragi/py_regression,no_dockerfile,False,0,0,0,,,0,0,0,0,0,False,,False,,False,,False,,False,,False,,no Dockerfile and no fallback entry point found
https://github.com/VincentWang25/G2Net_GoGoGo,no_dockerfile,False,0,0,0,,,0,0,0,0,0,False,,False,,False,,False,,False,,False,,no Dockerfile and no fallback entry point found
https://github.com/bibintb/Py-Projects,no_dockerfile,False,0,0,0,,,0,0,0,0,0,False,,False,,False,,False,,False,,False,,no Dockerfile and no fallback entry point found
https://github.com/niksirbi/pcarpet,no_dockerfile,False,0,0,0,,,0,0,0,0,0,False,,False,,False,,False,,False,,False,,no Dockerfile and no fallback entry point found
https://github.com/UQrock/deep-learning-v2-pytorch,no_dockerfile,False,0,0,0,,,0,0,0,0,0,False,,False,,False,,False,,False,,False,,no Dockerfile and no fallback entry point found
https://github.com/fdrigui/covid19_icu_admission_prediction,no_dockerfile,False,0,0,0,,,0,0,0,0,0,False,,False,,False,,False,,False,,False,,no Dockerfile and no fallback entry point found
https://github.com/microprediction/sklearned,no_dockerfile,False,0,0,0,,,0,0,0,0,0,False,,False,,False,,False,,False,,False,,no Dockerfile and no fallback entry point found
https://github.com/ACM-Research/Deep-Learning-for-Brain-Disorders,no_dockerfile,False,0,0,0,,,0,0,0,0,0,False,,False,,False,,False,,False,,False,,no Dockerfile and no fallback entry point found
https://github.com/hashem039/Coursera_ML_Production_course1,no_entry,False,0,2,0,,,0,0,0,0,0,False,,False,,False,,False,,False,,False,,Dockerfile(s) found but no Python entry point could be resolved
https://github.com/HariChandana1116/data602-hw1,no_dockerfile,False,0,0,0,,,0,0,0,0,0,False,,False,,False,,False,,False,,False,,no Dockerfile and no fallback entry point found
https://github.com/Roger-Parkinson-EHP/ML_Workflow_Demo,no_dockerfile,False,0,0,0,,,0,0,0,0,0,False,,False,,False,,False,,False,,False,,no Dockerfile and no fallback entry point found
https://github.com/LeenaKH123/data-science-machine-learning,clone_failed,False,0,0,0,,,0,0,0,0,0,False,,False,,False,,False,,False,,False,,remote: Repository not found.
https://github.com/VisiumCH/AMLD-2021-Sketchy,no_dockerfile,False,0,0,0,,,0,0,0,0,0,False,,False,,False,,False,,False,,False,,no Dockerfile and no fallback entry point found
https://github.com/XWQ-521/q,ok,False,0,0,1,deeplab\train.py,fallback_nested,4,6,1,0,0,False,,False,,False,,False,,False,,False,,"unverified: missing stages: data_acquisition, data_preparation, modeling, training, evaluation, inference"
https://github.com/dbalabka/shl-activity-recognition-2021,no_dockerfile,False,0,0,0,,,0,0,0,0,0,False,,False,,False,,False,,False,,False,,no Dockerfile and no fallback entry point found
https://github.com/tamu-engineering-research/Open-source-power-dataset,no_dockerfile,False,0,0,0,,,0,0,0,0,0,False,,False,,False,,False,,False,,False,,no Dockerfile and no fallback entry point found
https://github.com/UM-2021/traffic-sign-recognition,no_dockerfile,False,0,0,0,,,0,0,0,0,0,False,,False,,False,,False,,False,,False,,no Dockerfile and no fallback entry point found
https://github.com/mragon2/Deep-Learning-High-Entropy-Alloys,no_dockerfile,False,0,0,0,,,0,0,0,0,0,False,,False,,False,,False,,False,,False,,no Dockerfile and no fallback entry point found
https://github.com/GigasMesh/Chatbot-para-auxiliar-pacientes,no_dockerfile,False,0,0,0,,,0,0,0,0,0,False,,False,,False,,False,,False,,False,,no Dockerfile and no fallback entry point found
https://github.com/hackingmaterials/pv-vision,no_dockerfile,False,0,0,0,,,0,0,0,0,0,False,,False,,False,,False,,False,,False,,no Dockerfile and no fallback entry point found
https://github.com/neurodata/bilateral-connectome,no_dockerfile,False,0,0,0,,,0,0,0,0,0,False,,False,,False,,False,,False,,False,,no Dockerfile and no fallback entry point found
https://github.com/lsst/rubin_sim,ok,False,0,1,1,rubin_sim\data\rs_download_data.py,fallback_console_script,1,5,0,0,0,False,,False,,False,,False,,False,,False,,"unverified: missing stages: data_acquisition, data_preparation, modeling, training, evaluation, inference"
https://github.com/DCS03/Python_book,no_dockerfile,False,0,0,0,,,0,0,0,0,0,False,,False,,False,,False,,False,,False,,no Dockerfile and no fallback entry point found
https://github.com/BlueTurtle01/CBFlask,no_dockerfile,False,0,0,0,,,0,0,0,0,0,False,,False,,False,,False,,False,,False,,no Dockerfile and no fallback entry point found
https://github.com/wblachowski/models-calibration,no_dockerfile,False,0,0,0,,,0,0,0,0,0,False,,False,,False,,False,,False,,False,,no Dockerfile and no fallback entry point found
https://github.com/dandavison/elaenia,no_entry,False,0,1,0,,,0,0,0,0,0,False,,False,,False,,False,,False,,False,,Dockerfile(s) found but no Python entry point could be resolved
https://github.com/rishusiva/Pose-Network,no_dockerfile,False,0,0,0,,,0,0,0,0,0,False,,False,,False,,False,,False,,False,,no Dockerfile and no fallback entry point found
https://github.com/osamhack2021/AI_MaskDetector_Kitty,no_dockerfile,False,0,0,0,,,0,0,0,0,0,False,,False,,False,,False,,False,,False,,no Dockerfile and no fallback entry point found
https://github.com/Tokamei/pke,no_dockerfile,False,0,0,0,,,0,0,0,0,0,False,,False,,False,,False,,False,,False,,no Dockerfile and no fallback entry point found
https://github.com/etalab-ia/ocr-xtract,ok,False,2,2,1,api\app.py,fallback_nested,6,33,2,0,0,True,src/image/image.py:40 json.load [matched json.load],False,,False,,False,,False,,True,api/app.py:17 flask.Flask [matched Flask],"unverified: missing stages: data_preparation, modeling, training, evaluation"
https://github.com/AydanPirani/DigitalHumanitiesProject,no_entry,False,0,1,0,,,0,0,0,0,0,False,,False,,False,,False,,False,,False,,Dockerfile(s) found but no Python entry point could be resolved
https://github.com/An4ernFer17/DS,no_dockerfile,False,0,0,0,,,0,0,0,0,0,False,,False,,False,,False,,False,,False,,no Dockerfile and no fallback entry point found
https://github.com/masoodfaisal/mlops-workshop,no_entry,False,0,5,0,,,0,0,0,0,0,False,,False,,False,,False,,False,,False,,Dockerfile(s) found but no Python entry point could be resolved
https://github.com/Hillary577/Springboard,no_dockerfile,False,0,0,0,,,0,0,0,0,0,False,,False,,False,,False,,False,,False,,no Dockerfile and no fallback entry point found
https://github.com/Gilad147/Piano-Preformance-Autograder,no_dockerfile,False,0,0,0,,,0,0,0,0,0,False,,False,,False,,False,,False,,False,,no Dockerfile and no fallback entry point found
https://github.com/HarshaMalireddy/Data-Science-Portfolio,no_dockerfile,False,0,0,0,,,0,0,0,0,0,False,,False,,False,,False,,False,,False,,no Dockerfile and no fallback entry point found
https://github.com/dustinstansbury/theclevermachine,no_dockerfile,False,0,0,0,,,0,0,0,0,0,False,,False,,False,,False,,False,,False,,no Dockerfile and no fallback entry point found
https://github.com/KrishnaswamyLab/CATCH,no_dockerfile,False,0,0,0,,,0,0,0,0,0,False,,False,,False,,False,,False,,False,,no Dockerfile and no fallback entry point found
https://github.com/vinit13792/cs1-blog,no_dockerfile,False,0,0,0,,,0,0,0,0,0,False,,False,,False,,False,,False,,False,,no Dockerfile and no fallback entry point found
https://github.com/Living-with-machines/station-to-station,no_dockerfile,False,0,0,0,,,0,0,0,0,0,False,,False,,False,,False,,False,,False,,no Dockerfile and no fallback entry point found
https://github.com/Continvvm/continuum,no_dockerfile,False,0,0,0,,,0,0,0,0,0,False,,False,,False,,False,,False,,False,,no Dockerfile and no fallback entry point found
https://github.com/kouta0530/jupyter,no_entry,False,0,2,0,,,0,0,0,0,0,False,,False,,False,,False,,False,,False,,Dockerfile(s) found but no Python entry point could be resolved
https://github.com/OpenKBC/multiple_sclerosis_proj,no_entry,False,0,2,0,,,0,0,0,0,0,False,,False,,False,,False,,False,,False,,Dockerfile(s) found but no Python entry point could be resolved
https://github.com/NimsaJ150/MADS-1_IntroToDataAnalytics,no_dockerfile,False,0,0,0,,,0,0,0,0,0,False,,False,,False,,False,,False,,False,,no Dockerfile and no fallback entry point found
https://github.com/cmdoret/HiC_scrambler,ok,False,4,0,1,hic_scrambler\train.py,fallback_nested,2,15,1,0,0,True,hic_scrambler/models/SVDetector.py:76 np.load [matched np.load],True,hic_scrambler/models/SVDetector.py:84 sklearn.preprocessing.MinMaxScaler [matched MinMaxScaler],True,hic_scrambler/models/SVDetector.py:131 keras.layers.Conv2D [matched layers.Conv2D],False,,True,hic_scrambler/train.py:11 Detector.confusion_matrix [matched confusion_matrix],False,,"unverified: missing stages: training, inference"
https://github.com/institutional-grammar-pl/ig-tagger,ok,False,2,0,1,igtagger\ig_script.py,fallback_console_script,16,54,6,0,0,True,igtagger/frontend.py:58 pd.read_csv [matched pd.read_csv],True,igtagger/atomic_sentences.py:8 spacy.load [matched spacy.load],False,,False,,False,,False,,"unverified: missing stages: modeling, training, evaluation, inference"
https://github.com/damiiete/credit-card-approval-prediction,no_dockerfile,False,0,0,0,,,0,0,0,0,0,False,,False,,False,,False,,False,,False,,no Dockerfile and no fallback entry point found
https://github.com/NPGiorgi/mlucu,no_dockerfile,False,0,0,0,,,0,0,0,0,0,False,,False,,False,,False,,False,,False,,no Dockerfile and no fallback entry point found
https://github.com/Dhruvi3/mi-te-sh,no_dockerfile,False,0,0,0,,,0,0,0,0,0,False,,False,,False,,False,,False,,False,,no Dockerfile and no fallback entry point found
https://github.com/XiaqiongFan/DeepResolution2,no_dockerfile,False,0,0,0,,,0,0,0,0,0,False,,False,,False,,False,,False,,False,,no Dockerfile and no fallback entry point found
https://github.com/alexlindir/update-faceswap,ok,False,1,2,1,scripts\train.py,fallback_nested,12,275,5,0,1,True,lib/image.py:274 cv2.imread [matched cv2.imread],False,,False,,False,,False,,False,,"unverified: missing stages: data_preparation, modeling, training, evaluation, inference"
https://github.com/zmlabe/predictGMSTrate,no_dockerfile,False,0,0,0,,,0,0,0,0,0,False,,False,,False,,False,,False,,False,,no Dockerfile and no fallback entry point found
https://github.com/Daryl-PSH/us_traffic,ok,True,6,0,1,src\train.py,fallback_nested,9,37,4,0,0,True,src/train.py:57 yaml.safe_load [matched yaml.safe_load],True,src/data_pipeline/datapipeline.py:55 sklearn.preprocessing.StandardScaler [matched StandardScaler],True,src/models/model.py:0 class RandomForest [matched <class subclasses model base>],True,src/models/model.py:110 self.model.fit [matched model.fit],True,src/train.py:42 model.evaluate [matched model.evaluate],True,src/train.py:38 model.predict [matched model.predict],verified: all 6 stages present
https://github.com/jyvasu/FastA,no_dockerfile,False,0,0,0,,,0,0,0,0,0,False,,False,,False,,False,,False,,False,,no Dockerfile and no fallback entry point found
https://github.com/tblume1992/ThymeBoost,no_dockerfile,False,0,0,0,,,0,0,0,0,0,False,,False,,False,,False,,False,,False,,no Dockerfile and no fallback entry point found
https://github.com/dermatologist/dadpy,no_entry,False,0,1,0,,,0,0,0,0,0,False,,False,,False,,False,,False,,False,,Dockerfile(s) found but no Python entry point could be resolved
https://github.com/armin-azh/mixUP_dp_GAN,no_dockerfile,False,0,0,0,,,0,0,0,0,0,False,,False,,False,,False,,False,,False,,no Dockerfile and no fallback entry point found
https://github.com/tdye24/LightningFL,no_dockerfile,False,0,0,0,,,0,0,0,0,0,False,,False,,False,,False,,False,,False,,no Dockerfile and no fallback entry point found
https://github.com/liberbell/dj05,no_dockerfile,False,0,0,0,,,0,0,0,0,0,False,,False,,False,,False,,False,,False,,no Dockerfile and no fallback entry point found
https://github.com/uci-cbcl/UFold,no_dockerfile,False,0,0,0,,,0,0,0,0,0,False,,False,,False,,False,,False,,False,,no Dockerfile and no fallback entry point found
https://github.com/nelpy/nelpy,no_dockerfile,False,0,0,0,,,0,0,0,0,0,False,,False,,False,,False,,False,,False,,no Dockerfile and no fallback entry point found
https://github.com/spielmann-cloud/Machine-Learning-Course-2021,no_dockerfile,False,0,0,0,,,0,0,0,0,0,False,,False,,False,,False,,False,,False,,no Dockerfile and no fallback entry point found
https://github.com/Kashyapdevesh/Flight_Delay_Prediction,ok,False,2,3,1,api\app.py,fallback_nested,1,5,0,0,0,True,api/app.py:54 json.load [matched json.load],False,,False,,False,,False,,True,api/app.py:19 flask.Flask [matched Flask],"unverified: missing stages: data_preparation, modeling, training, evaluation"
https://github.com/tactlabs/prettymetrics,ok,False,4,0,1,app\app.py,fallback_nested,2,9,1,0,0,True,app/app.py:153 pd.read_csv [matched pd.read_csv],True,app/app.py:41 sklearn.model_selection.train_test_split [matched train_test_split],False,,False,,True,prettymetrics/reg.py:296 sklearn.metrics.r2_score [matched r2_score],True,app/app.py:29 st.write [matched st.write],"unverified: missing stages: modeling, training"
https://github.com/JMGaljaard/fltk-testbed,ok,True,6,1,1,fltk\__main__.py,fallback_nested,87,349,7,0,0,True,fltk/util/config/learner_config.py:191 yaml.load [matched yaml.load],True,fltk/datasets/federated/cifar10.py:24 torchvision.transforms.Normalize [matched torchvision.transforms.*],True,fltk/nets/cifar_100_resnet.py:0 class BasicBlock [matched <class subclasses model base>],True,fltk/core/distributed/client.py:72 nn.parallel.DistributedDataParallel [matched DistributedDataParallel],True,fltk/core/distributed/client.py:191 sklearn.metrics.confusion_matrix [matched confusion_matrix],True,fltk/core/distributed/client.py:174 torch.no_grad [matched torch.no_grad],verified: all 6 stages present
https://github.com/HuygensING/republic-project,no_entry,False,0,2,0,,,0,0,0,0,0,False,,False,,False,,False,,False,,False,,Dockerfile(s) found but no Python entry point could be resolved
https://github.com/mohlabib/ModellingCH1,no_dockerfile,False,0,0,0,,,0,0,0,0,0,False,,False,,False,,False,,False,,False,,no Dockerfile and no fallback entry point found
https://github.com/ChooIT/SM-ChooIT-DRF,no_dockerfile,False,0,0,0,,,0,0,0,0,0,False,,False,,False,,False,,False,,False,,no Dockerfile and no fallback entry point found
https://github.com/manikd31/opencv-scripts,no_dockerfile,False,0,0,0,,,0,0,0,0,0,False,,False,,False,,False,,False,,False,,no Dockerfile and no fallback entry point found
https://github.com/kofi-teddy/fluent-python,no_dockerfile,False,0,0,0,,,0,0,0,0,0,False,,False,,False,,False,,False,,False,,no Dockerfile and no fallback entry point found
https://github.com/uio-bmi/dagsim,ok,False,0,0,1,dagsim\utils\quickstart.py,fallback_console_script,8,57,3,0,0,False,,False,,False,,False,,False,,False,,"unverified: missing stages: data_acquisition, data_preparation, modeling, training, evaluation, inference"
https://github.com/zavarovkv/HSE_DS_2020,no_entry,False,0,2,0,,,0,0,0,0,0,False,,False,,False,,False,,False,,False,,Dockerfile(s) found but no Python entry point could be resolved
https://github.com/fjpacheco/TP-FIUFIP-Organizacion-de-Datos,no_dockerfile,False,0,0,0,,,0,0,0,0,0,False,,False,,False,,False,,False,,False,,no Dockerfile and no fallback entry point found
https://github.com/TheRootOf3/ucl-nlp-notebook-series,no_dockerfile,False,0,0,0,,,0,0,0,0,0,False,,False,,False,,False,,False,,False,,no Dockerfile and no fallback entry point found
https://github.com/Subrahmanyajoshi/Cancer-Detection-using-GCP,no_dockerfile,False,0,0,0,,,0,0,0,0,0,False,,False,,False,,False,,False,,False,,no Dockerfile and no fallback entry point found
https://github.com/Shashank-Sundi/NOTEBOOKS,no_dockerfile,False,0,0,0,,,0,0,0,0,0,False,,False,,False,,False,,False,,False,,no Dockerfile and no fallback entry point found
https://github.com/waikato-datamining/shallowflow,no_dockerfile,False,0,0,0,,,0,0,0,0,0,False,,False,,False,,False,,False,,False,,no Dockerfile and no fallback entry point found
https://github.com/krcmehmet/ITUChallenge_BuildaThon_Activity4,no_dockerfile,False,0,0,0,,,0,0,0,0,0,False,,False,,False,,False,,False,,False,,no Dockerfile and no fallback entry point found
https://github.com/dodo5522/study-techgym-python,no_dockerfile,False,0,0,0,,,0,0,0,0,0,False,,False,,False,,False,,False,,False,,no Dockerfile and no fallback entry point found
https://github.com/deepbreathe-ai/ab-line-classifier,ok,True,6,0,1,src\train.py,fallback_nested,3,32,1,0,0,True,src/train.py:77 pd.read_csv [matched pd.read_csv],True,src/train.py:80 sklearn.model_selection.train_test_split [matched train_test_split],True,src/models/models.py:75 tf.keras.layers.Input [matched tf.keras.layers.*],True,src/train.py:222 model.fit [matched model.fit],True,src/train.py:195 tf.keras.metrics.AUC [matched tf.keras.metrics.*],True,src/train.py:108 model.predict [matched model.predict],verified: all 6 stages present
https://github.com/NKI-AI/direct,ok,False,2,1,1,direct\train.py,fallback_nested,35,387,4,0,1,True,direct/common/subsample.py:1376 np.load [matched np.load],False,,True,direct/utils/__init__.py:0 class DirectModule [matched <class subclasses model base>],False,,False,,False,,"unverified: missing stages: data_preparation, training, evaluation, inference"
https://github.com/haider4445/FastUndetectableAttack,no_dockerfile,False,0,0,0,,,0,0,0,0,0,False,,False,,False,,False,,False,,False,,no Dockerfile and no fallback entry point found
https://github.com/lixuekai2001/deep-learning-v2-pytorch,no_dockerfile,False,0,0,0,,,0,0,0,0,0,False,,False,,False,,False,,False,,False,,no Dockerfile and no fallback entry point found
https://github.com/wpan03/quick_ds_python,no_dockerfile,False,0,0,0,,,0,0,0,0,0,False,,False,,False,,False,,False,,False,,no Dockerfile and no fallback entry point found
https://github.com/agabrown/agabpylib,no_dockerfile,False,0,0,0,,,0,0,0,0,0,False,,False,,False,,False,,False,,False,,no Dockerfile and no fallback entry point found
https://github.com/ianndelap/market_sentiment,ok,False,1,1,1,market_sentiment\app.py,fallback_nested,1,33,0,0,0,False,,True,market_sentiment/app.py:202 pd.to_datetime [matched pd.to_datetime],False,,False,,False,,False,,"unverified: missing stages: data_acquisition, modeling, training, evaluation, inference"
https://github.com/openfoodfacts/off-product-environmental-impact,no_entry,False,0,1,0,,,0,0,0,0,0,False,,False,,False,,False,,False,,False,,Dockerfile(s) found but no Python entry point could be resolved
https://github.com/ZhiweiZhang97/ARSJointModel,ok,False,1,0,1,src\main.py,fallback_nested,1,3,0,0,0,False,,True,src/main.py:123 transformers.AutoTokenizer.from_pretrained [matched AutoTokenizer.from_pretrained],False,,False,,False,,False,,"unverified: missing stages: data_acquisition, modeling, training, evaluation, inference"
https://github.com/VicenteMoraes/hmrs_analysis,no_dockerfile,False,0,0,0,,,0,0,0,0,0,False,,False,,False,,False,,False,,False,,no Dockerfile and no fallback entry point found
https://github.com/jrggaston/symobai,ok,False,1,0,1,src\main.py,fallback_nested,1,1,0,0,0,False,,False,,True,src/main.py:15 model.Model [matched Model],False,,False,,False,,"unverified: missing stages: data_acquisition, data_preparation, training, evaluation, inference"
https://github.com/deadex-ng/casual_inference,no_dockerfile,False,0,0,0,,,0,0,0,0,0,False,,False,,False,,False,,False,,False,,no Dockerfile and no fallback entry point found
https://github.com/PSY6983-2021/clandry_project,no_dockerfile,False,0,0,0,,,0,0,0,0,0,False,,False,,False,,False,,False,,False,,no Dockerfile and no fallback entry point found
https://github.com/safe-graph/GNN-FakeNews,no_dockerfile,False,0,0,0,,,0,0,0,0,0,False,,False,,False,,False,,False,,False,,no Dockerfile and no fallback entry point found
https://github.com/bernardosabatinilab/sabatinilab-glm,no_dockerfile,False,0,0,0,,,0,0,0,0,0,False,,False,,False,,False,,False,,False,,no Dockerfile and no fallback entry point found
https://github.com/fastforwardlabs/summarize.,no_dockerfile,False,0,0,0,,,0,0,0,0,0,False,,False,,False,,False,,False,,False,,no Dockerfile and no fallback entry point found
https://github.com/seanli3/asgat,no_dockerfile,False,0,0,0,,,0,0,0,0,0,False,,False,,False,,False,,False,,False,,no Dockerfile and no fallback entry point found
https://github.com/ValentinSchmittDeer/dsm-from-planetscope,ok,False,1,0,1,src\main.py,fallback_nested,1,0,0,0,0,True,src/main.py:72 json.load [matched json.load],False,,False,,False,,False,,False,,"unverified: missing stages: data_preparation, modeling, training, evaluation, inference"
https://github.com/WadhwaniAI/cough-against-covid,ok,True,6,3,1,training\train.py,fallback_nested,48,479,6,0,0,True,cac/utils/io.py:34 yaml.load [matched yaml.load],True,cac/data/transforms.py:1488 sklearn.decomposition.PCA [matched PCA],True,cac/models/classification.py:0 class ClassificationModel [matched <class subclasses model base>],True,training/train.py:50 model.fit [matched model.fit],True,cac/models/classification.py:442 confusion_matrix [matched confusion_matrix],True,cac/models/classification.py:581 torch.no_grad [matched torch.no_grad],verified: all 6 stages present
https://github.com/matthieujac/Music-Genre-Classification,clone_failed,False,0,0,0,,,0,0,0,0,0,False,,False,,False,,False,,False,,False,,remote: Repository not found.
https://github.com/zycalice/domain-adaptation-nlp,no_dockerfile,False,0,0,0,,,0,0,0,0,0,False,,False,,False,,False,,False,,False,,no Dockerfile and no fallback entry point found
https://github.com/mads-swaps/swap-for-profit,no_entry,False,0,2,0,,,0,0,0,0,0,False,,False,,False,,False,,False,,False,,Dockerfile(s) found but no Python entry point could be resolved
https://github.com/abealexander/iNeuron-Assignments,no_dockerfile,False,0,0,0,,,0,0,0,0,0,False,,False,,False,,False,,False,,False,,no Dockerfile and no fallback entry point found
https://github.com/ai4r/AIR-Act2Act.pytorch,no_dockerfile,False,0,0,0,,,0,0,0,0,0,False,,False,,False,,False,,False,,False,,no Dockerfile and no fallback entry point found
https://github.com/PSY6983-2021/picard_project,ok,False,3,0,1,scripts\main.py,fallback_nested,1,1,0,0,0,True,scripts/main.py:47 nibabel.load [matched nibabel.load],True,scripts/main.py:54 sklearn.preprocessing.StandardScaler [matched StandardScaler],True,scripts/main.py:59 sklearn.linear_model.Lasso [matched Lasso],False,,False,,False,,"unverified: missing stages: training, evaluation, inference"
https://github.com/PauloRVdC/ephen-experiments,no_dockerfile,False,0,0,0,,,0,0,0,0,0,False,,False,,False,,False,,False,,False,,no Dockerfile and no fallback entry point found
https://github.com/timoklein/alphazero-gym,no_dockerfile,False,0,0,0,,,0,0,0,0,0,False,,False,,False,,False,,False,,False,,no Dockerfile and no fallback entry point found
https://github.com/robomorelli/cell_counting_yellow,no_entry,False,0,1,0,,,0,0,0,0,0,False,,False,,False,,False,,False,,False,,Dockerfile(s) found but no Python entry point could be resolved
https://github.com/jd509/USC-AME-505-ID3-Intelligent-Defect-Detection-System,no_entry,False,0,1,0,,,0,0,0,0,0,False,,False,,False,,False,,False,,False,,Dockerfile(s) found but no Python entry point could be resolved
https://github.com/asil07/Computer_Vision_DL,no_dockerfile,False,0,0,0,,,0,0,0,0,0,False,,False,,False,,False,,False,,False,,no Dockerfile and no fallback entry point found
https://github.com/mingjunwang88/rllib_recexample,no_dockerfile,False,0,0,0,,,0,0,0,0,0,False,,False,,False,,False,,False,,False,,no Dockerfile and no fallback entry point found
https://github.com/gpozzi/machine-learning,no_dockerfile,False,0,0,0,,,0,0,0,0,0,False,,False,,False,,False,,False,,False,,no Dockerfile and no fallback entry point found
https://github.com/KTH-UrbanT/mubes-ubem,no_dockerfile,False,0,0,0,,,0,0,0,0,0,False,,False,,False,,False,,False,,False,,no Dockerfile and no fallback entry point found
https://github.com/danieljsmarda/BodyTweets,no_dockerfile,False,0,0,0,,,0,0,0,0,0,False,,False,,False,,False,,False,,False,,no Dockerfile and no fallback entry point found
https://github.com/MoroMatteo/markerlessBoMI_FaMa,no_dockerfile,False,0,0,0,,,0,0,0,0,0,False,,False,,False,,False,,False,,False,,no Dockerfile and no fallback entry point found
https://github.com/hyperskill/hyperstyle-analyze,no_dockerfile,False,0,0,0,,,0,0,0,0,0,False,,False,,False,,False,,False,,False,,no Dockerfile and no fallback entry point found
https://github.com/COS301-SE-2021/Silicon-Scraper,no_dockerfile,False,0,0,0,,,0,0,0,0,0,False,,False,,False,,False,,False,,False,,no Dockerfile and no fallback entry point found
https://github.com/chiakangZacHung/Gini_Hung-QSAR_GCN,no_dockerfile,False,0,0,0,,,0,0,0,0,0,False,,False,,False,,False,,False,,False,,no Dockerfile and no fallback entry point found
https://github.com/emekgozluklu/recsys2019-solution,no_dockerfile,False,0,0,0,,,0,0,0,0,0,False,,False,,False,,False,,False,,False,,no Dockerfile and no fallback entry point found
https://github.com/tianyudwang/adversarial_imitation_learning,no_dockerfile,False,0,0,0,,,0,0,0,0,0,False,,False,,False,,False,,False,,False,,no Dockerfile and no fallback entry point found
https://github.com/hkiyomaru/pu-learning,no_dockerfile,False,0,0,0,,,0,0,0,0,0,False,,False,,False,,False,,False,,False,,no Dockerfile and no fallback entry point found
https://github.com/gkbharathy/Trusted_AI,no_entry,False,0,1,0,,,0,0,0,0,0,False,,False,,False,,False,,False,,False,,Dockerfile(s) found but no Python entry point could be resolved
https://github.com/tkim135/allennlp,ok,True,6,2,1,allennlp\run.py,fallback_nested,381,2176,8,0,3,True,allennlp/commands/elmo.py:345 h5py.File [matched h5py.File],True,allennlp/common/util.py:289 spacy.load [matched spacy.load],True,allennlp/nn/util.py:1412 nn.ModuleList [matched nn.ModuleList],True,allennlp/commands/fine_tune.py:318 trainer.train [matched trainer.train],True,allennlp/training/metrics/auc.py:73 sklearn.metrics.roc_curve [matched roc_curve],True,allennlp/commands/elmo.py:389 torch.no_grad [matched torch.no_grad],verified: all 6 stages present
https://github.com/ExtremelySunnyYK/recommendation_engine,no_dockerfile,False,0,0,0,,,0,0,0,0,0,False,,False,,False,,False,,False,,False,,no Dockerfile and no fallback entry point found
https://github.com/alexlindir/faceswap,ok,False,1,2,1,scripts\train.py,fallback_nested,12,275,5,0,1,True,lib/image.py:274 cv2.imread [matched cv2.imread],False,,False,,False,,False,,False,,"unverified: missing stages: data_preparation, modeling, training, evaluation, inference"
https://github.com/tencentmusic/cube-studio,no_dockerfile,False,0,0,0,,,0,0,0,0,0,False,,False,,False,,False,,False,,False,,no Dockerfile and no fallback entry point found
https://github.com/c60evaporator/tune-easy,no_dockerfile,False,0,0,0,,,0,0,0,0,0,False,,False,,False,,False,,False,,False,,no Dockerfile and no fallback entry point found
https://github.com/janagarina/markdown_predictions,no_dockerfile,False,0,0,0,,,0,0,0,0,0,False,,False,,False,,False,,False,,False,,no Dockerfile and no fallback entry point found
https://github.com/muleuel/imbalanced-learn,no_dockerfile,False,0,0,0,,,0,0,0,0,0,False,,False,,False,,False,,False,,False,,no Dockerfile and no fallback entry point found
https://github.com/mfinzi/equivariant-MLP,no_dockerfile,False,0,0,0,,,0,0,0,0,0,False,,False,,False,,False,,False,,False,,no Dockerfile and no fallback entry point found
https://github.com/rohitrajgopalan/torch_rl,no_dockerfile,False,0,0,0,,,0,0,0,0,0,False,,False,,False,,False,,False,,False,,no Dockerfile and no fallback entry point found
https://github.com/qanastek/HugsVision,no_entry,False,0,1,0,,,0,0,0,0,0,False,,False,,False,,False,,False,,False,,Dockerfile(s) found but no Python entry point could be resolved
https://github.com/dmatrix/misc-code,no_dockerfile,False,0,0,0,,,0,0,0,0,0,False,,False,,False,,False,,False,,False,,no Dockerfile and no fallback entry point found
https://github.com/zjsdwd/-,no_entry,False,0,1,0,,,0,0,0,0,0,False,,False,,False,,False,,False,,False,,Dockerfile(s) found but no Python entry point could be resolved
https://github.com/sb-olr/DSR-rossmann-competition,no_dockerfile,False,0,0,0,,,0,0,0,0,0,False,,False,,False,,False,,False,,False,,no Dockerfile and no fallback entry point found
https://github.com/flatland-sutd-2021/flatland-proj,no_entry,False,0,1,0,,,0,0,0,0,0,False,,False,,False,,False,,False,,False,,Dockerfile(s) found but no Python entry point could be resolved
https://github.com/MRCIEU/vectology,no_entry,False,0,2,0,,,0,0,0,0,0,False,,False,,False,,False,,False,,False,,Dockerfile(s) found but no Python entry point could be resolved
https://github.com/marinakiseleva/z_dist,no_dockerfile,False,0,0,0,,,0,0,0,0,0,False,,False,,False,,False,,False,,False,,no Dockerfile and no fallback entry point found
https://github.com/JColl88/sdc1-solution-binder,no_entry,False,0,3,0,,,0,0,0,0,0,False,,False,,False,,False,,False,,False,,Dockerfile(s) found but no Python entry point could be resolved
https://github.com/NOEL-MNI/deepMask,no_entry,False,0,1,0,,,0,0,0,0,0,False,,False,,False,,False,,False,,False,,Dockerfile(s) found but no Python entry point could be resolved
https://github.com/jangedoo/jange,no_dockerfile,False,0,0,0,,,0,0,0,0,0,False,,False,,False,,False,,False,,False,,no Dockerfile and no fallback entry point found
https://github.com/lyj555/MachineLearningProcess,no_dockerfile,False,0,0,0,,,0,0,0,0,0,False,,False,,False,,False,,False,,False,,no Dockerfile and no fallback entry point found
https://github.com/gogbajbobo/poregen,no_dockerfile,False,0,0,0,,,0,0,0,0,0,False,,False,,False,,False,,False,,False,,no Dockerfile and no fallback entry point found
https://github.com/holytaoxinrong/PDF,ok,False,0,0,1,deepforest\main.py,fallback_nested,1,0,0,0,0,False,,False,,False,,False,,False,,False,,"unverified: missing stages: data_acquisition, data_preparation, modeling, training, evaluation, inference"
https://github.com/wgorczyk/LoopStructural,no_entry,False,0,1,0,,,0,0,0,0,0,False,,False,,False,,False,,False,,False,,Dockerfile(s) found but no Python entry point could be resolved
https://github.com/ericyeonpark/valorant-top500-analysis,no_dockerfile,False,0,0,0,,,0,0,0,0,0,False,,False,,False,,False,,False,,False,,no Dockerfile and no fallback entry point found
https://github.com/Vignesh-Bala11/Capstone-Project,no_dockerfile,False,0,0,0,,,0,0,0,0,0,False,,False,,False,,False,,False,,False,,no Dockerfile and no fallback entry point found
https://github.com/neelimishra/semi-supervised-sequence-modeling,ok,False,1,0,1,daart\train.py,fallback_nested,2,16,1,0,0,True,daart/io.py:179 pickle.load [matched pickle.load],False,,False,,False,,False,,False,,"unverified: missing stages: data_preparation, modeling, training, evaluation, inference"
https://github.com/sir-timio/HTR,no_entry,False,0,1,1,,dockerfile,0,0,0,0,0,False,,False,,False,,False,,False,,False,,no resolved entry point yielded a usable call graph
https://github.com/barbaraneves/gender-bias-in-virtual-assistants,no_dockerfile,False,0,0,0,,,0,0,0,0,0,False,,False,,False,,False,,False,,False,,no Dockerfile and no fallback entry point found
https://github.com/rtu715/NAS-Bench-360,no_dockerfile,False,0,0,0,,,0,0,0,0,0,False,,False,,False,,False,,False,,False,,no Dockerfile and no fallback entry point found
https://github.com/bourrich90/Bike_project,no_entry,False,0,4,0,,,0,0,0,0,0,False,,False,,False,,False,,False,,False,,Dockerfile(s) found but no Python entry point could be resolved
https://github.com/alexkingsing/used_cars,no_dockerfile,False,0,0,0,,,0,0,0,0,0,False,,False,,False,,False,,False,,False,,no Dockerfile and no fallback entry point found
https://github.com/chenw-3/JamaicanHouse-Price-predictor,no_dockerfile,False,0,0,0,,,0,0,0,0,0,False,,False,,False,,False,,False,,False,,no Dockerfile and no fallback entry point found
https://github.com/kuutsav/leetcode-compensation,no_dockerfile,False,0,0,0,,,0,0,0,0,0,False,,False,,False,,False,,False,,False,,no Dockerfile and no fallback entry point found
https://github.com/musculoskeletal/gias2,no_dockerfile,False,0,0,0,,,0,0,0,0,0,False,,False,,False,,False,,False,,False,,no Dockerfile and no fallback entry point found
https://github.com/asok-mirror/Real-Time-Fraud-Detection-System-MLOps,no_dockerfile,False,0,0,0,,,0,0,0,0,0,False,,False,,False,,False,,False,,False,,no Dockerfile and no fallback entry point found
https://github.com/xmuyulab/DAISM-XMBD,ok,True,6,1,1,daism\daism.py,fallback_console_script,4,19,1,0,0,True,daism/daism.py:110 pd.read_csv [matched pd.read_csv],True,daism/modules/simulation.py:193 pd.concat [matched pd.concat],True,daism/modules/training.py:0 class MLP [matched <class subclasses model base>],True,daism/modules/training.py:181 optimizer.zero_grad [matched optimizer.zero_grad],True,daism/modules/prediction.py:82 sklearn.metrics.mean_squared_error [matched mean_squared_error],True,daism/modules/training.py:126 model.eval [matched model.eval],verified: all 6 stages present
https://github.com/MilindGaharwar/PySR,no_dockerfile,False,0,0,0,,,0,0,0,0,0,False,,False,,False,,False,,False,,False,,no Dockerfile and no fallback entry point found
https://github.com/Real-VeerSandhu/SCIFAA-COVID-19-Project,no_dockerfile,False,0,0,0,,,0,0,0,0,0,False,,False,,False,,False,,False,,False,,no Dockerfile and no fallback entry point found
https://github.com/inspirehep/inspire-next,ok,False,0,4,1,inspirehep\cli.py,fallback_console_script,4,2,3,0,0,False,,False,,False,,False,,False,,False,,"unverified: missing stages: data_acquisition, data_preparation, modeling, training, evaluation, inference"
https://github.com/arh-rhythm/Codebasics-,no_dockerfile,False,0,0,0,,,0,0,0,0,0,False,,False,,False,,False,,False,,False,,no Dockerfile and no fallback entry point found
https://github.com/sciann/sciann,no_dockerfile,False,0,0,0,,,0,0,0,0,0,False,,False,,False,,False,,False,,False,,no Dockerfile and no fallback entry point found
https://github.com/yevgm/DeepAdv3D,no_dockerfile,False,0,0,0,,,0,0,0,0,0,False,,False,,False,,False,,False,,False,,no Dockerfile and no fallback entry point found
https://github.com/ykato27/Regression-Models,no_entry,False,0,12,0,,,0,0,0,0,0,False,,False,,False,,False,,False,,False,,Dockerfile(s) found but no Python entry point could be resolved
https://github.com/Bottledd/iREC,no_dockerfile,False,0,0,0,,,0,0,0,0,0,False,,False,,False,,False,,False,,False,,no Dockerfile and no fallback entry point found
https://github.com/twitter-research/cwn,no_dockerfile,False,0,0,0,,,0,0,0,0,0,False,,False,,False,,False,,False,,False,,no Dockerfile and no fallback entry point found
https://github.com/dayyass/text-classification-baseline,no_entry,False,0,1,0,,,0,0,0,0,0,False,,False,,False,,False,,False,,False,,Dockerfile(s) found but no Python entry point could be resolved
https://github.com/THGLab/CSpred,no_dockerfile,False,0,0,0,,,0,0,0,0,0,False,,False,,False,,False,,False,,False,,no Dockerfile and no fallback entry point found
https://github.com/mabhijithn/irregulars-neureka-codebase,no_dockerfile,False,0,0,0,,,0,0,0,0,0,False,,False,,False,,False,,False,,False,,no Dockerfile and no fallback entry point found
https://github.com/mick125/deep-learning-v2-pytorch,no_dockerfile,False,0,0,0,,,0,0,0,0,0,False,,False,,False,,False,,False,,False,,no Dockerfile and no fallback entry point found
https://github.com/apteryxlabs/apteryx-transformers,no_dockerfile,False,0,0,0,,,0,0,0,0,0,False,,False,,False,,False,,False,,False,,no Dockerfile and no fallback entry point found
https://github.com/GaelGil/notebooks,no_entry,False,0,1,0,,,0,0,0,0,0,False,,False,,False,,False,,False,,False,,Dockerfile(s) found but no Python entry point could be resolved
https://github.com/automl/NASLib,no_dockerfile,False,0,0,0,,,0,0,0,0,0,False,,False,,False,,False,,False,,False,,no Dockerfile and no fallback entry point found
https://github.com/ay94/grouped_entities,no_entry,False,0,7,0,,,0,0,0,0,0,False,,False,,False,,False,,False,,False,,Dockerfile(s) found but no Python entry point could be resolved
https://github.com/andrey-antonov-j4133c/link_prediction,no_dockerfile,False,0,0,0,,,0,0,0,0,0,False,,False,,False,,False,,False,,False,,no Dockerfile and no fallback entry point found
https://github.com/livioschlaepfer/CIL2021,no_dockerfile,False,0,0,0,,,0,0,0,0,0,False,,False,,False,,False,,False,,False,,no Dockerfile and no fallback entry point found
https://github.com/winstonolson/isofit_imgspec,no_dockerfile,False,0,0,0,,,0,0,0,0,0,False,,False,,False,,False,,False,,False,,no Dockerfile and no fallback entry point found
https://github.com/KennethRuan/waterprint,no_dockerfile,False,0,0,0,,,0,0,0,0,0,False,,False,,False,,False,,False,,False,,no Dockerfile and no fallback entry point found
https://github.com/XingyanLiu/stagewiseNN,no_dockerfile,False,0,0,0,,,0,0,0,0,0,False,,False,,False,,False,,False,,False,,no Dockerfile and no fallback entry point found
https://github.com/jeffmur/mobility-traj-gan,no_entry,False,0,1,0,,,0,0,0,0,0,False,,False,,False,,False,,False,,False,,Dockerfile(s) found but no Python entry point could be resolved
https://github.com/IvanYFWANG1017/6002_1,ok,False,3,1,1,deploy\run.py,fallback_nested,20,90,4,0,1,True,deploy/config.py:71 json.load [matched json.load],False,,True,convlab2/nlu/nlu.py:0 class NLU [matched <class subclasses model base>],False,,False,,True,deploy/run.py:32 flask.Flask [matched Flask],"unverified: missing stages: data_preparation, training, evaluation"
https://github.com/JoelLeupp/Trusted-AI,no_entry,False,0,1,0,,,0,0,0,0,0,False,,False,,False,,False,,False,,False,,Dockerfile(s) found but no Python entry point could be resolved
https://github.com/Technocolabs-Group-A/Stock--Price-Prediction,no_dockerfile,False,0,0,0,,,0,0,0,0,0,False,,False,,False,,False,,False,,False,,no Dockerfile and no fallback entry point found
https://github.com/MohammedGuniem/social-media-influence-analyzer,no_entry,False,0,1,0,,,0,0,0,0,0,False,,False,,False,,False,,False,,False,,Dockerfile(s) found but no Python entry point could be resolved
https://github.com/bds-ailab/shaman,no_entry,False,0,7,0,,,0,0,0,0,0,False,,False,,False,,False,,False,,False,,Dockerfile(s) found but no Python entry point could be resolved
https://github.com/sum1lim/sea_ice_remote_sensing,no_dockerfile,False,0,0,0,,,0,0,0,0,0,False,,False,,False,,False,,False,,False,,no Dockerfile and no fallback entry point found
https://github.com/VincentKervyn/ImmoEliza-Regression-project,no_dockerfile,False,0,0,0,,,0,0,0,0,0,False,,False,,False,,False,,False,,False,,no Dockerfile and no fallback entry point found
https://github.com/prbpedro/tcc_puc,no_dockerfile,False,0,0,0,,,0,0,0,0,0,False,,False,,False,,False,,False,,False,,no Dockerfile and no fallback entry point found
https://github.com/fabriceyhc/Sibyl,no_dockerfile,False,0,0,0,,,0,0,0,0,0,False,,False,,False,,False,,False,,False,,no Dockerfile and no fallback entry point found
https://github.com/kbrodt/overhead-geopose-challenge,no_dockerfile,False,0,0,0,,,0,0,0,0,0,False,,False,,False,,False,,False,,False,,no Dockerfile and no fallback entry point found
https://github.com/Csuarezgurruchaga/Digital-House,no_dockerfile,False,0,0,0,,,0,0,0,0,0,False,,False,,False,,False,,False,,False,,no Dockerfile and no fallback entry point found
https://github.com/adailtonaraujo/app_review_analysis,no_dockerfile,False,0,0,0,,,0,0,0,0,0,False,,False,,False,,False,,False,,False,,no Dockerfile and no fallback entry point found
https://github.com/deleOO/yt-popularity-predictor,no_dockerfile,False,0,0,0,,,0,0,0,0,0,False,,False,,False,,False,,False,,False,,no Dockerfile and no fallback entry point found
https://github.com/KenRoekasa/Football-Prediction-AI,no_dockerfile,False,0,0,0,,,0,0,0,0,0,False,,False,,False,,False,,False,,False,,no Dockerfile and no fallback entry point found
https://github.com/ramp-kits/nuclear_inventory,no_dockerfile,False,0,0,0,,,0,0,0,0,0,False,,False,,False,,False,,False,,False,,no Dockerfile and no fallback entry point found
https://github.com/Samuel-Maddock/pure-LDP,no_dockerfile,False,0,0,0,,,0,0,0,0,0,False,,False,,False,,False,,False,,False,,no Dockerfile and no fallback entry point found
https://github.com/myESM/ESM_bak,no_entry,False,0,9,0,,,0,0,0,0,0,False,,False,,False,,False,,False,,False,,Dockerfile(s) found but no Python entry point could be resolved
https://github.com/adish13/Moodify-Learning,no_dockerfile,False,0,0,0,,,0,0,0,0,0,False,,False,,False,,False,,False,,False,,no Dockerfile and no fallback entry point found
https://github.com/Akitsuyoshi/fastbook,no_dockerfile,False,0,0,0,,,0,0,0,0,0,False,,False,,False,,False,,False,,False,,no Dockerfile and no fallback entry point found
https://github.com/Jean-HOW/stock_prediction,no_dockerfile,False,0,0,0,,,0,0,0,0,0,False,,False,,False,,False,,False,,False,,no Dockerfile and no fallback entry point found
https://github.com/shkim960520/erAIser,clone_failed,False,0,0,0,,,0,0,0,0,0,False,,False,,False,,False,,False,,False,,remote: Repository not found.
https://github.com/tinowlh/Dash_App,no_dockerfile,False,0,0,0,,,0,0,0,0,0,False,,False,,False,,False,,False,,False,,no Dockerfile and no fallback entry point found
https://github.com/AndryRafam/Hate-Speech-Detection,no_dockerfile,False,0,0,0,,,0,0,0,0,0,False,,False,,False,,False,,False,,False,,no Dockerfile and no fallback entry point found
https://github.com/jlbdearaujo/figEDI,no_dockerfile,False,0,0,0,,,0,0,0,0,0,False,,False,,False,,False,,False,,False,,no Dockerfile and no fallback entry point found
https://github.com/robertferro/calculando_preco_de_carros,no_dockerfile,False,0,0,0,,,0,0,0,0,0,False,,False,,False,,False,,False,,False,,no Dockerfile and no fallback entry point found
https://github.com/charity-classification/ukcat,no_dockerfile,False,0,0,0,,,0,0,0,0,0,False,,False,,False,,False,,False,,False,,no Dockerfile and no fallback entry point found
https://github.com/MAniket0091/FastAIDeepLearning,no_dockerfile,False,0,0,0,,,0,0,0,0,0,False,,False,,False,,False,,False,,False,,no Dockerfile and no fallback entry point found
https://github.com/TheDarkTrumpet/BAIS-6040-0EXP-Sum2021,no_entry,False,0,1,0,,,0,0,0,0,0,False,,False,,False,,False,,False,,False,,Dockerfile(s) found but no Python entry point could be resolved
https://github.com/daniEL2371/telecom_data_analysis,no_dockerfile,False,0,0,0,,,0,0,0,0,0,False,,False,,False,,False,,False,,False,,no Dockerfile and no fallback entry point found
https://github.com/microsoft/torchgeo,ok,True,6,0,1,torchgeo\__main__.py,fallback_nested,284,1665,6,0,1,True,torchgeo/datamodules/geo.py:81 def prepare_data [matched <lightning hook prepare_data>],True,torchgeo/datamodules/agrifieldnet.py:51 kornia.augmentation.AugmentationSequential [matched kornia.augmentation.*],True,torchgeo/tasks/base.py:0 class BaseTask [matched <class subclasses model base>],True,torchgeo/tasks/base.py:56 def configure_optimizers [matched <lightning hook configure_optimizers>],True,torchgeo/tasks/byol.py:421 def validation_step [matched <lightning hook validation_step>],True,torchgeo/tasks/byol.py:429 def predict_step [matched <lightning hook predict_step>],verified: all 6 stages present
https://github.com/s3prl/s3prl,ok,False,0,1,1,s3prl\main.py,fallback_nested,2,1,1,0,0,False,,False,,False,,False,,False,,False,,"unverified: missing stages: data_acquisition, data_preparation, modeling, training, evaluation, inference"
https://github.com/severilov/AmesHouselib,no_entry,False,0,2,2,,dockerfile,0,0,0,0,0,False,,False,,False,,False,,False,,False,,no resolved entry point yielded a usable call graph
https://github.com/KabirovIrik/data-full-path,ok,False,1,0,1,app\app.py,fallback_nested,1,3,0,0,0,False,,False,,False,,False,,False,,True,app/app.py:8 flask.Flask [matched Flask],"unverified: missing stages: data_acquisition, data_preparation, modeling, training, evaluation"
https://github.com/usnistgov/nestor,no_dockerfile,False,0,0,0,,,0,0,0,0,0,False,,False,,False,,False,,False,,False,,no Dockerfile and no fallback entry point found
https://github.com/leeh8911/BeSuperRepo,no_dockerfile,False,0,0,0,,,0,0,0,0,0,False,,False,,False,,False,,False,,False,,no Dockerfile and no fallback entry point found
https://github.com/nghitruyen/PhaseNet_keras_version,no_dockerfile,False,0,0,0,,,0,0,0,0,0,False,,False,,False,,False,,False,,False,,no Dockerfile and no fallback entry point found
https://github.com/prateekt/EZPlotly,no_dockerfile,False,0,0,0,,,0,0,0,0,0,False,,False,,False,,False,,False,,False,,no Dockerfile and no fallback entry point found
https://github.com/kayua/Introducao-Machine-Learning,no_dockerfile,False,0,0,0,,,0,0,0,0,0,False,,False,,False,,False,,False,,False,,no Dockerfile and no fallback entry point found
https://github.com/Simon-Will/nlmaps-web,ok,False,4,0,1,nlmaps_web\app.py,fallback_nested,43,138,7,0,0,True,nlmaps_web/mt_server.py:30 requests.get [matched requests.get],True,nlmaps_web/processing/tf_idf.py:15 sklearn.pipeline.Pipeline [matched sklearn.pipeline.Pipeline],True,nlmaps_web/models/base.py:0 class BaseModel [matched <class subclasses model base>],False,,False,,True,nlmaps_web/app.py:21 flask.Flask [matched Flask],"unverified: missing stages: training, evaluation"
https://github.com/Dayflt/WeirdMuseum,no_entry,False,0,3,0,,,0,0,0,0,0,False,,False,,False,,False,,False,,False,,Dockerfile(s) found but no Python entry point could be resolved
https://github.com/salu133445/arranger,no_dockerfile,False,0,0,0,,,0,0,0,0,0,False,,False,,False,,False,,False,,False,,no Dockerfile and no fallback entry point found
https://github.com/souviksbhowmik/cricket_ai_solution,no_dockerfile,False,0,0,0,,,0,0,0,0,0,False,,False,,False,,False,,False,,False,,no Dockerfile and no fallback entry point found
https://github.com/dkackman/covid,no_dockerfile,False,0,0,0,,,0,0,0,0,0,False,,False,,False,,False,,False,,False,,no Dockerfile and no fallback entry point found
https://github.com/sha-avi-2021/Microsoft-ML,no_dockerfile,False,0,0,0,,,0,0,0,0,0,False,,False,,False,,False,,False,,False,,no Dockerfile and no fallback entry point found
https://github.com/TribThapa/AustralianEconomyAnalysis,no_dockerfile,False,0,0,0,,,0,0,0,0,0,False,,False,,False,,False,,False,,False,,no Dockerfile and no fallback entry point found
https://github.com/UlisseProject/ULISSE,no_dockerfile,False,0,0,0,,,0,0,0,0,0,False,,False,,False,,False,,False,,False,,no Dockerfile and no fallback entry point found
https://github.com/R15S/Machine_Learning,no_dockerfile,False,0,0,0,,,0,0,0,0,0,False,,False,,False,,False,,False,,False,,no Dockerfile and no fallback entry point found
https://github.com/claudiu1989/DeepInterpretablePolynomialNeuralNetwork,no_dockerfile,False,0,0,0,,,0,0,0,0,0,False,,False,,False,,False,,False,,False,,no Dockerfile and no fallback entry point found
https://github.com/yaglm/yaglm,no_dockerfile,False,0,0,0,,,0,0,0,0,0,False,,False,,False,,False,,False,,False,,no Dockerfile and no fallback entry point found
https://github.com/dhrumilp15/mind-quidditch,no_dockerfile,False,0,0,0,,,0,0,0,0,0,False,,False,,False,,False,,False,,False,,no Dockerfile and no fallback entry point found
https://github.com/Nordant/plantstat,no_dockerfile,False,0,0,0,,,0,0,0,0,0,False,,False,,False,,False,,False,,False,,no Dockerfile and no fallback entry point found
https://github.com/ixiaopan/NER_Tagger,no_dockerfile,False,0,0,0,,,0,0,0,0,0,False,,False,,False,,False,,False,,False,,no Dockerfile and no fallback entry point found
https://github.com/Pseudomanifold/pyper,no_dockerfile,False,0,0,0,,,0,0,0,0,0,False,,False,,False,,False,,False,,False,,no Dockerfile and no fallback entry point found
https://github.com/takapy0210/nlplot,no_dockerfile,False,0,0,0,,,0,0,0,0,0,False,,False,,False,,False,,False,,False,,no Dockerfile and no fallback entry point found
https://github.com/pnnl/DeepDataProfiler,no_dockerfile,False,0,0,0,,,0,0,0,0,0,False,,False,,False,,False,,False,,False,,no Dockerfile and no fallback entry point found
https://github.com/ContextLab/data-wrangler,no_dockerfile,False,0,0,0,,,0,0,0,0,0,False,,False,,False,,False,,False,,False,,no Dockerfile and no fallback entry point found
https://github.com/mohdahmad242/Suicidal-post-detection,no_dockerfile,False,0,0,0,,,0,0,0,0,0,False,,False,,False,,False,,False,,False,,no Dockerfile and no fallback entry point found
https://github.com/sarasabino/Accident_Rate_Project,no_dockerfile,False,0,0,0,,,0,0,0,0,0,False,,False,,False,,False,,False,,False,,no Dockerfile and no fallback entry point found
https://github.com/olavpe/machine-learning-MLB-HoF,no_dockerfile,False,0,0,0,,,0,0,0,0,0,False,,False,,False,,False,,False,,False,,no Dockerfile and no fallback entry point found
https://github.com/samokoye/Machine-Learning,no_dockerfile,False,0,0,0,,,0,0,0,0,0,False,,False,,False,,False,,False,,False,,no Dockerfile and no fallback entry point found
https://github.com/xaviermiles/summer-project,no_dockerfile,False,0,0,0,,,0,0,0,0,0,False,,False,,False,,False,,False,,False,,no Dockerfile and no fallback entry point found
https://github.com/drorp24/Ice_Ring_Matching_Algo,no_dockerfile,False,0,0,0,,,0,0,0,0,0,False,,False,,False,,False,,False,,False,,no Dockerfile and no fallback entry point found
https://github.com/Gilgamesh555/MLBeginners,no_dockerfile,False,0,0,0,,,0,0,0,0,0,False,,False,,False,,False,,False,,False,,no Dockerfile and no fallback entry point found
https://github.com/jathinreddy/jakevdp_PythonDataScienceHandbook,no_dockerfile,False,0,0,0,,,0,0,0,0,0,False,,False,,False,,False,,False,,False,,no Dockerfile and no fallback entry point found
https://github.com/datavalor/ADESIT,no_entry,False,0,1,0,,,0,0,0,0,0,False,,False,,False,,False,,False,,False,,Dockerfile(s) found but no Python entry point could be resolved
https://github.com/bwallace/RRnlp,no_dockerfile,False,0,0,0,,,0,0,0,0,0,False,,False,,False,,False,,False,,False,,no Dockerfile and no fallback entry point found
https://github.com/littletomatodonkey/insight-face-paddle,ok,False,1,0,1,insightface_paddle.py,fallback_console_script,1,49,0,0,0,True,insightface_paddle.py:144 requests.get [matched requests.get],False,,False,,False,,False,,False,,"unverified: missing stages: data_preparation, modeling, training, evaluation, inference"
https://github.com/jlparkI/mix_T,no_dockerfile,False,0,0,0,,,0,0,0,0,0,False,,False,,False,,False,,False,,False,,no Dockerfile and no fallback entry point found
https://github.com/microsoft/vert-papers,no_dockerfile,False,0,0,0,,,0,0,0,0,0,False,,False,,False,,False,,False,,False,,no Dockerfile and no fallback entry point found
https://github.com/Jordan-Madden/AINSB,ok,False,0,0,1,src\main.py,fallback_nested,1,7,0,0,0,False,,False,,False,,False,,False,,False,,"unverified: missing stages: data_acquisition, data_preparation, modeling, training, evaluation, inference"
https://github.com/jathinreddy/realpython_materials,no_entry,False,0,2,0,,,0,0,0,0,0,False,,False,,False,,False,,False,,False,,Dockerfile(s) found but no Python entry point could be resolved
https://github.com/coderkol95/Telecom_churn,no_dockerfile,False,0,0,0,,,0,0,0,0,0,False,,False,,False,,False,,False,,False,,no Dockerfile and no fallback entry point found
https://github.com/SchubertLab/mvTCR,no_dockerfile,False,0,0,0,,,0,0,0,0,0,False,,False,,False,,False,,False,,False,,no Dockerfile and no fallback entry point found
https://github.com/SSIML2021/SSIML2021,no_dockerfile,False,0,0,0,,,0,0,0,0,0,False,,False,,False,,False,,False,,False,,no Dockerfile and no fallback entry point found
https://github.com/MintuJohnsontj/HollywoodRecommenderSystem,no_dockerfile,False,0,0,0,,,0,0,0,0,0,False,,False,,False,,False,,False,,False,,no Dockerfile and no fallback entry point found
https://github.com/ricosjp/siml,ok,False,0,1,1,siml\__main__\convert_interim_data.py,fallback_console_script,2,2,1,0,0,False,,False,,False,,False,,False,,False,,"unverified: missing stages: data_acquisition, data_preparation, modeling, training, evaluation, inference"
https://github.com/minchanglueth/data_processing_and_crawling,no_dockerfile,False,0,0,0,,,0,0,0,0,0,False,,False,,False,,False,,False,,False,,no Dockerfile and no fallback entry point found
https://github.com/cmnemoi/OWREstimator,no_dockerfile,False,0,0,0,,,0,0,0,0,0,False,,False,,False,,False,,False,,False,,no Dockerfile and no fallback entry point found
https://github.com/shereshevskiy/Practical_RL,no_entry,False,0,1,0,,,0,0,0,0,0,False,,False,,False,,False,,False,,False,,Dockerfile(s) found but no Python entry point could be resolved
https://github.com/bukacdan/LSI-vector-model,no_entry,False,0,1,0,,,0,0,0,0,0,False,,False,,False,,False,,False,,False,,Dockerfile(s) found but no Python entry point could be resolved
https://github.com/TYtrack/FedNLP,no_entry,False,0,7,0,,,0,0,0,0,0,False,,False,,False,,False,,False,,False,,Dockerfile(s) found but no Python entry point could be resolved
https://github.com/Dou-Yu-xuan/pykinship,no_dockerfile,False,0,0,0,,,0,0,0,0,0,False,,False,,False,,False,,False,,False,,no Dockerfile and no fallback entry point found
https://github.com/made-ml-in-prod-2021/rodionlatypov,no_entry,False,0,1,0,,,0,0,0,0,0,False,,False,,False,,False,,False,,False,,Dockerfile(s) found but no Python entry point could be resolved
https://github.com/haeriamin/Subspace-Graph-Physics,no_dockerfile,False,0,0,0,,,0,0,0,0,0,False,,False,,False,,False,,False,,False,,no Dockerfile and no fallback entry point found
https://github.com/fathur-rs/stroke_prediction_classification,no_dockerfile,False,0,0,0,,,0,0,0,0,0,False,,False,,False,,False,,False,,False,,no Dockerfile and no fallback entry point found
https://github.com/ans682/SafePredict_and_Forecasting,no_dockerfile,False,0,0,0,,,0,0,0,0,0,False,,False,,False,,False,,False,,False,,no Dockerfile and no fallback entry point found
https://github.com/hiroTochigi/minutes-scraper,no_entry,False,0,6,0,,,0,0,0,0,0,False,,False,,False,,False,,False,,False,,Dockerfile(s) found but no Python entry point could be resolved
https://github.com/esowc/aq-biascorrection,ok,False,2,0,1,src\scripts\transform_data.py,fallback_console_script,6,25,2,0,0,True,src/data/transformer.py:31 pd.read_csv [matched pd.read_csv],True,src/data/transformer.py:335 pd.to_datetime [matched pd.to_datetime],False,,False,,False,,False,,"unverified: missing stages: modeling, training, evaluation, inference"
https://github.com/ray-project/lightgbm_ray,ok,False,1,0,1,lightgbm_ray\main.py,fallback_nested,3,40,1,0,0,False,,False,,False,,True,lightgbm_ray/main.py:472 model.fit [matched model.fit],False,,False,,"unverified: missing stages: data_acquisition, data_preparation, modeling, evaluation, inference"
https://github.com/andrewcharlesjones/cplvm,no_dockerfile,False,0,0,0,,,0,0,0,0,0,False,,False,,False,,False,,False,,False,,no Dockerfile and no fallback entry point found
https://github.com/ErikBjare/thesis,no_dockerfile,False,0,0,0,,,0,0,0,0,0,False,,False,,False,,False,,False,,False,,no Dockerfile and no fallback entry point found
https://github.com/cranedroesch/frailtyclassifier,no_entry,False,0,2,0,,,0,0,0,0,0,False,,False,,False,,False,,False,,False,,Dockerfile(s) found but no Python entry point could be resolved
https://github.com/sdam-au/social_diversity,no_dockerfile,False,0,0,0,,,0,0,0,0,0,False,,False,,False,,False,,False,,False,,no Dockerfile and no fallback entry point found
https://github.com/PhilaController/five-year-plan-analysis,no_dockerfile,False,0,0,0,,,0,0,0,0,0,False,,False,,False,,False,,False,,False,,no Dockerfile and no fallback entry point found
https://github.com/SimplonAI/api-mmo,no_entry,False,0,1,0,,,0,0,0,0,0,False,,False,,False,,False,,False,,False,,Dockerfile(s) found but no Python entry point could be resolved
https://github.com/cdlc01/Twitter_Hate_Speech_Analysis,no_dockerfile,False,0,0,0,,,0,0,0,0,0,False,,False,,False,,False,,False,,False,,no Dockerfile and no fallback entry point found
https://github.com/imirzadeh/CL-Gym,no_dockerfile,False,0,0,0,,,0,0,0,0,0,False,,False,,False,,False,,False,,False,,no Dockerfile and no fallback entry point found
https://github.com/Sarailidis/Interactive-Decision-Trees,no_dockerfile,False,0,0,0,,,0,0,0,0,0,False,,False,,False,,False,,False,,False,,no Dockerfile and no fallback entry point found
https://github.com/angelolab/AMP,ok,False,0,0,1,src\main.py,fallback_nested,11,77,3,0,0,False,,False,,False,,False,,False,,False,,"unverified: missing stages: data_acquisition, data_preparation, modeling, training, evaluation, inference"
https://github.com/hse-ml-da/drink_cider,ok,False,4,0,1,src\main.py,fallback_nested,30,88,6,0,0,True,src/api/weather.py:75 requests.get [matched requests.get],True,src/api/dialogue.py:20 transformers.AutoTokenizer.from_pretrained [matched AutoTokenizer.from_pretrained],True,src/bot_controller.py:18 src.model.Model [matched Model],False,,False,,True,src/api/dialogue.py:52 torch.no_grad [matched torch.no_grad],"unverified: missing stages: training, evaluation"
https://github.com/nlp-cnu/active_learning,ok,False,3,0,1,src\main.py,fallback_nested,1,5,0,0,0,False,,True,src/main.py:43 sklearn.model_selection.StratifiedKFold [matched StratifiedKFold],False,,True,src/main.py:49 model.fit [matched model.fit],False,,True,src/main.py:50 model.eval [matched model.eval],"unverified: missing stages: data_acquisition, modeling, evaluation"
https://github.com/AmitDavid/ai_final_project,no_dockerfile,False,0,0,0,,,0,0,0,0,0,False,,False,,False,,False,,False,,False,,no Dockerfile and no fallback entry point found
https://github.com/tomaskala/bachelor-thesis,no_dockerfile,False,0,0,0,,,0,0,0,0,0,False,,False,,False,,False,,False,,False,,no Dockerfile and no fallback entry point found
https://github.com/krishnavamshikorpal/Machine-Learning-portfolio,no_dockerfile,False,0,0,0,,,0,0,0,0,0,False,,False,,False,,False,,False,,False,,no Dockerfile and no fallback entry point found
https://github.com/Chris1nexus/gcn_vs_cnn,no_dockerfile,False,0,0,0,,,0,0,0,0,0,False,,False,,False,,False,,False,,False,,no Dockerfile and no fallback entry point found
https://github.com/sydney-machine-learning/BayesianAutoencoders,no_dockerfile,False,0,0,0,,,0,0,0,0,0,False,,False,,False,,False,,False,,False,,no Dockerfile and no fallback entry point found
https://github.com/fpaissan/raman_spectrograms_analysis,no_dockerfile,False,0,0,0,,,0,0,0,0,0,False,,False,,False,,False,,False,,False,,no Dockerfile and no fallback entry point found
https://github.com/wilsongis/3DP_Experiments,no_dockerfile,False,0,0,0,,,0,0,0,0,0,False,,False,,False,,False,,False,,False,,no Dockerfile and no fallback entry point found
https://github.com/asarav/MSc-Thesis-Experience-Sharing-Conversational-Agent,no_dockerfile,False,0,0,0,,,0,0,0,0,0,False,,False,,False,,False,,False,,False,,no Dockerfile and no fallback entry point found
https://github.com/mirror-look/mirror-look-origin,no_dockerfile,False,0,0,0,,,0,0,0,0,0,False,,False,,False,,False,,False,,False,,no Dockerfile and no fallback entry point found
https://github.com/zucclhj/2,no_dockerfile,False,0,0,0,,,0,0,0,0,0,False,,False,,False,,False,,False,,False,,no Dockerfile and no fallback entry point found
https://github.com/tmax-cloud/kale-tekton-standalone,no_entry,False,0,4,0,,,0,0,0,0,0,False,,False,,False,,False,,False,,False,,Dockerfile(s) found but no Python entry point could be resolved
https://github.com/bioidiap/bob.bio.spear,no_dockerfile,False,0,0,0,,,0,0,0,0,0,False,,False,,False,,False,,False,,False,,no Dockerfile and no fallback entry point found
https://github.com/sbuschjaeger/PyPruning,no_dockerfile,False,0,0,0,,,0,0,0,0,0,False,,False,,False,,False,,False,,False,,no Dockerfile and no fallback entry point found
https://github.com/dataforgoodfr/batch9_dyslexia,no_entry,False,0,1,1,,dockerfile,0,0,0,0,0,False,,False,,False,,False,,False,,False,,no resolved entry point yielded a usable call graph
https://github.com/divya-datascientist/fastai,no_dockerfile,False,0,0,0,,,0,0,0,0,0,False,,False,,False,,False,,False,,False,,no Dockerfile and no fallback entry point found
https://github.com/hectorLop/SoccerPredictor,no_entry,False,0,3,0,,,0,0,0,0,0,False,,False,,False,,False,,False,,False,,Dockerfile(s) found but no Python entry point could be resolved
https://github.com/baranciaga/data-science,ok,False,0,0,1,scripts\main.py,fallback_nested,1,0,0,0,0,False,,False,,False,,False,,False,,False,,"unverified: missing stages: data_acquisition, data_preparation, modeling, training, evaluation, inference"
https://github.com/kwanjeff/DataTrack,no_dockerfile,False,0,0,0,,,0,0,0,0,0,False,,False,,False,,False,,False,,False,,no Dockerfile and no fallback entry point found
https://github.com/hpides/End-to-end-ML-System-Benchmark,no_entry,False,0,3,0,,,0,0,0,0,0,False,,False,,False,,False,,False,,False,,Dockerfile(s) found but no Python entry point could be resolved
https://github.com/VishwaasHegde/E2ERaga,ok,False,5,0,1,old_code\__main__.py,fallback_nested,6,84,5,0,0,True,old_code/core3.py:991 scipy.io.wavfile.read [matched scipy.io.wavfile.read],True,data_generator.py:46 pd.concat [matched pd.concat],True,old_code/core3.py:99 tf.keras.layers.Input [matched tf.keras.layers.*],True,old_code/core3.py:828 model.fit_generator [matched model.fit_generator],False,,True,old_code/core3.py:708 model.predict [matched model.predict],unverified: missing stages: evaluation
https://github.com/Mrbenoit624/ASThook,ok,False,2,0,1,api_key_detector\__main__.py,fallback_nested,14,33,5,0,0,True,api_key_detector/__main__.py:14 json.load [matched json.load],False,,True,api_key_detector/string_classifier.py:24 sklearn.neural_network.MLPClassifier [matched MLPClassifier],False,,False,,False,,"unverified: missing stages: data_preparation, training, evaluation, inference"
https://github.com/orange-eng/internship,no_entry,False,0,1,0,,,0,0,0,0,0,False,,False,,False,,False,,False,,False,,Dockerfile(s) found but no Python entry point could be resolved
https://github.com/mne-tools/mne-connectivity,no_dockerfile,False,0,0,0,,,0,0,0,0,0,False,,False,,False,,False,,False,,False,,no Dockerfile and no fallback entry point found
https://github.com/ecerami/ml_learn,ok,False,5,0,1,ml\cli.py,fallback_console_script,15,69,3,0,0,True,ml/iris/iris.py:17 pd.read_csv [matched pd.read_csv],True,ml/iris/iris.py:13 sklearn.model_selection.train_test_split [matched train_test_split],True,ml/iris/iris.py:27 sklearn.svm.SVC [matched SVC],True,ml/iris/iris.py:35 sklearn.model_selection.GridSearchCV [matched GridSearchCV],True,ml/iris/iris.py:46 sklearn.model_selection.cross_val_score [matched cross_val_score],False,,unverified: missing stages: inference
https://github.com/ShenDezhou/rct-intel-hw-recommend,no_dockerfile,False,0,0,0,,,0,0,0,0,0,False,,False,,False,,False,,False,,False,,no Dockerfile and no fallback entry point found
https://github.com/ww-rm/Public-Opinion-Analysis,ok,False,0,0,1,crawlers\__main__.py,fallback_nested,4,11,3,0,0,False,,False,,False,,False,,False,,False,,"unverified: missing stages: data_acquisition, data_preparation, modeling, training, evaluation, inference"
https://github.com/vasudev-sharma/DeepEEG-Forecast,ok,False,3,0,1,src\train.py,fallback_nested,1,0,0,0,0,True,src/train.py:97 json.load [matched json.load],False,,False,,True,src/train.py:117 wandb.init [matched wandb.init],True,src/train.py:409 wandb.log [matched wandb.log],False,,"unverified: missing stages: data_preparation, modeling, inference"
https://github.com/seahrh/kaggle-shopee-product-matching,no_dockerfile,False,0,0,0,,,0,0,0,0,0,False,,False,,False,,False,,False,,False,,no Dockerfile and no fallback entry point found
https://github.com/ThomasAlbin/sandbox,no_entry,False,0,1,0,,,0,0,0,0,0,False,,False,,False,,False,,False,,False,,Dockerfile(s) found but no Python entry point could be resolved
https://github.com/KingoftheNight/IRAP,ok,False,0,0,1,irap\__main__.py,fallback_nested,2,25,1,0,0,False,,False,,False,,False,,False,,False,,"unverified: missing stages: data_acquisition, data_preparation, modeling, training, evaluation, inference"
https://github.com/alcunha/iwildcam2021ufam,no_dockerfile,False,0,0,0,,,0,0,0,0,0,False,,False,,False,,False,,False,,False,,no Dockerfile and no fallback entry point found
https://github.com/jcmichaud/OCR_P7,no_dockerfile,False,0,0,0,,,0,0,0,0,0,False,,False,,False,,False,,False,,False,,no Dockerfile and no fallback entry point found
https://github.com/Jahnic/AgileProjects,no_entry,False,0,1,0,,,0,0,0,0,0,False,,False,,False,,False,,False,,False,,Dockerfile(s) found but no Python entry point could be resolved
https://github.com/Vahe1994/Deep-Vectorization-of-Technical-Drawings,no_entry,False,0,1,0,,,0,0,0,0,0,False,,False,,False,,False,,False,,False,,Dockerfile(s) found but no Python entry point could be resolved
https://github.com/martinagvilas/ML-Vis-BrainHack-2021,no_dockerfile,False,0,0,0,,,0,0,0,0,0,False,,False,,False,,False,,False,,False,,no Dockerfile and no fallback entry point found
https://github.com/trelium/crypto_fluctuations,no_entry,False,0,1,0,,,0,0,0,0,0,False,,False,,False,,False,,False,,False,,Dockerfile(s) found but no Python entry point could be resolved
https://github.com/alexarntzen/deepthermal,no_dockerfile,False,0,0,0,,,0,0,0,0,0,False,,False,,False,,False,,False,,False,,no Dockerfile and no fallback entry point found
https://github.com/YolandaNkalashe25/MIT805-Exam,no_dockerfile,False,0,0,0,,,0,0,0,0,0,False,,False,,False,,False,,False,,False,,no Dockerfile and no fallback entry point found
https://github.com/gitquart/appHybrid_InvestingNews,no_dockerfile,False,0,0,0,,,0,0,0,0,0,False,,False,,False,,False,,False,,False,,no Dockerfile and no fallback entry point found
https://github.com/bcaitech1/DKT_team_DiKi_Repo,no_dockerfile,False,0,0,0,,,0,0,0,0,0,False,,False,,False,,False,,False,,False,,no Dockerfile and no fallback entry point found
https://github.com/momeara/MPLearn,no_dockerfile,False,0,0,0,,,0,0,0,0,0,False,,False,,False,,False,,False,,False,,no Dockerfile and no fallback entry point found
https://github.com/sogno-platform/proloaf,ok,False,1,1,1,src\train.py,fallback_nested,1,1,0,0,0,True,src/train.py:102 pd.read_csv [matched pd.read_csv],False,,False,,False,,False,,False,,"unverified: missing stages: data_preparation, modeling, training, evaluation, inference"
https://github.com/jiwoncpark/magnify,no_dockerfile,False,0,0,0,,,0,0,0,0,0,False,,False,,False,,False,,False,,False,,no Dockerfile and no fallback entry point found
https://github.com/Dayfive5/PIR-Encrypted-DNS,no_dockerfile,False,0,0,0,,,0,0,0,0,0,False,,False,,False,,False,,False,,False,,no Dockerfile and no fallback entry point found
https://github.com/Zeinab-3issa/covid_project,no_entry,False,0,1,0,,,0,0,0,0,0,False,,False,,False,,False,,False,,False,,Dockerfile(s) found but no Python entry point could be resolved
https://github.com/BogdanKandra/car-brand-classification,no_dockerfile,False,0,0,0,,,0,0,0,0,0,False,,False,,False,,False,,False,,False,,no Dockerfile and no fallback entry point found
https://github.com/ugursavci/My-Data-Science-Portfolio,no_entry,False,0,2,0,,,0,0,0,0,0,False,,False,,False,,False,,False,,False,,Dockerfile(s) found but no Python entry point could be resolved
https://github.com/lilulamili/STATY,no_dockerfile,False,0,0,0,,,0,0,0,0,0,False,,False,,False,,False,,False,,False,,no Dockerfile and no fallback entry point found
https://github.com/ZainNasrullah/pollution-select-feature-selection,no_dockerfile,False,0,0,0,,,0,0,0,0,0,False,,False,,False,,False,,False,,False,,no Dockerfile and no fallback entry point found
https://github.com/caresppen/UsedCarsAppraiser,no_dockerfile,False,0,0,0,,,0,0,0,0,0,False,,False,,False,,False,,False,,False,,no Dockerfile and no fallback entry point found
https://github.com/JA-Bar/nlp-depression,no_dockerfile,False,0,0,0,,,0,0,0,0,0,False,,False,,False,,False,,False,,False,,no Dockerfile and no fallback entry point found
https://github.com/SubCoder1/NewsFresh,no_dockerfile,False,0,0,0,,,0,0,0,0,0,False,,False,,False,,False,,False,,False,,no Dockerfile and no fallback entry point found
https://github.com/Potatotime13/DataScience1,no_dockerfile,False,0,0,0,,,0,0,0,0,0,False,,False,,False,,False,,False,,False,,no Dockerfile and no fallback entry point found
https://github.com/arun728/Machine-Learning,no_entry,False,0,7,0,,,0,0,0,0,0,False,,False,,False,,False,,False,,False,,Dockerfile(s) found but no Python entry point could be resolved
https://github.com/thiagomarquesrocha/siameseQAT,no_dockerfile,False,0,0,0,,,0,0,0,0,0,False,,False,,False,,False,,False,,False,,no Dockerfile and no fallback entry point found
https://github.com/cornell-orie/ORSuite,no_dockerfile,False,0,0,0,,,0,0,0,0,0,False,,False,,False,,False,,False,,False,,no Dockerfile and no fallback entry point found
https://github.com/AndreaGiorgi/KeplerML,no_dockerfile,False,0,0,0,,,0,0,0,0,0,False,,False,,False,,False,,False,,False,,no Dockerfile and no fallback entry point found
https://github.com/qiuzhen8484/COVID-DA,no_dockerfile,False,0,0,0,,,0,0,0,0,0,False,,False,,False,,False,,False,,False,,no Dockerfile and no fallback entry point found
https://github.com/RylanSchaeffer/FieteLab-RCRP,no_dockerfile,False,0,0,0,,,0,0,0,0,0,False,,False,,False,,False,,False,,False,,no Dockerfile and no fallback entry point found
https://github.com/TiffanyHsuuuu/adapter,no_entry,False,0,7,0,,,0,0,0,0,0,False,,False,,False,,False,,False,,False,,Dockerfile(s) found but no Python entry point could be resolved
https://github.com/MefAldemisov/SourceCodeAuthorshipAttribution,ok,False,0,1,1,src\main.py,fallback_nested,1,0,0,0,0,False,,False,,False,,False,,False,,False,,"unverified: missing stages: data_acquisition, data_preparation, modeling, training, evaluation, inference"
https://github.com/JThh/Module_Selection_Analysis,ok,False,2,0,1,src\app.py,fallback_nested,1,0,0,0,0,True,src/app.py:59 pd.read_csv [matched pd.read_csv],False,,False,,False,,False,,True,src/app.py:70 st.write [matched st.write],"unverified: missing stages: data_preparation, modeling, training, evaluation"
https://github.com/brianhie/evolocity,no_dockerfile,False,0,0,0,,,0,0,0,0,0,False,,False,,False,,False,,False,,False,,no Dockerfile and no fallback entry point found
https://github.com/PM25/Medical-Question-Answering-and-Decision-Making-AIdea-Competition,no_dockerfile,False,0,0,0,,,0,0,0,0,0,False,,False,,False,,False,,False,,False,,no Dockerfile and no fallback entry point found
https://github.com/peppocola/Screening-COVID19,no_dockerfile,False,0,0,0,,,0,0,0,0,0,False,,False,,False,,False,,False,,False,,no Dockerfile and no fallback entry point found
https://github.com/kenzocaine/xrayproject,ok,False,5,1,1,xrayproject\main.py,fallback_nested,5,26,1,0,0,True,xrayproject/main.py:28 google.cloud.storage.Client [matched google.cloud.storage.Client],True,xrayproject/main.py:79 sklearn.model_selection.train_test_split [matched train_test_split],True,xrayproject/baseline.py:45 tf.keras.Sequential [matched keras.Sequential],True,xrayproject/baseline.py:34 self.model.fit [matched model.fit],True,xrayproject/baseline.py:99 tf.keras.metrics.Recall [matched Recall],False,,unverified: missing stages: inference
https://github.com/sayan0506/Face-Recognition-pipeline-using-SOTA-ArcFace,no_dockerfile,False,0,0,0,,,0,0,0,0,0,False,,False,,False,,False,,False,,False,,no Dockerfile and no fallback entry point found
https://github.com/cxan96/oblivious-sketching-logreg,no_dockerfile,False,0,0,0,,,0,0,0,0,0,False,,False,,False,,False,,False,,False,,no Dockerfile and no fallback entry point found
https://github.com/hat-open/aimm,ok,False,1,4,1,aimm\server\main.py,fallback_console_script,5,53,2,0,4,False,,False,,True,aimm/server/engine.py:248 aimm.server.common.Model [matched Model],False,,False,,False,,"unverified: missing stages: data_acquisition, data_preparation, training, evaluation, inference"
https://github.com/YanaSemenenya/INTERPRETATOR,no_dockerfile,False,0,0,0,,,0,0,0,0,0,False,,False,,False,,False,,False,,False,,no Dockerfile and no fallback entry point found
https://github.com/IrfanChairurrachman/kuylah-backend,no_dockerfile,False,0,0,0,,,0,0,0,0,0,False,,False,,False,,False,,False,,False,,no Dockerfile and no fallback entry point found
https://github.com/tau-lex/market-analysis-system,no_dockerfile,False,0,0,0,,,0,0,0,0,0,False,,False,,False,,False,,False,,False,,no Dockerfile and no fallback entry point found
https://github.com/stevetjoa/musicinformationretrieval.com,no_dockerfile,False,0,0,0,,,0,0,0,0,0,False,,False,,False,,False,,False,,False,,no Dockerfile and no fallback entry point found
https://github.com/juglab/PlatyMatch,no_dockerfile,False,0,0,0,,,0,0,0,0,0,False,,False,,False,,False,,False,,False,,no Dockerfile and no fallback entry point found
https://github.com/AmjadKudsi/LetsUpgrade-AI-ML,no_dockerfile,False,0,0,0,,,0,0,0,0,0,False,,False,,False,,False,,False,,False,,no Dockerfile and no fallback entry point found
https://github.com/tejaskannan/budget-rnn,no_dockerfile,False,0,0,0,,,0,0,0,0,0,False,,False,,False,,False,,False,,False,,no Dockerfile and no fallback entry point found
https://github.com/brianhie/trajectorama,no_dockerfile,False,0,0,0,,,0,0,0,0,0,False,,False,,False,,False,,False,,False,,no Dockerfile and no fallback entry point found
https://github.com/IBM/UQ360,no_dockerfile,False,0,0,0,,,0,0,0,0,0,False,,False,,False,,False,,False,,False,,no Dockerfile and no fallback entry point found
https://github.com/Educorreia932/FEUP-IART,no_dockerfile,False,0,0,0,,,0,0,0,0,0,False,,False,,False,,False,,False,,False,,no Dockerfile and no fallback entry point found
https://github.com/JiriVales/zdo2021-vales,ok,False,0,0,1,zdo2021\main.py,fallback_nested,1,2,0,0,0,False,,False,,False,,False,,False,,False,,"unverified: missing stages: data_acquisition, data_preparation, modeling, training, evaluation, inference"
https://github.com/Rmejiaz/Feet_U-Net,no_dockerfile,False,0,0,0,,,0,0,0,0,0,False,,False,,False,,False,,False,,False,,no Dockerfile and no fallback entry point found
https://github.com/nowittynamesleft/NetQuilt,no_dockerfile,False,0,0,0,,,0,0,0,0,0,False,,False,,False,,False,,False,,False,,no Dockerfile and no fallback entry point found
https://github.com/alvarocapelo/datasci4heatlh,no_dockerfile,False,0,0,0,,,0,0,0,0,0,False,,False,,False,,False,,False,,False,,no Dockerfile and no fallback entry point found
https://github.com/AnthonyDF/tresboncoin,ok,False,0,1,1,tresboncoin\main.py,fallback_nested,1,1,0,0,0,False,,False,,False,,False,,False,,False,,"unverified: missing stages: data_acquisition, data_preparation, modeling, training, evaluation, inference"
https://github.com/djeada/Numerical-Methods,no_dockerfile,False,0,0,0,,,0,0,0,0,0,False,,False,,False,,False,,False,,False,,no Dockerfile and no fallback entry point found
https://github.com/difuse-dartmouth/21s_ENVS3,no_entry,False,0,1,0,,,0,0,0,0,0,False,,False,,False,,False,,False,,False,,Dockerfile(s) found but no Python entry point could be resolved
https://github.com/einslulu/Sephora_Review_Analysis,no_dockerfile,False,0,0,0,,,0,0,0,0,0,False,,False,,False,,False,,False,,False,,no Dockerfile and no fallback entry point found
https://github.com/safe-graph/DGFraud-TF2,no_dockerfile,False,0,0,0,,,0,0,0,0,0,False,,False,,False,,False,,False,,False,,no Dockerfile and no fallback entry point found
https://github.com/smautner/biofilm,no_dockerfile,False,0,0,0,,,0,0,0,0,0,False,,False,,False,,False,,False,,False,,no Dockerfile and no fallback entry point found
https://github.com/DoraMemo-x/aumix,no_dockerfile,False,0,0,0,,,0,0,0,0,0,False,,False,,False,,False,,False,,False,,no Dockerfile and no fallback entry point found
https://github.com/bonurag/audioPatternRecognition,no_dockerfile,False,0,0,0,,,0,0,0,0,0,False,,False,,False,,False,,False,,False,,no Dockerfile and no fallback entry point found
https://github.com/Witchaya270/Project-Image-Recognition,no_dockerfile,False,0,0,0,,,0,0,0,0,0,False,,False,,False,,False,,False,,False,,no Dockerfile and no fallback entry point found
https://github.com/neurodata/mgcpy-old,no_entry,False,0,1,0,,,0,0,0,0,0,False,,False,,False,,False,,False,,False,,Dockerfile(s) found but no Python entry point could be resolved
https://github.com/jaggaer-ngvozdenovic/Contract-Analysis,no_dockerfile,False,0,0,0,,,0,0,0,0,0,False,,False,,False,,False,,False,,False,,no Dockerfile and no fallback entry point found
https://github.com/RomainUSA/CBCT_seg,no_entry,False,0,1,0,,,0,0,0,0,0,False,,False,,False,,False,,False,,False,,Dockerfile(s) found but no Python entry point could be resolved
https://github.com/peleiden/daluke,ok,False,3,0,1,daluke\api\cli.py,fallback_console_script,15,101,4,0,0,True,daluke/ner/data.py:134 torch.utils.data.DataLoader [matched DataLoader],True,daluke/api/automodels.py:25 transformers.AutoTokenizer.from_pretrained [matched AutoTokenizer.from_pretrained],True,daluke/ner/model.py:32 nn.Dropout [matched nn.Dropout],False,,False,,False,,"unverified: missing stages: training, evaluation, inference"
https://github.com/snc759/dsi-projects,no_dockerfile,False,0,0,0,,,0,0,0,0,0,False,,False,,False,,False,,False,,False,,no Dockerfile and no fallback entry point found
https://github.com/daleroberts/nrt-predict,ok,False,1,1,1,nrtpredict.py,fallback_console_script,1,29,0,0,0,True,nrtpredict.py:247 boto3.client [matched boto3.client],False,,False,,False,,False,,False,,"unverified: missing stages: data_preparation, modeling, training, evaluation, inference"
https://github.com/neurodata/df-dn-paper,no_dockerfile,False,0,0,0,,,0,0,0,0,0,False,,False,,False,,False,,False,,False,,no Dockerfile and no fallback entry point found
https://github.com/Lori10/Bengaluru-House-Price-Prediction,no_dockerfile,False,0,0,0,,,0,0,0,0,0,False,,False,,False,,False,,False,,False,,no Dockerfile and no fallback entry point found
https://github.com/philippe-gregoire/mas82_iotfuncs_icare_vibration,no_dockerfile,False,0,0,0,,,0,0,0,0,0,False,,False,,False,,False,,False,,False,,no Dockerfile and no fallback entry point found
https://github.com/ucl-pond/kde_ebm,no_dockerfile,False,0,0,0,,,0,0,0,0,0,False,,False,,False,,False,,False,,False,,no Dockerfile and no fallback entry point found
https://github.com/JHemmes/dsr_turbulence,ok,False,2,0,1,dsr\run.py,fallback_nested,23,273,5,0,0,True,dsr/run.py:90 json.load [matched json.load],False,,True,dsr/task/regression/sklearn.py:0 class DeepSymbolicRegressor [matched <class subclasses model base>],False,,False,,False,,"unverified: missing stages: data_preparation, training, evaluation, inference"
https://github.com/Leandro97/ACOPResults,no_dockerfile,False,0,0,0,,,0,0,0,0,0,False,,False,,False,,False,,False,,False,,no Dockerfile and no fallback entry point found
https://github.com/sanishrai/UdacityDeeplearingGithub,no_dockerfile,False,0,0,0,,,0,0,0,0,0,False,,False,,False,,False,,False,,False,,no Dockerfile and no fallback entry point found
https://github.com/Gitiauxx/adapt_fbc,no_dockerfile,False,0,0,0,,,0,0,0,0,0,False,,False,,False,,False,,False,,False,,no Dockerfile and no fallback entry point found
https://github.com/oscarpimentel/fuzzy-tools,no_dockerfile,False,0,0,0,,,0,0,0,0,0,False,,False,,False,,False,,False,,False,,no Dockerfile and no fallback entry point found
https://github.com/DiddiZ/donk.ai,no_entry,False,0,1,0,,,0,0,0,0,0,False,,False,,False,,False,,False,,False,,Dockerfile(s) found but no Python entry point could be resolved
https://github.com/FNTwin/BayGPGO,no_dockerfile,False,0,0,0,,,0,0,0,0,0,False,,False,,False,,False,,False,,False,,no Dockerfile and no fallback entry point found
https://github.com/gorkemki/ML4QS_GK,no_entry,False,0,1,0,,,0,0,0,0,0,False,,False,,False,,False,,False,,False,,Dockerfile(s) found but no Python entry point could be resolved
https://github.com/jbenasuli/consumer_behavior,no_dockerfile,False,0,0,0,,,0,0,0,0,0,False,,False,,False,,False,,False,,False,,no Dockerfile and no fallback entry point found
https://github.com/Jakob-Bach/Constrained-Filter-Feature-Selection,no_dockerfile,False,0,0,0,,,0,0,0,0,0,False,,False,,False,,False,,False,,False,,no Dockerfile and no fallback entry point found
https://github.com/adithyabsk/bird_audio,no_dockerfile,False,0,0,0,,,0,0,0,0,0,False,,False,,False,,False,,False,,False,,no Dockerfile and no fallback entry point found
https://github.com/mhannani/data-mining-utils,no_dockerfile,False,0,0,0,,,0,0,0,0,0,False,,False,,False,,False,,False,,False,,no Dockerfile and no fallback entry point found
https://github.com/LukasHedegaard/ride,ok,True,6,0,1,ride\main.py,fallback_nested,20,236,3,0,0,True,ride/core.py:289 def train_dataloader [matched <lightning hook train_dataloader>],True,ride/feature_visualisation.py:71 sklearn.decomposition.PCA [matched PCA],True,ride/utils/discriminative_lr.py:0 class Module [matched <class subclasses model base>],True,ride/hparamsearch.py:126 ray.tune.run [matched ray.tune.run],True,ride/runner.py:161 self.trainer.test [matched trainer.test],True,ride/runner.py:161 self.trainer.test [matched trainer.test],verified: all 6 stages present
https://github.com/thunlp/Few-NERD,no_dockerfile,False,0,0,0,,,0,0,0,0,0,False,,False,,False,,False,,False,,False,,no Dockerfile and no fallback entry point found
https://github.com/davidycliao/PorkCNN,no_dockerfile,False,0,0,0,,,0,0,0,0,0,False,,False,,False,,False,,False,,False,,no Dockerfile and no fallback entry point found
https://github.com/poypoyan/edhsmm,no_dockerfile,False,0,0,0,,,0,0,0,0,0,False,,False,,False,,False,,False,,False,,no Dockerfile and no fallback entry point found
https://github.com/ndoll1998/AppliedTransformers,no_dockerfile,False,0,0,0,,,0,0,0,0,0,False,,False,,False,,False,,False,,False,,no Dockerfile and no fallback entry point found
https://github.com/srgari/aulas_light_aplicadas,no_dockerfile,False,0,0,0,,,0,0,0,0,0,False,,False,,False,,False,,False,,False,,no Dockerfile and no fallback entry point found
https://github.com/Anmol2001/Chatbot-project,no_dockerfile,False,0,0,0,,,0,0,0,0,0,False,,False,,False,,False,,False,,False,,no Dockerfile and no fallback entry point found
https://github.com/fwhigh/metaflow-helper,no_dockerfile,False,0,0,0,,,0,0,0,0,0,False,,False,,False,,False,,False,,False,,no Dockerfile and no fallback entry point found
https://github.com/braisCB/E2E-FS,no_dockerfile,False,0,0,0,,,0,0,0,0,0,False,,False,,False,,False,,False,,False,,no Dockerfile and no fallback entry point found
https://github.com/igemsoftware2020/Hannover,no_dockerfile,False,0,0,0,,,0,0,0,0,0,False,,False,,False,,False,,False,,False,,no Dockerfile and no fallback entry point found
https://github.com/made-ml-in-prod-2021/ruk0sh,no_entry,False,0,9,0,,,0,0,0,0,0,False,,False,,False,,False,,False,,False,,Dockerfile(s) found but no Python entry point could be resolved
https://github.com/meta00/vital_sqi,no_dockerfile,False,0,0,0,,,0,0,0,0,0,False,,False,,False,,False,,False,,False,,no Dockerfile and no fallback entry point found
https://github.com/kimsan0622/anonymous_kowow,ok,False,5,0,1,parlai\__main__.py,fallback_nested,28,629,6,0,9,True,parlai/core/opt.py:129 json.load [matched json.load],True,parlai/core/image_featurizers.py:101 self.transforms.Compose [matched transforms.Compose],True,parlai/utils/torch.py:0 class IdentityLayer [matched <class subclasses model base>],False,,True,parlai/core/metrics.py:565 nltk.translate.bleu_score.sentence_bleu [matched sentence_bleu],True,parlai/core/image_featurizers.py:190 torch.no_grad [matched torch.no_grad],unverified: missing stages: training
https://github.com/trgiangdo/fast_recsys,no_dockerfile,False,0,0,0,,,0,0,0,0,0,False,,False,,False,,False,,False,,False,,no Dockerfile and no fallback entry point found
https://github.com/davidvalerosancho/Multidimensional-Poverty-Predictor,no_dockerfile,False,0,0,0,,,0,0,0,0,0,False,,False,,False,,False,,False,,False,,no Dockerfile and no fallback entry point found
https://github.com/TimilsinaBimal/Blurring-Image-Background-Using-Image-Segmentation,ok,False,2,0,1,src\main.py,fallback_nested,1,7,0,0,0,True,src/main.py:160 pd.read_csv [matched pd.read_csv],False,,False,,False,,False,,True,src/main.py:112 model.predict [matched model.predict],"unverified: missing stages: data_preparation, modeling, training, evaluation"
https://github.com/JamesFitzpatrickMLLabs/optlearn,no_dockerfile,False,0,0,0,,,0,0,0,0,0,False,,False,,False,,False,,False,,False,,no Dockerfile and no fallback entry point found
https://github.com/optuna/optuna-examples,no_entry,False,0,1,0,,,0,0,0,0,0,False,,False,,False,,False,,False,,False,,Dockerfile(s) found but no Python entry point could be resolved
https://github.com/made-ml-in-prod-2021/chydlife,no_entry,False,0,9,0,,,0,0,0,0,0,False,,False,,False,,False,,False,,False,,Dockerfile(s) found but no Python entry point could be resolved
https://github.com/DiegoCao/stackoverflow_fl,no_dockerfile,False,0,0,0,,,0,0,0,0,0,False,,False,,False,,False,,False,,False,,no Dockerfile and no fallback entry point found
https://github.com/Ceyron/machine-learning-and-simulation,no_dockerfile,False,0,0,0,,,0,0,0,0,0,False,,False,,False,,False,,False,,False,,no Dockerfile and no fallback entry point found
https://github.com/Austiller/PhishPhail,no_dockerfile,False,0,0,0,,,0,0,0,0,0,False,,False,,False,,False,,False,,False,,no Dockerfile and no fallback entry point found
https://github.com/HLT-ISTI/QuaPy,no_dockerfile,False,0,0,0,,,0,0,0,0,0,False,,False,,False,,False,,False,,False,,no Dockerfile and no fallback entry point found
https://github.com/Mario-16180/BEDU-M4-DataAnalysisProject-CarAccidents,no_dockerfile,False,0,0,0,,,0,0,0,0,0,False,,False,,False,,False,,False,,False,,no Dockerfile and no fallback entry point found
https://github.com/m3rg-repo/machine_learning_glass,no_dockerfile,False,0,0,0,,,0,0,0,0,0,False,,False,,False,,False,,False,,False,,no Dockerfile and no fallback entry point found
https://github.com/huberemanuel/dante-parser,no_dockerfile,False,0,0,0,,,0,0,0,0,0,False,,False,,False,,False,,False,,False,,no Dockerfile and no fallback entry point found
https://github.com/mlab-upenn/ISP2021-object_detection,no_dockerfile,False,0,0,0,,,0,0,0,0,0,False,,False,,False,,False,,False,,False,,no Dockerfile and no fallback entry point found
https://github.com/jc-LeeHub/Recommend-System-tf2.0,ok,False,2,0,1,AFM\train.py,fallback_nested,1,0,0,0,0,False,,False,,False,,True,AFM/train.py:32 tf.GradientTape [matched tf.GradientTape],True,AFM/train.py:43 sklearn.metrics.accuracy_score [matched accuracy_score],False,,"unverified: missing stages: data_acquisition, data_preparation, modeling, inference"
https://github.com/romimo-93/Final-Project,no_dockerfile,False,0,0,0,,,0,0,0,0,0,False,,False,,False,,False,,False,,False,,no Dockerfile and no fallback entry point found
https://github.com/jamesrseal/seafarers,no_dockerfile,False,0,0,0,,,0,0,0,0,0,False,,False,,False,,False,,False,,False,,no Dockerfile and no fallback entry point found
https://github.com/kiyoshitaro/polyp_segmentation,no_dockerfile,False,0,0,0,,,0,0,0,0,0,False,,False,,False,,False,,False,,False,,no Dockerfile and no fallback entry point found
https://github.com/yashlala/attentive-session-based-recs,no_dockerfile,False,0,0,0,,,0,0,0,0,0,False,,False,,False,,False,,False,,False,,no Dockerfile and no fallback entry point found
https://github.com/NU-CUCIS/CrossPropertyTL,no_dockerfile,False,0,0,0,,,0,0,0,0,0,False,,False,,False,,False,,False,,False,,no Dockerfile and no fallback entry point found
https://github.com/axanthos/orange3-textable-prototypes,no_dockerfile,False,0,0,0,,,0,0,0,0,0,False,,False,,False,,False,,False,,False,,no Dockerfile and no fallback entry point found
https://github.com/indralab/opaque,no_dockerfile,False,0,0,0,,,0,0,0,0,0,False,,False,,False,,False,,False,,False,,no Dockerfile and no fallback entry point found
https://github.com/gagneurlab/py_outrider,ok,False,4,0,1,py_outrider\__main__.py,fallback_nested,18,141,5,0,0,True,py_outrider/utils/io.py:59 pd.read_csv [matched pd.read_csv],True,py_outrider/preprocess.py:208 pd.get_dummies [matched pd.get_dummies],False,,True,py_outrider/outrider.py:153 model.fit [matched model.fit],False,,True,py_outrider/outrider.py:161 model.predict [matched model.predict],"unverified: missing stages: modeling, evaluation"
https://github.com/CV-ZMH/human-action-recognition,no_dockerfile,False,0,0,0,,,0,0,0,0,0,False,,False,,False,,False,,False,,False,,no Dockerfile and no fallback entry point found
https://github.com/nlp-cnu/question_answering,no_dockerfile,False,0,0,0,,,0,0,0,0,0,False,,False,,False,,False,,False,,False,,no Dockerfile and no fallback entry point found
https://github.com/poojadhameliya01/CE888-7-SP,no_dockerfile,False,0,0,0,,,0,0,0,0,0,False,,False,,False,,False,,False,,False,,no Dockerfile and no fallback entry point found
https://github.com/saadattakhan/CE888,no_dockerfile,False,0,0,0,,,0,0,0,0,0,False,,False,,False,,False,,False,,False,,no Dockerfile and no fallback entry point found
https://github.com/prajjwal1/travelsearch,no_dockerfile,False,0,0,0,,,0,0,0,0,0,False,,False,,False,,False,,False,,False,,no Dockerfile and no fallback entry point found
https://github.com/neeraj310/Semster_Master_Project_Learned_Indexes,no_dockerfile,False,0,0,0,,,0,0,0,0,0,False,,False,,False,,False,,False,,False,,no Dockerfile and no fallback entry point found
https://github.com/harsh-8989/Software-Eng.-project,no_dockerfile,False,0,0,0,,,0,0,0,0,0,False,,False,,False,,False,,False,,False,,no Dockerfile and no fallback entry point found
https://github.com/pacificlion/handson-ml2,no_entry,False,0,2,0,,,0,0,0,0,0,False,,False,,False,,False,,False,,False,,Dockerfile(s) found but no Python entry point could be resolved
https://github.com/cxrodgers/Rodgers2021,no_dockerfile,False,0,0,0,,,0,0,0,0,0,False,,False,,False,,False,,False,,False,,no Dockerfile and no fallback entry point found
https://github.com/wangluheng328/SiFT-Project,no_entry,False,0,1,0,,,0,0,0,0,0,False,,False,,False,,False,,False,,False,,Dockerfile(s) found but no Python entry point could be resolved
https://github.com/eberharf/cfl,no_dockerfile,False,0,0,0,,,0,0,0,0,0,False,,False,,False,,False,,False,,False,,no Dockerfile and no fallback entry point found
https://github.com/fdesmond/seme-ts,no_dockerfile,False,0,0,0,,,0,0,0,0,0,False,,False,,False,,False,,False,,False,,no Dockerfile and no fallback entry point found
https://github.com/ngonthier/Icono_Art_Analysis,no_entry,False,0,2,0,,,0,0,0,0,0,False,,False,,False,,False,,False,,False,,Dockerfile(s) found but no Python entry point could be resolved
https://github.com/mantis522/Daily_python,no_dockerfile,False,0,0,0,,,0,0,0,0,0,False,,False,,False,,False,,False,,False,,no Dockerfile and no fallback entry point found
https://github.com/kaodeuay/ProjectML,no_dockerfile,False,0,0,0,,,0,0,0,0,0,False,,False,,False,,False,,False,,False,,no Dockerfile and no fallback entry point found
https://github.com/julioe-perezlara/CE888-7-SP,no_dockerfile,False,0,0,0,,,0,0,0,0,0,False,,False,,False,,False,,False,,False,,no Dockerfile and no fallback entry point found
https://github.com/GonzaloHirsch/sia-tps,no_dockerfile,False,0,0,0,,,0,0,0,0,0,False,,False,,False,,False,,False,,False,,no Dockerfile and no fallback entry point found
https://github.com/ganeshghimire1986/mlens,no_dockerfile,False,0,0,0,,,0,0,0,0,0,False,,False,,False,,False,,False,,False,,no Dockerfile and no fallback entry point found
https://github.com/ravindrabharathi/fsdl-active-learning2,no_dockerfile,False,0,0,0,,,0,0,0,0,0,False,,False,,False,,False,,False,,False,,no Dockerfile and no fallback entry point found
https://github.com/TomBekor/mipmlp,ok,False,1,1,1,app\app.py,fallback_nested,1,2,0,0,0,False,,False,,False,,False,,False,,True,app/app.py:7 flask.Flask [matched Flask],"unverified: missing stages: data_acquisition, data_preparation, modeling, training, evaluation"
https://github.com/neuromorphs/CommonRoadMPC,no_dockerfile,False,0,0,0,,,0,0,0,0,0,False,,False,,False,,False,,False,,False,,no Dockerfile and no fallback entry point found
https://github.com/dgillen/timeseries,no_dockerfile,False,0,0,0,,,0,0,0,0,0,False,,False,,False,,False,,False,,False,,no Dockerfile and no fallback entry point found
https://github.com/CITlabRostock/citlab-article-separation-new,no_dockerfile,False,0,0,0,,,0,0,0,0,0,False,,False,,False,,False,,False,,False,,no Dockerfile and no fallback entry point found
https://github.com/zhengyima/ss,no_dockerfile,False,0,0,0,,,0,0,0,0,0,False,,False,,False,,False,,False,,False,,no Dockerfile and no fallback entry point found
https://github.com/humlab/penelope,ok,False,2,0,1,penelope\scripts\dtm\vectorize.py,fallback_console_script,123,1371,8,0,4,True,penelope/pipeline/config.py:142 yaml.load [matched yaml.load],True,penelope/corpus/document_index.py:249 pd.merge [matched pd.merge],False,,False,,False,,False,,"unverified: missing stages: modeling, training, evaluation, inference"
https://github.com/shellysheynin/A-Hierarchical-Transformation-Discriminating-Generative-Model-for-Few-Shot-Anomaly-Detection,no_dockerfile,False,0,0,0,,,0,0,0,0,0,False,,False,,False,,False,,False,,False,,no Dockerfile and no fallback entry point found
https://github.com/UmarsPortfolio/CrudeOilApp,no_dockerfile,False,0,0,0,,,0,0,0,0,0,False,,False,,False,,False,,False,,False,,no Dockerfile and no fallback entry point found
https://github.com/tskiranmayee/Blockchain-Analysis-Project,no_dockerfile,False,0,0,0,,,0,0,0,0,0,False,,False,,False,,False,,False,,False,,no Dockerfile and no fallback entry point found
https://github.com/dogzz9445/team_fight_tactics_analyze,no_entry,False,0,1,0,,,0,0,0,0,0,False,,False,,False,,False,,False,,False,,Dockerfile(s) found but no Python entry point could be resolved
https://github.com/gesiscss/s_exist,no_dockerfile,False,0,0,0,,,0,0,0,0,0,False,,False,,False,,False,,False,,False,,no Dockerfile and no fallback entry point found
https://github.com/skelemoa/synse-zsl,no_dockerfile,False,0,0,0,,,0,0,0,0,0,False,,False,,False,,False,,False,,False,,no Dockerfile and no fallback entry point found
https://github.com/DerwenAI/rllib_tutorials,no_dockerfile,False,0,0,0,,,0,0,0,0,0,False,,False,,False,,False,,False,,False,,no Dockerfile and no fallback entry point found
https://github.com/ragnarlevi/MMDGraph,no_dockerfile,False,0,0,0,,,0,0,0,0,0,False,,False,,False,,False,,False,,False,,no Dockerfile and no fallback entry point found
https://github.com/jdc56/LIMEproject,no_dockerfile,False,0,0,0,,,0,0,0,0,0,False,,False,,False,,False,,False,,False,,no Dockerfile and no fallback entry point found
https://github.com/dialectic/Metastimuli-Project,no_dockerfile,False,0,0,0,,,0,0,0,0,0,False,,False,,False,,False,,False,,False,,no Dockerfile and no fallback entry point found
https://github.com/Pranaav-raju/health-care,no_dockerfile,False,0,0,0,,,0,0,0,0,0,False,,False,,False,,False,,False,,False,,no Dockerfile and no fallback entry point found
https://github.com/CognitiveScale/cortex-certifai-examples,no_entry,False,0,6,0,,,0,0,0,0,0,False,,False,,False,,False,,False,,False,,Dockerfile(s) found but no Python entry point could be resolved
https://github.com/Computer-Vision-IIITH-2021/project-noisypixel,ok,False,0,0,1,src\run.py,fallback_nested,1,0,0,0,0,False,,False,,False,,False,,False,,False,,"unverified: missing stages: data_acquisition, data_preparation, modeling, training, evaluation, inference"
https://github.com/hanumantmule/Email_Classification,no_dockerfile,False,0,0,0,,,0,0,0,0,0,False,,False,,False,,False,,False,,False,,no Dockerfile and no fallback entry point found
https://github.com/emcdona1/ocr_handwritten_labels,no_dockerfile,False,0,0,0,,,0,0,0,0,0,False,,False,,False,,False,,False,,False,,no Dockerfile and no fallback entry point found
https://github.com/Nicolaus93/coin_betting,no_dockerfile,False,0,0,0,,,0,0,0,0,0,False,,False,,False,,False,,False,,False,,no Dockerfile and no fallback entry point found
https://github.com/SOFT2021-Data-Science/Exam-Project,no_entry,False,0,3,0,,,0,0,0,0,0,False,,False,,False,,False,,False,,False,,Dockerfile(s) found but no Python entry point could be resolved
https://github.com/AcecomFCUNI/Topicos-IA,no_entry,False,0,3,0,,,0,0,0,0,0,False,,False,,False,,False,,False,,False,,Dockerfile(s) found but no Python entry point could be resolved
https://github.com/Venkateshan31/Healthcare,no_dockerfile,False,0,0,0,,,0,0,0,0,0,False,,False,,False,,False,,False,,False,,no Dockerfile and no fallback entry point found
https://github.com/braincrew/cds,no_dockerfile,False,0,0,0,,,0,0,0,0,0,False,,False,,False,,False,,False,,False,,no Dockerfile and no fallback entry point found
https://github.com/msaad1311/Pavement-Temperature-Prediction,no_dockerfile,False,0,0,0,,,0,0,0,0,0,False,,False,,False,,False,,False,,False,,no Dockerfile and no fallback entry point found
https://github.com/petrmiculek/cnn_matchboxes,no_dockerfile,False,0,0,0,,,0,0,0,0,0,False,,False,,False,,False,,False,,False,,no Dockerfile and no fallback entry point found
https://github.com/atgu/GWASpy,ok,False,0,1,1,gwaspy\preimp_qc\preimp_qc.py,fallback_console_script,9,68,2,0,0,False,,False,,False,,False,,False,,False,,"unverified: missing stages: data_acquisition, data_preparation, modeling, training, evaluation, inference"
https://github.com/EMKF/downwardata,no_dockerfile,False,0,0,0,,,0,0,0,0,0,False,,False,,False,,False,,False,,False,,no Dockerfile and no fallback entry point found
https://github.com/timchartier/mat210-proj-beatties,no_dockerfile,False,0,0,0,,,0,0,0,0,0,False,,False,,False,,False,,False,,False,,no Dockerfile and no fallback entry point found
https://github.com/jfbriggs/nhl-award-vue-fastapi,no_entry,False,0,2,0,,,0,0,0,0,0,False,,False,,False,,False,,False,,False,,Dockerfile(s) found but no Python entry point could be resolved
https://github.com/Malikeh97/csc2516-final-project,no_dockerfile,False,0,0,0,,,0,0,0,0,0,False,,False,,False,,False,,False,,False,,no Dockerfile and no fallback entry point found
https://github.com/floriandotpy/data-playground,no_dockerfile,False,0,0,0,,,0,0,0,0,0,False,,False,,False,,False,,False,,False,,no Dockerfile and no fallback entry point found
https://github.com/Angelia0hh/NPI-RGCNAE,ok,False,3,0,1,src\main.py,fallback_nested,1,9,0,0,0,True,src/main.py:38 pd.read_csv [matched pd.read_csv],False,,False,,True,src/main.py:239 optimizer.zero_grad [matched optimizer.zero_grad],False,,True,src/main.py:278 model.eval [matched model.eval],"unverified: missing stages: data_preparation, modeling, evaluation"
https://github.com/Chit-Chaat/Stock_Trend_Analysis_APP,no_dockerfile,False,0,0,0,,,0,0,0,0,0,False,,False,,False,,False,,False,,False,,no Dockerfile and no fallback entry point found
https://github.com/acp91/Disaster-Response,ok,False,0,0,1,app\run.py,fallback_nested,1,0,0,1,0,False,,False,,False,,False,,False,,False,,"unverified: missing stages: data_acquisition, data_preparation, modeling, training, evaluation, inference"
https://github.com/fsxforte/dfc,no_dockerfile,False,0,0,0,,,0,0,0,0,0,False,,False,,False,,False,,False,,False,,no Dockerfile and no fallback entry point found
https://github.com/aamatevosyan/ml_se,no_dockerfile,False,0,0,0,,,0,0,0,0,0,False,,False,,False,,False,,False,,False,,no Dockerfile and no fallback entry point found
https://github.com/mlatcl/fbp-vs-soa,ok,False,1,0,1,insurance_claims\main.py,fallback_nested,2,0,1,0,0,True,insurance_claims/main.py:65 pd.read_csv [matched pd.read_csv],False,,False,,False,,False,,False,,"unverified: missing stages: data_preparation, modeling, training, evaluation, inference"
https://github.com/matheus695p/regularization-techniques-pytorch,no_dockerfile,False,0,0,0,,,0,0,0,0,0,False,,False,,False,,False,,False,,False,,no Dockerfile and no fallback entry point found
https://github.com/mme-ucl/pypol,no_dockerfile,False,0,0,0,,,0,0,0,0,0,False,,False,,False,,False,,False,,False,,no Dockerfile and no fallback entry point found
https://github.com/andreevnick/robust-financial-portfolio-management-framework,no_dockerfile,False,0,0,0,,,0,0,0,0,0,False,,False,,False,,False,,False,,False,,no Dockerfile and no fallback entry point found
https://github.com/anderson-github-classroom-2021-spring/csc-466-student,no_dockerfile,False,0,0,0,,,0,0,0,0,0,False,,False,,False,,False,,False,,False,,no Dockerfile and no fallback entry point found
https://github.com/samraj1980/Content-Based-Recommendation-Engine,no_dockerfile,False,0,0,0,,,0,0,0,0,0,False,,False,,False,,False,,False,,False,,no Dockerfile and no fallback entry point found
https://github.com/JIGISHASRIVASTAVA/SOC_3,no_dockerfile,False,0,0,0,,,0,0,0,0,0,False,,False,,False,,False,,False,,False,,no Dockerfile and no fallback entry point found
https://github.com/blankly-finance/blankly,ok,False,3,0,1,blankly\__main__.py,fallback_nested,114,1229,8,0,0,True,blankly/deployment/new_cli.py:171 json.load [matched json.load],True,blankly/utils/utils.py:580 df.groupby [matched df.groupby],True,blankly/frameworks/strategy/strategy.py:0 class StrategyStructure [matched <class subclasses model base>],False,,False,,False,,"unverified: missing stages: training, evaluation, inference"
https://github.com/davidtangGT/structure_comp,no_dockerfile,False,0,0,0,,,0,0,0,0,0,False,,False,,False,,False,,False,,False,,no Dockerfile and no fallback entry point found
https://github.com/rajashekar/deep-learning-v2-pytorch,no_dockerfile,False,0,0,0,,,0,0,0,0,0,False,,False,,False,,False,,False,,False,,no Dockerfile and no fallback entry point found
https://github.com/genegraphy/refer0_FaceSwap,ok,False,1,2,1,scripts\train.py,fallback_nested,12,273,5,0,1,True,lib/image.py:274 cv2.imread [matched cv2.imread],False,,False,,False,,False,,False,,"unverified: missing stages: data_preparation, modeling, training, evaluation, inference"
https://github.com/Xilinx/logicnets,no_entry,False,0,1,0,,,0,0,0,0,0,False,,False,,False,,False,,False,,False,,Dockerfile(s) found but no Python entry point could be resolved
https://github.com/aminzadenoori/distaster-response-project,ok,False,3,0,1,app\run.py,fallback_nested,1,4,0,0,0,True,app/run.py:34 sqlalchemy.create_engine [matched sqlalchemy.create_engine],True,app/run.py:20 nltk.tokenize.word_tokenize [matched nltk.tokenize.word_tokenize],False,,False,,False,,True,app/run.py:17 flask.Flask [matched Flask],"unverified: missing stages: modeling, training, evaluation"
https://github.com/GoekeLab/m6anet,no_dockerfile,False,0,0,0,,,0,0,0,0,0,False,,False,,False,,False,,False,,False,,no Dockerfile and no fallback entry point found
https://github.com/ecrane314/ce-demo,no_dockerfile,False,0,0,0,,,0,0,0,0,0,False,,False,,False,,False,,False,,False,,no Dockerfile and no fallback entry point found
https://github.com/stepthom/autotext,no_dockerfile,False,0,0,0,,,0,0,0,0,0,False,,False,,False,,False,,False,,False,,no Dockerfile and no fallback entry point found
https://github.com/learn-co-students/nyc-dc-ds-020121,no_dockerfile,False,0,0,0,,,0,0,0,0,0,False,,False,,False,,False,,False,,False,,no Dockerfile and no fallback entry point found
https://github.com/mlops-guide/dvc-gitactions,ok,False,0,0,1,src\train.py,fallback_nested,1,1,0,0,0,False,,False,,False,,False,,False,,False,,"unverified: missing stages: data_acquisition, data_preparation, modeling, training, evaluation, inference"
https://github.com/awainright/CSCI4710_6710_Group17,no_dockerfile,False,0,0,0,,,0,0,0,0,0,False,,False,,False,,False,,False,,False,,no Dockerfile and no fallback entry point found
https://github.com/miniskar/deffe,no_entry,False,0,1,0,,,0,0,0,0,0,False,,False,,False,,False,,False,,False,,Dockerfile(s) found but no Python entry point could be resolved
https://github.com/mayalenE/image_representation,no_dockerfile,False,0,0,0,,,0,0,0,0,0,False,,False,,False,,False,,False,,False,,no Dockerfile and no fallback entry point found
https://github.com/matthew-lam/doggodex,ok,False,0,0,1,src\main.py,fallback_nested,1,0,0,1,0,False,,False,,False,,False,,False,,False,,"unverified: missing stages: data_acquisition, data_preparation, modeling, training, evaluation, inference"
https://github.com/rocioxl/nba-data-insights,no_dockerfile,False,0,0,0,,,0,0,0,0,0,False,,False,,False,,False,,False,,False,,no Dockerfile and no fallback entry point found
https://github.com/aidotse/Team-Haste,ok,False,2,1,1,ai_haste\__main__.py,fallback_nested,13,20,3,0,5,True,ai_haste/utils/exp_stats.py:39 cv2.imread [matched cv2.imread],True,ai_haste/utils/make_split.py:39 pd.concat [matched pd.concat],False,,False,,False,,False,,"unverified: missing stages: modeling, training, evaluation, inference"
https://github.com/jjaakko/IDL_project,no_dockerfile,False,0,0,0,,,0,0,0,0,0,False,,False,,False,,False,,False,,False,,no Dockerfile and no fallback entry point found
https://github.com/thuryh/POT,no_dockerfile,False,0,0,0,,,0,0,0,0,0,False,,False,,False,,False,,False,,False,,no Dockerfile and no fallback entry point found
https://github.com/eeng5/CV-final-project,no_dockerfile,False,0,0,0,,,0,0,0,0,0,False,,False,,False,,False,,False,,False,,no Dockerfile and no fallback entry point found
https://github.com/kenghweeng/bayesian_beats_cheats,ok,False,2,0,1,app\main.py,fallback_nested,1,0,0,0,0,True,app/main.py:60 pd.read_csv [matched pd.read_csv],False,,False,,False,,False,,True,app/main.py:72 st.write [matched st.write],"unverified: missing stages: data_preparation, modeling, training, evaluation"
https://github.com/Shixin000/Springboard,no_dockerfile,False,0,0,0,,,0,0,0,0,0,False,,False,,False,,False,,False,,False,,no Dockerfile and no fallback entry point found
https://github.com/mariavaghani/Disaster-Response-messages-NLP,ok,False,4,0,1,applic\run.py,fallback_nested,4,12,2,0,0,True,applic/run.py:29 sqlalchemy.create_engine [matched sqlalchemy.create_engine],True,applic/run.py:52 df.groupby [matched df.groupby],True,applic/message_length_estimator.py:0 class message_length_char [matched <class subclasses model base>],False,,False,,True,applic/run.py:154 model.predict [matched model.predict],"unverified: missing stages: training, evaluation"
https://github.com/glenn93516/BookFlex,no_entry,False,0,4,0,,,0,0,0,0,0,False,,False,,False,,False,,False,,False,,Dockerfile(s) found but no Python entry point could be resolved
https://github.com/stefanvanberkum/CD-ABSC,no_dockerfile,False,0,0,0,,,0,0,0,0,0,False,,False,,False,,False,,False,,False,,no Dockerfile and no fallback entry point found
https://github.com/TzeMeng/CAPSTONE,no_dockerfile,False,0,0,0,,,0,0,0,0,0,False,,False,,False,,False,,False,,False,,no Dockerfile and no fallback entry point found
https://github.com/mattmilten/TreeD,no_dockerfile,False,0,0,0,,,0,0,0,0,0,False,,False,,False,,False,,False,,False,,no Dockerfile and no fallback entry point found
https://github.com/BGIResearch/stereopy,ok,False,5,1,1,stereo\scripts\ccd.py,fallback_console_script,79,880,8,0,5,True,stereo/io/reader.py:92 pd.read_csv [matched pd.read_csv],True,stereo/algorithm/community_detection.py:510 pd.concat [matched pd.concat],True,stereo/algorithm/community_detection.py:323 sklearn.cluster.SpectralClustering [matched SpectralClustering],True,stereo/algorithm/community_detection.py:326 spcl.fit_predict [matched .fit_predict],True,stereo/core/st_pipeline.py:1751 sklearn.metrics.adjusted_rand_score [matched adjusted_rand_score],False,,unverified: missing stages: inference
https://github.com/tiffanyding/wikipedia,no_dockerfile,False,0,0,0,,,0,0,0,0,0,False,,False,,False,,False,,False,,False,,no Dockerfile and no fallback entry point found
https://github.com/JHowell45/machine-learning-theory,no_dockerfile,False,0,0,0,,,0,0,0,0,0,False,,False,,False,,False,,False,,False,,no Dockerfile and no fallback entry point found
https://github.com/Azure-Samples/azure-databricks-mlops-mlflow,no_entry,False,0,1,0,,,0,0,0,0,0,False,,False,,False,,False,,False,,False,,Dockerfile(s) found but no Python entry point could be resolved
https://github.com/npworkcode/Python-CI-CD-Azure-Pipelines,no_entry,False,0,2,0,,,0,0,0,0,0,False,,False,,False,,False,,False,,False,,Dockerfile(s) found but no Python entry point could be resolved
https://github.com/coffeine-labs/coffeine,no_dockerfile,False,0,0,0,,,0,0,0,0,0,False,,False,,False,,False,,False,,False,,no Dockerfile and no fallback entry point found
https://github.com/aaronayres35/Kaggle,no_dockerfile,False,0,0,0,,,0,0,0,0,0,False,,False,,False,,False,,False,,False,,no Dockerfile and no fallback entry point found
https://github.com/mpereiraesaa/freqtrade-custom,ok,False,0,4,1,freqtrade\__main__.py,fallback_nested,2,0,1,0,0,False,,False,,False,,False,,False,,False,,"unverified: missing stages: data_acquisition, data_preparation, modeling, training, evaluation, inference"
https://github.com/Wcbraxton/sprint1,no_dockerfile,False,0,0,0,,,0,0,0,0,0,False,,False,,False,,False,,False,,False,,no Dockerfile and no fallback entry point found
https://github.com/guruyaya/bgg-recommandation-model,no_dockerfile,False,0,0,0,,,0,0,0,0,0,False,,False,,False,,False,,False,,False,,no Dockerfile and no fallback entry point found
https://github.com/zxcorr/ComponentSeparation,no_dockerfile,False,0,0,0,,,0,0,0,0,0,False,,False,,False,,False,,False,,False,,no Dockerfile and no fallback entry point found
https://github.com/alia-certifai/predicting-traffic-patterns-at-road-junctions,no_dockerfile,False,0,0,0,,,0,0,0,0,0,False,,False,,False,,False,,False,,False,,no Dockerfile and no fallback entry point found
https://github.com/amckenna41/pySAR,no_dockerfile,False,0,0,0,,,0,0,0,0,0,False,,False,,False,,False,,False,,False,,no Dockerfile and no fallback entry point found
https://github.com/HKUST-KnowComp/ASER,ok,False,1,0,1,aser\server\cli.py,fallback_console_script,17,358,4,0,0,True,aser/concept.py:294 pickle.load [matched pickle.load],False,,False,,False,,False,,False,,"unverified: missing stages: data_preparation, modeling, training, evaluation, inference"
https://github.com/huseinzol05/Gather-Deployment,no_entry,False,0,68,0,,,0,0,0,0,0,False,,False,,False,,False,,False,,False,,Dockerfile(s) found but no Python entry point could be resolved
https://github.com/dfrisinghelli/pysegcnn,no_dockerfile,False,0,0,0,,,0,0,0,0,0,False,,False,,False,,False,,False,,False,,no Dockerfile and no fallback entry point found
https://github.com/pjh5672/Machine_Learning,no_dockerfile,False,0,0,0,,,0,0,0,0,0,False,,False,,False,,False,,False,,False,,no Dockerfile and no fallback entry point found
https://github.com/meiyor/DeepGaze-Text-Embedding-Map,ok,False,1,0,1,glom\__main__.py,fallback_nested,11,262,4,0,0,True,glom/cli.py:129 yaml.load [matched yaml.load],False,,False,,False,,False,,False,,"unverified: missing stages: data_preparation, modeling, training, evaluation, inference"
https://github.com/google-research/robustness_metrics,no_dockerfile,False,0,0,0,,,0,0,0,0,0,False,,False,,False,,False,,False,,False,,no Dockerfile and no fallback entry point found
https://github.com/elejeune11/Sarc-Graph,no_dockerfile,False,0,0,0,,,0,0,0,0,0,False,,False,,False,,False,,False,,False,,no Dockerfile and no fallback entry point found
https://github.com/eelenadelolmo/WordVectors,no_dockerfile,False,0,0,0,,,0,0,0,0,0,False,,False,,False,,False,,False,,False,,no Dockerfile and no fallback entry point found
https://github.com/ychanc2104/Python_for_Lab,no_dockerfile,False,0,0,0,,,0,0,0,0,0,False,,False,,False,,False,,False,,False,,no Dockerfile and no fallback entry point found
https://github.com/astro-datalab/datalab,no_dockerfile,False,0,0,0,,,0,0,0,0,0,False,,False,,False,,False,,False,,False,,no Dockerfile and no fallback entry point found
https://github.com/Comet-AI/Comet.Box,no_entry,False,0,2,0,,,0,0,0,0,0,False,,False,,False,,False,,False,,False,,Dockerfile(s) found but no Python entry point could be resolved
https://github.com/camML/textgame,no_dockerfile,False,0,0,0,,,0,0,0,0,0,False,,False,,False,,False,,False,,False,,no Dockerfile and no fallback entry point found
https://github.com/abap34/medCon2021-1st-place-solution,ok,False,3,0,1,src\train.py,fallback_nested,1,1,0,0,0,False,,True,src/train.py:45 sklearn.model_selection.StratifiedKFold [matched StratifiedKFold],False,,True,src/train.py:78 model.fit [matched model.fit],True,src/train.py:90 sklearn.metrics.roc_auc_score [matched roc_auc_score],False,,"unverified: missing stages: data_acquisition, modeling, inference"
https://github.com/scikit-learn-contrib/MAPIE,no_dockerfile,False,0,0,0,,,0,0,0,0,0,False,,False,,False,,False,,False,,False,,no Dockerfile and no fallback entry point found
https://github.com/TheoDlmz/embedded_voting,no_dockerfile,False,0,0,0,,,0,0,0,0,0,False,,False,,False,,False,,False,,False,,no Dockerfile and no fallback entry point found
https://github.com/dylan1218/ClassificationProject,no_dockerfile,False,0,0,0,,,0,0,0,0,0,False,,False,,False,,False,,False,,False,,no Dockerfile and no fallback entry point found
https://github.com/dengxiongshi/icet-master,no_entry,False,0,1,0,,,0,0,0,0,0,False,,False,,False,,False,,False,,False,,Dockerfile(s) found but no Python entry point could be resolved
https://github.com/YoruCathy/USDSeg-FCOS,no_entry,False,0,1,0,,,0,0,0,0,0,False,,False,,False,,False,,False,,False,,Dockerfile(s) found but no Python entry point could be resolved
https://github.com/dkharazi/bert-news,no_entry,False,0,1,0,,,0,0,0,0,0,False,,False,,False,,False,,False,,False,,Dockerfile(s) found but no Python entry point could be resolved
https://github.com/stergiosbamp/advanced-ml,no_dockerfile,False,0,0,0,,,0,0,0,0,0,False,,False,,False,,False,,False,,False,,no Dockerfile and no fallback entry point found
https://github.com/CFEL-CMI/pymepix,ok,False,2,0,1,pymepix\main.py,fallback_nested,40,569,4,0,0,True,pymepix/config/load_config.py:38 yaml.safe_load [matched yaml.safe_load],False,,True,pymepix/processing/logic/centroid_calculator.py:50 sklearn.cluster.DBSCAN [matched DBSCAN],False,,False,,False,,"unverified: missing stages: data_preparation, training, evaluation, inference"
https://github.com/Jiaxuan-Li/MGU-Net,no_dockerfile,False,0,0,0,,,0,0,0,0,0,False,,False,,False,,False,,False,,False,,no Dockerfile and no fallback entry point found
https://github.com/byeongjokim/MLOps-Example,no_entry,False,0,7,0,,,0,0,0,0,0,False,,False,,False,,False,,False,,False,,Dockerfile(s) found but no Python entry point could be resolved
https://github.com/sghalebikesabi/PSMVAE,ok,False,4,0,1,src\main.py,fallback_nested,1,2,0,0,0,True,src/main.py:132 pd.read_csv [matched pd.read_csv],False,,True,src/main.py:182 sklearn.linear_model.BayesianRidge [matched BayesianRidge],True,src/main.py:173 wandb.init [matched wandb.init],True,src/main.py:262 wandb.log [matched wandb.log],False,,"unverified: missing stages: data_preparation, inference"
https://github.com/plklinh/ECON_599_Team_1,no_dockerfile,False,0,0,0,,,0,0,0,0,0,False,,False,,False,,False,,False,,False,,no Dockerfile and no fallback entry point found
https://github.com/EthanBehar68/P556FinalProject,no_dockerfile,False,0,0,0,,,0,0,0,0,0,False,,False,,False,,False,,False,,False,,no Dockerfile and no fallback entry point found
https://github.com/gnelsonpr6/yemen_air_raids,no_dockerfile,False,0,0,0,,,0,0,0,0,0,False,,False,,False,,False,,False,,False,,no Dockerfile and no fallback entry point found
https://github.com/NiklasHoltmeyer/Influence-of-audio-augmentation-on-STT,no_dockerfile,False,0,0,0,,,0,0,0,0,0,False,,False,,False,,False,,False,,False,,no Dockerfile and no fallback entry point found
https://github.com/JunnYu/RoFormer_pytorch,no_dockerfile,False,0,0,0,,,0,0,0,0,0,False,,False,,False,,False,,False,,False,,no Dockerfile and no fallback entry point found
https://github.com/ekohendratno/deepfakes-faceswap,ok,False,1,2,1,scripts\train.py,fallback_nested,12,273,5,0,1,True,lib/image.py:274 cv2.imread [matched cv2.imread],False,,False,,False,,False,,False,,"unverified: missing stages: data_preparation, modeling, training, evaluation, inference"
https://github.com/ilyak93/SinGanF2,no_dockerfile,False,0,0,0,,,0,0,0,0,0,False,,False,,False,,False,,False,,False,,no Dockerfile and no fallback entry point found
https://github.com/PyTorchLightning/metrics,no_entry,False,0,2,0,,,0,0,0,0,0,False,,False,,False,,False,,False,,False,,Dockerfile(s) found but no Python entry point could be resolved
https://github.com/Duckkkky/smarts,ok,False,1,2,1,cli\cli.py,fallback_console_script,34,257,7,0,2,True,smarts/core/chassis.py:285 yaml.safe_load [matched yaml.safe_load],False,,False,,False,,False,,False,,"unverified: missing stages: data_preparation, modeling, training, evaluation, inference"
https://github.com/TheLuoFengLab/deepsignal-plant,ok,False,5,0,1,deepsignal_plant\train.py,fallback_nested,6,57,1,0,0,True,deepsignal_plant/train.py:39 torch.utils.data.DataLoader [matched DataLoader],False,,True,deepsignal_plant/models.py:0 class BasicBlock [matched <class subclasses model base>],True,deepsignal_plant/train.py:125 optimizer.zero_grad [matched optimizer.zero_grad],True,deepsignal_plant/train.py:155 sklearn.metrics.accuracy_score [matched accuracy_score],True,deepsignal_plant/train.py:131 model.eval [matched model.eval],unverified: missing stages: data_preparation
https://github.com/IBCNServices/pyRDF2Vec,no_entry,False,0,1,0,,,0,0,0,0,0,False,,False,,False,,False,,False,,False,,Dockerfile(s) found but no Python entry point could be resolved
https://github.com/anuj2110/Auto-Tagging-Algorithm-Personal,no_dockerfile,False,0,0,0,,,0,0,0,0,0,False,,False,,False,,False,,False,,False,,no Dockerfile and no fallback entry point found
https://github.com/hancia/ToxicSpansDetection,no_dockerfile,False,0,0,0,,,0,0,0,0,0,False,,False,,False,,False,,False,,False,,no Dockerfile and no fallback entry point found
https://github.com/LackesLab/dmc2019,no_dockerfile,False,0,0,0,,,0,0,0,0,0,False,,False,,False,,False,,False,,False,,no Dockerfile and no fallback entry point found
https://github.com/ryanofarrell/ncaa-basketball,no_dockerfile,False,0,0,0,,,0,0,0,0,0,False,,False,,False,,False,,False,,False,,no Dockerfile and no fallback entry point found
https://github.com/ConorFWild/pandda_local_cluster,no_dockerfile,False,0,0,0,,,0,0,0,0,0,False,,False,,False,,False,,False,,False,,no Dockerfile and no fallback entry point found
https://github.com/Advestis/ruleskit,no_dockerfile,False,0,0,0,,,0,0,0,0,0,False,,False,,False,,False,,False,,False,,no Dockerfile and no fallback entry point found
https://github.com/jmeisele/ml-ops,no_entry,False,0,14,0,,,0,0,0,0,0,False,,False,,False,,False,,False,,False,,Dockerfile(s) found but no Python entry point could be resolved
https://github.com/mpc6/WakeWord-Detection,no_dockerfile,False,0,0,0,,,0,0,0,0,0,False,,False,,False,,False,,False,,False,,no Dockerfile and no fallback entry point found
https://github.com/NatasjaWezel/project_handbag,no_dockerfile,False,0,0,0,,,0,0,0,0,0,False,,False,,False,,False,,False,,False,,no Dockerfile and no fallback entry point found
https://github.com/c-w-m/pdsh,no_dockerfile,False,0,0,0,,,0,0,0,0,0,False,,False,,False,,False,,False,,False,,no Dockerfile and no fallback entry point found
https://github.com/benhynes/COVID-ML-Prediction-Model,no_dockerfile,False,0,0,0,,,0,0,0,0,0,False,,False,,False,,False,,False,,False,,no Dockerfile and no fallback entry point found
https://github.com/tonibofarull/TSAutoencoder,ok,False,3,0,1,src\train.py,fallback_nested,1,2,0,0,0,True,src/train.py:22 torch.utils.data.DataLoader [matched DataLoader],False,,False,,True,src/train.py:41 optimizer.zero_grad [matched optimizer.zero_grad],False,,True,src/train.py:49 model.eval [matched model.eval],"unverified: missing stages: data_preparation, modeling, evaluation"
https://github.com/tt6746690/misc_impl,no_dockerfile,False,0,0,0,,,0,0,0,0,0,False,,False,,False,,False,,False,,False,,no Dockerfile and no fallback entry point found
https://github.com/team4099/scouting-data-ingest,ok,False,0,1,1,src\main.py,fallback_nested,1,0,0,0,0,False,,False,,False,,False,,False,,False,,"unverified: missing stages: data_acquisition, data_preparation, modeling, training, evaluation, inference"
https://github.com/K4liber/execution_time_estimation,no_dockerfile,False,0,0,0,,,0,0,0,0,0,False,,False,,False,,False,,False,,False,,no Dockerfile and no fallback entry point found
https://github.com/kri-code/t2s-Gruppe4_v2,no_dockerfile,False,0,0,0,,,0,0,0,0,0,False,,False,,False,,False,,False,,False,,no Dockerfile and no fallback entry point found
https://github.com/alistairewj/bert-deid,ok,False,4,0,1,bert_deid\__main__.py,fallback_nested,6,44,2,0,0,True,bert_deid/download.py:16 google.cloud.storage.Client [matched google.cloud.storage.Client],True,bert_deid/model/transformer.py:104 transformers.AutoTokenizer.from_pretrained [matched AutoTokenizer.from_pretrained],True,bert_deid/model/transformer.py:114 transformers.AutoModelForTokenClassification.from_pretrained [matched AutoModelForTokenClassification.from_pretrained],False,,False,,True,bert_deid/model/transformer.py:429 self.model.eval [matched model.eval],"unverified: missing stages: training, evaluation"
https://github.com/MoSubaiei/pysindy,no_dockerfile,False,0,0,0,,,0,0,0,0,0,False,,False,,False,,False,,False,,False,,no Dockerfile and no fallback entry point found
https://github.com/AndreasLeitherer/ARISE,no_dockerfile,False,0,0,0,,,0,0,0,0,0,False,,False,,False,,False,,False,,False,,no Dockerfile and no fallback entry point found
https://github.com/alecokas/swahili-text-gcn,no_dockerfile,False,0,0,0,,,0,0,0,0,0,False,,False,,False,,False,,False,,False,,no Dockerfile and no fallback entry point found
https://github.com/TrevorNims/DATA515-Brain-Scan-Classification,ok,False,2,1,1,brain_scan\app.py,fallback_nested,2,8,1,0,0,False,,False,,True,brain_scan/app.py:58 brain_scan.model.Model [matched Model],False,,False,,True,brain_scan/app.py:22 flask.Flask [matched Flask],"unverified: missing stages: data_acquisition, data_preparation, training, evaluation"
https://github.com/Mirk95/KeywordEmbedding,no_dockerfile,False,0,0,0,,,0,0,0,0,0,False,,False,,False,,False,,False,,False,,no Dockerfile and no fallback entry point found
https://github.com/sandialabs/pvOps,no_dockerfile,False,0,0,0,,,0,0,0,0,0,False,,False,,False,,False,,False,,False,,no Dockerfile and no fallback entry point found
https://github.com/jimzhang629/DSCI400-Project,no_dockerfile,False,0,0,0,,,0,0,0,0,0,False,,False,,False,,False,,False,,False,,no Dockerfile and no fallback entry point found
https://github.com/jackyjsy/CVPR21Chal-SLR,no_dockerfile,False,0,0,0,,,0,0,0,0,0,False,,False,,False,,False,,False,,False,,no Dockerfile and no fallback entry point found
https://github.com/MihaiAnton/tudelft-iic-reproduction,no_dockerfile,False,0,0,0,,,0,0,0,0,0,False,,False,,False,,False,,False,,False,,no Dockerfile and no fallback entry point found
https://github.com/ktrnka/mlops_example_lambda,no_entry,False,0,1,0,,,0,0,0,0,0,False,,False,,False,,False,,False,,False,,Dockerfile(s) found but no Python entry point could be resolved
https://github.com/EduardoBrito97/RedesNeurais,clone_failed,False,0,0,0,,,0,0,0,0,0,False,,False,,False,,False,,False,,False,,remote: Repository not found.
https://github.com/skit-ai/Multimodal-Slu,no_dockerfile,False,0,0,0,,,0,0,0,0,0,False,,False,,False,,False,,False,,False,,no Dockerfile and no fallback entry point found
https://github.com/fanzheng10/HiDeF,no_dockerfile,False,0,0,0,,,0,0,0,0,0,False,,False,,False,,False,,False,,False,,no Dockerfile and no fallback entry point found
https://github.com/mazzio97/EpidemicModelLearning,no_dockerfile,False,0,0,0,,,0,0,0,0,0,False,,False,,False,,False,,False,,False,,no Dockerfile and no fallback entry point found
https://github.com/usnistgov/jarvis,no_dockerfile,False,0,0,0,,,0,0,0,0,0,False,,False,,False,,False,,False,,False,,no Dockerfile and no fallback entry point found
https://github.com/CheranMahalingam/Forex_Technical_Analysis_Platform,no_entry,False,0,3,0,,,0,0,0,0,0,False,,False,,False,,False,,False,,False,,Dockerfile(s) found but no Python entry point could be resolved
https://github.com/classifier-calibration/PyCalib,no_dockerfile,False,0,0,0,,,0,0,0,0,0,False,,False,,False,,False,,False,,False,,no Dockerfile and no fallback entry point found
https://github.com/KajaBraz/Mini-Projects,no_dockerfile,False,0,0,0,,,0,0,0,0,0,False,,False,,False,,False,,False,,False,,no Dockerfile and no fallback entry point found
https://github.com/ferreirafabio80/gfa,no_dockerfile,False,0,0,0,,,0,0,0,0,0,False,,False,,False,,False,,False,,False,,no Dockerfile and no fallback entry point found
https://github.com/tatigabru/nfl_impact_detection,no_entry,False,0,1,0,,,0,0,0,0,0,False,,False,,False,,False,,False,,False,,Dockerfile(s) found but no Python entry point could be resolved
https://github.com/LeeOHzzZ/COSD598,ok,False,0,3,1,assign_1_new\main.py,fallback_nested,1,0,0,0,0,False,,False,,False,,False,,False,,False,,"unverified: missing stages: data_acquisition, data_preparation, modeling, training, evaluation, inference"
https://github.com/Carolyn95/FlexTransformers,no_entry,False,0,7,0,,,0,0,0,0,0,False,,False,,False,,False,,False,,False,,Dockerfile(s) found but no Python entry point could be resolved
https://github.com/fkubota/kaggle-Indoor-Location-and-Navigation,no_entry,False,0,2,0,,,0,0,0,0,0,False,,False,,False,,False,,False,,False,,Dockerfile(s) found but no Python entry point could be resolved
https://github.com/masamiweb/GeneticAlgorithmAdversarialNLP,no_dockerfile,False,0,0,0,,,0,0,0,0,0,False,,False,,False,,False,,False,,False,,no Dockerfile and no fallback entry point found
https://github.com/geobetts/binary_classifiers_comparison,no_dockerfile,False,0,0,0,,,0,0,0,0,0,False,,False,,False,,False,,False,,False,,no Dockerfile and no fallback entry point found
https://github.com/BloomTech-Labs/PT17_cityspire-a-ds,ok,False,1,0,1,app\main.py,fallback_nested,2,2,1,0,0,False,,False,,False,,False,,False,,True,app/main.py:19 fastapi.FastAPI [matched FastAPI],"unverified: missing stages: data_acquisition, data_preparation, modeling, training, evaluation"
https://github.com/dmsmiley/Analytics-with-Streamlit,no_dockerfile,False,0,0,0,,,0,0,0,0,0,False,,False,,False,,False,,False,,False,,no Dockerfile and no fallback entry point found
https://github.com/codeananda/earthquake_damage_competition,no_dockerfile,False,0,0,0,,,0,0,0,0,0,False,,False,,False,,False,,False,,False,,no Dockerfile and no fallback entry point found
https://github.com/TerenceDumartin/ocular-disease-recognition,ok,True,6,0,1,package\main.py,fallback_nested,6,33,1,0,0,True,package/data.py:110 pd.read_csv [matched pd.read_csv],True,package/data.py:87 pd.concat [matched pd.concat],True,package/model.py:16 tf.keras.layers.Dense [matched tf.keras.layers.*],True,package/main.py:156 self.model.fit [matched model.fit],True,package/plot.py:11 sklearn.metrics.confusion_matrix [matched confusion_matrix],True,package/main.py:119 self.model.predict [matched model.predict],verified: all 6 stages present
https://github.com/deCODE-PointClickCare/Front-Back-End,no_dockerfile,False,0,0,0,,,0,0,0,0,0,False,,False,,False,,False,,False,,False,,no Dockerfile and no fallback entry point found
https://github.com/dvij542/IAC-Controls,no_dockerfile,False,0,0,0,,,0,0,0,0,0,False,,False,,False,,False,,False,,False,,no Dockerfile and no fallback entry point found
https://github.com/sasasoni/Python-practice,no_dockerfile,False,0,0,0,,,0,0,0,0,0,False,,False,,False,,False,,False,,False,,no Dockerfile and no fallback entry point found
https://github.com/bio-ontology-research-group/DeepMOCCA,ok,False,2,0,1,deepmocca\main.py,fallback_nested,1,7,0,0,0,True,deepmocca/main.py:160 pickle.load [matched pickle.load],False,,True,deepmocca/main.py:0 class MyNet [matched <class subclasses model base>],False,,False,,False,,"unverified: missing stages: data_preparation, training, evaluation, inference"
https://github.com/ilyak93/SinGan,no_dockerfile,False,0,0,0,,,0,0,0,0,0,False,,False,,False,,False,,False,,False,,no Dockerfile and no fallback entry point found
https://github.com/helmiinah/wewhoshallnotbenamed,no_dockerfile,False,0,0,0,,,0,0,0,0,0,False,,False,,False,,False,,False,,False,,no Dockerfile and no fallback entry point found
https://github.com/elektrobohemian/StabiHacks,no_dockerfile,False,0,0,0,,,0,0,0,0,0,False,,False,,False,,False,,False,,False,,no Dockerfile and no fallback entry point found
https://github.com/Yinqingwen/Dva,no_entry,False,0,4,0,,,0,0,0,0,0,False,,False,,False,,False,,False,,False,,Dockerfile(s) found but no Python entry point could be resolved
https://github.com/ekalachev/skill_factory,no_dockerfile,False,0,0,0,,,0,0,0,0,0,False,,False,,False,,False,,False,,False,,no Dockerfile and no fallback entry point found
https://github.com/Amine-Namouchi/snpToolkit,no_dockerfile,False,0,0,0,,,0,0,0,0,0,False,,False,,False,,False,,False,,False,,no Dockerfile and no fallback entry point found
https://github.com/stephanBV/ML_with_DAGs,no_dockerfile,False,0,0,0,,,0,0,0,0,0,False,,False,,False,,False,,False,,False,,no Dockerfile and no fallback entry point found
https://github.com/bio-ontology-research-group/DeepSVP,ok,False,4,1,1,deepsvp\main.py,fallback_console_script,2,25,1,0,0,True,deepsvp/main.py:301 json.load [matched json.load],True,deepsvp/main.py:381 pd.concat [matched pd.concat],True,deepsvp/model.py:0 class Rank_model [matched <class subclasses model base>],False,,False,,True,deepsvp/main.py:357 model.predict [matched model.predict],"unverified: missing stages: training, evaluation"
https://github.com/StephanStofer/hslu-adml,no_dockerfile,False,0,0,0,,,0,0,0,0,0,False,,False,,False,,False,,False,,False,,no Dockerfile and no fallback entry point found
https://github.com/ethanjperez/transformers_rda,no_entry,False,0,7,0,,,0,0,0,0,0,False,,False,,False,,False,,False,,False,,Dockerfile(s) found but no Python entry point could be resolved
https://github.com/NASA-NeMO-Net/NeMO-Net,no_dockerfile,False,0,0,0,,,0,0,0,0,0,False,,False,,False,,False,,False,,False,,no Dockerfile and no fallback entry point found
https://github.com/semodi/neuralxc,no_dockerfile,False,0,0,0,,,0,0,0,0,0,False,,False,,False,,False,,False,,False,,no Dockerfile and no fallback entry point found
https://github.com/ucl-exoplanets/Spectra_Sensitivity_analysis,no_dockerfile,False,0,0,0,,,0,0,0,0,0,False,,False,,False,,False,,False,,False,,no Dockerfile and no fallback entry point found
https://github.com/Drakodav/backend_d-dub,no_entry,False,0,3,0,,,0,0,0,0,0,False,,False,,False,,False,,False,,False,,Dockerfile(s) found but no Python entry point could be resolved
https://github.com/tianhai123/informer,no_dockerfile,False,0,0,0,,,0,0,0,0,0,False,,False,,False,,False,,False,,False,,no Dockerfile and no fallback entry point found
https://github.com/worldbank/wb-nlp-tools,no_dockerfile,False,0,0,0,,,0,0,0,0,0,False,,False,,False,,False,,False,,False,,no Dockerfile and no fallback entry point found
https://github.com/aldrinlambon/SagesBARMM,no_dockerfile,False,0,0,0,,,0,0,0,0,0,False,,False,,False,,False,,False,,False,,no Dockerfile and no fallback entry point found
https://github.com/seve-26/vincentvanbot,no_entry,False,0,3,0,,,0,0,0,0,0,False,,False,,False,,False,,False,,False,,Dockerfile(s) found but no Python entry point could be resolved
https://github.com/qiancao/hskl,no_dockerfile,False,0,0,0,,,0,0,0,0,0,False,,False,,False,,False,,False,,False,,no Dockerfile and no fallback entry point found
https://github.com/sixin-zh/kymatio_wph,no_dockerfile,False,0,0,0,,,0,0,0,0,0,False,,False,,False,,False,,False,,False,,no Dockerfile and no fallback entry point found
https://github.com/dman14/Master-Thesis-WiP,no_dockerfile,False,0,0,0,,,0,0,0,0,0,False,,False,,False,,False,,False,,False,,no Dockerfile and no fallback entry point found
https://github.com/Codes-Cleans-Transports/LanaBackend,no_dockerfile,False,0,0,0,,,0,0,0,0,0,False,,False,,False,,False,,False,,False,,no Dockerfile and no fallback entry point found
https://github.com/Ennosigaeon/meta-learning-base,no_dockerfile,False,0,0,0,,,0,0,0,0,0,False,,False,,False,,False,,False,,False,,no Dockerfile and no fallback entry point found
https://github.com/RedLicorice/CryptoML-API,ok,False,0,4,1,app\app.py,fallback_nested,1,1,0,0,0,False,,False,,False,,False,,False,,False,,"unverified: missing stages: data_acquisition, data_preparation, modeling, training, evaluation, inference"
https://github.com/LIMUNIMI/SAMPLE,no_dockerfile,False,0,0,0,,,0,0,0,0,0,False,,False,,False,,False,,False,,False,,no Dockerfile and no fallback entry point found
https://github.com/seinan9/LSCDiscovery,no_dockerfile,False,0,0,0,,,0,0,0,0,0,False,,False,,False,,False,,False,,False,,no Dockerfile and no fallback entry point found
https://github.com/rtrad89/authorship_clustering_code_repo,no_dockerfile,False,0,0,0,,,0,0,0,0,0,False,,False,,False,,False,,False,,False,,no Dockerfile and no fallback entry point found
https://github.com/crflynn/skgrf,no_entry,False,0,1,0,,,0,0,0,0,0,False,,False,,False,,False,,False,,False,,Dockerfile(s) found but no Python entry point could be resolved
https://github.com/HubReb/EPiQ-A,ok,False,0,0,1,src\main.py,fallback_nested,1,0,0,0,0,False,,False,,False,,False,,False,,False,,"unverified: missing stages: data_acquisition, data_preparation, modeling, training, evaluation, inference"
https://github.com/mlpotter/UCLA-Classes,no_dockerfile,False,0,0,0,,,0,0,0,0,0,False,,False,,False,,False,,False,,False,,no Dockerfile and no fallback entry point found
https://github.com/roholazandie/retrieval_based_chatbot,no_dockerfile,False,0,0,0,,,0,0,0,0,0,False,,False,,False,,False,,False,,False,,no Dockerfile and no fallback entry point found
https://github.com/sharwinbobde/MLHD-insights,no_entry,False,0,2,0,,,0,0,0,0,0,False,,False,,False,,False,,False,,False,,Dockerfile(s) found but no Python entry point could be resolved
https://github.com/pakdaniel/HRTF,no_dockerfile,False,0,0,0,,,0,0,0,0,0,False,,False,,False,,False,,False,,False,,no Dockerfile and no fallback entry point found
https://github.com/manasa-jaya/Springboard-DSC,no_dockerfile,False,0,0,0,,,0,0,0,0,0,False,,False,,False,,False,,False,,False,,no Dockerfile and no fallback entry point found
https://github.com/laurentlam/rodm_ensta,no_dockerfile,False,0,0,0,,,0,0,0,0,0,False,,False,,False,,False,,False,,False,,no Dockerfile and no fallback entry point found
https://github.com/learningmatter-mit/VOID,no_dockerfile,False,0,0,0,,,0,0,0,0,0,False,,False,,False,,False,,False,,False,,no Dockerfile and no fallback entry point found
https://github.com/aimat-lab/gcnn_keras,no_dockerfile,False,0,0,0,,,0,0,0,0,0,False,,False,,False,,False,,False,,False,,no Dockerfile and no fallback entry point found
https://github.com/yungming0119/mygeopackage,no_dockerfile,False,0,0,0,,,0,0,0,0,0,False,,False,,False,,False,,False,,False,,no Dockerfile and no fallback entry point found
https://github.com/slowmosteve/news-app,ok,False,2,2,1,app\main.py,fallback_nested,1,4,0,0,0,True,app/main.py:27 google.cloud.bigquery.Client [matched google.cloud.bigquery.Client],False,,False,,False,,False,,True,app/main.py:9 flask.Flask [matched Flask],"unverified: missing stages: data_preparation, modeling, training, evaluation"
https://github.com/KonduitAI/konduit-serving-examples,no_dockerfile,False,0,0,0,,,0,0,0,0,0,False,,False,,False,,False,,False,,False,,no Dockerfile and no fallback entry point found
https://github.com/eunsolkang/review-analysis-web-report,no_dockerfile,False,0,0,0,,,0,0,0,0,0,False,,False,,False,,False,,False,,False,,no Dockerfile and no fallback entry point found
https://github.com/MarionSauvage/DL_Project_CS,no_dockerfile,False,0,0,0,,,0,0,0,0,0,False,,False,,False,,False,,False,,False,,no Dockerfile and no fallback entry point found
https://github.com/maechler/a2e,no_dockerfile,False,0,0,0,,,0,0,0,0,0,False,,False,,False,,False,,False,,False,,no Dockerfile and no fallback entry point found
https://github.com/GoogleCloudPlatform/mlops-on-gcp,no_entry,False,0,70,1,,dockerfile,0,0,0,0,0,False,,False,,False,,False,,False,,False,,no resolved entry point yielded a usable call graph
https://github.com/danlobo1999/deep-audiobook-tuner,no_dockerfile,False,0,0,0,,,0,0,0,0,0,False,,False,,False,,False,,False,,False,,no Dockerfile and no fallback entry point found
https://github.com/gabriellewald/springboard-coursework,no_dockerfile,False,0,0,0,,,0,0,0,0,0,False,,False,,False,,False,,False,,False,,no Dockerfile and no fallback entry point found
https://github.com/armelsoubeiga/DeepFace,no_entry,False,0,1,0,,,0,0,0,0,0,False,,False,,False,,False,,False,,False,,Dockerfile(s) found but no Python entry point could be resolved
https://github.com/utkarshapets/microgrid-RL,no_entry,False,0,2,0,,,0,0,0,0,0,False,,False,,False,,False,,False,,False,,Dockerfile(s) found but no Python entry point could be resolved
https://github.com/rvinas/GTEx-imputation,no_dockerfile,False,0,0,0,,,0,0,0,0,0,False,,False,,False,,False,,False,,False,,no Dockerfile and no fallback entry point found
https://github.com/zach401/acnportal,no_dockerfile,False,0,0,0,,,0,0,0,0,0,False,,False,,False,,False,,False,,False,,no Dockerfile and no fallback entry point found
https://github.com/awslabs/autogluon,no_entry,False,0,8,0,,,0,0,0,0,0,False,,False,,False,,False,,False,,False,,Dockerfile(s) found but no Python entry point could be resolved
https://github.com/gietsc/HumAIn-Project,ok,False,1,1,1,src\app.py,fallback_nested,1,1,0,0,0,False,,False,,False,,False,,False,,True,src/app.py:8 flask.Flask [matched Flask],"unverified: missing stages: data_acquisition, data_preparation, modeling, training, evaluation"
https://github.com/baishalidutta/Comments-Toxicity-Detection,no_dockerfile,False,0,0,0,,,0,0,0,0,0,False,,False,,False,,False,,False,,False,,no Dockerfile and no fallback entry point found
https://github.com/lollo4ka/skillfactory_rds,no_entry,False,0,3,0,,,0,0,0,0,0,False,,False,,False,,False,,False,,False,,Dockerfile(s) found but no Python entry point could be resolved
https://github.com/EmlAldr/SkillFactory,no_entry,False,0,3,0,,,0,0,0,0,0,False,,False,,False,,False,,False,,False,,Dockerfile(s) found but no Python entry point could be resolved
https://github.com/vetiveria/segments,ok,False,2,0,1,segments\main.py,fallback_nested,13,42,2,0,0,True,segments/src/read.py:31 requests.get [matched requests.get],True,segments/design/matrix.py:68 pd.concat [matched pd.concat],False,,False,,False,,False,,"unverified: missing stages: modeling, training, evaluation, inference"
https://github.com/ShengjiaZhao/RegressionConstraint,no_dockerfile,False,0,0,0,,,0,0,0,0,0,False,,False,,False,,False,,False,,False,,no Dockerfile and no fallback entry point found
https://github.com/zmlabe/ModelBiasesANN,no_dockerfile,False,0,0,0,,,0,0,0,0,0,False,,False,,False,,False,,False,,False,,no Dockerfile and no fallback entry point found
https://github.com/niknow/machine-learning-examples,no_dockerfile,False,0,0,0,,,0,0,0,0,0,False,,False,,False,,False,,False,,False,,no Dockerfile and no fallback entry point found
https://github.com/ruberVulpes/A-Discord-Bot,ok,False,3,0,1,ml\main.py,fallback_nested,2,1,1,0,0,True,ml/main.py:12 pd.read_csv [matched pd.read_csv],True,ml/main.py:17 sklearn.model_selection.train_test_split [matched train_test_split],True,ml/main.py:29 sklearn.linear_model.LogisticRegression [matched LogisticRegression],False,,False,,False,,"unverified: missing stages: training, evaluation, inference"
https://github.com/CSE482Winter2021/Major-Dudes,no_dockerfile,False,0,0,0,,,0,0,0,0,0,False,,False,,False,,False,,False,,False,,no Dockerfile and no fallback entry point found
https://github.com/BloomTech-Labs/pt15-cityspire-a-ds,ok,False,1,1,1,app\main.py,fallback_nested,2,0,1,0,0,False,,False,,False,,False,,False,,True,app/main.py:18 fastapi.FastAPI [matched FastAPI],"unverified: missing stages: data_acquisition, data_preparation, modeling, training, evaluation"
https://github.com/jali7001/LBH_to_eflux,no_dockerfile,False,0,0,0,,,0,0,0,0,0,False,,False,,False,,False,,False,,False,,no Dockerfile and no fallback entry point found
https://github.com/27tech/tfs-covid19,no_dockerfile,False,0,0,0,,,0,0,0,0,0,False,,False,,False,,False,,False,,False,,no Dockerfile and no fallback entry point found
https://github.com/yuliaya/trading_model,no_dockerfile,False,0,0,0,,,0,0,0,0,0,False,,False,,False,,False,,False,,False,,no Dockerfile and no fallback entry point found
https://github.com/AMDonati/SMC-T-v2,no_dockerfile,False,0,0,0,,,0,0,0,0,0,False,,False,,False,,False,,False,,False,,no Dockerfile and no fallback entry point found
https://github.com/AGalassi/StructurePrediction18,no_dockerfile,False,0,0,0,,,0,0,0,0,0,False,,False,,False,,False,,False,,False,,no Dockerfile and no fallback entry point found
https://github.com/tmip-emat/tmip-emat,ok,False,1,0,1,emat\model\core_python\core_python_examples.py,fallback_console_script,1,12,0,0,0,True,emat/model/core_python/core_python_examples.py:310 yaml.safe_load [matched yaml.safe_load],False,,False,,False,,False,,False,,"unverified: missing stages: data_preparation, modeling, training, evaluation, inference"
https://github.com/xtracthub/abyss,no_entry,False,0,1,0,,,0,0,0,0,0,False,,False,,False,,False,,False,,False,,Dockerfile(s) found but no Python entry point could be resolved
https://github.com/nawrotlab/larvaworld,no_dockerfile,False,0,0,0,,,0,0,0,0,0,False,,False,,False,,False,,False,,False,,no Dockerfile and no fallback entry point found
https://github.com/PKPDAI/PKDocClassifier,no_dockerfile,False,0,0,0,,,0,0,0,0,0,False,,False,,False,,False,,False,,False,,no Dockerfile and no fallback entry point found
https://github.com/jlduan/fba,ok,False,1,0,1,fba\__main__.py,fallback_nested,4,20,1,0,8,True,fba/utils.py:17 gzip.open [matched gzip.open],False,,False,,False,,False,,False,,"unverified: missing stages: data_preparation, modeling, training, evaluation, inference"
https://github.com/dashdeckers/GameTheory,no_dockerfile,False,0,0,0,,,0,0,0,0,0,False,,False,,False,,False,,False,,False,,no Dockerfile and no fallback entry point found
https://github.com/ezponda/intro_deep_learning,no_entry,False,0,1,0,,,0,0,0,0,0,False,,False,,False,,False,,False,,False,,Dockerfile(s) found but no Python entry point could be resolved
https://github.com/melizalab/dstrf,no_dockerfile,False,0,0,0,,,0,0,0,0,0,False,,False,,False,,False,,False,,False,,no Dockerfile and no fallback entry point found
https://github.com/BloomTech-Labs/human-rights-first-ds-b,no_entry,False,0,1,0,,,0,0,0,0,0,False,,False,,False,,False,,False,,False,,Dockerfile(s) found but no Python entry point could be resolved
https://github.com/pepebonet/DeepMP,ok,False,5,0,1,deepmp\DeepMP.py,fallback_console_script,12,141,2,0,0,True,deepmp/preprocess.py:103 pd.read_csv [matched pd.read_csv],True,deepmp/preprocess.py:32 sklearn.model_selection.train_test_split [matched train_test_split],True,deepmp/model.py:0 class ConvBlock [matched <class subclasses model base>],True,deepmp/train.py:58 model.fit [matched model.fit],False,,True,deepmp/call_modifications.py:179 model.predict [matched model.predict],unverified: missing stages: evaluation
https://github.com/SimpleNumber/aa_stat,ok,False,0,0,1,AA_stat\main.py,fallback_nested,2,1,1,0,0,False,,False,,False,,False,,False,,False,,"unverified: missing stages: data_acquisition, data_preparation, modeling, training, evaluation, inference"
https://github.com/mcsorkun/ChemPlot,no_dockerfile,False,0,0,0,,,0,0,0,0,0,False,,False,,False,,False,,False,,False,,no Dockerfile and no fallback entry point found
https://github.com/DinoTheDinosaur/speech_analytics,no_dockerfile,False,0,0,0,,,0,0,0,0,0,False,,False,,False,,False,,False,,False,,no Dockerfile and no fallback entry point found
https://github.com/comptech-winter-school/online-store-redirects,no_dockerfile,False,0,0,0,,,0,0,0,0,0,False,,False,,False,,False,,False,,False,,no Dockerfile and no fallback entry point found
https://github.com/jambran/asshole-classifier,ok,False,1,0,1,src\train.py,fallback_nested,1,0,0,0,0,False,,False,,False,,True,src/train.py:42 trainer.fit [matched trainer.fit],False,,False,,"unverified: missing stages: data_acquisition, data_preparation, modeling, evaluation, inference"
https://github.com/zebengberg/big-wall-finder,no_dockerfile,False,0,0,0,,,0,0,0,0,0,False,,False,,False,,False,,False,,False,,no Dockerfile and no fallback entry point found
https://github.com/rupak-roy/streamlit_churn_analysis,no_dockerfile,False,0,0,0,,,0,0,0,0,0,False,,False,,False,,False,,False,,False,,no Dockerfile and no fallback entry point found
https://github.com/lgehring/bl-predictor,ok,False,0,0,1,bl_predictor\__main__.py,fallback_nested,2,1,1,0,0,False,,False,,False,,False,,False,,False,,"unverified: missing stages: data_acquisition, data_preparation, modeling, training, evaluation, inference"
https://github.com/HelioML/HelioML,no_dockerfile,False,0,0,0,,,0,0,0,0,0,False,,False,,False,,False,,False,,False,,no Dockerfile and no fallback entry point found
https://github.com/CSchlagal/Springboard,no_dockerfile,False,0,0,0,,,0,0,0,0,0,False,,False,,False,,False,,False,,False,,no Dockerfile and no fallback entry point found
https://github.com/arcelioeperez/dash-app,ok,False,3,2,1,source\app.py,fallback_nested,1,1,0,0,0,True,source/app.py:17 pd.read_csv [matched pd.read_csv],False,,False,,True,source/app.py:423 model.fit [matched model.fit],False,,True,source/app.py:425 model.predict [matched model.predict],"unverified: missing stages: data_preparation, modeling, evaluation"
https://github.com/jerome-colin/mtools,no_dockerfile,False,0,0,0,,,0,0,0,0,0,False,,False,,False,,False,,False,,False,,no Dockerfile and no fallback entry point found
https://github.com/lmmx/dx,no_dockerfile,False,0,0,0,,,0,0,0,0,0,False,,False,,False,,False,,False,,False,,no Dockerfile and no fallback entry point found
https://github.com/mevol/pediip,ok,False,1,0,1,modules\cnn\command_line_preparation.py,fallback_console_script,3,8,2,0,0,True,modules/cnn/command_line_preparation.py:34 yaml.safe_load [matched yaml.safe_load],False,,False,,False,,False,,False,,"unverified: missing stages: data_preparation, modeling, training, evaluation, inference"
https://github.com/sholtodouglas/learning_from_play,ok,False,2,0,1,lfp\train.py,fallback_nested,3,30,1,0,0,False,,False,,False,,True,lfp/train.py:512 tf.GradientTape [matched tf.GradientTape],True,lfp/train.py:599 def test_step [matched <lightning hook test_step>],False,,"unverified: missing stages: data_acquisition, data_preparation, modeling, inference"
https://github.com/tan1p0p/carignan,ok,False,0,0,1,src\main.py,fallback_nested,1,3,0,0,0,False,,False,,False,,False,,False,,False,,"unverified: missing stages: data_acquisition, data_preparation, modeling, training, evaluation, inference"
https://github.com/fastforwardlabs/airline_delay_prediction,no_dockerfile,False,0,0,0,,,0,0,0,0,0,False,,False,,False,,False,,False,,False,,no Dockerfile and no fallback entry point found
https://github.com/bcsefercik/comp551-project,no_dockerfile,False,0,0,0,,,0,0,0,0,0,False,,False,,False,,False,,False,,False,,no Dockerfile and no fallback entry point found
https://github.com/alex-toy/chaos,no_entry,False,0,1,0,,,0,0,0,0,0,False,,False,,False,,False,,False,,False,,Dockerfile(s) found but no Python entry point could be resolved
https://github.com/wjqhqzmd/deepfake,ok,False,1,2,1,scripts\train.py,fallback_nested,11,222,5,0,1,True,lib/utils.py:75 json.load [matched json.load],False,,False,,False,,False,,False,,"unverified: missing stages: data_preparation, modeling, training, evaluation, inference"
https://github.com/sonjaynicolay/Final_Project,no_dockerfile,False,0,0,0,,,0,0,0,0,0,False,,False,,False,,False,,False,,False,,no Dockerfile and no fallback entry point found
https://github.com/Xtra-Computing/NIID-Bench,no_dockerfile,False,0,0,0,,,0,0,0,0,0,False,,False,,False,,False,,False,,False,,no Dockerfile and no fallback entry point found
https://github.com/Parag18081994/Ghost,no_dockerfile,False,0,0,0,,,0,0,0,0,0,False,,False,,False,,False,,False,,False,,no Dockerfile and no fallback entry point found
https://github.com/pawelptak/FaceRecognizer,no_dockerfile,False,0,0,0,,,0,0,0,0,0,False,,False,,False,,False,,False,,False,,no Dockerfile and no fallback entry point found
https://github.com/J-woooo/Dacon,no_dockerfile,False,0,0,0,,,0,0,0,0,0,False,,False,,False,,False,,False,,False,,no Dockerfile and no fallback entry point found
https://github.com/mikhmakarov/graph_text,no_dockerfile,False,0,0,0,,,0,0,0,0,0,False,,False,,False,,False,,False,,False,,no Dockerfile and no fallback entry point found
https://github.com/EMbeDS-education/IPDPP-GSSI-20202021,no_dockerfile,False,0,0,0,,,0,0,0,0,0,False,,False,,False,,False,,False,,False,,no Dockerfile and no fallback entry point found
https://github.com/maichmueller/CausalPy,no_dockerfile,False,0,0,0,,,0,0,0,0,0,False,,False,,False,,False,,False,,False,,no Dockerfile and no fallback entry point found
https://github.com/Brodie-PWS/ARADT_GUI,no_dockerfile,False,0,0,0,,,0,0,0,0,0,False,,False,,False,,False,,False,,False,,no Dockerfile and no fallback entry point found
https://github.com/SC4RECOIN/FlowAlgo-Options-Trader,no_dockerfile,False,0,0,0,,,0,0,0,0,0,False,,False,,False,,False,,False,,False,,no Dockerfile and no fallback entry point found
https://github.com/pauljpritz/Code-Step-on-the-Gas-A-Better-Approach-for-Recommending-the-Ethereum-Gas-Price,no_dockerfile,False,0,0,0,,,0,0,0,0,0,False,,False,,False,,False,,False,,False,,no Dockerfile and no fallback entry point found
https://github.com/H00N24/PV056-AutoML-testing-framework,ok,False,4,0,1,pv056_2019\data_splitter.py,fallback_console_script,16,57,3,0,0,True,pv056_2019/data_splitter.py:28 json.load [matched json.load],True,pv056_2019/data_splitter.py:37 sklearn.model_selection.KFold [matched KFold],True,pv056_2019/outlier_detection/TD.py:10 sklearn.tree.DecisionTreeClassifier [matched DecisionTreeClassifier],True,pv056_2019/outlier_detection/__init__.py:52 self.clf.fit [matched clf.fit],False,,False,,"unverified: missing stages: evaluation, inference"
https://github.com/recommend-games/blog,no_entry,False,0,2,0,,,0,0,0,0,0,False,,False,,False,,False,,False,,False,,Dockerfile(s) found but no Python entry point could be resolved
https://github.com/gpp-rnd/poola,no_dockerfile,False,0,0,0,,,0,0,0,0,0,False,,False,,False,,False,,False,,False,,no Dockerfile and no fallback entry point found
https://github.com/AlexanderLavelle/ALWorks,no_dockerfile,False,0,0,0,,,0,0,0,0,0,False,,False,,False,,False,,False,,False,,no Dockerfile and no fallback entry point found
https://github.com/ClaudiaComito/asset_ht,no_dockerfile,False,0,0,0,,,0,0,0,0,0,False,,False,,False,,False,,False,,False,,no Dockerfile and no fallback entry point found
https://github.com/HenriARM/ML,no_dockerfile,False,0,0,0,,,0,0,0,0,0,False,,False,,False,,False,,False,,False,,no Dockerfile and no fallback entry point found
https://github.com/wtomin/Multitask-Emotion-Recognition-with-Incomplete-Labels,no_dockerfile,False,0,0,0,,,0,0,0,0,0,False,,False,,False,,False,,False,,False,,no Dockerfile and no fallback entry point found
https://github.com/thoinka/quocca,clone_failed,False,0,0,0,,,0,0,0,0,0,False,,False,,False,,False,,False,,False,,remote: Repository not found.
https://github.com/SkBlaz/reliefe,no_dockerfile,False,0,0,0,,,0,0,0,0,0,False,,False,,False,,False,,False,,False,,no Dockerfile and no fallback entry point found
https://github.com/srensamblador/TFG-RedditScripts,no_dockerfile,False,0,0,0,,,0,0,0,0,0,False,,False,,False,,False,,False,,False,,no Dockerfile and no fallback entry point found
https://github.com/jdhp-sap/tino_cta,no_dockerfile,False,0,0,0,,,0,0,0,0,0,False,,False,,False,,False,,False,,False,,no Dockerfile and no fallback entry point found
https://github.com/jorisbertens/cifo-project,no_dockerfile,False,0,0,0,,,0,0,0,0,0,False,,False,,False,,False,,False,,False,,no Dockerfile and no fallback entry point found
https://github.com/marcusCarpenter97/COVID-19-forecasting,no_dockerfile,False,0,0,0,,,0,0,0,0,0,False,,False,,False,,False,,False,,False,,no Dockerfile and no fallback entry point found
https://github.com/dj1121/bayes_quantifier,no_dockerfile,False,0,0,0,,,0,0,0,0,0,False,,False,,False,,False,,False,,False,,no Dockerfile and no fallback entry point found
https://github.com/gerdemb/shashin,no_entry,False,0,1,0,,,0,0,0,0,0,False,,False,,False,,False,,False,,False,,Dockerfile(s) found but no Python entry point could be resolved
https://github.com/agonzalez1216/Youtube-Recommendation-System,no_entry,False,0,1,0,,,0,0,0,0,0,False,,False,,False,,False,,False,,False,,Dockerfile(s) found but no Python entry point could be resolved
https://github.com/rickiepark/nlp-with-pytorch,no_dockerfile,False,0,0,0,,,0,0,0,0,0,False,,False,,False,,False,,False,,False,,no Dockerfile and no fallback entry point found
https://github.com/HGuzman-Soto/fbook_CWI,no_dockerfile,False,0,0,0,,,0,0,0,0,0,False,,False,,False,,False,,False,,False,,no Dockerfile and no fallback entry point found
https://github.com/lostdevfound/bus-stop-optimization,no_dockerfile,False,0,0,0,,,0,0,0,0,0,False,,False,,False,,False,,False,,False,,no Dockerfile and no fallback entry point found
https://github.com/bdqnghi/tbcnn.tensorflow,no_dockerfile,False,0,0,0,,,0,0,0,0,0,False,,False,,False,,False,,False,,False,,no Dockerfile and no fallback entry point found
https://github.com/Djorrin88/natural-language-processing,no_entry,False,0,1,0,,,0,0,0,0,0,False,,False,,False,,False,,False,,False,,Dockerfile(s) found but no Python entry point could be resolved
https://github.com/JHP4911/lanenet-lane-detection,no_dockerfile,False,0,0,0,,,0,0,0,0,0,False,,False,,False,,False,,False,,False,,no Dockerfile and no fallback entry point found
https://github.com/ncoop57/tango,no_entry,False,0,2,0,,,0,0,0,0,0,False,,False,,False,,False,,False,,False,,Dockerfile(s) found but no Python entry point could be resolved
https://github.com/antoniszczepanik/flats,no_entry,False,0,2,0,,,0,0,0,0,0,False,,False,,False,,False,,False,,False,,Dockerfile(s) found but no Python entry point could be resolved
https://github.com/WeiwenXu21/mahoney,ok,False,1,0,1,mahoney\__main__.py,fallback_nested,7,18,2,0,0,True,mahoney/exp_nmf.py:19 mahoney.data.load_dataset [matched load_dataset],False,,False,,False,,False,,False,,"unverified: missing stages: data_preparation, modeling, training, evaluation, inference"
https://github.com/marcovirgolin/SimpleGP,no_dockerfile,False,0,0,0,,,0,0,0,0,0,False,,False,,False,,False,,False,,False,,no Dockerfile and no fallback entry point found
https://github.com/Ashok-Ab4/Baseball_Project,no_entry,False,0,1,0,,,0,0,0,0,0,False,,False,,False,,False,,False,,False,,Dockerfile(s) found but no Python entry point could be resolved
https://github.com/visionbang/mach_image_proc,no_dockerfile,False,0,0,0,,,0,0,0,0,0,False,,False,,False,,False,,False,,False,,no Dockerfile and no fallback entry point found
https://github.com/takiguchi-01/Atcoder,no_entry,False,0,1,0,,,0,0,0,0,0,False,,False,,False,,False,,False,,False,,Dockerfile(s) found but no Python entry point could be resolved
https://github.com/davidtangGT/mol2vector,no_dockerfile,False,0,0,0,,,0,0,0,0,0,False,,False,,False,,False,,False,,False,,no Dockerfile and no fallback entry point found
https://github.com/Goettcke/dspipe_web,no_entry,False,0,4,0,,,0,0,0,0,0,False,,False,,False,,False,,False,,False,,Dockerfile(s) found but no Python entry point could be resolved
https://github.com/maximeberillon/Recommendation_System_Books,no_dockerfile,False,0,0,0,,,0,0,0,0,0,False,,False,,False,,False,,False,,False,,no Dockerfile and no fallback entry point found
https://github.com/aakaashjois/Dense-Recurrent-Net-For-Speech-Command-Classification,no_dockerfile,False,0,0,0,,,0,0,0,0,0,False,,False,,False,,False,,False,,False,,no Dockerfile and no fallback entry point found
https://github.com/Danit251/NLP_EX4,no_dockerfile,False,0,0,0,,,0,0,0,0,0,False,,False,,False,,False,,False,,False,,no Dockerfile and no fallback entry point found
https://github.com/janarez/mapper,no_dockerfile,False,0,0,0,,,0,0,0,0,0,False,,False,,False,,False,,False,,False,,no Dockerfile and no fallback entry point found
https://github.com/cosanlab/fnl_tools,no_dockerfile,False,0,0,0,,,0,0,0,0,0,False,,False,,False,,False,,False,,False,,no Dockerfile and no fallback entry point found
https://github.com/NosajGithub/pitchPrediction,no_dockerfile,False,0,0,0,,,0,0,0,0,0,False,,False,,False,,False,,False,,False,,no Dockerfile and no fallback entry point found
https://github.com/faizancodes/Spotify-ML-Music-Recommendations,no_dockerfile,False,0,0,0,,,0,0,0,0,0,False,,False,,False,,False,,False,,False,,no Dockerfile and no fallback entry point found
https://github.com/DerwenAI/kglab,no_entry,False,0,5,0,,,0,0,0,0,0,False,,False,,False,,False,,False,,False,,Dockerfile(s) found but no Python entry point could be resolved
https://github.com/dongkwan-kim/SuperGAT,no_dockerfile,False,0,0,0,,,0,0,0,0,0,False,,False,,False,,False,,False,,False,,no Dockerfile and no fallback entry point found
https://github.com/NTUT-SELab/qlib,ok,False,4,0,1,qlib\workflow\cli.py,fallback_console_script,38,678,5,0,1,True,qlib/workflow/cli.py:47 ruamel.yaml.safe_load [matched yaml.safe_load],True,qlib/data/cache.py:778 pd.concat [matched pd.concat],False,,True,qlib/model/trainer.py:27 model.fit [matched model.fit],False,,True,qlib/workflow/record_temp.py:126 self.model.predict [matched model.predict],"unverified: missing stages: modeling, evaluation"
https://github.com/vincenzomadaghiele/Regression-of-biodiversity-indicators,no_dockerfile,False,0,0,0,,,0,0,0,0,0,False,,False,,False,,False,,False,,False,,no Dockerfile and no fallback entry point found
https://github.com/vu-minh/probabilistic-mds,no_dockerfile,False,0,0,0,,,0,0,0,0,0,False,,False,,False,,False,,False,,False,,no Dockerfile and no fallback entry point found
https://github.com/BlancaCalvo/Claim-Verification-FakeNews,no_dockerfile,False,0,0,0,,,0,0,0,0,0,False,,False,,False,,False,,False,,False,,no Dockerfile and no fallback entry point found
https://github.com/avplatonov/itmo-viud,no_entry,False,0,3,1,,dockerfile,0,0,0,0,0,False,,False,,False,,False,,False,,False,,no resolved entry point yielded a usable call graph
https://github.com/LakshyaMalhotra/Salary-prediction-based-on-job-descriptions,ok,True,6,0,1,src\main.py,fallback_nested,1,21,0,0,0,True,src/main.py:416 json.load [matched json.load],True,src/main.py:434 sklearn.compose.ColumnTransformer [matched ColumnTransformer],True,src/main.py:432 lgb.LGBMRegressor [matched LGBMRegressor],True,src/main.py:178 model.fit [matched model.fit],True,src/main.py:479 model.cross_validate [matched cross_validate],True,src/main.py:179 model.predict [matched model.predict],verified: all 6 stages present
https://github.com/Gerrit7/Unsupervised_Learning,no_dockerfile,False,0,0,0,,,0,0,0,0,0,False,,False,,False,,False,,False,,False,,no Dockerfile and no fallback entry point found
https://github.com/Thibault-Mattera/Recommendation_System_Restaurants,ok,False,1,0,1,app\app.py,fallback_nested,1,1,0,0,0,False,,False,,False,,False,,False,,True,app/app.py:8 flask.Flask [matched Flask],"unverified: missing stages: data_acquisition, data_preparation, modeling, training, evaluation"
https://github.com/MelancholyMing/tf2_aaa,no_dockerfile,False,0,0,0,,,0,0,0,0,0,False,,False,,False,,False,,False,,False,,no Dockerfile and no fallback entry point found
https://github.com/bespsm/ambibulb,ok,False,0,0,1,ambibulb\__main__.py,fallback_nested,2,2,1,0,0,False,,False,,False,,False,,False,,False,,"unverified: missing stages: data_acquisition, data_preparation, modeling, training, evaluation, inference"
https://github.com/leonwetzel/LECCE,ok,False,0,0,1,lecce\main.py,fallback_nested,1,2,0,0,0,False,,False,,False,,False,,False,,False,,"unverified: missing stages: data_acquisition, data_preparation, modeling, training, evaluation, inference"
https://github.com/DesmondChoy/Churn,no_dockerfile,False,0,0,0,,,0,0,0,0,0,False,,False,,False,,False,,False,,False,,no Dockerfile and no fallback entry point found
https://github.com/anhhaibkhn/data-camp-courses,no_dockerfile,False,0,0,0,,,0,0,0,0,0,False,,False,,False,,False,,False,,False,,no Dockerfile and no fallback entry point found
https://github.com/Ira-Trygub/Skill_Factory,no_dockerfile,False,0,0,0,,,0,0,0,0,0,False,,False,,False,,False,,False,,False,,no Dockerfile and no fallback entry point found
https://github.com/code-trip/insightface-mxnet,no_dockerfile,False,0,0,0,,,0,0,0,0,0,False,,False,,False,,False,,False,,False,,no Dockerfile and no fallback entry point found
https://github.com/Tobias-Fechner/yr5-computational-intelligence,no_dockerfile,False,0,0,0,,,0,0,0,0,0,False,,False,,False,,False,,False,,False,,no Dockerfile and no fallback entry point found
https://github.com/azhar0100/Deep-SVDD-PyTorch-experiments,ok,False,1,0,1,src\main.py,fallback_nested,1,1,0,0,0,True,src/main.py:114 datasets.main.load_dataset [matched load_dataset],False,,False,,False,,False,,False,,"unverified: missing stages: data_preparation, modeling, training, evaluation, inference"
https://github.com/kwon-young/MusicObjectDetector,no_dockerfile,False,0,0,0,,,0,0,0,0,0,False,,False,,False,,False,,False,,False,,no Dockerfile and no fallback entry point found
https://github.com/markmurdock11/Algo-Owls,no_dockerfile,False,0,0,0,,,0,0,0,0,0,False,,False,,False,,False,,False,,False,,no Dockerfile and no fallback entry point found
https://github.com/wadimstt/dip,no_dockerfile,False,0,0,0,,,0,0,0,0,0,False,,False,,False,,False,,False,,False,,no Dockerfile and no fallback entry point found
https://github.com/Greg102/polyaxon,no_entry,False,0,3,0,,,0,0,0,0,0,False,,False,,False,,False,,False,,False,,Dockerfile(s) found but no Python entry point could be resolved
https://github.com/aicoe-aiops/mailing-list-analysis-toolkit,no_dockerfile,False,0,0,0,,,0,0,0,0,0,False,,False,,False,,False,,False,,False,,no Dockerfile and no fallback entry point found
https://github.com/mdiaz236/DeepLearningFoundations,no_dockerfile,False,0,0,0,,,0,0,0,0,0,False,,False,,False,,False,,False,,False,,no Dockerfile and no fallback entry point found
https://github.com/niazoys/Interpreting-and-Comparing-CNN,no_dockerfile,False,0,0,0,,,0,0,0,0,0,False,,False,,False,,False,,False,,False,,no Dockerfile and no fallback entry point found
https://github.com/filyp/erpinator,no_dockerfile,False,0,0,0,,,0,0,0,0,0,False,,False,,False,,False,,False,,False,,no Dockerfile and no fallback entry point found
https://github.com/pauloreis-ds/Projetos,no_dockerfile,False,0,0,0,,,0,0,0,0,0,False,,False,,False,,False,,False,,False,,no Dockerfile and no fallback entry point found
https://github.com/biomedbigdata/BiGAnts-PyPI-package,no_dockerfile,False,0,0,0,,,0,0,0,0,0,False,,False,,False,,False,,False,,False,,no Dockerfile and no fallback entry point found
https://github.com/Indrejue/DS_20_and_21_TT9,ok,False,2,0,1,med_cabinet\app.py,fallback_nested,2,7,1,0,0,True,med_cabinet/app.py:10 pd.read_csv [matched pd.read_csv],False,,False,,False,,False,,True,med_cabinet/app.py:21 flask.Flask [matched Flask],"unverified: missing stages: data_preparation, modeling, training, evaluation"
https://github.com/AtmosOne/DEV_spam_detection_backend,ok,False,4,1,1,app\run.py,fallback_nested,6,8,3,0,0,True,app/ml_model_pipeline/__init__.py:12 pd.read_csv [matched pd.read_csv],True,app/ml_model_pipeline/__init__.py:17 sklearn.pipeline.Pipeline [matched sklearn.pipeline.Pipeline],True,app/ml_model_pipeline/preprocessor.py:0 class EmailContentPreprocessor [matched <class subclasses model base>],False,,False,,True,app/run.py:4 fastapi.FastAPI [matched FastAPI],"unverified: missing stages: training, evaluation"
https://github.com/danielhanchen/hyperlearn,no_dockerfile,False,0,0,0,,,0,0,0,0,0,False,,False,,False,,False,,False,,False,,no Dockerfile and no fallback entry point found
https://github.com/johndunne2019/Machine-Learning-and-Statistics-Project-2020,no_entry,False,0,1,0,,,0,0,0,0,0,False,,False,,False,,False,,False,,False,,Dockerfile(s) found but no Python entry point could be resolved
https://github.com/jhu99/scbean,no_dockerfile,False,0,0,0,,,0,0,0,0,0,False,,False,,False,,False,,False,,False,,no Dockerfile and no fallback entry point found
https://github.com/RamyE/SFU_ML,ok,False,0,0,1,RPi_Script\main.py,fallback_nested,1,2,0,0,0,False,,False,,False,,False,,False,,False,,"unverified: missing stages: data_acquisition, data_preparation, modeling, training, evaluation, inference"
https://github.com/stanfordmlgroup/LaunchPad,no_dockerfile,False,0,0,0,,,0,0,0,0,0,False,,False,,False,,False,,False,,False,,no Dockerfile and no fallback entry point found
https://github.com/hallnath1/CASTLEGUARD,ok,False,1,0,1,src\main.py,fallback_nested,1,2,0,0,0,True,src/main.py:20 pd.read_csv [matched pd.read_csv],False,,False,,False,,False,,False,,"unverified: missing stages: data_preparation, modeling, training, evaluation, inference"
https://github.com/ToddMorrill/knowledge-graphs,no_dockerfile,False,0,0,0,,,0,0,0,0,0,False,,False,,False,,False,,False,,False,,no Dockerfile and no fallback entry point found
https://github.com/mhnnunes/heuristics_project,no_dockerfile,False,0,0,0,,,0,0,0,0,0,False,,False,,False,,False,,False,,False,,no Dockerfile and no fallback entry point found
https://github.com/GanAHE/GNSSAMS,no_dockerfile,False,0,0,0,,,0,0,0,0,0,False,,False,,False,,False,,False,,False,,no Dockerfile and no fallback entry point found
https://github.com/manujosephv/pytorch_tabular,no_dockerfile,False,0,0,0,,,0,0,0,0,0,False,,False,,False,,False,,False,,False,,no Dockerfile and no fallback entry point found
https://github.com/borovikv/ds,no_dockerfile,False,0,0,0,,,0,0,0,0,0,False,,False,,False,,False,,False,,False,,no Dockerfile and no fallback entry point found
https://github.com/dansimancas/kipoi-cadd,ok,False,3,0,1,kipoi_cadd\__main__.py,fallback_nested,7,100,2,0,0,True,kipoi_cadd/data.py:63 torch.utils.data.DataLoader [matched DataLoader],True,kipoi_cadd/data.py:577 sklearn.model_selection.train_test_split [matched train_test_split],True,kipoi_cadd/models.py:14 keras.layers.Dense [matched layers.Dense],False,,False,,False,,"unverified: missing stages: training, evaluation, inference"
https://github.com/cemal01e/carmine,no_dockerfile,False,0,0,0,,,0,0,0,0,0,False,,False,,False,,False,,False,,False,,no Dockerfile and no fallback entry point found
https://github.com/kvh/ramp,no_dockerfile,False,0,0,0,,,0,0,0,0,0,False,,False,,False,,False,,False,,False,,no Dockerfile and no fallback entry point found
https://github.com/hunhoon21/deep-learning-with-project,no_dockerfile,False,0,0,0,,,0,0,0,0,0,False,,False,,False,,False,,False,,False,,no Dockerfile and no fallback entry point found
https://github.com/kencan7749/particles_detection_fsr,no_dockerfile,False,0,0,0,,,0,0,0,0,0,False,,False,,False,,False,,False,,False,,no Dockerfile and no fallback entry point found
https://github.com/JoshuaGhost/expred,ok,False,5,0,1,expred\train.py,fallback_nested,17,125,4,0,0,True,expred/train.py:136 json.load [matched json.load],False,,True,expred/models/mlp_mtl.py:0 class BertMTL [matched <class subclasses model base>],True,expred/train.py:129 wandb.init [matched wandb.init],True,expred/train.py:252 wandb.log [matched wandb.log],True,expred/models/pipeline/mtl_pipeline_utils.py:414 torch.no_grad [matched torch.no_grad],unverified: missing stages: data_preparation
https://github.com/rndxx/SkillFactory,no_dockerfile,False,0,0,0,,,0,0,0,0,0,False,,False,,False,,False,,False,,False,,no Dockerfile and no fallback entry point found
https://github.com/pykale/pykale,no_dockerfile,False,0,0,0,,,0,0,0,0,0,False,,False,,False,,False,,False,,False,,no Dockerfile and no fallback entry point found
https://github.com/awwong1/physionet-challenge-2020,no_entry,False,0,1,0,,,0,0,0,0,0,False,,False,,False,,False,,False,,False,,Dockerfile(s) found but no Python entry point could be resolved
https://github.com/bihealth/clear-cnv,ok,False,1,0,1,clearCNV\__main__.py,fallback_nested,8,34,3,0,0,False,,False,,False,,False,,False,,True,clearCNV/viz_reassignment/app.py:23 flask.Flask [matched Flask],"unverified: missing stages: data_acquisition, data_preparation, modeling, training, evaluation"
https://github.com/ringer-softwares/kolmov,no_dockerfile,False,0,0,0,,,0,0,0,0,0,False,,False,,False,,False,,False,,False,,no Dockerfile and no fallback entry point found
https://github.com/mn2825/CommunityHealth,no_dockerfile,False,0,0,0,,,0,0,0,0,0,False,,False,,False,,False,,False,,False,,no Dockerfile and no fallback entry point found
https://github.com/fd0r/rkhs_map670,no_dockerfile,False,0,0,0,,,0,0,0,0,0,False,,False,,False,,False,,False,,False,,no Dockerfile and no fallback entry point found
https://github.com/Xenovortex/text-analytics-project,ok,False,0,0,1,src\main.py,fallback_nested,1,0,0,0,0,False,,False,,False,,False,,False,,False,,"unverified: missing stages: data_acquisition, data_preparation, modeling, training, evaluation, inference"
https://github.com/pangyuteng/aigonewrong,no_entry,False,0,9,0,,,0,0,0,0,0,False,,False,,False,,False,,False,,False,,Dockerfile(s) found but no Python entry point could be resolved
https://github.com/Lijer/dsvdd,ok,False,1,0,1,src\main.py,fallback_nested,1,3,0,0,0,True,src/main.py:140 datasets.main.load_dataset [matched load_dataset],False,,False,,False,,False,,False,,"unverified: missing stages: data_preparation, modeling, training, evaluation, inference"
https://github.com/nitarshan/robust-generalization-measures,no_dockerfile,False,0,0,0,,,0,0,0,0,0,False,,False,,False,,False,,False,,False,,no Dockerfile and no fallback entry point found
https://github.com/jaimeoliver1/social_capital_in_trade_networks,no_dockerfile,False,0,0,0,,,0,0,0,0,0,False,,False,,False,,False,,False,,False,,no Dockerfile and no fallback entry point found
https://github.com/evyatarluv/bci4als,no_dockerfile,False,0,0,0,,,0,0,0,0,0,False,,False,,False,,False,,False,,False,,no Dockerfile and no fallback entry point found
https://github.com/Joaquin-aliaga/bioPDSN,no_dockerfile,False,0,0,0,,,0,0,0,0,0,False,,False,,False,,False,,False,,False,,no Dockerfile and no fallback entry point found
https://github.com/canary-for-cognition/multimodal-dl-framework,no_dockerfile,False,0,0,0,,,0,0,0,0,0,False,,False,,False,,False,,False,,False,,no Dockerfile and no fallback entry point found
https://github.com/darrynzimire/RNASeqDataSimulator,ok,False,0,0,1,rsds\__main__.py,fallback_nested,3,3,1,0,0,False,,False,,False,,False,,False,,False,,"unverified: missing stages: data_acquisition, data_preparation, modeling, training, evaluation, inference"
https://github.com/seunghyupoh3517/MachineLearning-Music-Generator,no_dockerfile,False,0,0,0,,,0,0,0,0,0,False,,False,,False,,False,,False,,False,,no Dockerfile and no fallback entry point found
https://github.com/arthurbra/stm-coref,no_dockerfile,False,0,0,0,,,0,0,0,0,0,False,,False,,False,,False,,False,,False,,no Dockerfile and no fallback entry point found
https://github.com/iwan933/mlmi-federated-learning,no_dockerfile,False,0,0,0,,,0,0,0,0,0,False,,False,,False,,False,,False,,False,,no Dockerfile and no fallback entry point found
https://github.com/amaljith6/heroku_toxic,no_dockerfile,False,0,0,0,,,0,0,0,0,0,False,,False,,False,,False,,False,,False,,no Dockerfile and no fallback entry point found
https://github.com/WildflowerSchools/wf-process-cuwb-data,ok,True,6,0,1,process_cuwb_data\__main__.py,fallback_nested,39,208,6,0,0,True,process_cuwb_data/cli.py:304 pd.read_pickle [matched pd.read_pickle],True,process_cuwb_data/cli.py:187 df.assign [matched df.assign],True,process_cuwb_data/uwb_predict_tray_centroids.py:189 sklearn.mixture.GaussianMixture [matched GaussianMixture],True,process_cuwb_data/uwb_predict_tray_centroids.py:190 model.fit [matched model.fit],True,process_cuwb_data/uwb_motion_classifier_random_forest.py:151 sklearn.model_selection.metrics.confusion_matrix [matched confusion_matrix],True,process_cuwb_data/uwb_predict_tray_centroids.py:194 model.predict [matched model.predict],verified: all 6 stages present
https://github.com/YttriLab/B-SOID,ok,True,6,0,1,bsoid_py\main.py,fallback_nested,9,31,2,0,0,True,bsoid_py/main.py:71 pd.read_csv [matched pd.read_csv],True,bsoid_py/main.py:106 pd.concat [matched pd.concat],True,bsoid_py/train.py:146 sklearn.mixture.GaussianMixture [matched GaussianMixture],True,bsoid_py/train.py:220 clf.fit [matched clf.fit],True,bsoid_py/train.py:190 sklearn.model_selection.cross_val_score [matched cross_val_score],True,bsoid_py/classify.py:108 model.predict [matched model.predict],verified: all 6 stages present
https://github.com/yohanchatelain/pytracer,no_dockerfile,False,0,0,0,,,0,0,0,0,0,False,,False,,False,,False,,False,,False,,no Dockerfile and no fallback entry point found
https://github.com/XuanyiZ/Text-Normalization,no_dockerfile,False,0,0,0,,,0,0,0,0,0,False,,False,,False,,False,,False,,False,,no Dockerfile and no fallback entry point found
https://github.com/tparisotto/more_fyp,no_dockerfile,False,0,0,0,,,0,0,0,0,0,False,,False,,False,,False,,False,,False,,no Dockerfile and no fallback entry point found
https://github.com/luozhouyang/AutoPhraseX,no_dockerfile,False,0,0,0,,,0,0,0,0,0,False,,False,,False,,False,,False,,False,,no Dockerfile and no fallback entry point found
https://github.com/inte-R-action/multimodal_human_robot_collaboration,no_entry,False,0,2,0,,,0,0,0,0,0,False,,False,,False,,False,,False,,False,,Dockerfile(s) found but no Python entry point could be resolved
https://github.com/dlezcan1/cv-final-kalman-motion,no_dockerfile,False,0,0,0,,,0,0,0,0,0,False,,False,,False,,False,,False,,False,,no Dockerfile and no fallback entry point found
https://github.com/lyonk6/BadLogic,no_dockerfile,False,0,0,0,,,0,0,0,0,0,False,,False,,False,,False,,False,,False,,no Dockerfile and no fallback entry point found
https://github.com/amoliu/funzo,no_dockerfile,False,0,0,0,,,0,0,0,0,0,False,,False,,False,,False,,False,,False,,no Dockerfile and no fallback entry point found
https://github.com/luanagbmartins/ray,ok,False,2,8,1,rllib\train.py,fallback_nested,6,40,4,0,0,True,rllib/train.py:136 yaml.safe_load [matched yaml.safe_load],False,,True,rllib/utils/torch_ops.py:0 class Swish [matched <class subclasses model base>],False,,False,,False,,"unverified: missing stages: data_preparation, training, evaluation, inference"
https://github.com/Gun-mIn/2020DA_CapstoneProject,no_dockerfile,False,0,0,0,,,0,0,0,0,0,False,,False,,False,,False,,False,,False,,no Dockerfile and no fallback entry point found
https://github.com/cmu-snap/unfair,no_entry,False,0,1,0,,,0,0,0,0,0,False,,False,,False,,False,,False,,False,,Dockerfile(s) found but no Python entry point could be resolved
https://github.com/arpastrana/apc524_directional_clustering,no_dockerfile,False,0,0,0,,,0,0,0,0,0,False,,False,,False,,False,,False,,False,,no Dockerfile and no fallback entry point found
https://github.com/brantrigo/GDP-Growth,no_dockerfile,False,0,0,0,,,0,0,0,0,0,False,,False,,False,,False,,False,,False,,no Dockerfile and no fallback entry point found
https://github.com/romellfudi/dataset_currency,no_dockerfile,False,0,0,0,,,0,0,0,0,0,False,,False,,False,,False,,False,,False,,no Dockerfile and no fallback entry point found
https://github.com/rohitrpai/Smart-Sports-Predictor,no_dockerfile,False,0,0,0,,,0,0,0,0,0,False,,False,,False,,False,,False,,False,,no Dockerfile and no fallback entry point found
https://github.com/ahma-hub/analysis,no_dockerfile,False,0,0,0,,,0,0,0,0,0,False,,False,,False,,False,,False,,False,,no Dockerfile and no fallback entry point found
https://github.com/source-data/sd-graph,no_entry,False,0,5,1,,dockerfile,0,0,0,0,0,False,,False,,False,,False,,False,,False,,no resolved entry point yielded a usable call graph
https://github.com/brenoskuk/recvis,no_dockerfile,False,0,0,0,,,0,0,0,0,0,False,,False,,False,,False,,False,,False,,no Dockerfile and no fallback entry point found
https://github.com/md-en-csci-e-29-final/pb-etl,ok,False,5,1,1,pb_etl\__main__.py,fallback_nested,5,40,3,0,0,True,pb_etl/luigi/dask/target.py:203 dd.read_parquet [matched dd.read_parquet],True,pb_etl/tasks.py:290 sklearn.model_selection.train_test_split [matched train_test_split],True,pb_etl/tasks.py:288 tf.keras.layers.DenseFeatures [matched tf.keras.layers.*],True,pb_etl/tasks.py:332 model.fit [matched model.fit],False,,True,pb_etl/tasks.py:382 model.predict [matched model.predict],unverified: missing stages: evaluation
https://github.com/ArthDh/ECE-143,no_dockerfile,False,0,0,0,,,0,0,0,0,0,False,,False,,False,,False,,False,,False,,no Dockerfile and no fallback entry point found
https://github.com/MelissaChen15/quant,no_dockerfile,False,0,0,0,,,0,0,0,0,0,False,,False,,False,,False,,False,,False,,no Dockerfile and no fallback entry point found
https://github.com/elrichgro/cloudseg,no_dockerfile,False,0,0,0,,,0,0,0,0,0,False,,False,,False,,False,,False,,False,,no Dockerfile and no fallback entry point found
https://github.com/sima-jk/ECSE-689_Project,no_entry,False,0,5,0,,,0,0,0,0,0,False,,False,,False,,False,,False,,False,,Dockerfile(s) found but no Python entry point could be resolved
https://github.com/cloudera/CML_AMP_Churn_Prediction,no_dockerfile,False,0,0,0,,,0,0,0,0,0,False,,False,,False,,False,,False,,False,,no Dockerfile and no fallback entry point found
https://github.com/Steefano/transfer,no_dockerfile,False,0,0,0,,,0,0,0,0,0,False,,False,,False,,False,,False,,False,,no Dockerfile and no fallback entry point found
https://github.com/ROBOTICSENGINEER/Open_World_Learning_Without_Labels,no_dockerfile,False,0,0,0,,,0,0,0,0,0,False,,False,,False,,False,,False,,False,,no Dockerfile and no fallback entry point found
https://github.com/sigvaldm/localreg,no_dockerfile,False,0,0,0,,,0,0,0,0,0,False,,False,,False,,False,,False,,False,,no Dockerfile and no fallback entry point found
https://github.com/OzanGenc/CocktailAnalysis,no_dockerfile,False,0,0,0,,,0,0,0,0,0,False,,False,,False,,False,,False,,False,,no Dockerfile and no fallback entry point found
https://github.com/Neurobiologist/EC601-Pulmonary-Embolism,no_dockerfile,False,0,0,0,,,0,0,0,0,0,False,,False,,False,,False,,False,,False,,no Dockerfile and no fallback entry point found
https://github.com/BBillot/SynthSR,no_dockerfile,False,0,0,0,,,0,0,0,0,0,False,,False,,False,,False,,False,,False,,no Dockerfile and no fallback entry point found
https://github.com/Paulj1989/bulgarian-constitutional-court-decisions,no_dockerfile,False,0,0,0,,,0,0,0,0,0,False,,False,,False,,False,,False,,False,,no Dockerfile and no fallback entry point found
https://github.com/razzu/gesture-driven-presentations,ok,False,1,0,1,src\main.py,fallback_nested,1,12,0,0,0,True,src/main.py:342 cv2.VideoCapture [matched cv2.VideoCapture],False,,False,,False,,False,,False,,"unverified: missing stages: data_preparation, modeling, training, evaluation, inference"
https://github.com/aporlowski/ef-faas,no_dockerfile,False,0,0,0,,,0,0,0,0,0,False,,False,,False,,False,,False,,False,,no Dockerfile and no fallback entry point found
https://github.com/stangelid/qt,ok,False,3,0,1,src\train.py,fallback_nested,1,0,0,0,0,True,src/train.py:199 json.load [matched json.load],False,,False,,True,src/train.py:304 torch.utils.tensorboard.SummaryWriter [matched tensorboard.SummaryWriter],False,,True,src/train.py:319 torch.no_grad [matched torch.no_grad],"unverified: missing stages: data_preparation, modeling, evaluation"
https://github.com/imrehg/cdei-development,no_dockerfile,False,0,0,0,,,0,0,0,0,0,False,,False,,False,,False,,False,,False,,no Dockerfile and no fallback entry point found
https://github.com/friedforfun/SupervisedLearningCW,no_dockerfile,False,0,0,0,,,0,0,0,0,0,False,,False,,False,,False,,False,,False,,no Dockerfile and no fallback entry point found
https://github.com/shalin4788/Springboard-DS-Track,no_dockerfile,False,0,0,0,,,0,0,0,0,0,False,,False,,False,,False,,False,,False,,no Dockerfile and no fallback entry point found
https://github.com/biobakery/halla,ok,False,3,0,1,halla\main.py,fallback_nested,10,82,1,0,0,True,halla/config_loader.py:14 yaml.safe_load [matched yaml.safe_load],True,halla/utils/data.py:76 sklearn.preprocessing.KBinsDiscretizer [matched KBinsDiscretizer],False,,False,,True,halla/utils/similarity.py:35 sklearn.metrics.normalized_mutual_info_score [matched normalized_mutual_info_score],False,,"unverified: missing stages: modeling, training, inference"
https://github.com/Cloud-PG/smart-cache,no_dockerfile,False,0,0,0,,,0,0,0,0,0,False,,False,,False,,False,,False,,False,,no Dockerfile and no fallback entry point found
https://github.com/mshumko/microburst_ann,ok,False,0,0,1,microburst_ann\__main__.py,fallback_nested,1,0,0,0,0,False,,False,,False,,False,,False,,False,,"unverified: missing stages: data_acquisition, data_preparation, modeling, training, evaluation, inference"
https://github.com/yanivbhemo/Makhela,no_entry,False,0,3,0,,,0,0,0,0,0,False,,False,,False,,False,,False,,False,,Dockerfile(s) found but no Python entry point could be resolved
https://github.com/uncertainty-toolbox/uncertainty-toolbox,no_dockerfile,False,0,0,0,,,0,0,0,0,0,False,,False,,False,,False,,False,,False,,no Dockerfile and no fallback entry point found
https://github.com/psswan29/model-platform,no_dockerfile,False,0,0,0,,,0,0,0,0,0,False,,False,,False,,False,,False,,False,,no Dockerfile and no fallback entry point found
https://github.com/kjczarne/fubar,no_dockerfile,False,0,0,0,,,0,0,0,0,0,False,,False,,False,,False,,False,,False,,no Dockerfile and no fallback entry point found
https://github.com/sk8053/uavchanmod,no_dockerfile,False,0,0,0,,,0,0,0,0,0,False,,False,,False,,False,,False,,False,,no Dockerfile and no fallback entry point found
https://github.com/INZA111/Air-Quality-Index,no_dockerfile,False,0,0,0,,,0,0,0,0,0,False,,False,,False,,False,,False,,False,,no Dockerfile and no fallback entry point found
https://github.com/valentina-s/ooi_sonar,no_dockerfile,False,0,0,0,,,0,0,0,0,0,False,,False,,False,,False,,False,,False,,no Dockerfile and no fallback entry point found
https://github.com/akagaeng/self-study,no_entry,False,0,9,0,,,0,0,0,0,0,False,,False,,False,,False,,False,,False,,Dockerfile(s) found but no Python entry point could be resolved
https://github.com/xchenlp/simplified-lp-nlu-v2,no_dockerfile,False,0,0,0,,,0,0,0,0,0,False,,False,,False,,False,,False,,False,,no Dockerfile and no fallback entry point found
https://github.com/mattiejas/advent-of-code,no_dockerfile,False,0,0,0,,,0,0,0,0,0,False,,False,,False,,False,,False,,False,,no Dockerfile and no fallback entry point found
https://github.com/jiweizhi/CodeSeer,no_dockerfile,False,0,0,0,,,0,0,0,0,0,False,,False,,False,,False,,False,,False,,no Dockerfile and no fallback entry point found
https://github.com/starmpcc/CS470-Team-25,no_dockerfile,False,0,0,0,,,0,0,0,0,0,False,,False,,False,,False,,False,,False,,no Dockerfile and no fallback entry point found
https://github.com/MChiang7/Springboard,no_dockerfile,False,0,0,0,,,0,0,0,0,0,False,,False,,False,,False,,False,,False,,no Dockerfile and no fallback entry point found
https://github.com/Business-Wizard/License_Plate_Reader_App,ok,False,4,1,1,web_app\app.py,fallback_nested,6,23,3,1,0,True,src/models/processhelpers.py:52 cv2.imread [matched cv2.imread],True,src/models/processhelpers.py:30 sklearn.preprocessing.OneHotEncoder [matched OneHotEncoder],False,,False,,True,src/models/predict_model.py:54 model.evaluate [matched model.evaluate],True,web_app/app.py:26 flask.Flask [matched Flask],"unverified: missing stages: modeling, training"
https://github.com/evinism/TinyBaker,no_dockerfile,False,0,0,0,,,0,0,0,0,0,False,,False,,False,,False,,False,,False,,no Dockerfile and no fallback entry point found
https://github.com/BloomTech-Labs/deprecated-story-squad-ds-a,ok,False,1,1,1,app\main.py,fallback_nested,3,1,1,0,0,False,,False,,False,,False,,False,,True,app/main.py:12 fastapi.FastAPI [matched FastAPI],"unverified: missing stages: data_acquisition, data_preparation, modeling, training, evaluation"
https://github.com/BloomTech-Labs/deprecated-labs31-story-squad-ds-b,ok,False,1,1,1,app\main.py,fallback_nested,3,1,1,0,0,False,,False,,False,,False,,False,,True,app/main.py:12 fastapi.FastAPI [matched FastAPI],"unverified: missing stages: data_acquisition, data_preparation, modeling, training, evaluation"
https://github.com/Tamil-Kongu/udacity-DL,no_dockerfile,False,0,0,0,,,0,0,0,0,0,False,,False,,False,,False,,False,,False,,no Dockerfile and no fallback entry point found
https://github.com/minhdeal/Ensemble,no_dockerfile,False,0,0,0,,,0,0,0,0,0,False,,False,,False,,False,,False,,False,,no Dockerfile and no fallback entry point found
https://github.com/Munib5/Capstone2020-Predicting-AMIs,no_dockerfile,False,0,0,0,,,0,0,0,0,0,False,,False,,False,,False,,False,,False,,no Dockerfile and no fallback entry point found
https://github.com/DoctorDroid/DL,no_dockerfile,False,0,0,0,,,0,0,0,0,0,False,,False,,False,,False,,False,,False,,no Dockerfile and no fallback entry point found
https://github.com/dayyass/pytorch-ner,ok,False,5,1,1,pytorch_ner\__main__.py,fallback_nested,15,48,3,0,1,True,pytorch_ner/config.py:19 yaml.safe_load [matched yaml.safe_load],False,,True,pytorch_ner/main.py:174 nn.Linear [matched nn.Linear],True,pytorch_ner/train.py:68 loss.backward [matched loss.backward],True,pytorch_ner/train.py:213 writer.add_scalar [matched writer.add_scalar],True,pytorch_ner/save.py:25 model.eval [matched model.eval],unverified: missing stages: data_preparation
https://github.com/adam2392/motor-decoding,no_entry,False,0,1,0,,,0,0,0,0,0,False,,False,,False,,False,,False,,False,,Dockerfile(s) found but no Python entry point could be resolved
https://github.com/learningmatter-mit/NeuralForceField,no_dockerfile,False,0,0,0,,,0,0,0,0,0,False,,False,,False,,False,,False,,False,,no Dockerfile and no fallback entry point found
https://github.com/etr217/whosays45,no_dockerfile,False,0,0,0,,,0,0,0,0,0,False,,False,,False,,False,,False,,False,,no Dockerfile and no fallback entry point found
https://github.com/zdaiot/CodeComment,no_entry,False,0,1,0,,,0,0,0,0,0,False,,False,,False,,False,,False,,False,,Dockerfile(s) found but no Python entry point could be resolved
https://github.com/toth12/vha_auschwitz_report,no_dockerfile,False,0,0,0,,,0,0,0,0,0,False,,False,,False,,False,,False,,False,,no Dockerfile and no fallback entry point found
https://github.com/ray-project/maze-raylit,ok,False,2,7,1,rllib\train.py,fallback_nested,6,41,4,0,0,True,rllib/train.py:136 yaml.safe_load [matched yaml.safe_load],False,,True,rllib/utils/torch_ops.py:0 class Swish [matched <class subclasses model base>],False,,False,,False,,"unverified: missing stages: data_preparation, training, evaluation, inference"
https://github.com/THUMNLab/AutoGL,no_dockerfile,False,0,0,0,,,0,0,0,0,0,False,,False,,False,,False,,False,,False,,no Dockerfile and no fallback entry point found
https://github.com/wangyongjie-ntu/CFAI,no_dockerfile,False,0,0,0,,,0,0,0,0,0,False,,False,,False,,False,,False,,False,,no Dockerfile and no fallback entry point found
https://github.com/junkhp/esuites_database_modification,no_dockerfile,False,0,0,0,,,0,0,0,0,0,False,,False,,False,,False,,False,,False,,no Dockerfile and no fallback entry point found
https://github.com/SteliosGian/churn-engineering,no_entry,False,0,2,0,,,0,0,0,0,0,False,,False,,False,,False,,False,,False,,Dockerfile(s) found but no Python entry point could be resolved
https://github.com/Ptrskay3/PySprint,ok,False,0,1,1,pysprint\__main__.py,fallback_nested,2,3,1,0,0,False,,False,,False,,False,,False,,False,,"unverified: missing stages: data_acquisition, data_preparation, modeling, training, evaluation, inference"
https://github.com/rbuerki/codebook,no_dockerfile,False,0,0,0,,,0,0,0,0,0,False,,False,,False,,False,,False,,False,,no Dockerfile and no fallback entry point found
https://github.com/Tomualdo/cb_robot,no_dockerfile,False,0,0,0,,,0,0,0,0,0,False,,False,,False,,False,,False,,False,,no Dockerfile and no fallback entry point found
https://github.com/PlugInRichi/minIA,no_entry,False,0,1,0,,,0,0,0,0,0,False,,False,,False,,False,,False,,False,,Dockerfile(s) found but no Python entry point could be resolved
https://github.com/xuweilin2014/gmm_sort_track,no_dockerfile,False,0,0,0,,,0,0,0,0,0,False,,False,,False,,False,,False,,False,,no Dockerfile and no fallback entry point found
https://github.com/edodo1337/diplom,no_dockerfile,False,0,0,0,,,0,0,0,0,0,False,,False,,False,,False,,False,,False,,no Dockerfile and no fallback entry point found
https://github.com/cb160/ft2,no_dockerfile,False,0,0,0,,,0,0,0,0,0,False,,False,,False,,False,,False,,False,,no Dockerfile and no fallback entry point found
https://github.com/seanlinxs/python-machine-learning,no_dockerfile,False,0,0,0,,,0,0,0,0,0,False,,False,,False,,False,,False,,False,,no Dockerfile and no fallback entry point found
https://github.com/bioidiap/bob.bio.video,no_dockerfile,False,0,0,0,,,0,0,0,0,0,False,,False,,False,,False,,False,,False,,no Dockerfile and no fallback entry point found
https://github.com/emergent-analytics/workstreams,no_entry,False,0,2,0,,,0,0,0,0,0,False,,False,,False,,False,,False,,False,,Dockerfile(s) found but no Python entry point could be resolved
https://github.com/renanfmoises/people-analytics,no_dockerfile,False,0,0,0,,,0,0,0,0,0,False,,False,,False,,False,,False,,False,,no Dockerfile and no fallback entry point found
https://github.com/pratyay-banerjee/ExplnGen,no_dockerfile,False,0,0,0,,,0,0,0,0,0,False,,False,,False,,False,,False,,False,,no Dockerfile and no fallback entry point found
https://github.com/vkopio/iml-term-project,ok,False,5,0,1,src\app.py,fallback_nested,1,6,0,0,0,True,src/app.py:9 pd.read_csv [matched pd.read_csv],True,src/app.py:20 pd.get_dummies [matched pd.get_dummies],True,src/app.py:30 LinearRegression [matched LinearRegression],True,src/app.py:31 model.fit [matched model.fit],False,,True,src/app.py:38 model.predict_proba [matched model.predict_proba],unverified: missing stages: evaluation
https://github.com/sanjayr1/data_science_tools2,no_dockerfile,False,0,0,0,,,0,0,0,0,0,False,,False,,False,,False,,False,,False,,no Dockerfile and no fallback entry point found
https://github.com/AlexFJ498/Ingenieria-Informatica,no_dockerfile,False,0,0,0,,,0,0,0,0,0,False,,False,,False,,False,,False,,False,,no Dockerfile and no fallback entry point found
https://github.com/Samsung/LexSubGen,ok,False,1,0,1,lexsubgen\runner.py,fallback_console_script,6,40,1,0,2,True,lexsubgen/utils/file.py:37 zipfile.ZipFile [matched zipfile.ZipFile],False,,False,,False,,False,,False,,"unverified: missing stages: data_preparation, modeling, training, evaluation, inference"
https://github.com/fatal-exception/project,no_dockerfile,False,0,0,0,,,0,0,0,0,0,False,,False,,False,,False,,False,,False,,no Dockerfile and no fallback entry point found
https://github.com/HEP-KBFI/ml-training,no_dockerfile,False,0,0,0,,,0,0,0,0,0,False,,False,,False,,False,,False,,False,,no Dockerfile and no fallback entry point found
https://github.com/alphagov/govuk-entity-personalisation,no_dockerfile,False,0,0,0,,,0,0,0,0,0,False,,False,,False,,False,,False,,False,,no Dockerfile and no fallback entry point found
https://github.com/OMR-Research/MungLinker,ok,False,5,0,1,munglinker\run.py,fallback_nested,15,99,2,0,0,True,munglinker/run.py:70 PIL.Image.open [matched Image.open],False,,True,munglinker/models/base_convnet.py:20 nn.Sequential [matched nn.Sequential],True,munglinker/model.py:66 tensorboardX.SummaryWriter [matched SummaryWriter],True,munglinker/model.py:512 sklearn.metrics.accuracy_score [matched accuracy_score],True,munglinker/run.py:82 self.model.predict [matched model.predict],unverified: missing stages: data_preparation
https://github.com/laraschmitt/movie_recommender,no_dockerfile,False,0,0,0,,,0,0,0,0,0,False,,False,,False,,False,,False,,False,,no Dockerfile and no fallback entry point found
https://github.com/samisyed8999/python-project,no_dockerfile,False,0,0,0,,,0,0,0,0,0,False,,False,,False,,False,,False,,False,,no Dockerfile and no fallback entry point found
https://github.com/MoohShadox/Hyper-Heuristique-for-Credit-Scoring,no_dockerfile,False,0,0,0,,,0,0,0,0,0,False,,False,,False,,False,,False,,False,,no Dockerfile and no fallback entry point found
https://github.com/andongluis/hcml_project,ok,False,3,0,1,server\app.py,fallback_nested,3,32,1,0,0,True,ML_pipeline/custom_model.py:14 pickle.load [matched pickle.load],False,,True,ML_pipeline/custom_model.py:19 sklearn.linear_model.Ridge [matched Ridge],False,,False,,True,server/app.py:17 flask.Flask [matched Flask],"unverified: missing stages: data_preparation, training, evaluation"
https://github.com/rianashwin/Forecasting-SPDR-Gold-Trust-ETF-Prices--PRD-,no_dockerfile,False,0,0,0,,,0,0,0,0,0,False,,False,,False,,False,,False,,False,,no Dockerfile and no fallback entry point found
https://github.com/badisa/optpresso,no_dockerfile,False,0,0,0,,,0,0,0,0,0,False,,False,,False,,False,,False,,False,,no Dockerfile and no fallback entry point found
https://github.com/gronnbeck/udacity-deep-learning,no_dockerfile,False,0,0,0,,,0,0,0,0,0,False,,False,,False,,False,,False,,False,,no Dockerfile and no fallback entry point found
https://github.com/CUBigDataClass/graphy-backend,no_entry,False,0,5,0,,,0,0,0,0,0,False,,False,,False,,False,,False,,False,,Dockerfile(s) found but no Python entry point could be resolved
https://github.com/LeanderK/deeptech-ai,no_dockerfile,False,0,0,0,,,0,0,0,0,0,False,,False,,False,,False,,False,,False,,no Dockerfile and no fallback entry point found
https://github.com/aderous1/ml425project,no_dockerfile,False,0,0,0,,,0,0,0,0,0,False,,False,,False,,False,,False,,False,,no Dockerfile and no fallback entry point found
https://github.com/MICLab-Unicamp/inCCsight,no_dockerfile,False,0,0,0,,,0,0,0,0,0,False,,False,,False,,False,,False,,False,,no Dockerfile and no fallback entry point found
https://github.com/jalammar/ecco,no_dockerfile,False,0,0,0,,,0,0,0,0,0,False,,False,,False,,False,,False,,False,,no Dockerfile and no fallback entry point found
https://github.com/microservices-course-itmo/ml-team-2-service,no_entry,False,0,1,0,,,0,0,0,0,0,False,,False,,False,,False,,False,,False,,Dockerfile(s) found but no Python entry point could be resolved
https://github.com/Sardiirfan27/Data-ML-AI,no_dockerfile,False,0,0,0,,,0,0,0,0,0,False,,False,,False,,False,,False,,False,,no Dockerfile and no fallback entry point found
https://github.com/markusfleck/transformers-mirror,clone_failed,False,0,0,0,,,0,0,0,0,0,False,,False,,False,,False,,False,,False,,remote: Repository not found.
https://github.com/pysan-dev/pysan_classic,no_dockerfile,False,0,0,0,,,0,0,0,0,0,False,,False,,False,,False,,False,,False,,no Dockerfile and no fallback entry point found
https://github.com/aicoe-aiops/ocp-ci-analysis,no_dockerfile,False,0,0,0,,,0,0,0,0,0,False,,False,,False,,False,,False,,False,,no Dockerfile and no fallback entry point found
https://github.com/leolani/cltl-face-all,no_entry,False,0,1,0,,,0,0,0,0,0,False,,False,,False,,False,,False,,False,,Dockerfile(s) found but no Python entry point could be resolved
https://github.com/HamoyeHQ/stage-f-07-heart-failure,no_dockerfile,False,0,0,0,,,0,0,0,0,0,False,,False,,False,,False,,False,,False,,no Dockerfile and no fallback entry point found
https://github.com/macsz/parallel-wiki-classifier,no_dockerfile,False,0,0,0,,,0,0,0,0,0,False,,False,,False,,False,,False,,False,,no Dockerfile and no fallback entry point found
https://github.com/majkee15/credit_collections_rl,no_entry,False,0,2,0,,,0,0,0,0,0,False,,False,,False,,False,,False,,False,,Dockerfile(s) found but no Python entry point could be resolved
https://github.com/deepsteg/deepsteg,no_dockerfile,False,0,0,0,,,0,0,0,0,0,False,,False,,False,,False,,False,,False,,no Dockerfile and no fallback entry point found
https://github.com/franneck94/TensorCross,no_dockerfile,False,0,0,0,,,0,0,0,0,0,False,,False,,False,,False,,False,,False,,no Dockerfile and no fallback entry point found
https://github.com/as130/algos_final_project,ok,False,1,0,1,cli.py,fallback_console_script,1,1,0,0,0,True,cli.py:33 pickle.load [matched pickle.load],False,,False,,False,,False,,False,,"unverified: missing stages: data_preparation, modeling, training, evaluation, inference"
https://github.com/aimakerspace/Novella,no_dockerfile,False,0,0,0,,,0,0,0,0,0,False,,False,,False,,False,,False,,False,,no Dockerfile and no fallback entry point found
https://github.com/navish92/Trip_Advisor_National_Parks,no_dockerfile,False,0,0,0,,,0,0,0,0,0,False,,False,,False,,False,,False,,False,,no Dockerfile and no fallback entry point found
https://github.com/zj-zhang/AMBER,no_dockerfile,False,0,0,0,,,0,0,0,0,0,False,,False,,False,,False,,False,,False,,no Dockerfile and no fallback entry point found
https://github.com/ncsl/seek,no_entry,False,0,4,0,,,0,0,0,0,0,False,,False,,False,,False,,False,,False,,Dockerfile(s) found but no Python entry point could be resolved
https://github.com/HiGal/rt-search-chatbot,no_entry,False,0,3,0,,,0,0,0,0,0,False,,False,,False,,False,,False,,False,,Dockerfile(s) found but no Python entry point could be resolved
https://github.com/kevinlim186/GLSearch,no_dockerfile,False,0,0,0,,,0,0,0,0,0,False,,False,,False,,False,,False,,False,,no Dockerfile and no fallback entry point found
https://github.com/bioidiap/bob.learn.tensorflow,no_dockerfile,False,0,0,0,,,0,0,0,0,0,False,,False,,False,,False,,False,,False,,no Dockerfile and no fallback entry point found
https://github.com/llostris/historical-events,no_dockerfile,False,0,0,0,,,0,0,0,0,0,False,,False,,False,,False,,False,,False,,no Dockerfile and no fallback entry point found
https://github.com/RENCI/ADCIRCSupportTools,no_entry,False,0,1,0,,,0,0,0,0,0,False,,False,,False,,False,,False,,False,,Dockerfile(s) found but no Python entry point could be resolved
https://github.com/DemidovArtem/Digitization-of-diagrams,no_dockerfile,False,0,0,0,,,0,0,0,0,0,False,,False,,False,,False,,False,,False,,no Dockerfile and no fallback entry point found
https://github.com/larissaford/Group2cs458,no_dockerfile,False,0,0,0,,,0,0,0,0,0,False,,False,,False,,False,,False,,False,,no Dockerfile and no fallback entry point found
https://github.com/OrKatz7/RSNA-Pulmonary-Embolism-Detection,no_dockerfile,False,0,0,0,,,0,0,0,0,0,False,,False,,False,,False,,False,,False,,no Dockerfile and no fallback entry point found
https://github.com/aadarshsingh191198/deft_corpus_adobe,no_dockerfile,False,0,0,0,,,0,0,0,0,0,False,,False,,False,,False,,False,,False,,no Dockerfile and no fallback entry point found
https://github.com/twistyx-dev/Udacity,no_entry,False,0,2,0,,,0,0,0,0,0,False,,False,,False,,False,,False,,False,,Dockerfile(s) found but no Python entry point could be resolved
https://github.com/ajaytanwani/DIRL,ok,False,0,0,1,src\train.py,fallback_nested,1,1,0,0,0,False,,False,,False,,False,,False,,False,,"unverified: missing stages: data_acquisition, data_preparation, modeling, training, evaluation, inference"
https://github.com/cysacenda/algocryptos_scripts,ok,False,1,0,1,algo\main.py,fallback_nested,11,30,4,0,0,True,algo/main.py:40 sqlalchemy.create_engine [matched sqlalchemy.create_engine],False,,False,,False,,False,,False,,"unverified: missing stages: data_preparation, modeling, training, evaluation, inference"
https://github.com/ShenDezhou/CAIL,no_entry,False,0,14,0,,,0,0,0,0,0,False,,False,,False,,False,,False,,False,,Dockerfile(s) found but no Python entry point could be resolved
https://github.com/FelixBieswanger/OpinionMining,no_dockerfile,False,0,0,0,,,0,0,0,0,0,False,,False,,False,,False,,False,,False,,no Dockerfile and no fallback entry point found
https://github.com/GUAGUA-LV/fastbook,no_dockerfile,False,0,0,0,,,0,0,0,0,0,False,,False,,False,,False,,False,,False,,no Dockerfile and no fallback entry point found
https://github.com/deeptools/HiCExplorer,no_dockerfile,False,0,0,0,,,0,0,0,0,0,False,,False,,False,,False,,False,,False,,no Dockerfile and no fallback entry point found
https://github.com/GDGVIT/quicktext,no_dockerfile,False,0,0,0,,,0,0,0,0,0,False,,False,,False,,False,,False,,False,,no Dockerfile and no fallback entry point found
https://github.com/dustalov/watlink,no_dockerfile,False,0,0,0,,,0,0,0,0,0,False,,False,,False,,False,,False,,False,,no Dockerfile and no fallback entry point found
https://github.com/albuquer-ualberta/HackED-Beta-Hackathon-2020-BasketBall-Analysis-Project,no_dockerfile,False,0,0,0,,,0,0,0,0,0,False,,False,,False,,False,,False,,False,,no Dockerfile and no fallback entry point found
https://github.com/AveryData/MappingHeat,no_dockerfile,False,0,0,0,,,0,0,0,0,0,False,,False,,False,,False,,False,,False,,no Dockerfile and no fallback entry point found
https://github.com/JackZhao98/COVID19-Prediction,no_dockerfile,False,0,0,0,,,0,0,0,0,0,False,,False,,False,,False,,False,,False,,no Dockerfile and no fallback entry point found
https://github.com/Luoyadan/MM2020_ABG,no_dockerfile,False,0,0,0,,,0,0,0,0,0,False,,False,,False,,False,,False,,False,,no Dockerfile and no fallback entry point found
https://github.com/bkoz/notebooks,no_dockerfile,False,0,0,0,,,0,0,0,0,0,False,,False,,False,,False,,False,,False,,no Dockerfile and no fallback entry point found
https://github.com/ek2061/hsipl_tools,no_dockerfile,False,0,0,0,,,0,0,0,0,0,False,,False,,False,,False,,False,,False,,no Dockerfile and no fallback entry point found
https://github.com/lucaspetry/news-similarity,no_dockerfile,False,0,0,0,,,0,0,0,0,0,False,,False,,False,,False,,False,,False,,no Dockerfile and no fallback entry point found
https://github.com/mehmaniayaz/credit_default,no_entry,False,0,1,0,,,0,0,0,0,0,False,,False,,False,,False,,False,,False,,Dockerfile(s) found but no Python entry point could be resolved
https://github.com/PSNAppz/Machine-Learning-and-Data-Mining-Algorithms,no_dockerfile,False,0,0,0,,,0,0,0,0,0,False,,False,,False,,False,,False,,False,,no Dockerfile and no fallback entry point found
https://github.com/Priyam-Dutta-Github/Digital_Media_Coursework,no_dockerfile,False,0,0,0,,,0,0,0,0,0,False,,False,,False,,False,,False,,False,,no Dockerfile and no fallback entry point found
https://github.com/asvcode/not-so-random-forest,no_dockerfile,False,0,0,0,,,0,0,0,0,0,False,,False,,False,,False,,False,,False,,no Dockerfile and no fallback entry point found
https://github.com/MADONOKOUKI/Django_in_news_sites,no_dockerfile,False,0,0,0,,,0,0,0,0,0,False,,False,,False,,False,,False,,False,,no Dockerfile and no fallback entry point found
https://github.com/AlexChanNZ/sigpy,no_dockerfile,False,0,0,0,,,0,0,0,0,0,False,,False,,False,,False,,False,,False,,no Dockerfile and no fallback entry point found
https://github.com/cwperks/eai6000_group5,no_dockerfile,False,0,0,0,,,0,0,0,0,0,False,,False,,False,,False,,False,,False,,no Dockerfile and no fallback entry point found
https://github.com/zenkavi/NeuralMassModels,no_dockerfile,False,0,0,0,,,0,0,0,0,0,False,,False,,False,,False,,False,,False,,no Dockerfile and no fallback entry point found
https://github.com/yadavgaurav251/Context-Aware-Recommender,no_dockerfile,False,0,0,0,,,0,0,0,0,0,False,,False,,False,,False,,False,,False,,no Dockerfile and no fallback entry point found
https://github.com/2k2o/Wikunia,no_dockerfile,False,0,0,0,,,0,0,0,0,0,False,,False,,False,,False,,False,,False,,no Dockerfile and no fallback entry point found
https://github.com/Svdvoort/prognosais,no_dockerfile,False,0,0,0,,,0,0,0,0,0,False,,False,,False,,False,,False,,False,,no Dockerfile and no fallback entry point found
https://github.com/formlio/forml,no_dockerfile,False,0,0,0,,,0,0,0,0,0,False,,False,,False,,False,,False,,False,,no Dockerfile and no fallback entry point found
https://github.com/luisiiyoo/tech-mentoring-exercises,no_entry,False,0,2,0,,,0,0,0,0,0,False,,False,,False,,False,,False,,False,,Dockerfile(s) found but no Python entry point could be resolved
https://github.com/Ellutze/sysi,no_dockerfile,False,0,0,0,,,0,0,0,0,0,False,,False,,False,,False,,False,,False,,no Dockerfile and no fallback entry point found
https://github.com/aauyeung19/rainOne,no_dockerfile,False,0,0,0,,,0,0,0,0,0,False,,False,,False,,False,,False,,False,,no Dockerfile and no fallback entry point found
https://github.com/seiboldfyr/aws_app_update,no_dockerfile,False,0,0,0,,,0,0,0,0,0,False,,False,,False,,False,,False,,False,,no Dockerfile and no fallback entry point found
https://github.com/guoyiteng/cs6320,no_entry,False,0,3,0,,,0,0,0,0,0,False,,False,,False,,False,,False,,False,,Dockerfile(s) found but no Python entry point could be resolved
https://github.com/netr0m/katatasso,ok,True,6,0,1,katatasso\__main__.py,fallback_nested,9,26,4,0,0,True,katatasso/helpers/extraction.py:43 sqlite3.connect [matched sqlite3.connect],True,katatasso/modules/trainer.py:50 sklearn.model_selection.train_test_split [matched train_test_split],True,katatasso/modules/trainer.py:57 sklearn.naive_bayes.MultinomialNB [matched MultinomialNB],True,katatasso/modules/trainer.py:62 model.fit [matched model.fit],True,katatasso/modules/trainer.py:66 sklearn.metrics.accuracy_score [matched accuracy_score],True,katatasso/modules/classifier.py:47 clf.predict [matched clf.predict],verified: all 6 stages present
https://github.com/Edwardbafford/Springboard,no_dockerfile,False,0,0,0,,,0,0,0,0,0,False,,False,,False,,False,,False,,False,,no Dockerfile and no fallback entry point found
https://github.com/scalet06/-Complex-YOLOv4-Pytorch-,ok,False,1,0,1,src\train.py,fallback_nested,1,4,0,0,0,False,,False,,False,,True,src/train.py:80 torch.utils.tensorboard.SummaryWriter [matched tensorboard.SummaryWriter],False,,False,,"unverified: missing stages: data_acquisition, data_preparation, modeling, evaluation, inference"
https://github.com/EricHe98/sad_final_project,no_entry,False,0,1,0,,,0,0,0,0,0,False,,False,,False,,False,,False,,False,,Dockerfile(s) found but no Python entry point could be resolved
https://github.com/ZviBaratz/python_for_neuroscientists,no_dockerfile,False,0,0,0,,,0,0,0,0,0,False,,False,,False,,False,,False,,False,,no Dockerfile and no fallback entry point found
https://github.com/revathipushpam/AI-Project,no_dockerfile,False,0,0,0,,,0,0,0,0,0,False,,False,,False,,False,,False,,False,,no Dockerfile and no fallback entry point found
https://github.com/mie324/MISweeper,no_dockerfile,False,0,0,0,,,0,0,0,0,0,False,,False,,False,,False,,False,,False,,no Dockerfile and no fallback entry point found
https://github.com/cogtoolslab/tools_block_construction,no_dockerfile,False,0,0,0,,,0,0,0,0,0,False,,False,,False,,False,,False,,False,,no Dockerfile and no fallback entry point found
https://github.com/xianglinyang/DeepVisualInsight,ok,False,0,0,1,eval\run.py,fallback_nested,1,1,0,0,0,False,,False,,False,,False,,False,,False,,"unverified: missing stages: data_acquisition, data_preparation, modeling, training, evaluation, inference"
https://github.com/MCV-2020-M1-Project/Team-4,no_dockerfile,False,0,0,0,,,0,0,0,0,0,False,,False,,False,,False,,False,,False,,no Dockerfile and no fallback entry point found
https://github.com/kalyssao/buy-it,no_dockerfile,False,0,0,0,,,0,0,0,0,0,False,,False,,False,,False,,False,,False,,no Dockerfile and no fallback entry point found
https://github.com/frankaging/BERT_LRP,no_dockerfile,False,0,0,0,,,0,0,0,0,0,False,,False,,False,,False,,False,,False,,no Dockerfile and no fallback entry point found
https://github.com/Marcus9512/DD2412-Re-implementing-and-extending-FixMatch-with-SimCLR-augmentations,no_dockerfile,False,0,0,0,,,0,0,0,0,0,False,,False,,False,,False,,False,,False,,no Dockerfile and no fallback entry point found
https://github.com/arnomoonens/Mussy-Robot,no_dockerfile,False,0,0,0,,,0,0,0,0,0,False,,False,,False,,False,,False,,False,,no Dockerfile and no fallback entry point found
https://github.com/jirvingphd/fsds_070620_FT_cohort_notes,no_dockerfile,False,0,0,0,,,0,0,0,0,0,False,,False,,False,,False,,False,,False,,no Dockerfile and no fallback entry point found
https://github.com/AranGarcia/milo-bot,no_entry,False,0,2,0,,,0,0,0,0,0,False,,False,,False,,False,,False,,False,,Dockerfile(s) found but no Python entry point could be resolved
https://github.com/5hirish/adam_qas,no_entry,False,0,1,0,,,0,0,0,0,0,False,,False,,False,,False,,False,,False,,Dockerfile(s) found but no Python entry point could be resolved
https://github.com/Alexjmsherman/nlp_practicum_cohort1,no_dockerfile,False,0,0,0,,,0,0,0,0,0,False,,False,,False,,False,,False,,False,,no Dockerfile and no fallback entry point found
https://github.com/BloomTech-Labs/human-rights-first-d-ds,no_entry,False,0,2,0,,,0,0,0,0,0,False,,False,,False,,False,,False,,False,,Dockerfile(s) found but no Python entry point could be resolved
https://github.com/HaakonLyngstad/ProjectML2020,no_dockerfile,False,0,0,0,,,0,0,0,0,0,False,,False,,False,,False,,False,,False,,no Dockerfile and no fallback entry point found
https://github.com/alexklibisz/kaggle-planet,no_dockerfile,False,0,0,0,,,0,0,0,0,0,False,,False,,False,,False,,False,,False,,no Dockerfile and no fallback entry point found
https://github.com/UM-ARM-Lab/tampc,no_dockerfile,False,0,0,0,,,0,0,0,0,0,False,,False,,False,,False,,False,,False,,no Dockerfile and no fallback entry point found
https://github.com/frankfletcher/Springboard-Data-Science,no_dockerfile,False,0,0,0,,,0,0,0,0,0,False,,False,,False,,False,,False,,False,,no Dockerfile and no fallback entry point found
https://github.com/DebanjanaKar/Covid19_FakeNews_Detection,no_dockerfile,False,0,0,0,,,0,0,0,0,0,False,,False,,False,,False,,False,,False,,no Dockerfile and no fallback entry point found
https://github.com/microsoft/fastformers,no_dockerfile,False,0,0,0,,,0,0,0,0,0,False,,False,,False,,False,,False,,False,,no Dockerfile and no fallback entry point found
https://github.com/BloomTech-Labs/deprecated-story-squad-ds-e,no_entry,False,0,1,0,,,0,0,0,0,0,False,,False,,False,,False,,False,,False,,Dockerfile(s) found but no Python entry point could be resolved
https://github.com/RenzoBenemerito/RossmannAPI,ok,False,1,1,1,app\main.py,fallback_nested,1,1,0,0,0,False,,False,,False,,False,,False,,True,app/main.py:5 fastapi.FastAPI [matched FastAPI],"unverified: missing stages: data_acquisition, data_preparation, modeling, training, evaluation"
https://github.com/pananev/Training,no_dockerfile,False,0,0,0,,,0,0,0,0,0,False,,False,,False,,False,,False,,False,,no Dockerfile and no fallback entry point found
https://github.com/gabbage/transfer_rewards,no_dockerfile,False,0,0,0,,,0,0,0,0,0,False,,False,,False,,False,,False,,False,,no Dockerfile and no fallback entry point found
https://github.com/glasgowcompbio/pyMultiOmics,no_dockerfile,False,0,0,0,,,0,0,0,0,0,False,,False,,False,,False,,False,,False,,no Dockerfile and no fallback entry point found
https://github.com/kqf/lish-moa,no_dockerfile,False,0,0,0,,,0,0,0,0,0,False,,False,,False,,False,,False,,False,,no Dockerfile and no fallback entry point found
https://github.com/amaankahmad/HarvardAIPython,no_dockerfile,False,0,0,0,,,0,0,0,0,0,False,,False,,False,,False,,False,,False,,no Dockerfile and no fallback entry point found
https://github.com/kusl/LogisticRegression,no_dockerfile,False,0,0,0,,,0,0,0,0,0,False,,False,,False,,False,,False,,False,,no Dockerfile and no fallback entry point found
https://github.com/kaapana/kaapana,no_entry,False,0,195,0,,,0,0,0,0,0,False,,False,,False,,False,,False,,False,,Dockerfile(s) found but no Python entry point could be resolved
https://github.com/Juancard/multi-label-classification-on-data-streamings,no_dockerfile,False,0,0,0,,,0,0,0,0,0,False,,False,,False,,False,,False,,False,,no Dockerfile and no fallback entry point found
https://github.com/LURMORENO/easier,no_entry,False,0,1,0,,,0,0,0,0,0,False,,False,,False,,False,,False,,False,,Dockerfile(s) found but no Python entry point could be resolved
https://github.com/saa2kor/new,no_dockerfile,False,0,0,0,,,0,0,0,0,0,False,,False,,False,,False,,False,,False,,no Dockerfile and no fallback entry point found
https://github.com/callum-jpg/motifSearch,no_dockerfile,False,0,0,0,,,0,0,0,0,0,False,,False,,False,,False,,False,,False,,no Dockerfile and no fallback entry point found
https://github.com/med-cab-bw-team/DS,no_dockerfile,False,0,0,0,,,0,0,0,0,0,False,,False,,False,,False,,False,,False,,no Dockerfile and no fallback entry point found
https://github.com/mathurinm/andersoncd,no_dockerfile,False,0,0,0,,,0,0,0,0,0,False,,False,,False,,False,,False,,False,,no Dockerfile and no fallback entry point found
https://github.com/kprakhar27/MegaBUCKS_SmartTradingAdvisor,no_dockerfile,False,0,0,0,,,0,0,0,0,0,False,,False,,False,,False,,False,,False,,no Dockerfile and no fallback entry point found
https://github.com/robksawyer/instaseek,ok,False,5,1,1,src\train.py,fallback_nested,1,8,0,0,0,True,src/train.py:120 pickle.load [matched pickle.load],False,,True,src/train.py:234 sklearn.ensemble.RandomForestClassifier [matched RandomForestClassifier],True,src/train.py:237 self.clf.fit [matched clf.fit],True,src/train.py:243 sklearn.model_selection.cross_val_score [matched cross_val_score],True,src/train.py:252 self.clf.predict [matched clf.predict],unverified: missing stages: data_preparation
https://github.com/GlenCrawford/matchmaker,no_dockerfile,False,0,0,0,,,0,0,0,0,0,False,,False,,False,,False,,False,,False,,no Dockerfile and no fallback entry point found
https://github.com/MehrdadDS/Portfolio,no_dockerfile,False,0,0,0,,,0,0,0,0,0,False,,False,,False,,False,,False,,False,,no Dockerfile and no fallback entry point found
https://github.com/lithops-cloud/applications,no_entry,False,0,10,3,,dockerfile,0,0,0,0,0,False,,False,,False,,False,,False,,False,,no resolved entry point yielded a usable call graph
https://github.com/khellan/deep_learning_collection,no_entry,False,0,2,0,,,0,0,0,0,0,False,,False,,False,,False,,False,,False,,Dockerfile(s) found but no Python entry point could be resolved
https://github.com/limxuanyu127/Soccer-Player-Attributes-Comparison,no_dockerfile,False,0,0,0,,,0,0,0,0,0,False,,False,,False,,False,,False,,False,,no Dockerfile and no fallback entry point found
https://github.com/nichangyuan/ML-DL,no_dockerfile,False,0,0,0,,,0,0,0,0,0,False,,False,,False,,False,,False,,False,,no Dockerfile and no fallback entry point found
https://github.com/KolinGuo/BrainSeg,ok,False,3,2,1,src\train.py,fallback_nested,1,8,0,0,0,True,src/train.py:218 networks.dataset.load_dataset [matched load_dataset],False,,False,,True,src/train.py:314 model.fit [matched model.fit],True,src/train.py:230 tf.keras.metrics.SparseCategoricalAccuracy [matched tf.keras.metrics.*],False,,"unverified: missing stages: data_preparation, modeling, inference"
https://github.com/mcsorkun/AqSolPred-web,no_entry,False,0,1,0,,,0,0,0,0,0,False,,False,,False,,False,,False,,False,,Dockerfile(s) found but no Python entry point could be resolved
https://github.com/gabyrlsilva/IoT_using_Machine_Learning,no_entry,False,0,3,0,,,0,0,0,0,0,False,,False,,False,,False,,False,,False,,Dockerfile(s) found but no Python entry point could be resolved
https://github.com/nguyens7/InfringeMark,no_dockerfile,False,0,0,0,,,0,0,0,0,0,False,,False,,False,,False,,False,,False,,no Dockerfile and no fallback entry point found
https://github.com/mediocoder/INFO7374DigitalMarketingAnalytics,no_dockerfile,False,0,0,0,,,0,0,0,0,0,False,,False,,False,,False,,False,,False,,no Dockerfile and no fallback entry point found
https://github.com/josepdecid/CAIM-FIB,no_dockerfile,False,0,0,0,,,0,0,0,0,0,False,,False,,False,,False,,False,,False,,no Dockerfile and no fallback entry point found
https://github.com/UNCG-CSE/Poststorm_Imagery,no_dockerfile,False,0,0,0,,,0,0,0,0,0,False,,False,,False,,False,,False,,False,,no Dockerfile and no fallback entry point found
https://github.com/Shenying71/learn1,no_dockerfile,False,0,0,0,,,0,0,0,0,0,False,,False,,False,,False,,False,,False,,no Dockerfile and no fallback entry point found
https://github.com/rpytel1/multimedia-project,no_dockerfile,False,0,0,0,,,0,0,0,0,0,False,,False,,False,,False,,False,,False,,no Dockerfile and no fallback entry point found
https://github.com/SheCodes-IEEE-CIS-GHRCE/Electricity-Generation-Analysis-and-Prediction-in-India,no_dockerfile,False,0,0,0,,,0,0,0,0,0,False,,False,,False,,False,,False,,False,,no Dockerfile and no fallback entry point found
https://github.com/stat-ml/alpaca,no_dockerfile,False,0,0,0,,,0,0,0,0,0,False,,False,,False,,False,,False,,False,,no Dockerfile and no fallback entry point found
https://github.com/jackalhan/more_meaningful_representations,no_dockerfile,False,0,0,0,,,0,0,0,0,0,False,,False,,False,,False,,False,,False,,no Dockerfile and no fallback entry point found
https://github.com/mogadmd/EchoNet,no_dockerfile,False,0,0,0,,,0,0,0,0,0,False,,False,,False,,False,,False,,False,,no Dockerfile and no fallback entry point found
https://github.com/prakharmehta/HCI-Project,no_dockerfile,False,0,0,0,,,0,0,0,0,0,False,,False,,False,,False,,False,,False,,no Dockerfile and no fallback entry point found
https://github.com/paulqsims/insight_project,no_dockerfile,False,0,0,0,,,0,0,0,0,0,False,,False,,False,,False,,False,,False,,no Dockerfile and no fallback entry point found
https://github.com/amped/dlpytorch,no_dockerfile,False,0,0,0,,,0,0,0,0,0,False,,False,,False,,False,,False,,False,,no Dockerfile and no fallback entry point found
https://github.com/gcattan/EEG_UNIFIED_ACCESS,no_dockerfile,False,0,0,0,,,0,0,0,0,0,False,,False,,False,,False,,False,,False,,no Dockerfile and no fallback entry point found
https://github.com/xl402/deep-sets,no_dockerfile,False,0,0,0,,,0,0,0,0,0,False,,False,,False,,False,,False,,False,,no Dockerfile and no fallback entry point found
https://github.com/SimonBlanke/Gradient-Free-Optimizers,no_dockerfile,False,0,0,0,,,0,0,0,0,0,False,,False,,False,,False,,False,,False,,no Dockerfile and no fallback entry point found
https://github.com/vcheplygina/cats-scans,no_dockerfile,False,0,0,0,,,0,0,0,0,0,False,,False,,False,,False,,False,,False,,no Dockerfile and no fallback entry point found
https://github.com/ShanakaPathirana/ox-p4ds,no_dockerfile,False,0,0,0,,,0,0,0,0,0,False,,False,,False,,False,,False,,False,,no Dockerfile and no fallback entry point found
https://github.com/Danielgol/PonyGE,no_dockerfile,False,0,0,0,,,0,0,0,0,0,False,,False,,False,,False,,False,,False,,no Dockerfile and no fallback entry point found
https://github.com/mjoppich/pIMZ,no_entry,False,0,1,0,,,0,0,0,0,0,False,,False,,False,,False,,False,,False,,Dockerfile(s) found but no Python entry point could be resolved
https://github.com/Kawue/whide-v2,no_entry,False,0,3,0,,,0,0,0,0,0,False,,False,,False,,False,,False,,False,,Dockerfile(s) found but no Python entry point could be resolved
https://github.com/nageshsinghc4/deepwrap,no_dockerfile,False,0,0,0,,,0,0,0,0,0,False,,False,,False,,False,,False,,False,,no Dockerfile and no fallback entry point found
https://github.com/alphasentaurii/spacekit,no_entry,False,0,1,0,,,0,0,0,0,0,False,,False,,False,,False,,False,,False,,Dockerfile(s) found but no Python entry point could be resolved
https://github.com/carolaaa/text-classification-cnn-rnn,no_dockerfile,False,0,0,0,,,0,0,0,0,0,False,,False,,False,,False,,False,,False,,no Dockerfile and no fallback entry point found
https://github.com/Sanjana-Ghosh/Technocolabs-Internship-Project,no_dockerfile,False,0,0,0,,,0,0,0,0,0,False,,False,,False,,False,,False,,False,,no Dockerfile and no fallback entry point found
https://github.com/gmrukwa/publication-domain-discernibility,ok,False,1,3,1,discover\__main__.py,fallback_nested,3,4,1,0,0,True,utils.py:10 json.load [matched json.load],False,,False,,False,,False,,False,,"unverified: missing stages: data_preparation, modeling, training, evaluation, inference"
https://github.com/timhor/Heart-Disease-Visualisation,ok,False,3,0,1,backend\app.py,fallback_nested,6,3,1,0,0,True,backend/app.py:17 pd.read_csv [matched pd.read_csv],True,backend/util.py:46 df.replace [matched df.replace],False,,False,,False,,True,backend/app.py:27 flask.Flask [matched Flask],"unverified: missing stages: modeling, training, evaluation"
https://github.com/xlnwel/deep-learning-nano-degree-udacity,no_dockerfile,False,0,0,0,,,0,0,0,0,0,False,,False,,False,,False,,False,,False,,no Dockerfile and no fallback entry point found
https://github.com/mayi140611/mayiapps,no_dockerfile,False,0,0,0,,,0,0,0,0,0,False,,False,,False,,False,,False,,False,,no Dockerfile and no fallback entry point found
https://github.com/neojohny/ml_7641,no_dockerfile,False,0,0,0,,,0,0,0,0,0,False,,False,,False,,False,,False,,False,,no Dockerfile and no fallback entry point found
https://github.com/vikua/time-series-experiments,no_dockerfile,False,0,0,0,,,0,0,0,0,0,False,,False,,False,,False,,False,,False,,no Dockerfile and no fallback entry point found
https://github.com/navis-org/skeletor,no_dockerfile,False,0,0,0,,,0,0,0,0,0,False,,False,,False,,False,,False,,False,,no Dockerfile and no fallback entry point found
https://github.com/micts/acgcn,no_dockerfile,False,0,0,0,,,0,0,0,0,0,False,,False,,False,,False,,False,,False,,no Dockerfile and no fallback entry point found
https://github.com/PeZeqo/capstone_pokemon_bci,no_dockerfile,False,0,0,0,,,0,0,0,0,0,False,,False,,False,,False,,False,,False,,no Dockerfile and no fallback entry point found
https://github.com/michaelglenister/MT-PyMOL,no_dockerfile,False,0,0,0,,,0,0,0,0,0,False,,False,,False,,False,,False,,False,,no Dockerfile and no fallback entry point found
https://github.com/NadjibSb/PFE-Segment-specefic-Modeling,no_dockerfile,False,0,0,0,,,0,0,0,0,0,False,,False,,False,,False,,False,,False,,no Dockerfile and no fallback entry point found
https://github.com/asmadotgh/unc-net,no_dockerfile,False,0,0,0,,,0,0,0,0,0,False,,False,,False,,False,,False,,False,,no Dockerfile and no fallback entry point found
https://github.com/norbit8/Neural_Analyzer,no_dockerfile,False,0,0,0,,,0,0,0,0,0,False,,False,,False,,False,,False,,False,,no Dockerfile and no fallback entry point found
https://github.com/vdenberg/informational-entity-framing-detection,no_entry,False,0,2,0,,,0,0,0,0,0,False,,False,,False,,False,,False,,False,,Dockerfile(s) found but no Python entry point could be resolved
https://github.com/AI-Stuff/hudson-and-thames-research,no_dockerfile,False,0,0,0,,,0,0,0,0,0,False,,False,,False,,False,,False,,False,,no Dockerfile and no fallback entry point found
https://github.com/mokarian/mypersonality,no_dockerfile,False,0,0,0,,,0,0,0,0,0,False,,False,,False,,False,,False,,False,,no Dockerfile and no fallback entry point found
https://github.com/LegolasVzla/django-twitter-spark,no_dockerfile,False,0,0,0,,,0,0,0,0,0,False,,False,,False,,False,,False,,False,,no Dockerfile and no fallback entry point found
https://github.com/Declanryan/project,no_dockerfile,False,0,0,0,,,0,0,0,0,0,False,,False,,False,,False,,False,,False,,no Dockerfile and no fallback entry point found
https://github.com/GuidoBekkers/textClassifier,no_dockerfile,False,0,0,0,,,0,0,0,0,0,False,,False,,False,,False,,False,,False,,no Dockerfile and no fallback entry point found
https://github.com/tongvantruong/facenet,no_dockerfile,False,0,0,0,,,0,0,0,0,0,False,,False,,False,,False,,False,,False,,no Dockerfile and no fallback entry point found
https://github.com/PatrikValkovic/neural-networks-step-by-step,no_dockerfile,False,0,0,0,,,0,0,0,0,0,False,,False,,False,,False,,False,,False,,no Dockerfile and no fallback entry point found
https://github.com/eddiebergman/algorithmselection,no_dockerfile,False,0,0,0,,,0,0,0,0,0,False,,False,,False,,False,,False,,False,,no Dockerfile and no fallback entry point found
https://github.com/preprocessy/preprocessy,no_dockerfile,False,0,0,0,,,0,0,0,0,0,False,,False,,False,,False,,False,,False,,no Dockerfile and no fallback entry point found
https://github.com/dtuggener/LEDGAR_provision_classification,no_dockerfile,False,0,0,0,,,0,0,0,0,0,False,,False,,False,,False,,False,,False,,no Dockerfile and no fallback entry point found
https://github.com/ctezna/horus-text-miner,no_dockerfile,False,0,0,0,,,0,0,0,0,0,False,,False,,False,,False,,False,,False,,no Dockerfile and no fallback entry point found
https://github.com/DuraMAT/pvpro,ok,False,1,0,1,pvpro\main.py,fallback_nested,2,49,1,0,0,False,,False,,False,,False,,True,pvpro/main.py:1169 sklearn.metrics.mean_squared_error [matched mean_squared_error],False,,"unverified: missing stages: data_acquisition, data_preparation, modeling, training, inference"
https://github.com/MattWittbrodt/fastai,no_dockerfile,False,0,0,0,,,0,0,0,0,0,False,,False,,False,,False,,False,,False,,no Dockerfile and no fallback entry point found
https://github.com/jrieke/traintool,ok,False,3,0,1,traintool\main.py,fallback_nested,3,18,1,0,0,True,traintool/main.py:126 yaml.load [matched yaml.load],False,,False,,True,traintool/main.py:141 comet_ml.Experiment [matched comet_ml.Experiment],False,,True,traintool/model_wrapper.py:76 fastapi.FastAPI [matched FastAPI],"unverified: missing stages: data_preparation, modeling, evaluation"
https://github.com/KenSciResearch/fairMLHealth,no_entry,False,0,1,0,,,0,0,0,0,0,False,,False,,False,,False,,False,,False,,Dockerfile(s) found but no Python entry point could be resolved
https://github.com/bcgov-c/wally,no_entry,False,0,24,0,,,0,0,0,0,0,False,,False,,False,,False,,False,,False,,Dockerfile(s) found but no Python entry point could be resolved
https://github.com/satyarth934/FDL2020_KnowledgeDiscoveryFramework,no_dockerfile,False,0,0,0,,,0,0,0,0,0,False,,False,,False,,False,,False,,False,,no Dockerfile and no fallback entry point found
https://github.com/microsoft/qlib,ok,False,4,1,1,qlib\cli\run.py,fallback_console_script,39,753,4,0,3,True,qlib/cli/run.py:108 yaml.load [matched yaml.load],True,qlib/utils/__init__.py:431 pd.to_datetime [matched pd.to_datetime],True,qlib/model/base.py:0 class ModelFT [matched <class subclasses model base>],True,qlib/workflow/recorder.py:339 mlflow.start_run [matched mlflow.start_run],False,,False,,"unverified: missing stages: evaluation, inference"
https://github.com/teliov/thesis-notebooks,no_dockerfile,False,0,0,0,,,0,0,0,0,0,False,,False,,False,,False,,False,,False,,no Dockerfile and no fallback entry point found
https://github.com/declare-lab/dialogue-understanding,no_dockerfile,False,0,0,0,,,0,0,0,0,0,False,,False,,False,,False,,False,,False,,no Dockerfile and no fallback entry point found
https://github.com/jpcbertoldo/tomo2seg,ok,False,1,0,1,tomo2seg\train.py,fallback_nested,7,104,2,0,0,True,tomo2seg/hosts.py:46 yaml.load [matched yaml.load],False,,False,,False,,False,,False,,"unverified: missing stages: data_preparation, modeling, training, evaluation, inference"
https://github.com/mayi140611/myappsexlib,no_dockerfile,False,0,0,0,,,0,0,0,0,0,False,,False,,False,,False,,False,,False,,no Dockerfile and no fallback entry point found
https://github.com/wangobango/sentiment_analysis,no_dockerfile,False,0,0,0,,,0,0,0,0,0,False,,False,,False,,False,,False,,False,,no Dockerfile and no fallback entry point found
https://github.com/ufal/npfl129,no_dockerfile,False,0,0,0,,,0,0,0,0,0,False,,False,,False,,False,,False,,False,,no Dockerfile and no fallback entry point found
https://github.com/Himagination/FastAI,no_dockerfile,False,0,0,0,,,0,0,0,0,0,False,,False,,False,,False,,False,,False,,no Dockerfile and no fallback entry point found
https://github.com/Haruka1121/PythonDataScienceHandbook,no_dockerfile,False,0,0,0,,,0,0,0,0,0,False,,False,,False,,False,,False,,False,,no Dockerfile and no fallback entry point found
https://github.com/nesl/physiogan,no_dockerfile,False,0,0,0,,,0,0,0,0,0,False,,False,,False,,False,,False,,False,,no Dockerfile and no fallback entry point found
https://github.com/ConstantPark/EDU-Miraeasset_Lecture,no_dockerfile,False,0,0,0,,,0,0,0,0,0,False,,False,,False,,False,,False,,False,,no Dockerfile and no fallback entry point found
https://github.com/deeplearningbrasil/mars-gym,no_dockerfile,False,0,0,0,,,0,0,0,0,0,False,,False,,False,,False,,False,,False,,no Dockerfile and no fallback entry point found
https://github.com/MAP-VICG/VisualSemanticEncoder,no_dockerfile,False,0,0,0,,,0,0,0,0,0,False,,False,,False,,False,,False,,False,,no Dockerfile and no fallback entry point found
https://github.com/crb479/mcdevitt-trauma-ml,no_dockerfile,False,0,0,0,,,0,0,0,0,0,False,,False,,False,,False,,False,,False,,no Dockerfile and no fallback entry point found
https://github.com/datafold-dev/datafold,no_entry,False,0,2,0,,,0,0,0,0,0,False,,False,,False,,False,,False,,False,,Dockerfile(s) found but no Python entry point could be resolved
https://github.com/aoguedao/mat281_2020S2,no_dockerfile,False,0,0,0,,,0,0,0,0,0,False,,False,,False,,False,,False,,False,,no Dockerfile and no fallback entry point found
https://github.com/DeepPSP/torch_ecg,no_entry,False,0,4,0,,,0,0,0,0,0,False,,False,,False,,False,,False,,False,,Dockerfile(s) found but no Python entry point could be resolved
https://github.com/StrayCamel247/Django_web,no_dockerfile,False,0,0,0,,,0,0,0,0,0,False,,False,,False,,False,,False,,False,,no Dockerfile and no fallback entry point found
https://github.com/abramhindle/NorcalNoiseFest2020Code,no_dockerfile,False,0,0,0,,,0,0,0,0,0,False,,False,,False,,False,,False,,False,,no Dockerfile and no fallback entry point found
https://github.com/mwielondek/BCPNN,no_dockerfile,False,0,0,0,,,0,0,0,0,0,False,,False,,False,,False,,False,,False,,no Dockerfile and no fallback entry point found
https://github.com/JoinAJR/blstm_att,no_entry,False,0,1,0,,,0,0,0,0,0,False,,False,,False,,False,,False,,False,,Dockerfile(s) found but no Python entry point could be resolved
https://github.com/jdharveng/deeplexia,no_entry,False,0,1,0,,,0,0,0,0,0,False,,False,,False,,False,,False,,False,,Dockerfile(s) found but no Python entry point could be resolved
https://github.com/KUAI-Bigcontest/team_kuai,no_dockerfile,False,0,0,0,,,0,0,0,0,0,False,,False,,False,,False,,False,,False,,no Dockerfile and no fallback entry point found
https://github.com/Arno989/Project-3,no_entry,False,0,1,0,,,0,0,0,0,0,False,,False,,False,,False,,False,,False,,Dockerfile(s) found but no Python entry point could be resolved
https://github.com/sztest11/ssd_keras_1class,no_dockerfile,False,0,0,0,,,0,0,0,0,0,False,,False,,False,,False,,False,,False,,no Dockerfile and no fallback entry point found
https://github.com/operatorai/modelstore,no_entry,False,0,2,1,,dockerfile,0,0,0,0,0,False,,False,,False,,False,,False,,False,,no resolved entry point yielded a usable call graph
https://github.com/jatink1/Titofy,no_dockerfile,False,0,0,0,,,0,0,0,0,0,False,,False,,False,,False,,False,,False,,no Dockerfile and no fallback entry point found
https://github.com/elizabeth-reeves/covid-19-risk-video-analysis,no_dockerfile,False,0,0,0,,,0,0,0,0,0,False,,False,,False,,False,,False,,False,,no Dockerfile and no fallback entry point found
https://github.com/itayisraelov/RealEstateMLProject,no_dockerfile,False,0,0,0,,,0,0,0,0,0,False,,False,,False,,False,,False,,False,,no Dockerfile and no fallback entry point found
https://github.com/brandonapon/birdwatcher,no_dockerfile,False,0,0,0,,,0,0,0,0,0,False,,False,,False,,False,,False,,False,,no Dockerfile and no fallback entry point found
https://github.com/yuayixio/MovieRatingPredictor,ok,False,2,0,1,src\train.py,fallback_nested,1,6,0,0,0,True,src/train.py:14 pd.read_csv [matched pd.read_csv],True,src/train.py:82 df.apply [matched df.apply],False,,False,,False,,False,,"unverified: missing stages: modeling, training, evaluation, inference"
https://github.com/comp-phys-proj/dscribe-clone,no_dockerfile,False,0,0,0,,,0,0,0,0,0,False,,False,,False,,False,,False,,False,,no Dockerfile and no fallback entry point found
https://github.com/EemeliSaari/DeepTrends,ok,False,0,0,1,deep_trends\cli\parse_pdfs.py,fallback_console_script,1,2,0,0,0,False,,False,,False,,False,,False,,False,,"unverified: missing stages: data_acquisition, data_preparation, modeling, training, evaluation, inference"
https://github.com/grisaitis/udacity-dl,no_dockerfile,False,0,0,0,,,0,0,0,0,0,False,,False,,False,,False,,False,,False,,no Dockerfile and no fallback entry point found
https://github.com/rohanjdr01/fastai,no_dockerfile,False,0,0,0,,,0,0,0,0,0,False,,False,,False,,False,,False,,False,,no Dockerfile and no fallback entry point found
https://github.com/Jabor047/robo-arm-soft,no_dockerfile,False,0,0,0,,,0,0,0,0,0,False,,False,,False,,False,,False,,False,,no Dockerfile and no fallback entry point found
https://github.com/adalca/neurite,no_dockerfile,False,0,0,0,,,0,0,0,0,0,False,,False,,False,,False,,False,,False,,no Dockerfile and no fallback entry point found
https://github.com/andreanr/UrbanExpansion,no_entry,False,0,2,0,,,0,0,0,0,0,False,,False,,False,,False,,False,,False,,Dockerfile(s) found but no Python entry point could be resolved
https://github.com/mycecilia/FaST-LMM,no_dockerfile,False,0,0,0,,,0,0,0,0,0,False,,False,,False,,False,,False,,False,,no Dockerfile and no fallback entry point found
https://github.com/RobShanahanUCD/DublinBusProject,no_entry,False,0,1,0,,,0,0,0,0,0,False,,False,,False,,False,,False,,False,,Dockerfile(s) found but no Python entry point could be resolved
https://github.com/BM-K/KoSentenceBERT-ETRI,ok,False,5,0,1,transformers\__main__.py,fallback_nested,114,1700,5,0,0,True,transformers/convert_transfo_xl_original_tf_checkpoint_to_pytorch.py:53 pickle.load [matched pickle.load],True,transformers/tokenization_transfo_xl.py:365 tokenizers.Tokenizer [matched Tokenizer],True,transformers/modeling_utils.py:0 class PreTrainedModel [matched <class subclasses model base>],False,,True,transformers/data/metrics/__init__.py:37 sklearn.metrics.f1_score [matched f1_score],True,transformers/pipelines.py:485 torch.no_grad [matched torch.no_grad],unverified: missing stages: training
https://github.com/nikithamalgifb/dlrm,no_entry,False,0,1,0,,,0,0,0,0,0,False,,False,,False,,False,,False,,False,,Dockerfile(s) found but no Python entry point could be resolved
https://github.com/ndcorc/retail-app,ok,False,1,0,1,object_detection\train.py,fallback_nested,4,3,1,0,0,False,,False,,False,,True,object_detection/train.py:204 object_detection.trainer.train [matched trainer.train],False,,False,,"unverified: missing stages: data_acquisition, data_preparation, modeling, evaluation, inference"
https://github.com/daozhi0921/OpenNRE,no_dockerfile,False,0,0,0,,,0,0,0,0,0,False,,False,,False,,False,,False,,False,,no Dockerfile and no fallback entry point found
https://github.com/PNLPUOS/PNLPUOS,ok,True,6,0,1,pnlp\__main__.py,fallback_nested,9,60,2,0,0,True,pnlp/__main__.py:23 json.load [matched json.load],True,pnlp/src/topic_modeling/topic_modeling.py:62 transformers.BertTokenizer.from_pretrained [matched BertTokenizer.from_pretrained],True,pnlp/src/topic_modeling/topic_modeling.py:82 transformers.BertModel.from_pretrained [matched BertModel.from_pretrained],True,pnlp/src/topic_modeling/topic_modeling.py:597 fit_predict [matched .fit_predict],True,pnlp/src/sentiment_classifier/rnn_sentiment.py:239 model.evaluate [matched model.evaluate],True,pnlp/src/topic_modeling/topic_modeling.py:84 model.eval [matched model.eval],verified: all 6 stages present
https://github.com/jennyinc777/subreddit_nlp,no_dockerfile,False,0,0,0,,,0,0,0,0,0,False,,False,,False,,False,,False,,False,,no Dockerfile and no fallback entry point found
https://github.com/chrisyeh96/india-poverty,ok,False,2,0,1,cnns\train.py,fallback_nested,1,2,0,0,0,False,,False,,False,,True,cnns/train.py:85 optimizer.zero_grad [matched optimizer.zero_grad],True,cnns/train.py:101 sklearn.metrics.r2_score [matched r2_score],False,,"unverified: missing stages: data_acquisition, data_preparation, modeling, inference"
https://github.com/oscarkey/multitask-learning,no_dockerfile,False,0,0,0,,,0,0,0,0,0,False,,False,,False,,False,,False,,False,,no Dockerfile and no fallback entry point found
https://github.com/muwongeemmanuel/seemlos,no_dockerfile,False,0,0,0,,,0,0,0,0,0,False,,False,,False,,False,,False,,False,,no Dockerfile and no fallback entry point found
https://github.com/gyaansastra/DeepLab,ok,False,4,0,1,deeplabcut\__main__.py,fallback_nested,87,721,5,0,0,True,deeplabcut/utils/skeleton.py:52 pd.read_hdf [matched pd.read_hdf],True,deeplabcut/utils/skeleton.py:92 self.df.groupby [matched df.groupby],True,deeplabcut/refine_training_dataset/outlier_frames.py:306 sm.tsa.statespace.SARIMAX [matched SARIMAX],False,,False,,True,deeplabcut/pose_estimation_tensorflow/dataset/pose_dataset_imgaug.py:302 pipeline [matched pipeline],"unverified: missing stages: training, evaluation"
https://github.com/maya-ami/social_voice_assistant,no_entry,False,0,5,0,,,0,0,0,0,0,False,,False,,False,,False,,False,,False,,Dockerfile(s) found but no Python entry point could be resolved
https://github.com/SajjadAemmi/Face-Recognition,no_dockerfile,False,0,0,0,,,0,0,0,0,0,False,,False,,False,,False,,False,,False,,no Dockerfile and no fallback entry point found
https://github.com/Chuba-Oraka/workshop-ML-20200919,no_entry,False,0,15,0,,,0,0,0,0,0,False,,False,,False,,False,,False,,False,,Dockerfile(s) found but no Python entry point could be resolved
https://github.com/raoashish10/NoCode-ML,no_dockerfile,False,0,0,0,,,0,0,0,0,0,False,,False,,False,,False,,False,,False,,no Dockerfile and no fallback entry point found
https://github.com/yunshenhsieh/bigdata_team,no_dockerfile,False,0,0,0,,,0,0,0,0,0,False,,False,,False,,False,,False,,False,,no Dockerfile and no fallback entry point found
https://github.com/icen1ne/ML,no_entry,False,0,1,0,,,0,0,0,0,0,False,,False,,False,,False,,False,,False,,Dockerfile(s) found but no Python entry point could be resolved
https://github.com/lRomul/argus-freesound,no_entry,False,0,1,0,,,0,0,0,0,0,False,,False,,False,,False,,False,,False,,Dockerfile(s) found but no Python entry point could be resolved
https://github.com/khuf/INFO381,no_dockerfile,False,0,0,0,,,0,0,0,0,0,False,,False,,False,,False,,False,,False,,no Dockerfile and no fallback entry point found
https://github.com/solashirai/FREx,no_dockerfile,False,0,0,0,,,0,0,0,0,0,False,,False,,False,,False,,False,,False,,no Dockerfile and no fallback entry point found
https://github.com/nobu-g/2019_shinjin_baseline3,no_dockerfile,False,0,0,0,,,0,0,0,0,0,False,,False,,False,,False,,False,,False,,no Dockerfile and no fallback entry point found
https://github.com/thomas-young-2013/efficient-tlbo,no_dockerfile,False,0,0,0,,,0,0,0,0,0,False,,False,,False,,False,,False,,False,,no Dockerfile and no fallback entry point found
https://github.com/ihalage/analogmat,no_dockerfile,False,0,0,0,,,0,0,0,0,0,False,,False,,False,,False,,False,,False,,no Dockerfile and no fallback entry point found
https://github.com/alan-turing-institute/ModMon,ok,False,1,1,1,modmon\db\create.py,fallback_console_script,7,13,3,0,0,True,modmon/db/create.py:29 sqlalchemy.create_engine [matched sqlalchemy.create_engine],False,,False,,False,,False,,False,,"unverified: missing stages: data_preparation, modeling, training, evaluation, inference"
https://github.com/armandossrecife/machinelearning,no_dockerfile,False,0,0,0,,,0,0,0,0,0,False,,False,,False,,False,,False,,False,,no Dockerfile and no fallback entry point found
https://github.com/PAIR-code/lit,ok,False,0,2,1,lit_nlp\app.py,fallback_nested,4,31,1,0,0,False,,False,,False,,False,,False,,False,,"unverified: missing stages: data_acquisition, data_preparation, modeling, training, evaluation, inference"
https://github.com/syou6162/tmu_cs2_2020,no_entry,False,0,1,0,,,0,0,0,0,0,False,,False,,False,,False,,False,,False,,Dockerfile(s) found but no Python entry point could be resolved
https://github.com/gurjot-kaur/Sentiment-Analysis-API,no_entry,False,0,1,0,,,0,0,0,0,0,False,,False,,False,,False,,False,,False,,Dockerfile(s) found but no Python entry point could be resolved
https://github.com/PrathameshDeshpande/ML_Intern_Technocolab,no_dockerfile,False,0,0,0,,,0,0,0,0,0,False,,False,,False,,False,,False,,False,,no Dockerfile and no fallback entry point found
https://github.com/JoseGuzman/minibrain,no_dockerfile,False,0,0,0,,,0,0,0,0,0,False,,False,,False,,False,,False,,False,,no Dockerfile and no fallback entry point found
https://github.com/tmirzaev-dotcom/signalProcessing,ok,False,3,0,1,asteroid\scripts\asteroid_cli.py,fallback_console_script,43,232,6,0,0,True,asteroid/scripts/asteroid_cli.py:64 yaml.safe_load [matched yaml.safe_load],False,,True,asteroid/models/base_models.py:0 class BaseModel [matched <class subclasses model base>],False,,False,,True,asteroid/models/base_models.py:19 torch.no_grad [matched torch.no_grad],"unverified: missing stages: data_preparation, training, evaluation"
https://github.com/iyjian/fastbook_cn,no_dockerfile,False,0,0,0,,,0,0,0,0,0,False,,False,,False,,False,,False,,False,,no Dockerfile and no fallback entry point found
https://github.com/RoyKlaasseBos/Hiding-Instagram-Likes,no_dockerfile,False,0,0,0,,,0,0,0,0,0,False,,False,,False,,False,,False,,False,,no Dockerfile and no fallback entry point found
https://github.com/ocefpaf/utilities,no_dockerfile,False,0,0,0,,,0,0,0,0,0,False,,False,,False,,False,,False,,False,,no Dockerfile and no fallback entry point found
https://github.com/Serjiklis/ds3-spring-2018,no_entry,False,0,2,0,,,0,0,0,0,0,False,,False,,False,,False,,False,,False,,Dockerfile(s) found but no Python entry point could be resolved
https://github.com/changchengchung1129/emerson,no_entry,False,0,1,0,,,0,0,0,0,0,False,,False,,False,,False,,False,,False,,Dockerfile(s) found but no Python entry point could be resolved
https://github.com/vnrag/data-ml-utils,no_dockerfile,False,0,0,0,,,0,0,0,0,0,False,,False,,False,,False,,False,,False,,no Dockerfile and no fallback entry point found
https://github.com/likeblood/SmartMed,no_dockerfile,False,0,0,0,,,0,0,0,0,0,False,,False,,False,,False,,False,,False,,no Dockerfile and no fallback entry point found
https://github.com/PowderL/Local-variable-importance-from-a-global-model,no_dockerfile,False,0,0,0,,,0,0,0,0,0,False,,False,,False,,False,,False,,False,,no Dockerfile and no fallback entry point found
https://github.com/flipz357/regesta-imperii-to-semgis,ok,False,1,0,1,src\main.py,fallback_nested,1,1,0,0,0,True,src/main.py:137 json.load [matched json.load],False,,False,,False,,False,,False,,"unverified: missing stages: data_preparation, modeling, training, evaluation, inference"
https://github.com/cindistar/machine-learning-python,no_dockerfile,False,0,0,0,,,0,0,0,0,0,False,,False,,False,,False,,False,,False,,no Dockerfile and no fallback entry point found
https://github.com/franneck94/UdemyTF,no_dockerfile,False,0,0,0,,,0,0,0,0,0,False,,False,,False,,False,,False,,False,,no Dockerfile and no fallback entry point found
https://github.com/FedericoVasile1/Project8,no_dockerfile,False,0,0,0,,,0,0,0,0,0,False,,False,,False,,False,,False,,False,,no Dockerfile and no fallback entry point found
https://github.com/Retsediv/WIFI_CSI_based_HAR,no_dockerfile,False,0,0,0,,,0,0,0,0,0,False,,False,,False,,False,,False,,False,,no Dockerfile and no fallback entry point found
https://github.com/Anil-matcha/KSP-IPH-2019-table30,no_dockerfile,False,0,0,0,,,0,0,0,0,0,False,,False,,False,,False,,False,,False,,no Dockerfile and no fallback entry point found
https://github.com/JeffW12345/formality-classification-using-machine-learning,no_dockerfile,False,0,0,0,,,0,0,0,0,0,False,,False,,False,,False,,False,,False,,no Dockerfile and no fallback entry point found
https://github.com/balakreshnan/synapseAnalytics,no_dockerfile,False,0,0,0,,,0,0,0,0,0,False,,False,,False,,False,,False,,False,,no Dockerfile and no fallback entry point found
https://github.com/LaszloBogacsi/natural-language-processing,no_entry,False,0,1,0,,,0,0,0,0,0,False,,False,,False,,False,,False,,False,,Dockerfile(s) found but no Python entry point could be resolved
https://github.com/andriygav/MachineLearningSeminars,no_dockerfile,False,0,0,0,,,0,0,0,0,0,False,,False,,False,,False,,False,,False,,no Dockerfile and no fallback entry point found
https://github.com/epigen/crop-seq,no_dockerfile,False,0,0,0,,,0,0,0,0,0,False,,False,,False,,False,,False,,False,,no Dockerfile and no fallback entry point found
https://github.com/sahithyaravi1493/explainableML,no_dockerfile,False,0,0,0,,,0,0,0,0,0,False,,False,,False,,False,,False,,False,,no Dockerfile and no fallback entry point found
https://github.com/HaritzPuerto/HSGN,no_entry,False,0,1,0,,,0,0,0,0,0,False,,False,,False,,False,,False,,False,,Dockerfile(s) found but no Python entry point could be resolved
https://github.com/mguidoti/DSND-p2-disaster_response_pipeline,ok,False,3,0,1,app\run.py,fallback_nested,1,4,0,0,0,True,app/run.py:29 sqlalchemy.create_engine [matched sqlalchemy.create_engine],True,app/run.py:18 nltk.tokenize.word_tokenize [matched nltk.tokenize.word_tokenize],False,,False,,False,,True,app/run.py:15 flask.Flask [matched Flask],"unverified: missing stages: modeling, training, evaluation"
https://github.com/zhaoxin111/insightface,ok,False,1,0,1,src\train.py,fallback_nested,1,11,0,0,0,False,,False,,False,,True,src/train.py:1003 model.fit [matched model.fit],False,,False,,"unverified: missing stages: data_acquisition, data_preparation, modeling, evaluation, inference"
https://github.com/Nikhil-Wani/Building-and-Deploying-Deep-Learning-Applications-with-TensorFlow,no_dockerfile,False,0,0,0,,,0,0,0,0,0,False,,False,,False,,False,,False,,False,,no Dockerfile and no fallback entry point found
https://github.com/georgezakinih/candle-benchmarks,no_dockerfile,False,0,0,0,,,0,0,0,0,0,False,,False,,False,,False,,False,,False,,no Dockerfile and no fallback entry point found
https://github.com/gitter-badger/cova-core,no_entry,False,0,1,0,,,0,0,0,0,0,False,,False,,False,,False,,False,,False,,Dockerfile(s) found but no Python entry point could be resolved
https://github.com/NLP-CISUC/ASAPPpy,no_dockerfile,False,0,0,0,,,0,0,0,0,0,False,,False,,False,,False,,False,,False,,no Dockerfile and no fallback entry point found
https://github.com/langsari/ftu-artificial-intelligence,no_entry,False,0,2,0,,,0,0,0,0,0,False,,False,,False,,False,,False,,False,,Dockerfile(s) found but no Python entry point could be resolved
https://github.com/cutright/DVHA-Stats,no_dockerfile,False,0,0,0,,,0,0,0,0,0,False,,False,,False,,False,,False,,False,,no Dockerfile and no fallback entry point found
https://github.com/StevenDye/Image-Processing-Mask-Detection,no_dockerfile,False,0,0,0,,,0,0,0,0,0,False,,False,,False,,False,,False,,False,,no Dockerfile and no fallback entry point found
https://github.com/AlgTUDelft/ExpensiveOptimBenchmark,no_entry,False,0,1,0,,,0,0,0,0,0,False,,False,,False,,False,,False,,False,,Dockerfile(s) found but no Python entry point could be resolved
https://github.com/sarasrking/hhbackup,no_dockerfile,False,0,0,0,,,0,0,0,0,0,False,,False,,False,,False,,False,,False,,no Dockerfile and no fallback entry point found
https://github.com/GaotongWu/LSTM-FCN-time-series-classification,no_dockerfile,False,0,0,0,,,0,0,0,0,0,False,,False,,False,,False,,False,,False,,no Dockerfile and no fallback entry point found
https://github.com/AlbertoCastelo/Neuro-Evolution-BNN,no_entry,False,0,1,0,,,0,0,0,0,0,False,,False,,False,,False,,False,,False,,Dockerfile(s) found but no Python entry point could be resolved
https://github.com/huangyingw/fastai_fastbook,no_dockerfile,False,0,0,0,,,0,0,0,0,0,False,,False,,False,,False,,False,,False,,no Dockerfile and no fallback entry point found
https://github.com/mjwen/bondnet,ok,False,4,0,1,bondnet\scripts\predict_cli.py,fallback_console_script,24,382,6,0,0,True,bondnet/prediction/predictor.py:203 bondnet.prediction.load_model.load_dataset [matched load_dataset],True,bondnet/data/dataset.py:574 bondnet.data.transformers.StandardScaler [matched StandardScaler],True,bondnet/model/gated_mol.py:0 class GatedGCNMol [matched <class subclasses model base>],False,,False,,True,bondnet/prediction/predictor.py:229 model.eval [matched model.eval],"unverified: missing stages: training, evaluation"
https://github.com/victor7246/WNUT-2020-Task-2,no_dockerfile,False,0,0,0,,,0,0,0,0,0,False,,False,,False,,False,,False,,False,,no Dockerfile and no fallback entry point found
https://github.com/med-cab-1/data_engineer,ok,False,1,0,1,app\main.py,fallback_nested,2,0,1,0,0,False,,False,,False,,False,,False,,True,app/main.py:7 fastapi.FastAPI [matched FastAPI],"unverified: missing stages: data_acquisition, data_preparation, modeling, training, evaluation"
https://github.com/Azure/decisionAI-plugin,no_entry,False,0,3,0,,,0,0,0,0,0,False,,False,,False,,False,,False,,False,,Dockerfile(s) found but no Python entry point could be resolved
https://github.com/darpanshah2/cov_t,no_dockerfile,False,0,0,0,,,0,0,0,0,0,False,,False,,False,,False,,False,,False,,no Dockerfile and no fallback entry point found
https://github.com/Beneboe/Multi-Label-Text-Classification,no_dockerfile,False,0,0,0,,,0,0,0,0,0,False,,False,,False,,False,,False,,False,,no Dockerfile and no fallback entry point found
https://github.com/ViktorC/PararealML,no_dockerfile,False,0,0,0,,,0,0,0,0,0,False,,False,,False,,False,,False,,False,,no Dockerfile and no fallback entry point found
https://github.com/antoinedaurat/alcokit,no_dockerfile,False,0,0,0,,,0,0,0,0,0,False,,False,,False,,False,,False,,False,,no Dockerfile and no fallback entry point found
https://github.com/miguelfbrito/microservice-identification,ok,False,2,0,1,app\main.py,fallback_nested,1,12,0,0,0,True,app/main.py:250 json.load [matched json.load],False,,False,,True,app/main.py:173 af.fit_predict [matched .fit_predict],False,,False,,"unverified: missing stages: data_preparation, modeling, evaluation, inference"
https://github.com/Air-BnB-2-BW/data-science,ok,False,1,0,1,app\main.py,fallback_nested,2,0,1,0,0,False,,False,,False,,False,,False,,True,app/main.py:7 fastapi.FastAPI [matched FastAPI],"unverified: missing stages: data_acquisition, data_preparation, modeling, training, evaluation"
https://github.com/Poetickz/color-cone-algorithm,no_dockerfile,False,0,0,0,,,0,0,0,0,0,False,,False,,False,,False,,False,,False,,no Dockerfile and no fallback entry point found
https://github.com/Buildweek-Spotify1/DS,ok,False,2,0,1,api\app.py,fallback_nested,1,6,0,0,0,True,api/app.py:19 pd.read_csv [matched pd.read_csv],False,,False,,False,,False,,True,api/app.py:13 flask.Flask [matched Flask],"unverified: missing stages: data_preparation, modeling, training, evaluation"
https://github.com/liewrichmond/CS50AI,no_dockerfile,False,0,0,0,,,0,0,0,0,0,False,,False,,False,,False,,False,,False,,no Dockerfile and no fallback entry point found
https://github.com/saneravi/ML_Stuff,no_entry,False,0,1,0,,,0,0,0,0,0,False,,False,,False,,False,,False,,False,,Dockerfile(s) found but no Python entry point could be resolved
https://github.com/arceda/siso,no_dockerfile,False,0,0,0,,,0,0,0,0,0,False,,False,,False,,False,,False,,False,,no Dockerfile and no fallback entry point found
https://github.com/takapy0210/takaggle,no_dockerfile,False,0,0,0,,,0,0,0,0,0,False,,False,,False,,False,,False,,False,,no Dockerfile and no fallback entry point found
https://github.com/sandeepnair2812/Image-ATM-for-Classification,ok,False,2,1,1,imageatm\client\client.py,fallback_console_script,4,18,2,0,0,True,imageatm/utils/io.py:9 json.load [matched json.load],False,,False,,False,,False,,True,imageatm/client/client.py:77 imageatm.client.commands.pipeline [matched pipeline],"unverified: missing stages: data_preparation, modeling, training, evaluation"
https://github.com/dachosen1/Common-Voice,no_entry,False,0,2,0,,,0,0,0,0,0,False,,False,,False,,False,,False,,False,,Dockerfile(s) found but no Python entry point could be resolved
https://github.com/BGT-M/spartan2,no_dockerfile,False,0,0,0,,,0,0,0,0,0,False,,False,,False,,False,,False,,False,,no Dockerfile and no fallback entry point found
https://github.com/hilberthit/transformers,no_entry,False,0,7,0,,,0,0,0,0,0,False,,False,,False,,False,,False,,False,,Dockerfile(s) found but no Python entry point could be resolved
https://github.com/arnauddelaunay/linkvalue-datascience-training,no_entry,False,0,1,0,,,0,0,0,0,0,False,,False,,False,,False,,False,,False,,Dockerfile(s) found but no Python entry point could be resolved
https://github.com/samirelanduk/ZincBindPredict,no_entry,False,0,1,0,,,0,0,0,0,0,False,,False,,False,,False,,False,,False,,Dockerfile(s) found but no Python entry point could be resolved
https://github.com/Build-Week-Med-Cabinet-Two/Data-Science,no_dockerfile,False,0,0,0,,,0,0,0,0,0,False,,False,,False,,False,,False,,False,,no Dockerfile and no fallback entry point found
https://github.com/uf-hobi-informatics-lab/seqEHR,no_dockerfile,False,0,0,0,,,0,0,0,0,0,False,,False,,False,,False,,False,,False,,no Dockerfile and no fallback entry point found
https://github.com/RRisto/quickthoughts,no_dockerfile,False,0,0,0,,,0,0,0,0,0,False,,False,,False,,False,,False,,False,,no Dockerfile and no fallback entry point found
https://github.com/Svito-zar/gesticulator,ok,False,4,2,1,gesticulator\train.py,fallback_nested,5,48,3,0,0,True,gesticulator/model/model.py:212 def train_dataloader [matched <lightning hook train_dataloader>],False,,True,gesticulator/model/model.py:0 class GesticulatorModel [matched <class subclasses model base>],True,gesticulator/train.py:43 trainer.fit [matched trainer.fit],True,gesticulator/model/model.py:458 def validation_step [matched <lightning hook validation_step>],False,,"unverified: missing stages: data_preparation, inference"
https://github.com/jdb78/pytorch-forecasting,no_dockerfile,False,0,0,0,,,0,0,0,0,0,False,,False,,False,,False,,False,,False,,no Dockerfile and no fallback entry point found
https://github.com/shrikant-rajappan/PythonDataScienceFullThrottle,no_entry,False,0,1,0,,,0,0,0,0,0,False,,False,,False,,False,,False,,False,,Dockerfile(s) found but no Python entry point could be resolved
https://github.com/linkedin/gdmix,no_entry,False,0,4,0,,,0,0,0,0,0,False,,False,,False,,False,,False,,False,,Dockerfile(s) found but no Python entry point could be resolved
https://github.com/gusye1234/LightGCN-PyTorch,no_dockerfile,False,0,0,0,,,0,0,0,0,0,False,,False,,False,,False,,False,,False,,no Dockerfile and no fallback entry point found
https://github.com/andriygav/SampleSizeLib,no_dockerfile,False,0,0,0,,,0,0,0,0,0,False,,False,,False,,False,,False,,False,,no Dockerfile and no fallback entry point found
https://github.com/Iselix/kwiiyatta,ok,False,2,0,1,kwiiyatta\convert_voice.py,fallback_console_script,17,98,3,0,0,True,kwiiyatta/config.py:97 self.load_dataset [matched load_dataset],False,,True,kwiiyatta/converter/gmm.py:20 sklearn.mixture.GaussianMixture [matched GaussianMixture],False,,False,,False,,"unverified: missing stages: data_preparation, training, evaluation, inference"
https://github.com/Lou1sWang/deepneighbor,ok,False,1,0,1,deepneighbor\main.py,fallback_nested,1,0,0,0,0,True,deepneighbor/main.py:6 pd.read_csv [matched pd.read_csv],False,,False,,False,,False,,False,,"unverified: missing stages: data_preparation, modeling, training, evaluation, inference"
https://github.com/hhzrd/BERT-Embedding-Frequently-Asked-Question,no_dockerfile,False,0,0,0,,,0,0,0,0,0,False,,False,,False,,False,,False,,False,,no Dockerfile and no fallback entry point found
https://github.com/xpdAcq/xpdtools,ok,False,2,0,1,xpdtools\cli\process_tiff.py,fallback_console_script,8,47,3,0,0,True,xpdtools/cli/process_tiff.py:177 np.load [matched np.load],True,xpdtools/cli/process_tiff.py:168 make_pipeline [matched make_pipeline],False,,False,,False,,False,,"unverified: missing stages: modeling, training, evaluation, inference"
https://github.com/benayas1/benatools,no_dockerfile,False,0,0,0,,,0,0,0,0,0,False,,False,,False,,False,,False,,False,,no Dockerfile and no fallback entry point found
https://github.com/cybertraining-dsc/sp19-222-92,no_entry,False,0,1,0,,,0,0,0,0,0,False,,False,,False,,False,,False,,False,,Dockerfile(s) found but no Python entry point could be resolved
https://github.com/shag527/Movy-Matchism,no_dockerfile,False,0,0,0,,,0,0,0,0,0,False,,False,,False,,False,,False,,False,,no Dockerfile and no fallback entry point found
https://github.com/hanss0n/Clustrify,no_entry,False,0,1,0,,,0,0,0,0,0,False,,False,,False,,False,,False,,False,,Dockerfile(s) found but no Python entry point could be resolved
https://github.com/cybertraining-dsc/sp19-222-101,no_entry,False,0,2,0,,,0,0,0,0,0,False,,False,,False,,False,,False,,False,,Dockerfile(s) found but no Python entry point could be resolved
https://github.com/NLPatVCU/SMM4H,no_dockerfile,False,0,0,0,,,0,0,0,0,0,False,,False,,False,,False,,False,,False,,no Dockerfile and no fallback entry point found
https://github.com/akikuno/DAJIN,no_dockerfile,False,0,0,0,,,0,0,0,0,0,False,,False,,False,,False,,False,,False,,no Dockerfile and no fallback entry point found
https://github.com/felipenunezb/qa_project,no_dockerfile,False,0,0,0,,,0,0,0,0,0,False,,False,,False,,False,,False,,False,,no Dockerfile and no fallback entry point found
https://github.com/nathanwang000/Shapley-Flow,no_dockerfile,False,0,0,0,,,0,0,0,0,0,False,,False,,False,,False,,False,,False,,no Dockerfile and no fallback entry point found
https://github.com/phenology/cgc,no_dockerfile,False,0,0,0,,,0,0,0,0,0,False,,False,,False,,False,,False,,False,,no Dockerfile and no fallback entry point found
https://github.com/sequana/sequana,ok,False,2,6,1,sequana\scripts\main\main.py,fallback_console_script,133,1300,4,0,3,True,sequana/scripts/main/rnadiff.py:372 pd.read_csv [matched pd.read_csv],True,sequana/scripts/main/enrichment_kegg.py:205 pd.concat [matched pd.concat],False,,False,,False,,False,,"unverified: missing stages: modeling, training, evaluation, inference"
https://github.com/dllllb/ds-pipeline,no_dockerfile,False,0,0,0,,,0,0,0,0,0,False,,False,,False,,False,,False,,False,,no Dockerfile and no fallback entry point found
https://github.com/sandeepnair2812/DEEP-LEARNING-FOR-TIME-SERIES,no_dockerfile,False,0,0,0,,,0,0,0,0,0,False,,False,,False,,False,,False,,False,,no Dockerfile and no fallback entry point found
https://github.com/leomorpho/confusion_detection,no_dockerfile,False,0,0,0,,,0,0,0,0,0,False,,False,,False,,False,,False,,False,,no Dockerfile and no fallback entry point found
https://github.com/doslindos/ml_stuff,no_dockerfile,False,0,0,0,,,0,0,0,0,0,False,,False,,False,,False,,False,,False,,no Dockerfile and no fallback entry point found
https://github.com/OwenMyers/z3support,no_dockerfile,False,0,0,0,,,0,0,0,0,0,False,,False,,False,,False,,False,,False,,no Dockerfile and no fallback entry point found
https://github.com/IanEdington/learn,no_dockerfile,False,0,0,0,,,0,0,0,0,0,False,,False,,False,,False,,False,,False,,no Dockerfile and no fallback entry point found
https://github.com/SamComber/spacv,no_dockerfile,False,0,0,0,,,0,0,0,0,0,False,,False,,False,,False,,False,,False,,no Dockerfile and no fallback entry point found
https://github.com/fagonzalezo/qmc,no_dockerfile,False,0,0,0,,,0,0,0,0,0,False,,False,,False,,False,,False,,False,,no Dockerfile and no fallback entry point found
https://github.com/ProFatXuanAll/BERT-gang,no_dockerfile,False,0,0,0,,,0,0,0,0,0,False,,False,,False,,False,,False,,False,,no Dockerfile and no fallback entry point found
https://github.com/datawhalechina/statistical-learning-method-solutions-manual,no_dockerfile,False,0,0,0,,,0,0,0,0,0,False,,False,,False,,False,,False,,False,,no Dockerfile and no fallback entry point found
https://github.com/viniciusriosfuck/dscodenation,no_dockerfile,False,0,0,0,,,0,0,0,0,0,False,,False,,False,,False,,False,,False,,no Dockerfile and no fallback entry point found
https://github.com/shahzebanwar/deeplearnig_practice_udacity,no_dockerfile,False,0,0,0,,,0,0,0,0,0,False,,False,,False,,False,,False,,False,,no Dockerfile and no fallback entry point found
https://github.com/EverySports/Deep-Learning,no_dockerfile,False,0,0,0,,,0,0,0,0,0,False,,False,,False,,False,,False,,False,,no Dockerfile and no fallback entry point found
https://github.com/jim-schwoebel/allie,no_entry,False,0,2,0,,,0,0,0,0,0,False,,False,,False,,False,,False,,False,,Dockerfile(s) found but no Python entry point could be resolved
https://github.com/luiarthur/TuringBnpBenchmarks,no_dockerfile,False,0,0,0,,,0,0,0,0,0,False,,False,,False,,False,,False,,False,,no Dockerfile and no fallback entry point found
https://github.com/TRoboto/Gender-Recognition-by-Voice,ok,False,3,0,1,src\main.py,fallback_nested,1,3,0,0,0,False,,False,,True,src/main.py:72 xgb.XGBClassifier [matched XGBClassifier],True,src/main.py:76 model.fit [matched model.fit],False,,True,src/main.py:81 model.predict [matched model.predict],"unverified: missing stages: data_acquisition, data_preparation, evaluation"
https://github.com/swarnima26796/Data-Science-Portfolio,no_dockerfile,False,0,0,0,,,0,0,0,0,0,False,,False,,False,,False,,False,,False,,no Dockerfile and no fallback entry point found
https://github.com/hidai25/mouserepwithgestures,no_dockerfile,False,0,0,0,,,0,0,0,0,0,False,,False,,False,,False,,False,,False,,no Dockerfile and no fallback entry point found
https://github.com/CcgAlberta/pygeostat,no_dockerfile,False,0,0,0,,,0,0,0,0,0,False,,False,,False,,False,,False,,False,,no Dockerfile and no fallback entry point found
https://github.com/prooproo123/Exercise-Recommendation-System,no_dockerfile,False,0,0,0,,,0,0,0,0,0,False,,False,,False,,False,,False,,False,,no Dockerfile and no fallback entry point found
https://github.com/ddinesan/NeuroMatchAcademy,no_dockerfile,False,0,0,0,,,0,0,0,0,0,False,,False,,False,,False,,False,,False,,no Dockerfile and no fallback entry point found
https://github.com/prakranj/pyaudio,no_dockerfile,False,0,0,0,,,0,0,0,0,0,False,,False,,False,,False,,False,,False,,no Dockerfile and no fallback entry point found
https://github.com/Ashwin-Pokharel/dewi,no_dockerfile,False,0,0,0,,,0,0,0,0,0,False,,False,,False,,False,,False,,False,,no Dockerfile and no fallback entry point found
https://github.com/intel/neural-compressor,no_entry,False,0,1,0,,,0,0,0,0,0,False,,False,,False,,False,,False,,False,,Dockerfile(s) found but no Python entry point could be resolved
https://github.com/fileszero/mfme,no_dockerfile,False,0,0,0,,,0,0,0,0,0,False,,False,,False,,False,,False,,False,,no Dockerfile and no fallback entry point found
https://github.com/JonathanSchaber/shared_task,no_dockerfile,False,0,0,0,,,0,0,0,0,0,False,,False,,False,,False,,False,,False,,no Dockerfile and no fallback entry point found
https://github.com/moritzwilksch/DL_Project_Yelp,ok,False,2,2,1,app\train.py,fallback_nested,1,0,0,0,0,False,,True,app/train.py:39 sklearn.preprocessing.OneHotEncoder [matched OneHotEncoder],False,,True,app/train.py:47 model.fit [matched model.fit],False,,False,,"unverified: missing stages: data_acquisition, modeling, evaluation, inference"
https://github.com/nareshm1/AI-LABS,no_dockerfile,False,0,0,0,,,0,0,0,0,0,False,,False,,False,,False,,False,,False,,no Dockerfile and no fallback entry point found
https://github.com/Naoto-Yamaguchi/BoolODEwithPerturbation,no_entry,False,0,1,0,,,0,0,0,0,0,False,,False,,False,,False,,False,,False,,Dockerfile(s) found but no Python entry point could be resolved
https://github.com/johnsonj561/Hcpcs2Vec,no_dockerfile,False,0,0,0,,,0,0,0,0,0,False,,False,,False,,False,,False,,False,,no Dockerfile and no fallback entry point found
https://github.com/BaumerEDV/Classification-Backend,no_dockerfile,False,0,0,0,,,0,0,0,0,0,False,,False,,False,,False,,False,,False,,no Dockerfile and no fallback entry point found
https://github.com/dbbs-lab/bsb,no_dockerfile,False,0,0,0,,,0,0,0,0,0,False,,False,,False,,False,,False,,False,,no Dockerfile and no fallback entry point found
https://github.com/socialmediaie/SocialMediaIE,ok,False,4,0,1,SocialMediaIE\scripts\multitask_multidataset_experiment.py,fallback_console_script,8,36,1,0,0,True,SocialMediaIE/scripts/multitask_multidataset_experiment.py:262 json.load [matched json.load],False,,True,SocialMediaIE/models/multi_task_models.py:0 class MultiTaskCRFTagger [matched <class subclasses model base>],True,SocialMediaIE/scripts/multitask_multidataset_experiment.py:401 trainer.train [matched trainer.train],False,,True,SocialMediaIE/scripts/multitask_multidataset_experiment.py:423 model.eval [matched model.eval],"unverified: missing stages: data_preparation, evaluation"
https://github.com/hugo19941994/movie-pepper-back,no_entry,False,0,1,0,,,0,0,0,0,0,False,,False,,False,,False,,False,,False,,Dockerfile(s) found but no Python entry point could be resolved
https://github.com/NCAR/geocat-viz,no_dockerfile,False,0,0,0,,,0,0,0,0,0,False,,False,,False,,False,,False,,False,,no Dockerfile and no fallback entry point found
https://github.com/shibanirajeev/finalproject,no_dockerfile,False,0,0,0,,,0,0,0,0,0,False,,False,,False,,False,,False,,False,,no Dockerfile and no fallback entry point found
https://github.com/mutantjoo0/PythonDataScienceHandbook,no_dockerfile,False,0,0,0,,,0,0,0,0,0,False,,False,,False,,False,,False,,False,,no Dockerfile and no fallback entry point found
https://github.com/SODALITE-EU/defect-prediction,no_entry,False,0,3,0,,,0,0,0,0,0,False,,False,,False,,False,,False,,False,,Dockerfile(s) found but no Python entry point could be resolved
https://github.com/lusccc/Trajectory-Classification-using-Dual-CSA,no_dockerfile,False,0,0,0,,,0,0,0,0,0,False,,False,,False,,False,,False,,False,,no Dockerfile and no fallback entry point found
https://github.com/motleystate/moonstone,ok,False,2,0,1,moonstone\main.py,fallback_nested,37,190,7,0,0,True,moonstone/parsers/metadata.py:146 yaml.load [matched yaml.load],True,moonstone/parsers/counts/taxonomy/metaphlan.py:94 pd.concat [matched pd.concat],False,,False,,False,,False,,"unverified: missing stages: modeling, training, evaluation, inference"
https://github.com/pyprob/pyprob,no_entry,False,0,1,0,,,0,0,0,0,0,False,,False,,False,,False,,False,,False,,Dockerfile(s) found but no Python entry point could be resolved
https://github.com/yegorkryukov/stockai,no_entry,False,0,1,0,,,0,0,0,0,0,False,,False,,False,,False,,False,,False,,Dockerfile(s) found but no Python entry point could be resolved
https://github.com/david26694/QE_experiments,no_dockerfile,False,0,0,0,,,0,0,0,0,0,False,,False,,False,,False,,False,,False,,no Dockerfile and no fallback entry point found
https://github.com/anandrajaram21/covidash,ok,False,1,1,1,src\app.py,fallback_nested,1,15,0,0,0,True,src/app.py:30 requests.get [matched requests.get],False,,False,,False,,False,,False,,"unverified: missing stages: data_preparation, modeling, training, evaluation, inference"
https://github.com/jjbrophy47/eggs,no_dockerfile,False,0,0,0,,,0,0,0,0,0,False,,False,,False,,False,,False,,False,,no Dockerfile and no fallback entry point found
https://github.com/csinva/matching-with-gans,no_entry,False,0,1,0,,,0,0,0,0,0,False,,False,,False,,False,,False,,False,,Dockerfile(s) found but no Python entry point could be resolved
https://github.com/zeroknowledgediscovery/quasinet,no_dockerfile,False,0,0,0,,,0,0,0,0,0,False,,False,,False,,False,,False,,False,,no Dockerfile and no fallback entry point found
https://github.com/lovit/KR-WordRank,ok,False,0,0,1,krwordrank\cli.py,fallback_console_script,8,52,4,0,0,False,,False,,False,,False,,False,,False,,"unverified: missing stages: data_acquisition, data_preparation, modeling, training, evaluation, inference"
https://github.com/korotetskiiba/song-cutter,no_dockerfile,False,0,0,0,,,0,0,0,0,0,False,,False,,False,,False,,False,,False,,no Dockerfile and no fallback entry point found
https://github.com/philips-software/TextSimilarityProcessor,ok,False,2,0,1,similarity\__main__.py,fallback_nested,4,25,2,0,0,True,similarity/similarity_io.py:105 pd.read_excel [matched pd.read_excel],True,similarity/similarity_io.py:233 pd.merge [matched pd.merge],False,,False,,False,,False,,"unverified: missing stages: modeling, training, evaluation, inference"
https://github.com/wragge/hhbackup,no_dockerfile,False,0,0,0,,,0,0,0,0,0,False,,False,,False,,False,,False,,False,,no Dockerfile and no fallback entry point found
https://github.com/bioexcel/biobb_ml,ok,False,2,0,1,biobb_ml\classification\classification_predict.py,fallback_console_script,2,23,1,0,0,True,biobb_ml/classification/classification_predict.py:133 pd.read_csv [matched pd.read_csv],False,,False,,False,,True,biobb_ml/classification/common.py:117 sklearn.metrics.roc_curve [matched roc_curve],False,,"unverified: missing stages: data_preparation, modeling, training, inference"
https://github.com/rajkbharali/Crowd-Counting-using-Keras,no_dockerfile,False,0,0,0,,,0,0,0,0,0,False,,False,,False,,False,,False,,False,,no Dockerfile and no fallback entry point found
https://github.com/DarleneKo/loan-default-risk,no_dockerfile,False,0,0,0,,,0,0,0,0,0,False,,False,,False,,False,,False,,False,,no Dockerfile and no fallback entry point found
https://github.com/FilLTP89/SeismoALICE,no_dockerfile,False,0,0,0,,,0,0,0,0,0,False,,False,,False,,False,,False,,False,,no Dockerfile and no fallback entry point found
https://github.com/elonashatri/muscimarker-python3,ok,False,2,0,1,MUSCIMarker\main.py,fallback_nested,17,559,3,0,0,True,MUSCIMarker/MUSCIMarkerApp.py:978 pickle.load [matched pickle.load],False,,False,,False,,False,,True,MUSCIMarker/syntax/dependency_parsers.py:90 self.clf.predict [matched clf.predict],"unverified: missing stages: data_preparation, modeling, training, evaluation"
https://github.com/lparolari/billys,no_dockerfile,False,0,0,0,,,0,0,0,0,0,False,,False,,False,,False,,False,,False,,no Dockerfile and no fallback entry point found
https://github.com/spell00/pytorch-fmri,no_dockerfile,False,0,0,0,,,0,0,0,0,0,False,,False,,False,,False,,False,,False,,no Dockerfile and no fallback entry point found
https://github.com/ddinesan/Neuroscience,no_dockerfile,False,0,0,0,,,0,0,0,0,0,False,,False,,False,,False,,False,,False,,no Dockerfile and no fallback entry point found
https://github.com/ncordeirfcup/QSAR-Co-X,no_dockerfile,False,0,0,0,,,0,0,0,0,0,False,,False,,False,,False,,False,,False,,no Dockerfile and no fallback entry point found
https://github.com/learn-co-students/hbs-ds-060120,no_dockerfile,False,0,0,0,,,0,0,0,0,0,False,,False,,False,,False,,False,,False,,no Dockerfile and no fallback entry point found
https://github.com/Mak-Ta-Reque/Nutrition-and-immune-systems,ok,False,0,0,1,dash_app\app.py,fallback_nested,1,7,0,0,0,False,,False,,False,,False,,False,,False,,"unverified: missing stages: data_acquisition, data_preparation, modeling, training, evaluation, inference"
https://github.com/medoidai/skrobot,no_dockerfile,False,0,0,0,,,0,0,0,0,0,False,,False,,False,,False,,False,,False,,no Dockerfile and no fallback entry point found
https://github.com/mariosaenger/bio-re-with-entity-embeddings,no_dockerfile,False,0,0,0,,,0,0,0,0,0,False,,False,,False,,False,,False,,False,,no Dockerfile and no fallback entry point found
https://github.com/ke456/low_rank_recon,no_dockerfile,False,0,0,0,,,0,0,0,0,0,False,,False,,False,,False,,False,,False,,no Dockerfile and no fallback entry point found
https://github.com/sfu-natlang/SFUTranslate,no_dockerfile,False,0,0,0,,,0,0,0,0,0,False,,False,,False,,False,,False,,False,,no Dockerfile and no fallback entry point found
https://github.com/markdouthwaite/xanthus,no_entry,False,0,1,0,,,0,0,0,0,0,False,,False,,False,,False,,False,,False,,Dockerfile(s) found but no Python entry point could be resolved
https://github.com/CAVED123/deepchem,no_entry,False,0,2,0,,,0,0,0,0,0,False,,False,,False,,False,,False,,False,,Dockerfile(s) found but no Python entry point could be resolved
https://github.com/akreal/end-to-end-slu-transformers,ok,False,5,1,1,transformers\__main__.py,fallback_nested,58,872,5,0,0,True,transformers/convert_transfo_xl_original_tf_checkpoint_to_pytorch.py:55 pickle.load [matched pickle.load],True,transformers/tokenization_auto.py:104 tokenization_roberta.RobertaTokenizer.from_pretrained [matched RobertaTokenizer.from_pretrained],True,transformers/modeling_utils.py:0 class PreTrainedModel [matched <class subclasses model base>],False,,True,transformers/data/metrics/__init__.py:42 sklearn.metrics.f1_score [matched f1_score],True,transformers/modeling_utils.py:417 model.eval [matched model.eval],unverified: missing stages: training
https://github.com/felixnext/dwa,ok,False,1,0,1,src\run.py,fallback_nested,1,2,0,0,0,True,src/run.py:254 gzip.open [matched gzip.open],False,,False,,False,,False,,False,,"unverified: missing stages: data_preparation, modeling, training, evaluation, inference"
https://github.com/sandeepnair2812/MLflow-A-Machine-Learning-Lifecycle-Platform,ok,False,4,3,1,mlflow\cli.py,fallback_console_script,119,1044,5,0,1,True,mlflow/projects/__init__.py:270 json.load [matched json.load],True,mlflow/tracking/fluent.py:433 pd.to_datetime [matched pd.to_datetime],True,mlflow/pyfunc/__init__.py:481 mlflow.models.Model [matched Model],False,,False,,True,mlflow/server/__init__.py:19 flask.Flask [matched Flask],"unverified: missing stages: training, evaluation"
https://github.com/AaltoML/kalman-jax,no_dockerfile,False,0,0,0,,,0,0,0,0,0,False,,False,,False,,False,,False,,False,,no Dockerfile and no fallback entry point found
https://github.com/jpbacher/interest-rate-deployment,no_dockerfile,False,0,0,0,,,0,0,0,0,0,False,,False,,False,,False,,False,,False,,no Dockerfile and no fallback entry point found
https://github.com/pemukl/german-bertabs,no_entry,False,0,1,0,,,0,0,0,0,0,False,,False,,False,,False,,False,,False,,Dockerfile(s) found but no Python entry point could be resolved
https://github.com/DESU-CLUB/School-YOLO,no_dockerfile,False,0,0,0,,,0,0,0,0,0,False,,False,,False,,False,,False,,False,,no Dockerfile and no fallback entry point found
https://github.com/firstdayofjune/aire-20,no_dockerfile,False,0,0,0,,,0,0,0,0,0,False,,False,,False,,False,,False,,False,,no Dockerfile and no fallback entry point found
https://github.com/davletov-aa/deft-eval-2020,no_dockerfile,False,0,0,0,,,0,0,0,0,0,False,,False,,False,,False,,False,,False,,no Dockerfile and no fallback entry point found
https://github.com/WestfalNamur/hands_on_ML,no_dockerfile,False,0,0,0,,,0,0,0,0,0,False,,False,,False,,False,,False,,False,,no Dockerfile and no fallback entry point found
https://github.com/SalesRyan/Mapa-Covid-19,no_dockerfile,False,0,0,0,,,0,0,0,0,0,False,,False,,False,,False,,False,,False,,no Dockerfile and no fallback entry point found
https://github.com/ucsd-cmi/q2-feature-engineering,no_dockerfile,False,0,0,0,,,0,0,0,0,0,False,,False,,False,,False,,False,,False,,no Dockerfile and no fallback entry point found
https://github.com/googleinterns/e2e-convrec,no_dockerfile,False,0,0,0,,,0,0,0,0,0,False,,False,,False,,False,,False,,False,,no Dockerfile and no fallback entry point found
https://github.com/barbosarafael/Grupo_DS_Avancado,no_dockerfile,False,0,0,0,,,0,0,0,0,0,False,,False,,False,,False,,False,,False,,no Dockerfile and no fallback entry point found
https://github.com/bachi55/rosvm,no_dockerfile,False,0,0,0,,,0,0,0,0,0,False,,False,,False,,False,,False,,False,,no Dockerfile and no fallback entry point found
https://github.com/IsuruBoyagane15/vue4logs-clustering-python,no_dockerfile,False,0,0,0,,,0,0,0,0,0,False,,False,,False,,False,,False,,False,,no Dockerfile and no fallback entry point found
https://github.com/iceberg-project/Penguins,no_dockerfile,False,0,0,0,,,0,0,0,0,0,False,,False,,False,,False,,False,,False,,no Dockerfile and no fallback entry point found
https://github.com/maudzung/Complex-YOLOv4-Pytorch,ok,False,1,0,1,src\train.py,fallback_nested,1,4,0,0,0,False,,False,,False,,True,src/train.py:80 torch.utils.tensorboard.SummaryWriter [matched tensorboard.SummaryWriter],False,,False,,"unverified: missing stages: data_acquisition, data_preparation, modeling, evaluation, inference"
https://github.com/googleinterns/smart-news-query-embeddings,no_dockerfile,False,0,0,0,,,0,0,0,0,0,False,,False,,False,,False,,False,,False,,no Dockerfile and no fallback entry point found
https://github.com/ankitdhall/learning_embeddings,no_dockerfile,False,0,0,0,,,0,0,0,0,0,False,,False,,False,,False,,False,,False,,no Dockerfile and no fallback entry point found
https://github.com/njfritter/Characteristic-Based-Time-Series-Clustering,no_dockerfile,False,0,0,0,,,0,0,0,0,0,False,,False,,False,,False,,False,,False,,no Dockerfile and no fallback entry point found
https://github.com/jakenorbie12/important_tag_NLP,no_dockerfile,False,0,0,0,,,0,0,0,0,0,False,,False,,False,,False,,False,,False,,no Dockerfile and no fallback entry point found
https://github.com/thealphadollar/CS60050-ML-Assignments,no_dockerfile,False,0,0,0,,,0,0,0,0,0,False,,False,,False,,False,,False,,False,,no Dockerfile and no fallback entry point found
https://github.com/cloudmesh-community/fa19-516-174,no_entry,False,0,2,0,,,0,0,0,0,0,False,,False,,False,,False,,False,,False,,Dockerfile(s) found but no Python entry point could be resolved
https://github.com/dehoyosb/MinJusticia_team77_DS4A_Project,no_entry,False,0,3,0,,,0,0,0,0,0,False,,False,,False,,False,,False,,False,,Dockerfile(s) found but no Python entry point could be resolved
https://github.com/AshtonIzmev/covid-19-pandemic-simulation,ok,False,1,0,1,scenario\run.py,fallback_nested,13,101,3,0,0,False,,False,,True,simulator/helper/plot.py:96 sklearn.cluster.KMeans [matched KMeans],False,,False,,False,,"unverified: missing stages: data_acquisition, data_preparation, training, evaluation, inference"
https://github.com/MaastrichtU-IDS/translator-openpredict,no_entry,False,0,2,0,,,0,0,0,0,0,False,,False,,False,,False,,False,,False,,Dockerfile(s) found but no Python entry point could be resolved
https://github.com/ebasanez/samur.ai,no_dockerfile,False,0,0,0,,,0,0,0,0,0,False,,False,,False,,False,,False,,False,,no Dockerfile and no fallback entry point found
https://github.com/imsb-uke/rna_augment,no_dockerfile,False,0,0,0,,,0,0,0,0,0,False,,False,,False,,False,,False,,False,,no Dockerfile and no fallback entry point found
https://github.com/HealthML/seak,no_dockerfile,False,0,0,0,,,0,0,0,0,0,False,,False,,False,,False,,False,,False,,no Dockerfile and no fallback entry point found
https://github.com/PeterCaine/VU_Thesis_Aspect_Extraction_Category_Detection,no_dockerfile,False,0,0,0,,,0,0,0,0,0,False,,False,,False,,False,,False,,False,,no Dockerfile and no fallback entry point found
https://github.com/GatorEthics/predictiveWellness,no_dockerfile,False,0,0,0,,,0,0,0,0,0,False,,False,,False,,False,,False,,False,,no Dockerfile and no fallback entry point found
https://github.com/zwarshavsky/planet_labs,no_entry,False,0,2,0,,,0,0,0,0,0,False,,False,,False,,False,,False,,False,,Dockerfile(s) found but no Python entry point could be resolved
https://github.com/TeddyTW/SpatialScan,no_dockerfile,False,0,0,0,,,0,0,0,0,0,False,,False,,False,,False,,False,,False,,no Dockerfile and no fallback entry point found
https://github.com/CARRIER-project/vantage6-algorithms,no_entry,False,0,2,0,,,0,0,0,0,0,False,,False,,False,,False,,False,,False,,Dockerfile(s) found but no Python entry point could be resolved
https://github.com/shimrite/CompressionArtifactReductionCNN,no_dockerfile,False,0,0,0,,,0,0,0,0,0,False,,False,,False,,False,,False,,False,,no Dockerfile and no fallback entry point found
https://github.com/sdpython/onnxcustom,ok,False,2,0,1,onnxcustom\__main__.py,fallback_nested,4,10,2,0,0,True,onnxcustom/utils/nvprof2json.py:56 zipfile.ZipFile [matched zipfile.ZipFile],False,,False,,False,,False,,True,onnxcustom/utils/nvprof2json.py:294 st.write [matched st.write],"unverified: missing stages: data_preparation, modeling, training, evaluation"
https://github.com/spokenlanguage/platalea,no_dockerfile,False,0,0,0,,,0,0,0,0,0,False,,False,,False,,False,,False,,False,,no Dockerfile and no fallback entry point found
https://github.com/JorgeCardona/AI,ok,False,1,8,1,Api Rest ML Prediccion Clima\main.py,fallback_nested,1,4,0,0,0,False,,False,,False,,False,,False,,True,Api Rest ML Prediccion Clima/main.py:35 flask.Flask [matched Flask],"unverified: missing stages: data_acquisition, data_preparation, modeling, training, evaluation"
https://github.com/LouisFaure/scFates,no_entry,False,0,1,0,,,0,0,0,0,0,False,,False,,False,,False,,False,,False,,Dockerfile(s) found but no Python entry point could be resolved
https://github.com/SagarRathod-TomTom/deep-ml,no_dockerfile,False,0,0,0,,,0,0,0,0,0,False,,False,,False,,False,,False,,False,,no Dockerfile and no fallback entry point found
https://github.com/Ankit770/ML-with-CICD,no_entry,False,0,1,0,,,0,0,0,0,0,False,,False,,False,,False,,False,,False,,Dockerfile(s) found but no Python entry point could be resolved
https://github.com/pmmilani/boreas,ok,False,1,0,1,boreas\main.py,fallback_nested,4,46,1,0,0,False,,False,,True,boreas/models.py:266 sklearn.ensemble.RandomForestRegressor [matched RandomForestRegressor],False,,False,,False,,"unverified: missing stages: data_acquisition, data_preparation, training, evaluation, inference"
https://github.com/jswanglp/MyML,no_dockerfile,False,0,0,0,,,0,0,0,0,0,False,,False,,False,,False,,False,,False,,no Dockerfile and no fallback entry point found
https://github.com/meha-goyal/BitHacks-PropagandaDetection,no_dockerfile,False,0,0,0,,,0,0,0,0,0,False,,False,,False,,False,,False,,False,,no Dockerfile and no fallback entry point found
https://github.com/LightnessOfBeing/kaggle-understanding-cloud-organization,no_dockerfile,False,0,0,0,,,0,0,0,0,0,False,,False,,False,,False,,False,,False,,no Dockerfile and no fallback entry point found
https://github.com/nlpia/qary-clean,ok,False,1,0,1,qary\clibot.py,fallback_console_script,8,38,3,0,2,True,qary/clibot.py:104 json.load [matched json.load],False,,False,,False,,False,,False,,"unverified: missing stages: data_preparation, modeling, training, evaluation, inference"
https://github.com/manuaacharyaa/ML_dataset,no_dockerfile,False,0,0,0,,,0,0,0,0,0,False,,False,,False,,False,,False,,False,,no Dockerfile and no fallback entry point found
https://github.com/saikiranreddygangidi/adcodebot,no_dockerfile,False,0,0,0,,,0,0,0,0,0,False,,False,,False,,False,,False,,False,,no Dockerfile and no fallback entry point found
https://github.com/anbai106/mlni,ok,False,0,0,1,mlni\main.py,fallback_nested,2,1,1,0,0,False,,False,,False,,False,,False,,False,,"unverified: missing stages: data_acquisition, data_preparation, modeling, training, evaluation, inference"
https://github.com/Loop3D/LoopStructural,no_entry,False,0,1,0,,,0,0,0,0,0,False,,False,,False,,False,,False,,False,,Dockerfile(s) found but no Python entry point could be resolved
https://github.com/IIT-LAND/reval_clustering,no_dockerfile,False,0,0,0,,,0,0,0,0,0,False,,False,,False,,False,,False,,False,,no Dockerfile and no fallback entry point found
https://github.com/NoeSamaille/medical-detection-toolkit,no_dockerfile,False,0,0,0,,,0,0,0,0,0,False,,False,,False,,False,,False,,False,,no Dockerfile and no fallback entry point found
https://github.com/takkii/Pylean,no_dockerfile,False,0,0,0,,,0,0,0,0,0,False,,False,,False,,False,,False,,False,,no Dockerfile and no fallback entry point found
https://github.com/BW-Med-Cab-2/DS,no_dockerfile,False,0,0,0,,,0,0,0,0,0,False,,False,,False,,False,,False,,False,,no Dockerfile and no fallback entry point found
https://github.com/knutzk/ml-workshop,no_entry,False,0,1,0,,,0,0,0,0,0,False,,False,,False,,False,,False,,False,,Dockerfile(s) found but no Python entry point could be resolved
https://github.com/luca-ant/gaze_tracker,no_dockerfile,False,0,0,0,,,0,0,0,0,0,False,,False,,False,,False,,False,,False,,no Dockerfile and no fallback entry point found
https://github.com/nickolasdias/Rossmann,no_dockerfile,False,0,0,0,,,0,0,0,0,0,False,,False,,False,,False,,False,,False,,no Dockerfile and no fallback entry point found
https://github.com/cjradomski/Final-Project,no_dockerfile,False,0,0,0,,,0,0,0,0,0,False,,False,,False,,False,,False,,False,,no Dockerfile and no fallback entry point found
https://github.com/jianlins/SmartAnno,no_dockerfile,False,0,0,0,,,0,0,0,0,0,False,,False,,False,,False,,False,,False,,no Dockerfile and no fallback entry point found
https://github.com/fabsig/KTBoost,no_dockerfile,False,0,0,0,,,0,0,0,0,0,False,,False,,False,,False,,False,,False,,no Dockerfile and no fallback entry point found
https://github.com/LONG-9621/SinGAN,no_dockerfile,False,0,0,0,,,0,0,0,0,0,False,,False,,False,,False,,False,,False,,no Dockerfile and no fallback entry point found
https://github.com/Davide-Botturi/Deep-Learning-Udacity,no_dockerfile,False,0,0,0,,,0,0,0,0,0,False,,False,,False,,False,,False,,False,,no Dockerfile and no fallback entry point found
https://github.com/haleyspeed/insight_data_science,ok,False,2,0,1,scripts\main.py,fallback_nested,1,6,0,0,0,True,scripts/main.py:70 pd.read_csv [matched pd.read_csv],False,,False,,False,,False,,True,scripts/main.py:196 st.write [matched st.write],"unverified: missing stages: data_preparation, modeling, training, evaluation"
https://github.com/kshitijyelpale/HMI-Sentiment-Analysis-An-Intelligent-User-Interface,no_entry,False,0,1,0,,,0,0,0,0,0,False,,False,,False,,False,,False,,False,,Dockerfile(s) found but no Python entry point could be resolved
https://github.com/JISU-JEONG/refrigerator,no_dockerfile,False,0,0,0,,,0,0,0,0,0,False,,False,,False,,False,,False,,False,,no Dockerfile and no fallback entry point found
https://github.com/truythu169/snml-skip-gram,ok,False,1,0,1,np_based\train.py,fallback_nested,6,37,2,0,0,True,np_based/model.py:108 csv.reader [matched csv.reader],False,,False,,False,,False,,False,,"unverified: missing stages: data_preparation, modeling, training, evaluation, inference"
https://github.com/jorgeanais/apolo,no_dockerfile,False,0,0,0,,,0,0,0,0,0,False,,False,,False,,False,,False,,False,,no Dockerfile and no fallback entry point found
https://github.com/tonyjward/plagiarism_detection,no_dockerfile,False,0,0,0,,,0,0,0,0,0,False,,False,,False,,False,,False,,False,,no Dockerfile and no fallback entry point found
https://github.com/xfurna/coalapy,no_dockerfile,False,0,0,0,,,0,0,0,0,0,False,,False,,False,,False,,False,,False,,no Dockerfile and no fallback entry point found
https://github.com/bhaveshbendale/data-science-on-aws,no_entry,False,0,8,0,,,0,0,0,0,0,False,,False,,False,,False,,False,,False,,Dockerfile(s) found but no Python entry point could be resolved
https://github.com/dnarayanan/caesar,ok,False,1,0,1,caesar\main.py,fallback_nested,19,265,3,0,0,True,caesar/particle_list.py:53 h5py.File [matched h5py.File],False,,False,,False,,False,,False,,"unverified: missing stages: data_preparation, modeling, training, evaluation, inference"
https://github.com/m3ttiw/orange_cb_recsys,ok,False,2,0,1,orange_cb_recsys\__main__.py,fallback_nested,30,306,4,0,0,True,orange_cb_recsys/__main__.py:164 yaml.load [matched yaml.load],True,orange_cb_recsys/content_analyzer/field_content_production_techniques/field_content_production_technique.py:301 nltk.tokenize.sent_tokenize [matched nltk.tokenize.sent_tokenize],False,,False,,False,,False,,"unverified: missing stages: modeling, training, evaluation, inference"
https://github.com/TRI-AMDD/CAMD,ok,True,6,1,1,camd\campaigns\worker.py,fallback_console_script,13,164,2,0,0,True,camd/campaigns/worker.py:137 boto3.resource [matched boto3.resource],True,camd/agent/base.py:100 sklearn.preprocessing.StandardScaler [matched StandardScaler],True,camd/campaigns/structure_discovery.py:107 sklearn.neural_network.MLPRegressor [matched MLPRegressor],True,camd/agent/base.py:104 model.fit [matched model.fit],True,camd/agent/base.py:116 sklearn.model_selection.cross_val_score [matched cross_val_score],True,camd/agent/base.py:141 model.predict [matched model.predict],verified: all 6 stages present
https://github.com/ealcobaca/pymfe,no_dockerfile,False,0,0,0,,,0,0,0,0,0,False,,False,,False,,False,,False,,False,,no Dockerfile and no fallback entry point found
https://github.com/emilpaulitz/Bachelor-Thesis,no_dockerfile,False,0,0,0,,,0,0,0,0,0,False,,False,,False,,False,,False,,False,,no Dockerfile and no fallback entry point found
https://github.com/mbracconi/adaptiveDesignProcedure,no_dockerfile,False,0,0,0,,,0,0,0,0,0,False,,False,,False,,False,,False,,False,,no Dockerfile and no fallback entry point found
https://github.com/kianweelee/Edator,ok,False,2,0,1,Script\main.py,fallback_nested,1,6,0,0,0,True,Script/main.py:54 pd.read_csv [matched pd.read_csv],True,Script/main.py:106 sklearn.impute.SimpleImputer [matched SimpleImputer],False,,False,,False,,False,,"unverified: missing stages: modeling, training, evaluation, inference"
https://github.com/akfung/Ad-learning,ok,False,3,0,1,web_app\app.py,fallback_nested,5,11,3,0,0,True,web_app/web_app_pkgs/ads_api.py:43 requests.get [matched requests.get],False,,True,web_app/app.py:0 class political_ads [matched <class subclasses model base>],False,,False,,True,web_app/app.py:14 flask.Flask [matched Flask],"unverified: missing stages: data_preparation, training, evaluation"
https://github.com/mgibbs1259/focused-fashion,no_dockerfile,False,0,0,0,,,0,0,0,0,0,False,,False,,False,,False,,False,,False,,no Dockerfile and no fallback entry point found
https://github.com/double-em/Maintrend,ok,False,3,3,1,serving-api\main.py,fallback_nested,2,8,1,0,0,True,serving-api/main.py:42 requests.get [matched requests.get],True,util/data_puller.py:48 pd.to_datetime [matched pd.to_datetime],False,,False,,False,,True,serving-api/main.py:16 fastapi.FastAPI [matched FastAPI],"unverified: missing stages: modeling, training, evaluation"
https://github.com/wmvanvliet/mne-rsa,no_dockerfile,False,0,0,0,,,0,0,0,0,0,False,,False,,False,,False,,False,,False,,no Dockerfile and no fallback entry point found
https://github.com/equinor/flownet,no_dockerfile,False,0,0,0,,,0,0,0,0,0,False,,False,,False,,False,,False,,False,,no Dockerfile and no fallback entry point found
https://github.com/Tebs-Lab/intro-python-for-machine-learning,no_dockerfile,False,0,0,0,,,0,0,0,0,0,False,,False,,False,,False,,False,,False,,no Dockerfile and no fallback entry point found
https://github.com/OctavianRotari/deep-learning-v2-pytorch,no_dockerfile,False,0,0,0,,,0,0,0,0,0,False,,False,,False,,False,,False,,False,,no Dockerfile and no fallback entry point found
https://github.com/herve-vasseur/python-lycee,no_dockerfile,False,0,0,0,,,0,0,0,0,0,False,,False,,False,,False,,False,,False,,no Dockerfile and no fallback entry point found
https://github.com/cadia-lvl/punctuation-prediction,no_dockerfile,False,0,0,0,,,0,0,0,0,0,False,,False,,False,,False,,False,,False,,no Dockerfile and no fallback entry point found
https://github.com/BigData23/Assignment2,no_dockerfile,False,0,0,0,,,0,0,0,0,0,False,,False,,False,,False,,False,,False,,no Dockerfile and no fallback entry point found
https://github.com/pranitjaiswal4/professional-career,no_dockerfile,False,0,0,0,,,0,0,0,0,0,False,,False,,False,,False,,False,,False,,no Dockerfile and no fallback entry point found
https://github.com/LSSTDESC/tomo_challenge,no_dockerfile,False,0,0,0,,,0,0,0,0,0,False,,False,,False,,False,,False,,False,,no Dockerfile and no fallback entry point found
https://github.com/SeolhwaLee/ParlAI_blender,no_dockerfile,False,0,0,0,,,0,0,0,0,0,False,,False,,False,,False,,False,,False,,no Dockerfile and no fallback entry point found
https://github.com/mkrejpsky/docassemble.pirati.cz,no_entry,False,0,2,0,,,0,0,0,0,0,False,,False,,False,,False,,False,,False,,Dockerfile(s) found but no Python entry point could be resolved
https://github.com/MaybeShewill-CV/bisenetv2-tensorflow,no_dockerfile,False,0,0,0,,,0,0,0,0,0,False,,False,,False,,False,,False,,False,,no Dockerfile and no fallback entry point found
https://github.com/MF-HORIZON/mf-horizon-python-client,no_dockerfile,False,0,0,0,,,0,0,0,0,0,False,,False,,False,,False,,False,,False,,no Dockerfile and no fallback entry point found
https://github.com/cs-Guy/SeniorProject,no_dockerfile,False,0,0,0,,,0,0,0,0,0,False,,False,,False,,False,,False,,False,,no Dockerfile and no fallback entry point found
https://github.com/kristyyip/movie-lookup,no_dockerfile,False,0,0,0,,,0,0,0,0,0,False,,False,,False,,False,,False,,False,,no Dockerfile and no fallback entry point found
https://github.com/pabogdan/pynn_object_serialisation,no_dockerfile,False,0,0,0,,,0,0,0,0,0,False,,False,,False,,False,,False,,False,,no Dockerfile and no fallback entry point found
https://github.com/CU-Denver-UQ/LUQ,no_dockerfile,False,0,0,0,,,0,0,0,0,0,False,,False,,False,,False,,False,,False,,no Dockerfile and no fallback entry point found
https://github.com/OctavianRotari/deep-learning,no_dockerfile,False,0,0,0,,,0,0,0,0,0,False,,False,,False,,False,,False,,False,,no Dockerfile and no fallback entry point found
https://github.com/AmirAlavi/scipr,no_dockerfile,False,0,0,0,,,0,0,0,0,0,False,,False,,False,,False,,False,,False,,no Dockerfile and no fallback entry point found
https://github.com/ncbi-nlp/bluebert,no_dockerfile,False,0,0,0,,,0,0,0,0,0,False,,False,,False,,False,,False,,False,,no Dockerfile and no fallback entry point found
https://github.com/royqh1979/programming_with_python,no_dockerfile,False,0,0,0,,,0,0,0,0,0,False,,False,,False,,False,,False,,False,,no Dockerfile and no fallback entry point found
https://github.com/JakubBartoszewicz/DeePaC-Live,ok,False,0,2,1,deepaclive\command_line.py,fallback_console_script,7,34,2,0,1,False,,False,,False,,False,,False,,False,,"unverified: missing stages: data_acquisition, data_preparation, modeling, training, evaluation, inference"
https://github.com/decacent/PyNano,no_dockerfile,False,0,0,0,,,0,0,0,0,0,False,,False,,False,,False,,False,,False,,no Dockerfile and no fallback entry point found
https://github.com/thoughtworks/twde-datalab,no_dockerfile,False,0,0,0,,,0,0,0,0,0,False,,False,,False,,False,,False,,False,,no Dockerfile and no fallback entry point found
https://github.com/deep-learning-algorithm/PyNet,no_dockerfile,False,0,0,0,,,0,0,0,0,0,False,,False,,False,,False,,False,,False,,no Dockerfile and no fallback entry point found
https://github.com/Geet-George/JOANNE,no_dockerfile,False,0,0,0,,,0,0,0,0,0,False,,False,,False,,False,,False,,False,,no Dockerfile and no fallback entry point found
https://github.com/arnauddhaene/nidmd,no_dockerfile,False,0,0,0,,,0,0,0,0,0,False,,False,,False,,False,,False,,False,,no Dockerfile and no fallback entry point found
https://github.com/PythonOT/POT,no_dockerfile,False,0,0,0,,,0,0,0,0,0,False,,False,,False,,False,,False,,False,,no Dockerfile and no fallback entry point found
https://github.com/abdelhadisamir/covid-19-SEIAR,no_dockerfile,False,0,0,0,,,0,0,0,0,0,False,,False,,False,,False,,False,,False,,no Dockerfile and no fallback entry point found
https://github.com/balouf/gismo,no_dockerfile,False,0,0,0,,,0,0,0,0,0,False,,False,,False,,False,,False,,False,,no Dockerfile and no fallback entry point found
https://github.com/krantirk/-Auto_ViML,no_dockerfile,False,0,0,0,,,0,0,0,0,0,False,,False,,False,,False,,False,,False,,no Dockerfile and no fallback entry point found
https://github.com/youyouzh/python-base,no_dockerfile,False,0,0,0,,,0,0,0,0,0,False,,False,,False,,False,,False,,False,,no Dockerfile and no fallback entry point found
https://github.com/eteohx/DublinAI_ChatBot,no_dockerfile,False,0,0,0,,,0,0,0,0,0,False,,False,,False,,False,,False,,False,,no Dockerfile and no fallback entry point found
https://github.com/zsmith3/Photo-Manager-Server,no_dockerfile,False,0,0,0,,,0,0,0,0,0,False,,False,,False,,False,,False,,False,,no Dockerfile and no fallback entry point found
https://github.com/suhas1992/physionet_2020_feather,no_entry,False,0,1,0,,,0,0,0,0,0,False,,False,,False,,False,,False,,False,,Dockerfile(s) found but no Python entry point could be resolved
https://github.com/c-bata/datascience-notebook,no_entry,False,0,1,0,,,0,0,0,0,0,False,,False,,False,,False,,False,,False,,Dockerfile(s) found but no Python entry point could be resolved
https://github.com/cisnlp/simalign,no_dockerfile,False,0,0,0,,,0,0,0,0,0,False,,False,,False,,False,,False,,False,,no Dockerfile and no fallback entry point found
https://github.com/vanvalenlab/deepcell-toolbox,no_dockerfile,False,0,0,0,,,0,0,0,0,0,False,,False,,False,,False,,False,,False,,no Dockerfile and no fallback entry point found
https://github.com/dmpalyvos/debs-2020-challenge,no_entry,False,0,2,0,,,0,0,0,0,0,False,,False,,False,,False,,False,,False,,Dockerfile(s) found but no Python entry point could be resolved
https://github.com/HassanSherwani/Model_Deployment,no_entry,False,0,1,0,,,0,0,0,0,0,False,,False,,False,,False,,False,,False,,Dockerfile(s) found but no Python entry point could be resolved
https://github.com/jingw2/demand_forecast,no_dockerfile,False,0,0,0,,,0,0,0,0,0,False,,False,,False,,False,,False,,False,,no Dockerfile and no fallback entry point found
https://github.com/BBillot/lab2im,no_dockerfile,False,0,0,0,,,0,0,0,0,0,False,,False,,False,,False,,False,,False,,no Dockerfile and no fallback entry point found
https://github.com/Vinschers/egg-wave,no_dockerfile,False,0,0,0,,,0,0,0,0,0,False,,False,,False,,False,,False,,False,,no Dockerfile and no fallback entry point found
https://github.com/dudikbender/springboard,no_dockerfile,False,0,0,0,,,0,0,0,0,0,False,,False,,False,,False,,False,,False,,no Dockerfile and no fallback entry point found
https://github.com/sdesilva26/Covid-19-App,no_dockerfile,False,0,0,0,,,0,0,0,0,0,False,,False,,False,,False,,False,,False,,no Dockerfile and no fallback entry point found
https://github.com/mcomans/IN4325-table-retrieval,no_dockerfile,False,0,0,0,,,0,0,0,0,0,False,,False,,False,,False,,False,,False,,no Dockerfile and no fallback entry point found
https://github.com/bjmorgan/kinisi,no_dockerfile,False,0,0,0,,,0,0,0,0,0,False,,False,,False,,False,,False,,False,,no Dockerfile and no fallback entry point found
https://github.com/IBM/mixed-migration-forecasting,no_dockerfile,False,0,0,0,,,0,0,0,0,0,False,,False,,False,,False,,False,,False,,no Dockerfile and no fallback entry point found
https://github.com/LaunaG/chicago-sqrp-playground,no_dockerfile,False,0,0,0,,,0,0,0,0,0,False,,False,,False,,False,,False,,False,,no Dockerfile and no fallback entry point found
https://github.com/koml12/outreach-backend,no_dockerfile,False,0,0,0,,,0,0,0,0,0,False,,False,,False,,False,,False,,False,,no Dockerfile and no fallback entry point found
https://github.com/park-sungmoo/python_ml_intro,no_dockerfile,False,0,0,0,,,0,0,0,0,0,False,,False,,False,,False,,False,,False,,no Dockerfile and no fallback entry point found
https://github.com/gpass0s/isales,ok,False,0,1,1,isales\__main__.py,fallback_nested,2,5,1,0,0,False,,False,,False,,False,,False,,False,,"unverified: missing stages: data_acquisition, data_preparation, modeling, training, evaluation, inference"
https://github.com/rwspicer/masters-project,no_dockerfile,False,0,0,0,,,0,0,0,0,0,False,,False,,False,,False,,False,,False,,no Dockerfile and no fallback entry point found
https://github.com/benlevyx/modelling-infectious-disease,no_dockerfile,False,0,0,0,,,0,0,0,0,0,False,,False,,False,,False,,False,,False,,no Dockerfile and no fallback entry point found
https://github.com/pappyhammer/hippocampal-network-emergence,no_dockerfile,False,0,0,0,,,0,0,0,0,0,False,,False,,False,,False,,False,,False,,no Dockerfile and no fallback entry point found
https://github.com/griffin-h/superphot,ok,False,2,0,1,superphot\fit.py,fallback_console_script,2,21,1,0,0,True,superphot/util.py:39 np.load [matched np.load],False,,True,superphot/fit.py:172 pymc3.Model [matched Model],False,,False,,False,,"unverified: missing stages: data_preparation, training, evaluation, inference"
https://github.com/aforehand/data_science,no_dockerfile,False,0,0,0,,,0,0,0,0,0,False,,False,,False,,False,,False,,False,,no Dockerfile and no fallback entry point found
https://github.com/cadop/seg1d,no_dockerfile,False,0,0,0,,,0,0,0,0,0,False,,False,,False,,False,,False,,False,,no Dockerfile and no fallback entry point found
https://github.com/rphbc/covidapi,no_dockerfile,False,0,0,0,,,0,0,0,0,0,False,,False,,False,,False,,False,,False,,no Dockerfile and no fallback entry point found
https://github.com/bsmarine/BleedDetection,no_dockerfile,False,0,0,0,,,0,0,0,0,0,False,,False,,False,,False,,False,,False,,no Dockerfile and no fallback entry point found
https://github.com/mathdoug/Project_ML2,ok,True,6,0,1,src\main.py,fallback_nested,8,34,2,0,0,True,src/GetData.py:16 pd.read_csv [matched pd.read_csv],True,src/main.py:38 sklearn.model_selection.StratifiedKFold [matched StratifiedKFold],True,src/FeatureEngineering.py:299 sklearn.ensemble.RandomForestClassifier [matched RandomForestClassifier],True,src/TuningHyperparameters.py:30 sklearn.model_selection.RandomizedSearchCV [matched RandomizedSearchCV],True,src/Evaluation.py:36 sklearn.metrics.confusion_matrix [matched confusion_matrix],True,src/NeuralClassifier.py:35 self.model.predict [matched model.predict],verified: all 6 stages present
https://github.com/ZoeLeBlanc/IntroToDH2020,no_dockerfile,False,0,0,0,,,0,0,0,0,0,False,,False,,False,,False,,False,,False,,no Dockerfile and no fallback entry point found
https://github.com/maxhipperson/Predicting-Alzheimers,no_dockerfile,False,0,0,0,,,0,0,0,0,0,False,,False,,False,,False,,False,,False,,no Dockerfile and no fallback entry point found
https://github.com/MarvinKweyu/ColorDetect,no_dockerfile,False,0,0,0,,,0,0,0,0,0,False,,False,,False,,False,,False,,False,,no Dockerfile and no fallback entry point found
https://github.com/AndreaSottana/pdf2emb_nlp,no_dockerfile,False,0,0,0,,,0,0,0,0,0,False,,False,,False,,False,,False,,False,,no Dockerfile and no fallback entry point found
https://github.com/intel/stacks-usecase,no_entry,False,0,26,0,,,0,0,0,0,0,False,,False,,False,,False,,False,,False,,Dockerfile(s) found but no Python entry point could be resolved
https://github.com/sdgarje/python,no_dockerfile,False,0,0,0,,,0,0,0,0,0,False,,False,,False,,False,,False,,False,,no Dockerfile and no fallback entry point found
https://github.com/ebegoli/SynthNotes,ok,False,4,0,1,synthnotes\__main__.py,fallback_nested,6,62,2,0,0,True,synthnotes/clustering.py:19 pd.read_parquet [matched pd.read_parquet],True,synthnotes/preprocessor.py:144 df.groupby [matched df.groupby],True,synthnotes/clustering.py:24 sklearn.cluster.KMeans [matched KMeans],False,,True,synthnotes/clustering.py:31 sklearn.metrics.silhouette_score [matched silhouette_score],False,,"unverified: missing stages: training, inference"
https://github.com/AYCHDeveloper/DevDataSkillsTest,no_dockerfile,False,0,0,0,,,0,0,0,0,0,False,,False,,False,,False,,False,,False,,no Dockerfile and no fallback entry point found
https://github.com/kungfumas/imageretrieval4,no_dockerfile,False,0,0,0,,,0,0,0,0,0,False,,False,,False,,False,,False,,False,,no Dockerfile and no fallback entry point found
https://github.com/OscarRuiz15/BackendTG,no_dockerfile,False,0,0,0,,,0,0,0,0,0,False,,False,,False,,False,,False,,False,,no Dockerfile and no fallback entry point found
https://github.com/rhayman/ephysiopy,no_dockerfile,False,0,0,0,,,0,0,0,0,0,False,,False,,False,,False,,False,,False,,no Dockerfile and no fallback entry point found
https://github.com/Tarpelite/BERT_self_training,no_dockerfile,False,0,0,0,,,0,0,0,0,0,False,,False,,False,,False,,False,,False,,no Dockerfile and no fallback entry point found
https://github.com/louixp/CoroNow,no_dockerfile,False,0,0,0,,,0,0,0,0,0,False,,False,,False,,False,,False,,False,,no Dockerfile and no fallback entry point found
https://github.com/Simplon-IA-Bdx-1/realestate-guillaume-nicos-pierre-silvia,no_entry,False,0,3,0,,,0,0,0,0,0,False,,False,,False,,False,,False,,False,,Dockerfile(s) found but no Python entry point could be resolved
https://github.com/wateraccounting/IHEWAdataanalysis,no_entry,False,0,1,0,,,0,0,0,0,0,False,,False,,False,,False,,False,,False,,Dockerfile(s) found but no Python entry point could be resolved
https://github.com/JBris/time_series_anomaly_detection_examples,no_entry,False,0,2,0,,,0,0,0,0,0,False,,False,,False,,False,,False,,False,,Dockerfile(s) found but no Python entry point could be resolved
https://github.com/indiependente/covid19-models,no_dockerfile,False,0,0,0,,,0,0,0,0,0,False,,False,,False,,False,,False,,False,,no Dockerfile and no fallback entry point found
https://github.com/Brunopaes/mooncake,no_dockerfile,False,0,0,0,,,0,0,0,0,0,False,,False,,False,,False,,False,,False,,no Dockerfile and no fallback entry point found
https://github.com/pandeyankit83/machine-learning,no_dockerfile,False,0,0,0,,,0,0,0,0,0,False,,False,,False,,False,,False,,False,,no Dockerfile and no fallback entry point found
https://github.com/PacktWorkshops/The-Deep-Learning-Workshop,no_dockerfile,False,0,0,0,,,0,0,0,0,0,False,,False,,False,,False,,False,,False,,no Dockerfile and no fallback entry point found
https://github.com/anguyen8/sam,ok,True,6,0,1,madry_files\train.py,fallback_nested,5,24,2,0,0,True,utils.py:50 PIL.Image.open [matched Image.open],True,utils.py:369 torchvision.transforms.transforms.Compose [matched torchvision.transforms.*],True,utils.py:129 nn.Sequential [matched nn.Sequential],True,madry_files/train.py:470 loss.backward [matched loss.backward],True,madry_files/train.py:497 writer.add_scalar [matched writer.add_scalar],True,madry_files/train.py:289 torch.no_grad [matched torch.no_grad],verified: all 6 stages present
https://github.com/VHRanger/nodevectors,no_dockerfile,False,0,0,0,,,0,0,0,0,0,False,,False,,False,,False,,False,,False,,no Dockerfile and no fallback entry point found
https://github.com/Teichlab/bbknn,no_dockerfile,False,0,0,0,,,0,0,0,0,0,False,,False,,False,,False,,False,,False,,no Dockerfile and no fallback entry point found
https://github.com/glhr/color-classifier,no_dockerfile,False,0,0,0,,,0,0,0,0,0,False,,False,,False,,False,,False,,False,,no Dockerfile and no fallback entry point found
https://github.com/adbailey4/py3helpers,no_dockerfile,False,0,0,0,,,0,0,0,0,0,False,,False,,False,,False,,False,,False,,no Dockerfile and no fallback entry point found
https://github.com/ai-se/Jitterbug,ok,False,2,0,1,src\main.py,fallback_nested,1,20,0,0,0,True,src/main.py:25 pd.read_csv [matched pd.read_csv],True,src/main.py:116 np.nan_to_num [matched np.nan_to_num],False,,False,,False,,False,,"unverified: missing stages: modeling, training, evaluation, inference"
https://github.com/mohankumar1905/Deployment,no_entry,False,0,1,0,,,0,0,0,0,0,False,,False,,False,,False,,False,,False,,Dockerfile(s) found but no Python entry point could be resolved
https://github.com/ktshen/cse515-project,no_dockerfile,False,0,0,0,,,0,0,0,0,0,False,,False,,False,,False,,False,,False,,no Dockerfile and no fallback entry point found
https://github.com/sam351/TIL,no_dockerfile,False,0,0,0,,,0,0,0,0,0,False,,False,,False,,False,,False,,False,,no Dockerfile and no fallback entry point found
https://github.com/boada/inspectorAI,no_dockerfile,False,0,0,0,,,0,0,0,0,0,False,,False,,False,,False,,False,,False,,no Dockerfile and no fallback entry point found
https://github.com/cornell-zhang/GraphZoom,no_dockerfile,False,0,0,0,,,0,0,0,0,0,False,,False,,False,,False,,False,,False,,no Dockerfile and no fallback entry point found
https://github.com/jinsoo-shin/recommend_Movie,no_dockerfile,False,0,0,0,,,0,0,0,0,0,False,,False,,False,,False,,False,,False,,no Dockerfile and no fallback entry point found
https://github.com/msfa12th/heartsense,no_dockerfile,False,0,0,0,,,0,0,0,0,0,False,,False,,False,,False,,False,,False,,no Dockerfile and no fallback entry point found
https://github.com/leonebrown/mosquitosafe,no_dockerfile,False,0,0,0,,,0,0,0,0,0,False,,False,,False,,False,,False,,False,,no Dockerfile and no fallback entry point found
https://github.com/guidogz/Calliope_guido,ok,False,3,0,1,calliope\cli.py,fallback_console_script,22,116,6,0,1,True,calliope/core/model.py:201 yaml.load [matched yaml.load],True,calliope/core/util/generate_runs.py:160 pd.to_datetime [matched pd.to_datetime],True,calliope/cli.py:204 calliope.Model [matched Model],False,,False,,False,,"unverified: missing stages: training, evaluation, inference"
https://github.com/yangchaofan3/tpot,no_dockerfile,False,0,0,0,,,0,0,0,0,0,False,,False,,False,,False,,False,,False,,no Dockerfile and no fallback entry point found
https://github.com/alyanamohan/handson-ml,no_entry,False,0,1,0,,,0,0,0,0,0,False,,False,,False,,False,,False,,False,,Dockerfile(s) found but no Python entry point could be resolved
https://github.com/tryster7/CustomerChurnWithKubeflow,ok,False,3,5,1,train\train.py,fallback_nested,1,12,0,0,0,True,train/train.py:718 pd.read_csv [matched pd.read_csv],False,,True,train/train.py:618 tf.keras.Sequential [matched keras.Sequential],False,,True,train/train.py:664 sklearn.metrics.confusion_matrix [matched confusion_matrix],False,,"unverified: missing stages: data_preparation, training, inference"
https://github.com/bfeif/rhymefind,no_dockerfile,False,0,0,0,,,0,0,0,0,0,False,,False,,False,,False,,False,,False,,no Dockerfile and no fallback entry point found
https://github.com/bvtrinh/song-recommendations,no_dockerfile,False,0,0,0,,,0,0,0,0,0,False,,False,,False,,False,,False,,False,,no Dockerfile and no fallback entry point found
https://github.com/C7C8/beecology-api-v7,no_dockerfile,False,0,0,0,,,0,0,0,0,0,False,,False,,False,,False,,False,,False,,no Dockerfile and no fallback entry point found
https://github.com/Bcjg23/ILE_CDMX_2019_Parte1,no_dockerfile,False,0,0,0,,,0,0,0,0,0,False,,False,,False,,False,,False,,False,,no Dockerfile and no fallback entry point found
https://github.com/happystep/HPC_Analytics,no_dockerfile,False,0,0,0,,,0,0,0,0,0,False,,False,,False,,False,,False,,False,,no Dockerfile and no fallback entry point found
https://github.com/ekoly/twitoff-app,ok,False,1,0,1,twitoff\app.py,fallback_nested,1,1,0,0,0,False,,False,,False,,False,,False,,True,twitoff/app.py:14 flask.Flask [matched Flask],"unverified: missing stages: data_acquisition, data_preparation, modeling, training, evaluation"
https://github.com/rigidz/python-mlops,no_entry,False,0,1,0,,,0,0,0,0,0,False,,False,,False,,False,,False,,False,,Dockerfile(s) found but no Python entry point could be resolved
https://github.com/C0C0AN/audiometry_mri,no_dockerfile,False,0,0,0,,,0,0,0,0,0,False,,False,,False,,False,,False,,False,,no Dockerfile and no fallback entry point found
https://github.com/civodlu/trw,no_dockerfile,False,0,0,0,,,0,0,0,0,0,False,,False,,False,,False,,False,,False,,no Dockerfile and no fallback entry point found
https://github.com/Martijn-Sturm/sarcastinator,no_dockerfile,False,0,0,0,,,0,0,0,0,0,False,,False,,False,,False,,False,,False,,no Dockerfile and no fallback entry point found
https://github.com/JakeKandell/NBA-Predict,no_dockerfile,False,0,0,0,,,0,0,0,0,0,False,,False,,False,,False,,False,,False,,no Dockerfile and no fallback entry point found
https://github.com/BUTSpeechFIT/BrnoLM,no_dockerfile,False,0,0,0,,,0,0,0,0,0,False,,False,,False,,False,,False,,False,,no Dockerfile and no fallback entry point found
https://github.com/fsenf/proj.tropy,no_dockerfile,False,0,0,0,,,0,0,0,0,0,False,,False,,False,,False,,False,,False,,no Dockerfile and no fallback entry point found
https://github.com/gpaulissen/beancount-import-copy,no_dockerfile,False,0,0,0,,,0,0,0,0,0,False,,False,,False,,False,,False,,False,,no Dockerfile and no fallback entry point found
https://github.com/jmhessel/multi-retrieval,no_dockerfile,False,0,0,0,,,0,0,0,0,0,False,,False,,False,,False,,False,,False,,no Dockerfile and no fallback entry point found
https://github.com/takapy0210/kaggle_dsb,ok,False,2,0,1,scripts\run.py,fallback_nested,1,7,0,0,0,True,scripts/run.py:34 yaml.load [matched yaml.load],True,scripts/run.py:348 category_encoders.OneHotEncoder [matched OneHotEncoder],False,,False,,False,,False,,"unverified: missing stages: modeling, training, evaluation, inference"
https://github.com/BloomTech-Labs/city-data-comparison-ds,no_entry,False,0,1,0,,,0,0,0,0,0,False,,False,,False,,False,,False,,False,,Dockerfile(s) found but no Python entry point could be resolved
https://github.com/xdralex/pytorch-wheel5,no_dockerfile,False,0,0,0,,,0,0,0,0,0,False,,False,,False,,False,,False,,False,,no Dockerfile and no fallback entry point found
https://github.com/lorenzomammana/metal-subgenres-classification,no_dockerfile,False,0,0,0,,,0,0,0,0,0,False,,False,,False,,False,,False,,False,,no Dockerfile and no fallback entry point found
https://github.com/dnilosek/evtech,no_dockerfile,False,0,0,0,,,0,0,0,0,0,False,,False,,False,,False,,False,,False,,no Dockerfile and no fallback entry point found
https://github.com/MatrixBlake/word-embeddings-benchmarks,no_dockerfile,False,0,0,0,,,0,0,0,0,0,False,,False,,False,,False,,False,,False,,no Dockerfile and no fallback entry point found
https://github.com/tyiannak/pyAudioAnalysis,no_dockerfile,False,0,0,0,,,0,0,0,0,0,False,,False,,False,,False,,False,,False,,no Dockerfile and no fallback entry point found
https://github.com/lilab-bcb/harmony-pytorch,no_dockerfile,False,0,0,0,,,0,0,0,0,0,False,,False,,False,,False,,False,,False,,no Dockerfile and no fallback entry point found
https://github.com/ryancollingwood/DGAClassifier,no_dockerfile,False,0,0,0,,,0,0,0,0,0,False,,False,,False,,False,,False,,False,,no Dockerfile and no fallback entry point found
https://github.com/Shaunak7797/Pytorch-course,no_dockerfile,False,0,0,0,,,0,0,0,0,0,False,,False,,False,,False,,False,,False,,no Dockerfile and no fallback entry point found
https://github.com/bspanjers/AIFBAREND,no_entry,False,0,1,0,,,0,0,0,0,0,False,,False,,False,,False,,False,,False,,Dockerfile(s) found but no Python entry point could be resolved
https://github.com/giotto-ai/us-election-tda,no_dockerfile,False,0,0,0,,,0,0,0,0,0,False,,False,,False,,False,,False,,False,,no Dockerfile and no fallback entry point found
https://github.com/deekew33/bogged-again,no_dockerfile,False,0,0,0,,,0,0,0,0,0,False,,False,,False,,False,,False,,False,,no Dockerfile and no fallback entry point found
https://github.com/andreinasui/Licenta-2019-2020,no_dockerfile,False,0,0,0,,,0,0,0,0,0,False,,False,,False,,False,,False,,False,,no Dockerfile and no fallback entry point found
https://github.com/scailfin/rob-demo-top-tagger,no_entry,False,0,1,0,,,0,0,0,0,0,False,,False,,False,,False,,False,,False,,Dockerfile(s) found but no Python entry point could be resolved
https://github.com/pgvr/music-mash,no_dockerfile,False,0,0,0,,,0,0,0,0,0,False,,False,,False,,False,,False,,False,,no Dockerfile and no fallback entry point found
https://github.com/scanner-research/tv-news-ingest-pipeline,no_dockerfile,False,0,0,0,,,0,0,0,0,0,False,,False,,False,,False,,False,,False,,no Dockerfile and no fallback entry point found
https://github.com/thomastanck/Elemmaclassify,no_dockerfile,False,0,0,0,,,0,0,0,0,0,False,,False,,False,,False,,False,,False,,no Dockerfile and no fallback entry point found
https://github.com/kelvin27315/mastodon-wordcloud,no_dockerfile,False,0,0,0,,,0,0,0,0,0,False,,False,,False,,False,,False,,False,,no Dockerfile and no fallback entry point found
https://github.com/chrisleaman/py-wave-runup,no_dockerfile,False,0,0,0,,,0,0,0,0,0,False,,False,,False,,False,,False,,False,,no Dockerfile and no fallback entry point found
https://github.com/BruceZoom/EI339-ProjectMOT,no_entry,False,0,1,0,,,0,0,0,0,0,False,,False,,False,,False,,False,,False,,Dockerfile(s) found but no Python entry point could be resolved
https://github.com/scikit-learn-contrib/scikit-dimension,no_dockerfile,False,0,0,0,,,0,0,0,0,0,False,,False,,False,,False,,False,,False,,no Dockerfile and no fallback entry point found
https://github.com/alunfes/mex-bot,no_dockerfile,False,0,0,0,,,0,0,0,0,0,False,,False,,False,,False,,False,,False,,no Dockerfile and no fallback entry point found
https://github.com/HusseinYoussef/Arabic-OCR,ok,False,5,0,1,src\train.py,fallback_nested,1,7,0,0,0,True,src/train.py:119 cv2.imread [matched cv2.imread],True,src/train.py:143 sklearn.model_selection.train_test_split [matched train_test_split],True,src/train.py:22 sklearn.svm.LinearSVC [matched LinearSVC],True,src/train.py:155 clf.fit [matched clf.fit],False,,True,src/train.py:207 clf.predict [matched clf.predict],unverified: missing stages: evaluation
https://github.com/yoogottamk/visudoku,no_entry,False,0,1,0,,,0,0,0,0,0,False,,False,,False,,False,,False,,False,,Dockerfile(s) found but no Python entry point could be resolved
https://github.com/fernandojunior/financial-fraud-detection,no_dockerfile,False,0,0,0,,,0,0,0,0,0,False,,False,,False,,False,,False,,False,,no Dockerfile and no fallback entry point found
https://github.com/vincegiorno/fake_news,no_entry,False,0,2,0,,,0,0,0,0,0,False,,False,,False,,False,,False,,False,,Dockerfile(s) found but no Python entry point could be resolved
https://github.com/h1-the-swan/autoreview_analysis,no_dockerfile,False,0,0,0,,,0,0,0,0,0,False,,False,,False,,False,,False,,False,,no Dockerfile and no fallback entry point found
https://github.com/natekupp/ffx,ok,False,3,0,1,ffx\cli.py,fallback_console_script,11,70,4,0,0,True,ffx/cli.py:59 pd.read_csv [matched pd.read_csv],False,,True,ffx/api.py:0 class FFXRegressor [matched <class subclasses model base>],True,ffx/core/model_factories.py:502 clf.fit [matched clf.fit],False,,False,,"unverified: missing stages: data_preparation, evaluation, inference"
https://github.com/sdv-dev/CTGAN,ok,False,4,0,1,ctgan\__main__.py,fallback_nested,8,54,2,0,0,True,ctgan/data.py:11 pd.read_csv [matched pd.read_csv],True,ctgan/synthesizers/ctgan.py:476 pd.concat [matched pd.concat],True,ctgan/synthesizers/ctgan.py:0 class Discriminator [matched <class subclasses model base>],True,ctgan/__main__.py:113 model.fit [matched model.fit],False,,False,,"unverified: missing stages: evaluation, inference"
https://github.com/LucaHermes/DeepView,no_dockerfile,False,0,0,0,,,0,0,0,0,0,False,,False,,False,,False,,False,,False,,no Dockerfile and no fallback entry point found
https://github.com/lgyzngc/scMVP,no_dockerfile,False,0,0,0,,,0,0,0,0,0,False,,False,,False,,False,,False,,False,,no Dockerfile and no fallback entry point found
https://github.com/vibudh2209/D2,no_dockerfile,False,0,0,0,,,0,0,0,0,0,False,,False,,False,,False,,False,,False,,no Dockerfile and no fallback entry point found
https://github.com/OMMR4all/ommr4all-server,no_dockerfile,False,0,0,0,,,0,0,0,0,0,False,,False,,False,,False,,False,,False,,no Dockerfile and no fallback entry point found
https://github.com/sarthak008/pyfolio,no_dockerfile,False,0,0,0,,,0,0,0,0,0,False,,False,,False,,False,,False,,False,,no Dockerfile and no fallback entry point found
https://github.com/joaorobson/gpam_training,no_dockerfile,False,0,0,0,,,0,0,0,0,0,False,,False,,False,,False,,False,,False,,no Dockerfile and no fallback entry point found
https://github.com/wate123/FakeNewsDetection,no_dockerfile,False,0,0,0,,,0,0,0,0,0,False,,False,,False,,False,,False,,False,,no Dockerfile and no fallback entry point found
https://github.com/ivadomed/ivadomed,ok,False,3,0,1,ivadomed\main.py,fallback_nested,6,53,2,0,0,True,ivadomed/main.py:129 ivadomed.loader.loader.load_dataset [matched load_dataset],True,ivadomed/main.py:418 ivadomed.transforms.Compose [matched transforms.Compose],False,,False,,False,,True,ivadomed/utils.py:148 model.eval [matched model.eval],"unverified: missing stages: modeling, training, evaluation"
https://github.com/dscook/topic-classification-with-kbs,no_dockerfile,False,0,0,0,,,0,0,0,0,0,False,,False,,False,,False,,False,,False,,no Dockerfile and no fallback entry point found
https://github.com/zhangvalue/deep-belief-network,no_dockerfile,False,0,0,0,,,0,0,0,0,0,False,,False,,False,,False,,False,,False,,no Dockerfile and no fallback entry point found
https://github.com/ManuGar/UFOD,ok,False,3,0,1,EfficientDet\train.py,fallback_nested,15,164,3,0,0,True,EfficientDet/generators/pascal.py:148 cv2.imread [matched cv2.imread],False,,True,EfficientDet/model.py:25 tf.keras.layers.DepthwiseConv2D [matched tf.keras.layers.*],True,EfficientDet/train.py:388 model.fit_generator [matched model.fit_generator],False,,False,,"unverified: missing stages: data_preparation, evaluation, inference"
https://github.com/databand-ai/dbnd,no_entry,False,0,4,0,,,0,0,0,0,0,False,,False,,False,,False,,False,,False,,Dockerfile(s) found but no Python entry point could be resolved
https://github.com/KrotosBenjamin/erwin_paquola,no_dockerfile,False,0,0,0,,,0,0,0,0,0,False,,False,,False,,False,,False,,False,,no Dockerfile and no fallback entry point found
https://github.com/VIDA-NYU/auctus,no_entry,False,0,6,0,,,0,0,0,0,0,False,,False,,False,,False,,False,,False,,Dockerfile(s) found but no Python entry point could be resolved
https://github.com/PacktWorkshops/The-Deep-Learning-with-Keras-Workshop,no_dockerfile,False,0,0,0,,,0,0,0,0,0,False,,False,,False,,False,,False,,False,,no Dockerfile and no fallback entry point found
https://github.com/xetxezarreta/composite_analysis,no_dockerfile,False,0,0,0,,,0,0,0,0,0,False,,False,,False,,False,,False,,False,,no Dockerfile and no fallback entry point found
https://github.com/xiaohuilangss/MoDeng,no_dockerfile,False,0,0,0,,,0,0,0,0,0,False,,False,,False,,False,,False,,False,,no Dockerfile and no fallback entry point found
https://github.com/arsfutura/face-recognition,ok,True,6,1,1,training\train.py,fallback_nested,4,13,2,0,0,True,training/train.py:41 PIL.Image.open [matched Image.open],True,training/train.py:32 torchvision.transforms.Compose [matched torchvision.transforms.*],True,training/train.py:66 sklearn.linear_model.LogisticRegression [matched LogisticRegression],True,training/train.py:68 sklearn.model_selection.GridSearchCV [matched GridSearchCV],True,training/train.py:90 sklearn.metrics.classification_report [matched classification_report],True,training/train.py:90 clf.predict [matched clf.predict],verified: all 6 stages present
https://github.com/fakerbrother/PyTorchBertClone,ok,False,5,1,1,transformers\__main__.py,fallback_nested,70,1061,5,0,0,True,transformers/convert_transfo_xl_original_tf_checkpoint_to_pytorch.py:55 pickle.load [matched pickle.load],True,transformers/tokenization_auto.py:112 tokenization_roberta.RobertaTokenizer.from_pretrained [matched RobertaTokenizer.from_pretrained],True,transformers/modeling_utils.py:0 class PreTrainedModel [matched <class subclasses model base>],False,,True,transformers/data/metrics/__init__.py:42 sklearn.metrics.f1_score [matched f1_score],True,transformers/modeling_utils.py:469 model.eval [matched model.eval],unverified: missing stages: training
https://github.com/MouseLand/EnsemblePursuit,no_dockerfile,False,0,0,0,,,0,0,0,0,0,False,,False,,False,,False,,False,,False,,no Dockerfile and no fallback entry point found
https://github.com/ShironCat/UNESP,no_dockerfile,False,0,0,0,,,0,0,0,0,0,False,,False,,False,,False,,False,,False,,no Dockerfile and no fallback entry point found
https://github.com/cleano01/MBA_ML_IOT_ATIVIDADES,no_dockerfile,False,0,0,0,,,0,0,0,0,0,False,,False,,False,,False,,False,,False,,no Dockerfile and no fallback entry point found
https://github.com/todd-cook/ML-You-Can-Use,no_entry,False,0,1,0,,,0,0,0,0,0,False,,False,,False,,False,,False,,False,,Dockerfile(s) found but no Python entry point could be resolved
https://github.com/wakame1367/kaggle_table_template,no_dockerfile,False,0,0,0,,,0,0,0,0,0,False,,False,,False,,False,,False,,False,,no Dockerfile and no fallback entry point found
https://github.com/ina-foss/twembeddings,no_dockerfile,False,0,0,0,,,0,0,0,0,0,False,,False,,False,,False,,False,,False,,no Dockerfile and no fallback entry point found
https://github.com/Kaushal1011/S3_Smart_Sampling_Synthesiser,no_dockerfile,False,0,0,0,,,0,0,0,0,0,False,,False,,False,,False,,False,,False,,no Dockerfile and no fallback entry point found
https://github.com/kylelrichards11/DSPipeline,no_dockerfile,False,0,0,0,,,0,0,0,0,0,False,,False,,False,,False,,False,,False,,no Dockerfile and no fallback entry point found
https://github.com/JustIT-USY/LiuTianyong-practice,ok,False,0,1,1,Python\main.py,fallback_nested,1,0,0,0,0,False,,False,,False,,False,,False,,False,,"unverified: missing stages: data_acquisition, data_preparation, modeling, training, evaluation, inference"
https://github.com/PPPLDeepLearning/plasma-python,no_dockerfile,False,0,0,0,,,0,0,0,0,0,False,,False,,False,,False,,False,,False,,no Dockerfile and no fallback entry point found
https://github.com/MarcCoru/crop-type-mapping,ok,False,2,1,1,src\train.py,fallback_nested,1,4,0,0,0,True,src/train.py:127 torch.utils.data.DataLoader [matched DataLoader],False,,False,,True,src/train.py:198 trainer.fit [matched trainer.fit],False,,False,,"unverified: missing stages: data_preparation, modeling, evaluation, inference"
https://github.com/neurodata/hyppo,no_dockerfile,False,0,0,0,,,0,0,0,0,0,False,,False,,False,,False,,False,,False,,no Dockerfile and no fallback entry point found
https://github.com/kshm2483/TheNEMO,no_dockerfile,False,0,0,0,,,0,0,0,0,0,False,,False,,False,,False,,False,,False,,no Dockerfile and no fallback entry point found
https://github.com/widsrainforest/rainforest-project,no_dockerfile,False,0,0,0,,,0,0,0,0,0,False,,False,,False,,False,,False,,False,,no Dockerfile and no fallback entry point found
https://github.com/rmsander/spatial_LDA,no_dockerfile,False,0,0,0,,,0,0,0,0,0,False,,False,,False,,False,,False,,False,,no Dockerfile and no fallback entry point found
https://github.com/joanfmendo/hands-on-ml,no_entry,False,0,1,0,,,0,0,0,0,0,False,,False,,False,,False,,False,,False,,Dockerfile(s) found but no Python entry point could be resolved
https://github.com/phate09/SafeDRL,no_dockerfile,False,0,0,0,,,0,0,0,0,0,False,,False,,False,,False,,False,,False,,no Dockerfile and no fallback entry point found
https://github.com/SeldonIO/sig-mlops-seldon-jenkins-x,no_dockerfile,False,0,0,0,,,0,0,0,0,0,False,,False,,False,,False,,False,,False,,no Dockerfile and no fallback entry point found
https://github.com/serenayj/PyrEval,no_dockerfile,False,0,0,0,,,0,0,0,0,0,False,,False,,False,,False,,False,,False,,no Dockerfile and no fallback entry point found
https://github.com/cuifc1997/nuscene-study,no_dockerfile,False,0,0,0,,,0,0,0,0,0,False,,False,,False,,False,,False,,False,,no Dockerfile and no fallback entry point found
https://github.com/sonalinayak/nlg-eval,no_dockerfile,False,0,0,0,,,0,0,0,0,0,False,,False,,False,,False,,False,,False,,no Dockerfile and no fallback entry point found
https://github.com/glubbdubdrib/lazygrid,no_dockerfile,False,0,0,0,,,0,0,0,0,0,False,,False,,False,,False,,False,,False,,no Dockerfile and no fallback entry point found
https://github.com/TheodoreAouad/Deterministic_vs_Bayesian,no_dockerfile,False,0,0,0,,,0,0,0,0,0,False,,False,,False,,False,,False,,False,,no Dockerfile and no fallback entry point found
https://github.com/IBM/discover-archetype,no_dockerfile,False,0,0,0,,,0,0,0,0,0,False,,False,,False,,False,,False,,False,,no Dockerfile and no fallback entry point found
https://github.com/nschaetti/EchoTorch,no_dockerfile,False,0,0,0,,,0,0,0,0,0,False,,False,,False,,False,,False,,False,,no Dockerfile and no fallback entry point found
https://github.com/helderrezende/naliel_bcggamma,no_dockerfile,False,0,0,0,,,0,0,0,0,0,False,,False,,False,,False,,False,,False,,no Dockerfile and no fallback entry point found
https://github.com/vyhuholl/infosearch_project,no_dockerfile,False,0,0,0,,,0,0,0,0,0,False,,False,,False,,False,,False,,False,,no Dockerfile and no fallback entry point found
https://github.com/agnesvanbelle/nlpc,no_entry,False,0,1,0,,,0,0,0,0,0,False,,False,,False,,False,,False,,False,,Dockerfile(s) found but no Python entry point could be resolved
https://github.com/CartoDB/data-science-book,no_entry,False,0,1,0,,,0,0,0,0,0,False,,False,,False,,False,,False,,False,,Dockerfile(s) found but no Python entry point could be resolved
https://github.com/magemma/soccer-prediction,no_dockerfile,False,0,0,0,,,0,0,0,0,0,False,,False,,False,,False,,False,,False,,no Dockerfile and no fallback entry point found
https://github.com/gncs/boa,no_dockerfile,False,0,0,0,,,0,0,0,0,0,False,,False,,False,,False,,False,,False,,no Dockerfile and no fallback entry point found
https://github.com/shashankgowdal/rasa_nlu,ok,False,5,0,1,rasa_nlu\run.py,fallback_nested,46,447,5,0,2,True,rasa_nlu/persistor.py:132 tarfile.open [matched tarfile.open],True,rasa_nlu/classifiers/sklearn_intent_classifier.py:91 sklearn.preprocessing.LabelEncoder [matched LabelEncoder],True,rasa_nlu/classifiers/sklearn_intent_classifier.py:160 sklearn.svm.SVC [matched SVC],True,rasa_nlu/classifiers/mitie_intent_classifier.py:69 trainer.train [matched trainer.train],True,rasa_nlu/featurizers/ngram_featurizer.py:365 sklearn.model_selection.cross_val_score [matched cross_val_score],False,,unverified: missing stages: inference
https://github.com/knu2xs/ba-tools,no_dockerfile,False,0,0,0,,,0,0,0,0,0,False,,False,,False,,False,,False,,False,,no Dockerfile and no fallback entry point found
https://github.com/jmhsi/lendingclub,no_entry,False,0,1,0,,,0,0,0,0,0,False,,False,,False,,False,,False,,False,,Dockerfile(s) found but no Python entry point could be resolved
https://github.com/BuysDB/SingleCellMultiOmics,no_dockerfile,False,0,0,0,,,0,0,0,0,0,False,,False,,False,,False,,False,,False,,no Dockerfile and no fallback entry point found
https://github.com/infor7/ML_CLASSIFICATION,no_dockerfile,False,0,0,0,,,0,0,0,0,0,False,,False,,False,,False,,False,,False,,no Dockerfile and no fallback entry point found
https://github.com/ARM-software/mango,no_dockerfile,False,0,0,0,,,0,0,0,0,0,False,,False,,False,,False,,False,,False,,no Dockerfile and no fallback entry point found
https://github.com/FAU-DLM/FCDIIb_TSC,no_dockerfile,False,0,0,0,,,0,0,0,0,0,False,,False,,False,,False,,False,,False,,no Dockerfile and no fallback entry point found
https://github.com/wingkitlee0/greemigration,no_dockerfile,False,0,0,0,,,0,0,0,0,0,False,,False,,False,,False,,False,,False,,no Dockerfile and no fallback entry point found
https://github.com/ericksiavichay/cs230-final-project,no_dockerfile,False,0,0,0,,,0,0,0,0,0,False,,False,,False,,False,,False,,False,,no Dockerfile and no fallback entry point found
https://github.com/satopirka/cymf,no_entry,False,0,1,0,,,0,0,0,0,0,False,,False,,False,,False,,False,,False,,Dockerfile(s) found but no Python entry point could be resolved
https://github.com/josalhor/HackUPCBack,no_dockerfile,False,0,0,0,,,0,0,0,0,0,False,,False,,False,,False,,False,,False,,no Dockerfile and no fallback entry point found
https://github.com/robinsonkwame/adversarial_labeller,no_dockerfile,False,0,0,0,,,0,0,0,0,0,False,,False,,False,,False,,False,,False,,no Dockerfile and no fallback entry point found
https://github.com/mmyjona/test2,no_entry,False,0,12,0,,,0,0,0,0,0,False,,False,,False,,False,,False,,False,,Dockerfile(s) found but no Python entry point could be resolved
https://github.com/Mind-the-Pineapple/sklearn-rvm,no_dockerfile,False,0,0,0,,,0,0,0,0,0,False,,False,,False,,False,,False,,False,,no Dockerfile and no fallback entry point found
https://github.com/steinnhauser/Neural-Networks,no_dockerfile,False,0,0,0,,,0,0,0,0,0,False,,False,,False,,False,,False,,False,,no Dockerfile and no fallback entry point found
https://github.com/ala-ism/AI_Program_Template,no_dockerfile,False,0,0,0,,,0,0,0,0,0,False,,False,,False,,False,,False,,False,,no Dockerfile and no fallback entry point found
https://github.com/azedarach/reor,no_dockerfile,False,0,0,0,,,0,0,0,0,0,False,,False,,False,,False,,False,,False,,no Dockerfile and no fallback entry point found
https://github.com/data-solver/Bot-Detection-in-Social-Media,no_dockerfile,False,0,0,0,,,0,0,0,0,0,False,,False,,False,,False,,False,,False,,no Dockerfile and no fallback entry point found
https://github.com/UCIDataLab/PP_dialog_models,no_dockerfile,False,0,0,0,,,0,0,0,0,0,False,,False,,False,,False,,False,,False,,no Dockerfile and no fallback entry point found
https://github.com/PingjunChen/ColonTissueSegCls,no_entry,False,0,2,0,,,0,0,0,0,0,False,,False,,False,,False,,False,,False,,Dockerfile(s) found but no Python entry point could be resolved
https://github.com/fairlearn/fairlearn,no_dockerfile,False,0,0,0,,,0,0,0,0,0,False,,False,,False,,False,,False,,False,,no Dockerfile and no fallback entry point found
https://github.com/datamllab/pyodds,no_dockerfile,False,0,0,0,,,0,0,0,0,0,False,,False,,False,,False,,False,,False,,no Dockerfile and no fallback entry point found
https://github.com/AOSSIE-Org/Social-Street-Smart,no_entry,False,0,16,0,,,0,0,0,0,0,False,,False,,False,,False,,False,,False,,Dockerfile(s) found but no Python entry point could be resolved
https://github.com/vahiwe/TwitterAnalysis,no_entry,False,0,1,0,,,0,0,0,0,0,False,,False,,False,,False,,False,,False,,Dockerfile(s) found but no Python entry point could be resolved
https://github.com/jishanshaikh4/jaam,no_dockerfile,False,0,0,0,,,0,0,0,0,0,False,,False,,False,,False,,False,,False,,no Dockerfile and no fallback entry point found
https://github.com/bilsiq/comp723-text-mining,no_dockerfile,False,0,0,0,,,0,0,0,0,0,False,,False,,False,,False,,False,,False,,no Dockerfile and no fallback entry point found
https://github.com/renero/trader,no_entry,False,0,1,0,,,0,0,0,0,0,False,,False,,False,,False,,False,,False,,Dockerfile(s) found but no Python entry point could be resolved
https://github.com/subhadip2038/Pystruct,no_dockerfile,False,0,0,0,,,0,0,0,0,0,False,,False,,False,,False,,False,,False,,no Dockerfile and no fallback entry point found
https://github.com/megagonlabs/teddy,ok,False,3,0,1,app\app.py,fallback_nested,5,40,2,0,0,True,app/app.py:23 json.load [matched json.load],True,app/app.py:274 pd.concat [matched pd.concat],False,,False,,False,,True,app/app.py:28 flask.Flask [matched Flask],"unverified: missing stages: modeling, training, evaluation"
https://github.com/crabtreej/CrashAudioClassifier,no_dockerfile,False,0,0,0,,,0,0,0,0,0,False,,False,,False,,False,,False,,False,,no Dockerfile and no fallback entry point found
https://github.com/Image-Py/imagepy,ok,False,1,0,1,imagepy\__main__.py,fallback_nested,78,1072,6,0,0,True,imagepy/app/manager.py:33 np.fromfile [matched np.fromfile],False,,False,,False,,False,,False,,"unverified: missing stages: data_preparation, modeling, training, evaluation, inference"
https://github.com/albertogcmr/hiring-week-IH-tinder-matching,no_dockerfile,False,0,0,0,,,0,0,0,0,0,False,,False,,False,,False,,False,,False,,no Dockerfile and no fallback entry point found
https://github.com/marlhakizi/Ad-Prediction-App,no_dockerfile,False,0,0,0,,,0,0,0,0,0,False,,False,,False,,False,,False,,False,,no Dockerfile and no fallback entry point found
https://github.com/stgl/pymccrgb,no_dockerfile,False,0,0,0,,,0,0,0,0,0,False,,False,,False,,False,,False,,False,,no Dockerfile and no fallback entry point found
https://github.com/Build-Week-Med-Cabinet/DS,no_dockerfile,False,0,0,0,,,0,0,0,0,0,False,,False,,False,,False,,False,,False,,no Dockerfile and no fallback entry point found
https://github.com/kageback/colorwords,no_dockerfile,False,0,0,0,,,0,0,0,0,0,False,,False,,False,,False,,False,,False,,no Dockerfile and no fallback entry point found
https://github.com/vuongchison/Cupid,no_dockerfile,False,0,0,0,,,0,0,0,0,0,False,,False,,False,,False,,False,,False,,no Dockerfile and no fallback entry point found
https://github.com/KindYAK/NLPMonitor-DAGs,no_dockerfile,False,0,0,0,,,0,0,0,0,0,False,,False,,False,,False,,False,,False,,no Dockerfile and no fallback entry point found
https://github.com/apjanco/spaCy_workshops,no_dockerfile,False,0,0,0,,,0,0,0,0,0,False,,False,,False,,False,,False,,False,,no Dockerfile and no fallback entry point found
https://github.com/Verose/NLP_CLPSYCH,no_dockerfile,False,0,0,0,,,0,0,0,0,0,False,,False,,False,,False,,False,,False,,no Dockerfile and no fallback entry point found
https://github.com/adisuissa/mb_aligner,no_dockerfile,False,0,0,0,,,0,0,0,0,0,False,,False,,False,,False,,False,,False,,no Dockerfile and no fallback entry point found
https://github.com/nikunjlad/Broad-Institute-Mouse-Brain-Mapping,no_dockerfile,False,0,0,0,,,0,0,0,0,0,False,,False,,False,,False,,False,,False,,no Dockerfile and no fallback entry point found
https://github.com/MichaelMedford/fringez,no_dockerfile,False,0,0,0,,,0,0,0,0,0,False,,False,,False,,False,,False,,False,,no Dockerfile and no fallback entry point found
https://github.com/dfdazac/mpqe,ok,True,6,0,1,mpqe\train.py,fallback_nested,9,145,2,0,0,True,mpqe/train.py:150 pickle.load [matched pickle.load],True,mpqe/utils.py:65 np.nan_to_num [matched np.nan_to_num],True,mpqe/data_utils.py:31 nn.Embedding [matched nn.Embedding],True,mpqe/train_helpers.py:78 optimizer.zero_grad [matched optimizer.zero_grad],True,mpqe/utils.py:65 sklearn.metrics.roc_auc_score [matched roc_auc_score],True,mpqe/train_helpers.py:31 model.eval [matched model.eval],verified: all 6 stages present
https://github.com/gwarmstrong/taxa-assign-benchmarking,no_dockerfile,False,0,0,0,,,0,0,0,0,0,False,,False,,False,,False,,False,,False,,no Dockerfile and no fallback entry point found
https://github.com/JRCSTU/co2mpas_driver,ok,False,2,0,1,co2mpas_driver\sample_simulation.py,fallback_console_script,10,53,4,0,0,True,co2mpas_driver/load.py:132 pd.read_csv [matched pd.read_csv],True,co2mpas_driver/load.py:39 df.dropna [matched df.dropna],False,,False,,False,,False,,"unverified: missing stages: modeling, training, evaluation, inference"
https://github.com/waggle-sensor/plugin_manager,no_dockerfile,False,0,0,0,,,0,0,0,0,0,False,,False,,False,,False,,False,,False,,no Dockerfile and no fallback entry point found
https://github.com/THUDM/KBRD,no_dockerfile,False,0,0,0,,,0,0,0,0,0,False,,False,,False,,False,,False,,False,,no Dockerfile and no fallback entry point found
https://github.com/nbara/python-meegkit,no_dockerfile,False,0,0,0,,,0,0,0,0,0,False,,False,,False,,False,,False,,False,,no Dockerfile and no fallback entry point found
https://github.com/HII-C/Knowledge,no_dockerfile,False,0,0,0,,,0,0,0,0,0,False,,False,,False,,False,,False,,False,,no Dockerfile and no fallback entry point found
https://github.com/ScenesK/data-science-lecture,no_entry,False,0,1,0,,,0,0,0,0,0,False,,False,,False,,False,,False,,False,,Dockerfile(s) found but no Python entry point could be resolved
https://github.com/kayveen/pyimagesearch,no_dockerfile,False,0,0,0,,,0,0,0,0,0,False,,False,,False,,False,,False,,False,,no Dockerfile and no fallback entry point found
https://github.com/Aunsiels/CSK,ok,False,4,1,1,quasimodo\main.py,fallback_nested,129,585,8,0,0,True,quasimodo/data_structures/inputs.py:179 json.load [matched json.load],True,quasimodo/assertion_normalization/present_conjugate_normalization.py:16 nltk.stem.WordNetLemmatizer [matched nltk.stem.WordNetLemmatizer],False,,True,quasimodo/assertion_fusion/linear_combination_weighted_submodule.py:56 trainer.train [matched trainer.train],False,,True,quasimodo/parts_of_facts.py:144 clf.predict [matched clf.predict],"unverified: missing stages: modeling, evaluation"
https://github.com/niagl/Adacurv_,no_dockerfile,False,0,0,0,,,0,0,0,0,0,False,,False,,False,,False,,False,,False,,no Dockerfile and no fallback entry point found
https://github.com/wisteria2gp/my_reinfo,no_dockerfile,False,0,0,0,,,0,0,0,0,0,False,,False,,False,,False,,False,,False,,no Dockerfile and no fallback entry point found
https://github.com/Uiuran/stattus4-audio-models,no_dockerfile,False,0,0,0,,,0,0,0,0,0,False,,False,,False,,False,,False,,False,,no Dockerfile and no fallback entry point found
https://github.com/ModelOriented/RME,no_dockerfile,False,0,0,0,,,0,0,0,0,0,False,,False,,False,,False,,False,,False,,no Dockerfile and no fallback entry point found
https://github.com/shanyal1/repo,no_dockerfile,False,0,0,0,,,0,0,0,0,0,False,,False,,False,,False,,False,,False,,no Dockerfile and no fallback entry point found
https://github.com/sfczekalski/similarity_forest,no_dockerfile,False,0,0,0,,,0,0,0,0,0,False,,False,,False,,False,,False,,False,,no Dockerfile and no fallback entry point found
https://github.com/curdog4/upgraded-robot,no_dockerfile,False,0,0,0,,,0,0,0,0,0,False,,False,,False,,False,,False,,False,,no Dockerfile and no fallback entry point found
https://github.com/AllenCellModeling/CVAE_testbed,ok,False,3,0,1,CVAE_testbed\bin\CVAE_train.py,fallback_console_script,6,18,3,0,1,True,CVAE_testbed/bin/CVAE_train.py:27 json.load [matched json.load],False,,True,CVAE_testbed/models/CVAE_baseline.py:0 class CVAE [matched <class subclasses model base>],False,,False,,True,CVAE_testbed/models/model_loader.py:39 self.model.eval [matched model.eval],"unverified: missing stages: data_preparation, training, evaluation"
https://github.com/TomaszMichalski/rqa,no_dockerfile,False,0,0,0,,,0,0,0,0,0,False,,False,,False,,False,,False,,False,,no Dockerfile and no fallback entry point found
https://github.com/yunhuijang/trans_new,no_entry,False,0,10,0,,,0,0,0,0,0,False,,False,,False,,False,,False,,False,,Dockerfile(s) found but no Python entry point could be resolved
https://github.com/softsys4ai/athena,no_dockerfile,False,0,0,0,,,0,0,0,0,0,False,,False,,False,,False,,False,,False,,no Dockerfile and no fallback entry point found
https://github.com/rickyHong/OSMnx-repl,no_entry,False,0,1,0,,,0,0,0,0,0,False,,False,,False,,False,,False,,False,,Dockerfile(s) found but no Python entry point could be resolved
https://github.com/prakamya-mishra/Sarcasm,no_dockerfile,False,0,0,0,,,0,0,0,0,0,False,,False,,False,,False,,False,,False,,no Dockerfile and no fallback entry point found
https://github.com/lopezco/ml-flask-api,no_entry,False,0,1,0,,,0,0,0,0,0,False,,False,,False,,False,,False,,False,,Dockerfile(s) found but no Python entry point could be resolved
https://github.com/maharshi95/GANTree,no_dockerfile,False,0,0,0,,,0,0,0,0,0,False,,False,,False,,False,,False,,False,,no Dockerfile and no fallback entry point found
https://github.com/juhick/faceswap-me,ok,False,1,2,1,scripts\train.py,fallback_nested,14,229,5,0,1,True,lib/utils.py:99 cv2.imread [matched cv2.imread],False,,False,,False,,False,,False,,"unverified: missing stages: data_preparation, modeling, training, evaluation, inference"
https://github.com/eddiewu5300/Insight_project,no_dockerfile,False,0,0,0,,,0,0,0,0,0,False,,False,,False,,False,,False,,False,,no Dockerfile and no fallback entry point found
https://github.com/MateLabs/AutoOut,no_dockerfile,False,0,0,0,,,0,0,0,0,0,False,,False,,False,,False,,False,,False,,no Dockerfile and no fallback entry point found
https://github.com/Murali-group/BoolODE,no_entry,False,0,1,0,,,0,0,0,0,0,False,,False,,False,,False,,False,,False,,Dockerfile(s) found but no Python entry point could be resolved
https://github.com/Shashi-Bhushan/python-code,no_dockerfile,False,0,0,0,,,0,0,0,0,0,False,,False,,False,,False,,False,,False,,no Dockerfile and no fallback entry point found
https://github.com/matsengrp/vampire,ok,False,2,1,1,vampire\tcr_vae.py,fallback_console_script,5,58,2,0,1,True,vampire/tcr_vae.py:112 json.load [matched json.load],True,vampire/tcr_vae.py:498 pd.concat [matched pd.concat],False,,False,,False,,False,,"unverified: missing stages: modeling, training, evaluation, inference"
https://github.com/AutoViML/AutoViz,no_dockerfile,False,0,0,0,,,0,0,0,0,0,False,,False,,False,,False,,False,,False,,no Dockerfile and no fallback entry point found
https://github.com/csinva/disentangled-attribution-curves,no_dockerfile,False,0,0,0,,,0,0,0,0,0,False,,False,,False,,False,,False,,False,,no Dockerfile and no fallback entry point found
https://github.com/analitico/analitico-sdk,no_dockerfile,False,0,0,0,,,0,0,0,0,0,False,,False,,False,,False,,False,,False,,no Dockerfile and no fallback entry point found
https://github.com/MichaelHarrison87/Hands-On-Machine-Learning,no_entry,False,0,1,0,,,0,0,0,0,0,False,,False,,False,,False,,False,,False,,Dockerfile(s) found but no Python entry point could be resolved
https://github.com/hwulfmeyer/gplearn_ba,no_dockerfile,False,0,0,0,,,0,0,0,0,0,False,,False,,False,,False,,False,,False,,no Dockerfile and no fallback entry point found
https://github.com/tribeofai/toai,no_dockerfile,False,0,0,0,,,0,0,0,0,0,False,,False,,False,,False,,False,,False,,no Dockerfile and no fallback entry point found
https://github.com/nuclearboy95/nuclear-python,ok,False,2,0,1,ntf\train.py,fallback_nested,44,259,7,0,0,True,npy/files/io.py:28 json.load [matched json.load],True,npy/utils/utils_dataframe.py:28 df.groupby [matched df.groupby],False,,False,,False,,False,,"unverified: missing stages: modeling, training, evaluation, inference"
https://github.com/Cerenaut/pagi,ok,False,2,0,1,pagi\scripts\cli.py,fallback_console_script,3,5,1,0,0,True,pagi/scripts/cli.py:102 json.load [matched json.load],False,,False,,True,pagi/scripts/cli.py:120 mlflow.start_run [matched mlflow.start_run],False,,False,,"unverified: missing stages: data_preparation, modeling, evaluation, inference"
https://github.com/conor-james-sheehan/pubmed_text_classification,ok,False,5,0,1,pubmed_text_classification\train.py,fallback_nested,4,20,2,0,0,True,pubmed_text_classification/train.py:99 torch.utils.data.DataLoader [matched DataLoader],True,pubmed_text_classification/model.py:55 nltk.tokenize.word_tokenize [matched nltk.tokenize.word_tokenize],True,pubmed_text_classification/model.py:0 class SentenceModel [matched <class subclasses model base>],True,pubmed_text_classification/train.py:32 optimizer.zero_grad [matched optimizer.zero_grad],False,,True,pubmed_text_classification/train.py:42 torch.no_grad [matched torch.no_grad],unverified: missing stages: evaluation
https://github.com/nathan-gilbert/udacity-mlnd-capstone-project,no_dockerfile,False,0,0,0,,,0,0,0,0,0,False,,False,,False,,False,,False,,False,,no Dockerfile and no fallback entry point found
https://github.com/petersontylerd/prettierplot,no_dockerfile,False,0,0,0,,,0,0,0,0,0,False,,False,,False,,False,,False,,False,,no Dockerfile and no fallback entry point found
https://github.com/maximiliense/Data-science-2.0,no_dockerfile,False,0,0,0,,,0,0,0,0,0,False,,False,,False,,False,,False,,False,,no Dockerfile and no fallback entry point found
https://github.com/Benjamin-Turner/cmu-capstone,no_dockerfile,False,0,0,0,,,0,0,0,0,0,False,,False,,False,,False,,False,,False,,no Dockerfile and no fallback entry point found
https://github.com/jmvines20/prueba,no_dockerfile,False,0,0,0,,,0,0,0,0,0,False,,False,,False,,False,,False,,False,,no Dockerfile and no fallback entry point found
https://github.com/iamgroot42/A-LINK,no_dockerfile,False,0,0,0,,,0,0,0,0,0,False,,False,,False,,False,,False,,False,,no Dockerfile and no fallback entry point found
https://github.com/yurii-a/ds_project,no_dockerfile,False,0,0,0,,,0,0,0,0,0,False,,False,,False,,False,,False,,False,,no Dockerfile and no fallback entry point found
https://github.com/peldszus/evidencegraph,no_dockerfile,False,0,0,0,,,0,0,0,0,0,False,,False,,False,,False,,False,,False,,no Dockerfile and no fallback entry point found
https://github.com/junchenfeng/naep2019,no_dockerfile,False,0,0,0,,,0,0,0,0,0,False,,False,,False,,False,,False,,False,,no Dockerfile and no fallback entry point found
https://github.com/JakubBartoszewicz/DeePaC,ok,True,6,3,1,deepac\__main__.py,fallback_nested,36,224,4,0,0,True,deepac/predict.py:38 np.load [matched np.load],True,deepac/preproc.py:50 tf.keras.preprocessing.text.Tokenizer [matched Tokenizer],True,deepac/predict.py:54 tf.keras.Model [matched keras.Model],True,deepac/nn_train.py:1587 self.model.fit [matched model.fit],True,deepac/eval/eval.py:257 sklearn.metrics.confusion_matrix [matched confusion_matrix],True,deepac/predict.py:63 model.predict [matched model.predict],verified: all 6 stages present
https://github.com/ehsanasgari/DeepPrime2Sec,no_dockerfile,False,0,0,0,,,0,0,0,0,0,False,,False,,False,,False,,False,,False,,no Dockerfile and no fallback entry point found
https://github.com/sktime/sktime-dl,no_entry,False,0,1,0,,,0,0,0,0,0,False,,False,,False,,False,,False,,False,,Dockerfile(s) found but no Python entry point could be resolved
https://github.com/RekhaBharath/RekhaLocalBranch,no_entry,False,0,1,0,,,0,0,0,0,0,False,,False,,False,,False,,False,,False,,Dockerfile(s) found but no Python entry point could be resolved
https://github.com/agusgun/person-reid,no_dockerfile,False,0,0,0,,,0,0,0,0,0,False,,False,,False,,False,,False,,False,,no Dockerfile and no fallback entry point found
https://github.com/liuxuaner/facenet,no_dockerfile,False,0,0,0,,,0,0,0,0,0,False,,False,,False,,False,,False,,False,,no Dockerfile and no fallback entry point found
https://github.com/wxwilcke/mkgfd,ok,False,1,0,1,mkgfd\run.py,fallback_nested,9,127,2,0,0,False,,False,,True,mkgfd/multimodal.py:74 sklearn.cluster.KMeans [matched KMeans],False,,False,,False,,"unverified: missing stages: data_acquisition, data_preparation, training, evaluation, inference"
https://github.com/pbg786/cloudml-samples,no_entry,False,0,5,0,,,0,0,0,0,0,False,,False,,False,,False,,False,,False,,Dockerfile(s) found but no Python entry point could be resolved
https://github.com/Mahedi-61/MIU_CS_411,no_dockerfile,False,0,0,0,,,0,0,0,0,0,False,,False,,False,,False,,False,,False,,no Dockerfile and no fallback entry point found
https://github.com/joanfmendo/NLPwithPytorch,ok,False,4,1,1,pytorch_transformers\__main__.py,fallback_nested,19,374,3,0,0,True,pytorch_transformers/convert_transfo_xl_checkpoint_to_pytorch.py:56 pickle.load [matched pickle.load],True,pytorch_transformers/tokenization_xlm.py:128 spacy.load [matched spacy.load],True,pytorch_transformers/modeling_bert.py:0 class BertEmbeddings [matched <class subclasses model base>],False,,False,,True,pytorch_transformers/modeling_transfo_xl.py:1101 torch.no_grad [matched torch.no_grad],"unverified: missing stages: training, evaluation"
https://github.com/AtlasHale/ml_classify,ok,False,3,0,1,src\train.py,fallback_nested,1,8,0,0,0,False,,True,src/train.py:201 imblearn.over_sampling.RandomOverSampler [matched RandomOverSampler],False,,True,src/train.py:84 model.fit_generator [matched model.fit_generator],True,src/train.py:102 model.evaluate [matched model.evaluate],False,,"unverified: missing stages: data_acquisition, modeling, inference"
https://github.com/Wenbo-Git/Data-Science,no_dockerfile,False,0,0,0,,,0,0,0,0,0,False,,False,,False,,False,,False,,False,,no Dockerfile and no fallback entry point found
https://github.com/gfjiangly/cvtools,no_dockerfile,False,0,0,0,,,0,0,0,0,0,False,,False,,False,,False,,False,,False,,no Dockerfile and no fallback entry point found
https://github.com/collab-uniba/PH_miner,no_dockerfile,False,0,0,0,,,0,0,0,0,0,False,,False,,False,,False,,False,,False,,no Dockerfile and no fallback entry point found
https://github.com/AutoAVE/NLP_Learning_DL_-,no_dockerfile,False,0,0,0,,,0,0,0,0,0,False,,False,,False,,False,,False,,False,,no Dockerfile and no fallback entry point found
https://github.com/GeoffroyS/Handwritten-digits-classifier,no_dockerfile,False,0,0,0,,,0,0,0,0,0,False,,False,,False,,False,,False,,False,,no Dockerfile and no fallback entry point found
https://github.com/andreArtelt/ceml,no_dockerfile,False,0,0,0,,,0,0,0,0,0,False,,False,,False,,False,,False,,False,,no Dockerfile and no fallback entry point found
https://github.com/CogStack/MedCATtrainer,no_entry,False,0,1,0,,,0,0,0,0,0,False,,False,,False,,False,,False,,False,,Dockerfile(s) found but no Python entry point could be resolved
https://github.com/ncfrey/pumml,no_dockerfile,False,0,0,0,,,0,0,0,0,0,False,,False,,False,,False,,False,,False,,no Dockerfile and no fallback entry point found
https://github.com/Darilbii/BirdSongToolbox,no_dockerfile,False,0,0,0,,,0,0,0,0,0,False,,False,,False,,False,,False,,False,,no Dockerfile and no fallback entry point found
https://github.com/john-science/scipy_con_2019,no_dockerfile,False,0,0,0,,,0,0,0,0,0,False,,False,,False,,False,,False,,False,,no Dockerfile and no fallback entry point found
https://github.com/gianlucatruda/warfit-learn,no_dockerfile,False,0,0,0,,,0,0,0,0,0,False,,False,,False,,False,,False,,False,,no Dockerfile and no fallback entry point found
https://github.com/m4ni5h/UdacityMLND2,no_dockerfile,False,0,0,0,,,0,0,0,0,0,False,,False,,False,,False,,False,,False,,no Dockerfile and no fallback entry point found
https://github.com/Sakib49/new,no_dockerfile,False,0,0,0,,,0,0,0,0,0,False,,False,,False,,False,,False,,False,,no Dockerfile and no fallback entry point found
https://github.com/agilestacks/kubeflow-extensions,no_entry,False,0,5,0,,,0,0,0,0,0,False,,False,,False,,False,,False,,False,,Dockerfile(s) found but no Python entry point could be resolved
https://github.com/ChiangC/DeepLearning,no_entry,False,0,1,0,,,0,0,0,0,0,False,,False,,False,,False,,False,,False,,Dockerfile(s) found but no Python entry point could be resolved
https://github.com/ucbpylegroup/RQpy,no_dockerfile,False,0,0,0,,,0,0,0,0,0,False,,False,,False,,False,,False,,False,,no Dockerfile and no fallback entry point found
https://github.com/clementbrizard/mapping-finland-weather,no_dockerfile,False,0,0,0,,,0,0,0,0,0,False,,False,,False,,False,,False,,False,,no Dockerfile and no fallback entry point found
https://github.com/Droxef/PDMdeepsphere,no_dockerfile,False,0,0,0,,,0,0,0,0,0,False,,False,,False,,False,,False,,False,,no Dockerfile and no fallback entry point found
https://github.com/SamujjwalSam/MatchingNetworks4XC,no_dockerfile,False,0,0,0,,,0,0,0,0,0,False,,False,,False,,False,,False,,False,,no Dockerfile and no fallback entry point found
https://github.com/Shankar11/PythonDataScienceHandbook,no_dockerfile,False,0,0,0,,,0,0,0,0,0,False,,False,,False,,False,,False,,False,,no Dockerfile and no fallback entry point found
https://github.com/deeplearningunb/review_analyzer,no_entry,False,0,6,0,,,0,0,0,0,0,False,,False,,False,,False,,False,,False,,Dockerfile(s) found but no Python entry point could be resolved
https://github.com/vigorfif/handson-ml,no_entry,False,0,1,0,,,0,0,0,0,0,False,,False,,False,,False,,False,,False,,Dockerfile(s) found but no Python entry point could be resolved
https://github.com/lorinanthony/RATE,no_dockerfile,False,0,0,0,,,0,0,0,0,0,False,,False,,False,,False,,False,,False,,no Dockerfile and no fallback entry point found
https://github.com/mowoe/heartbeat,no_entry,False,0,1,0,,,0,0,0,0,0,False,,False,,False,,False,,False,,False,,Dockerfile(s) found but no Python entry point could be resolved
https://github.com/shahineb/archives1819,no_dockerfile,False,0,0,0,,,0,0,0,0,0,False,,False,,False,,False,,False,,False,,no Dockerfile and no fallback entry point found
https://github.com/AxeldeRomblay/MLBox,no_dockerfile,False,0,0,0,,,0,0,0,0,0,False,,False,,False,,False,,False,,False,,no Dockerfile and no fallback entry point found
https://github.com/lasoya/Recipe_Recommender,no_dockerfile,False,0,0,0,,,0,0,0,0,0,False,,False,,False,,False,,False,,False,,no Dockerfile and no fallback entry point found
https://github.com/liangcht/yolo_objectdetection,no_entry,False,0,4,0,,,0,0,0,0,0,False,,False,,False,,False,,False,,False,,Dockerfile(s) found but no Python entry point could be resolved
https://github.com/andrewre23/sofenn,no_dockerfile,False,0,0,0,,,0,0,0,0,0,False,,False,,False,,False,,False,,False,,no Dockerfile and no fallback entry point found
https://github.com/AlliedToasters/dfencoder,no_dockerfile,False,0,0,0,,,0,0,0,0,0,False,,False,,False,,False,,False,,False,,no Dockerfile and no fallback entry point found
https://github.com/shopping-tang/tensorflow-mtcnn,no_dockerfile,False,0,0,0,,,0,0,0,0,0,False,,False,,False,,False,,False,,False,,no Dockerfile and no fallback entry point found
https://github.com/apmoore1/target-extraction,no_dockerfile,False,0,0,0,,,0,0,0,0,0,False,,False,,False,,False,,False,,False,,no Dockerfile and no fallback entry point found
https://github.com/zhangjenner/faceswap,ok,False,1,2,1,scripts\train.py,fallback_nested,13,211,4,0,1,True,lib/utils.py:95 cv2.imread [matched cv2.imread],False,,False,,False,,False,,False,,"unverified: missing stages: data_preparation, modeling, training, evaluation, inference"
https://github.com/rgmumufeng/udacity_machine_learning,no_dockerfile,False,0,0,0,,,0,0,0,0,0,False,,False,,False,,False,,False,,False,,no Dockerfile and no fallback entry point found
https://github.com/hanzckernel/opricer,no_entry,False,0,1,0,,,0,0,0,0,0,False,,False,,False,,False,,False,,False,,Dockerfile(s) found but no Python entry point could be resolved
https://github.com/Jamiroquai88/VBDiarization,no_dockerfile,False,0,0,0,,,0,0,0,0,0,False,,False,,False,,False,,False,,False,,no Dockerfile and no fallback entry point found
https://github.com/sahahn/BPt,no_dockerfile,False,0,0,0,,,0,0,0,0,0,False,,False,,False,,False,,False,,False,,no Dockerfile and no fallback entry point found
https://github.com/pamarquez/pipelineHW,no_entry,False,0,60,1,,dockerfile,0,0,0,0,0,False,,False,,False,,False,,False,,False,,no resolved entry point yielded a usable call graph
https://github.com/HexHive/retrowrite,no_entry,False,0,1,0,,,0,0,0,0,0,False,,False,,False,,False,,False,,False,,Dockerfile(s) found but no Python entry point could be resolved
https://github.com/BlaneCordes/finding_donors,no_dockerfile,False,0,0,0,,,0,0,0,0,0,False,,False,,False,,False,,False,,False,,no Dockerfile and no fallback entry point found
https://github.com/binshi/udacity_mlnd,no_dockerfile,False,0,0,0,,,0,0,0,0,0,False,,False,,False,,False,,False,,False,,no Dockerfile and no fallback entry point found
https://github.com/domi385/Histo,ok,True,6,0,1,histo\main.py,fallback_nested,11,119,3,0,0,True,histo/dataset.py:92 h5py.File [matched h5py.File],True,histo/dataset.py:14 torchvision.transforms.Compose [matched torchvision.transforms.*],True,histo/models.py:28 nn.Linear [matched nn.Linear],True,histo/train.py:132 loss.backward [matched loss.backward],True,histo/experiments/base_experiment.py:153 sklearn.metrics.roc_auc_score [matched roc_auc_score],True,histo/train.py:108 model.eval [matched model.eval],verified: all 6 stages present
https://github.com/SaschaDittmann/MLOps-AzureCLI,no_dockerfile,False,0,0,0,,,0,0,0,0,0,False,,False,,False,,False,,False,,False,,no Dockerfile and no fallback entry point found
https://github.com/ojdb19/DS-Handbook,no_dockerfile,False,0,0,0,,,0,0,0,0,0,False,,False,,False,,False,,False,,False,,no Dockerfile and no fallback entry point found
https://github.com/capeexplain/cape,ok,False,5,0,1,capexplain\cape.py,fallback_console_script,23,204,3,0,0,True,capexplain/pattern_miner/PatternMiner.py:217 pd.read_sql [matched pd.read_sql],True,capexplain/gui/Cape_GUI.py:675 pd.to_numeric [matched pd.to_numeric],True,capexplain/pattern_miner/PatternMiner.py:403 sklearn.linear_model.LinearRegression [matched LinearRegression],True,capexplain/pattern_model/LocalRegressionPattern.py:35 self.model.fit [matched model.fit],False,,True,capexplain/gui/Cape_GUI.py:499 model.predict [matched model.predict],unverified: missing stages: evaluation
https://github.com/brown-ccv/pulsedetector,no_dockerfile,False,0,0,0,,,0,0,0,0,0,False,,False,,False,,False,,False,,False,,no Dockerfile and no fallback entry point found
https://github.com/PKing70/LIMEaid,no_dockerfile,False,0,0,0,,,0,0,0,0,0,False,,False,,False,,False,,False,,False,,no Dockerfile and no fallback entry point found
https://github.com/pierpaolo28/Artificial-Intelligence-Projects,no_dockerfile,False,0,0,0,,,0,0,0,0,0,False,,False,,False,,False,,False,,False,,no Dockerfile and no fallback entry point found
https://github.com/Exciti/Hands-on-ml,no_entry,False,0,1,0,,,0,0,0,0,0,False,,False,,False,,False,,False,,False,,Dockerfile(s) found but no Python entry point could be resolved
https://github.com/WilliamHsuNz/MLRIG,no_dockerfile,False,0,0,0,,,0,0,0,0,0,False,,False,,False,,False,,False,,False,,no Dockerfile and no fallback entry point found
https://github.com/ze0n/terrakhod,no_dockerfile,False,0,0,0,,,0,0,0,0,0,False,,False,,False,,False,,False,,False,,no Dockerfile and no fallback entry point found
https://github.com/yzabc007/SurfCon,no_dockerfile,False,0,0,0,,,0,0,0,0,0,False,,False,,False,,False,,False,,False,,no Dockerfile and no fallback entry point found
https://github.com/machinereading/ELD,no_dockerfile,False,0,0,0,,,0,0,0,0,0,False,,False,,False,,False,,False,,False,,no Dockerfile and no fallback entry point found
https://github.com/CamDavidsonPilon/lifelines,no_dockerfile,False,0,0,0,,,0,0,0,0,0,False,,False,,False,,False,,False,,False,,no Dockerfile and no fallback entry point found
https://github.com/1000ping/udacity-deeplearning-v2,no_dockerfile,False,0,0,0,,,0,0,0,0,0,False,,False,,False,,False,,False,,False,,no Dockerfile and no fallback entry point found
https://github.com/shahakshay11/feature-engineering,no_dockerfile,False,0,0,0,,,0,0,0,0,0,False,,False,,False,,False,,False,,False,,no Dockerfile and no fallback entry point found
https://github.com/dujm/Health_PrecisionMedicine,no_dockerfile,False,0,0,0,,,0,0,0,0,0,False,,False,,False,,False,,False,,False,,no Dockerfile and no fallback entry point found
https://github.com/paulbrodersen/somnotate,no_dockerfile,False,0,0,0,,,0,0,0,0,0,False,,False,,False,,False,,False,,False,,no Dockerfile and no fallback entry point found
https://github.com/bsauty/sc_mri_dl_classifier,ok,False,5,0,1,classifier\main.py,fallback_console_script,1,3,0,0,0,True,classifier/main.py:92 torch.utils.data.DataLoader [matched DataLoader],True,classifier/main.py:61 torchvision.transforms.Compose [matched torchvision.transforms.*],False,,True,classifier/main.py:124 tensorboardX.SummaryWriter [matched SummaryWriter],True,classifier/main.py:142 writer.add_scalar [matched writer.add_scalar],True,classifier/main.py:172 model.eval [matched model.eval],unverified: missing stages: modeling
https://github.com/petakajaib/dia-kata,no_dockerfile,False,0,0,0,,,0,0,0,0,0,False,,False,,False,,False,,False,,False,,no Dockerfile and no fallback entry point found
https://github.com/williamabreu/GCC151,no_dockerfile,False,0,0,0,,,0,0,0,0,0,False,,False,,False,,False,,False,,False,,no Dockerfile and no fallback entry point found
https://github.com/pavanrjakkanawar/secureAPI,no_dockerfile,False,0,0,0,,,0,0,0,0,0,False,,False,,False,,False,,False,,False,,no Dockerfile and no fallback entry point found
https://github.com/thinkingmachines/open-source-fridays,no_entry,False,0,1,0,,,0,0,0,0,0,False,,False,,False,,False,,False,,False,,Dockerfile(s) found but no Python entry point could be resolved
https://github.com/bryanblackbee/ds-learning-journey,no_dockerfile,False,0,0,0,,,0,0,0,0,0,False,,False,,False,,False,,False,,False,,no Dockerfile and no fallback entry point found
https://github.com/EvgenyKashin/backbone,no_entry,False,0,1,0,,,0,0,0,0,0,False,,False,,False,,False,,False,,False,,Dockerfile(s) found but no Python entry point could be resolved
https://github.com/Oborichkin/tea-site,no_dockerfile,False,0,0,0,,,0,0,0,0,0,False,,False,,False,,False,,False,,False,,no Dockerfile and no fallback entry point found
https://github.com/morinsb/ageron-book,no_entry,False,0,1,0,,,0,0,0,0,0,False,,False,,False,,False,,False,,False,,Dockerfile(s) found but no Python entry point could be resolved
https://github.com/kejin-qian/Malicious-URL-Classifier,no_dockerfile,False,0,0,0,,,0,0,0,0,0,False,,False,,False,,False,,False,,False,,no Dockerfile and no fallback entry point found
https://github.com/8peopleinc/PythonDataScienceHandbook,no_dockerfile,False,0,0,0,,,0,0,0,0,0,False,,False,,False,,False,,False,,False,,no Dockerfile and no fallback entry point found
https://github.com/Kostis-S-Z/DL_4_SLAM,no_dockerfile,False,0,0,0,,,0,0,0,0,0,False,,False,,False,,False,,False,,False,,no Dockerfile and no fallback entry point found
https://github.com/jgoodman8/py-image-features-extractor,ok,False,4,0,1,image_feature_extractor\cli.py,fallback_console_script,10,64,2,0,0,True,image_feature_extractor/utils.py:25 pd.read_csv [matched pd.read_csv],False,,True,image_feature_extractor/models/image_model.py:69 tf.python.keras.layers.Dense [matched layers.Dense],True,image_feature_extractor/models/clutering_model.py:41 model.fit_predict [matched .fit_predict],False,,True,image_feature_extractor/extractors/deep_extractor.py:46 self.model.predict [matched model.predict],"unverified: missing stages: data_preparation, evaluation"
https://github.com/cerob/slicesim,ok,False,1,0,1,slicesim\__main__.py,fallback_nested,9,52,1,0,0,True,slicesim/__main__.py:66 yaml.load [matched yaml.load],False,,False,,False,,False,,False,,"unverified: missing stages: data_preparation, modeling, training, evaluation, inference"
https://github.com/istefano82/ludwig_clone,ok,False,5,1,1,ludwig\train.py,fallback_nested,51,554,4,0,0,True,ludwig/train.py:178 yaml.safe_load [matched yaml.safe_load],True,ludwig/data/concatenate_datasets.py:58 pd.concat [matched pd.concat],True,ludwig/train.py:434 ludwig.models.model.Model [matched Model],True,ludwig/contribs/comet.py:53 comet_ml.Experiment [matched comet_ml.Experiment],True,ludwig/features/binary_feature.py:317 ludwig.utils.metrics_utils.roc_curve [matched roc_curve],False,,unverified: missing stages: inference
https://github.com/VanAurum/ML-automator,no_dockerfile,False,0,0,0,,,0,0,0,0,0,False,,False,,False,,False,,False,,False,,no Dockerfile and no fallback entry point found
https://github.com/andrewrreed/phish-setlist-modeling,no_dockerfile,False,0,0,0,,,0,0,0,0,0,False,,False,,False,,False,,False,,False,,no Dockerfile and no fallback entry point found
https://github.com/yurilq/rasa01,ok,True,6,1,1,rasa\__main__.py,fallback_nested,96,1499,6,0,5,True,rasa/utils/io.py:128 json.load [matched json.load],True,rasa/nlu/test.py:772 sklearn.model_selection.StratifiedKFold [matched StratifiedKFold],True,rasa/core/policies/keras_policy.py:128 tf.keras.layers.Masking [matched tf.keras.layers.*],True,rasa/nlu/train.py:91 trainer.train [matched trainer.train],True,rasa/test.py:139 rasa.nlu.test.cross_validate [matched cross_validate],True,rasa/core/policies/keras_policy.py:255 self.model.predict [matched model.predict],verified: all 6 stages present
https://github.com/aramis-lab/clinica,ok,False,2,0,1,clinica\cmdline.py,fallback_console_script,87,684,7,0,0,True,clinica/iotools/describe.py:37 json.load [matched json.load],True,clinica/converters/habs_to_bids/_converter.py:76 pd.concat [matched pd.concat],False,,False,,False,,False,,"unverified: missing stages: modeling, training, evaluation, inference"
https://github.com/tensorflow/tcav,no_dockerfile,False,0,0,0,,,0,0,0,0,0,False,,False,,False,,False,,False,,False,,no Dockerfile and no fallback entry point found
https://github.com/befelix/safe-exploration,no_entry,False,0,1,0,,,0,0,0,0,0,False,,False,,False,,False,,False,,False,,Dockerfile(s) found but no Python entry point could be resolved
https://github.com/tcc-lucas-marco/ej,no_entry,False,0,3,0,,,0,0,0,0,0,False,,False,,False,,False,,False,,False,,Dockerfile(s) found but no Python entry point could be resolved
https://github.com/sage-group/hugin,no_entry,False,0,3,0,,,0,0,0,0,0,False,,False,,False,,False,,False,,False,,Dockerfile(s) found but no Python entry point could be resolved
https://github.com/k-chuang/data-science-competitions,no_dockerfile,False,0,0,0,,,0,0,0,0,0,False,,False,,False,,False,,False,,False,,no Dockerfile and no fallback entry point found
https://github.com/zainussami/LearnPytorch,no_dockerfile,False,0,0,0,,,0,0,0,0,0,False,,False,,False,,False,,False,,False,,no Dockerfile and no fallback entry point found
https://github.com/samuelduchesne/archetypal,ok,False,2,1,1,archetypal\cli.py,fallback_console_script,48,1368,4,0,0,True,archetypal/utils.py:356 json.load [matched json.load],True,archetypal/utils.py:279 pd.to_numeric [matched pd.to_numeric],False,,False,,False,,False,,"unverified: missing stages: modeling, training, evaluation, inference"
https://github.com/DigitalSlideArchive/HistomicsTK,ok,False,0,1,1,histomicstk\cli\__main__.py,fallback_console_script,1,1,0,0,0,False,,False,,False,,False,,False,,False,,"unverified: missing stages: data_acquisition, data_preparation, modeling, training, evaluation, inference"
https://github.com/AlanConstantine/KDD-Cup-2019-CAMMTR,no_dockerfile,False,0,0,0,,,0,0,0,0,0,False,,False,,False,,False,,False,,False,,no Dockerfile and no fallback entry point found
https://github.com/hack4impact-uiuc/globalgiving-depth,ok,False,2,0,1,classification\main.py,fallback_nested,1,0,0,0,0,True,classification/main.py:14 json.load [matched json.load],True,classification/main.py:15 sklearn.model_selection.train_test_split [matched train_test_split],False,,False,,False,,False,,"unverified: missing stages: modeling, training, evaluation, inference"
https://github.com/bharathkkb/ASL-detector,no_dockerfile,False,0,0,0,,,0,0,0,0,0,False,,False,,False,,False,,False,,False,,no Dockerfile and no fallback entry point found
https://github.com/darrenwan/PCa,no_dockerfile,False,0,0,0,,,0,0,0,0,0,False,,False,,False,,False,,False,,False,,no Dockerfile and no fallback entry point found
https://github.com/Peantab/NLP-Tasks,no_dockerfile,False,0,0,0,,,0,0,0,0,0,False,,False,,False,,False,,False,,False,,no Dockerfile and no fallback entry point found
https://github.com/guildai/guildai,ok,False,0,1,1,guild\main.py,fallback_nested,3,9,1,0,0,False,,False,,False,,False,,False,,False,,"unverified: missing stages: data_acquisition, data_preparation, modeling, training, evaluation, inference"
https://github.com/edfong/npl,no_dockerfile,False,0,0,0,,,0,0,0,0,0,False,,False,,False,,False,,False,,False,,no Dockerfile and no fallback entry point found
https://github.com/meverg/goal_model_generator,no_entry,False,0,1,0,,,0,0,0,0,0,False,,False,,False,,False,,False,,False,,Dockerfile(s) found but no Python entry point could be resolved
https://github.com/martinlecs/Nine-Board-Tic-Tac-Toe-AI,no_dockerfile,False,0,0,0,,,0,0,0,0,0,False,,False,,False,,False,,False,,False,,no Dockerfile and no fallback entry point found
https://github.com/crazyfrogspb/DLFinalProject,no_dockerfile,False,0,0,0,,,0,0,0,0,0,False,,False,,False,,False,,False,,False,,no Dockerfile and no fallback entry point found
https://github.com/avivrosenberg/mlopt,ok,False,1,0,1,linreg\run.py,fallback_nested,3,14,1,0,1,True,util/util.py:47 urllib.request.urlopen [matched urllib.request.urlopen],False,,False,,False,,False,,False,,"unverified: missing stages: data_preparation, modeling, training, evaluation, inference"
https://github.com/joshua-smith4/PoseSegmentation,no_dockerfile,False,0,0,0,,,0,0,0,0,0,False,,False,,False,,False,,False,,False,,no Dockerfile and no fallback entry point found
https://github.com/josh-gree/showcase_project,no_entry,False,0,7,0,,,0,0,0,0,0,False,,False,,False,,False,,False,,False,,Dockerfile(s) found but no Python entry point could be resolved
https://github.com/lizzij/AuthorProfiling,no_dockerfile,False,0,0,0,,,0,0,0,0,0,False,,False,,False,,False,,False,,False,,no Dockerfile and no fallback entry point found
https://github.com/aradhanacha/aif360,no_dockerfile,False,0,0,0,,,0,0,0,0,0,False,,False,,False,,False,,False,,False,,no Dockerfile and no fallback entry point found
https://github.com/GlaIZier/titanic-prediction,no_dockerfile,False,0,0,0,,,0,0,0,0,0,False,,False,,False,,False,,False,,False,,no Dockerfile and no fallback entry point found
https://github.com/taiyingchen/new-word-detection,no_dockerfile,False,0,0,0,,,0,0,0,0,0,False,,False,,False,,False,,False,,False,,no Dockerfile and no fallback entry point found
https://github.com/acetaxxxx/2nd-ML100Days,no_dockerfile,False,0,0,0,,,0,0,0,0,0,False,,False,,False,,False,,False,,False,,no Dockerfile and no fallback entry point found
https://github.com/plastering/plastering,no_dockerfile,False,0,0,0,,,0,0,0,0,0,False,,False,,False,,False,,False,,False,,no Dockerfile and no fallback entry point found
https://github.com/msnederland/candypicker,no_dockerfile,False,0,0,0,,,0,0,0,0,0,False,,False,,False,,False,,False,,False,,no Dockerfile and no fallback entry point found
https://github.com/antonshir/LongBeachCityProject,no_entry,False,0,3,0,,,0,0,0,0,0,False,,False,,False,,False,,False,,False,,Dockerfile(s) found but no Python entry point could be resolved
https://github.com/vanh17/EmojiClassifier,no_dockerfile,False,0,0,0,,,0,0,0,0,0,False,,False,,False,,False,,False,,False,,no Dockerfile and no fallback entry point found
https://github.com/mhs-rajaei/facenet_custom_dataset_eval,no_dockerfile,False,0,0,0,,,0,0,0,0,0,False,,False,,False,,False,,False,,False,,no Dockerfile and no fallback entry point found
https://github.com/etown-blue-team/Otis,no_dockerfile,False,0,0,0,,,0,0,0,0,0,False,,False,,False,,False,,False,,False,,no Dockerfile and no fallback entry point found
https://github.com/kjappelbaum/structure_comp,no_dockerfile,False,0,0,0,,,0,0,0,0,0,False,,False,,False,,False,,False,,False,,no Dockerfile and no fallback entry point found
https://github.com/SiLiKhon/MyGAN,no_dockerfile,False,0,0,0,,,0,0,0,0,0,False,,False,,False,,False,,False,,False,,no Dockerfile and no fallback entry point found
https://github.com/kartikperisetla/DrQA,no_dockerfile,False,0,0,0,,,0,0,0,0,0,False,,False,,False,,False,,False,,False,,no Dockerfile and no fallback entry point found
https://github.com/zalam93/search-dm,no_dockerfile,False,0,0,0,,,0,0,0,0,0,False,,False,,False,,False,,False,,False,,no Dockerfile and no fallback entry point found
https://github.com/yeladlouni/Castor,ok,False,4,0,1,char_cnn\__main__.py,fallback_nested,44,96,4,0,0,False,,False,,True,char_cnn/model.py:0 class CharCNN [matched <class subclasses model base>],True,char_cnn/__main__.py:143 trainer.train [matched trainer.train],True,common/evaluators/reuters_evaluator.py:55 sklearn.metrics.accuracy_score [matched accuracy_score],True,common/evaluators/semeval_evaluator.py:10 self.model.eval [matched model.eval],"unverified: missing stages: data_acquisition, data_preparation"
https://github.com/otero-bremen/hanoi-school,no_dockerfile,False,0,0,0,,,0,0,0,0,0,False,,False,,False,,False,,False,,False,,no Dockerfile and no fallback entry point found
https://github.com/orionpax00/weather,no_entry,False,0,1,0,,,0,0,0,0,0,False,,False,,False,,False,,False,,False,,Dockerfile(s) found but no Python entry point could be resolved
https://github.com/pco2699/NullSuck-AI,no_entry,False,0,2,0,,,0,0,0,0,0,False,,False,,False,,False,,False,,False,,Dockerfile(s) found but no Python entry point could be resolved
https://github.com/jzohdi/svmVisualizer,no_entry,False,0,1,0,,,0,0,0,0,0,False,,False,,False,,False,,False,,False,,Dockerfile(s) found but no Python entry point could be resolved
https://github.com/yunjieyin/keras-learning-API,no_dockerfile,False,0,0,0,,,0,0,0,0,0,False,,False,,False,,False,,False,,False,,no Dockerfile and no fallback entry point found
https://github.com/MD2Korg/CerebralCortex-Kernel_archived,no_entry,False,0,1,0,,,0,0,0,0,0,False,,False,,False,,False,,False,,False,,Dockerfile(s) found but no Python entry point could be resolved
https://github.com/hellopikaqiu/python,ok,False,0,0,1,19xgboost\train.py,fallback_nested,1,1,0,0,0,False,,False,,False,,False,,False,,False,,"unverified: missing stages: data_acquisition, data_preparation, modeling, training, evaluation, inference"
https://github.com/aboucaud/deeplearning4astro_labs_2019,no_dockerfile,False,0,0,0,,,0,0,0,0,0,False,,False,,False,,False,,False,,False,,no Dockerfile and no fallback entry point found
https://github.com/TheeChris/hospital_readmission,no_dockerfile,False,0,0,0,,,0,0,0,0,0,False,,False,,False,,False,,False,,False,,no Dockerfile and no fallback entry point found
https://github.com/xinru1414/Reddit,no_dockerfile,False,0,0,0,,,0,0,0,0,0,False,,False,,False,,False,,False,,False,,no Dockerfile and no fallback entry point found
https://github.com/goruck/smart-zoneminder,no_dockerfile,False,0,0,0,,,0,0,0,0,0,False,,False,,False,,False,,False,,False,,no Dockerfile and no fallback entry point found
https://github.com/theonlyid/seizuredetection,no_dockerfile,False,0,0,0,,,0,0,0,0,0,False,,False,,False,,False,,False,,False,,no Dockerfile and no fallback entry point found
https://github.com/richardtjornhammar/impetuous,no_dockerfile,False,0,0,0,,,0,0,0,0,0,False,,False,,False,,False,,False,,False,,no Dockerfile and no fallback entry point found
https://github.com/ShivendraAgrawal/deep-learning-v2-pytorch-udacity,no_dockerfile,False,0,0,0,,,0,0,0,0,0,False,,False,,False,,False,,False,,False,,no Dockerfile and no fallback entry point found
https://github.com/qiuwenhui/faceswap,ok,False,1,2,1,scripts\train.py,fallback_nested,13,168,4,0,1,True,scripts/train.py:173 cv2.imread [matched cv2.imread],False,,False,,False,,False,,False,,"unverified: missing stages: data_preparation, modeling, training, evaluation, inference"
https://github.com/TruMedicines/DeepPill-server-v2,ok,False,5,0,1,pillmatch\bin\api_server.py,fallback_console_script,9,71,3,0,0,True,pillmatch/bin/api_server.py:20 json.load [matched json.load],True,pillmatch/generated_dataset.py:32 imgaug.augmenters.Sequential [matched imgaug.augmenters.*],True,pillmatch/model.py:315 keras.layers.Reshape [matched keras.layers.*],True,pillmatch/model.py:464 self.model.fit_generator [matched model.fit_generator],False,,True,pillmatch/bin/api_server.py:14 flask.Flask [matched Flask],unverified: missing stages: evaluation
https://github.com/wuRDmemory/deep,no_dockerfile,False,0,0,0,,,0,0,0,0,0,False,,False,,False,,False,,False,,False,,no Dockerfile and no fallback entry point found
https://github.com/daydreamersjp/SimilarLineFromDMM,no_dockerfile,False,0,0,0,,,0,0,0,0,0,False,,False,,False,,False,,False,,False,,no Dockerfile and no fallback entry point found
https://github.com/kristinauko/hb_final_project,no_dockerfile,False,0,0,0,,,0,0,0,0,0,False,,False,,False,,False,,False,,False,,no Dockerfile and no fallback entry point found
https://github.com/renero/dataset,no_dockerfile,False,0,0,0,,,0,0,0,0,0,False,,False,,False,,False,,False,,False,,no Dockerfile and no fallback entry point found
https://github.com/cschoeny/personal-projects,no_dockerfile,False,0,0,0,,,0,0,0,0,0,False,,False,,False,,False,,False,,False,,no Dockerfile and no fallback entry point found
https://github.com/nnkennard/boxotax,no_dockerfile,False,0,0,0,,,0,0,0,0,0,False,,False,,False,,False,,False,,False,,no Dockerfile and no fallback entry point found
https://github.com/pkf-thesis/playground,ok,False,0,0,1,src\main.py,fallback_nested,1,13,0,0,0,False,,False,,False,,False,,False,,False,,"unverified: missing stages: data_acquisition, data_preparation, modeling, training, evaluation, inference"
https://github.com/jzrlza/plant-soil-buddy,no_dockerfile,False,0,0,0,,,0,0,0,0,0,False,,False,,False,,False,,False,,False,,no Dockerfile and no fallback entry point found
https://github.com/tdardinier/InterGP,ok,False,0,0,1,src\main.py,fallback_nested,1,13,0,0,0,False,,False,,False,,False,,False,,False,,"unverified: missing stages: data_acquisition, data_preparation, modeling, training, evaluation, inference"
https://github.com/fyumoto/Imbalanced-learn,no_dockerfile,False,0,0,0,,,0,0,0,0,0,False,,False,,False,,False,,False,,False,,no Dockerfile and no fallback entry point found
https://github.com/golemfactory/clay,no_entry,False,0,11,0,,,0,0,0,0,0,False,,False,,False,,False,,False,,False,,Dockerfile(s) found but no Python entry point could be resolved
https://github.com/wcyn/gnue-chat-summarization,ok,False,1,0,1,app\run.py,fallback_nested,3,17,2,0,0,False,,False,,False,,False,,False,,True,app/run.py:19 flask.Flask [matched Flask],"unverified: missing stages: data_acquisition, data_preparation, modeling, training, evaluation"
https://github.com/tpbarron/adacurv,no_dockerfile,False,0,0,0,,,0,0,0,0,0,False,,False,,False,,False,,False,,False,,no Dockerfile and no fallback entry point found
https://github.com/yell/python-utils,no_dockerfile,False,0,0,0,,,0,0,0,0,0,False,,False,,False,,False,,False,,False,,no Dockerfile and no fallback entry point found
https://github.com/rajewsky-lab/novosparc,no_dockerfile,False,0,0,0,,,0,0,0,0,0,False,,False,,False,,False,,False,,False,,no Dockerfile and no fallback entry point found
https://github.com/glungu/udacity-machine-learning,no_dockerfile,False,0,0,0,,,0,0,0,0,0,False,,False,,False,,False,,False,,False,,no Dockerfile and no fallback entry point found
https://github.com/GAA-UAM/scikit-fda,no_dockerfile,False,0,0,0,,,0,0,0,0,0,False,,False,,False,,False,,False,,False,,no Dockerfile and no fallback entry point found
https://github.com/mrdeds/data_science_intro,no_dockerfile,False,0,0,0,,,0,0,0,0,0,False,,False,,False,,False,,False,,False,,no Dockerfile and no fallback entry point found
https://github.com/wanderdust/ML_nanodegree_udacity,no_dockerfile,False,0,0,0,,,0,0,0,0,0,False,,False,,False,,False,,False,,False,,no Dockerfile and no fallback entry point found
https://github.com/JimFawkes/fletcher,ok,False,0,1,1,fletcher\__main__.py,fallback_nested,1,0,0,0,0,False,,False,,False,,False,,False,,False,,"unverified: missing stages: data_acquisition, data_preparation, modeling, training, evaluation, inference"
https://github.com/m-piechatzek/phishing_url_detector,ok,False,0,0,1,src\main.py,fallback_nested,1,0,0,0,0,False,,False,,False,,False,,False,,False,,"unverified: missing stages: data_acquisition, data_preparation, modeling, training, evaluation, inference"
https://github.com/aajanki/fi-sentence-embeddings-eval,no_dockerfile,False,0,0,0,,,0,0,0,0,0,False,,False,,False,,False,,False,,False,,no Dockerfile and no fallback entry point found
https://github.com/theGirrafish/comp-551,no_dockerfile,False,0,0,0,,,0,0,0,0,0,False,,False,,False,,False,,False,,False,,no Dockerfile and no fallback entry point found
https://github.com/trajminer/trajminer,no_dockerfile,False,0,0,0,,,0,0,0,0,0,False,,False,,False,,False,,False,,False,,no Dockerfile and no fallback entry point found
https://github.com/pyladieshamburg/getting-started-raspberry-pi,no_dockerfile,False,0,0,0,,,0,0,0,0,0,False,,False,,False,,False,,False,,False,,no Dockerfile and no fallback entry point found
https://github.com/CornellDataScience/IntSys-Sentiment-Summary,ok,False,1,0,1,src\train.py,fallback_nested,2,3,1,0,0,False,,False,,False,,True,src/train.py:46 loss.backward [matched loss.backward],False,,False,,"unverified: missing stages: data_acquisition, data_preparation, modeling, evaluation, inference"
https://github.com/greenelab/cimr,ok,False,0,0,1,cimr\prompt.py,fallback_console_script,3,6,1,0,1,False,,False,,False,,False,,False,,False,,"unverified: missing stages: data_acquisition, data_preparation, modeling, training, evaluation, inference"
https://github.com/jbryslaw/NLParmor,no_dockerfile,False,0,0,0,,,0,0,0,0,0,False,,False,,False,,False,,False,,False,,no Dockerfile and no fallback entry point found
https://github.com/ZoeLeBlanc/dissertation,no_dockerfile,False,0,0,0,,,0,0,0,0,0,False,,False,,False,,False,,False,,False,,no Dockerfile and no fallback entry point found
https://github.com/shaoshanglqy/PDPbox,no_dockerfile,False,0,0,0,,,0,0,0,0,0,False,,False,,False,,False,,False,,False,,no Dockerfile and no fallback entry point found
https://github.com/funcwj/setk,no_dockerfile,False,0,0,0,,,0,0,0,0,0,False,,False,,False,,False,,False,,False,,no Dockerfile and no fallback entry point found
https://github.com/alexandra-chron/ntua-slp-wassa-iest2018,no_dockerfile,False,0,0,0,,,0,0,0,0,0,False,,False,,False,,False,,False,,False,,no Dockerfile and no fallback entry point found
https://github.com/opencobra/Medusa,no_dockerfile,False,0,0,0,,,0,0,0,0,0,False,,False,,False,,False,,False,,False,,no Dockerfile and no fallback entry point found
https://github.com/aniketkt/ImageStackPy,no_dockerfile,False,0,0,0,,,0,0,0,0,0,False,,False,,False,,False,,False,,False,,no Dockerfile and no fallback entry point found
https://github.com/UBS-IB/bayesian_tree,no_dockerfile,False,0,0,0,,,0,0,0,0,0,False,,False,,False,,False,,False,,False,,no Dockerfile and no fallback entry point found
https://github.com/cloudmesh-community/sp19-222-101,no_entry,False,0,2,0,,,0,0,0,0,0,False,,False,,False,,False,,False,,False,,Dockerfile(s) found but no Python entry point could be resolved
https://github.com/Yquetzal/tnetwork,no_dockerfile,False,0,0,0,,,0,0,0,0,0,False,,False,,False,,False,,False,,False,,no Dockerfile and no fallback entry point found
https://github.com/djkormo/ContainersSamples,no_entry,False,0,31,0,,,0,0,0,0,0,False,,False,,False,,False,,False,,False,,Dockerfile(s) found but no Python entry point could be resolved
https://github.com/mfarooq28/PythonDataScienceHandbook,no_dockerfile,False,0,0,0,,,0,0,0,0,0,False,,False,,False,,False,,False,,False,,no Dockerfile and no fallback entry point found
https://github.com/dubalabhijit621/handson-ml,no_entry,False,0,1,0,,,0,0,0,0,0,False,,False,,False,,False,,False,,False,,Dockerfile(s) found but no Python entry point could be resolved
https://github.com/CompTech-IntentClassifier/IntentClassifier,ok,False,3,0,1,intent_classifier\main.py,fallback_nested,1,10,0,0,0,True,intent_classifier/main.py:31 pd.read_csv [matched pd.read_csv],True,intent_classifier/main.py:41 keras.preprocessing.text.Tokenizer [matched Tokenizer],False,,False,,True,intent_classifier/main.py:25 sklearn.metrics.f1_score [matched f1_score],False,,"unverified: missing stages: modeling, training, inference"
https://github.com/sforazz/dl,no_dockerfile,False,0,0,0,,,0,0,0,0,0,False,,False,,False,,False,,False,,False,,no Dockerfile and no fallback entry point found
https://github.com/antonpetkoff/relation-extraction,no_dockerfile,False,0,0,0,,,0,0,0,0,0,False,,False,,False,,False,,False,,False,,no Dockerfile and no fallback entry point found
https://github.com/luvf/sca_challenge,no_dockerfile,False,0,0,0,,,0,0,0,0,0,False,,False,,False,,False,,False,,False,,no Dockerfile and no fallback entry point found
https://github.com/urigoren/nlp_ner_workshop,no_dockerfile,False,0,0,0,,,0,0,0,0,0,False,,False,,False,,False,,False,,False,,no Dockerfile and no fallback entry point found
https://github.com/susantamoh84/eli5,no_dockerfile,False,0,0,0,,,0,0,0,0,0,False,,False,,False,,False,,False,,False,,no Dockerfile and no fallback entry point found
https://github.com/akihiro-inui/MusicGenreClassifiaction,no_dockerfile,False,0,0,0,,,0,0,0,0,0,False,,False,,False,,False,,False,,False,,no Dockerfile and no fallback entry point found
https://github.com/yumaito1/udacity_deeplearning,no_dockerfile,False,0,0,0,,,0,0,0,0,0,False,,False,,False,,False,,False,,False,,no Dockerfile and no fallback entry point found
https://github.com/YusufGandhi/pythorch-udacity,no_dockerfile,False,0,0,0,,,0,0,0,0,0,False,,False,,False,,False,,False,,False,,no Dockerfile and no fallback entry point found
https://github.com/TharinduDR/Siamese-Recurrent-Architectures,no_dockerfile,False,0,0,0,,,0,0,0,0,0,False,,False,,False,,False,,False,,False,,no Dockerfile and no fallback entry point found
https://github.com/briancmorris/Senior-Design,no_dockerfile,False,0,0,0,,,0,0,0,0,0,False,,False,,False,,False,,False,,False,,no Dockerfile and no fallback entry point found
https://github.com/institutedigitalgames/PLT,no_dockerfile,False,0,0,0,,,0,0,0,0,0,False,,False,,False,,False,,False,,False,,no Dockerfile and no fallback entry point found
https://github.com/roads/psiz,no_dockerfile,False,0,0,0,,,0,0,0,0,0,False,,False,,False,,False,,False,,False,,no Dockerfile and no fallback entry point found
https://github.com/jason-sa/classification,no_dockerfile,False,0,0,0,,,0,0,0,0,0,False,,False,,False,,False,,False,,False,,no Dockerfile and no fallback entry point found
https://github.com/arose13/PliableLasso,no_dockerfile,False,0,0,0,,,0,0,0,0,0,False,,False,,False,,False,,False,,False,,no Dockerfile and no fallback entry point found
https://github.com/dongkwan-kim/propy,no_dockerfile,False,0,0,0,,,0,0,0,0,0,False,,False,,False,,False,,False,,False,,no Dockerfile and no fallback entry point found
https://github.com/FederatedAI/FATE,no_entry,False,0,2,0,,,0,0,0,0,0,False,,False,,False,,False,,False,,False,,Dockerfile(s) found but no Python entry point could be resolved
https://github.com/leonjwu/AIHack,clone_failed,False,0,0,0,,,0,0,0,0,0,False,,False,,False,,False,,False,,False,,remote: Repository not found.
https://github.com/zhenglz/dockingML,ok,False,1,0,1,src\main.py,fallback_nested,16,114,3,0,0,True,src/core/config.py:60 json.load [matched json.load],False,,False,,False,,False,,False,,"unverified: missing stages: data_preparation, modeling, training, evaluation, inference"
https://github.com/zhangtao123Jo/CowRestAPI,no_dockerfile,False,0,0,0,,,0,0,0,0,0,False,,False,,False,,False,,False,,False,,no Dockerfile and no fallback entry point found
https://github.com/EthicalML/xai,ok,False,0,0,1,xai\_scripts.py,fallback_console_script,1,1,0,0,0,False,,False,,False,,False,,False,,False,,"unverified: missing stages: data_acquisition, data_preparation, modeling, training, evaluation, inference"
https://github.com/BayesWitnesses/m2cgen,ok,False,0,1,1,m2cgen\__main__.py,fallback_nested,12,140,5,0,0,False,,False,,False,,False,,False,,False,,"unverified: missing stages: data_acquisition, data_preparation, modeling, training, evaluation, inference"
https://github.com/sdpython/pymyinstall,no_dockerfile,False,0,0,0,,,0,0,0,0,0,False,,False,,False,,False,,False,,False,,no Dockerfile and no fallback entry point found
https://github.com/KarthikKothareddy/pyod,no_dockerfile,False,0,0,0,,,0,0,0,0,0,False,,False,,False,,False,,False,,False,,no Dockerfile and no fallback entry point found
https://github.com/BOHRTECHNOLOGY/public_research,no_dockerfile,False,0,0,0,,,0,0,0,0,0,False,,False,,False,,False,,False,,False,,no Dockerfile and no fallback entry point found
https://github.com/junwoopark92/2019-Kakao-Arena-Shopping-Classification,no_dockerfile,False,0,0,0,,,0,0,0,0,0,False,,False,,False,,False,,False,,False,,no Dockerfile and no fallback entry point found
https://github.com/dribnet/plat,ok,False,4,0,1,plat\bin\platcmd.py,fallback_console_script,11,80,3,0,0,True,plat/bin/sample.py:248 json.load [matched json.load],True,plat/grid_layout.py:62 np.nan_to_num [matched np.nan_to_num],True,plat/bin/atvec.py:242 sklearn.svm.LinearSVC [matched LinearSVC],False,,True,plat/bin/atvec.py:283 sklearn.metrics.accuracy_score [matched accuracy_score],False,,"unverified: missing stages: training, inference"
https://github.com/Patrick-Cole/pygmi,ok,False,1,0,1,pygmi\main.py,fallback_nested,8,147,4,0,1,True,pygmi/main.py:1217 json.load [matched json.load],False,,False,,False,,False,,False,,"unverified: missing stages: data_preparation, modeling, training, evaluation, inference"
https://github.com/macoycorpuz/face-analysis,no_dockerfile,False,0,0,0,,,0,0,0,0,0,False,,False,,False,,False,,False,,False,,no Dockerfile and no fallback entry point found
https://github.com/Maddosaurus/MLT,ok,False,0,0,1,MLT\run.py,fallback_nested,5,2,1,0,0,False,,False,,False,,False,,False,,False,,"unverified: missing stages: data_acquisition, data_preparation, modeling, training, evaluation, inference"
https://github.com/shao-lab/MAnorm,ok,False,1,0,1,manorm\cli.py,fallback_console_script,13,95,2,0,0,True,manorm/read/parsers.py:27 gzip.open [matched gzip.open],False,,False,,False,,False,,False,,"unverified: missing stages: data_preparation, modeling, training, evaluation, inference"
https://github.com/sberbank-ai/lastochka,no_dockerfile,False,0,0,0,,,0,0,0,0,0,False,,False,,False,,False,,False,,False,,no Dockerfile and no fallback entry point found
https://github.com/adhiraiyan/radnet,ok,False,5,0,1,pytorch_unet\trainer\train.py,fallback_console_script,8,67,2,0,0,True,pytorch_unet/processing/load.py:116 torch.utils.data.DataLoader [matched DataLoader],True,pytorch_unet/processing/load.py:92 torchvision.transforms.Compose [matched torchvision.transforms.*],True,pytorch_unet/model/u_net.py:0 class UNet [matched <class subclasses model base>],True,pytorch_unet/trainer/train.py:122 loss.backward [matched loss.backward],False,,True,pytorch_unet/trainer/train.py:72 model.eval [matched model.eval],unverified: missing stages: evaluation
https://github.com/joelostblom/bokeh-test,no_dockerfile,False,0,0,0,,,0,0,0,0,0,False,,False,,False,,False,,False,,False,,no Dockerfile and no fallback entry point found
https://github.com/mcbuehler/ssw-prediction,no_dockerfile,False,0,0,0,,,0,0,0,0,0,False,,False,,False,,False,,False,,False,,no Dockerfile and no fallback entry point found
https://github.com/Joecass93/NBA_Jam,no_dockerfile,False,0,0,0,,,0,0,0,0,0,False,,False,,False,,False,,False,,False,,no Dockerfile and no fallback entry point found
https://github.com/nipy/nilabels,no_dockerfile,False,0,0,0,,,0,0,0,0,0,False,,False,,False,,False,,False,,False,,no Dockerfile and no fallback entry point found
https://github.com/Boyu1997/ebay-broken-image,no_dockerfile,False,0,0,0,,,0,0,0,0,0,False,,False,,False,,False,,False,,False,,no Dockerfile and no fallback entry point found
https://github.com/phil7394/Aspect-based-sentiment-analysis,no_dockerfile,False,0,0,0,,,0,0,0,0,0,False,,False,,False,,False,,False,,False,,no Dockerfile and no fallback entry point found
https://github.com/geronimp/enrichM,ok,False,5,0,1,enrichm\run.py,fallback_nested,16,200,2,0,0,True,enrichm/data.py:338 gzip.open [matched gzip.open],True,enrichm/generate.py:195 sklearn.model_selection.train_test_split [matched train_test_split],True,enrichm/generate.py:266 sklearn.ensemble.RandomForestRegressor [matched RandomForestRegressor],True,enrichm/generate.py:146 sklearn.model_selection.GridSearchCV [matched GridSearchCV],False,,True,enrichm/run.py:389 pipeline [matched pipeline],unverified: missing stages: evaluation
https://github.com/GitYCC/recommender_touchstore,ok,False,0,0,1,src\main.py,fallback_nested,1,1,0,0,0,False,,False,,False,,False,,False,,False,,"unverified: missing stages: data_acquisition, data_preparation, modeling, training, evaluation, inference"
https://github.com/redbuttegarden/conservation,no_entry,False,0,1,0,,,0,0,0,0,0,False,,False,,False,,False,,False,,False,,Dockerfile(s) found but no Python entry point could be resolved
https://github.com/bblazeka/movement-prediction,no_dockerfile,False,0,0,0,,,0,0,0,0,0,False,,False,,False,,False,,False,,False,,no Dockerfile and no fallback entry point found
https://github.com/alphacsc/alphacsc,no_dockerfile,False,0,0,0,,,0,0,0,0,0,False,,False,,False,,False,,False,,False,,no Dockerfile and no fallback entry point found
https://github.com/vanvalenlab/caliban-toolbox,no_entry,False,0,1,0,,,0,0,0,0,0,False,,False,,False,,False,,False,,False,,Dockerfile(s) found but no Python entry point could be resolved
https://github.com/SilentKi1998/test,no_dockerfile,False,0,0,0,,,0,0,0,0,0,False,,False,,False,,False,,False,,False,,no Dockerfile and no fallback entry point found
https://github.com/bbasinsk/370-Final-Project,no_entry,False,0,2,0,,,0,0,0,0,0,False,,False,,False,,False,,False,,False,,Dockerfile(s) found but no Python entry point could be resolved
https://github.com/heartcored98/COMET-pytorch,no_dockerfile,False,0,0,0,,,0,0,0,0,0,False,,False,,False,,False,,False,,False,,no Dockerfile and no fallback entry point found
https://github.com/DominicRoyStang/finance-predictor,no_dockerfile,False,0,0,0,,,0,0,0,0,0,False,,False,,False,,False,,False,,False,,no Dockerfile and no fallback entry point found
https://github.com/pyannote/pyannote-pipeline,no_dockerfile,False,0,0,0,,,0,0,0,0,0,False,,False,,False,,False,,False,,False,,no Dockerfile and no fallback entry point found
https://github.com/aaljuhani/ML_project,no_dockerfile,False,0,0,0,,,0,0,0,0,0,False,,False,,False,,False,,False,,False,,no Dockerfile and no fallback entry point found
https://github.com/naranjja/ai-challenge,ok,False,0,0,1,src\main.py,fallback_nested,1,5,0,0,0,False,,False,,False,,False,,False,,False,,"unverified: missing stages: data_acquisition, data_preparation, modeling, training, evaluation, inference"
https://github.com/bst-mug/acres,no_dockerfile,False,0,0,0,,,0,0,0,0,0,False,,False,,False,,False,,False,,False,,no Dockerfile and no fallback entry point found
https://github.com/ATTPC/attpc-event-classification,no_dockerfile,False,0,0,0,,,0,0,0,0,0,False,,False,,False,,False,,False,,False,,no Dockerfile and no fallback entry point found
https://github.com/dirty-cat/dirty_cat,no_dockerfile,False,0,0,0,,,0,0,0,0,0,False,,False,,False,,False,,False,,False,,no Dockerfile and no fallback entry point found
https://github.com/kevin-coelho/playlistr-ml-py-v1,no_dockerfile,False,0,0,0,,,0,0,0,0,0,False,,False,,False,,False,,False,,False,,no Dockerfile and no fallback entry point found
https://github.com/as595/4IRSantaHack,no_dockerfile,False,0,0,0,,,0,0,0,0,0,False,,False,,False,,False,,False,,False,,no Dockerfile and no fallback entry point found
https://github.com/chengsoonong/eheye,no_dockerfile,False,0,0,0,,,0,0,0,0,0,False,,False,,False,,False,,False,,False,,no Dockerfile and no fallback entry point found
https://github.com/purple-worthy/Python-,no_dockerfile,False,0,0,0,,,0,0,0,0,0,False,,False,,False,,False,,False,,False,,no Dockerfile and no fallback entry point found
https://github.com/ptyshevs/int_seq,no_dockerfile,False,0,0,0,,,0,0,0,0,0,False,,False,,False,,False,,False,,False,,no Dockerfile and no fallback entry point found
https://github.com/josiahcoad/IntroNeuralNetworks,no_dockerfile,False,0,0,0,,,0,0,0,0,0,False,,False,,False,,False,,False,,False,,no Dockerfile and no fallback entry point found
https://github.com/O1sims/Hestia,no_entry,False,0,2,0,,,0,0,0,0,0,False,,False,,False,,False,,False,,False,,Dockerfile(s) found but no Python entry point could be resolved
https://github.com/Turing-Machines-PESU/stock_market_analysis,no_dockerfile,False,0,0,0,,,0,0,0,0,0,False,,False,,False,,False,,False,,False,,no Dockerfile and no fallback entry point found
https://github.com/SmartApplicationUnipi/Smart_ELF,no_dockerfile,False,0,0,0,,,0,0,0,0,0,False,,False,,False,,False,,False,,False,,no Dockerfile and no fallback entry point found
https://github.com/winlp4ever/planetarycratorsproject,no_dockerfile,False,0,0,0,,,0,0,0,0,0,False,,False,,False,,False,,False,,False,,no Dockerfile and no fallback entry point found
https://github.com/mljar/mljar-supervised,no_dockerfile,False,0,0,0,,,0,0,0,0,0,False,,False,,False,,False,,False,,False,,no Dockerfile and no fallback entry point found
https://github.com/overfitphobia/PoetryClassifier,no_dockerfile,False,0,0,0,,,0,0,0,0,0,False,,False,,False,,False,,False,,False,,no Dockerfile and no fallback entry point found
https://github.com/rtyx/machine-learning-nanodegree,no_dockerfile,False,0,0,0,,,0,0,0,0,0,False,,False,,False,,False,,False,,False,,no Dockerfile and no fallback entry point found
https://github.com/sinc-lab/clustermatch,ok,False,5,1,1,clustermatch\main.py,fallback_nested,6,58,2,0,0,True,clustermatch/utils/data.py:29 pd.read_csv [matched pd.read_csv],True,clustermatch/utils/data.py:107 pd.concat [matched pd.concat],True,clustermatch/cluster.py:515 sklearn.cluster.SpectralClustering [matched SpectralClustering],True,clustermatch/cluster.py:515 fit_predict [matched .fit_predict],True,clustermatch/cluster.py:217 sklearn.metrics.adjusted_rand_score [matched adjusted_rand_score],False,,unverified: missing stages: inference
https://github.com/SpellOnYou/korean-sarcasm,no_dockerfile,False,0,0,0,,,0,0,0,0,0,False,,False,,False,,False,,False,,False,,no Dockerfile and no fallback entry point found
https://github.com/mskaufman/ML,no_dockerfile,False,0,0,0,,,0,0,0,0,0,False,,False,,False,,False,,False,,False,,no Dockerfile and no fallback entry point found
https://github.com/jrasero/Predicting-icns,no_dockerfile,False,0,0,0,,,0,0,0,0,0,False,,False,,False,,False,,False,,False,,no Dockerfile and no fallback entry point found
https://github.com/numb3r33/Kaggle_Home_Credit,no_dockerfile,False,0,0,0,,,0,0,0,0,0,False,,False,,False,,False,,False,,False,,no Dockerfile and no fallback entry point found
https://github.com/mcv-m1-project-2018/Team6,no_dockerfile,False,0,0,0,,,0,0,0,0,0,False,,False,,False,,False,,False,,False,,no Dockerfile and no fallback entry point found
https://github.com/dearfad/mmhelper,no_entry,False,0,1,0,,,0,0,0,0,0,False,,False,,False,,False,,False,,False,,Dockerfile(s) found but no Python entry point could be resolved
https://github.com/falrrema/ML_Nanodegree,no_dockerfile,False,0,0,0,,,0,0,0,0,0,False,,False,,False,,False,,False,,False,,no Dockerfile and no fallback entry point found
https://github.com/erichson/ristretto,no_dockerfile,False,0,0,0,,,0,0,0,0,0,False,,False,,False,,False,,False,,False,,no Dockerfile and no fallback entry point found
https://github.com/DataRobots/datafit,ok,False,5,0,1,Datafit\app.py,fallback_nested,1,7,0,0,0,True,Datafit/app.py:99 pd.read_csv [matched pd.read_csv],True,Datafit/app.py:123 pd.get_dummies [matched pd.get_dummies],True,Datafit/app.py:136 sklearn.tree.DecisionTreeClassifier [matched DecisionTreeClassifier],True,Datafit/app.py:137 clf.fit [matched clf.fit],False,,True,Datafit/app.py:20 flask.Flask [matched Flask],unverified: missing stages: evaluation
https://github.com/ims-tcl/DeRE,ok,False,5,0,1,dere\__main__.py,fallback_nested,17,155,4,0,1,True,dere/__main__.py:70 pickle.load [matched pickle.load],True,dere/models/_baseline/span_classifier.py:54 nltk.stem.PorterStemmer [matched nltk.stem.PorterStemmer],True,dere/models/_baseline/baseline_model.py:0 class BaselineModel [matched <class subclasses model base>],False,,True,dere/models/_baseline/slot_classifier.py:248 sklearn.metrics.precision_recall_fscore_support [matched precision_recall_fscore_support],True,dere/__main__.py:214 model.predict [matched model.predict],unverified: missing stages: training
https://github.com/VisCog/ArgusShapes,no_dockerfile,False,0,0,0,,,0,0,0,0,0,False,,False,,False,,False,,False,,False,,no Dockerfile and no fallback entry point found
https://github.com/neeilan/DeepPlayByPlay,no_dockerfile,False,0,0,0,,,0,0,0,0,0,False,,False,,False,,False,,False,,False,,no Dockerfile and no fallback entry point found
https://github.com/rakshithvasudev/Home-Credit-Default-Risk,no_dockerfile,False,0,0,0,,,0,0,0,0,0,False,,False,,False,,False,,False,,False,,no Dockerfile and no fallback entry point found
https://github.com/jvs/autom8,ok,True,6,0,1,autom8\main.py,fallback_nested,17,209,2,0,0,True,autom8/formats.py:29 csv.reader [matched csv.reader],True,autom8/context.py:111 categories.LabelEncoder [matched LabelEncoder],True,autom8/main.py:145 lgb.LGBMRegressor [matched LGBMRegressor],True,autom8/context.py:244 estimator.fit [matched estimator.fit],True,autom8/candidate.py:115 sklearn.metrics.metrics.confusion_matrix [matched confusion_matrix],True,autom8/pipeline.py:64 self.estimator.predict [matched estimator.predict],verified: all 6 stages present
https://github.com/shubh1612/ELL_Assignment2,no_dockerfile,False,0,0,0,,,0,0,0,0,0,False,,False,,False,,False,,False,,False,,no Dockerfile and no fallback entry point found
https://github.com/topolphukhanh/categorical-encoding,no_dockerfile,False,0,0,0,,,0,0,0,0,0,False,,False,,False,,False,,False,,False,,no Dockerfile and no fallback entry point found
https://github.com/phygitalism/phyge,ok,False,0,1,1,app\main.py,fallback_nested,1,0,0,1,0,False,,False,,False,,False,,False,,False,,"unverified: missing stages: data_acquisition, data_preparation, modeling, training, evaluation, inference"
https://github.com/pharouhk/Bot-Project,no_dockerfile,False,0,0,0,,,0,0,0,0,0,False,,False,,False,,False,,False,,False,,no Dockerfile and no fallback entry point found
https://github.com/lucasbm88/incubator-apache-marvin,no_entry,False,0,6,0,,,0,0,0,0,0,False,,False,,False,,False,,False,,False,,Dockerfile(s) found but no Python entry point could be resolved
https://github.com/KratzErik/Deep-SVDD,no_dockerfile,False,0,0,0,,,0,0,0,0,0,False,,False,,False,,False,,False,,False,,no Dockerfile and no fallback entry point found
https://github.com/lastrodrigo/SpanishSymmetricPatternsWSI,no_entry,False,0,1,0,,,0,0,0,0,0,False,,False,,False,,False,,False,,False,,Dockerfile(s) found but no Python entry point could be resolved
https://github.com/rafaelmartinsbuck/deep-learning,no_dockerfile,False,0,0,0,,,0,0,0,0,0,False,,False,,False,,False,,False,,False,,no Dockerfile and no fallback entry point found
https://github.com/mhdann/tdi_projects,no_dockerfile,False,0,0,0,,,0,0,0,0,0,False,,False,,False,,False,,False,,False,,no Dockerfile and no fallback entry point found
https://github.com/ericmjl/graph-fingerprint,no_dockerfile,False,0,0,0,,,0,0,0,0,0,False,,False,,False,,False,,False,,False,,no Dockerfile and no fallback entry point found
https://github.com/jarvisqi/deep_learning,no_dockerfile,False,0,0,0,,,0,0,0,0,0,False,,False,,False,,False,,False,,False,,no Dockerfile and no fallback entry point found
https://github.com/lshang0311/govhack-2018,no_dockerfile,False,0,0,0,,,0,0,0,0,0,False,,False,,False,,False,,False,,False,,no Dockerfile and no fallback entry point found
https://github.com/jeenyeo/ssdam_blurtect,no_entry,False,0,2,0,,,0,0,0,0,0,False,,False,,False,,False,,False,,False,,Dockerfile(s) found but no Python entry point could be resolved
https://github.com/DanKing1903/cwi,no_entry,False,0,1,0,,,0,0,0,0,0,False,,False,,False,,False,,False,,False,,Dockerfile(s) found but no Python entry point could be resolved
https://github.com/sirfoga/pyhodl,ok,False,0,0,1,pyhodl\app.py,fallback_nested,4,22,2,0,0,False,,False,,False,,False,,False,,False,,"unverified: missing stages: data_acquisition, data_preparation, modeling, training, evaluation, inference"
https://github.com/SasCezar/KeBaSiC,no_dockerfile,False,0,0,0,,,0,0,0,0,0,False,,False,,False,,False,,False,,False,,no Dockerfile and no fallback entry point found
https://github.com/ex4sperans/maggot,ok,False,0,0,1,maggot\__main__.py,fallback_nested,2,2,1,0,0,False,,False,,False,,False,,False,,False,,"unverified: missing stages: data_acquisition, data_preparation, modeling, training, evaluation, inference"
https://github.com/wayfair/pylift,no_dockerfile,False,0,0,0,,,0,0,0,0,0,False,,False,,False,,False,,False,,False,,no Dockerfile and no fallback entry point found
https://github.com/NLPatVCU/medaCy,ok,True,6,0,1,medacy\__main__.py,fallback_nested,46,207,4,0,2,True,medacy/__main__.py:31 json.load [matched json.load],True,medacy/__main__.py:48 Pipeline [matched Pipeline],True,medacy/__main__.py:59 medacy.model.model.Model [matched Model],True,medacy/__main__.py:73 model.fit [matched model.fit],True,medacy/__main__.py:101 model.cross_validate [matched cross_validate],True,medacy/__main__.py:88 model.predict [matched model.predict],verified: all 6 stages present
https://github.com/antoinezambelli/scikit_optim,no_dockerfile,False,0,0,0,,,0,0,0,0,0,False,,False,,False,,False,,False,,False,,no Dockerfile and no fallback entry point found
https://github.com/RePierre/metis,no_dockerfile,False,0,0,0,,,0,0,0,0,0,False,,False,,False,,False,,False,,False,,no Dockerfile and no fallback entry point found
https://github.com/RyoOzaki/npbdaa,no_dockerfile,False,0,0,0,,,0,0,0,0,0,False,,False,,False,,False,,False,,False,,no Dockerfile and no fallback entry point found
https://github.com/saikrishnarallabandi/Vocoding-Experiments,no_dockerfile,False,0,0,0,,,0,0,0,0,0,False,,False,,False,,False,,False,,False,,no Dockerfile and no fallback entry point found
https://github.com/mozilla/bugbug,no_entry,False,0,17,8,,dockerfile,0,0,0,0,0,False,,False,,False,,False,,False,,False,,no resolved entry point yielded a usable call graph
https://github.com/parrt/dtreeviz,no_dockerfile,False,0,0,0,,,0,0,0,0,0,False,,False,,False,,False,,False,,False,,no Dockerfile and no fallback entry point found
https://github.com/ballet/ballet,ok,False,3,0,1,ballet\cli.py,fallback_console_script,33,319,4,0,2,True,ballet/update.py:42 requests.get [matched requests.get],True,ballet/transformer.py:304 sklearn.preprocessing.FunctionTransformer [matched FunctionTransformer],True,ballet/eng/base.py:0 class BaseTransformer [matched <class subclasses model base>],False,,False,,False,,"unverified: missing stages: training, evaluation, inference"
https://github.com/sayands/deep-learning-projects,no_dockerfile,False,0,0,0,,,0,0,0,0,0,False,,False,,False,,False,,False,,False,,no Dockerfile and no fallback entry point found
https://github.com/jemilc/shap,no_dockerfile,False,0,0,0,,,0,0,0,0,0,False,,False,,False,,False,,False,,False,,no Dockerfile and no fallback entry point found
https://github.com/thorwhalen/ut,no_dockerfile,False,0,0,0,,,0,0,0,0,0,False,,False,,False,,False,,False,,False,,no Dockerfile and no fallback entry point found
https://github.com/vanvalenlab/deepcell-tf,no_entry,False,0,1,0,,,0,0,0,0,0,False,,False,,False,,False,,False,,False,,Dockerfile(s) found but no Python entry point could be resolved
https://github.com/matejklemen/deep-rf,no_dockerfile,False,0,0,0,,,0,0,0,0,0,False,,False,,False,,False,,False,,False,,no Dockerfile and no fallback entry point found
https://github.com/astroML/astroML,no_dockerfile,False,0,0,0,,,0,0,0,0,0,False,,False,,False,,False,,False,,False,,no Dockerfile and no fallback entry point found
https://github.com/bastianmorath/4Ps-Plunder-Planet,no_dockerfile,False,0,0,0,,,0,0,0,0,0,False,,False,,False,,False,,False,,False,,no Dockerfile and no fallback entry point found
https://github.com/singnet/nlp-services,no_entry,False,0,6,0,,,0,0,0,0,0,False,,False,,False,,False,,False,,False,,Dockerfile(s) found but no Python entry point could be resolved
https://github.com/lrgr/munk,no_dockerfile,False,0,0,0,,,0,0,0,0,0,False,,False,,False,,False,,False,,False,,no Dockerfile and no fallback entry point found
https://github.com/mamonu/bumblebee,no_dockerfile,False,0,0,0,,,0,0,0,0,0,False,,False,,False,,False,,False,,False,,no Dockerfile and no fallback entry point found
https://github.com/vinceHardy/learning,no_entry,False,0,1,0,,,0,0,0,0,0,False,,False,,False,,False,,False,,False,,Dockerfile(s) found but no Python entry point could be resolved
https://github.com/jcreinhold/synthit,ok,False,5,1,1,synthit\exec\synth_train.py,fallback_console_script,9,32,3,0,0,True,synthit/synth/patch.py:170 nibabel.load [matched nibabel.load],True,synthit/synth/patch.py:69 sklearn.preprocessing.PolynomialFeatures [matched PolynomialFeatures],True,synthit/exec/synth_train.py:108 sklearn.ensemble.RandomForestRegressor [matched RandomForestRegressor],True,synthit/synth/patch.py:74 self.regr.fit [matched regr.fit],False,,True,synthit/synth/patch.py:88 self.regr.predict [matched regr.predict],unverified: missing stages: evaluation
https://github.com/ginesiametlle/semtagger,no_dockerfile,False,0,0,0,,,0,0,0,0,0,False,,False,,False,,False,,False,,False,,no Dockerfile and no fallback entry point found
https://github.com/horribleheffalump/AUVResearch,no_dockerfile,False,0,0,0,,,0,0,0,0,0,False,,False,,False,,False,,False,,False,,no Dockerfile and no fallback entry point found
https://github.com/Angelina15638749981/HDI-Project,no_dockerfile,False,0,0,0,,,0,0,0,0,0,False,,False,,False,,False,,False,,False,,no Dockerfile and no fallback entry point found
https://github.com/nsu-ai-team/conv1d-text-vae,no_dockerfile,False,0,0,0,,,0,0,0,0,0,False,,False,,False,,False,,False,,False,,no Dockerfile and no fallback entry point found
https://github.com/ShubraChowdhury/Deep-Learning,no_dockerfile,False,0,0,0,,,0,0,0,0,0,False,,False,,False,,False,,False,,False,,no Dockerfile and no fallback entry point found
https://github.com/MPRlab/grouping,no_dockerfile,False,0,0,0,,,0,0,0,0,0,False,,False,,False,,False,,False,,False,,no Dockerfile and no fallback entry point found
https://github.com/fullarray/python,no_dockerfile,False,0,0,0,,,0,0,0,0,0,False,,False,,False,,False,,False,,False,,no Dockerfile and no fallback entry point found
https://github.com/sbarton272/mlplot,no_dockerfile,False,0,0,0,,,0,0,0,0,0,False,,False,,False,,False,,False,,False,,no Dockerfile and no fallback entry point found
https://github.com/DmitryEliseev/risk-prediction-in-government-procurement-2018,no_dockerfile,False,0,0,0,,,0,0,0,0,0,False,,False,,False,,False,,False,,False,,no Dockerfile and no fallback entry point found
https://github.com/fab-bar/SpellvarDetection,ok,False,4,0,1,spellvardetection\cli.py,fallback_console_script,14,163,4,0,1,True,spellvardetection/type_filter.py:233 pickle.load [matched pickle.load],True,spellvardetection/type_filter.py:104 sklearn.pipeline.Pipeline [matched sklearn.pipeline.Pipeline],True,spellvardetection/type_filter.py:67 sklearn.svm.SVC [matched SVC],True,spellvardetection/token_filter.py:228 self.clf.fit [matched clf.fit],False,,False,,"unverified: missing stages: evaluation, inference"
https://github.com/QuantMan2318/Deep-Learning-Nano-degree_all,no_dockerfile,False,0,0,0,,,0,0,0,0,0,False,,False,,False,,False,,False,,False,,no Dockerfile and no fallback entry point found
https://github.com/shibing624/pycorrector,ok,False,5,1,1,pycorrector\__main__.py,fallback_nested,27,220,4,0,0,True,pycorrector/en_spell_corrector.py:45 gzip.open [matched gzip.open],True,pycorrector/detector.py:141 pycorrector.utils.tokenizer.Tokenizer [matched Tokenizer],True,pycorrector/detector.py:117 kenlm.Model [matched Model],True,pycorrector/deepcontext/deepcontext_model.py:176 optimizer.zero_grad [matched optimizer.zero_grad],False,,True,pycorrector/macbert/macbert_corrector.py:46 torch.no_grad [matched torch.no_grad],unverified: missing stages: evaluation
https://github.com/DynaSlum/satsense,no_dockerfile,False,0,0,0,,,0,0,0,0,0,False,,False,,False,,False,,False,,False,,no Dockerfile and no fallback entry point found
https://github.com/cicilishuaili/Ax-Gender-Tax,no_dockerfile,False,0,0,0,,,0,0,0,0,0,False,,False,,False,,False,,False,,False,,no Dockerfile and no fallback entry point found
https://github.com/jacobjma/point-segment-matching,no_dockerfile,False,0,0,0,,,0,0,0,0,0,False,,False,,False,,False,,False,,False,,no Dockerfile and no fallback entry point found
https://github.com/KaiL4eK/neural_networks,ok,False,1,1,1,TSR\train.py,fallback_nested,2,1,1,0,0,False,,False,,False,,True,TSR/train.py:25 neptune.init [matched neptune.init],False,,False,,"unverified: missing stages: data_acquisition, data_preparation, modeling, evaluation, inference"
https://github.com/Yoctol/yoctol-nlu-py,no_dockerfile,False,0,0,0,,,0,0,0,0,0,False,,False,,False,,False,,False,,False,,no Dockerfile and no fallback entry point found
https://github.com/jaeen1113/KHstudy,no_dockerfile,False,0,0,0,,,0,0,0,0,0,False,,False,,False,,False,,False,,False,,no Dockerfile and no fallback entry point found
https://github.com/berkeley-stat159/project-alpha,no_dockerfile,False,0,0,0,,,0,0,0,0,0,False,,False,,False,,False,,False,,False,,no Dockerfile and no fallback entry point found
https://github.com/dosmode/DeepLearning,no_dockerfile,False,0,0,0,,,0,0,0,0,0,False,,False,,False,,False,,False,,False,,no Dockerfile and no fallback entry point found
https://github.com/biokpc/kpc,no_dockerfile,False,0,0,0,,,0,0,0,0,0,False,,False,,False,,False,,False,,False,,no Dockerfile and no fallback entry point found
https://github.com/Jiayuee/Patient-data-analysis,no_dockerfile,False,0,0,0,,,0,0,0,0,0,False,,False,,False,,False,,False,,False,,no Dockerfile and no fallback entry point found
https://github.com/aletrujim/autism-challenge,no_dockerfile,False,0,0,0,,,0,0,0,0,0,False,,False,,False,,False,,False,,False,,no Dockerfile and no fallback entry point found
https://github.com/rohthsai/h,no_dockerfile,False,0,0,0,,,0,0,0,0,0,False,,False,,False,,False,,False,,False,,no Dockerfile and no fallback entry point found
https://github.com/csn-intern-choy/Sante-Fe-Revisited,no_dockerfile,False,0,0,0,,,0,0,0,0,0,False,,False,,False,,False,,False,,False,,no Dockerfile and no fallback entry point found
https://github.com/thefr33radical/projects,clone_failed,False,0,0,0,,,0,0,0,0,0,False,,False,,False,,False,,False,,False,,error: invalid path 'nlp/ncert_text_classification/ncert /FeatureVector.py'
https://github.com/johnflanigan/udacity-machine-learning,no_dockerfile,False,0,0,0,,,0,0,0,0,0,False,,False,,False,,False,,False,,False,,no Dockerfile and no fallback entry point found
https://github.com/ren-hoek/meta-extract,no_entry,False,0,8,0,,,0,0,0,0,0,False,,False,,False,,False,,False,,False,,Dockerfile(s) found but no Python entry point could be resolved
https://github.com/CheloGE/MachineLearningProjects,no_dockerfile,False,0,0,0,,,0,0,0,0,0,False,,False,,False,,False,,False,,False,,no Dockerfile and no fallback entry point found
https://github.com/mhhennig/HS2,no_dockerfile,False,0,0,0,,,0,0,0,0,0,False,,False,,False,,False,,False,,False,,no Dockerfile and no fallback entry point found
https://github.com/Quving/machine-learning-uhh-2018,no_dockerfile,False,0,0,0,,,0,0,0,0,0,False,,False,,False,,False,,False,,False,,no Dockerfile and no fallback entry point found
https://github.com/lucylw/pathhier,no_dockerfile,False,0,0,0,,,0,0,0,0,0,False,,False,,False,,False,,False,,False,,no Dockerfile and no fallback entry point found
https://github.com/lepy/phuzzy,clone_failed,False,0,0,0,,,0,0,0,0,0,False,,False,,False,,False,,False,,False,,error: invalid path 'doc/x:y.png'
https://github.com/sebastienharinck/Courses,no_dockerfile,False,0,0,0,,,0,0,0,0,0,False,,False,,False,,False,,False,,False,,no Dockerfile and no fallback entry point found
https://github.com/apb210/NN-and-MachineLearning,no_dockerfile,False,0,0,0,,,0,0,0,0,0,False,,False,,False,,False,,False,,False,,no Dockerfile and no fallback entry point found
https://github.com/radonys/CV-Assignments,no_dockerfile,False,0,0,0,,,0,0,0,0,0,False,,False,,False,,False,,False,,False,,no Dockerfile and no fallback entry point found
https://github.com/wmayner/pyanimats,ok,False,2,0,1,pyanimats\__main__.py,fallback_nested,11,87,3,0,0,True,pyanimats/__main__.py:142 yaml.load [matched yaml.load],True,pyanimats/serialize.py:33 np.nan_to_num [matched np.nan_to_num],False,,False,,False,,False,,"unverified: missing stages: modeling, training, evaluation, inference"
https://github.com/bkennedy04/AnimalOutcomes,no_dockerfile,False,0,0,0,,,0,0,0,0,0,False,,False,,False,,False,,False,,False,,no Dockerfile and no fallback entry point found
https://github.com/nmiculinic/minion-basecaller,ok,False,0,3,1,mincall\__main__.py,fallback_nested,3,1,1,0,0,False,,False,,False,,False,,False,,False,,"unverified: missing stages: data_acquisition, data_preparation, modeling, training, evaluation, inference"
https://github.com/vhsieh920/MSIA-movie-app-flask,no_dockerfile,False,0,0,0,,,0,0,0,0,0,False,,False,,False,,False,,False,,False,,no Dockerfile and no fallback entry point found
https://github.com/text-machine-lab/cic,no_dockerfile,False,0,0,0,,,0,0,0,0,0,False,,False,,False,,False,,False,,False,,no Dockerfile and no fallback entry point found
https://github.com/alexrma12/Digit-Recognition,no_dockerfile,False,0,0,0,,,0,0,0,0,0,False,,False,,False,,False,,False,,False,,no Dockerfile and no fallback entry point found
https://github.com/stormy-ua/DeepLearningToy,no_entry,False,0,1,0,,,0,0,0,0,0,False,,False,,False,,False,,False,,False,,Dockerfile(s) found but no Python entry point could be resolved
https://github.com/ctvillongco/fast.ai,no_dockerfile,False,0,0,0,,,0,0,0,0,0,False,,False,,False,,False,,False,,False,,no Dockerfile and no fallback entry point found
https://github.com/guemues/road-segmentation,ok,False,1,0,1,src\main.py,fallback_nested,1,1,0,0,0,True,src/main.py:69 cv2.imread [matched cv2.imread],False,,False,,False,,False,,False,,"unverified: missing stages: data_preparation, modeling, training, evaluation, inference"
https://github.com/VarIr/copac,no_dockerfile,False,0,0,0,,,0,0,0,0,0,False,,False,,False,,False,,False,,False,,no Dockerfile and no fallback entry point found
https://github.com/Alexander2k/PythonDataScienceHandbook,no_dockerfile,False,0,0,0,,,0,0,0,0,0,False,,False,,False,,False,,False,,False,,no Dockerfile and no fallback entry point found
https://github.com/andrewre23/PyAlgoGem,no_dockerfile,False,0,0,0,,,0,0,0,0,0,False,,False,,False,,False,,False,,False,,no Dockerfile and no fallback entry point found
https://github.com/DrDougPhD/Applied-Spatial-and-Temporal-Data-Analysis,no_dockerfile,False,0,0,0,,,0,0,0,0,0,False,,False,,False,,False,,False,,False,,no Dockerfile and no fallback entry point found
https://github.com/carlosayam/wde,no_entry,False,0,1,0,,,0,0,0,0,0,False,,False,,False,,False,,False,,False,,Dockerfile(s) found but no Python entry point could be resolved
https://github.com/ldagguba/udacity_ml,no_dockerfile,False,0,0,0,,,0,0,0,0,0,False,,False,,False,,False,,False,,False,,no Dockerfile and no fallback entry point found
https://github.com/ronniemaor/timefit,no_dockerfile,False,0,0,0,,,0,0,0,0,0,False,,False,,False,,False,,False,,False,,no Dockerfile and no fallback entry point found
https://github.com/linsongo/Hello123,no_dockerfile,False,0,0,0,,,0,0,0,0,0,False,,False,,False,,False,,False,,False,,no Dockerfile and no fallback entry point found
https://github.com/PForet/machine-learning,no_dockerfile,False,0,0,0,,,0,0,0,0,0,False,,False,,False,,False,,False,,False,,no Dockerfile and no fallback entry point found
https://github.com/vinnovationchen/NLPython,no_dockerfile,False,0,0,0,,,0,0,0,0,0,False,,False,,False,,False,,False,,False,,no Dockerfile and no fallback entry point found
https://github.com/crcollins/molml,no_dockerfile,False,0,0,0,,,0,0,0,0,0,False,,False,,False,,False,,False,,False,,no Dockerfile and no fallback entry point found
https://github.com/rousselldebaliol/Neural-Networks-Deep-Learning-Tutorial,no_dockerfile,False,0,0,0,,,0,0,0,0,0,False,,False,,False,,False,,False,,False,,no Dockerfile and no fallback entry point found
https://github.com/felix-last/evaluate-kmeans-smote,no_dockerfile,False,0,0,0,,,0,0,0,0,0,False,,False,,False,,False,,False,,False,,no Dockerfile and no fallback entry point found
https://github.com/umich-brcf-bioinf/readsplitwalk,no_dockerfile,False,0,0,0,,,0,0,0,0,0,False,,False,,False,,False,,False,,False,,no Dockerfile and no fallback entry point found
https://github.com/gkscloud/dlnd-tv-script-generalization,no_dockerfile,False,0,0,0,,,0,0,0,0,0,False,,False,,False,,False,,False,,False,,no Dockerfile and no fallback entry point found
https://github.com/jay-johnson/network-pipeline,no_entry,False,0,1,0,,,0,0,0,0,0,False,,False,,False,,False,,False,,False,,Dockerfile(s) found but no Python entry point could be resolved
https://github.com/jccoto/method,no_dockerfile,False,0,0,0,,,0,0,0,0,0,False,,False,,False,,False,,False,,False,,no Dockerfile and no fallback entry point found
https://github.com/supby/DeepSportsAnalytics,no_dockerfile,False,0,0,0,,,0,0,0,0,0,False,,False,,False,,False,,False,,False,,no Dockerfile and no fallback entry point found
https://github.com/hospital-sleep-tracker/live-sleep-analyzer,no_dockerfile,False,0,0,0,,,0,0,0,0,0,False,,False,,False,,False,,False,,False,,no Dockerfile and no fallback entry point found
https://github.com/cmgreen210/facial-expression-classifier,no_dockerfile,False,0,0,0,,,0,0,0,0,0,False,,False,,False,,False,,False,,False,,no Dockerfile and no fallback entry point found
https://github.com/leferrad/pyoselm,no_dockerfile,False,0,0,0,,,0,0,0,0,0,False,,False,,False,,False,,False,,False,,no Dockerfile and no fallback entry point found
https://github.com/cjmcclellan/CS230DeepActor,no_dockerfile,False,0,0,0,,,0,0,0,0,0,False,,False,,False,,False,,False,,False,,no Dockerfile and no fallback entry point found
https://github.com/anidata/tutorials,no_entry,False,0,4,0,,,0,0,0,0,0,False,,False,,False,,False,,False,,False,,Dockerfile(s) found but no Python entry point could be resolved
https://github.com/anilksistla/ml-class,no_dockerfile,False,0,0,0,,,0,0,0,0,0,False,,False,,False,,False,,False,,False,,no Dockerfile and no fallback entry point found
https://github.com/b-o-l-l-a/kaggle-passnyc,no_dockerfile,False,0,0,0,,,0,0,0,0,0,False,,False,,False,,False,,False,,False,,no Dockerfile and no fallback entry point found
https://github.com/philipperemy/speaker-change-detection,no_dockerfile,False,0,0,0,,,0,0,0,0,0,False,,False,,False,,False,,False,,False,,no Dockerfile and no fallback entry point found
https://github.com/ztong001/TwitterFYP,no_dockerfile,False,0,0,0,,,0,0,0,0,0,False,,False,,False,,False,,False,,False,,no Dockerfile and no fallback entry point found
https://github.com/sudo-rm-rf-star/Handwriting_Recognition,ok,False,1,0,1,src\main.py,fallback_nested,1,6,0,0,0,True,src/main.py:22 cv2.imread [matched cv2.imread],False,,False,,False,,False,,False,,"unverified: missing stages: data_preparation, modeling, training, evaluation, inference"
https://github.com/dongliangs/SPESS-,no_dockerfile,False,0,0,0,,,0,0,0,0,0,False,,False,,False,,False,,False,,False,,no Dockerfile and no fallback entry point found
https://github.com/SeldonIO/seldon-core-launcher,no_entry,False,0,1,0,,,0,0,0,0,0,False,,False,,False,,False,,False,,False,,Dockerfile(s) found but no Python entry point could be resolved
https://github.com/DomainGroupOSS/ml-recsys-tools,no_entry,False,0,1,1,,dockerfile,0,0,0,0,0,False,,False,,False,,False,,False,,False,,no resolved entry point yielded a usable call graph
https://github.com/Bindeep/Recommendation-Engine,no_dockerfile,False,0,0,0,,,0,0,0,0,0,False,,False,,False,,False,,False,,False,,no Dockerfile and no fallback entry point found
https://github.com/mountetna/pythia,no_dockerfile,False,0,0,0,,,0,0,0,0,0,False,,False,,False,,False,,False,,False,,no Dockerfile and no fallback entry point found
https://github.com/archie1983/udacity_deep_learning_course,no_dockerfile,False,0,0,0,,,0,0,0,0,0,False,,False,,False,,False,,False,,False,,no Dockerfile and no fallback entry point found
https://github.com/kenzo0202/udacity_deep_learning,no_dockerfile,False,0,0,0,,,0,0,0,0,0,False,,False,,False,,False,,False,,False,,no Dockerfile and no fallback entry point found
https://github.com/alexandreday/fast_density_clustering,no_dockerfile,False,0,0,0,,,0,0,0,0,0,False,,False,,False,,False,,False,,False,,no Dockerfile and no fallback entry point found
https://github.com/optichill/optichill,no_dockerfile,False,0,0,0,,,0,0,0,0,0,False,,False,,False,,False,,False,,False,,no Dockerfile and no fallback entry point found
https://github.com/robertmartin8/PyPortfolioOpt,no_dockerfile,False,0,0,0,,,0,0,0,0,0,False,,False,,False,,False,,False,,False,,no Dockerfile and no fallback entry point found
https://github.com/biocore/songbird,no_dockerfile,False,0,0,0,,,0,0,0,0,0,False,,False,,False,,False,,False,,False,,no Dockerfile and no fallback entry point found
https://github.com/gpspelle/Multi-stream-CNN-Event-Detection,no_dockerfile,False,0,0,0,,,0,0,0,0,0,False,,False,,False,,False,,False,,False,,no Dockerfile and no fallback entry point found
https://github.com/yjzhang/uncurl_analysis,no_dockerfile,False,0,0,0,,,0,0,0,0,0,False,,False,,False,,False,,False,,False,,no Dockerfile and no fallback entry point found
https://github.com/sshleifer/ml_6867,no_dockerfile,False,0,0,0,,,0,0,0,0,0,False,,False,,False,,False,,False,,False,,no Dockerfile and no fallback entry point found
https://github.com/jstaffans/renewables,no_dockerfile,False,0,0,0,,,0,0,0,0,0,False,,False,,False,,False,,False,,False,,no Dockerfile and no fallback entry point found
https://github.com/DCASE-REPO/dcase_util,no_dockerfile,False,0,0,0,,,0,0,0,0,0,False,,False,,False,,False,,False,,False,,no Dockerfile and no fallback entry point found
https://github.com/minggli/fisheries-convnet,ok,False,0,0,1,app\main.py,fallback_nested,4,0,2,0,0,False,,False,,False,,False,,False,,False,,"unverified: missing stages: data_acquisition, data_preparation, modeling, training, evaluation, inference"
https://github.com/N0rbi/szakdoga,no_dockerfile,False,0,0,0,,,0,0,0,0,0,False,,False,,False,,False,,False,,False,,no Dockerfile and no fallback entry point found
https://github.com/leiqinga/dachuang1,no_dockerfile,False,0,0,0,,,0,0,0,0,0,False,,False,,False,,False,,False,,False,,no Dockerfile and no fallback entry point found
https://github.com/klausomania/ML_Nanodegree,no_dockerfile,False,0,0,0,,,0,0,0,0,0,False,,False,,False,,False,,False,,False,,no Dockerfile and no fallback entry point found
https://github.com/brockcooper/machine_learning_projects,no_dockerfile,False,0,0,0,,,0,0,0,0,0,False,,False,,False,,False,,False,,False,,no Dockerfile and no fallback entry point found
https://github.com/AN313/cs4300sp2017-finalproject,no_dockerfile,False,0,0,0,,,0,0,0,0,0,False,,False,,False,,False,,False,,False,,no Dockerfile and no fallback entry point found
https://github.com/charliec443/scikit-feature,no_dockerfile,False,0,0,0,,,0,0,0,0,0,False,,False,,False,,False,,False,,False,,no Dockerfile and no fallback entry point found
https://github.com/GauravBh1010tt/DL-text,no_dockerfile,False,0,0,0,,,0,0,0,0,0,False,,False,,False,,False,,False,,False,,no Dockerfile and no fallback entry point found
https://github.com/septa97/SP-server,ok,False,5,0,1,app\app.py,fallback_nested,17,51,3,0,0,True,app/api/coursera/routes.py:32 requests.get [matched requests.get],True,app/modules/preprocessor.py:11 nltk.stem.PorterStemmer [matched nltk.stem.PorterStemmer],True,app/api/classifier/routes.py:240 sklearn.linear_model.LogisticRegression [matched LogisticRegression],False,,True,app/api/classifier/routes.py:185 sklearn.metrics.accuracy_score [matched accuracy_score],True,app/app.py:7 flask.Flask [matched Flask],unverified: missing stages: training
https://github.com/Fitomo/Prediction-Service,ok,False,1,1,1,app\app.py,fallback_nested,1,2,0,0,0,False,,False,,False,,False,,False,,True,app/app.py:7 flask.Flask [matched Flask],"unverified: missing stages: data_acquisition, data_preparation, modeling, training, evaluation"
https://github.com/rpandya922/human_ergo_estimation,no_dockerfile,False,0,0,0,,,0,0,0,0,0,False,,False,,False,,False,,False,,False,,no Dockerfile and no fallback entry point found
https://github.com/e2crawfo/dps,ok,True,6,0,1,dps\train.py,fallback_nested,15,633,4,0,1,True,dps/train.py:980 pd.read_csv [matched pd.read_csv],True,dps/train.py:984 pd.concat [matched pd.concat],True,dps/utils/pytorch.py:0 class ParameterizedModule [matched <class subclasses model base>],True,dps/pytorch/train.py:36 torch.utils.tensorboard.SummaryWriter [matched tensorboard.SummaryWriter],True,dps/pytorch/train.py:379 self.model.evaluate [matched model.evaluate],True,dps/pytorch/train.py:396 self.model.eval [matched model.eval],verified: all 6 stages present
https://github.com/symerio/neurtu,no_dockerfile,False,0,0,0,,,0,0,0,0,0,False,,False,,False,,False,,False,,False,,no Dockerfile and no fallback entry point found
https://github.com/tgquintela/chatbot_query,no_dockerfile,False,0,0,0,,,0,0,0,0,0,False,,False,,False,,False,,False,,False,,no Dockerfile and no fallback entry point found
https://github.com/CONABIO/antares,no_entry,False,0,1,0,,,0,0,0,0,0,False,,False,,False,,False,,False,,False,,Dockerfile(s) found but no Python entry point could be resolved
https://github.com/suhasinipr/Deep-Learning,no_dockerfile,False,0,0,0,,,0,0,0,0,0,False,,False,,False,,False,,False,,False,,no Dockerfile and no fallback entry point found
https://github.com/dbusbridge/int2vec,no_dockerfile,False,0,0,0,,,0,0,0,0,0,False,,False,,False,,False,,False,,False,,no Dockerfile and no fallback entry point found
https://github.com/sachit-menon/fastaicourses,no_dockerfile,False,0,0,0,,,0,0,0,0,0,False,,False,,False,,False,,False,,False,,no Dockerfile and no fallback entry point found
https://github.com/arifqodari/ExpediaLearningToRank,ok,False,0,0,1,src\main.py,fallback_nested,1,0,0,1,0,False,,False,,False,,False,,False,,False,,"unverified: missing stages: data_acquisition, data_preparation, modeling, training, evaluation, inference"
https://github.com/rnaidu02/CarND-Capstone-dev,no_entry,False,0,1,0,,,0,0,0,0,0,False,,False,,False,,False,,False,,False,,Dockerfile(s) found but no Python entry point could be resolved
https://github.com/timlac/String-Kernels,no_dockerfile,False,0,0,0,,,0,0,0,0,0,False,,False,,False,,False,,False,,False,,no Dockerfile and no fallback entry point found
https://github.com/AndreiBarsan/crowd,no_dockerfile,False,0,0,0,,,0,0,0,0,0,False,,False,,False,,False,,False,,False,,no Dockerfile and no fallback entry point found
https://github.com/dimavitvickiy/InstumentDetermination,no_dockerfile,False,0,0,0,,,0,0,0,0,0,False,,False,,False,,False,,False,,False,,no Dockerfile and no fallback entry point found
https://github.com/zya/notebooks,no_dockerfile,False,0,0,0,,,0,0,0,0,0,False,,False,,False,,False,,False,,False,,no Dockerfile and no fallback entry point found
https://github.com/DobhalA/neural-networks-and-deep-learning,no_dockerfile,False,0,0,0,,,0,0,0,0,0,False,,False,,False,,False,,False,,False,,no Dockerfile and no fallback entry point found
https://github.com/robota-x/pluralsight_code,no_dockerfile,False,0,0,0,,,0,0,0,0,0,False,,False,,False,,False,,False,,False,,no Dockerfile and no fallback entry point found
https://github.com/martinthenext/criticalsyncing,no_dockerfile,False,0,0,0,,,0,0,0,0,0,False,,False,,False,,False,,False,,False,,no Dockerfile and no fallback entry point found
https://github.com/cvra/computer-vision,no_dockerfile,False,0,0,0,,,0,0,0,0,0,False,,False,,False,,False,,False,,False,,no Dockerfile and no fallback entry point found
https://github.com/vincent9514/AWS-WebApp-Soccer-Player-Prediction,no_dockerfile,False,0,0,0,,,0,0,0,0,0,False,,False,,False,,False,,False,,False,,no Dockerfile and no fallback entry point found
https://github.com/fanlens/brain,no_dockerfile,False,0,0,0,,,0,0,0,0,0,False,,False,,False,,False,,False,,False,,no Dockerfile and no fallback entry point found
https://github.com/xinjli/pytensor,no_dockerfile,False,0,0,0,,,0,0,0,0,0,False,,False,,False,,False,,False,,False,,no Dockerfile and no fallback entry point found
https://github.com/scikit-learn-contrib/skope-rules,no_dockerfile,False,0,0,0,,,0,0,0,0,0,False,,False,,False,,False,,False,,False,,no Dockerfile and no fallback entry point found
https://github.com/LnB11855/crop,no_dockerfile,False,0,0,0,,,0,0,0,0,0,False,,False,,False,,False,,False,,False,,no Dockerfile and no fallback entry point found
https://github.com/giacomov/XtDac,no_dockerfile,False,0,0,0,,,0,0,0,0,0,False,,False,,False,,False,,False,,False,,no Dockerfile and no fallback entry point found
https://github.com/Newozz/pracweb-alg-classify,no_dockerfile,False,0,0,0,,,0,0,0,0,0,False,,False,,False,,False,,False,,False,,no Dockerfile and no fallback entry point found
https://github.com/lejeunel/ssnnpu_ksptrack,ok,False,2,0,1,ksptrack\run.py,fallback_nested,7,39,3,0,0,True,ksptrack/utils/superpixel_extractor.py:38 np.load [matched np.load],True,ksptrack/utils/base_dataset.py:35 imgaug.augmenters.Noop [matched imgaug.augmenters.*],False,,False,,False,,False,,"unverified: missing stages: modeling, training, evaluation, inference"
https://github.com/RTXteam/RTX,no_entry,False,0,2,0,,,0,0,0,0,0,False,,False,,False,,False,,False,,False,,Dockerfile(s) found but no Python entry point could be resolved
https://github.com/githubsz/ml-class,no_dockerfile,False,0,0,0,,,0,0,0,0,0,False,,False,,False,,False,,False,,False,,no Dockerfile and no fallback entry point found
https://github.com/empirical-org/Quill-NLP-Tools-and-Datasets,no_dockerfile,False,0,0,0,,,0,0,0,0,0,False,,False,,False,,False,,False,,False,,no Dockerfile and no fallback entry point found
https://github.com/lauramanduchi/CIL2018,no_dockerfile,False,0,0,0,,,0,0,0,0,0,False,,False,,False,,False,,False,,False,,no Dockerfile and no fallback entry point found
https://github.com/berkeley-stat159/project-theta,no_dockerfile,False,0,0,0,,,0,0,0,0,0,False,,False,,False,,False,,False,,False,,no Dockerfile and no fallback entry point found
https://github.com/osmanbaskaya/coarse-wsd,no_entry,False,0,1,0,,,0,0,0,0,0,False,,False,,False,,False,,False,,False,,Dockerfile(s) found but no Python entry point could be resolved
https://github.com/CiaranWelsh/pycotools,no_dockerfile,False,0,0,0,,,0,0,0,0,0,False,,False,,False,,False,,False,,False,,no Dockerfile and no fallback entry point found
https://github.com/KienMN/Facies-Detection-Project,no_dockerfile,False,0,0,0,,,0,0,0,0,0,False,,False,,False,,False,,False,,False,,no Dockerfile and no fallback entry point found
https://github.com/izouhri/eeg,ok,False,1,0,1,muselsl\__main__.py,fallback_nested,8,42,4,0,0,False,,False,,True,muselsl/record.py:81 sklearn.linear_model.LinearRegression [matched LinearRegression],False,,False,,False,,"unverified: missing stages: data_acquisition, data_preparation, training, evaluation, inference"
https://github.com/kishi001/Udacity_ML_Nanodegree,no_dockerfile,False,0,0,0,,,0,0,0,0,0,False,,False,,False,,False,,False,,False,,no Dockerfile and no fallback entry point found
https://github.com/ppujari/udacity,no_dockerfile,False,0,0,0,,,0,0,0,0,0,False,,False,,False,,False,,False,,False,,no Dockerfile and no fallback entry point found
https://github.com/dldasomlee/Python-Projects,no_dockerfile,False,0,0,0,,,0,0,0,0,0,False,,False,,False,,False,,False,,False,,no Dockerfile and no fallback entry point found
https://github.com/martinusalexander/cz4034,no_dockerfile,False,0,0,0,,,0,0,0,0,0,False,,False,,False,,False,,False,,False,,no Dockerfile and no fallback entry point found
https://github.com/danilofo/cgnenhancer,no_dockerfile,False,0,0,0,,,0,0,0,0,0,False,,False,,False,,False,,False,,False,,no Dockerfile and no fallback entry point found
https://github.com/titu1994/Advanced_Machine_Learning,no_dockerfile,False,0,0,0,,,0,0,0,0,0,False,,False,,False,,False,,False,,False,,no Dockerfile and no fallback entry point found
https://github.com/ritabratamaiti/RapidML,no_dockerfile,False,0,0,0,,,0,0,0,0,0,False,,False,,False,,False,,False,,False,,no Dockerfile and no fallback entry point found
https://github.com/tensorlayer/TensorLayer,no_entry,False,0,2,0,,,0,0,0,0,0,False,,False,,False,,False,,False,,False,,Dockerfile(s) found but no Python entry point could be resolved
https://github.com/uhh-lt/mangosteen,no_dockerfile,False,0,0,0,,,0,0,0,0,0,False,,False,,False,,False,,False,,False,,no Dockerfile and no fallback entry point found
https://github.com/ssanchez2000/CS229-Project,no_dockerfile,False,0,0,0,,,0,0,0,0,0,False,,False,,False,,False,,False,,False,,no Dockerfile and no fallback entry point found
https://github.com/ChangLabUcsf/intonatang,no_dockerfile,False,0,0,0,,,0,0,0,0,0,False,,False,,False,,False,,False,,False,,no Dockerfile and no fallback entry point found
https://github.com/h2oai/h2o4gpu,no_entry,False,0,1,0,,,0,0,0,0,0,False,,False,,False,,False,,False,,False,,Dockerfile(s) found but no Python entry point could be resolved
https://github.com/jerkos/eledelphe,no_dockerfile,False,0,0,0,,,0,0,0,0,0,False,,False,,False,,False,,False,,False,,no Dockerfile and no fallback entry point found
https://github.com/svaante/decision-tree-id3,no_dockerfile,False,0,0,0,,,0,0,0,0,0,False,,False,,False,,False,,False,,False,,no Dockerfile and no fallback entry point found
https://github.com/sunyd1006/neural-networks-and-deep-learning,no_dockerfile,False,0,0,0,,,0,0,0,0,0,False,,False,,False,,False,,False,,False,,no Dockerfile and no fallback entry point found
https://github.com/lieber2000/firstnnet,no_dockerfile,False,0,0,0,,,0,0,0,0,0,False,,False,,False,,False,,False,,False,,no Dockerfile and no fallback entry point found
https://github.com/doc-E-brown/icy-torpedo,no_dockerfile,False,0,0,0,,,0,0,0,0,0,False,,False,,False,,False,,False,,False,,no Dockerfile and no fallback entry point found
https://github.com/ryscet/sleep_project,clone_failed,False,0,0,0,,,0,0,0,0,0,False,,False,,False,,False,,False,,False,,error: invalid path 'figures/crosscorrelation/crosscorr00:00.pdf'
https://github.com/jeffreyvt/neural-networks-and-deep-learning,ok,False,0,0,1,src\main.py,fallback_nested,1,0,0,0,0,False,,False,,False,,False,,False,,False,,"unverified: missing stages: data_acquisition, data_preparation, modeling, training, evaluation, inference"
https://github.com/iseaboy/Rasa_NLU_Chi,ok,False,2,0,1,rasa_nlu\train.py,fallback_nested,12,143,3,0,2,True,rasa_nlu/persistor.py:122 tarfile.open [matched tarfile.open],False,,False,,True,rasa_nlu/train.py:114 trainer.train [matched trainer.train],False,,False,,"unverified: missing stages: data_preparation, modeling, evaluation, inference"
https://github.com/beegeesquare/QuantFy,no_dockerfile,False,0,0,0,,,0,0,0,0,0,False,,False,,False,,False,,False,,False,,no Dockerfile and no fallback entry point found
https://github.com/ledaiduongmoscowrussia/HelloWorld,no_dockerfile,False,0,0,0,,,0,0,0,0,0,False,,False,,False,,False,,False,,False,,no Dockerfile and no fallback entry point found
https://github.com/COSFIRE/COSFIRE,no_entry,False,0,1,0,,,0,0,0,0,0,False,,False,,False,,False,,False,,False,,Dockerfile(s) found but no Python entry point could be resolved
https://github.com/wentaoxu415/machine-learning-programs,no_dockerfile,False,0,0,0,,,0,0,0,0,0,False,,False,,False,,False,,False,,False,,no Dockerfile and no fallback entry point found
https://github.com/moritzschaefer/unsupervised-text-detection,no_entry,False,0,1,0,,,0,0,0,0,0,False,,False,,False,,False,,False,,False,,Dockerfile(s) found but no Python entry point could be resolved
https://github.com/jowoojun/biovec,no_dockerfile,False,0,0,0,,,0,0,0,0,0,False,,False,,False,,False,,False,,False,,no Dockerfile and no fallback entry point found
https://github.com/dennybritz/chatbot-retrieval,no_dockerfile,False,0,0,0,,,0,0,0,0,0,False,,False,,False,,False,,False,,False,,no Dockerfile and no fallback entry point found
https://github.com/koaning/whatlies,no_dockerfile,False,0,0,0,,,0,0,0,0,0,False,,False,,False,,False,,False,,False,,no Dockerfile and no fallback entry point found
https://github.com/rjm49/isaacdata,ok,False,0,1,1,NMLTM\main.py,fallback_nested,1,0,0,0,0,False,,False,,False,,False,,False,,False,,"unverified: missing stages: data_acquisition, data_preparation, modeling, training, evaluation, inference"
https://github.com/manuelJung/deep_learning,no_dockerfile,False,0,0,0,,,0,0,0,0,0,False,,False,,False,,False,,False,,False,,no Dockerfile and no fallback entry point found
https://github.com/pablomarin/Deep-Learning,no_dockerfile,False,0,0,0,,,0,0,0,0,0,False,,False,,False,,False,,False,,False,,no Dockerfile and no fallback entry point found
https://github.com/tapilab/pygrade,ok,False,1,0,1,pygrade\pygrade.py,fallback_console_script,2,11,1,0,0,True,pygrade/__init__.py:60 csv.DictReader [matched csv.DictReader],False,,False,,False,,False,,False,,"unverified: missing stages: data_preparation, modeling, training, evaluation, inference"
https://github.com/datadav/IsMyTweet,no_dockerfile,False,0,0,0,,,0,0,0,0,0,False,,False,,False,,False,,False,,False,,no Dockerfile and no fallback entry point found
https://github.com/leojo/BrainClassifier,no_dockerfile,False,0,0,0,,,0,0,0,0,0,False,,False,,False,,False,,False,,False,,no Dockerfile and no fallback entry point found
https://github.com/tlfvincent/machine-learning-api,no_entry,False,0,4,0,,,0,0,0,0,0,False,,False,,False,,False,,False,,False,,Dockerfile(s) found but no Python entry point could be resolved
https://github.com/VikParuchuri/percept,no_dockerfile,False,0,0,0,,,0,0,0,0,0,False,,False,,False,,False,,False,,False,,no Dockerfile and no fallback entry point found
https://github.com/Diviyan-Kalainathan/causal-humans,no_dockerfile,False,0,0,0,,,0,0,0,0,0,False,,False,,False,,False,,False,,False,,no Dockerfile and no fallback entry point found
https://github.com/algorithmcardboard/grasp-lift-eeg-detection,no_dockerfile,False,0,0,0,,,0,0,0,0,0,False,,False,,False,,False,,False,,False,,no Dockerfile and no fallback entry point found
https://github.com/nyuvis/patient-viz,no_dockerfile,False,0,0,0,,,0,0,0,0,0,False,,False,,False,,False,,False,,False,,no Dockerfile and no fallback entry point found
https://github.com/Shmuma/nlp,no_dockerfile,False,0,0,0,,,0,0,0,0,0,False,,False,,False,,False,,False,,False,,no Dockerfile and no fallback entry point found
https://github.com/FaceRec/hello-world,no_dockerfile,False,0,0,0,,,0,0,0,0,0,False,,False,,False,,False,,False,,False,,no Dockerfile and no fallback entry point found
https://github.com/zjzsliyang/420235DataMining,no_dockerfile,False,0,0,0,,,0,0,0,0,0,False,,False,,False,,False,,False,,False,,no Dockerfile and no fallback entry point found
https://github.com/kudkudak/word-embeddings-benchmarks,no_dockerfile,False,0,0,0,,,0,0,0,0,0,False,,False,,False,,False,,False,,False,,no Dockerfile and no fallback entry point found
https://github.com/jeongyoonlee/Kaggler,no_dockerfile,False,0,0,0,,,0,0,0,0,0,False,,False,,False,,False,,False,,False,,no Dockerfile and no fallback entry point found
https://github.com/rkcosmos/deepcut,ok,True,6,1,1,deepcut\train.py,fallback_nested,3,10,1,0,0,True,deepcut/train.py:125 pd.read_csv [matched pd.read_csv],True,deepcut/train.py:92 sklearn.model_selection.train_test_split [matched train_test_split],True,deepcut/model.py:11 tf.keras.layers.Conv1D [matched tf.keras.layers.*],True,deepcut/train.py:191 model.fit [matched model.fit],True,deepcut/train.py:213 sklearn.metrics.f1_score [matched f1_score],True,deepcut/train.py:210 model.predict [matched model.predict],verified: all 6 stages present
https://github.com/gsi-upm/sematch,no_dockerfile,False,0,0,0,,,0,0,0,0,0,False,,False,,False,,False,,False,,False,,no Dockerfile and no fallback entry point found
https://github.com/yashsingh96/WorkIt,no_dockerfile,False,0,0,0,,,0,0,0,0,0,False,,False,,False,,False,,False,,False,,no Dockerfile and no fallback entry point found
https://github.com/BrainNetworksCourse/brain-networks-course,no_dockerfile,False,0,0,0,,,0,0,0,0,0,False,,False,,False,,False,,False,,False,,no Dockerfile and no fallback entry point found
https://github.com/gaoqianmiao/Summer-project,no_dockerfile,False,0,0,0,,,0,0,0,0,0,False,,False,,False,,False,,False,,False,,no Dockerfile and no fallback entry point found
https://github.com/zzw922cn/Automatic_Speech_Recognition,no_entry,False,0,1,0,,,0,0,0,0,0,False,,False,,False,,False,,False,,False,,Dockerfile(s) found but no Python entry point could be resolved
https://github.com/cduvallet/microbiomeHD,no_dockerfile,False,0,0,0,,,0,0,0,0,0,False,,False,,False,,False,,False,,False,,no Dockerfile and no fallback entry point found
https://github.com/raffg/trump-tweet-author-identification,no_dockerfile,False,0,0,0,,,0,0,0,0,0,False,,False,,False,,False,,False,,False,,no Dockerfile and no fallback entry point found
https://github.com/gmyou/ml,no_dockerfile,False,0,0,0,,,0,0,0,0,0,False,,False,,False,,False,,False,,False,,no Dockerfile and no fallback entry point found
https://github.com/ustunb/actionable-recourse,no_dockerfile,False,0,0,0,,,0,0,0,0,0,False,,False,,False,,False,,False,,False,,no Dockerfile and no fallback entry point found
https://github.com/Reynolds534/IASS_18_ML,no_dockerfile,False,0,0,0,,,0,0,0,0,0,False,,False,,False,,False,,False,,False,,no Dockerfile and no fallback entry point found
https://github.com/ReDI-School/python-data-science,no_dockerfile,False,0,0,0,,,0,0,0,0,0,False,,False,,False,,False,,False,,False,,no Dockerfile and no fallback entry point found
https://github.com/HiromuMasuda/category_classifier,no_dockerfile,False,0,0,0,,,0,0,0,0,0,False,,False,,False,,False,,False,,False,,no Dockerfile and no fallback entry point found
https://github.com/freeeal/ScribWord,no_dockerfile,False,0,0,0,,,0,0,0,0,0,False,,False,,False,,False,,False,,False,,no Dockerfile and no fallback entry point found
https://github.com/WIPACrepo/decotools,no_dockerfile,False,0,0,0,,,0,0,0,0,0,False,,False,,False,,False,,False,,False,,no Dockerfile and no fallback entry point found
https://github.com/gridgentoo/TradingKafkaTensorFlow,no_entry,False,0,1,0,,,0,0,0,0,0,False,,False,,False,,False,,False,,False,,Dockerfile(s) found but no Python entry point could be resolved
https://github.com/almuthmeier/DynOpt,clone_failed,False,0,0,0,,,0,0,0,0,0,False,,False,,False,,False,,False,,False,,error: invalid path 'DynOpt/datasets/test_datasets/rastrigin/rastrigin_d-10_chgperiods-10000_pch-mixture_fch-none_2018-12-05_09:31.npz'
https://github.com/dodler/generic_pipelines,no_dockerfile,False,0,0,0,,,0,0,0,0,0,False,,False,,False,,False,,False,,False,,no Dockerfile and no fallback entry point found
https://github.com/mlcommons/training,no_entry,False,0,39,0,,,0,0,0,0,0,False,,False,,False,,False,,False,,False,,Dockerfile(s) found but no Python entry point could be resolved
https://github.com/MSchnei/pyprf_motion,ok,False,2,0,1,pyprf_motion\analysis\__main__.py,fallback_console_script,11,32,3,0,0,True,pyprf_motion/analysis/load_config.py:62 csv.reader [matched csv.reader],True,pyprf_motion/analysis/find_prf_cpu.py:106 sklearn.model_selection.KFold [matched KFold],False,,False,,False,,False,,"unverified: missing stages: modeling, training, evaluation, inference"
https://github.com/lopuhin/kaggle-lions-2017,no_dockerfile,False,0,0,0,,,0,0,0,0,0,False,,False,,False,,False,,False,,False,,no Dockerfile and no fallback entry point found
https://github.com/barmag/dlnd-practice,no_dockerfile,False,0,0,0,,,0,0,0,0,0,False,,False,,False,,False,,False,,False,,no Dockerfile and no fallback entry point found
https://github.com/Zhaoxiangyun/facenet_normal,no_dockerfile,False,0,0,0,,,0,0,0,0,0,False,,False,,False,,False,,False,,False,,no Dockerfile and no fallback entry point found
https://github.com/lucasfe/machine_learning_udacity,no_dockerfile,False,0,0,0,,,0,0,0,0,0,False,,False,,False,,False,,False,,False,,no Dockerfile and no fallback entry point found
https://github.com/pdkit/pdkit,no_entry,False,0,1,0,,,0,0,0,0,0,False,,False,,False,,False,,False,,False,,Dockerfile(s) found but no Python entry point could be resolved
https://github.com/lasershow/udacity-machine-learning-repo,no_dockerfile,False,0,0,0,,,0,0,0,0,0,False,,False,,False,,False,,False,,False,,no Dockerfile and no fallback entry point found
https://github.com/gautsi/gentrySeattle,no_dockerfile,False,0,0,0,,,0,0,0,0,0,False,,False,,False,,False,,False,,False,,no Dockerfile and no fallback entry point found
https://github.com/parityapp/ML-NLP,no_dockerfile,False,0,0,0,,,0,0,0,0,0,False,,False,,False,,False,,False,,False,,no Dockerfile and no fallback entry point found
https://github.com/taweechoke/Project,no_dockerfile,False,0,0,0,,,0,0,0,0,0,False,,False,,False,,False,,False,,False,,no Dockerfile and no fallback entry point found
https://github.com/stephenjfox/udacity-nd101-deep-learning,no_dockerfile,False,0,0,0,,,0,0,0,0,0,False,,False,,False,,False,,False,,False,,no Dockerfile and no fallback entry point found
https://github.com/m4nuC/rnn-script-generation,no_dockerfile,False,0,0,0,,,0,0,0,0,0,False,,False,,False,,False,,False,,False,,no Dockerfile and no fallback entry point found
https://github.com/tyronehou/BOATS,no_dockerfile,False,0,0,0,,,0,0,0,0,0,False,,False,,False,,False,,False,,False,,no Dockerfile and no fallback entry point found
https://github.com/bcyphers/disqus-data,no_dockerfile,False,0,0,0,,,0,0,0,0,0,False,,False,,False,,False,,False,,False,,no Dockerfile and no fallback entry point found
https://github.com/sem6-project/grasp-detector,no_dockerfile,False,0,0,0,,,0,0,0,0,0,False,,False,,False,,False,,False,,False,,no Dockerfile and no fallback entry point found
https://github.com/AIMovement/Statoil-C-CORE-Iceberg-Classifier-Challenge,no_dockerfile,False,0,0,0,,,0,0,0,0,0,False,,False,,False,,False,,False,,False,,no Dockerfile and no fallback entry point found
https://github.com/pazikkamil/Courses,no_dockerfile,False,0,0,0,,,0,0,0,0,0,False,,False,,False,,False,,False,,False,,no Dockerfile and no fallback entry point found
https://github.com/yilunzh/machine-learning,no_dockerfile,False,0,0,0,,,0,0,0,0,0,False,,False,,False,,False,,False,,False,,no Dockerfile and no fallback entry point found
https://github.com/TobyHFerguson/CDSW-Demos,no_dockerfile,False,0,0,0,,,0,0,0,0,0,False,,False,,False,,False,,False,,False,,no Dockerfile and no fallback entry point found
https://github.com/louismartin/OR-Project,no_dockerfile,False,0,0,0,,,0,0,0,0,0,False,,False,,False,,False,,False,,False,,no Dockerfile and no fallback entry point found
https://github.com/fresheed/ActivityClassifier,no_dockerfile,False,0,0,0,,,0,0,0,0,0,False,,False,,False,,False,,False,,False,,no Dockerfile and no fallback entry point found
https://github.com/rtlee9/serveit,no_dockerfile,False,0,0,0,,,0,0,0,0,0,False,,False,,False,,False,,False,,False,,no Dockerfile and no fallback entry point found
https://github.com/kwidmann137/Udacity-Deep-Learning,no_dockerfile,False,0,0,0,,,0,0,0,0,0,False,,False,,False,,False,,False,,False,,no Dockerfile and no fallback entry point found
https://github.com/aelaguiz/tpred,no_dockerfile,False,0,0,0,,,0,0,0,0,0,False,,False,,False,,False,,False,,False,,no Dockerfile and no fallback entry point found
https://github.com/vinitsamel/udacitydeeplearning,no_dockerfile,False,0,0,0,,,0,0,0,0,0,False,,False,,False,,False,,False,,False,,no Dockerfile and no fallback entry point found
https://github.com/visionjo/FIW_KRT,no_dockerfile,False,0,0,0,,,0,0,0,0,0,False,,False,,False,,False,,False,,False,,no Dockerfile and no fallback entry point found
https://github.com/25diver/datastream,ok,False,3,0,1,dsio\main.py,fallback_nested,8,38,3,0,0,True,dsio/main.py:146 pd.read_csv [matched pd.read_csv],True,dsio/helpers.py:106 pd.to_datetime [matched pd.to_datetime],True,dsio/anomaly_detectors.py:0 class Gaussian1D [matched <class subclasses model base>],False,,False,,False,,"unverified: missing stages: training, evaluation, inference"
https://github.com/mnarasimhan02/MachineLearning,no_dockerfile,False,0,0,0,,,0,0,0,0,0,False,,False,,False,,False,,False,,False,,no Dockerfile and no fallback entry point found
https://github.com/jakevdp/PythonDataScienceHandbook,no_dockerfile,False,0,0,0,,,0,0,0,0,0,False,,False,,False,,False,,False,,False,,no Dockerfile and no fallback entry point found
https://github.com/classner/barrista,no_dockerfile,False,0,0,0,,,0,0,0,0,0,False,,False,,False,,False,,False,,False,,no Dockerfile and no fallback entry point found
https://github.com/TheAdamEvans/RouteRobot,no_dockerfile,False,0,0,0,,,0,0,0,0,0,False,,False,,False,,False,,False,,False,,no Dockerfile and no fallback entry point found
https://github.com/shenc3/kaggle_note,no_dockerfile,False,0,0,0,,,0,0,0,0,0,False,,False,,False,,False,,False,,False,,no Dockerfile and no fallback entry point found
https://github.com/TeamAlphaPrimeReviews/reviews-to-improve,no_dockerfile,False,0,0,0,,,0,0,0,0,0,False,,False,,False,,False,,False,,False,,no Dockerfile and no fallback entry point found
https://github.com/yujinjcho/moovi_back,no_dockerfile,False,0,0,0,,,0,0,0,0,0,False,,False,,False,,False,,False,,False,,no Dockerfile and no fallback entry point found
https://github.com/tanmay987/MachineLearningPractice,no_dockerfile,False,0,0,0,,,0,0,0,0,0,False,,False,,False,,False,,False,,False,,no Dockerfile and no fallback entry point found
https://github.com/openego/eTraGo,no_dockerfile,False,0,0,0,,,0,0,0,0,0,False,,False,,False,,False,,False,,False,,no Dockerfile and no fallback entry point found
https://github.com/agamemnonc/sklearn-ext,no_dockerfile,False,0,0,0,,,0,0,0,0,0,False,,False,,False,,False,,False,,False,,no Dockerfile and no fallback entry point found
https://github.com/shubhomoydas/ad_examples,no_dockerfile,False,0,0,0,,,0,0,0,0,0,False,,False,,False,,False,,False,,False,,no Dockerfile and no fallback entry point found
https://github.com/faraznshaikh/ml-class,no_dockerfile,False,0,0,0,,,0,0,0,0,0,False,,False,,False,,False,,False,,False,,no Dockerfile and no fallback entry point found
https://github.com/sujithv28/Deep-Leafsnap,no_dockerfile,False,0,0,0,,,0,0,0,0,0,False,,False,,False,,False,,False,,False,,no Dockerfile and no fallback entry point found
https://github.com/amendrashrestha/AliasSensor,ok,False,1,0,1,AliasPortal\app.py,fallback_nested,1,2,0,0,0,False,,False,,False,,False,,False,,True,AliasPortal/app.py:19 flask.Flask [matched Flask],"unverified: missing stages: data_acquisition, data_preparation, modeling, training, evaluation"
https://github.com/emanjavacas/seqmod,no_dockerfile,False,0,0,0,,,0,0,0,0,0,False,,False,,False,,False,,False,,False,,no Dockerfile and no fallback entry point found
https://github.com/im-minion/Subjective-Answer-Evaluation,no_dockerfile,False,0,0,0,,,0,0,0,0,0,False,,False,,False,,False,,False,,False,,no Dockerfile and no fallback entry point found
https://github.com/hdnl/Undergraduate-Honors-Thesis,clone_failed,False,0,0,0,,,0,0,0,0,0,False,,False,,False,,False,,False,,False,,error: invalid path 'detecting twitter moments -> change in public sentiment.ipynb'
https://github.com/hhngan/MLHandON,no_entry,False,0,1,0,,,0,0,0,0,0,False,,False,,False,,False,,False,,False,,Dockerfile(s) found but no Python entry point could be resolved
https://github.com/keisuke-kiriyama/story_modeling,no_dockerfile,False,0,0,0,,,0,0,0,0,0,False,,False,,False,,False,,False,,False,,no Dockerfile and no fallback entry point found
https://github.com/Steve--Hunter/deep-learning,no_dockerfile,False,0,0,0,,,0,0,0,0,0,False,,False,,False,,False,,False,,False,,no Dockerfile and no fallback entry point found
https://github.com/921kiyo/neural-networks-scratch,no_dockerfile,False,0,0,0,,,0,0,0,0,0,False,,False,,False,,False,,False,,False,,no Dockerfile and no fallback entry point found
https://github.com/david-perez/tfg-code,no_dockerfile,False,0,0,0,,,0,0,0,0,0,False,,False,,False,,False,,False,,False,,no Dockerfile and no fallback entry point found
https://github.com/fresearchgroup/Community-Recommendation,no_entry,False,0,1,0,,,0,0,0,0,0,False,,False,,False,,False,,False,,False,,Dockerfile(s) found but no Python entry point could be resolved
https://github.com/CenterForCollectiveLearning/DIVE-backend,no_entry,False,0,2,0,,,0,0,0,0,0,False,,False,,False,,False,,False,,False,,Dockerfile(s) found but no Python entry point could be resolved
https://github.com/byu-aml-lab/ankura,no_dockerfile,False,0,0,0,,,0,0,0,0,0,False,,False,,False,,False,,False,,False,,no Dockerfile and no fallback entry point found
https://github.com/MayukhSobo/EnronFraud,no_dockerfile,False,0,0,0,,,0,0,0,0,0,False,,False,,False,,False,,False,,False,,no Dockerfile and no fallback entry point found
https://github.com/carlosayam/pywde,no_dockerfile,False,0,0,0,,,0,0,0,0,0,False,,False,,False,,False,,False,,False,,no Dockerfile and no fallback entry point found
https://github.com/jckail/jordan_kail_crypto_project,no_dockerfile,False,0,0,0,,,0,0,0,0,0,False,,False,,False,,False,,False,,False,,no Dockerfile and no fallback entry point found
https://github.com/alvarouc/mlp,no_dockerfile,False,0,0,0,,,0,0,0,0,0,False,,False,,False,,False,,False,,False,,no Dockerfile and no fallback entry point found
https://github.com/bothub-it/bothub-nlp,no_entry,False,0,2,0,,,0,0,0,0,0,False,,False,,False,,False,,False,,False,,Dockerfile(s) found but no Python entry point could be resolved
https://github.com/swchao/PythonDataScienceHandbook,no_dockerfile,False,0,0,0,,,0,0,0,0,0,False,,False,,False,,False,,False,,False,,no Dockerfile and no fallback entry point found
https://github.com/davidcampelo/tv4e-recommender,no_dockerfile,False,0,0,0,,,0,0,0,0,0,False,,False,,False,,False,,False,,False,,no Dockerfile and no fallback entry point found
https://github.com/UMD-CS-STICs/389Aspring18,no_dockerfile,False,0,0,0,,,0,0,0,0,0,False,,False,,False,,False,,False,,False,,no Dockerfile and no fallback entry point found
https://github.com/germannp/lana,no_dockerfile,False,0,0,0,,,0,0,0,0,0,False,,False,,False,,False,,False,,False,,no Dockerfile and no fallback entry point found
https://github.com/Data4Democracy/hate_speech_detector,ok,False,2,2,1,app\app.py,fallback_nested,3,7,2,0,0,True,app/core.py:12 pd.read_csv [matched pd.read_csv],False,,False,,False,,False,,True,app/app.py:6 flask.Flask [matched Flask],"unverified: missing stages: data_preparation, modeling, training, evaluation"
https://github.com/LuLi0077/DL,no_dockerfile,False,0,0,0,,,0,0,0,0,0,False,,False,,False,,False,,False,,False,,no Dockerfile and no fallback entry point found
https://github.com/Zhenxingzhang/kaggle-cdiscount-classification,no_entry,False,0,1,0,,,0,0,0,0,0,False,,False,,False,,False,,False,,False,,Dockerfile(s) found but no Python entry point could be resolved
https://github.com/SocratesAcademy/bigdata,no_dockerfile,False,0,0,0,,,0,0,0,0,0,False,,False,,False,,False,,False,,False,,no Dockerfile and no fallback entry point found
https://github.com/analysiscenter/radio,no_dockerfile,False,0,0,0,,,0,0,0,0,0,False,,False,,False,,False,,False,,False,,no Dockerfile and no fallback entry point found
https://github.com/asiaslaton/Test-Recognition,no_entry,False,0,2,0,,,0,0,0,0,0,False,,False,,False,,False,,False,,False,,Dockerfile(s) found but no Python entry point could be resolved
https://github.com/silencehero/-udacity-deep-learning,no_dockerfile,False,0,0,0,,,0,0,0,0,0,False,,False,,False,,False,,False,,False,,no Dockerfile and no fallback entry point found
https://github.com/vincom2/11411-project,clone_failed,False,0,0,0,,,0,0,0,0,0,False,,False,,False,,False,,False,,False,,error: invalid path 'data/own/movies/Evangelion:_2.0_You_Can_(Not)_Advance.txt'
https://github.com/teopir/ifqi,no_dockerfile,False,0,0,0,,,0,0,0,0,0,False,,False,,False,,False,,False,,False,,no Dockerfile and no fallback entry point found
https://github.com/litan/tefla,ok,False,1,0,1,tefla\train.py,fallback_nested,13,85,2,0,0,False,,False,,False,,True,tefla/train.py:48 trainer.fit [matched trainer.fit],False,,False,,"unverified: missing stages: data_acquisition, data_preparation, modeling, evaluation, inference"
https://github.com/mjirik/lisa,ok,False,1,0,1,lisa\__main__.py,fallback_nested,7,165,4,0,0,True,lisa/organ_segmentation.py:814 json.load [matched json.load],False,,False,,False,,False,,False,,"unverified: missing stages: data_preparation, modeling, training, evaluation, inference"
https://github.com/gboeing/osmnx,no_entry,False,0,1,0,,,0,0,0,0,0,False,,False,,False,,False,,False,,False,,Dockerfile(s) found but no Python entry point could be resolved
https://github.com/yandex/rep,no_entry,False,0,2,0,,,0,0,0,0,0,False,,False,,False,,False,,False,,False,,Dockerfile(s) found but no Python entry point could be resolved
https://github.com/scverse/scvi-tools,no_entry,False,0,1,0,,,0,0,0,0,0,False,,False,,False,,False,,False,,False,,Dockerfile(s) found but no Python entry point could be resolved
https://github.com/flennerhag/mlens,no_dockerfile,False,0,0,0,,,0,0,0,0,0,False,,False,,False,,False,,False,,False,,no Dockerfile and no fallback entry point found
https://github.com/BioroboticsLab/bb_tracking_2016,no_dockerfile,False,0,0,0,,,0,0,0,0,0,False,,False,,False,,False,,False,,False,,no Dockerfile and no fallback entry point found
https://github.com/lisa-1010/semantic_convnets,no_dockerfile,False,0,0,0,,,0,0,0,0,0,False,,False,,False,,False,,False,,False,,no Dockerfile and no fallback entry point found
https://github.com/pblouw/pysem,no_dockerfile,False,0,0,0,,,0,0,0,0,0,False,,False,,False,,False,,False,,False,,no Dockerfile and no fallback entry point found
https://github.com/gaussic/text-classification-cnn-rnn,no_dockerfile,False,0,0,0,,,0,0,0,0,0,False,,False,,False,,False,,False,,False,,no Dockerfile and no fallback entry point found
https://github.com/NLeSC/xtas,no_dockerfile,False,0,0,0,,,0,0,0,0,0,False,,False,,False,,False,,False,,False,,no Dockerfile and no fallback entry point found
https://github.com/alexwolf22/Python-ML,no_dockerfile,False,0,0,0,,,0,0,0,0,0,False,,False,,False,,False,,False,,False,,no Dockerfile and no fallback entry point found
https://github.com/hanselowski/athene_system,no_dockerfile,False,0,0,0,,,0,0,0,0,0,False,,False,,False,,False,,False,,False,,no Dockerfile and no fallback entry point found
https://github.com/JimHaughwout/GADM_DBSCAN,no_dockerfile,False,0,0,0,,,0,0,0,0,0,False,,False,,False,,False,,False,,False,,no Dockerfile and no fallback entry point found
https://github.com/ahartz1/programming-language-classifier,no_dockerfile,False,0,0,0,,,0,0,0,0,0,False,,False,,False,,False,,False,,False,,no Dockerfile and no fallback entry point found
https://github.com/liyazhe/AML-Project2,no_dockerfile,False,0,0,0,,,0,0,0,0,0,False,,False,,False,,False,,False,,False,,no Dockerfile and no fallback entry point found
https://github.com/id774/finance,ok,False,5,0,1,finance\cli\charts.py,fallback_console_script,12,130,2,0,0,True,finance/stocklist.py:88 csv.reader [matched csv.reader],True,finance/storage.py:332 pd.merge [matched pd.merge],True,finance/models.py:80 sklearn.tree.DecisionTreeClassifier [matched DecisionTreeClassifier],True,finance/models.py:144 self.estimator.fit [matched estimator.fit],False,,True,finance/models.py:159 self.estimator.predict [matched estimator.predict],unverified: missing stages: evaluation
https://github.com/pallabisaikia/dbn,no_dockerfile,False,0,0,0,,,0,0,0,0,0,False,,False,,False,,False,,False,,False,,no Dockerfile and no fallback entry point found
https://github.com/dgketchum/IrrMapper,no_dockerfile,False,0,0,0,,,0,0,0,0,0,False,,False,,False,,False,,False,,False,,no Dockerfile and no fallback entry point found
https://github.com/mohamedelkansouli/Ensae_py2,no_dockerfile,False,0,0,0,,,0,0,0,0,0,False,,False,,False,,False,,False,,False,,no Dockerfile and no fallback entry point found
https://github.com/guaix-ucm/pyemir,no_dockerfile,False,0,0,0,,,0,0,0,0,0,False,,False,,False,,False,,False,,False,,no Dockerfile and no fallback entry point found
https://github.com/SvenSerneels/sprm,no_dockerfile,False,0,0,0,,,0,0,0,0,0,False,,False,,False,,False,,False,,False,,no Dockerfile and no fallback entry point found
https://github.com/drscotthawley/panotti,no_dockerfile,False,0,0,0,,,0,0,0,0,0,False,,False,,False,,False,,False,,False,,no Dockerfile and no fallback entry point found
https://github.com/Brett777/Predict-Churn,no_dockerfile,False,0,0,0,,,0,0,0,0,0,False,,False,,False,,False,,False,,False,,no Dockerfile and no fallback entry point found
https://github.com/yzhao062/pyod,ok,True,6,0,1,pyod\cli.py,fallback_console_script,19,153,5,0,3,True,pyod/utils/knowledge/__init__.py:39 json.load [matched json.load],True,pyod/models/base.py:217 sklearn.preprocessing.MinMaxScaler [matched MinMaxScaler],True,pyod/models/base.py:0 class BaseDetector [matched <class subclasses model base>],True,pyod/utils/ad_engine.py:701 clf.fit [matched clf.fit],True,pyod/utils/_quality_metrics.py:401 sklearn.metrics.precision_recall_fscore_support [matched precision_recall_fscore_support],True,pyod/utils/ad_engine.py:731 clf.predict [matched clf.predict],verified: all 6 stages present
https://github.com/Beyyes/Titan,no_entry,False,0,53,0,,,0,0,0,0,0,False,,False,,False,,False,,False,,False,,Dockerfile(s) found but no Python entry point could be resolved
https://github.com/rguptauw/pybcoin,no_dockerfile,False,0,0,0,,,0,0,0,0,0,False,,False,,False,,False,,False,,False,,no Dockerfile and no fallback entry point found
https://github.com/tanyakoh/natural-language-processing,no_entry,False,0,1,0,,,0,0,0,0,0,False,,False,,False,,False,,False,,False,,Dockerfile(s) found but no Python entry point could be resolved
https://github.com/SahaRahul/DeepLearn,no_dockerfile,False,0,0,0,,,0,0,0,0,0,False,,False,,False,,False,,False,,False,,no Dockerfile and no fallback entry point found
https://github.com/DrSnowbird/tensorflow-python3-jupyter,no_entry,False,0,1,0,,,0,0,0,0,0,False,,False,,False,,False,,False,,False,,Dockerfile(s) found but no Python entry point could be resolved
https://github.com/smilencehan/q,no_dockerfile,False,0,0,0,,,0,0,0,0,0,False,,False,,False,,False,,False,,False,,no Dockerfile and no fallback entry point found
https://github.com/idanmoradarthas/DataScienceUtils,no_entry,False,0,1,0,,,0,0,0,0,0,False,,False,,False,,False,,False,,False,,Dockerfile(s) found but no Python entry point could be resolved
https://github.com/titu1994/IDS-Course-Project,no_dockerfile,False,0,0,0,,,0,0,0,0,0,False,,False,,False,,False,,False,,False,,no Dockerfile and no fallback entry point found
https://github.com/stratosphereips/Manati,no_entry,False,0,7,0,,,0,0,0,0,0,False,,False,,False,,False,,False,,False,,Dockerfile(s) found but no Python entry point could be resolved
https://github.com/simoess/AIND_Nanodegree,no_dockerfile,False,0,0,0,,,0,0,0,0,0,False,,False,,False,,False,,False,,False,,no Dockerfile and no fallback entry point found
https://github.com/theirc/tashbeek,ok,False,0,1,1,api\app.py,fallback_nested,1,14,0,0,0,False,,False,,False,,False,,False,,False,,"unverified: missing stages: data_acquisition, data_preparation, modeling, training, evaluation, inference"
https://github.com/alejandrox1/numerical_computing,no_dockerfile,False,0,0,0,,,0,0,0,0,0,False,,False,,False,,False,,False,,False,,no Dockerfile and no fallback entry point found
https://github.com/havanagrawal/ml-from-scratch,no_dockerfile,False,0,0,0,,,0,0,0,0,0,False,,False,,False,,False,,False,,False,,no Dockerfile and no fallback entry point found
https://github.com/sammous/allenNLP_tagger,clone_failed,False,0,0,0,,,0,0,0,0,0,False,,False,,False,,False,,False,,False,,Error downloading object: model/model.tar.gz (26142ec): Smudge error: Error downloading model/model.tar.gz (26142ecacc7a5bd295f1828920677bd0cf27e76fed4247b393bcc969e48bab05): batch response: Resource not accessible by personal access token
https://github.com/apepa/claim-rank,no_dockerfile,False,0,0,0,,,0,0,0,0,0,False,,False,,False,,False,,False,,False,,no Dockerfile and no fallback entry point found
https://github.com/nsbradford/ExuberantCV,no_dockerfile,False,0,0,0,,,0,0,0,0,0,False,,False,,False,,False,,False,,False,,no Dockerfile and no fallback entry point found
https://github.com/white-lab/pyproteome,no_dockerfile,False,0,0,0,,,0,0,0,0,0,False,,False,,False,,False,,False,,False,,no Dockerfile and no fallback entry point found
https://github.com/amritbhanu/EDM591_Hyperparameter,ok,False,2,0,1,src\main.py,fallback_nested,1,3,0,0,0,True,src/main.py:186 pd.read_csv [matched pd.read_csv],True,src/main.py:50 sklearn.model_selection.StratifiedKFold [matched StratifiedKFold],False,,False,,False,,False,,"unverified: missing stages: modeling, training, evaluation, inference"
https://github.com/harmslab/epistasis,no_dockerfile,False,0,0,0,,,0,0,0,0,0,False,,False,,False,,False,,False,,False,,no Dockerfile and no fallback entry point found
https://github.com/NLeSC/PattyAnalytics,no_dockerfile,False,0,0,0,,,0,0,0,0,0,False,,False,,False,,False,,False,,False,,no Dockerfile and no fallback entry point found
https://github.com/arghasarkar/DeepLearningFoundations-Udacity,no_dockerfile,False,0,0,0,,,0,0,0,0,0,False,,False,,False,,False,,False,,False,,no Dockerfile and no fallback entry point found
https://github.com/daleighan/MLsandbox-service,no_dockerfile,False,0,0,0,,,0,0,0,0,0,False,,False,,False,,False,,False,,False,,no Dockerfile and no fallback entry point found
https://github.com/anishafluffy/msia423_project,no_dockerfile,False,0,0,0,,,0,0,0,0,0,False,,False,,False,,False,,False,,False,,no Dockerfile and no fallback entry point found
https://github.com/masoud-y/dl,no_dockerfile,False,0,0,0,,,0,0,0,0,0,False,,False,,False,,False,,False,,False,,no Dockerfile and no fallback entry point found
https://github.com/tatsuya-ogawa/udacity-deep-learning,no_dockerfile,False,0,0,0,,,0,0,0,0,0,False,,False,,False,,False,,False,,False,,no Dockerfile and no fallback entry point found
https://github.com/naplr/sid-hack,no_dockerfile,False,0,0,0,,,0,0,0,0,0,False,,False,,False,,False,,False,,False,,no Dockerfile and no fallback entry point found
https://github.com/mandarup/multi-object-tracking,no_dockerfile,False,0,0,0,,,0,0,0,0,0,False,,False,,False,,False,,False,,False,,no Dockerfile and no fallback entry point found
https://github.com/tarakdavis/text-classifier,no_dockerfile,False,0,0,0,,,0,0,0,0,0,False,,False,,False,,False,,False,,False,,no Dockerfile and no fallback entry point found
https://github.com/shivin9/Travello-NLP,no_dockerfile,False,0,0,0,,,0,0,0,0,0,False,,False,,False,,False,,False,,False,,no Dockerfile and no fallback entry point found
https://github.com/YeoLab/bonvoyage,no_dockerfile,False,0,0,0,,,0,0,0,0,0,False,,False,,False,,False,,False,,False,,no Dockerfile and no fallback entry point found
https://github.com/roadluac2016/deepLearningCourseFiles,no_dockerfile,False,0,0,0,,,0,0,0,0,0,False,,False,,False,,False,,False,,False,,no Dockerfile and no fallback entry point found
https://github.com/shayelencaoua/shayel,no_dockerfile,False,0,0,0,,,0,0,0,0,0,False,,False,,False,,False,,False,,False,,no Dockerfile and no fallback entry point found
https://github.com/eschmidt42/RVMs,no_dockerfile,False,0,0,0,,,0,0,0,0,0,False,,False,,False,,False,,False,,False,,no Dockerfile and no fallback entry point found
https://github.com/xinh3ng/ds-research,no_entry,False,0,6,1,,dockerfile,0,0,0,0,0,False,,False,,False,,False,,False,,False,,no resolved entry point yielded a usable call graph
https://github.com/datanigu/Machine_Learning,no_dockerfile,False,0,0,0,,,0,0,0,0,0,False,,False,,False,,False,,False,,False,,no Dockerfile and no fallback entry point found
https://github.com/dssg/ushine-learning,no_dockerfile,False,0,0,0,,,0,0,0,0,0,False,,False,,False,,False,,False,,False,,no Dockerfile and no fallback entry point found
https://github.com/plang85/tinkerbell,no_dockerfile,False,0,0,0,,,0,0,0,0,0,False,,False,,False,,False,,False,,False,,no Dockerfile and no fallback entry point found
https://github.com/deronnek/rankpy,no_dockerfile,False,0,0,0,,,0,0,0,0,0,False,,False,,False,,False,,False,,False,,no Dockerfile and no fallback entry point found
https://github.com/marianocabezas/data_manipulation,no_dockerfile,False,0,0,0,,,0,0,0,0,0,False,,False,,False,,False,,False,,False,,no Dockerfile and no fallback entry point found
https://github.com/ashual/output-domain,no_dockerfile,False,0,0,0,,,0,0,0,0,0,False,,False,,False,,False,,False,,False,,no Dockerfile and no fallback entry point found
https://github.com/sudoFerraz/Kamaji-monitor,no_dockerfile,False,0,0,0,,,0,0,0,0,0,False,,False,,False,,False,,False,,False,,no Dockerfile and no fallback entry point found
https://github.com/YuriyGuts/kaggle-quora-question-pairs,clone_failed,False,0,0,0,,,0,0,0,0,0,False,,False,,False,,False,,False,,False,,error: invalid path 'data/aux/spelling_corrections.json'
https://github.com/berkeley-stat159/project-gamma,no_dockerfile,False,0,0,0,,,0,0,0,0,0,False,,False,,False,,False,,False,,False,,no Dockerfile and no fallback entry point found
https://github.com/ethz-nus/lis-2015,no_dockerfile,False,0,0,0,,,0,0,0,0,0,False,,False,,False,,False,,False,,False,,no Dockerfile and no fallback entry point found
https://github.com/IndicoDataSolutions/Enso,no_entry,False,0,1,0,,,0,0,0,0,0,False,,False,,False,,False,,False,,False,,Dockerfile(s) found but no Python entry point could be resolved
https://github.com/marcinmiklitz/pywindow,no_dockerfile,False,0,0,0,,,0,0,0,0,0,False,,False,,False,,False,,False,,False,,no Dockerfile and no fallback entry point found
https://github.com/minggli/chatbot,no_entry,False,0,1,0,,,0,0,0,0,0,False,,False,,False,,False,,False,,False,,Dockerfile(s) found but no Python entry point could be resolved
https://github.com/rthouvenin/meteography,no_dockerfile,False,0,0,0,,,0,0,0,0,0,False,,False,,False,,False,,False,,False,,no Dockerfile and no fallback entry point found
https://github.com/GeoscienceAustralia/uncover-ml,ok,True,6,0,1,uncoverml\scripts\uncoverml.py,fallback_console_script,29,412,3,0,0,True,uncoverml/scripts/uncoverml.py:82 json.load [matched json.load],True,uncoverml/validate.py:393 sklearn.model_selection.GroupKFold [matched GroupKFold],True,uncoverml/scripts/uncoverml.py:309 uncoverml.cluster.KMeans [matched KMeans],True,uncoverml/models.py:608 self.clf.fit [matched clf.fit],True,uncoverml/validate.py:41 sklearn.metrics.r2_score [matched r2_score],True,uncoverml/cluster.py:724 model.predict [matched model.predict],verified: all 6 stages present
https://github.com/brainiak/brainiak,no_entry,False,0,2,0,,,0,0,0,0,0,False,,False,,False,,False,,False,,False,,Dockerfile(s) found but no Python entry point could be resolved
https://github.com/scikit-learn-contrib/py-earth,no_dockerfile,False,0,0,0,,,0,0,0,0,0,False,,False,,False,,False,,False,,False,,no Dockerfile and no fallback entry point found
https://github.com/KnowledgeLab/bm_support,no_dockerfile,False,0,0,0,,,0,0,0,0,0,False,,False,,False,,False,,False,,False,,no Dockerfile and no fallback entry point found
https://github.com/alanan46/Modified-_MNIST,no_dockerfile,False,0,0,0,,,0,0,0,0,0,False,,False,,False,,False,,False,,False,,no Dockerfile and no fallback entry point found
https://github.com/ashapochka/saapy,no_entry,False,0,7,0,,,0,0,0,0,0,False,,False,,False,,False,,False,,False,,Dockerfile(s) found but no Python entry point could be resolved
https://github.com/li282886931/deepVideoAnalytics,no_entry,False,0,3,0,,,0,0,0,0,0,False,,False,,False,,False,,False,,False,,Dockerfile(s) found but no Python entry point could be resolved
https://github.com/bakfu/bakfu,no_dockerfile,False,0,0,0,,,0,0,0,0,0,False,,False,,False,,False,,False,,False,,no Dockerfile and no fallback entry point found
https://github.com/c3h3/DisplayAdvertisingChallenge,no_dockerfile,False,0,0,0,,,0,0,0,0,0,False,,False,,False,,False,,False,,False,,no Dockerfile and no fallback entry point found
https://github.com/ushiku/text2feature,no_dockerfile,False,0,0,0,,,0,0,0,0,0,False,,False,,False,,False,,False,,False,,no Dockerfile and no fallback entry point found
https://github.com/mjirik/imcut,no_dockerfile,False,0,0,0,,,0,0,0,0,0,False,,False,,False,,False,,False,,False,,no Dockerfile and no fallback entry point found
https://github.com/oduwsdl/off-topic-memento-toolkit,no_entry,False,0,1,0,,,0,0,0,0,0,False,,False,,False,,False,,False,,False,,Dockerfile(s) found but no Python entry point could be resolved
https://github.com/bioinfo-ut/PhenotypeSeeker,no_dockerfile,False,0,0,0,,,0,0,0,0,0,False,,False,,False,,False,,False,,False,,no Dockerfile and no fallback entry point found
https://github.com/Rostlab/nalaf,no_dockerfile,False,0,0,0,,,0,0,0,0,0,False,,False,,False,,False,,False,,False,,no Dockerfile and no fallback entry point found
https://github.com/MLRichter/receptive_field_analysis_toolbox,no_dockerfile,False,0,0,0,,,0,0,0,0,0,False,,False,,False,,False,,False,,False,,no Dockerfile and no fallback entry point found
https://github.com/ilmari99/oparch,no_dockerfile,False,0,0,0,,,0,0,0,0,0,False,,False,,False,,False,,False,,False,,no Dockerfile and no fallback entry point found
https://github.com/hongghun4425/bot,no_dockerfile,False,0,0,0,,,0,0,0,0,0,False,,False,,False,,False,,False,,False,,no Dockerfile and no fallback entry point found
https://github.com/CLUEbenchmark/KgCLUE,no_dockerfile,False,0,0,0,,,0,0,0,0,0,False,,False,,False,,False,,False,,False,,no Dockerfile and no fallback entry point found
https://github.com/google/learned_optimization,no_dockerfile,False,0,0,0,,,0,0,0,0,0,False,,False,,False,,False,,False,,False,,no Dockerfile and no fallback entry point found
https://github.com/DataSciencePortugal/Meetups,no_entry,False,0,1,0,,,0,0,0,0,0,False,,False,,False,,False,,False,,False,,Dockerfile(s) found but no Python entry point could be resolved
https://github.com/doubleZ0108/MVS,no_dockerfile,False,0,0,0,,,0,0,0,0,0,False,,False,,False,,False,,False,,False,,no Dockerfile and no fallback entry point found
https://github.com/mapattacker/phenology,no_dockerfile,False,0,0,0,,,0,0,0,0,0,False,,False,,False,,False,,False,,False,,no Dockerfile and no fallback entry point found
https://github.com/AviTewari/Lake-Ice-Monitoring,no_dockerfile,False,0,0,0,,,0,0,0,0,0,False,,False,,False,,False,,False,,False,,no Dockerfile and no fallback entry point found
https://github.com/MrCBaru/van-goh,no_dockerfile,False,0,0,0,,,0,0,0,0,0,False,,False,,False,,False,,False,,False,,no Dockerfile and no fallback entry point found
https://github.com/darkpanther99/DeepLearningMusicGeneration,no_dockerfile,False,0,0,0,,,0,0,0,0,0,False,,False,,False,,False,,False,,False,,no Dockerfile and no fallback entry point found
https://github.com/rail-berkeley/rlkit,no_entry,False,0,1,0,,,0,0,0,0,0,False,,False,,False,,False,,False,,False,,Dockerfile(s) found but no Python entry point could be resolved
https://github.com/NiklasHoltmeyer/FashionNets,no_dockerfile,False,0,0,0,,,0,0,0,0,0,False,,False,,False,,False,,False,,False,,no Dockerfile and no fallback entry point found
https://github.com/glow250/Code2Vec,no_dockerfile,False,0,0,0,,,0,0,0,0,0,False,,False,,False,,False,,False,,False,,no Dockerfile and no fallback entry point found
https://github.com/joseprsm/rexify,no_entry,False,0,1,0,,,0,0,0,0,0,False,,False,,False,,False,,False,,False,,Dockerfile(s) found but no Python entry point could be resolved
https://github.com/waikato-datamining/tensorflow,no_entry,False,0,17,0,,,0,0,0,0,0,False,,False,,False,,False,,False,,False,,Dockerfile(s) found but no Python entry point could be resolved
https://github.com/samanemami/TFBoostedTree,no_dockerfile,False,0,0,0,,,0,0,0,0,0,False,,False,,False,,False,,False,,False,,no Dockerfile and no fallback entry point found
https://github.com/kpcoleman/SpaDecon,no_dockerfile,False,0,0,0,,,0,0,0,0,0,False,,False,,False,,False,,False,,False,,no Dockerfile and no fallback entry point found
https://github.com/haebzzzang/handson-ml2,no_entry,False,0,1,0,,,0,0,0,0,0,False,,False,,False,,False,,False,,False,,Dockerfile(s) found but no Python entry point could be resolved
https://github.com/ManosPra/ShortTermLoadForecasting-with-ANNs,no_dockerfile,False,0,0,0,,,0,0,0,0,0,False,,False,,False,,False,,False,,False,,no Dockerfile and no fallback entry point found
https://github.com/phuongngo2904/Senior_Project,no_dockerfile,False,0,0,0,,,0,0,0,0,0,False,,False,,False,,False,,False,,False,,no Dockerfile and no fallback entry point found
https://github.com/taylormcnally/keras-rl2,no_dockerfile,False,0,0,0,,,0,0,0,0,0,False,,False,,False,,False,,False,,False,,no Dockerfile and no fallback entry point found
https://github.com/darth-vader-lg/ODModelBuilderTF,no_dockerfile,False,0,0,0,,,0,0,0,0,0,False,,False,,False,,False,,False,,False,,no Dockerfile and no fallback entry point found
https://github.com/creatoryue/Streamlit-APP4,no_dockerfile,False,0,0,0,,,0,0,0,0,0,False,,False,,False,,False,,False,,False,,no Dockerfile and no fallback entry point found
https://github.com/pantor/griffig,no_entry,False,0,1,0,,,0,0,0,0,0,False,,False,,False,,False,,False,,False,,Dockerfile(s) found but no Python entry point could be resolved
https://github.com/leon318/ToiletProjectUni2021,no_dockerfile,False,0,0,0,,,0,0,0,0,0,False,,False,,False,,False,,False,,False,,no Dockerfile and no fallback entry point found
https://github.com/haruyasu/mask-rcnn-custom,no_dockerfile,False,0,0,0,,,0,0,0,0,0,False,,False,,False,,False,,False,,False,,no Dockerfile and no fallback entry point found
https://github.com/divyanshjoshi/Attention-U-Net-Newspaper-Text-Block-Segmentation,no_dockerfile,False,0,0,0,,,0,0,0,0,0,False,,False,,False,,False,,False,,False,,no Dockerfile and no fallback entry point found
https://github.com/faustomorales/vit-keras,no_dockerfile,False,0,0,0,,,0,0,0,0,0,False,,False,,False,,False,,False,,False,,no Dockerfile and no fallback entry point found
https://github.com/jacobh310/food_nlp,no_entry,False,0,1,0,,,0,0,0,0,0,False,,False,,False,,False,,False,,False,,Dockerfile(s) found but no Python entry point could be resolved
https://github.com/kutselabskii/tensorflow-js,no_dockerfile,False,0,0,0,,,0,0,0,0,0,False,,False,,False,,False,,False,,False,,no Dockerfile and no fallback entry point found
https://github.com/gulstein86/sktime-dl,no_entry,False,0,1,0,,,0,0,0,0,0,False,,False,,False,,False,,False,,False,,Dockerfile(s) found but no Python entry point could be resolved
https://github.com/singnet/semantic-segmentation,no_entry,False,0,1,0,,,0,0,0,0,0,False,,False,,False,,False,,False,,False,,Dockerfile(s) found but no Python entry point could be resolved
https://github.com/hebenon/oversight,no_entry,False,0,1,0,,,0,0,0,0,0,False,,False,,False,,False,,False,,False,,Dockerfile(s) found but no Python entry point could be resolved
https://github.com/rusiaaman/XLnet-gen,no_dockerfile,False,0,0,0,,,0,0,0,0,0,False,,False,,False,,False,,False,,False,,no Dockerfile and no fallback entry point found
https://github.com/SerdarHelli/Segmentation-of-Teeth-in-Panoramic-X-ray-Image-Using-U-Net,no_dockerfile,False,0,0,0,,,0,0,0,0,0,False,,False,,False,,False,,False,,False,,no Dockerfile and no fallback entry point found
https://github.com/dwightvj/PIC16B-Project,no_dockerfile,False,0,0,0,,,0,0,0,0,0,False,,False,,False,,False,,False,,False,,no Dockerfile and no fallback entry point found
https://github.com/01-vyom/End_2_End_Automatic_Speech_Recognition_For_Gujarati,no_dockerfile,False,0,0,0,,,0,0,0,0,0,False,,False,,False,,False,,False,,False,,no Dockerfile and no fallback entry point found
https://github.com/ShenHongbo98/AI-Trader,no_dockerfile,False,0,0,0,,,0,0,0,0,0,False,,False,,False,,False,,False,,False,,no Dockerfile and no fallback entry point found
https://github.com/abekek/Pre-trained-Deep-Learning-Models-For-Rapid-Analysis-Of-Piezoelectric-Hysteresis-Loops-SHO-Fitting,no_dockerfile,False,0,0,0,,,0,0,0,0,0,False,,False,,False,,False,,False,,False,,no Dockerfile and no fallback entry point found
https://github.com/yeyuel/bert-chinese,no_dockerfile,False,0,0,0,,,0,0,0,0,0,False,,False,,False,,False,,False,,False,,no Dockerfile and no fallback entry point found
https://github.com/RahulSundar/CS6910-DeepLearningFundamentals,no_dockerfile,False,0,0,0,,,0,0,0,0,0,False,,False,,False,,False,,False,,False,,no Dockerfile and no fallback entry point found
https://github.com/bitstudio/shuwa,no_dockerfile,False,0,0,0,,,0,0,0,0,0,False,,False,,False,,False,,False,,False,,no Dockerfile and no fallback entry point found
https://github.com/DivyaR12/Mask_detection,no_dockerfile,False,0,0,0,,,0,0,0,0,0,False,,False,,False,,False,,False,,False,,no Dockerfile and no fallback entry point found
https://github.com/deCourier/vizAI,no_dockerfile,False,0,0,0,,,0,0,0,0,0,False,,False,,False,,False,,False,,False,,no Dockerfile and no fallback entry point found
https://github.com/VITObelgium/E-shape,no_dockerfile,False,0,0,0,,,0,0,0,0,0,False,,False,,False,,False,,False,,False,,no Dockerfile and no fallback entry point found
https://github.com/tbaums/ml-sandbox,no_entry,False,0,3,0,,,0,0,0,0,0,False,,False,,False,,False,,False,,False,,Dockerfile(s) found but no Python entry point could be resolved
https://github.com/maelic13/beast,no_dockerfile,False,0,0,0,,,0,0,0,0,0,False,,False,,False,,False,,False,,False,,no Dockerfile and no fallback entry point found
https://github.com/duraes-antonio/tcc,no_dockerfile,False,0,0,0,,,0,0,0,0,0,False,,False,,False,,False,,False,,False,,no Dockerfile and no fallback entry point found
https://github.com/ashishthomaschempolil/Medical-Image-Captioning-on-Chest-X-rays,no_dockerfile,False,0,0,0,,,0,0,0,0,0,False,,False,,False,,False,,False,,False,,no Dockerfile and no fallback entry point found
https://github.com/google/gps_building_blocks,no_dockerfile,False,0,0,0,,,0,0,0,0,0,False,,False,,False,,False,,False,,False,,no Dockerfile and no fallback entry point found
https://github.com/shoeffner/ann3depth,no_dockerfile,False,0,0,0,,,0,0,0,0,0,False,,False,,False,,False,,False,,False,,no Dockerfile and no fallback entry point found
https://github.com/kpe/py-params,no_dockerfile,False,0,0,0,,,0,0,0,0,0,False,,False,,False,,False,,False,,False,,no Dockerfile and no fallback entry point found
https://github.com/ls-rishabh-malhotra/Lightspeed-Gamma,no_dockerfile,False,0,0,0,,,0,0,0,0,0,False,,False,,False,,False,,False,,False,,no Dockerfile and no fallback entry point found
https://github.com/zhaozz-lab/iPercept,no_dockerfile,False,0,0,0,,,0,0,0,0,0,False,,False,,False,,False,,False,,False,,no Dockerfile and no fallback entry point found
https://github.com/sacontreras/fids-capstone-asl-translation,no_dockerfile,False,0,0,0,,,0,0,0,0,0,False,,False,,False,,False,,False,,False,,no Dockerfile and no fallback entry point found
https://github.com/jacky10001/tf2-Faster_RCNN,no_dockerfile,False,0,0,0,,,0,0,0,0,0,False,,False,,False,,False,,False,,False,,no Dockerfile and no fallback entry point found
https://github.com/corbosiny/ComplexNetworksProject,no_dockerfile,False,0,0,0,,,0,0,0,0,0,False,,False,,False,,False,,False,,False,,no Dockerfile and no fallback entry point found
https://github.com/nilmtk/nilmtk-contrib,no_entry,False,0,1,0,,,0,0,0,0,0,False,,False,,False,,False,,False,,False,,Dockerfile(s) found but no Python entry point could be resolved
https://github.com/Lube-Project/ProgettoLube,no_dockerfile,False,0,0,0,,,0,0,0,0,0,False,,False,,False,,False,,False,,False,,no Dockerfile and no fallback entry point found
https://github.com/raj713335/INTELEGIX,no_dockerfile,False,0,0,0,,,0,0,0,0,0,False,,False,,False,,False,,False,,False,,no Dockerfile and no fallback entry point found
https://github.com/alxshine/eNNclave,no_entry,False,0,2,0,,,0,0,0,0,0,False,,False,,False,,False,,False,,False,,Dockerfile(s) found but no Python entry point could be resolved
https://github.com/dmorrill10/research2018,no_dockerfile,False,0,0,0,,,0,0,0,0,0,False,,False,,False,,False,,False,,False,,no Dockerfile and no fallback entry point found
https://github.com/MiroslavPolacek/TreeRingCracksCNN,no_dockerfile,False,0,0,0,,,0,0,0,0,0,False,,False,,False,,False,,False,,False,,no Dockerfile and no fallback entry point found
https://github.com/SimenHolmestad/TDT4290-Avalanche-prediction,no_dockerfile,False,0,0,0,,,0,0,0,0,0,False,,False,,False,,False,,False,,False,,no Dockerfile and no fallback entry point found
https://github.com/LudoHoff/TemporalSaliencyPrediction,no_dockerfile,False,0,0,0,,,0,0,0,0,0,False,,False,,False,,False,,False,,False,,no Dockerfile and no fallback entry point found
https://github.com/DAI-Lab/fibber,no_dockerfile,False,0,0,0,,,0,0,0,0,0,False,,False,,False,,False,,False,,False,,no Dockerfile and no fallback entry point found
https://github.com/brian50208lee/ML2017,no_dockerfile,False,0,0,0,,,0,0,0,0,0,False,,False,,False,,False,,False,,False,,no Dockerfile and no fallback entry point found
https://github.com/prinshul/tensorsensor,no_dockerfile,False,0,0,0,,,0,0,0,0,0,False,,False,,False,,False,,False,,False,,no Dockerfile and no fallback entry point found
https://github.com/aaronteoh/streetcred,no_dockerfile,False,0,0,0,,,0,0,0,0,0,False,,False,,False,,False,,False,,False,,no Dockerfile and no fallback entry point found
https://github.com/vgkortsas/NLP_projects,no_dockerfile,False,0,0,0,,,0,0,0,0,0,False,,False,,False,,False,,False,,False,,no Dockerfile and no fallback entry point found
https://github.com/CSE-Linguistics/POS_Tagger,no_dockerfile,False,0,0,0,,,0,0,0,0,0,False,,False,,False,,False,,False,,False,,no Dockerfile and no fallback entry point found
https://github.com/HeDanhenshuai/AiLearning_ApcheCN,no_dockerfile,False,0,0,0,,,0,0,0,0,0,False,,False,,False,,False,,False,,False,,no Dockerfile and no fallback entry point found
https://github.com/Adamantios/Style-Transfer,no_dockerfile,False,0,0,0,,,0,0,0,0,0,False,,False,,False,,False,,False,,False,,no Dockerfile and no fallback entry point found
https://github.com/Scylidose/ml-projects,no_dockerfile,False,0,0,0,,,0,0,0,0,0,False,,False,,False,,False,,False,,False,,no Dockerfile and no fallback entry point found
https://github.com/somasundaram1702/Unknown-face-recognition,no_dockerfile,False,0,0,0,,,0,0,0,0,0,False,,False,,False,,False,,False,,False,,no Dockerfile and no fallback entry point found
https://github.com/sonia-auv/proc_detection,no_entry,False,0,2,0,,,0,0,0,0,0,False,,False,,False,,False,,False,,False,,Dockerfile(s) found but no Python entry point could be resolved
https://github.com/Meerkats1999/BC71_SiliconAlchemist_RKGIT,no_dockerfile,False,0,0,0,,,0,0,0,0,0,False,,False,,False,,False,,False,,False,,no Dockerfile and no fallback entry point found
https://github.com/AdamF42/SafeLab,no_entry,False,0,4,0,,,0,0,0,0,0,False,,False,,False,,False,,False,,False,,Dockerfile(s) found but no Python entry point could be resolved
https://github.com/calico/AAC_scoring,no_dockerfile,False,0,0,0,,,0,0,0,0,0,False,,False,,False,,False,,False,,False,,no Dockerfile and no fallback entry point found
https://github.com/deepdfcolab/CopyDarkflow,no_dockerfile,False,0,0,0,,,0,0,0,0,0,False,,False,,False,,False,,False,,False,,no Dockerfile and no fallback entry point found
https://github.com/ferdirachardi/android,no_entry,False,0,1,0,,,0,0,0,0,0,False,,False,,False,,False,,False,,False,,Dockerfile(s) found but no Python entry point could be resolved
https://github.com/Telefonica/vision_valley_demo,no_entry,False,0,5,0,,,0,0,0,0,0,False,,False,,False,,False,,False,,False,,Dockerfile(s) found but no Python entry point could be resolved
https://github.com/simensov/ml4ca,no_dockerfile,False,0,0,0,,,0,0,0,0,0,False,,False,,False,,False,,False,,False,,no Dockerfile and no fallback entry point found
https://github.com/sukilsiva/Data_Science_PortFolio,no_entry,False,0,4,0,,,0,0,0,0,0,False,,False,,False,,False,,False,,False,,Dockerfile(s) found but no Python entry point could be resolved
https://github.com/krantirk/TensorflowTTS,no_dockerfile,False,0,0,0,,,0,0,0,0,0,False,,False,,False,,False,,False,,False,,no Dockerfile and no fallback entry point found
https://github.com/JiangShuiMian/tx20,no_entry,False,0,2,0,,,0,0,0,0,0,False,,False,,False,,False,,False,,False,,Dockerfile(s) found but no Python entry point could be resolved
https://github.com/juanluisrosaramos/keras_to_tf_to_tflite,no_dockerfile,False,0,0,0,,,0,0,0,0,0,False,,False,,False,,False,,False,,False,,no Dockerfile and no fallback entry point found
https://github.com/Tinky2013/RL,no_dockerfile,False,0,0,0,,,0,0,0,0,0,False,,False,,False,,False,,False,,False,,no Dockerfile and no fallback entry point found
https://github.com/federicobaiocco/reviews-model,no_entry,False,0,3,0,,,0,0,0,0,0,False,,False,,False,,False,,False,,False,,Dockerfile(s) found but no Python entry point could be resolved
https://github.com/luuleitner/deepMTJ,no_dockerfile,False,0,0,0,,,0,0,0,0,0,False,,False,,False,,False,,False,,False,,no Dockerfile and no fallback entry point found
https://github.com/unsw-cse-comp3900-9900/yaaaahoo-finance,no_dockerfile,False,0,0,0,,,0,0,0,0,0,False,,False,,False,,False,,False,,False,,no Dockerfile and no fallback entry point found
https://github.com/jackwish/shrub,no_dockerfile,False,0,0,0,,,0,0,0,0,0,False,,False,,False,,False,,False,,False,,no Dockerfile and no fallback entry point found
https://github.com/aatifjiwani/yelp-rating-predictor,no_dockerfile,False,0,0,0,,,0,0,0,0,0,False,,False,,False,,False,,False,,False,,no Dockerfile and no fallback entry point found
https://github.com/CoronaWhy/task-ts,no_dockerfile,False,0,0,0,,,0,0,0,0,0,False,,False,,False,,False,,False,,False,,no Dockerfile and no fallback entry point found
https://github.com/platers/meta-transfer-learning,no_dockerfile,False,0,0,0,,,0,0,0,0,0,False,,False,,False,,False,,False,,False,,no Dockerfile and no fallback entry point found
https://github.com/JanPalasek/ulozto-captcha-breaker,no_entry,False,0,1,0,,,0,0,0,0,0,False,,False,,False,,False,,False,,False,,Dockerfile(s) found but no Python entry point could be resolved
https://github.com/stillman98/Artificial-Intelligence-Projects,no_dockerfile,False,0,0,0,,,0,0,0,0,0,False,,False,,False,,False,,False,,False,,no Dockerfile and no fallback entry point found
https://github.com/tirthasheshpatel/Generative-Models,no_dockerfile,False,0,0,0,,,0,0,0,0,0,False,,False,,False,,False,,False,,False,,no Dockerfile and no fallback entry point found
https://github.com/Esmidth/CS_GAN_MOD,no_dockerfile,False,0,0,0,,,0,0,0,0,0,False,,False,,False,,False,,False,,False,,no Dockerfile and no fallback entry point found
https://github.com/shouvikcirca/PCB_Defect_Classification,no_dockerfile,False,0,0,0,,,0,0,0,0,0,False,,False,,False,,False,,False,,False,,no Dockerfile and no fallback entry point found
https://github.com/twofund/gan,no_dockerfile,False,0,0,0,,,0,0,0,0,0,False,,False,,False,,False,,False,,False,,no Dockerfile and no fallback entry point found
https://github.com/OverLordGoldDragon/dev_tg,no_dockerfile,False,0,0,0,,,0,0,0,0,0,False,,False,,False,,False,,False,,False,,no Dockerfile and no fallback entry point found
https://github.com/iacs-capstone-2020-adoptimize/final_project,no_dockerfile,False,0,0,0,,,0,0,0,0,0,False,,False,,False,,False,,False,,False,,no Dockerfile and no fallback entry point found
https://github.com/ComPWA/tensorwaves,no_dockerfile,False,0,0,0,,,0,0,0,0,0,False,,False,,False,,False,,False,,False,,no Dockerfile and no fallback entry point found
https://github.com/dizwe/snorrr_android,no_entry,False,0,1,0,,,0,0,0,0,0,False,,False,,False,,False,,False,,False,,Dockerfile(s) found but no Python entry point could be resolved
https://github.com/deepmind/dm-haiku,no_dockerfile,False,0,0,0,,,0,0,0,0,0,False,,False,,False,,False,,False,,False,,no Dockerfile and no fallback entry point found
https://github.com/stanford-futuredata/Willump,no_entry,False,0,1,0,,,0,0,0,0,0,False,,False,,False,,False,,False,,False,,Dockerfile(s) found but no Python entry point could be resolved
https://github.com/allogn/fair-taxi-cruising,no_dockerfile,False,0,0,0,,,0,0,0,0,0,False,,False,,False,,False,,False,,False,,no Dockerfile and no fallback entry point found
https://github.com/nalbert9/Deep_Reinforcement_Learning,no_dockerfile,False,0,0,0,,,0,0,0,0,0,False,,False,,False,,False,,False,,False,,no Dockerfile and no fallback entry point found
https://github.com/Jason-Oleana/speech-classification,no_dockerfile,False,0,0,0,,,0,0,0,0,0,False,,False,,False,,False,,False,,False,,no Dockerfile and no fallback entry point found
https://github.com/abalarin/austinbalarin.com,no_dockerfile,False,0,0,0,,,0,0,0,0,0,False,,False,,False,,False,,False,,False,,no Dockerfile and no fallback entry point found
https://github.com/na-nanana/mask,no_dockerfile,False,0,0,0,,,0,0,0,0,0,False,,False,,False,,False,,False,,False,,no Dockerfile and no fallback entry point found
https://github.com/Samsomyajit/s-atmech,no_dockerfile,False,0,0,0,,,0,0,0,0,0,False,,False,,False,,False,,False,,False,,no Dockerfile and no fallback entry point found
https://github.com/raghul-parthipan/handson_ml2_geron,no_entry,False,0,1,0,,,0,0,0,0,0,False,,False,,False,,False,,False,,False,,Dockerfile(s) found but no Python entry point could be resolved
https://github.com/mingram720/aidungeon2,no_dockerfile,False,0,0,0,,,0,0,0,0,0,False,,False,,False,,False,,False,,False,,no Dockerfile and no fallback entry point found
https://github.com/pagand/CMPT726,no_dockerfile,False,0,0,0,,,0,0,0,0,0,False,,False,,False,,False,,False,,False,,no Dockerfile and no fallback entry point found
https://github.com/euirim/fundraising-propensity,no_entry,False,0,1,0,,,0,0,0,0,0,False,,False,,False,,False,,False,,False,,Dockerfile(s) found but no Python entry point could be resolved
https://github.com/andrew-norris/asl-densenet,no_dockerfile,False,0,0,0,,,0,0,0,0,0,False,,False,,False,,False,,False,,False,,no Dockerfile and no fallback entry point found
https://github.com/ebwendol/iNNvestigateClone,no_dockerfile,False,0,0,0,,,0,0,0,0,0,False,,False,,False,,False,,False,,False,,no Dockerfile and no fallback entry point found
https://github.com/nlaanait/stemdl,no_dockerfile,False,0,0,0,,,0,0,0,0,0,False,,False,,False,,False,,False,,False,,no Dockerfile and no fallback entry point found
https://github.com/kpusheen/random-name-generator,no_dockerfile,False,0,0,0,,,0,0,0,0,0,False,,False,,False,,False,,False,,False,,no Dockerfile and no fallback entry point found
https://github.com/wwydmanski/RLinWiFi,no_dockerfile,False,0,0,0,,,0,0,0,0,0,False,,False,,False,,False,,False,,False,,no Dockerfile and no fallback entry point found
https://github.com/fmcarlucci/JigenDG,no_dockerfile,False,0,0,0,,,0,0,0,0,0,False,,False,,False,,False,,False,,False,,no Dockerfile and no fallback entry point found
https://github.com/modichirag/galmodel,no_dockerfile,False,0,0,0,,,0,0,0,0,0,False,,False,,False,,False,,False,,False,,no Dockerfile and no fallback entry point found
https://github.com/thanhlong1997/bert_quora,no_dockerfile,False,0,0,0,,,0,0,0,0,0,False,,False,,False,,False,,False,,False,,no Dockerfile and no fallback entry point found
https://github.com/ferreirafabio/learningdynamics,no_dockerfile,False,0,0,0,,,0,0,0,0,0,False,,False,,False,,False,,False,,False,,no Dockerfile and no fallback entry point found
https://github.com/duttsh/bert-as-service,no_entry,False,0,1,0,,,0,0,0,0,0,False,,False,,False,,False,,False,,False,,Dockerfile(s) found but no Python entry point could be resolved
https://github.com/Rosakte-is-Coding/TheAlgorithms,no_dockerfile,False,0,0,0,,,0,0,0,0,0,False,,False,,False,,False,,False,,False,,no Dockerfile and no fallback entry point found
https://github.com/Khuzd/PhishGan,no_dockerfile,False,0,0,0,,,0,0,0,0,0,False,,False,,False,,False,,False,,False,,no Dockerfile and no fallback entry point found
https://github.com/binhetech/bert-application,no_dockerfile,False,0,0,0,,,0,0,0,0,0,False,,False,,False,,False,,False,,False,,no Dockerfile and no fallback entry point found
https://github.com/choderalab/gimlet,no_dockerfile,False,0,0,0,,,0,0,0,0,0,False,,False,,False,,False,,False,,False,,no Dockerfile and no fallback entry point found
https://github.com/tandoan96bk/DeepLearning,no_dockerfile,False,0,0,0,,,0,0,0,0,0,False,,False,,False,,False,,False,,False,,no Dockerfile and no fallback entry point found
https://github.com/automl/BOAH,no_dockerfile,False,0,0,0,,,0,0,0,0,0,False,,False,,False,,False,,False,,False,,no Dockerfile and no fallback entry point found
https://github.com/Hellisotherpeople/CX_DB8,no_dockerfile,False,0,0,0,,,0,0,0,0,0,False,,False,,False,,False,,False,,False,,no Dockerfile and no fallback entry point found
https://github.com/solgaardlab/neurophox,no_dockerfile,False,0,0,0,,,0,0,0,0,0,False,,False,,False,,False,,False,,False,,no Dockerfile and no fallback entry point found
https://github.com/tiggerdine-uni/deep-learning,no_dockerfile,False,0,0,0,,,0,0,0,0,0,False,,False,,False,,False,,False,,False,,no Dockerfile and no fallback entry point found
https://github.com/DemisEom/SpecAugment,no_dockerfile,False,0,0,0,,,0,0,0,0,0,False,,False,,False,,False,,False,,False,,no Dockerfile and no fallback entry point found
https://github.com/slawiko/imalookalike,no_entry,False,0,2,0,,,0,0,0,0,0,False,,False,,False,,False,,False,,False,,Dockerfile(s) found but no Python entry point could be resolved
https://github.com/LoSealL/VideoSuperResolution,no_dockerfile,False,0,0,0,,,0,0,0,0,0,False,,False,,False,,False,,False,,False,,no Dockerfile and no fallback entry point found
https://github.com/postBG/deep-reinforcement-learning,no_dockerfile,False,0,0,0,,,0,0,0,0,0,False,,False,,False,,False,,False,,False,,no Dockerfile and no fallback entry point found
https://github.com/goldenbili/Bert_Test2,no_dockerfile,False,0,0,0,,,0,0,0,0,0,False,,False,,False,,False,,False,,False,,no Dockerfile and no fallback entry point found
https://github.com/yuanlii/Expedia-hotel-price-prediction,no_dockerfile,False,0,0,0,,,0,0,0,0,0,False,,False,,False,,False,,False,,False,,no Dockerfile and no fallback entry point found
https://github.com/lingofunk/lingofunk-classify-relevance,no_entry,False,0,1,0,,,0,0,0,0,0,False,,False,,False,,False,,False,,False,,Dockerfile(s) found but no Python entry point could be resolved
https://github.com/lingofunk/lingofunk-generate,no_entry,False,0,1,0,,,0,0,0,0,0,False,,False,,False,,False,,False,,False,,Dockerfile(s) found but no Python entry point could be resolved
https://github.com/bingcheng45/hnr-extension,no_entry,False,0,1,0,,,0,0,0,0,0,False,,False,,False,,False,,False,,False,,Dockerfile(s) found but no Python entry point could be resolved
https://github.com/bugra/putting-tensorflow-models-to-production,no_entry,False,0,4,0,,,0,0,0,0,0,False,,False,,False,,False,,False,,False,,Dockerfile(s) found but no Python entry point could be resolved
https://github.com/guoyaohua/BERT-Chinese-Annotation,no_dockerfile,False,0,0,0,,,0,0,0,0,0,False,,False,,False,,False,,False,,False,,no Dockerfile and no fallback entry point found
https://github.com/psc-g/Psc2,no_dockerfile,False,0,0,0,,,0,0,0,0,0,False,,False,,False,,False,,False,,False,,no Dockerfile and no fallback entry point found
https://github.com/Junoth/AirbusShipDetection,no_entry,False,0,1,0,,,0,0,0,0,0,False,,False,,False,,False,,False,,False,,Dockerfile(s) found but no Python entry point could be resolved
https://github.com/Ewen2015/GossipCat,no_dockerfile,False,0,0,0,,,0,0,0,0,0,False,,False,,False,,False,,False,,False,,no Dockerfile and no fallback entry point found
https://github.com/ashishkej/CarND-Capstone,no_entry,False,0,1,0,,,0,0,0,0,0,False,,False,,False,,False,,False,,False,,Dockerfile(s) found but no Python entry point could be resolved
https://github.com/amir-abdi/keras_to_tensorflow,no_dockerfile,False,0,0,0,,,0,0,0,0,0,False,,False,,False,,False,,False,,False,,no Dockerfile and no fallback entry point found
https://github.com/DecSander/big-sister,no_entry,False,0,1,0,,,0,0,0,0,0,False,,False,,False,,False,,False,,False,,Dockerfile(s) found but no Python entry point could be resolved
https://github.com/iliaskaras/Yelp-SNA,no_dockerfile,False,0,0,0,,,0,0,0,0,0,False,,False,,False,,False,,False,,False,,no Dockerfile and no fallback entry point found
https://github.com/tronxd/tds,no_dockerfile,False,0,0,0,,,0,0,0,0,0,False,,False,,False,,False,,False,,False,,no Dockerfile and no fallback entry point found
https://github.com/dieuthu/Pytorch-project,no_dockerfile,False,0,0,0,,,0,0,0,0,0,False,,False,,False,,False,,False,,False,,no Dockerfile and no fallback entry point found
https://github.com/norick1701/sample,no_entry,False,0,5,0,,,0,0,0,0,0,False,,False,,False,,False,,False,,False,,Dockerfile(s) found but no Python entry point could be resolved
https://github.com/wesselb/stheno,no_dockerfile,False,0,0,0,,,0,0,0,0,0,False,,False,,False,,False,,False,,False,,no Dockerfile and no fallback entry point found
https://github.com/NLP-FinalProject/RedditPoliticalSentiment,no_dockerfile,False,0,0,0,,,0,0,0,0,0,False,,False,,False,,False,,False,,False,,no Dockerfile and no fallback entry point found
https://github.com/gaoxinge/reinforcement-learning,no_dockerfile,False,0,0,0,,,0,0,0,0,0,False,,False,,False,,False,,False,,False,,no Dockerfile and no fallback entry point found
https://github.com/krunalpc/Self-Driving_Car_Engineer,no_entry,False,0,1,0,,,0,0,0,0,0,False,,False,,False,,False,,False,,False,,Dockerfile(s) found but no Python entry point could be resolved
https://github.com/thesmarthomeninja/Tensorflow_Census_Example,no_entry,False,0,1,0,,,0,0,0,0,0,False,,False,,False,,False,,False,,False,,Dockerfile(s) found but no Python entry point could be resolved
https://github.com/deepmipt/hcn-dialogue-manager,no_dockerfile,False,0,0,0,,,0,0,0,0,0,False,,False,,False,,False,,False,,False,,no Dockerfile and no fallback entry point found
https://github.com/BenderV/self_driving_car,no_dockerfile,False,0,0,0,,,0,0,0,0,0,False,,False,,False,,False,,False,,False,,no Dockerfile and no fallback entry point found
https://github.com/Riashat/meta-active-learning,no_dockerfile,False,0,0,0,,,0,0,0,0,0,False,,False,,False,,False,,False,,False,,no Dockerfile and no fallback entry point found
https://github.com/sidazhang/udacity-dlnd,no_dockerfile,False,0,0,0,,,0,0,0,0,0,False,,False,,False,,False,,False,,False,,no Dockerfile and no fallback entry point found
https://github.com/lampsonnguyen/tfCookbook,no_dockerfile,False,0,0,0,,,0,0,0,0,0,False,,False,,False,,False,,False,,False,,no Dockerfile and no fallback entry point found
https://github.com/jennyzeng/Minecraft-AI,no_dockerfile,False,0,0,0,,,0,0,0,0,0,False,,False,,False,,False,,False,,False,,no Dockerfile and no fallback entry point found
https://github.com/karthickal/CarND-Capstone,no_entry,False,0,1,0,,,0,0,0,0,0,False,,False,,False,,False,,False,,False,,Dockerfile(s) found but no Python entry point could be resolved
https://github.com/intelligence101/deep-learning,no_dockerfile,False,0,0,0,,,0,0,0,0,0,False,,False,,False,,False,,False,,False,,no Dockerfile and no fallback entry point found
https://github.com/EemeliSaari/PyAiminator,no_dockerfile,False,0,0,0,,,0,0,0,0,0,False,,False,,False,,False,,False,,False,,no Dockerfile and no fallback entry point found
https://github.com/jshin49/Kaggle-Cat-vs-Dog-Tensorflow-CNN,no_dockerfile,False,0,0,0,,,0,0,0,0,0,False,,False,,False,,False,,False,,False,,no Dockerfile and no fallback entry point found
https://github.com/yqshao/pinn-prehistoric,no_dockerfile,False,0,0,0,,,0,0,0,0,0,False,,False,,False,,False,,False,,False,,no Dockerfile and no fallback entry point found
https://github.com/yumaokao/tflite,no_entry,False,0,1,0,,,0,0,0,0,0,False,,False,,False,,False,,False,,False,,Dockerfile(s) found but no Python entry point could be resolved
https://github.com/zimoqingfeng/baselines-modified,no_dockerfile,False,0,0,0,,,0,0,0,0,0,False,,False,,False,,False,,False,,False,,no Dockerfile and no fallback entry point found
https://github.com/UDST/zone_model,no_dockerfile,False,0,0,0,,,0,0,0,0,0,False,,False,,False,,False,,False,,False,,no Dockerfile and no fallback entry point found
https://github.com/CellProfiler/CellProfiler,no_entry,False,0,1,0,,,0,0,0,0,0,False,,False,,False,,False,,False,,False,,Dockerfile(s) found but no Python entry point could be resolved
https://github.com/madrury/basis-expansions,no_dockerfile,False,0,0,0,,,0,0,0,0,0,False,,False,,False,,False,,False,,False,,no Dockerfile and no fallback entry point found
https://github.com/MrOlm/drep,no_dockerfile,False,0,0,0,,,0,0,0,0,0,False,,False,,False,,False,,False,,False,,no Dockerfile and no fallback entry point found
https://github.com/sirrice/scorpion,no_dockerfile,False,0,0,0,,,0,0,0,0,0,False,,False,,False,,False,,False,,False,,no Dockerfile and no fallback entry point found
https://github.com/jeffkinnison/shadho,no_dockerfile,False,0,0,0,,,0,0,0,0,0,False,,False,,False,,False,,False,,False,,no Dockerfile and no fallback entry point found
https://github.com/Seiji-Armstrong/seipy,no_dockerfile,False,0,0,0,,,0,0,0,0,0,False,,False,,False,,False,,False,,False,,no Dockerfile and no fallback entry point found
https://github.com/canismarko/xanespy,no_dockerfile,False,0,0,0,,,0,0,0,0,0,False,,False,,False,,False,,False,,False,,no Dockerfile and no fallback entry point found
https://github.com/masaponto/Python-ELM,no_dockerfile,False,0,0,0,,,0,0,0,0,0,False,,False,,False,,False,,False,,False,,no Dockerfile and no fallback entry point found
https://github.com/arogozhnikov/hep_ml,no_dockerfile,False,0,0,0,,,0,0,0,0,0,False,,False,,False,,False,,False,,False,,no Dockerfile and no fallback entry point found
https://github.com/jayakrishnan1994/Bone-Histomorhometry,no_dockerfile,False,0,0,0,,,0,0,0,0,0,False,,False,,False,,False,,False,,False,,no Dockerfile and no fallback entry point found
https://github.com/ECP-CANDLE/Candle,no_dockerfile,False,0,0,0,,,0,0,0,0,0,False,,False,,False,,False,,False,,False,,no Dockerfile and no fallback entry point found
https://github.com/zolpy/Hub-ia-senai-londrina-pr,no_entry,False,0,1,0,,,0,0,0,0,0,False,,False,,False,,False,,False,,False,,Dockerfile(s) found but no Python entry point could be resolved
https://github.com/jeff700/teste,no_entry,False,0,1,0,,,0,0,0,0,0,False,,False,,False,,False,,False,,False,,Dockerfile(s) found but no Python entry point could be resolved
https://github.com/Misbahhassan08/Gondola,no_dockerfile,False,0,0,0,,,0,0,0,0,0,False,,False,,False,,False,,False,,False,,no Dockerfile and no fallback entry point found
https://github.com/michael-yang2/ECS171-Facial-Recognition,no_dockerfile,False,0,0,0,,,0,0,0,0,0,False,,False,,False,,False,,False,,False,,no Dockerfile and no fallback entry point found
https://github.com/Jaseci-Labs/jaseci,no_entry,False,0,2,0,,,0,0,0,0,0,False,,False,,False,,False,,False,,False,,Dockerfile(s) found but no Python entry point could be resolved
https://github.com/Matbeac/fritz,no_entry,False,0,1,0,,,0,0,0,0,0,False,,False,,False,,False,,False,,False,,Dockerfile(s) found but no Python entry point could be resolved
https://github.com/jaeriver/TVM_Lambda_Container,no_entry,False,0,21,0,,,0,0,0,0,0,False,,False,,False,,False,,False,,False,,Dockerfile(s) found but no Python entry point could be resolved
https://github.com/armbuster/tf_object_detection,no_entry,False,0,4,0,,,0,0,0,0,0,False,,False,,False,,False,,False,,False,,Dockerfile(s) found but no Python entry point could be resolved
https://github.com/jaeriver/inference-experiments,no_dockerfile,False,0,0,0,,,0,0,0,0,0,False,,False,,False,,False,,False,,False,,no Dockerfile and no fallback entry point found
https://github.com/DamonHolland/RubiksRobot,no_dockerfile,False,0,0,0,,,0,0,0,0,0,False,,False,,False,,False,,False,,False,,no Dockerfile and no fallback entry point found
https://github.com/umd-fire-coml/2021-Image-Colorization,no_dockerfile,False,0,0,0,,,0,0,0,0,0,False,,False,,False,,False,,False,,False,,no Dockerfile and no fallback entry point found
https://github.com/BerkeleyLearnVerify/VerifAI,no_dockerfile,False,0,0,0,,,0,0,0,0,0,False,,False,,False,,False,,False,,False,,no Dockerfile and no fallback entry point found
https://github.com/MJPeppersdev/Python-scripts,no_dockerfile,False,0,0,0,,,0,0,0,0,0,False,,False,,False,,False,,False,,False,,no Dockerfile and no fallback entry point found
https://github.com/microsoft/kubemlops,no_entry,False,0,19,0,,,0,0,0,0,0,False,,False,,False,,False,,False,,False,,Dockerfile(s) found but no Python entry point could be resolved
https://github.com/AI-Rocket-Camp/ObjectDetection,no_entry,False,0,2,0,,,0,0,0,0,0,False,,False,,False,,False,,False,,False,,Dockerfile(s) found but no Python entry point could be resolved
https://github.com/SabrinaRichter/thermal_barrierlife_prediction,no_dockerfile,False,0,0,0,,,0,0,0,0,0,False,,False,,False,,False,,False,,False,,no Dockerfile and no fallback entry point found
https://github.com/openfoodfacts/off-nutrition-table-extractor,no_dockerfile,False,0,0,0,,,0,0,0,0,0,False,,False,,False,,False,,False,,False,,no Dockerfile and no fallback entry point found
https://github.com/tk2lab/logbesselk,no_dockerfile,False,0,0,0,,,0,0,0,0,0,False,,False,,False,,False,,False,,False,,no Dockerfile and no fallback entry point found
https://github.com/GuptaAman01/Projects,no_dockerfile,False,0,0,0,,,0,0,0,0,0,False,,False,,False,,False,,False,,False,,no Dockerfile and no fallback entry point found
https://github.com/Rohansjamadagni/topspin-tracker,no_dockerfile,False,0,0,0,,,0,0,0,0,0,False,,False,,False,,False,,False,,False,,no Dockerfile and no fallback entry point found
https://github.com/Anwarvic/CS224n--NLP-with-Deep-Learning,no_dockerfile,False,0,0,0,,,0,0,0,0,0,False,,False,,False,,False,,False,,False,,no Dockerfile and no fallback entry point found
https://github.com/IBM/PlasticNet,no_dockerfile,False,0,0,0,,,0,0,0,0,0,False,,False,,False,,False,,False,,False,,no Dockerfile and no fallback entry point found
https://github.com/TushitAgarwal/Face-Monitoring-System-for-Safety-Measures,no_dockerfile,False,0,0,0,,,0,0,0,0,0,False,,False,,False,,False,,False,,False,,no Dockerfile and no fallback entry point found
https://github.com/noviaarifah/tensorflow_hangeul,no_dockerfile,False,0,0,0,,,0,0,0,0,0,False,,False,,False,,False,,False,,False,,no Dockerfile and no fallback entry point found
https://github.com/coding101-hk/tensorflow_examples,no_entry,False,0,1,0,,,0,0,0,0,0,False,,False,,False,,False,,False,,False,,Dockerfile(s) found but no Python entry point could be resolved
https://github.com/JEONGUKIM/pyupbit,no_dockerfile,False,0,0,0,,,0,0,0,0,0,False,,False,,False,,False,,False,,False,,no Dockerfile and no fallback entry point found
https://github.com/robvanvolt/DALLE-datasets,no_dockerfile,False,0,0,0,,,0,0,0,0,0,False,,False,,False,,False,,False,,False,,no Dockerfile and no fallback entry point found
https://github.com/hpi-sam/RL_4_Feedback_Control,no_dockerfile,False,0,0,0,,,0,0,0,0,0,False,,False,,False,,False,,False,,False,,no Dockerfile and no fallback entry point found
https://github.com/VITA-Group/TransGAN,no_dockerfile,False,0,0,0,,,0,0,0,0,0,False,,False,,False,,False,,False,,False,,no Dockerfile and no fallback entry point found
https://github.com/TimofeevAlex/LastFM,no_dockerfile,False,0,0,0,,,0,0,0,0,0,False,,False,,False,,False,,False,,False,,no Dockerfile and no fallback entry point found
https://github.com/charlie6echo/VBDLDSCC,no_entry,False,0,1,0,,,0,0,0,0,0,False,,False,,False,,False,,False,,False,,Dockerfile(s) found but no Python entry point could be resolved
https://github.com/rejexx/Parkingspot_Vacancy,no_dockerfile,False,0,0,0,,,0,0,0,0,0,False,,False,,False,,False,,False,,False,,no Dockerfile and no fallback entry point found
https://github.com/Thomas-Herrmann/P8-image-forensics,no_dockerfile,False,0,0,0,,,0,0,0,0,0,False,,False,,False,,False,,False,,False,,no Dockerfile and no fallback entry point found
https://github.com/nekitmm/DLPacker,no_dockerfile,False,0,0,0,,,0,0,0,0,0,False,,False,,False,,False,,False,,False,,no Dockerfile and no fallback entry point found
https://github.com/alihakimtaskiran/mldlnl,no_dockerfile,False,0,0,0,,,0,0,0,0,0,False,,False,,False,,False,,False,,False,,no Dockerfile and no fallback entry point found
https://github.com/baban9/Capstone-560,no_dockerfile,False,0,0,0,,,0,0,0,0,0,False,,False,,False,,False,,False,,False,,no Dockerfile and no fallback entry point found
https://github.com/aletrujim/Jupyter-TheAlgorithms,no_entry,False,0,1,0,,,0,0,0,0,0,False,,False,,False,,False,,False,,False,,Dockerfile(s) found but no Python entry point could be resolved
https://github.com/nansencenter/satellite-data-pipeline,no_entry,False,0,1,0,,,0,0,0,0,0,False,,False,,False,,False,,False,,False,,Dockerfile(s) found but no Python entry point could be resolved
https://github.com/minhn520/Hands-on-machine-learning,no_entry,False,0,2,0,,,0,0,0,0,0,False,,False,,False,,False,,False,,False,,Dockerfile(s) found but no Python entry point could be resolved
https://github.com/LucaCappelletti94/plot_keras_history,no_dockerfile,False,0,0,0,,,0,0,0,0,0,False,,False,,False,,False,,False,,False,,no Dockerfile and no fallback entry point found
https://github.com/kaitong-li/Twitter-Bot,no_dockerfile,False,0,0,0,,,0,0,0,0,0,False,,False,,False,,False,,False,,False,,no Dockerfile and no fallback entry point found
https://github.com/Ascend/samples,no_entry,False,0,1,0,,,0,0,0,0,0,False,,False,,False,,False,,False,,False,,Dockerfile(s) found but no Python entry point could be resolved
https://github.com/thenry3/monet-moves,no_dockerfile,False,0,0,0,,,0,0,0,0,0,False,,False,,False,,False,,False,,False,,no Dockerfile and no fallback entry point found
https://github.com/ricardomilhazes/WeatherConditionForSports,no_dockerfile,False,0,0,0,,,0,0,0,0,0,False,,False,,False,,False,,False,,False,,no Dockerfile and no fallback entry point found
https://github.com/GoogleCloudPlatform/tensorflow-without-a-phd,no_dockerfile,False,0,0,0,,,0,0,0,0,0,False,,False,,False,,False,,False,,False,,no Dockerfile and no fallback entry point found
https://github.com/VALDOM-PROJET-TRANSVERSE-2020/Mullor-Cotte-project,no_entry,False,0,2,0,,,0,0,0,0,0,False,,False,,False,,False,,False,,False,,Dockerfile(s) found but no Python entry point could be resolved
https://github.com/AwardOfSky/TensorGP,no_dockerfile,False,0,0,0,,,0,0,0,0,0,False,,False,,False,,False,,False,,False,,no Dockerfile and no fallback entry point found
https://github.com/AlinMH/hyperpartisan-news,no_entry,False,0,1,0,,,0,0,0,0,0,False,,False,,False,,False,,False,,False,,Dockerfile(s) found but no Python entry point could be resolved
https://github.com/Al-Badri179/Ahmed,no_dockerfile,False,0,0,0,,,0,0,0,0,0,False,,False,,False,,False,,False,,False,,no Dockerfile and no fallback entry point found
https://github.com/maxpumperla/elephas,no_entry,False,0,1,0,,,0,0,0,0,0,False,,False,,False,,False,,False,,False,,Dockerfile(s) found but no Python entry point could be resolved
https://github.com/NicholasZXT/DataAnalysis,no_dockerfile,False,0,0,0,,,0,0,0,0,0,False,,False,,False,,False,,False,,False,,no Dockerfile and no fallback entry point found
https://github.com/yingkaisha/keras-unet-collection,no_dockerfile,False,0,0,0,,,0,0,0,0,0,False,,False,,False,,False,,False,,False,,no Dockerfile and no fallback entry point found
https://github.com/rejasupotaro/master-thesis,no_entry,False,0,1,0,,,0,0,0,0,0,False,,False,,False,,False,,False,,False,,Dockerfile(s) found but no Python entry point could be resolved
https://github.com/safakkbilici/Academic-Paper-Title-Recommendation,no_dockerfile,False,0,0,0,,,0,0,0,0,0,False,,False,,False,,False,,False,,False,,no Dockerfile and no fallback entry point found
https://github.com/mtracewicz/CellSegmentation,no_dockerfile,False,0,0,0,,,0,0,0,0,0,False,,False,,False,,False,,False,,False,,no Dockerfile and no fallback entry point found
https://github.com/chonyy/ML-auto-baseball-pitching-overlay,no_dockerfile,False,0,0,0,,,0,0,0,0,0,False,,False,,False,,False,,False,,False,,no Dockerfile and no fallback entry point found
https://github.com/Wizpip2000/TrainYourOwnYOLOproject,no_dockerfile,False,0,0,0,,,0,0,0,0,0,False,,False,,False,,False,,False,,False,,no Dockerfile and no fallback entry point found
https://github.com/ash-xyz/MachineLearning,no_dockerfile,False,0,0,0,,,0,0,0,0,0,False,,False,,False,,False,,False,,False,,no Dockerfile and no fallback entry point found
https://github.com/harvard-edge/QuaRL,no_entry,False,0,3,0,,,0,0,0,0,0,False,,False,,False,,False,,False,,False,,Dockerfile(s) found but no Python entry point could be resolved
https://github.com/cyrilvincent/3CE,no_dockerfile,False,0,0,0,,,0,0,0,0,0,False,,False,,False,,False,,False,,False,,no Dockerfile and no fallback entry point found
https://github.com/royJackman/SineCircleMappings,no_dockerfile,False,0,0,0,,,0,0,0,0,0,False,,False,,False,,False,,False,,False,,no Dockerfile and no fallback entry point found
https://github.com/Hauptman-Woodward/Marco_Polo,no_dockerfile,False,0,0,0,,,0,0,0,0,0,False,,False,,False,,False,,False,,False,,no Dockerfile and no fallback entry point found
https://github.com/drexelwireless/RadioML,no_dockerfile,False,0,0,0,,,0,0,0,0,0,False,,False,,False,,False,,False,,False,,no Dockerfile and no fallback entry point found
https://github.com/danny-moncada/Dashboards-Analyses-Reporting,no_dockerfile,False,0,0,0,,,0,0,0,0,0,False,,False,,False,,False,,False,,False,,no Dockerfile and no fallback entry point found
https://github.com/NabJa/single_cell_tracking,no_dockerfile,False,0,0,0,,,0,0,0,0,0,False,,False,,False,,False,,False,,False,,no Dockerfile and no fallback entry point found
https://github.com/belovm96/chord-detection,no_entry,False,0,1,0,,,0,0,0,0,0,False,,False,,False,,False,,False,,False,,Dockerfile(s) found but no Python entry point could be resolved
https://github.com/heyitsden/rl-ppo-agent,no_dockerfile,False,0,0,0,,,0,0,0,0,0,False,,False,,False,,False,,False,,False,,no Dockerfile and no fallback entry point found
https://github.com/RafaelCapre/workspace,no_dockerfile,False,0,0,0,,,0,0,0,0,0,False,,False,,False,,False,,False,,False,,no Dockerfile and no fallback entry point found
https://github.com/ULDataScience/covid-19-classification,no_dockerfile,False,0,0,0,,,0,0,0,0,0,False,,False,,False,,False,,False,,False,,no Dockerfile and no fallback entry point found
https://github.com/bknarf/CarND-Capstone,no_entry,False,0,1,0,,,0,0,0,0,0,False,,False,,False,,False,,False,,False,,Dockerfile(s) found but no Python entry point could be resolved
https://github.com/yukikitayama/reinforcement-learning,no_dockerfile,False,0,0,0,,,0,0,0,0,0,False,,False,,False,,False,,False,,False,,no Dockerfile and no fallback entry point found
https://github.com/franneck94/UdemyAI,no_dockerfile,False,0,0,0,,,0,0,0,0,0,False,,False,,False,,False,,False,,False,,no Dockerfile and no fallback entry point found
https://github.com/wwymak/image_art_action,no_dockerfile,False,0,0,0,,,0,0,0,0,0,False,,False,,False,,False,,False,,False,,no Dockerfile and no fallback entry point found
https://github.com/daniegr/EfficientPose,no_dockerfile,False,0,0,0,,,0,0,0,0,0,False,,False,,False,,False,,False,,False,,no Dockerfile and no fallback entry point found
https://github.com/berkeleydeeprlcourse/homework_fall2020,no_dockerfile,False,0,0,0,,,0,0,0,0,0,False,,False,,False,,False,,False,,False,,no Dockerfile and no fallback entry point found
https://github.com/tr8dr/tseries-patterns,no_dockerfile,False,0,0,0,,,0,0,0,0,0,False,,False,,False,,False,,False,,False,,no Dockerfile and no fallback entry point found
https://github.com/rushad7/control-toolbox,no_dockerfile,False,0,0,0,,,0,0,0,0,0,False,,False,,False,,False,,False,,False,,no Dockerfile and no fallback entry point found
https://github.com/appliedgeometry/NumericalPoissonGeometry,no_dockerfile,False,0,0,0,,,0,0,0,0,0,False,,False,,False,,False,,False,,False,,no Dockerfile and no fallback entry point found
https://github.com/aws/deep-learning-containers,no_entry,False,0,33,0,,,0,0,0,0,0,False,,False,,False,,False,,False,,False,,Dockerfile(s) found but no Python entry point could be resolved
https://github.com/wangjw14/Summary-notes,no_dockerfile,False,0,0,0,,,0,0,0,0,0,False,,False,,False,,False,,False,,False,,no Dockerfile and no fallback entry point found
https://github.com/Building-ML-Pipelines/building-machine-learning-pipelines,no_entry,False,0,2,0,,,0,0,0,0,0,False,,False,,False,,False,,False,,False,,Dockerfile(s) found but no Python entry point could be resolved
https://github.com/Palashio/libra,no_entry,False,0,2,0,,,0,0,0,0,0,False,,False,,False,,False,,False,,False,,Dockerfile(s) found but no Python entry point could be resolved
https://github.com/vinicius-pirees/phaino,no_entry,False,0,1,0,,,0,0,0,0,0,False,,False,,False,,False,,False,,False,,Dockerfile(s) found but no Python entry point could be resolved
https://github.com/klmcguir/cascade,no_dockerfile,False,0,0,0,,,0,0,0,0,0,False,,False,,False,,False,,False,,False,,no Dockerfile and no fallback entry point found
https://github.com/JackandRose7/Tensorflow_Testing1,no_entry,False,0,1,0,,,0,0,0,0,0,False,,False,,False,,False,,False,,False,,Dockerfile(s) found but no Python entry point could be resolved
https://github.com/callac/cnn_captcha,no_entry,False,0,1,0,,,0,0,0,0,0,False,,False,,False,,False,,False,,False,,Dockerfile(s) found but no Python entry point could be resolved
https://github.com/tristanh314/final-project-ddt,no_dockerfile,False,0,0,0,,,0,0,0,0,0,False,,False,,False,,False,,False,,False,,no Dockerfile and no fallback entry point found
https://github.com/ParkJH1/ML-Example,no_dockerfile,False,0,0,0,,,0,0,0,0,0,False,,False,,False,,False,,False,,False,,no Dockerfile and no fallback entry point found
https://github.com/duckonomy/cs344,no_dockerfile,False,0,0,0,,,0,0,0,0,0,False,,False,,False,,False,,False,,False,,no Dockerfile and no fallback entry point found
https://github.com/ianpottinger/Python3,no_dockerfile,False,0,0,0,,,0,0,0,0,0,False,,False,,False,,False,,False,,False,,no Dockerfile and no fallback entry point found
https://github.com/github-ydt/python,no_dockerfile,False,0,0,0,,,0,0,0,0,0,False,,False,,False,,False,,False,,False,,no Dockerfile and no fallback entry point found
https://github.com/santoshdata/ARMTemp,no_entry,False,0,8,0,,,0,0,0,0,0,False,,False,,False,,False,,False,,False,,Dockerfile(s) found but no Python entry point could be resolved
https://github.com/StonyBrookDB/DELINEATE,no_dockerfile,False,0,0,0,,,0,0,0,0,0,False,,False,,False,,False,,False,,False,,no Dockerfile and no fallback entry point found
https://github.com/Gerroll/T-DEV-810,no_dockerfile,False,0,0,0,,,0,0,0,0,0,False,,False,,False,,False,,False,,False,,no Dockerfile and no fallback entry point found
https://github.com/buffsci-borgs/NAO-Project-611,no_dockerfile,False,0,0,0,,,0,0,0,0,0,False,,False,,False,,False,,False,,False,,no Dockerfile and no fallback entry point found
https://github.com/BPYap/Question-Generation,no_dockerfile,False,0,0,0,,,0,0,0,0,0,False,,False,,False,,False,,False,,False,,no Dockerfile and no fallback entry point found
https://github.com/ClashLuke/iDAF,no_dockerfile,False,0,0,0,,,0,0,0,0,0,False,,False,,False,,False,,False,,False,,no Dockerfile and no fallback entry point found
https://github.com/Shr1ftyy/carla_nn,no_dockerfile,False,0,0,0,,,0,0,0,0,0,False,,False,,False,,False,,False,,False,,no Dockerfile and no fallback entry point found
https://github.com/metacreek/springboard,no_entry,False,0,1,0,,,0,0,0,0,0,False,,False,,False,,False,,False,,False,,Dockerfile(s) found but no Python entry point could be resolved
https://github.com/Rushil231100/Event-Precognition-From-videos,no_dockerfile,False,0,0,0,,,0,0,0,0,0,False,,False,,False,,False,,False,,False,,no Dockerfile and no fallback entry point found
https://github.com/meedan/textsimilarity,no_dockerfile,False,0,0,0,,,0,0,0,0,0,False,,False,,False,,False,,False,,False,,no Dockerfile and no fallback entry point found
https://github.com/factoryofthesun/TFT-API-Stats,no_dockerfile,False,0,0,0,,,0,0,0,0,0,False,,False,,False,,False,,False,,False,,no Dockerfile and no fallback entry point found
https://github.com/huawei-noah/trustworthyAI,no_entry,False,0,2,0,,,0,0,0,0,0,False,,False,,False,,False,,False,,False,,Dockerfile(s) found but no Python entry point could be resolved
https://github.com/0h-n0/toy_neural_network_generator,no_dockerfile,False,0,0,0,,,0,0,0,0,0,False,,False,,False,,False,,False,,False,,no Dockerfile and no fallback entry point found
https://github.com/BioroboticsLab/IBA,no_dockerfile,False,0,0,0,,,0,0,0,0,0,False,,False,,False,,False,,False,,False,,no Dockerfile and no fallback entry point found
https://github.com/N3PDF/vegasflow,no_dockerfile,False,0,0,0,,,0,0,0,0,0,False,,False,,False,,False,,False,,False,,no Dockerfile and no fallback entry point found
https://github.com/bogonina00/22j,no_dockerfile,False,0,0,0,,,0,0,0,0,0,False,,False,,False,,False,,False,,False,,no Dockerfile and no fallback entry point found
https://github.com/SilentFalls/tog,no_dockerfile,False,0,0,0,,,0,0,0,0,0,False,,False,,False,,False,,False,,False,,no Dockerfile and no fallback entry point found
https://github.com/Stardust2019/person_detection,no_dockerfile,False,0,0,0,,,0,0,0,0,0,False,,False,,False,,False,,False,,False,,no Dockerfile and no fallback entry point found
https://github.com/comptechaug/textaug,no_dockerfile,False,0,0,0,,,0,0,0,0,0,False,,False,,False,,False,,False,,False,,no Dockerfile and no fallback entry point found
https://github.com/Im-YouGin/AML,no_dockerfile,False,0,0,0,,,0,0,0,0,0,False,,False,,False,,False,,False,,False,,no Dockerfile and no fallback entry point found
https://github.com/pranaymanocha/PerceptualAudio,no_dockerfile,False,0,0,0,,,0,0,0,0,0,False,,False,,False,,False,,False,,False,,no Dockerfile and no fallback entry point found
https://github.com/sladesha/deep_learning,no_dockerfile,False,0,0,0,,,0,0,0,0,0,False,,False,,False,,False,,False,,False,,no Dockerfile and no fallback entry point found
https://github.com/Scienziatopazzo/DSLab-StackOverflow,no_dockerfile,False,0,0,0,,,0,0,0,0,0,False,,False,,False,,False,,False,,False,,no Dockerfile and no fallback entry point found
https://github.com/AlphaStan/alphacross,no_dockerfile,False,0,0,0,,,0,0,0,0,0,False,,False,,False,,False,,False,,False,,no Dockerfile and no fallback entry point found
https://github.com/j-hedtke/cs221-229,no_dockerfile,False,0,0,0,,,0,0,0,0,0,False,,False,,False,,False,,False,,False,,no Dockerfile and no fallback entry point found
https://github.com/Haomin-Yu/Smart-Bartender,no_entry,False,0,1,0,,,0,0,0,0,0,False,,False,,False,,False,,False,,False,,Dockerfile(s) found but no Python entry point could be resolved
https://github.com/rulixiang/CorrFusionNet,no_dockerfile,False,0,0,0,,,0,0,0,0,0,False,,False,,False,,False,,False,,False,,no Dockerfile and no fallback entry point found
https://github.com/instancestyletransfer/Instance-Style-Transfer,no_dockerfile,False,0,0,0,,,0,0,0,0,0,False,,False,,False,,False,,False,,False,,no Dockerfile and no fallback entry point found
https://github.com/gdoras/crema,no_dockerfile,False,0,0,0,,,0,0,0,0,0,False,,False,,False,,False,,False,,False,,no Dockerfile and no fallback entry point found
https://github.com/chungs86/Image-segmentation-tutorial,no_entry,False,0,1,0,,,0,0,0,0,0,False,,False,,False,,False,,False,,False,,Dockerfile(s) found but no Python entry point could be resolved
https://github.com/felar/robug,no_dockerfile,False,0,0,0,,,0,0,0,0,0,False,,False,,False,,False,,False,,False,,no Dockerfile and no fallback entry point found
https://github.com/xtinaushakova/ITMO_programming,no_dockerfile,False,0,0,0,,,0,0,0,0,0,False,,False,,False,,False,,False,,False,,no Dockerfile and no fallback entry point found
https://github.com/asdzxc55888/RealLive_project,no_dockerfile,False,0,0,0,,,0,0,0,0,0,False,,False,,False,,False,,False,,False,,no Dockerfile and no fallback entry point found
https://github.com/daviddexter/talos-mirror,no_dockerfile,False,0,0,0,,,0,0,0,0,0,False,,False,,False,,False,,False,,False,,no Dockerfile and no fallback entry point found
https://github.com/christianhidber/easyagents,no_dockerfile,False,0,0,0,,,0,0,0,0,0,False,,False,,False,,False,,False,,False,,no Dockerfile and no fallback entry point found
https://github.com/cmu-mars/model-learner,no_dockerfile,False,0,0,0,,,0,0,0,0,0,False,,False,,False,,False,,False,,False,,no Dockerfile and no fallback entry point found
https://github.com/1098994933/python,no_dockerfile,False,0,0,0,,,0,0,0,0,0,False,,False,,False,,False,,False,,False,,no Dockerfile and no fallback entry point found
https://github.com/zurutech/gans-from-theory-to-production,no_dockerfile,False,0,0,0,,,0,0,0,0,0,False,,False,,False,,False,,False,,False,,no Dockerfile and no fallback entry point found
https://github.com/ddbourgin/numpy-ml,no_dockerfile,False,0,0,0,,,0,0,0,0,0,False,,False,,False,,False,,False,,False,,no Dockerfile and no fallback entry point found
https://github.com/nilsec/micron,no_dockerfile,False,0,0,0,,,0,0,0,0,0,False,,False,,False,,False,,False,,False,,no Dockerfile and no fallback entry point found
https://github.com/tubackkhoa/opencv-tensorflow-all,no_entry,False,0,2,0,,,0,0,0,0,0,False,,False,,False,,False,,False,,False,,Dockerfile(s) found but no Python entry point could be resolved
https://github.com/ChesterHuynh/stanford-cs231n-2019,no_dockerfile,False,0,0,0,,,0,0,0,0,0,False,,False,,False,,False,,False,,False,,no Dockerfile and no fallback entry point found
https://github.com/ahmetozlu/vehicle_counting_tensorflow,no_entry,False,0,1,0,,,0,0,0,0,0,False,,False,,False,,False,,False,,False,,Dockerfile(s) found but no Python entry point could be resolved
https://github.com/pelanmar1/deepQLearning,no_dockerfile,False,0,0,0,,,0,0,0,0,0,False,,False,,False,,False,,False,,False,,no Dockerfile and no fallback entry point found
https://github.com/upcschool-ai/2019-spring-project,no_dockerfile,False,0,0,0,,,0,0,0,0,0,False,,False,,False,,False,,False,,False,,no Dockerfile and no fallback entry point found
https://github.com/gomerudo/nas-env,no_dockerfile,False,0,0,0,,,0,0,0,0,0,False,,False,,False,,False,,False,,False,,no Dockerfile and no fallback entry point found
https://github.com/wayalhruhi/gogle_bert,no_dockerfile,False,0,0,0,,,0,0,0,0,0,False,,False,,False,,False,,False,,False,,no Dockerfile and no fallback entry point found
https://github.com/cap-ntu/baconian-project,no_entry,False,0,1,0,,,0,0,0,0,0,False,,False,,False,,False,,False,,False,,Dockerfile(s) found but no Python entry point could be resolved
https://github.com/lisaplag/cv-youtube-search,no_dockerfile,False,0,0,0,,,0,0,0,0,0,False,,False,,False,,False,,False,,False,,no Dockerfile and no fallback entry point found
https://github.com/limsammy/weap-detect,no_dockerfile,False,0,0,0,,,0,0,0,0,0,False,,False,,False,,False,,False,,False,,no Dockerfile and no fallback entry point found
https://github.com/link-kut/deeplink_public,no_dockerfile,False,0,0,0,,,0,0,0,0,0,False,,False,,False,,False,,False,,False,,no Dockerfile and no fallback entry point found
https://github.com/mrzzy/Portfolio-I,no_dockerfile,False,0,0,0,,,0,0,0,0,0,False,,False,,False,,False,,False,,False,,no Dockerfile and no fallback entry point found
https://github.com/urmilshroff/solefinder,no_dockerfile,False,0,0,0,,,0,0,0,0,0,False,,False,,False,,False,,False,,False,,no Dockerfile and no fallback entry point found
https://github.com/sankhaMukherjee/RLalgos,no_dockerfile,False,0,0,0,,,0,0,0,0,0,False,,False,,False,,False,,False,,False,,no Dockerfile and no fallback entry point found
https://github.com/machineCYC/SideProjects,no_dockerfile,False,0,0,0,,,0,0,0,0,0,False,,False,,False,,False,,False,,False,,no Dockerfile and no fallback entry point found
https://github.com/calvinfeng/CS224n,no_dockerfile,False,0,0,0,,,0,0,0,0,0,False,,False,,False,,False,,False,,False,,no Dockerfile and no fallback entry point found
https://github.com/feranick/FoosballML,no_dockerfile,False,0,0,0,,,0,0,0,0,0,False,,False,,False,,False,,False,,False,,no Dockerfile and no fallback entry point found
https://github.com/jperl/rl-homework,no_dockerfile,False,0,0,0,,,0,0,0,0,0,False,,False,,False,,False,,False,,False,,no Dockerfile and no fallback entry point found
https://github.com/dumjax/mask_rcnn,no_dockerfile,False,0,0,0,,,0,0,0,0,0,False,,False,,False,,False,,False,,False,,no Dockerfile and no fallback entry point found
https://github.com/tomsherborne/shape2seq,no_dockerfile,False,0,0,0,,,0,0,0,0,0,False,,False,,False,,False,,False,,False,,no Dockerfile and no fallback entry point found
https://github.com/pawel-czyz/channel-capacity-estimator,no_dockerfile,False,0,0,0,,,0,0,0,0,0,False,,False,,False,,False,,False,,False,,no Dockerfile and no fallback entry point found
https://github.com/jgung/semantic-role-labeling,no_dockerfile,False,0,0,0,,,0,0,0,0,0,False,,False,,False,,False,,False,,False,,no Dockerfile and no fallback entry point found
https://github.com/simgeekiz/FashionChallenge,no_dockerfile,False,0,0,0,,,0,0,0,0,0,False,,False,,False,,False,,False,,False,,no Dockerfile and no fallback entry point found
https://github.com/alphafan/famous-cnn-models,no_dockerfile,False,0,0,0,,,0,0,0,0,0,False,,False,,False,,False,,False,,False,,no Dockerfile and no fallback entry point found
https://github.com/spMohanty/tortilla,no_dockerfile,False,0,0,0,,,0,0,0,0,0,False,,False,,False,,False,,False,,False,,no Dockerfile and no fallback entry point found
https://github.com/vuoristo/a3c-agent,no_dockerfile,False,0,0,0,,,0,0,0,0,0,False,,False,,False,,False,,False,,False,,no Dockerfile and no fallback entry point found
https://github.com/d2macster/self-driving-car-capstone,no_entry,False,0,1,0,,,0,0,0,0,0,False,,False,,False,,False,,False,,False,,Dockerfile(s) found but no Python entry point could be resolved
https://github.com/xuberance137/tensorflow,no_dockerfile,False,0,0,0,,,0,0,0,0,0,False,,False,,False,,False,,False,,False,,no Dockerfile and no fallback entry point found
https://github.com/siyaoxu/deep-learning,no_dockerfile,False,0,0,0,,,0,0,0,0,0,False,,False,,False,,False,,False,,False,,no Dockerfile and no fallback entry point found
https://github.com/liyaguang/DCRNN,no_dockerfile,False,0,0,0,,,0,0,0,0,0,False,,False,,False,,False,,False,,False,,no Dockerfile and no fallback entry point found
https://github.com/wuyx/reversi-alpha-zero,no_dockerfile,False,0,0,0,,,0,0,0,0,0,False,,False,,False,,False,,False,,False,,no Dockerfile and no fallback entry point found
https://github.com/wacimbel/captioning,no_dockerfile,False,0,0,0,,,0,0,0,0,0,False,,False,,False,,False,,False,,False,,no Dockerfile and no fallback entry point found
https://github.com/carlosb1/examples-ml-dl,no_dockerfile,False,0,0,0,,,0,0,0,0,0,False,,False,,False,,False,,False,,False,,no Dockerfile and no fallback entry point found
https://github.com/unnat5/Udacity_dl_nanodegree,no_dockerfile,False,0,0,0,,,0,0,0,0,0,False,,False,,False,,False,,False,,False,,no Dockerfile and no fallback entry point found
https://github.com/shuiruge/nn4post,no_dockerfile,False,0,0,0,,,0,0,0,0,0,False,,False,,False,,False,,False,,False,,no Dockerfile and no fallback entry point found
https://github.com/darksigma/Fundamentals-of-Deep-Learning-Book,no_dockerfile,False,0,0,0,,,0,0,0,0,0,False,,False,,False,,False,,False,,False,,no Dockerfile and no fallback entry point found
https://github.com/cBeaird/SemEval_Character-Identification-on-Multiparty-Dialogues,no_dockerfile,False,0,0,0,,,0,0,0,0,0,False,,False,,False,,False,,False,,False,,no Dockerfile and no fallback entry point found
https://github.com/fujii-team/Henbun,no_dockerfile,False,0,0,0,,,0,0,0,0,0,False,,False,,False,,False,,False,,False,,no Dockerfile and no fallback entry point found
https://github.com/ealitten/we-predicted-that,no_dockerfile,False,0,0,0,,,0,0,0,0,0,False,,False,,False,,False,,False,,False,,no Dockerfile and no fallback entry point found
https://github.com/sandialabs/BioCompoundML,no_dockerfile,False,0,0,0,,,0,0,0,0,0,False,,False,,False,,False,,False,,False,,no Dockerfile and no fallback entry point found
https://github.com/modusdatascience/sklearntools,no_dockerfile,False,0,0,0,,,0,0,0,0,0,False,,False,,False,,False,,False,,False,,no Dockerfile and no fallback entry point found
https://github.com/frodre/pyLIM,no_dockerfile,False,0,0,0,,,0,0,0,0,0,False,,False,,False,,False,,False,,False,,no Dockerfile and no fallback entry point found
https://github.com/vtphan/po,no_dockerfile,False,0,0,0,,,0,0,0,0,0,False,,False,,False,,False,,False,,False,,no Dockerfile and no fallback entry point found
https://github.com/abaelhe/eli5,no_dockerfile,False,0,0,0,,,0,0,0,0,0,False,,False,,False,,False,,False,,False,,no Dockerfile and no fallback entry point found
https://github.com/UBC-MDS/PyPunisher,no_dockerfile,False,0,0,0,,,0,0,0,0,0,False,,False,,False,,False,,False,,False,,no Dockerfile and no fallback entry point found
https://github.com/neurodata-nomads/pymeda,no_entry,False,0,1,0,,,0,0,0,0,0,False,,False,,False,,False,,False,,False,,Dockerfile(s) found but no Python entry point could be resolved
https://github.com/mne-tools/mne-features,no_dockerfile,False,0,0,0,,,0,0,0,0,0,False,,False,,False,,False,,False,,False,,no Dockerfile and no fallback entry point found
https://github.com/bmcfee/pumpp,no_dockerfile,False,0,0,0,,,0,0,0,0,0,False,,False,,False,,False,,False,,False,,no Dockerfile and no fallback entry point found
https://github.com/berkeley-stat222/mousestyles,no_dockerfile,False,0,0,0,,,0,0,0,0,0,False,,False,,False,,False,,False,,False,,no Dockerfile and no fallback entry point found
https://github.com/fenfenyangyangmate/Image-label-database-storage-and-query,no_dockerfile,False,0,0,0,,,0,0,0,0,0,False,,False,,False,,False,,False,,False,,no Dockerfile and no fallback entry point found
https://github.com/ShihabYasin/ImportantCodes,no_entry,False,0,3,0,,,0,0,0,0,0,False,,False,,False,,False,,False,,False,,Dockerfile(s) found but no Python entry point could be resolved
https://github.com/tatp22/multidim-positional-encoding,no_dockerfile,False,0,0,0,,,0,0,0,0,0,False,,False,,False,,False,,False,,False,,no Dockerfile and no fallback entry point found
https://github.com/LukasDeutz/ai-art,no_dockerfile,False,0,0,0,,,0,0,0,0,0,False,,False,,False,,False,,False,,False,,no Dockerfile and no fallback entry point found
https://github.com/NeelakandanAR/ML-tools,no_entry,False,0,2,0,,,0,0,0,0,0,False,,False,,False,,False,,False,,False,,Dockerfile(s) found but no Python entry point could be resolved
https://github.com/XanaduAI/MrMustard,no_dockerfile,False,0,0,0,,,0,0,0,0,0,False,,False,,False,,False,,False,,False,,no Dockerfile and no fallback entry point found
https://github.com/emykes/SkinCancerImageClassification,no_dockerfile,False,0,0,0,,,0,0,0,0,0,False,,False,,False,,False,,False,,False,,no Dockerfile and no fallback entry point found
https://github.com/jina-ai/jina-hub,no_entry,False,0,104,0,,,0,0,0,0,0,False,,False,,False,,False,,False,,False,,Dockerfile(s) found but no Python entry point could be resolved
https://github.com/mithra06/cartoonization,no_dockerfile,False,0,0,0,,,0,0,0,0,0,False,,False,,False,,False,,False,,False,,no Dockerfile and no fallback entry point found
https://github.com/tensorflow/tpu,no_entry,False,0,5,0,,,0,0,0,0,0,False,,False,,False,,False,,False,,False,,Dockerfile(s) found but no Python entry point could be resolved
https://github.com/rakesh0929/Tomato_Leaf,no_dockerfile,False,0,0,0,,,0,0,0,0,0,False,,False,,False,,False,,False,,False,,no Dockerfile and no fallback entry point found
https://github.com/Ahmad-Omar-Ahsan/Model-implementations,no_dockerfile,False,0,0,0,,,0,0,0,0,0,False,,False,,False,,False,,False,,False,,no Dockerfile and no fallback entry point found
https://github.com/cwstoughton/2021-AC215-Privacy-Policy-Report-Card,no_entry,False,0,3,0,,,0,0,0,0,0,False,,False,,False,,False,,False,,False,,Dockerfile(s) found but no Python entry point could be resolved
https://github.com/mgobbi289/DiploDatos,no_dockerfile,False,0,0,0,,,0,0,0,0,0,False,,False,,False,,False,,False,,False,,no Dockerfile and no fallback entry point found
https://github.com/OpheliaMiralles/wind-downscaling-gan,no_dockerfile,False,0,0,0,,,0,0,0,0,0,False,,False,,False,,False,,False,,False,,no Dockerfile and no fallback entry point found
https://github.com/artemstakheev/1,no_dockerfile,False,0,0,0,,,0,0,0,0,0,False,,False,,False,,False,,False,,False,,no Dockerfile and no fallback entry point found
https://github.com/tobias-kirschstein/alpha-one,no_dockerfile,False,0,0,0,,,0,0,0,0,0,False,,False,,False,,False,,False,,False,,no Dockerfile and no fallback entry point found
https://github.com/novaHardware/segmenLeaf,no_dockerfile,False,0,0,0,,,0,0,0,0,0,False,,False,,False,,False,,False,,False,,no Dockerfile and no fallback entry point found
https://github.com/basharnaji/RetinaOCTImageClassification,no_dockerfile,False,0,0,0,,,0,0,0,0,0,False,,False,,False,,False,,False,,False,,no Dockerfile and no fallback entry point found
https://github.com/hizbashidiq/yolov4-custom-functions,no_dockerfile,False,0,0,0,,,0,0,0,0,0,False,,False,,False,,False,,False,,False,,no Dockerfile and no fallback entry point found
https://github.com/BSski/HIVE,no_dockerfile,False,0,0,0,,,0,0,0,0,0,False,,False,,False,,False,,False,,False,,no Dockerfile and no fallback entry point found
https://github.com/leehosu01/optopt,no_dockerfile,False,0,0,0,,,0,0,0,0,0,False,,False,,False,,False,,False,,False,,no Dockerfile and no fallback entry point found
https://github.com/lixuekai2001/leekunhee_mask_rcnn,no_dockerfile,False,0,0,0,,,0,0,0,0,0,False,,False,,False,,False,,False,,False,,no Dockerfile and no fallback entry point found
https://github.com/biswa2210/MASK-DETECTION-WITH-COVID-NOTIFICATIONS,no_dockerfile,False,0,0,0,,,0,0,0,0,0,False,,False,,False,,False,,False,,False,,no Dockerfile and no fallback entry point found
https://github.com/nol-alb/SourceLocalizationHVSundar,no_dockerfile,False,0,0,0,,,0,0,0,0,0,False,,False,,False,,False,,False,,False,,no Dockerfile and no fallback entry point found
https://github.com/luiscberrocal/star_wars_analysis,no_dockerfile,False,0,0,0,,,0,0,0,0,0,False,,False,,False,,False,,False,,False,,no Dockerfile and no fallback entry point found
https://github.com/snigdhayan/NeuralNetworks,no_dockerfile,False,0,0,0,,,0,0,0,0,0,False,,False,,False,,False,,False,,False,,no Dockerfile and no fallback entry point found
https://github.com/palindungan/newSign,no_dockerfile,False,0,0,0,,,0,0,0,0,0,False,,False,,False,,False,,False,,False,,no Dockerfile and no fallback entry point found
https://github.com/ju-leon/NEATer,no_dockerfile,False,0,0,0,,,0,0,0,0,0,False,,False,,False,,False,,False,,False,,no Dockerfile and no fallback entry point found
https://github.com/ari-dasci/S-EvoPruneDeepTL,no_dockerfile,False,0,0,0,,,0,0,0,0,0,False,,False,,False,,False,,False,,False,,no Dockerfile and no fallback entry point found
https://github.com/Blue-Birman/Bangkit-Capstone-Project-B21-CAP0005,no_dockerfile,False,0,0,0,,,0,0,0,0,0,False,,False,,False,,False,,False,,False,,no Dockerfile and no fallback entry point found
https://github.com/chabirovri/Lab3_1,no_dockerfile,False,0,0,0,,,0,0,0,0,0,False,,False,,False,,False,,False,,False,,no Dockerfile and no fallback entry point found
https://github.com/Najeeb-Aqel/MLOperationSpecialization,no_dockerfile,False,0,0,0,,,0,0,0,0,0,False,,False,,False,,False,,False,,False,,no Dockerfile and no fallback entry point found
https://github.com/franciscojferrari/AUTOVC,no_dockerfile,False,0,0,0,,,0,0,0,0,0,False,,False,,False,,False,,False,,False,,no Dockerfile and no fallback entry point found
https://github.com/Suresh1158/capstone-project,no_entry,False,0,1,0,,,0,0,0,0,0,False,,False,,False,,False,,False,,False,,Dockerfile(s) found but no Python entry point could be resolved
https://github.com/dhivmanohar/CMPT720-419-Course-Project,no_dockerfile,False,0,0,0,,,0,0,0,0,0,False,,False,,False,,False,,False,,False,,no Dockerfile and no fallback entry point found
https://github.com/jchwenger/chatbot.bot,no_dockerfile,False,0,0,0,,,0,0,0,0,0,False,,False,,False,,False,,False,,False,,no Dockerfile and no fallback entry point found
https://github.com/CSCCNY/final-project-faultdetection-cnny,no_dockerfile,False,0,0,0,,,0,0,0,0,0,False,,False,,False,,False,,False,,False,,no Dockerfile and no fallback entry point found
https://github.com/chrisbombino/cs631-project,no_dockerfile,False,0,0,0,,,0,0,0,0,0,False,,False,,False,,False,,False,,False,,no Dockerfile and no fallback entry point found
https://github.com/as1000/neop,no_dockerfile,False,0,0,0,,,0,0,0,0,0,False,,False,,False,,False,,False,,False,,no Dockerfile and no fallback entry point found
https://github.com/invertedv/muti,no_dockerfile,False,0,0,0,,,0,0,0,0,0,False,,False,,False,,False,,False,,False,,no Dockerfile and no fallback entry point found
https://github.com/kanharabi/Mask_RCNN,no_dockerfile,False,0,0,0,,,0,0,0,0,0,False,,False,,False,,False,,False,,False,,no Dockerfile and no fallback entry point found
https://github.com/pedro-r-marques/checkers,no_entry,False,0,2,0,,,0,0,0,0,0,False,,False,,False,,False,,False,,False,,Dockerfile(s) found but no Python entry point could be resolved
https://github.com/TeamNameBE/G.R.O.O.T,no_entry,False,0,3,0,,,0,0,0,0,0,False,,False,,False,,False,,False,,False,,Dockerfile(s) found but no Python entry point could be resolved
https://github.com/frankkramer-lab/riadd.aucmedi,no_dockerfile,False,0,0,0,,,0,0,0,0,0,False,,False,,False,,False,,False,,False,,no Dockerfile and no fallback entry point found
https://github.com/GoogleCloudPlatform/analytics-componentized-patterns,no_entry,False,0,5,0,,,0,0,0,0,0,False,,False,,False,,False,,False,,False,,Dockerfile(s) found but no Python entry point could be resolved
https://github.com/AndrewSukhobok95/GANPPBO,no_dockerfile,False,0,0,0,,,0,0,0,0,0,False,,False,,False,,False,,False,,False,,no Dockerfile and no fallback entry point found
https://github.com/jhomon/reviewzip,no_dockerfile,False,0,0,0,,,0,0,0,0,0,False,,False,,False,,False,,False,,False,,no Dockerfile and no fallback entry point found
https://github.com/heytanay/nadl,no_dockerfile,False,0,0,0,,,0,0,0,0,0,False,,False,,False,,False,,False,,False,,no Dockerfile and no fallback entry point found
https://github.com/javiergarciamolina/selfie-background-removal,no_dockerfile,False,0,0,0,,,0,0,0,0,0,False,,False,,False,,False,,False,,False,,no Dockerfile and no fallback entry point found
https://github.com/Rainhunter13/choco_project,no_entry,False,0,1,0,,,0,0,0,0,0,False,,False,,False,,False,,False,,False,,Dockerfile(s) found but no Python entry point could be resolved
https://github.com/beingaryan/Sign-To-Speech-Conversion,no_dockerfile,False,0,0,0,,,0,0,0,0,0,False,,False,,False,,False,,False,,False,,no Dockerfile and no fallback entry point found
https://github.com/wilsonify/lyrics,no_entry,False,0,3,3,,dockerfile,0,0,0,0,0,False,,False,,False,,False,,False,,False,,no resolved entry point yielded a usable call graph
https://github.com/Occy88/bots,no_dockerfile,False,0,0,0,,,0,0,0,0,0,False,,False,,False,,False,,False,,False,,no Dockerfile and no fallback entry point found
https://github.com/ketnas/mask_rcnn,no_dockerfile,False,0,0,0,,,0,0,0,0,0,False,,False,,False,,False,,False,,False,,no Dockerfile and no fallback entry point found
https://github.com/janarez/Food201,no_dockerfile,False,0,0,0,,,0,0,0,0,0,False,,False,,False,,False,,False,,False,,no Dockerfile and no fallback entry point found
https://github.com/jpatts/BDD_Driving_Model_refactored,no_dockerfile,False,0,0,0,,,0,0,0,0,0,False,,False,,False,,False,,False,,False,,no Dockerfile and no fallback entry point found
https://github.com/mbhani/TensorFlow,no_entry,False,0,1,0,,,0,0,0,0,0,False,,False,,False,,False,,False,,False,,Dockerfile(s) found but no Python entry point could be resolved
https://github.com/gabrielxzc/evoman-game-playing-competition-WCCI-2020,no_dockerfile,False,0,0,0,,,0,0,0,0,0,False,,False,,False,,False,,False,,False,,no Dockerfile and no fallback entry point found
https://github.com/jessicaloohw/SLIT-Net,no_dockerfile,False,0,0,0,,,0,0,0,0,0,False,,False,,False,,False,,False,,False,,no Dockerfile and no fallback entry point found
https://github.com/Latitude-Archives/AIDungeon,no_dockerfile,False,0,0,0,,,0,0,0,0,0,False,,False,,False,,False,,False,,False,,no Dockerfile and no fallback entry point found
https://github.com/burnpiro/farm-animal-tracking,no_entry,False,0,1,0,,,0,0,0,0,0,False,,False,,False,,False,,False,,False,,Dockerfile(s) found but no Python entry point could be resolved
https://github.com/Rohith04MVK/Fashion-MNIST,no_dockerfile,False,0,0,0,,,0,0,0,0,0,False,,False,,False,,False,,False,,False,,no Dockerfile and no fallback entry point found
https://github.com/tensorflow/similarity,no_dockerfile,False,0,0,0,,,0,0,0,0,0,False,,False,,False,,False,,False,,False,,no Dockerfile and no fallback entry point found
https://github.com/nicofirst1/rl_werewolf,no_dockerfile,False,0,0,0,,,0,0,0,0,0,False,,False,,False,,False,,False,,False,,no Dockerfile and no fallback entry point found
https://github.com/alexyku/transcription-factors,no_dockerfile,False,0,0,0,,,0,0,0,0,0,False,,False,,False,,False,,False,,False,,no Dockerfile and no fallback entry point found
https://github.com/Biksbois/BiksTurePy,no_dockerfile,False,0,0,0,,,0,0,0,0,0,False,,False,,False,,False,,False,,False,,no Dockerfile and no fallback entry point found
https://github.com/AnnaVeller/detect-license-plates-python,no_dockerfile,False,0,0,0,,,0,0,0,0,0,False,,False,,False,,False,,False,,False,,no Dockerfile and no fallback entry point found
https://github.com/AkshaanB/FRESTY,no_dockerfile,False,0,0,0,,,0,0,0,0,0,False,,False,,False,,False,,False,,False,,no Dockerfile and no fallback entry point found
https://github.com/pferreira101/WeatherConditionsForSports,no_dockerfile,False,0,0,0,,,0,0,0,0,0,False,,False,,False,,False,,False,,False,,no Dockerfile and no fallback entry point found
https://github.com/diogofbraga/WeatherConditionsForSports,no_dockerfile,False,0,0,0,,,0,0,0,0,0,False,,False,,False,,False,,False,,False,,no Dockerfile and no fallback entry point found
https://github.com/sa-mw-dach/manuela-dev,no_entry,False,0,3,0,,,0,0,0,0,0,False,,False,,False,,False,,False,,False,,Dockerfile(s) found but no Python entry point could be resolved
https://github.com/snowdmonkey/fire,no_entry,False,0,3,2,,dockerfile,0,0,0,0,0,False,,False,,False,,False,,False,,False,,no resolved entry point yielded a usable call graph
https://github.com/mklpiening/iannwtf-pix2pix,no_dockerfile,False,0,0,0,,,0,0,0,0,0,False,,False,,False,,False,,False,,False,,no Dockerfile and no fallback entry point found
https://github.com/kenjirotorii/burger_war,no_dockerfile,False,0,0,0,,,0,0,0,0,0,False,,False,,False,,False,,False,,False,,no Dockerfile and no fallback entry point found
https://github.com/nengo/keras-spiking,no_dockerfile,False,0,0,0,,,0,0,0,0,0,False,,False,,False,,False,,False,,False,,no Dockerfile and no fallback entry point found
https://github.com/kpagacz/metronome,no_dockerfile,False,0,0,0,,,0,0,0,0,0,False,,False,,False,,False,,False,,False,,no Dockerfile and no fallback entry point found
https://github.com/devfeb88/handson-ml2,no_entry,False,0,1,0,,,0,0,0,0,0,False,,False,,False,,False,,False,,False,,Dockerfile(s) found but no Python entry point could be resolved
https://github.com/markvdw/RobustGP,no_dockerfile,False,0,0,0,,,0,0,0,0,0,False,,False,,False,,False,,False,,False,,no Dockerfile and no fallback entry point found
https://github.com/eliiza/machine-learning-training,no_dockerfile,False,0,0,0,,,0,0,0,0,0,False,,False,,False,,False,,False,,False,,no Dockerfile and no fallback entry point found
https://github.com/b0b0haha/SafeGo,no_dockerfile,False,0,0,0,,,0,0,0,0,0,False,,False,,False,,False,,False,,False,,no Dockerfile and no fallback entry point found
https://github.com/LinjianMa/AutoHOOT,no_dockerfile,False,0,0,0,,,0,0,0,0,0,False,,False,,False,,False,,False,,False,,no Dockerfile and no fallback entry point found
https://github.com/liang6261515/bank_card_detection,no_dockerfile,False,0,0,0,,,0,0,0,0,0,False,,False,,False,,False,,False,,False,,no Dockerfile and no fallback entry point found
https://github.com/donadelden/ActionsClassificationMobileApps,no_dockerfile,False,0,0,0,,,0,0,0,0,0,False,,False,,False,,False,,False,,False,,no Dockerfile and no fallback entry point found
https://github.com/HaoZhongkai/AS_Molecule,no_dockerfile,False,0,0,0,,,0,0,0,0,0,False,,False,,False,,False,,False,,False,,no Dockerfile and no fallback entry point found
https://github.com/cuber2460/bert,no_dockerfile,False,0,0,0,,,0,0,0,0,0,False,,False,,False,,False,,False,,False,,no Dockerfile and no fallback entry point found
https://github.com/smaje99/learning_emotions_with_emojis,no_dockerfile,False,0,0,0,,,0,0,0,0,0,False,,False,,False,,False,,False,,False,,no Dockerfile and no fallback entry point found
https://github.com/Khalifa-2020/maskrcnn,no_dockerfile,False,0,0,0,,,0,0,0,0,0,False,,False,,False,,False,,False,,False,,no Dockerfile and no fallback entry point found
https://github.com/guswns3396/WSDM,no_dockerfile,False,0,0,0,,,0,0,0,0,0,False,,False,,False,,False,,False,,False,,no Dockerfile and no fallback entry point found
https://github.com/jak010/MNU_CAPSTONE,no_dockerfile,False,0,0,0,,,0,0,0,0,0,False,,False,,False,,False,,False,,False,,no Dockerfile and no fallback entry point found
https://github.com/Sakshi1503/ChestXray,no_dockerfile,False,0,0,0,,,0,0,0,0,0,False,,False,,False,,False,,False,,False,,no Dockerfile and no fallback entry point found
https://github.com/enricozammitlon/GAN4DS,no_entry,False,0,2,0,,,0,0,0,0,0,False,,False,,False,,False,,False,,False,,Dockerfile(s) found but no Python entry point could be resolved
https://github.com/EmilMachine/ml_club,no_entry,False,0,1,0,,,0,0,0,0,0,False,,False,,False,,False,,False,,False,,Dockerfile(s) found but no Python entry point could be resolved
https://github.com/Callet91/DD2424-Deep-Learning-project,no_entry,False,0,2,0,,,0,0,0,0,0,False,,False,,False,,False,,False,,False,,Dockerfile(s) found but no Python entry point could be resolved
https://github.com/cyberhexe/rtsp-crawler-engine,no_entry,False,0,5,0,,,0,0,0,0,0,False,,False,,False,,False,,False,,False,,Dockerfile(s) found but no Python entry point could be resolved
https://github.com/bruAristimunha/Re-Deep-Convolution-Neural-Network-and-Autoencoders-Based-Unsupervised-Feature-Learning-of-EEG,no_dockerfile,False,0,0,0,,,0,0,0,0,0,False,,False,,False,,False,,False,,False,,no Dockerfile and no fallback entry point found
https://github.com/inderpartap/fact.err,no_dockerfile,False,0,0,0,,,0,0,0,0,0,False,,False,,False,,False,,False,,False,,no Dockerfile and no fallback entry point found
https://github.com/ngtrungson/trading,no_dockerfile,False,0,0,0,,,0,0,0,0,0,False,,False,,False,,False,,False,,False,,no Dockerfile and no fallback entry point found
https://github.com/Markfryazino/Distonx,no_entry,False,0,1,0,,,0,0,0,0,0,False,,False,,False,,False,,False,,False,,Dockerfile(s) found but no Python entry point could be resolved
https://github.com/CBIIT/nci-hitif,no_dockerfile,False,0,0,0,,,0,0,0,0,0,False,,False,,False,,False,,False,,False,,no Dockerfile and no fallback entry point found
https://github.com/Krishna-BR/HandsonML_Oreilly,no_entry,False,0,1,0,,,0,0,0,0,0,False,,False,,False,,False,,False,,False,,Dockerfile(s) found but no Python entry point could be resolved
https://github.com/ChuaCheowHuan/reinforcement_learning,no_dockerfile,False,0,0,0,,,0,0,0,0,0,False,,False,,False,,False,,False,,False,,no Dockerfile and no fallback entry point found
https://github.com/into-ai/kerasltisubmission,no_dockerfile,False,0,0,0,,,0,0,0,0,0,False,,False,,False,,False,,False,,False,,no Dockerfile and no fallback entry point found
https://github.com/RUB-Bioinf/OpenVibSpec,no_dockerfile,False,0,0,0,,,0,0,0,0,0,False,,False,,False,,False,,False,,False,,no Dockerfile and no fallback entry point found
https://github.com/EIHW/Speech_Separation_DC,no_dockerfile,False,0,0,0,,,0,0,0,0,0,False,,False,,False,,False,,False,,False,,no Dockerfile and no fallback entry point found
https://github.com/starstorms9/shape,no_dockerfile,False,0,0,0,,,0,0,0,0,0,False,,False,,False,,False,,False,,False,,no Dockerfile and no fallback entry point found
https://github.com/pepes97/DQNN,no_dockerfile,False,0,0,0,,,0,0,0,0,0,False,,False,,False,,False,,False,,False,,no Dockerfile and no fallback entry point found
https://github.com/rlnsanz/fictional-winner,no_entry,False,0,21,0,,,0,0,0,0,0,False,,False,,False,,False,,False,,False,,Dockerfile(s) found but no Python entry point could be resolved
https://github.com/RoBorregos/robocup-home,no_entry,False,0,8,0,,,0,0,0,0,0,False,,False,,False,,False,,False,,False,,Dockerfile(s) found but no Python entry point could be resolved
https://github.com/RodrigoMachado9/rest_api_docker_mongo_aws,no_entry,False,0,1,0,,,0,0,0,0,0,False,,False,,False,,False,,False,,False,,Dockerfile(s) found but no Python entry point could be resolved
https://github.com/ALapornik/HHC2019,no_dockerfile,False,0,0,0,,,0,0,0,0,0,False,,False,,False,,False,,False,,False,,no Dockerfile and no fallback entry point found
https://github.com/MahmudRana/bert-as-service,no_entry,False,0,1,0,,,0,0,0,0,0,False,,False,,False,,False,,False,,False,,Dockerfile(s) found but no Python entry point could be resolved
https://github.com/justincosentino/robust-sparse-networks,no_dockerfile,False,0,0,0,,,0,0,0,0,0,False,,False,,False,,False,,False,,False,,no Dockerfile and no fallback entry point found
https://github.com/Vialov/Pytorch_LSTM_Tutorial,no_dockerfile,False,0,0,0,,,0,0,0,0,0,False,,False,,False,,False,,False,,False,,no Dockerfile and no fallback entry point found
https://github.com/WuMenghao/DeepLearningDemo,no_dockerfile,False,0,0,0,,,0,0,0,0,0,False,,False,,False,,False,,False,,False,,no Dockerfile and no fallback entry point found
https://github.com/dawitde2/cloudml-samples,no_entry,False,0,5,0,,,0,0,0,0,0,False,,False,,False,,False,,False,,False,,Dockerfile(s) found but no Python entry point could be resolved
https://github.com/iampaavan/TheAlgorithmsPython,no_dockerfile,False,0,0,0,,,0,0,0,0,0,False,,False,,False,,False,,False,,False,,no Dockerfile and no fallback entry point found
https://github.com/jeongukjae/pytorch-bert,no_dockerfile,False,0,0,0,,,0,0,0,0,0,False,,False,,False,,False,,False,,False,,no Dockerfile and no fallback entry point found
https://github.com/Russell-Pollari/flask-heroku-example,no_dockerfile,False,0,0,0,,,0,0,0,0,0,False,,False,,False,,False,,False,,False,,no Dockerfile and no fallback entry point found
https://github.com/AIRLegend/ChessRL,no_dockerfile,False,0,0,0,,,0,0,0,0,0,False,,False,,False,,False,,False,,False,,no Dockerfile and no fallback entry point found
https://github.com/BU-NU-CLOUD-F19/Machine_Learning_on_Brain_MRI_data,no_entry,False,0,3,0,,,0,0,0,0,0,False,,False,,False,,False,,False,,False,,Dockerfile(s) found but no Python entry point could be resolved
https://github.com/ncsa/DigiPath_MLTK,no_dockerfile,False,0,0,0,,,0,0,0,0,0,False,,False,,False,,False,,False,,False,,no Dockerfile and no fallback entry point found
https://github.com/Fernandohf/Reinforcement-Learning,no_dockerfile,False,0,0,0,,,0,0,0,0,0,False,,False,,False,,False,,False,,False,,no Dockerfile and no fallback entry point found
https://github.com/flegac/deep-experiments,no_dockerfile,False,0,0,0,,,0,0,0,0,0,False,,False,,False,,False,,False,,False,,no Dockerfile and no fallback entry point found
https://github.com/elbixos/M2_Connectionnisme,no_dockerfile,False,0,0,0,,,0,0,0,0,0,False,,False,,False,,False,,False,,False,,no Dockerfile and no fallback entry point found
https://github.com/robinwang08/stroke,no_dockerfile,False,0,0,0,,,0,0,0,0,0,False,,False,,False,,False,,False,,False,,no Dockerfile and no fallback entry point found
https://github.com/gte815w/Mask_RCNN_Usage_With_Pics,no_dockerfile,False,0,0,0,,,0,0,0,0,0,False,,False,,False,,False,,False,,False,,no Dockerfile and no fallback entry point found
https://github.com/jlnerd/pyDSlib,no_dockerfile,False,0,0,0,,,0,0,0,0,0,False,,False,,False,,False,,False,,False,,no Dockerfile and no fallback entry point found
https://github.com/artemyk/nonlinearIB,no_dockerfile,False,0,0,0,,,0,0,0,0,0,False,,False,,False,,False,,False,,False,,no Dockerfile and no fallback entry point found
https://github.com/GoodBoy962/RZD-SelfDriving,no_dockerfile,False,0,0,0,,,0,0,0,0,0,False,,False,,False,,False,,False,,False,,no Dockerfile and no fallback entry point found
https://github.com/mbernico/ml-model-migrations,no_dockerfile,False,0,0,0,,,0,0,0,0,0,False,,False,,False,,False,,False,,False,,no Dockerfile and no fallback entry point found
https://github.com/domgoodwin/in-the-loop,no_entry,False,0,3,0,,,0,0,0,0,0,False,,False,,False,,False,,False,,False,,Dockerfile(s) found but no Python entry point could be resolved
https://github.com/hauser-group/mlpot,no_dockerfile,False,0,0,0,,,0,0,0,0,0,False,,False,,False,,False,,False,,False,,no Dockerfile and no fallback entry point found
https://github.com/dsr-18/long-live-the-battery,no_entry,False,0,1,0,,,0,0,0,0,0,False,,False,,False,,False,,False,,False,,Dockerfile(s) found but no Python entry point could be resolved
https://github.com/dhruv100691/cs466_project,no_dockerfile,False,0,0,0,,,0,0,0,0,0,False,,False,,False,,False,,False,,False,,no Dockerfile and no fallback entry point found
https://github.com/labs12-twitter-blocker/labs12-twitter-blocker-DS,no_entry,False,0,1,0,,,0,0,0,0,0,False,,False,,False,,False,,False,,False,,Dockerfile(s) found but no Python entry point could be resolved
https://github.com/hafizur-rahman/carla-brain,no_entry,False,0,1,0,,,0,0,0,0,0,False,,False,,False,,False,,False,,False,,Dockerfile(s) found but no Python entry point could be resolved
https://github.com/mjbaucas/UrbanSoundClassifier,no_dockerfile,False,0,0,0,,,0,0,0,0,0,False,,False,,False,,False,,False,,False,,no Dockerfile and no fallback entry point found
https://github.com/AdarshRajesh/MRCNN_cell,no_dockerfile,False,0,0,0,,,0,0,0,0,0,False,,False,,False,,False,,False,,False,,no Dockerfile and no fallback entry point found
https://github.com/amohamud23/SFHacks2019,no_dockerfile,False,0,0,0,,,0,0,0,0,0,False,,False,,False,,False,,False,,False,,no Dockerfile and no fallback entry point found
https://github.com/Amith1596/fcgqcnn,no_dockerfile,False,0,0,0,,,0,0,0,0,0,False,,False,,False,,False,,False,,False,,no Dockerfile and no fallback entry point found
https://github.com/callaunchpad/GrubGen,no_dockerfile,False,0,0,0,,,0,0,0,0,0,False,,False,,False,,False,,False,,False,,no Dockerfile and no fallback entry point found
https://github.com/ronanprendiville/smfquant,no_dockerfile,False,0,0,0,,,0,0,0,0,0,False,,False,,False,,False,,False,,False,,no Dockerfile and no fallback entry point found
https://github.com/cuperman007/custom-vision,no_entry,False,0,8,0,,,0,0,0,0,0,False,,False,,False,,False,,False,,False,,Dockerfile(s) found but no Python entry point could be resolved
https://github.com/zsweet/BERT_zsw,no_dockerfile,False,0,0,0,,,0,0,0,0,0,False,,False,,False,,False,,False,,False,,no Dockerfile and no fallback entry point found
https://github.com/petroolg/risk-aware-rl,no_dockerfile,False,0,0,0,,,0,0,0,0,0,False,,False,,False,,False,,False,,False,,no Dockerfile and no fallback entry point found
https://github.com/vishal-keshav/fast_prototype,no_dockerfile,False,0,0,0,,,0,0,0,0,0,False,,False,,False,,False,,False,,False,,no Dockerfile and no fallback entry point found
https://github.com/jopdorp/classical-polyphony-rnn,no_entry,False,0,1,0,,,0,0,0,0,0,False,,False,,False,,False,,False,,False,,Dockerfile(s) found but no Python entry point could be resolved
https://github.com/xu-song/bert-as-language-model,no_dockerfile,False,0,0,0,,,0,0,0,0,0,False,,False,,False,,False,,False,,False,,no Dockerfile and no fallback entry point found
https://github.com/MarcoMeter/Action-Space-Compositions-in-Deep-Reinforcement-Learning,no_dockerfile,False,0,0,0,,,0,0,0,0,0,False,,False,,False,,False,,False,,False,,no Dockerfile and no fallback entry point found
https://github.com/JuanCaBaqueroB/TF-Tutorials,no_dockerfile,False,0,0,0,,,0,0,0,0,0,False,,False,,False,,False,,False,,False,,no Dockerfile and no fallback entry point found
https://github.com/caticoa3/malaria_hero,no_entry,False,0,3,0,,,0,0,0,0,0,False,,False,,False,,False,,False,,False,,Dockerfile(s) found but no Python entry point could be resolved
https://github.com/Asteur/DL-Handwriting-inside,no_dockerfile,False,0,0,0,,,0,0,0,0,0,False,,False,,False,,False,,False,,False,,no Dockerfile and no fallback entry point found
https://github.com/ilyarudyak/cs230-deep-learning,no_dockerfile,False,0,0,0,,,0,0,0,0,0,False,,False,,False,,False,,False,,False,,no Dockerfile and no fallback entry point found
https://github.com/JulianNeuberger/MasterThesis,no_dockerfile,False,0,0,0,,,0,0,0,0,0,False,,False,,False,,False,,False,,False,,no Dockerfile and no fallback entry point found
https://github.com/himanshu8004/YOLO,no_dockerfile,False,0,0,0,,,0,0,0,0,0,False,,False,,False,,False,,False,,False,,no Dockerfile and no fallback entry point found
https://github.com/gojibjib/jibjib-model,no_entry,False,0,2,0,,,0,0,0,0,0,False,,False,,False,,False,,False,,False,,Dockerfile(s) found but no Python entry point could be resolved
https://github.com/CloudMile/recommendation_engine_course,no_dockerfile,False,0,0,0,,,0,0,0,0,0,False,,False,,False,,False,,False,,False,,no Dockerfile and no fallback entry point found
https://github.com/ElMehdiBouamama/MBTI-Tweetouilles,no_dockerfile,False,0,0,0,,,0,0,0,0,0,False,,False,,False,,False,,False,,False,,no Dockerfile and no fallback entry point found
https://github.com/changun/CollMetric,no_dockerfile,False,0,0,0,,,0,0,0,0,0,False,,False,,False,,False,,False,,False,,no Dockerfile and no fallback entry point found
https://github.com/suryasumukh/dlnd-deep-learning,no_dockerfile,False,0,0,0,,,0,0,0,0,0,False,,False,,False,,False,,False,,False,,no Dockerfile and no fallback entry point found
https://github.com/vabgat/visionrival,no_dockerfile,False,0,0,0,,,0,0,0,0,0,False,,False,,False,,False,,False,,False,,no Dockerfile and no fallback entry point found
https://github.com/gaumarjos/RoadPerceptionSemanticSegmentation,no_dockerfile,False,0,0,0,,,0,0,0,0,0,False,,False,,False,,False,,False,,False,,no Dockerfile and no fallback entry point found
https://github.com/YaodanZhang/cs20si,no_dockerfile,False,0,0,0,,,0,0,0,0,0,False,,False,,False,,False,,False,,False,,no Dockerfile and no fallback entry point found
https://github.com/hvillanua/deep-learning,no_dockerfile,False,0,0,0,,,0,0,0,0,0,False,,False,,False,,False,,False,,False,,no Dockerfile and no fallback entry point found
https://github.com/karamanolev/CarTracker,no_dockerfile,False,0,0,0,,,0,0,0,0,0,False,,False,,False,,False,,False,,False,,no Dockerfile and no fallback entry point found
https://github.com/Projet-DeepLearning-RICM5-2018/Back-End,no_dockerfile,False,0,0,0,,,0,0,0,0,0,False,,False,,False,,False,,False,,False,,no Dockerfile and no fallback entry point found
https://github.com/bogdan-marian/CarND-Capstone-Bogdan,no_entry,False,0,1,0,,,0,0,0,0,0,False,,False,,False,,False,,False,,False,,Dockerfile(s) found but no Python entry point could be resolved
https://github.com/gvanhorn38/inception,no_dockerfile,False,0,0,0,,,0,0,0,0,0,False,,False,,False,,False,,False,,False,,no Dockerfile and no fallback entry point found
https://github.com/cvnerds/Deep-Learning-Nanodegree,no_dockerfile,False,0,0,0,,,0,0,0,0,0,False,,False,,False,,False,,False,,False,,no Dockerfile and no fallback entry point found
https://github.com/shonore/GCP-CloudMachineLearning,no_dockerfile,False,0,0,0,,,0,0,0,0,0,False,,False,,False,,False,,False,,False,,no Dockerfile and no fallback entry point found
https://github.com/google-research/batch-ppo,no_dockerfile,False,0,0,0,,,0,0,0,0,0,False,,False,,False,,False,,False,,False,,no Dockerfile and no fallback entry point found
https://github.com/kanghua309/strategy,no_dockerfile,False,0,0,0,,,0,0,0,0,0,False,,False,,False,,False,,False,,False,,no Dockerfile and no fallback entry point found
https://github.com/openvax/pepdata,no_dockerfile,False,0,0,0,,,0,0,0,0,0,False,,False,,False,,False,,False,,False,,no Dockerfile and no fallback entry point found
https://github.com/42lacksky/ws2018_forum_analyzer,no_dockerfile,False,0,0,0,,,0,0,0,0,0,False,,False,,False,,False,,False,,False,,no Dockerfile and no fallback entry point found
https://github.com/tonyfast/surfs-up,no_dockerfile,False,0,0,0,,,0,0,0,0,0,False,,False,,False,,False,,False,,False,,no Dockerfile and no fallback entry point found
https://github.com/slipguru/adenine,no_dockerfile,False,0,0,0,,,0,0,0,0,0,False,,False,,False,,False,,False,,False,,no Dockerfile and no fallback entry point found
https://github.com/dipaco/balu-python,no_dockerfile,False,0,0,0,,,0,0,0,0,0,False,,False,,False,,False,,False,,False,,no Dockerfile and no fallback entry point found
https://github.com/dvro/scikit-protopy,no_dockerfile,False,0,0,0,,,0,0,0,0,0,False,,False,,False,,False,,False,,False,,no Dockerfile and no fallback entry point found
https://github.com/skorch-dev/skorch,no_entry,False,0,2,0,,,0,0,0,0,0,False,,False,,False,,False,,False,,False,,Dockerfile(s) found but no Python entry point could be resolved
https://github.com/Bboatman/proceduralMapGeneration,no_dockerfile,False,0,0,0,,,0,0,0,0,0,False,,False,,False,,False,,False,,False,,no Dockerfile and no fallback entry point found
https://github.com/littlezz/ESL-Model,no_dockerfile,False,0,0,0,,,0,0,0,0,0,False,,False,,False,,False,,False,,False,,no Dockerfile and no fallback entry point found
https://github.com/mpearmain/gestalt,no_dockerfile,False,0,0,0,,,0,0,0,0,0,False,,False,,False,,False,,False,,False,,no Dockerfile and no fallback entry point found
https://github.com/Charl-AI/Kaggle-Knowledge-Competitions,no_entry,False,0,1,0,,,0,0,0,0,0,False,,False,,False,,False,,False,,False,,Dockerfile(s) found but no Python entry point could be resolved
https://github.com/Muneebishere/residential-instance-segmentation,no_entry,False,0,1,0,,,0,0,0,0,0,False,,False,,False,,False,,False,,False,,Dockerfile(s) found but no Python entry point could be resolved
https://github.com/RomualdRousseau/Python,no_entry,False,0,2,0,,,0,0,0,0,0,False,,False,,False,,False,,False,,False,,Dockerfile(s) found but no Python entry point could be resolved
https://github.com/PhilipLGQ/CS433-Machine-Learning,no_dockerfile,False,0,0,0,,,0,0,0,0,0,False,,False,,False,,False,,False,,False,,no Dockerfile and no fallback entry point found
https://github.com/kamikaze/rtu-ai,no_dockerfile,False,0,0,0,,,0,0,0,0,0,False,,False,,False,,False,,False,,False,,no Dockerfile and no fallback entry point found
https://github.com/Gin-TrungSon/EllieHumanoid,no_entry,False,0,1,0,,,0,0,0,0,0,False,,False,,False,,False,,False,,False,,Dockerfile(s) found but no Python entry point could be resolved
https://github.com/rsgier/Hack4Good-GIZ_policy,no_dockerfile,False,0,0,0,,,0,0,0,0,0,False,,False,,False,,False,,False,,False,,no Dockerfile and no fallback entry point found
https://github.com/gabeorlanski/zero-shot-cross-task,no_entry,False,0,1,0,,,0,0,0,0,0,False,,False,,False,,False,,False,,False,,Dockerfile(s) found but no Python entry point could be resolved
https://github.com/kevinfang2/hydracraft,no_entry,False,0,1,0,,,0,0,0,0,0,False,,False,,False,,False,,False,,False,,Dockerfile(s) found but no Python entry point could be resolved
https://github.com/few-shot-learning/Keras-FewShotLearning,no_dockerfile,False,0,0,0,,,0,0,0,0,0,False,,False,,False,,False,,False,,False,,no Dockerfile and no fallback entry point found
https://github.com/Menchit-ai/fullstack,no_entry,False,0,4,0,,,0,0,0,0,0,False,,False,,False,,False,,False,,False,,Dockerfile(s) found but no Python entry point could be resolved
https://github.com/eartvit/xraylab-demo,no_entry,False,0,5,0,,,0,0,0,0,0,False,,False,,False,,False,,False,,False,,Dockerfile(s) found but no Python entry point could be resolved
https://github.com/pfrwilson/viewmaker_reproduction,no_dockerfile,False,0,0,0,,,0,0,0,0,0,False,,False,,False,,False,,False,,False,,no Dockerfile and no fallback entry point found
https://github.com/chenlin0102/Differentially-private-GDO,no_dockerfile,False,0,0,0,,,0,0,0,0,0,False,,False,,False,,False,,False,,False,,no Dockerfile and no fallback entry point found
https://github.com/NB094/Easy-GANs,no_dockerfile,False,0,0,0,,,0,0,0,0,0,False,,False,,False,,False,,False,,False,,no Dockerfile and no fallback entry point found
https://github.com/hurryingauto3/WWF-Bird-Recognition-Project,no_dockerfile,False,0,0,0,,,0,0,0,0,0,False,,False,,False,,False,,False,,False,,no Dockerfile and no fallback entry point found
https://github.com/rbrecheisen/webapp-template,no_entry,False,0,2,0,,,0,0,0,0,0,False,,False,,False,,False,,False,,False,,Dockerfile(s) found but no Python entry point could be resolved
https://github.com/tandi-c/3820ICT_P2-Work-Integrated-Learning-Part-2,no_entry,False,0,1,0,,,0,0,0,0,0,False,,False,,False,,False,,False,,False,,Dockerfile(s) found but no Python entry point could be resolved
https://github.com/bioinformatics-ua/polus,no_entry,False,0,1,0,,,0,0,0,0,0,False,,False,,False,,False,,False,,False,,Dockerfile(s) found but no Python entry point could be resolved
https://github.com/MinSong2/yonlu,no_dockerfile,False,0,0,0,,,0,0,0,0,0,False,,False,,False,,False,,False,,False,,no Dockerfile and no fallback entry point found
https://github.com/egrillot/Compression-using-AI,no_dockerfile,False,0,0,0,,,0,0,0,0,0,False,,False,,False,,False,,False,,False,,no Dockerfile and no fallback entry point found
https://github.com/FIRST-Tech-Challenge/fmltc,no_entry,False,0,1,0,,,0,0,0,0,0,False,,False,,False,,False,,False,,False,,Dockerfile(s) found but no Python entry point could be resolved
https://github.com/chemron/Sun_GAN,no_dockerfile,False,0,0,0,,,0,0,0,0,0,False,,False,,False,,False,,False,,False,,no Dockerfile and no fallback entry point found
https://github.com/jilek/DataBootcampFinalProject,no_dockerfile,False,0,0,0,,,0,0,0,0,0,False,,False,,False,,False,,False,,False,,no Dockerfile and no fallback entry point found
https://github.com/crhea93/LUCI,no_dockerfile,False,0,0,0,,,0,0,0,0,0,False,,False,,False,,False,,False,,False,,no Dockerfile and no fallback entry point found
https://github.com/joshnn/bert_tf20,no_dockerfile,False,0,0,0,,,0,0,0,0,0,False,,False,,False,,False,,False,,False,,no Dockerfile and no fallback entry point found
https://github.com/everwitt7/PitcherPolicy,no_dockerfile,False,0,0,0,,,0,0,0,0,0,False,,False,,False,,False,,False,,False,,no Dockerfile and no fallback entry point found
https://github.com/huggingface/huggingface_hub,no_dockerfile,False,0,0,0,,,0,0,0,0,0,False,,False,,False,,False,,False,,False,,no Dockerfile and no fallback entry point found
https://github.com/devnjw/ShoeSearch,no_dockerfile,False,0,0,0,,,0,0,0,0,0,False,,False,,False,,False,,False,,False,,no Dockerfile and no fallback entry point found
https://github.com/BB8-2020/FARM-deforestation,no_entry,False,0,1,0,,,0,0,0,0,0,False,,False,,False,,False,,False,,False,,Dockerfile(s) found but no Python entry point could be resolved
https://github.com/IzSergio/Osas,no_dockerfile,False,0,0,0,,,0,0,0,0,0,False,,False,,False,,False,,False,,False,,no Dockerfile and no fallback entry point found
https://github.com/Jg-Nascimento/chatabot_flask,no_dockerfile,False,0,0,0,,,0,0,0,0,0,False,,False,,False,,False,,False,,False,,no Dockerfile and no fallback entry point found
https://github.com/Ikrini/Netcracker-DevOps-school-2021,no_entry,False,0,2,0,,,0,0,0,0,0,False,,False,,False,,False,,False,,False,,Dockerfile(s) found but no Python entry point could be resolved
https://github.com/arunpune/PDF-Extractor-NER-BERT,no_entry,False,0,1,0,,,0,0,0,0,0,False,,False,,False,,False,,False,,False,,Dockerfile(s) found but no Python entry point could be resolved
https://github.com/AuroraPurgatio/AIDungeon,no_dockerfile,False,0,0,0,,,0,0,0,0,0,False,,False,,False,,False,,False,,False,,no Dockerfile and no fallback entry point found
https://github.com/ImagingYeditepe/Segmentation-of-Teeth-in-Panoramic-X-ray-Image,no_dockerfile,False,0,0,0,,,0,0,0,0,0,False,,False,,False,,False,,False,,False,,no Dockerfile and no fallback entry point found
https://github.com/jakobGTO/DD2434-VAE-Project,no_dockerfile,False,0,0,0,,,0,0,0,0,0,False,,False,,False,,False,,False,,False,,no Dockerfile and no fallback entry point found
https://github.com/Johni-ge/water_meter,no_dockerfile,False,0,0,0,,,0,0,0,0,0,False,,False,,False,,False,,False,,False,,no Dockerfile and no fallback entry point found
https://github.com/sverress/master-thesis,no_dockerfile,False,0,0,0,,,0,0,0,0,0,False,,False,,False,,False,,False,,False,,no Dockerfile and no fallback entry point found
https://github.com/rtmy/tensorflow_contrib,no_entry,False,0,1,0,,,0,0,0,0,0,False,,False,,False,,False,,False,,False,,Dockerfile(s) found but no Python entry point could be resolved
https://github.com/Rishabbh-Sahu/intent_and_slot_classification,no_dockerfile,False,0,0,0,,,0,0,0,0,0,False,,False,,False,,False,,False,,False,,no Dockerfile and no fallback entry point found
https://github.com/dnguyenngoc/web-scan,no_dockerfile,False,0,0,0,,,0,0,0,0,0,False,,False,,False,,False,,False,,False,,no Dockerfile and no fallback entry point found
https://github.com/arunpandian7/skywatch-ai,no_entry,False,0,1,0,,,0,0,0,0,0,False,,False,,False,,False,,False,,False,,Dockerfile(s) found but no Python entry point could be resolved
https://github.com/llfice/ml-design-patterns,no_entry,False,0,1,0,,,0,0,0,0,0,False,,False,,False,,False,,False,,False,,Dockerfile(s) found but no Python entry point could be resolved
https://github.com/Gci04/GANs_for_Network_Intrusion_Data,no_dockerfile,False,0,0,0,,,0,0,0,0,0,False,,False,,False,,False,,False,,False,,no Dockerfile and no fallback entry point found
https://github.com/chenxf293/ml,no_entry,False,0,1,0,,,0,0,0,0,0,False,,False,,False,,False,,False,,False,,Dockerfile(s) found but no Python entry point could be resolved
https://github.com/magiclydev/rain01,no_dockerfile,False,0,0,0,,,0,0,0,0,0,False,,False,,False,,False,,False,,False,,no Dockerfile and no fallback entry point found
https://github.com/bcebere/ite-api,no_dockerfile,False,0,0,0,,,0,0,0,0,0,False,,False,,False,,False,,False,,False,,no Dockerfile and no fallback entry point found
https://github.com/cgMuro/youtube-emotions,no_entry,False,0,3,0,,,0,0,0,0,0,False,,False,,False,,False,,False,,False,,Dockerfile(s) found but no Python entry point could be resolved
https://github.com/sharathm451/handson-ml2.,no_entry,False,0,1,0,,,0,0,0,0,0,False,,False,,False,,False,,False,,False,,Dockerfile(s) found but no Python entry point could be resolved
https://github.com/vb690/what_do_books_look_like,no_dockerfile,False,0,0,0,,,0,0,0,0,0,False,,False,,False,,False,,False,,False,,no Dockerfile and no fallback entry point found
https://github.com/CipiOrhei/eecvf,no_dockerfile,False,0,0,0,,,0,0,0,0,0,False,,False,,False,,False,,False,,False,,no Dockerfile and no fallback entry point found
https://github.com/CCTV-Compression/CCTV-Compression_yolov4_deepsort,no_dockerfile,False,0,0,0,,,0,0,0,0,0,False,,False,,False,,False,,False,,False,,no Dockerfile and no fallback entry point found
https://github.com/NachbarStrom/python-nachbarstrom-dl-segmentation,no_dockerfile,False,0,0,0,,,0,0,0,0,0,False,,False,,False,,False,,False,,False,,no Dockerfile and no fallback entry point found
https://github.com/stanford-oval/genie-parser,no_dockerfile,False,0,0,0,,,0,0,0,0,0,False,,False,,False,,False,,False,,False,,no Dockerfile and no fallback entry point found
https://github.com/HuakunShen/Super-Resolution,no_dockerfile,False,0,0,0,,,0,0,0,0,0,False,,False,,False,,False,,False,,False,,no Dockerfile and no fallback entry point found
https://github.com/AlexG31/EdreamProject,no_dockerfile,False,0,0,0,,,0,0,0,0,0,False,,False,,False,,False,,False,,False,,no Dockerfile and no fallback entry point found
https://github.com/flyhero99/CLUE,no_dockerfile,False,0,0,0,,,0,0,0,0,0,False,,False,,False,,False,,False,,False,,no Dockerfile and no fallback entry point found
https://github.com/freshiefrey/grits,no_dockerfile,False,0,0,0,,,0,0,0,0,0,False,,False,,False,,False,,False,,False,,no Dockerfile and no fallback entry point found
https://github.com/Gituser143/Maskit,no_entry,False,0,1,0,,,0,0,0,0,0,False,,False,,False,,False,,False,,False,,Dockerfile(s) found but no Python entry point could be resolved
https://github.com/beril76/Visual-Chatbot,no_dockerfile,False,0,0,0,,,0,0,0,0,0,False,,False,,False,,False,,False,,False,,no Dockerfile and no fallback entry point found
https://github.com/hpssjellis/my-examples-for-quantum-computing,no_entry,False,0,1,0,,,0,0,0,0,0,False,,False,,False,,False,,False,,False,,Dockerfile(s) found but no Python entry point could be resolved
https://github.com/IbraHam-7198/A-simple-Face-Mask-Detector-by-Ibrahim-Hameem-2020-,no_dockerfile,False,0,0,0,,,0,0,0,0,0,False,,False,,False,,False,,False,,False,,no Dockerfile and no fallback entry point found
https://github.com/Lagom92/DreamAi,no_dockerfile,False,0,0,0,,,0,0,0,0,0,False,,False,,False,,False,,False,,False,,no Dockerfile and no fallback entry point found
https://github.com/chart21/Verification-of-Outsourced-Object-Detection,no_dockerfile,False,0,0,0,,,0,0,0,0,0,False,,False,,False,,False,,False,,False,,no Dockerfile and no fallback entry point found
https://github.com/ryansteed/ieat,no_dockerfile,False,0,0,0,,,0,0,0,0,0,False,,False,,False,,False,,False,,False,,no Dockerfile and no fallback entry point found
https://github.com/ShawonAshraf/Fruit-Image-Classification,no_dockerfile,False,0,0,0,,,0,0,0,0,0,False,,False,,False,,False,,False,,False,,no Dockerfile and no fallback entry point found
https://github.com/cfcooney/BiModNeuroCNN,no_dockerfile,False,0,0,0,,,0,0,0,0,0,False,,False,,False,,False,,False,,False,,no Dockerfile and no fallback entry point found
https://github.com/simeneide/phd-notes,no_dockerfile,False,0,0,0,,,0,0,0,0,0,False,,False,,False,,False,,False,,False,,no Dockerfile and no fallback entry point found
https://github.com/spotify/klio,no_entry,False,0,11,0,,,0,0,0,0,0,False,,False,,False,,False,,False,,False,,Dockerfile(s) found but no Python entry point could be resolved
https://github.com/mhardingr/dueling_double_dqn,no_dockerfile,False,0,0,0,,,0,0,0,0,0,False,,False,,False,,False,,False,,False,,no Dockerfile and no fallback entry point found
https://github.com/ymd-h/b4tf,no_entry,False,0,1,0,,,0,0,0,0,0,False,,False,,False,,False,,False,,False,,Dockerfile(s) found but no Python entry point could be resolved
https://github.com/siduojiang/BERTVision,no_dockerfile,False,0,0,0,,,0,0,0,0,0,False,,False,,False,,False,,False,,False,,no Dockerfile and no fallback entry point found
https://github.com/Swaggaaa/HackUPC-2017F,no_entry,False,0,1,0,,,0,0,0,0,0,False,,False,,False,,False,,False,,False,,Dockerfile(s) found but no Python entry point could be resolved
https://github.com/comp-imaging-sci/CLS-Mask_R-CNN,no_dockerfile,False,0,0,0,,,0,0,0,0,0,False,,False,,False,,False,,False,,False,,no Dockerfile and no fallback entry point found
https://github.com/DialloYoussouf/Jedhabootcamp_Projects,no_dockerfile,False,0,0,0,,,0,0,0,0,0,False,,False,,False,,False,,False,,False,,no Dockerfile and no fallback entry point found
https://github.com/pentagram5/Ai_chatbot_Cindy-project,no_dockerfile,False,0,0,0,,,0,0,0,0,0,False,,False,,False,,False,,False,,False,,no Dockerfile and no fallback entry point found
https://github.com/sakurusurya2000/Emotion_Detector,no_dockerfile,False,0,0,0,,,0,0,0,0,0,False,,False,,False,,False,,False,,False,,no Dockerfile and no fallback entry point found
https://github.com/Yforjuelao/Inbalanced-data-cv,no_dockerfile,False,0,0,0,,,0,0,0,0,0,False,,False,,False,,False,,False,,False,,no Dockerfile and no fallback entry point found
https://github.com/KapoorAyush/textSummarizer,no_dockerfile,False,0,0,0,,,0,0,0,0,0,False,,False,,False,,False,,False,,False,,no Dockerfile and no fallback entry point found
https://github.com/thecodemasterk/Amazon-Sagemaker-Algorithm-Examples,no_entry,False,0,13,0,,,0,0,0,0,0,False,,False,,False,,False,,False,,False,,Dockerfile(s) found but no Python entry point could be resolved
https://github.com/KieranLitschel/Contextualised-Image-Classifiers,no_dockerfile,False,0,0,0,,,0,0,0,0,0,False,,False,,False,,False,,False,,False,,no Dockerfile and no fallback entry point found
https://github.com/yanchaoxi/Intel-,no_entry,False,0,3,0,,,0,0,0,0,0,False,,False,,False,,False,,False,,False,,Dockerfile(s) found but no Python entry point could be resolved
https://github.com/gugarosa/dualing,no_dockerfile,False,0,0,0,,,0,0,0,0,0,False,,False,,False,,False,,False,,False,,no Dockerfile and no fallback entry point found
https://github.com/Charlesvandamme/Inductive-Graph-Representation-Learning-for-Fraud-Detection,no_dockerfile,False,0,0,0,,,0,0,0,0,0,False,,False,,False,,False,,False,,False,,no Dockerfile and no fallback entry point found
https://github.com/daiaventureira/cosmos.garden,no_dockerfile,False,0,0,0,,,0,0,0,0,0,False,,False,,False,,False,,False,,False,,no Dockerfile and no fallback entry point found
https://github.com/aturfah/poke2vec,no_dockerfile,False,0,0,0,,,0,0,0,0,0,False,,False,,False,,False,,False,,False,,no Dockerfile and no fallback entry point found
https://github.com/Tushar-ml/DarkNeuron,no_dockerfile,False,0,0,0,,,0,0,0,0,0,False,,False,,False,,False,,False,,False,,no Dockerfile and no fallback entry point found
https://github.com/cleberjamaral/fastpages,no_entry,False,0,4,0,,,0,0,0,0,0,False,,False,,False,,False,,False,,False,,Dockerfile(s) found but no Python entry point could be resolved
https://github.com/vvolhejn/neural_network_smoothness,no_dockerfile,False,0,0,0,,,0,0,0,0,0,False,,False,,False,,False,,False,,False,,no Dockerfile and no fallback entry point found
https://github.com/MarcinJ7/Chmury_Projekt,no_entry,False,0,1,0,,,0,0,0,0,0,False,,False,,False,,False,,False,,False,,Dockerfile(s) found but no Python entry point could be resolved
https://github.com/Aman-Godara/Projects,no_dockerfile,False,0,0,0,,,0,0,0,0,0,False,,False,,False,,False,,False,,False,,no Dockerfile and no fallback entry point found
https://github.com/garethjns/reinforcement-learning-keras,no_dockerfile,False,0,0,0,,,0,0,0,0,0,False,,False,,False,,False,,False,,False,,no Dockerfile and no fallback entry point found
https://github.com/dhigley6/PAX2,no_dockerfile,False,0,0,0,,,0,0,0,0,0,False,,False,,False,,False,,False,,False,,no Dockerfile and no fallback entry point found
https://github.com/devhkyu/Smart_Coordinator,no_dockerfile,False,0,0,0,,,0,0,0,0,0,False,,False,,False,,False,,False,,False,,no Dockerfile and no fallback entry point found
https://github.com/diddlyPop/connect4,no_dockerfile,False,0,0,0,,,0,0,0,0,0,False,,False,,False,,False,,False,,False,,no Dockerfile and no fallback entry point found
https://github.com/SteelColossus/sppc-tool,no_dockerfile,False,0,0,0,,,0,0,0,0,0,False,,False,,False,,False,,False,,False,,no Dockerfile and no fallback entry point found
https://github.com/selab-hcmus/AI_City_2020,no_entry,False,0,1,0,,,0,0,0,0,0,False,,False,,False,,False,,False,,False,,Dockerfile(s) found but no Python entry point could be resolved
https://github.com/krantirk/BERT-Pretrained-model,no_dockerfile,False,0,0,0,,,0,0,0,0,0,False,,False,,False,,False,,False,,False,,no Dockerfile and no fallback entry point found
https://github.com/jems2019/ReinforcementBasedTradingPlatform,no_entry,False,0,1,0,,,0,0,0,0,0,False,,False,,False,,False,,False,,False,,Dockerfile(s) found but no Python entry point could be resolved
https://github.com/bonheml/SESAM,no_dockerfile,False,0,0,0,,,0,0,0,0,0,False,,False,,False,,False,,False,,False,,no Dockerfile and no fallback entry point found
https://github.com/Mmpc1994/form-cooker,no_dockerfile,False,0,0,0,,,0,0,0,0,0,False,,False,,False,,False,,False,,False,,no Dockerfile and no fallback entry point found
https://github.com/akelleh/website,no_entry,False,0,17,0,,,0,0,0,0,0,False,,False,,False,,False,,False,,False,,Dockerfile(s) found but no Python entry point could be resolved
https://github.com/gitMantas/instrumentdetection,no_entry,False,0,1,0,,,0,0,0,0,0,False,,False,,False,,False,,False,,False,,Dockerfile(s) found but no Python entry point could be resolved
https://github.com/Tessellate-Imaging/monk_v1,no_dockerfile,False,0,0,0,,,0,0,0,0,0,False,,False,,False,,False,,False,,False,,no Dockerfile and no fallback entry point found
https://github.com/haraldott/anomaly_detection_main,no_dockerfile,False,0,0,0,,,0,0,0,0,0,False,,False,,False,,False,,False,,False,,no Dockerfile and no fallback entry point found
https://github.com/justinbodnar/stocktuna,no_dockerfile,False,0,0,0,,,0,0,0,0,0,False,,False,,False,,False,,False,,False,,no Dockerfile and no fallback entry point found
https://github.com/177arc/fpl-advisor,no_dockerfile,False,0,0,0,,,0,0,0,0,0,False,,False,,False,,False,,False,,False,,no Dockerfile and no fallback entry point found
https://github.com/henry-prior/model_toolkit,no_dockerfile,False,0,0,0,,,0,0,0,0,0,False,,False,,False,,False,,False,,False,,no Dockerfile and no fallback entry point found
https://github.com/MokkeMeguru/tensorflow_tutorial,no_dockerfile,False,0,0,0,,,0,0,0,0,0,False,,False,,False,,False,,False,,False,,no Dockerfile and no fallback entry point found
https://github.com/ningeen/stanford_cs231n,no_dockerfile,False,0,0,0,,,0,0,0,0,0,False,,False,,False,,False,,False,,False,,no Dockerfile and no fallback entry point found
https://github.com/uriaLevko/MaskRcNN,no_dockerfile,False,0,0,0,,,0,0,0,0,0,False,,False,,False,,False,,False,,False,,no Dockerfile and no fallback entry point found
https://github.com/cstuartroe/cellular-automata,no_dockerfile,False,0,0,0,,,0,0,0,0,0,False,,False,,False,,False,,False,,False,,no Dockerfile and no fallback entry point found
https://github.com/verlab/gsdp,no_dockerfile,False,0,0,0,,,0,0,0,0,0,False,,False,,False,,False,,False,,False,,no Dockerfile and no fallback entry point found
https://github.com/domSB/masterarbeit,no_dockerfile,False,0,0,0,,,0,0,0,0,0,False,,False,,False,,False,,False,,False,,no Dockerfile and no fallback entry point found
https://github.com/guo408066634/-1,no_dockerfile,False,0,0,0,,,0,0,0,0,0,False,,False,,False,,False,,False,,False,,no Dockerfile and no fallback entry point found
https://github.com/necr-kyle/python-hints,no_dockerfile,False,0,0,0,,,0,0,0,0,0,False,,False,,False,,False,,False,,False,,no Dockerfile and no fallback entry point found
https://github.com/krantirk/tensorflow-workshop,no_dockerfile,False,0,0,0,,,0,0,0,0,0,False,,False,,False,,False,,False,,False,,no Dockerfile and no fallback entry point found
https://github.com/suhruthGit/Unity3DML,no_entry,False,0,1,0,,,0,0,0,0,0,False,,False,,False,,False,,False,,False,,Dockerfile(s) found but no Python entry point could be resolved
https://github.com/zyfra/ebonite,no_entry,False,0,2,0,,,0,0,0,0,0,False,,False,,False,,False,,False,,False,,Dockerfile(s) found but no Python entry point could be resolved
https://github.com/huading/Python,no_dockerfile,False,0,0,0,,,0,0,0,0,0,False,,False,,False,,False,,False,,False,,no Dockerfile and no fallback entry point found
https://github.com/tamerthamoqa/facenet-realtime-face-recognition,no_dockerfile,False,0,0,0,,,0,0,0,0,0,False,,False,,False,,False,,False,,False,,no Dockerfile and no fallback entry point found
https://github.com/jonasrauber/eagerpy,no_dockerfile,False,0,0,0,,,0,0,0,0,0,False,,False,,False,,False,,False,,False,,no Dockerfile and no fallback entry point found
https://github.com/dyliuti/dyliuti,no_dockerfile,False,0,0,0,,,0,0,0,0,0,False,,False,,False,,False,,False,,False,,no Dockerfile and no fallback entry point found
https://github.com/lvegtlvegt/imageReconTensorflow,no_entry,False,0,1,0,,,0,0,0,0,0,False,,False,,False,,False,,False,,False,,Dockerfile(s) found but no Python entry point could be resolved
https://github.com/sjyk/deeplens-cv,no_entry,False,0,1,0,,,0,0,0,0,0,False,,False,,False,,False,,False,,False,,Dockerfile(s) found but no Python entry point could be resolved
https://github.com/koktf23/algorithms_python,no_dockerfile,False,0,0,0,,,0,0,0,0,0,False,,False,,False,,False,,False,,False,,no Dockerfile and no fallback entry point found
https://github.com/ethanabrooks/CoFCA-S,no_entry,False,0,1,0,,,0,0,0,0,0,False,,False,,False,,False,,False,,False,,Dockerfile(s) found but no Python entry point could be resolved
https://github.com/marcogdepinto/Deep-learning-model-deploy-with-django,no_dockerfile,False,0,0,0,,,0,0,0,0,0,False,,False,,False,,False,,False,,False,,no Dockerfile and no fallback entry point found
https://github.com/lloydwindrim/hyperspectral-autoencoders,no_dockerfile,False,0,0,0,,,0,0,0,0,0,False,,False,,False,,False,,False,,False,,no Dockerfile and no fallback entry point found
https://github.com/Liang-ZX/liangzx-cs231n,no_dockerfile,False,0,0,0,,,0,0,0,0,0,False,,False,,False,,False,,False,,False,,no Dockerfile and no fallback entry point found
https://github.com/tranlethaison/babysister,no_dockerfile,False,0,0,0,,,0,0,0,0,0,False,,False,,False,,False,,False,,False,,no Dockerfile and no fallback entry point found
https://github.com/deepkit/deepkit-python-sdk,no_dockerfile,False,0,0,0,,,0,0,0,0,0,False,,False,,False,,False,,False,,False,,no Dockerfile and no fallback entry point found
https://github.com/smtcrms/nni,no_entry,False,0,1,0,,,0,0,0,0,0,False,,False,,False,,False,,False,,False,,Dockerfile(s) found but no Python entry point could be resolved
https://github.com/fivebillionmph/be223c,no_entry,False,0,1,0,,,0,0,0,0,0,False,,False,,False,,False,,False,,False,,Dockerfile(s) found but no Python entry point could be resolved
https://github.com/ahmetozlu/tensorflow_object_counting_api,no_dockerfile,False,0,0,0,,,0,0,0,0,0,False,,False,,False,,False,,False,,False,,no Dockerfile and no fallback entry point found
https://github.com/sql-machine-learning/models,no_entry,False,0,3,0,,,0,0,0,0,0,False,,False,,False,,False,,False,,False,,Dockerfile(s) found but no Python entry point could be resolved
https://github.com/meizi1114/bert,no_dockerfile,False,0,0,0,,,0,0,0,0,0,False,,False,,False,,False,,False,,False,,no Dockerfile and no fallback entry point found
https://github.com/dandersonw/ml-final-project,no_dockerfile,False,0,0,0,,,0,0,0,0,0,False,,False,,False,,False,,False,,False,,no Dockerfile and no fallback entry point found
https://github.com/JJMats/programming_a_real_self_driving_car,no_entry,False,0,1,0,,,0,0,0,0,0,False,,False,,False,,False,,False,,False,,Dockerfile(s) found but no Python entry point could be resolved
https://github.com/IntelAI/tools,no_entry,False,0,2,0,,,0,0,0,0,0,False,,False,,False,,False,,False,,False,,Dockerfile(s) found but no Python entry point could be resolved
https://github.com/RandallBalestriero/Sknet,no_dockerfile,False,0,0,0,,,0,0,0,0,0,False,,False,,False,,False,,False,,False,,no Dockerfile and no fallback entry point found
https://github.com/indiesoul2/MachingLearing-HandOn,no_entry,False,0,1,0,,,0,0,0,0,0,False,,False,,False,,False,,False,,False,,Dockerfile(s) found but no Python entry point could be resolved
https://github.com/sen07/CC-Darkflow1,no_dockerfile,False,0,0,0,,,0,0,0,0,0,False,,False,,False,,False,,False,,False,,no Dockerfile and no fallback entry point found
https://github.com/chirsxjh/My-project,no_dockerfile,False,0,0,0,,,0,0,0,0,0,False,,False,,False,,False,,False,,False,,no Dockerfile and no fallback entry point found
https://github.com/fdelgadom/GCP-training-data-analyst,no_entry,False,0,29,3,,dockerfile,0,0,0,0,0,False,,False,,False,,False,,False,,False,,no resolved entry point yielded a usable call graph
https://github.com/kingcheng2000/bert,no_dockerfile,False,0,0,0,,,0,0,0,0,0,False,,False,,False,,False,,False,,False,,no Dockerfile and no fallback entry point found
https://github.com/lsmallpotato/PyTorch,no_dockerfile,False,0,0,0,,,0,0,0,0,0,False,,False,,False,,False,,False,,False,,no Dockerfile and no fallback entry point found
https://github.com/dunna-error/shopping-classification,no_dockerfile,False,0,0,0,,,0,0,0,0,0,False,,False,,False,,False,,False,,False,,no Dockerfile and no fallback entry point found
https://github.com/Hourout/tensorcv,no_dockerfile,False,0,0,0,,,0,0,0,0,0,False,,False,,False,,False,,False,,False,,no Dockerfile and no fallback entry point found
https://github.com/kv3n/semanticsegtest,no_dockerfile,False,0,0,0,,,0,0,0,0,0,False,,False,,False,,False,,False,,False,,no Dockerfile and no fallback entry point found
https://github.com/TalwalkarLab/leaf,no_dockerfile,False,0,0,0,,,0,0,0,0,0,False,,False,,False,,False,,False,,False,,no Dockerfile and no fallback entry point found
https://github.com/afeinstein20/eleanor,no_dockerfile,False,0,0,0,,,0,0,0,0,0,False,,False,,False,,False,,False,,False,,no Dockerfile and no fallback entry point found
https://github.com/omesht/Tesnor-Tutorial-HvaSS,no_dockerfile,False,0,0,0,,,0,0,0,0,0,False,,False,,False,,False,,False,,False,,no Dockerfile and no fallback entry point found
https://github.com/castellwhite/TensorFlow-Tutorials,no_dockerfile,False,0,0,0,,,0,0,0,0,0,False,,False,,False,,False,,False,,False,,no Dockerfile and no fallback entry point found
https://github.com/zhjpqq/Mask_RCNN_V2,no_dockerfile,False,0,0,0,,,0,0,0,0,0,False,,False,,False,,False,,False,,False,,no Dockerfile and no fallback entry point found
https://github.com/jamesjarlathlong/continuous,no_dockerfile,False,0,0,0,,,0,0,0,0,0,False,,False,,False,,False,,False,,False,,no Dockerfile and no fallback entry point found
https://github.com/menajosep/songscuncert,no_dockerfile,False,0,0,0,,,0,0,0,0,0,False,,False,,False,,False,,False,,False,,no Dockerfile and no fallback entry point found
https://github.com/Cloud-CV/Fabrik,no_entry,False,0,6,0,,,0,0,0,0,0,False,,False,,False,,False,,False,,False,,Dockerfile(s) found but no Python entry point could be resolved
https://github.com/joethompson1961/CarND-Capstone,no_entry,False,0,1,0,,,0,0,0,0,0,False,,False,,False,,False,,False,,False,,Dockerfile(s) found but no Python entry point could be resolved
https://github.com/patrickszmucer/posenet,no_dockerfile,False,0,0,0,,,0,0,0,0,0,False,,False,,False,,False,,False,,False,,no Dockerfile and no fallback entry point found
https://github.com/piyushmh/moocs,no_dockerfile,False,0,0,0,,,0,0,0,0,0,False,,False,,False,,False,,False,,False,,no Dockerfile and no fallback entry point found
https://github.com/joshakeman/udacity_machine_learning,no_dockerfile,False,0,0,0,,,0,0,0,0,0,False,,False,,False,,False,,False,,False,,no Dockerfile and no fallback entry point found
https://github.com/kroosen/NIPS2017,no_dockerfile,False,0,0,0,,,0,0,0,0,0,False,,False,,False,,False,,False,,False,,no Dockerfile and no fallback entry point found
https://github.com/BenHuiHui/kf,no_dockerfile,False,0,0,0,,,0,0,0,0,0,False,,False,,False,,False,,False,,False,,no Dockerfile and no fallback entry point found
https://github.com/reivaj05/tensorflow-tutorials,no_dockerfile,False,0,0,0,,,0,0,0,0,0,False,,False,,False,,False,,False,,False,,no Dockerfile and no fallback entry point found
https://github.com/cs230-stanford/cs230-code-examples,no_dockerfile,False,0,0,0,,,0,0,0,0,0,False,,False,,False,,False,,False,,False,,no Dockerfile and no fallback entry point found
https://github.com/conversationai/conversationai-models,no_dockerfile,False,0,0,0,,,0,0,0,0,0,False,,False,,False,,False,,False,,False,,no Dockerfile and no fallback entry point found
https://github.com/raskolnikov-reborn/CarND-P13-System-Integration,no_entry,False,0,1,0,,,0,0,0,0,0,False,,False,,False,,False,,False,,False,,Dockerfile(s) found but no Python entry point could be resolved
https://github.com/systemchip/tensorflow_cookbook,no_dockerfile,False,0,0,0,,,0,0,0,0,0,False,,False,,False,,False,,False,,False,,no Dockerfile and no fallback entry point found
https://github.com/jthurst3/MemeCaptcha,no_dockerfile,False,0,0,0,,,0,0,0,0,0,False,,False,,False,,False,,False,,False,,no Dockerfile and no fallback entry point found
https://github.com/aaronzweig/gae_single,no_dockerfile,False,0,0,0,,,0,0,0,0,0,False,,False,,False,,False,,False,,False,,no Dockerfile and no fallback entry point found
https://github.com/PAIR-code/saliency,no_dockerfile,False,0,0,0,,,0,0,0,0,0,False,,False,,False,,False,,False,,False,,no Dockerfile and no fallback entry point found
https://github.com/noxer-org/noxer,no_dockerfile,False,0,0,0,,,0,0,0,0,0,False,,False,,False,,False,,False,,False,,no Dockerfile and no fallback entry point found
https://github.com/mwilliammyers/lathe,no_dockerfile,False,0,0,0,,,0,0,0,0,0,False,,False,,False,,False,,False,,False,,no Dockerfile and no fallback entry point found
https://github.com/vishnuprasadh/CognitiveBanners,no_dockerfile,False,0,0,0,,,0,0,0,0,0,False,,False,,False,,False,,False,,False,,no Dockerfile and no fallback entry point found
https://github.com/daviddiazvico/scikit-datasets,no_dockerfile,False,0,0,0,,,0,0,0,0,0,False,,False,,False,,False,,False,,False,,no Dockerfile and no fallback entry point found
https://github.com/lucasdavid/artificial,no_dockerfile,False,0,0,0,,,0,0,0,0,0,False,,False,,False,,False,,False,,False,,no Dockerfile and no fallback entry point found
https://github.com/scikit-optimize/scikit-optimize,no_dockerfile,False,0,0,0,,,0,0,0,0,0,False,,False,,False,,False,,False,,False,,no Dockerfile and no fallback entry point found
https://github.com/aldro61/pyscm,no_dockerfile,False,0,0,0,,,0,0,0,0,0,False,,False,,False,,False,,False,,False,,no Dockerfile and no fallback entry point found
https://github.com/TeamHG-Memex/deep-deep,no_entry,False,0,1,0,,,0,0,0,0,0,False,,False,,False,,False,,False,,False,,Dockerfile(s) found but no Python entry point could be resolved
https://github.com/cmry/omesa,no_dockerfile,False,0,0,0,,,0,0,0,0,0,False,,False,,False,,False,,False,,False,,no Dockerfile and no fallback entry point found
https://github.com/deepmind/envlogger,no_entry,False,0,1,0,,,0,0,0,0,0,False,,False,,False,,False,,False,,False,,Dockerfile(s) found but no Python entry point could be resolved
https://github.com/CodenameLiam/egh455,clone_failed,False,0,0,0,,,0,0,0,0,0,False,,False,,False,,False,,False,,False,,fatal: write error: No space left on device
https://github.com/gao19970315/maskrcnn,no_dockerfile,False,0,0,0,,,0,0,0,0,0,False,,False,,False,,False,,False,,False,,no Dockerfile and no fallback entry point found
https://github.com/e-olang/NLP,no_dockerfile,False,0,0,0,,,0,0,0,0,0,False,,False,,False,,False,,False,,False,,no Dockerfile and no fallback entry point found
https://github.com/niranjaniitb/e0,no_dockerfile,False,0,0,0,,,0,0,0,0,0,False,,False,,False,,False,,False,,False,,no Dockerfile and no fallback entry point found
https://github.com/jaeriver/DL_Lambda_Serving,clone_failed,False,0,0,0,,,0,0,0,0,0,False,,False,,False,,False,,False,,False,,error: unable to write file arm/tvm/tvm/tests/python/unittest/test_tir_data_layout.py
https://github.com/uiqkos/nyaural-nyatworks,no_dockerfile,False,0,0,0,,,0,0,0,0,0,False,,False,,False,,False,,False,,False,,no Dockerfile and no fallback entry point found
https://github.com/mysistinechapel/powerprop,clone_failed,False,0,0,0,,,0,0,0,0,0,False,,False,,False,,False,,False,,False,,fatal: write error: No space left on device
https://github.com/commentcover/COmmentCOver,clone_failed,False,0,0,0,,,0,0,0,0,0,False,,False,,False,,False,,False,,False,,fatal: write error: No space left on device
https://github.com/resment/python-mini-projects,clone_failed,False,0,0,0,,,0,0,0,0,0,False,,False,,False,,False,,False,,False,,fatal: write error: No space left on device
https://github.com/souvikdas2613/Python-Mini-Projects,clone_failed,False,0,0,0,,,0,0,0,0,0,False,,False,,False,,False,,False,,False,,error: copy-fd: write returned: No space left on device
https://github.com/LBJ-Wade/boltzmann,no_dockerfile,False,0,0,0,,,0,0,0,0,0,False,,False,,False,,False,,False,,False,,no Dockerfile and no fallback entry point found
https://github.com/tonouchi510/kfp-project,no_entry,False,0,9,0,,,0,0,0,0,0,False,,False,,False,,False,,False,,False,,Dockerfile(s) found but no Python entry point could be resolved
https://github.com/sonalgan/Object-Recognition-and-Classification-System,clone_failed,False,0,0,0,,,0,0,0,0,0,False,,False,,False,,False,,False,,False,,fatal: write error: No space left on device
https://github.com/klarh/flowws-keras-geometry,no_dockerfile,False,0,0,0,,,0,0,0,0,0,False,,False,,False,,False,,False,,False,,no Dockerfile and no fallback entry point found
https://github.com/rahmanidashti/ContextsPOI,clone_failed,False,0,0,0,,,0,0,0,0,0,False,,False,,False,,False,,False,,False,,error: unable to write file codes/embeddings/Yelp/L.npy
https://github.com/MaartenVdBulcke/melodious-plots,clone_failed,False,0,0,0,,,0,0,0,0,0,False,,False,,False,,False,,False,,False,,fatal: write error: No space left on device
https://github.com/ai-4-good/sogeti_qaif,clone_failed,False,0,0,0,,,0,0,0,0,0,False,,False,,False,,False,,False,,False,,fatal: write error: No space left on device
https://github.com/Vvek27/Covid-Detection,clone_failed,False,0,0,0,,,0,0,0,0,0,False,,False,,False,,False,,False,,False,,fatal: write error: No space left on device
https://github.com/ClemPalf/Deep-RL-agents,clone_failed,False,0,0,0,,,0,0,0,0,0,False,,False,,False,,False,,False,,False,,fatal: write error: No space left on device
https://github.com/jdforde/news-email,no_dockerfile,False,0,0,0,,,0,0,0,0,0,False,,False,,False,,False,,False,,False,,no Dockerfile and no fallback entry point found
https://github.com/apperception-db/apperception,clone_failed,False,0,0,0,,,0,0,0,0,0,False,,False,,False,,False,,False,,False,,fatal: write error: No space left on device
https://github.com/kamoze/c8pythonscripts,clone_failed,False,0,0,0,,,0,0,0,0,0,False,,False,,False,,False,,False,,False,,fatal: write error: No space left on device
https://github.com/HaiderAbasi/SelfDrivingProject_MiniTesla,clone_failed,False,0,0,0,,,0,0,0,0,0,False,,False,,False,,False,,False,,False,,fatal: write error: No space left on device
https://github.com/dhairya0907/Creepypasta-Text-Generator,clone_failed,False,0,0,0,,,0,0,0,0,0,False,,False,,False,,False,,False,,False,,fatal: write error: No space left on device
https://github.com/AkshatSh/BinarizedNMT,clone_failed,False,0,0,0,,,0,0,0,0,0,False,,False,,False,,False,,False,,False,,fatal: write error: No space left on device
https://github.com/wcirq/Adversarial_Autoencoder,clone_failed,False,0,0,0,,,0,0,0,0,0,False,,False,,False,,False,,False,,False,,fatal: write error: No space left on device
https://github.com/g0bel1n/megazord-backend,clone_failed,False,0,0,0,,,0,0,0,0,0,False,,False,,False,,False,,False,,False,,fatal: write error: No space left on device
https://github.com/yaoyu-33/quantum_dynamics_machine_learning,clone_failed,False,0,0,0,,,0,0,0,0,0,False,,False,,False,,False,,False,,False,,fatal: write error: No space left on device
https://github.com/holdmygithub/Data-Science,clone_failed,False,0,0,0,,,0,0,0,0,0,False,,False,,False,,False,,False,,False,,fatal: write error: No space left on device
https://github.com/AhmedYounes94/MLM-NSP,clone_failed,False,0,0,0,,,0,0,0,0,0,False,,False,,False,,False,,False,,False,,fatal: write error: No space left on device
https://github.com/AdhamNour/ContentBasedMultimediaRetrivalSystem,clone_failed,False,0,0,0,,,0,0,0,0,0,False,,False,,False,,False,,False,,False,,fatal: write error: No space left on device
https://github.com/yingkaisha/rainbow,clone_failed,False,0,0,0,,,0,0,0,0,0,False,,False,,False,,False,,False,,False,,fatal: write error: No space left on device
https://github.com/aligirayhanozbay/poisson_CNN,clone_failed,False,0,0,0,,,0,0,0,0,0,False,,False,,False,,False,,False,,False,,error: copy-fd: write returned: No space left on device
https://github.com/KristianHolsheimer/keras-gym,clone_failed,False,0,0,0,,,0,0,0,0,0,False,,False,,False,,False,,False,,False,,fatal: write error: No space left on device
https://github.com/aewallwi/aesahaettr,clone_failed,False,0,0,0,,,0,0,0,0,0,False,,False,,False,,False,,False,,False,,error: copy-fd: write returned: No space left on device
https://github.com/DSCVITBHOPAL/Machine-Learning-Projects,clone_failed,False,0,0,0,,,0,0,0,0,0,False,,False,,False,,False,,False,,False,,fatal: write error: No space left on device
https://github.com/DiogorPinheiro/Re-Autoencoding-Variational-Bayes,clone_failed,False,0,0,0,,,0,0,0,0,0,False,,False,,False,,False,,False,,False,,fatal: write error: No space left on device
https://github.com/c-w-m/handson-ml2,clone_failed,False,0,0,0,,,0,0,0,0,0,False,,False,,False,,False,,False,,False,,fatal: write error: No space left on device
https://github.com/KataRiegels/IDS,clone_failed,False,0,0,0,,,0,0,0,0,0,False,,False,,False,,False,,False,,False,,fatal: write error: No space left on device
https://github.com/abhi8893/tensorflow-deep-learning-mrdbourke,clone_failed,False,0,0,0,,,0,0,0,0,0,False,,False,,False,,False,,False,,False,,error: copy-fd: write returned: No space left on device
https://github.com/Shag10/Machine-Learning,clone_failed,False,0,0,0,,,0,0,0,0,0,False,,False,,False,,False,,False,,False,,fatal: write error: No space left on device
https://github.com/JosephLteif/Smart-Assistant,clone_failed,False,0,0,0,,,0,0,0,0,0,False,,False,,False,,False,,False,,False,,error: copy-fd: write returned: No space left on device
https://github.com/mvtap/BDCC,clone_failed,False,0,0,0,,,0,0,0,0,0,False,,False,,False,,False,,False,,False,,error: copy-fd: write returned: No space left on device
https://github.com/chledowski/ml_caching_with_guarantees,clone_failed,False,0,0,0,,,0,0,0,0,0,False,,False,,False,,False,,False,,False,,fatal: write error: No space left on device
https://github.com/aaronkollasch/seqdesign-pytorch,clone_failed,False,0,0,0,,,0,0,0,0,0,False,,False,,False,,False,,False,,False,,error: copy-fd: write returned: No space left on device
https://github.com/cleopatra-itn/GeoWINE,clone_failed,False,0,0,0,,,0,0,0,0,0,False,,False,,False,,False,,False,,False,,fatal: write error: No space left on device
https://github.com/LuigiAttorresi/Soundscape,clone_failed,False,0,0,0,,,0,0,0,0,0,False,,False,,False,,False,,False,,False,,error: copy-fd: write returned: No space left on device
https://github.com/RajjSinghh/prog-black-second-assignment,clone_failed,False,0,0,0,,,0,0,0,0,0,False,,False,,False,,False,,False,,False,,fatal: write error: No space left on device
https://github.com/ramsabarishoa/Deep-Learning-lab-projects,clone_failed,False,0,0,0,,,0,0,0,0,0,False,,False,,False,,False,,False,,False,,fatal: write error: No space left on device
https://github.com/Robotics-Club-IIT-BHU/Maskon,clone_failed,False,0,0,0,,,0,0,0,0,0,False,,False,,False,,False,,False,,False,,error: copy-fd: write returned: No space left on device
https://github.com/ruzcmc/ClickbaitIndo-textclassifier,clone_failed,False,0,0,0,,,0,0,0,0,0,False,,False,,False,,False,,False,,False,,fatal: write error: No space left on device
https://github.com/JamesMcGuigan/ai-games,clone_failed,False,0,0,0,,,0,0,0,0,0,False,,False,,False,,False,,False,,False,,error: copy-fd: write returned: No space left on device
https://github.com/gulmert89/fsa_streamlit,clone_failed,False,0,0,0,,,0,0,0,0,0,False,,False,,False,,False,,False,,False,,fatal: write error: No space left on device
https://github.com/luozhouyang/keras-crf,clone_failed,False,0,0,0,,,0,0,0,0,0,False,,False,,False,,False,,False,,False,,error: copy-fd: write returned: No space left on device
https://github.com/itselavia/edge-computing-platform-for-deep-learning-apps,clone_failed,False,0,0,0,,,0,0,0,0,0,False,,False,,False,,False,,False,,False,,fatal: write error: No space left on device
https://github.com/ISCAS007/torchseg,clone_failed,False,0,0,0,,,0,0,0,0,0,False,,False,,False,,False,,False,,False,,fatal: write error: No space left on device
https://github.com/comtalyst/generative-facial-cosmetics,clone_failed,False,0,0,0,,,0,0,0,0,0,False,,False,,False,,False,,False,,False,,fatal: write error: No space left on device
https://github.com/jblue1/falcon,clone_failed,False,0,0,0,,,0,0,0,0,0,False,,False,,False,,False,,False,,False,,error: copy-fd: write returned: No space left on device
https://github.com/navyamehta/data-sentiment-NLP,clone_failed,False,0,0,0,,,0,0,0,0,0,False,,False,,False,,False,,False,,False,,error: copy-fd: write returned: No space left on device
https://github.com/3Ricecake/omo,clone_failed,False,0,0,0,,,0,0,0,0,0,False,,False,,False,,False,,False,,False,,fatal: write error: No space left on device
https://github.com/paulsavala/Addition-RNN,clone_failed,False,0,0,0,,,0,0,0,0,0,False,,False,,False,,False,,False,,False,,error: copy-fd: write returned: No space left on device
https://github.com/Neuralwood-Net/woodnet,clone_failed,False,0,0,0,,,0,0,0,0,0,False,,False,,False,,False,,False,,False,,fatal: write error: No space left on device
https://github.com/cccaaannn/deep_predictor,clone_failed,False,0,0,0,,,0,0,0,0,0,False,,False,,False,,False,,False,,False,,error: copy-fd: write returned: No space left on device
https://github.com/hanskyy/rl-teacher,clone_failed,False,0,0,0,,,0,0,0,0,0,False,,False,,False,,False,,False,,False,,error: copy-fd: write returned: No space left on device
https://github.com/wassname/rl-portfolio-management,clone_failed,False,0,0,0,,,0,0,0,0,0,False,,False,,False,,False,,False,,False,,error: copy-fd: write returned: No space left on device
https://github.com/Desklop/StressRNN,clone_failed,False,0,0,0,,,0,0,0,0,0,False,,False,,False,,False,,False,,False,,fatal: write error: No space left on device
https://github.com/zushicat/single-image-SRGAN,clone_failed,False,0,0,0,,,0,0,0,0,0,False,,False,,False,,False,,False,,False,,fatal: write error: No space left on device
https://github.com/RicharSte/cartoonfilter_ds_project,clone_failed,False,0,0,0,,,0,0,0,0,0,False,,False,,False,,False,,False,,False,,error: copy-fd: write returned: No space left on device
https://github.com/Hirochon/laboratory,clone_failed,False,0,0,0,,,0,0,0,0,0,False,,False,,False,,False,,False,,False,,fatal: write error: No space left on device
https://github.com/ai-explorers/chest_x_ray,clone_failed,False,0,0,0,,,0,0,0,0,0,False,,False,,False,,False,,False,,False,,error: copy-fd: write returned: No space left on device
https://github.com/mimipoo/mask_rcnn,clone_failed,False,0,0,0,,,0,0,0,0,0,False,,False,,False,,False,,False,,False,,error: copy-fd: write returned: No space left on device
https://github.com/whitead/dmol-book,clone_failed,False,0,0,0,,,0,0,0,0,0,False,,False,,False,,False,,False,,False,,error: copy-fd: write returned: No space left on device
https://github.com/celestiallion/InnerEye-classifiers,clone_failed,False,0,0,0,,,0,0,0,0,0,False,,False,,False,,False,,False,,False,,error: copy-fd: write returned: No space left on device
https://github.com/BlenderCN-Org/flowthrone,clone_failed,False,0,0,0,,,0,0,0,0,0,False,,False,,False,,False,,False,,False,,error: copy-fd: write returned: No space left on device
https://github.com/atreya221/opencv,clone_failed,False,0,0,0,,,0,0,0,0,0,False,,False,,False,,False,,False,,False,,fatal: write error: No space left on device
https://github.com/schutera/DeepLearningLecture_Schutera,clone_failed,False,0,0,0,,,0,0,0,0,0,False,,False,,False,,False,,False,,False,,error: copy-fd: write returned: No space left on device
https://github.com/bguesman/ratnet,clone_failed,False,0,0,0,,,0,0,0,0,0,False,,False,,False,,False,,False,,False,,error: copy-fd: write returned: No space left on device
https://github.com/activeloopai/Hub,clone_failed,False,0,0,0,,,0,0,0,0,0,False,,False,,False,,False,,False,,False,,error: copy-fd: write returned: No space left on device
https://github.com/google-research/reverse-engineering-neural-networks,clone_failed,False,0,0,0,,,0,0,0,0,0,False,,False,,False,,False,,False,,False,,error: copy-fd: write returned: No space left on device
https://github.com/martin220485/vehicle_counting_tensorflow,clone_failed,False,0,0,0,,,0,0,0,0,0,False,,False,,False,,False,,False,,False,,error: copy-fd: write returned: No space left on device
https://github.com/hugovaysset/uad,clone_failed,False,0,0,0,,,0,0,0,0,0,False,,False,,False,,False,,False,,False,,error: copy-fd: write returned: No space left on device
https://github.com/dreji18/Extraction-App,clone_failed,False,0,0,0,,,0,0,0,0,0,False,,False,,False,,False,,False,,False,,error: copy-fd: write returned: No space left on device
https://github.com/matjesg/bioimage_analysis,clone_failed,False,0,0,0,,,0,0,0,0,0,False,,False,,False,,False,,False,,False,,error: copy-fd: write returned: No space left on device
https://github.com/adpartin/dr-learning-curves,clone_failed,False,0,0,0,,,0,0,0,0,0,False,,False,,False,,False,,False,,False,,error: copy-fd: write returned: No space left on device
https://github.com/asmcos/quantrader,clone_failed,False,0,0,0,,,0,0,0,0,0,False,,False,,False,,False,,False,,False,,error: copy-fd: write returned: No space left on device
https://github.com/soniajoseph/Emergence,clone_failed,False,0,0,0,,,0,0,0,0,0,False,,False,,False,,False,,False,,False,,error: copy-fd: write returned: No space left on device
https://github.com/ashwin-phadke/cvplayground,clone_failed,False,0,0,0,,,0,0,0,0,0,False,,False,,False,,False,,False,,False,,error: copy-fd: write returned: No space left on device
https://github.com/SpeechLabNTU/chatbot_web_framework,clone_failed,False,0,0,0,,,0,0,0,0,0,False,,False,,False,,False,,False,,False,,error: copy-fd: write returned: No space left on device
https://github.com/nirdslab/asd-detection,clone_failed,False,0,0,0,,,0,0,0,0,0,False,,False,,False,,False,,False,,False,,fatal: write error: No space left on device
https://github.com/nilbahaaeddine/Image-Classification,clone_failed,False,0,0,0,,,0,0,0,0,0,False,,False,,False,,False,,False,,False,,error: copy-fd: write returned: No space left on device
https://github.com/AI-Druids/NeuroSorter,clone_failed,False,0,0,0,,,0,0,0,0,0,False,,False,,False,,False,,False,,False,,error: copy-fd: write returned: No space left on device
https://github.com/xju2/root_gnn,clone_failed,False,0,0,0,,,0,0,0,0,0,False,,False,,False,,False,,False,,False,,fatal: write error: No space left on device
https://github.com/SJSUSpring2020-CMPE272/Traffic-Sign-Recognition,clone_failed,False,0,0,0,,,0,0,0,0,0,False,,False,,False,,False,,False,,False,,fatal: write error: No space left on device
https://github.com/tomlimi/BERTHeadEnsembles,clone_failed,False,0,0,0,,,0,0,0,0,0,False,,False,,False,,False,,False,,False,,error: unable to write file LICENSE
https://github.com/monologg/KoELECTRA,clone_failed,False,0,0,0,,,0,0,0,0,0,False,,False,,False,,False,,False,,False,,error: could not lock config file D:/scan_tmp/scan_z6dp7kgo/repo/.git/config: No space left on device
https://github.com/nunziosorrentino/breakingws,clone_failed,False,0,0,0,,,0,0,0,0,0,False,,False,,False,,False,,False,,False,,error: could not lock config file D:/scan_tmp/scan_f8k1gv12/repo/.git/config: No space left on device
https://github.com/chris-gomes/steam-game-recommendations,clone_failed,False,0,0,0,,,0,0,0,0,0,False,,False,,False,,False,,False,,False,,error: could not lock config file D:/scan_tmp/scan__fundqgz/repo/.git/config: No space left on device
https://github.com/leolioness1/TextMining,clone_failed,False,0,0,0,,,0,0,0,0,0,False,,False,,False,,False,,False,,False,,error: could not lock config file D:/scan_tmp/scan_jyd6j2_f/repo/.git/config: No space left on device
https://github.com/ShuzhiLiu/MaskRCNN,clone_failed,False,0,0,0,,,0,0,0,0,0,False,,False,,False,,False,,False,,False,,error: could not lock config file D:/scan_tmp/scan_4wr6o2fu/repo/.git/config: No space left on device
https://github.com/ifu97224/grocery_recommender,clone_failed,False,0,0,0,,,0,0,0,0,0,False,,False,,False,,False,,False,,False,,error: could not lock config file D:/scan_tmp/scan_r4nu_sn0/repo/.git/config: No space left on device
https://github.com/GrzegorzKrug/GymTrain,clone_failed,False,0,0,0,,,0,0,0,0,0,False,,False,,False,,False,,False,,False,,error: could not lock config file D:/scan_tmp/scan_4tggxl04/repo/.git/config: No space left on device
https://github.com/stuchly/vaevictis,clone_failed,False,0,0,0,,,0,0,0,0,0,False,,False,,False,,False,,False,,False,,error: could not lock config file D:/scan_tmp/scan_5qfnq44e/repo/.git/config: No space left on device
https://github.com/0h-n0/tfdbonas,clone_failed,False,0,0,0,,,0,0,0,0,0,False,,False,,False,,False,,False,,False,,error: could not lock config file D:/scan_tmp/scan_c9dpfcr0/repo/.git/config: No space left on device
https://github.com/icecube/event-generator,clone_failed,False,0,0,0,,,0,0,0,0,0,False,,False,,False,,False,,False,,False,,error: could not lock config file D:/scan_tmp/scan_koy_z392/repo/.git/config: No space left on device
https://github.com/aboerzel/German_License_Plate_Recognition,clone_failed,False,0,0,0,,,0,0,0,0,0,False,,False,,False,,False,,False,,False,,error: could not lock config file D:/scan_tmp/scan_qeztjrsi/repo/.git/config: No space left on device
https://github.com/aub-mind/arabert,clone_failed,False,0,0,0,,,0,0,0,0,0,False,,False,,False,,False,,False,,False,,error: could not lock config file D:/scan_tmp/scan_nn97sbg5/repo/.git/config: No space left on device
https://github.com/hnbezz/Portfolio,clone_failed,False,0,0,0,,,0,0,0,0,0,False,,False,,False,,False,,False,,False,,error: could not lock config file D:/scan_tmp/scan_qg9ef4hm/repo/.git/config: No space left on device
https://github.com/JeremyDecroix/YOLO1,clone_failed,False,0,0,0,,,0,0,0,0,0,False,,False,,False,,False,,False,,False,,error: could not lock config file D:/scan_tmp/scan_0nx7jrdx/repo/.git/config: No space left on device
https://github.com/cjekel/piecewise_linear_fit_py_tf,clone_failed,False,0,0,0,,,0,0,0,0,0,False,,False,,False,,False,,False,,False,,error: could not lock config file D:/scan_tmp/scan_wrif0evr/repo/.git/config: No space left on device
https://github.com/FeelCrypt/FeelCrypt,clone_failed,False,0,0,0,,,0,0,0,0,0,False,,False,,False,,False,,False,,False,,error: could not lock config file D:/scan_tmp/scan_hkpsytuy/repo/.git/config: No space left on device
https://github.com/ptnewman99/Python-Algorithms,clone_failed,False,0,0,0,,,0,0,0,0,0,False,,False,,False,,False,,False,,False,,fatal: write error: No space left on device
https://github.com/keving3ng/face-recog,clone_failed,False,0,0,0,,,0,0,0,0,0,False,,False,,False,,False,,False,,False,,error: could not lock config file D:/scan_tmp/scan_i53buoha/repo/.git/config: No space left on device
https://github.com/ddatta-DAC/AD_v2,clone_failed,False,0,0,0,,,0,0,0,0,0,False,,False,,False,,False,,False,,False,,error: could not lock config file D:/scan_tmp/scan_41y_oune/repo/.git/config: No space left on device
https://github.com/maedamikio/public,clone_failed,False,0,0,0,,,0,0,0,0,0,False,,False,,False,,False,,False,,False,,error: could not lock config file D:/scan_tmp/scan_apbvx15n/repo/.git/config: No space left on device
https://github.com/ANPULI/Anime4K-ML,clone_failed,False,0,0,0,,,0,0,0,0,0,False,,False,,False,,False,,False,,False,,error: could not lock config file D:/scan_tmp/scan_krjv0zhh/repo/.git/config: No space left on device
https://github.com/jermnelson/jerms-writing,clone_failed,False,0,0,0,,,0,0,0,0,0,False,,False,,False,,False,,False,,False,,error: copy-fd: write returned: No space left on device
https://github.com/krantirk/Stanford-TensorFlow-for-Deep-Learning-Research.,clone_failed,False,0,0,0,,,0,0,0,0,0,False,,False,,False,,False,,False,,False,,fatal: cannot copy 'C:/Program Files/Git/mingw64/share/git-core/templates/hooks/pre-commit.sample' to 'D:/scan_tmp/scan_6paftsse/repo/.git/hooks/pre-commit.sample': No space left on device
https://github.com/anshu0612/api_malware_classification,clone_failed,False,0,0,0,,,0,0,0,0,0,False,,False,,False,,False,,False,,False,,error: copy-fd: write returned: No space left on device
https://github.com/s9013xx/model_inference_time_predictor,clone_failed,False,0,0,0,,,0,0,0,0,0,False,,False,,False,,False,,False,,False,,error: copy-fd: write returned: No space left on device
https://github.com/vanpersie32/Multigpu-Bert,clone_failed,False,0,0,0,,,0,0,0,0,0,False,,False,,False,,False,,False,,False,,error: copy-fd: write returned: No space left on device
https://github.com/hao871563506/sst_gan,clone_failed,False,0,0,0,,,0,0,0,0,0,False,,False,,False,,False,,False,,False,,error: copy-fd: write returned: No space left on device
https://github.com/emirshekari/hackondata,clone_failed,False,0,0,0,,,0,0,0,0,0,False,,False,,False,,False,,False,,False,,error: copy-fd: write returned: No space left on device
https://github.com/TimoKali/ML_Image_Reconnaissance,clone_failed,False,0,0,0,,,0,0,0,0,0,False,,False,,False,,False,,False,,False,,error: copy-fd: write returned: No space left on device
https://github.com/AndreasMadsen/stable-nalu,clone_failed,False,0,0,0,,,0,0,0,0,0,False,,False,,False,,False,,False,,False,,error: copy-fd: write returned: No space left on device
https://github.com/WannaFIy/steel,clone_failed,False,0,0,0,,,0,0,0,0,0,False,,False,,False,,False,,False,,False,,error: copy-fd: write returned: No space left on device
https://github.com/kit1983/Algorithms,clone_failed,False,0,0,0,,,0,0,0,0,0,False,,False,,False,,False,,False,,False,,error: copy-fd: write returned: No space left on device
https://github.com/aschams/Marsican,clone_failed,False,0,0,0,,,0,0,0,0,0,False,,False,,False,,False,,False,,False,,error: copy-fd: write returned: No space left on device
https://github.com/OOXXXXOO/WSNet,clone_failed,False,0,0,0,,,0,0,0,0,0,False,,False,,False,,False,,False,,False,,error: could not lock config file D:/scan_tmp/scan_wx3ldi8w/repo/.git/config: No space left on device
https://github.com/Ilyushin/signal-transformation,clone_failed,False,0,0,0,,,0,0,0,0,0,False,,False,,False,,False,,False,,False,,error: copy-fd: write returned: No space left on device
https://github.com/dbxmcf/node,clone_failed,False,0,0,0,,,0,0,0,0,0,False,,False,,False,,False,,False,,False,,error: could not lock config file D:/scan_tmp/scan__ae66fda/repo/.git/config: No space left on device
https://github.com/alexyi2018/Algorithms,clone_failed,False,0,0,0,,,0,0,0,0,0,False,,False,,False,,False,,False,,False,,error: copy-fd: write returned: No space left on device
https://github.com/McGillAISociety/TechX,clone_failed,False,0,0,0,,,0,0,0,0,0,False,,False,,False,,False,,False,,False,,error: copy-fd: write returned: No space left on device
https://github.com/athix/tensorflow-hello-world,clone_failed,False,0,0,0,,,0,0,0,0,0,False,,False,,False,,False,,False,,False,,error: could not lock config file D:/scan_tmp/scan_h4kt16ov/repo/.git/config: No space left on device
https://github.com/ItaySofer/NLP,clone_failed,False,0,0,0,,,0,0,0,0,0,False,,False,,False,,False,,False,,False,,error: copy-fd: write returned: No space left on device
https://github.com/FengJiaChunFromSYSU/Bert,clone_failed,False,0,0,0,,,0,0,0,0,0,False,,False,,False,,False,,False,,False,,error: copy-fd: write returned: No space left on device
https://github.com/nopaixx/kschool-tfm,clone_failed,False,0,0,0,,,0,0,0,0,0,False,,False,,False,,False,,False,,False,,error: could not lock config file D:/scan_tmp/scan_166fq3vz/repo/.git/config: No space left on device
https://github.com/javiermas/building-damage,clone_failed,False,0,0,0,,,0,0,0,0,0,False,,False,,False,,False,,False,,False,,error: could not lock config file D:/scan_tmp/scan_05bqm_6q/repo/.git/config: No space left on device
https://github.com/cuckookernel/CarND-Final-Project,clone_failed,False,0,0,0,,,0,0,0,0,0,False,,False,,False,,False,,False,,False,,error: could not lock config file D:/scan_tmp/scan_06sppezo/repo/.git/config: No space left on device
https://github.com/krishnap25/RFA,clone_failed,False,0,0,0,,,0,0,0,0,0,False,,False,,False,,False,,False,,False,,fatal: write error: No space left on device
https://github.com/njyjn/DanceDance1,clone_failed,False,0,0,0,,,0,0,0,0,0,False,,False,,False,,False,,False,,False,,error: copy-fd: write returned: No space left on device
https://github.com/hidetoshi-furukawa/CarND-Capstone,clone_failed,False,0,0,0,,,0,0,0,0,0,False,,False,,False,,False,,False,,False,,error: copy-fd: write returned: No space left on device
https://github.com/turmezzz/PineServer,clone_failed,False,0,0,0,,,0,0,0,0,0,False,,False,,False,,False,,False,,False,,error: copy-fd: write returned: No space left on device
https://github.com/gabrielbarcik/FlappyBird-RLComparison,clone_failed,False,0,0,0,,,0,0,0,0,0,False,,False,,False,,False,,False,,False,,error: copy-fd: write returned: No space left on device
https://github.com/MCYBA/A.V.A.,clone_failed,False,0,0,0,,,0,0,0,0,0,False,,False,,False,,False,,False,,False,,error: copy-fd: write returned: No space left on device
https://github.com/ShnitzelKiller/NeuralGymWithEXR,clone_failed,False,0,0,0,,,0,0,0,0,0,False,,False,,False,,False,,False,,False,,error: copy-fd: write returned: No space left on device
https://github.com/matrix00/Capstone-MissionPeak,clone_failed,False,0,0,0,,,0,0,0,0,0,False,,False,,False,,False,,False,,False,,error: copy-fd: write returned: No space left on device
https://github.com/ser94mor/self-driving-car-using-ros,clone_failed,False,0,0,0,,,0,0,0,0,0,False,,False,,False,,False,,False,,False,,error: copy-fd: write returned: No space left on device
https://github.com/arvieFrydenlund/bert,clone_failed,False,0,0,0,,,0,0,0,0,0,False,,False,,False,,False,,False,,False,,error: copy-fd: write returned: No space left on device
https://github.com/tcnguyen/bert,clone_failed,False,0,0,0,,,0,0,0,0,0,False,,False,,False,,False,,False,,False,,error: copy-fd: write returned: No space left on device
https://github.com/macanv/MQNLP,clone_failed,False,0,0,0,,,0,0,0,0,0,False,,False,,False,,False,,False,,False,,error: copy-fd: write returned: No space left on device
https://github.com/axitkhurana/hw,clone_failed,False,0,0,0,,,0,0,0,0,0,False,,False,,False,,False,,False,,False,,error: copy-fd: write returned: No space left on device
https://github.com/CyberZHG/keras-bert,clone_failed,False,0,0,0,,,0,0,0,0,0,False,,False,,False,,False,,False,,False,,error: copy-fd: write returned: No space left on device
https://github.com/mluszczyk/deepsat,clone_failed,False,0,0,0,,,0,0,0,0,0,False,,False,,False,,False,,False,,False,,error: copy-fd: write returned: No space left on device
https://github.com/mengqingmeng/facenet,clone_failed,False,0,0,0,,,0,0,0,0,0,False,,False,,False,,False,,False,,False,,error: copy-fd: write returned: No space left on device
https://github.com/brainysoon/depoma,clone_failed,False,0,0,0,,,0,0,0,0,0,False,,False,,False,,False,,False,,False,,fatal: cannot copy 'C:/Program Files/Git/mingw64/share/git-core/templates/hooks/pre-commit.sample' to 'D:/scan_tmp/scan_t11tfb0v/repo/.git/hooks/pre-commit.sample': No space left on device
https://github.com/sarahwolf32/DCGAN-for-MNIST,clone_failed,False,0,0,0,,,0,0,0,0,0,False,,False,,False,,False,,False,,False,,error: copy-fd: write returned: No space left on device
https://github.com/zdcuob/deep_learning_tensorflow,clone_failed,False,0,0,0,,,0,0,0,0,0,False,,False,,False,,False,,False,,False,,fatal: cannot copy 'C:/Program Files/Git/mingw64/share/git-core/templates/hooks/pre-commit.sample' to 'D:/scan_tmp/scan_rpz61vwi/repo/.git/hooks/pre-commit.sample': No space left on device
https://github.com/IBM/dstc-noesis,clone_failed,False,0,0,0,,,0,0,0,0,0,False,,False,,False,,False,,False,,False,,fatal: cannot copy 'C:/Program Files/Git/mingw64/share/git-core/templates/hooks/pre-commit.sample' to 'D:/scan_tmp/scan_x1ta60cv/repo/.git/hooks/pre-commit.sample': No space left on device
https://github.com/shanwenhao1/Machine-Learning,clone_failed,False,0,0,0,,,0,0,0,0,0,False,,False,,False,,False,,False,,False,,error: copy-fd: write returned: No space left on device
https://github.com/ryan-mccaffrey/cos598-project,clone_failed,False,0,0,0,,,0,0,0,0,0,False,,False,,False,,False,,False,,False,,error: copy-fd: write returned: No space left on device
https://github.com/10zinten/food-image-classifier,clone_failed,False,0,0,0,,,0,0,0,0,0,False,,False,,False,,False,,False,,False,,error: copy-fd: write returned: No space left on device
https://github.com/pkmital/CADL,clone_failed,False,0,0,0,,,0,0,0,0,0,False,,False,,False,,False,,False,,False,,error: copy-fd: write returned: No space left on device
https://github.com/we-have-no-name/Sentiment-Classifiers,clone_failed,False,0,0,0,,,0,0,0,0,0,False,,False,,False,,False,,False,,False,,error: copy-fd: write returned: No space left on device
https://github.com/mitchelljeff/hack1,clone_failed,False,0,0,0,,,0,0,0,0,0,False,,False,,False,,False,,False,,False,,error: copy-fd: write returned: No space left on device
https://github.com/jasonicarter/goodscifi,clone_failed,False,0,0,0,,,0,0,0,0,0,False,,False,,False,,False,,False,,False,,fatal: write error: No space left on device
https://github.com/ELIFE-ASU/AntTracking,clone_failed,False,0,0,0,,,0,0,0,0,0,False,,False,,False,,False,,False,,False,,error: copy-fd: write returned: No space left on device
https://github.com/unstoppables/Real-Self-Driving-Car,clone_failed,False,0,0,0,,,0,0,0,0,0,False,,False,,False,,False,,False,,False,,error: copy-fd: write returned: No space left on device
https://github.com/sdpython/ensae_projects,clone_failed,False,0,0,0,,,0,0,0,0,0,False,,False,,False,,False,,False,,False,,error: copy-fd: write returned: No space left on device
https://github.com/oplatek/e2end,clone_failed,False,0,0,0,,,0,0,0,0,0,False,,False,,False,,False,,False,,False,,fatal: cannot copy 'C:/Program Files/Git/mingw64/share/git-core/templates/hooks/pre-commit.sample' to 'D:/scan_tmp/scan_38l6sr6n/repo/.git/hooks/pre-commit.sample': No space left on device
https://github.com/josealberto-arcos-sanchez/deep-learning,clone_failed,False,0,0,0,,,0,0,0,0,0,False,,False,,False,,False,,False,,False,,error: copy-fd: write returned: No space left on device
https://github.com/sbaio/Restricted-Boltzmann-Machine,clone_failed,False,0,0,0,,,0,0,0,0,0,False,,False,,False,,False,,False,,False,,error: copy-fd: write returned: No space left on device
https://github.com/rkargon/Dope-Learning,clone_failed,False,0,0,0,,,0,0,0,0,0,False,,False,,False,,False,,False,,False,,error: copy-fd: write returned: No space left on device
https://github.com/UKPLab/emnlp2017-relation-extraction,clone_failed,False,0,0,0,,,0,0,0,0,0,False,,False,,False,,False,,False,,False,,fatal: cannot copy 'C:/Program Files/Git/mingw64/share/git-core/templates/hooks/pre-commit.sample' to 'D:/scan_tmp/scan_lu86i6sd/repo/.git/hooks/pre-commit.sample': No space left on device
https://github.com/aksarkar/nwas,clone_failed,False,0,0,0,,,0,0,0,0,0,False,,False,,False,,False,,False,,False,,error: copy-fd: write returned: No space left on device
https://github.com/fraunhofer-iais/rennet,clone_failed,False,0,0,0,,,0,0,0,0,0,False,,False,,False,,False,,False,,False,,fatal: cannot copy 'C:/Program Files/Git/mingw64/share/git-core/templates/hooks/pre-commit.sample' to 'D:/scan_tmp/scan_3k_slzq4/repo/.git/hooks/pre-commit.sample': No space left on device
https://github.com/raosushant/nd101deeplearning,clone_failed,False,0,0,0,,,0,0,0,0,0,False,,False,,False,,False,,False,,False,,error: copy-fd: write returned: No space left on device
https://github.com/globality-corp/sklearn-hierarchical-classification,clone_failed,False,0,0,0,,,0,0,0,0,0,False,,False,,False,,False,,False,,False,,fatal: cannot copy 'C:/Program Files/Git/mingw64/share/git-core/templates/hooks/pre-commit.sample' to 'D:/scan_tmp/scan_vqrh2wlu/repo/.git/hooks/pre-commit.sample': No space left on device
https://github.com/fbkarsdorp/textnet,clone_failed,False,0,0,0,,,0,0,0,0,0,False,,False,,False,,False,,False,,False,,fatal: cannot copy 'C:/Program Files/Git/mingw64/share/git-core/templates/hooks/pre-commit.sample' to 'D:/scan_tmp/scan_th316t5z/repo/.git/hooks/pre-commit.sample': No space left on device
https://github.com/quantopian/pyfolio,clone_failed,False,0,0,0,,,0,0,0,0,0,False,,False,,False,,False,,False,,False,,error: copy-fd: write returned: No space left on device
https://github.com/yandexdataschool/crayimage,clone_failed,False,0,0,0,,,0,0,0,0,0,False,,False,,False,,False,,False,,False,,error: copy-fd: write returned: No space left on device
https://github.com/jeremy-ma/gmmmc,clone_failed,False,0,0,0,,,0,0,0,0,0,False,,False,,False,,False,,False,,False,,error: copy-fd: write returned: No space left on device
https://github.com/darden1/python-predictionprice,clone_failed,False,0,0,0,,,0,0,0,0,0,False,,False,,False,,False,,False,,False,,error: copy-fd: write returned: No space left on device
https://github.com/S7evenrg/CostSensitiveClassification,clone_failed,False,0,0,0,,,0,0,0,0,0,False,,False,,False,,False,,False,,False,,fatal: cannot copy 'C:/Program Files/Git/mingw64/share/git-core/templates/hooks/pre-commit.sample' to 'D:/scan_tmp/scan_74pk8hia/repo/.git/hooks/pre-commit.sample': No space left on device
https://github.com/maljovec/topopy,clone_failed,False,0,0,0,,,0,0,0,0,0,False,,False,,False,,False,,False,,False,,fatal: cannot copy 'C:/Program Files/Git/mingw64/share/git-core/templates/hooks/pre-commit.sample' to 'D:/scan_tmp/scan_6hmm850x/repo/.git/hooks/pre-commit.sample': No space left on device
https://github.com/mzwiessele/topslam,clone_failed,False,0,0,0,,,0,0,0,0,0,False,,False,,False,,False,,False,,False,,error: copy-fd: write returned: No space left on device
https://github.com/ritkulk/myprojects,clone_failed,False,0,0,0,,,0,0,0,0,0,False,,False,,False,,False,,False,,False,,error: copy-fd: write returned: No space left on device
https://github.com/teshomegit/httpsDeep-Learning-Handwriting-Recognition,clone_failed,False,0,0,0,,,0,0,0,0,0,False,,False,,False,,False,,False,,False,,error: copy-fd: write returned: No space left on device
https://github.com/ratt-ru/montblanc,clone_failed,False,0,0,0,,,0,0,0,0,0,False,,False,,False,,False,,False,,False,,fatal: write error: No space left on device
https://github.com/richford/hbn-pod2-qc,clone_failed,False,0,0,0,,,0,0,0,0,0,False,,False,,False,,False,,False,,False,,error: copy-fd: write returned: No space left on device
https://github.com/boostcampaitech2/final-project-level3-cv-04,clone_failed,False,0,0,0,,,0,0,0,0,0,False,,False,,False,,False,,False,,False,,fatal: write error: No space left on device
https://github.com/romain-xu-darme/tarloader,clone_failed,False,0,0,0,,,0,0,0,0,0,False,,False,,False,,False,,False,,False,,error: copy-fd: write returned: No space left on device
https://github.com/susantabiswas/realtime-facial-emotion-analyzer,clone_failed,False,0,0,0,,,0,0,0,0,0,False,,False,,False,,False,,False,,False,,error: copy-fd: write returned: No space left on device
https://github.com/medicimage/AI_med_seg_app,clone_failed,False,0,0,0,,,0,0,0,0,0,False,,False,,False,,False,,False,,False,,error: copy-fd: write returned: No space left on device
https://github.com/kondratyevd/hmumu-coffea,clone_failed,False,0,0,0,,,0,0,0,0,0,False,,False,,False,,False,,False,,False,,error: copy-fd: write returned: No space left on device
https://github.com/sjoukedv/Learning-From-Data-Final-Project,clone_failed,False,0,0,0,,,0,0,0,0,0,False,,False,,False,,False,,False,,False,,error: copy-fd: write returned: No space left on device
https://github.com/RbChoi/objectDetection_android,clone_failed,False,0,0,0,,,0,0,0,0,0,False,,False,,False,,False,,False,,False,,error: copy-fd: write returned: No space left on device
https://github.com/GillesNicolet/Rakuten,clone_failed,False,0,0,0,,,0,0,0,0,0,False,,False,,False,,False,,False,,False,,fatal: write error: No space left on device
https://github.com/greny98/chest-xray,clone_failed,False,0,0,0,,,0,0,0,0,0,False,,False,,False,,False,,False,,False,,error: copy-fd: write returned: No space left on device
https://github.com/MathesFGremes/customization_YoLo_TF_2,clone_failed,False,0,0,0,,,0,0,0,0,0,False,,False,,False,,False,,False,,False,,fatal: write error: No space left on device
https://github.com/vldpro/SynEvaRec,clone_failed,False,0,0,0,,,0,0,0,0,0,False,,False,,False,,False,,False,,False,,error: copy-fd: write returned: No space left on device
https://github.com/bryaannc/CITS5553IndivRepo,clone_failed,False,0,0,0,,,0,0,0,0,0,False,,False,,False,,False,,False,,False,,fatal: cannot copy 'C:/Program Files/Git/mingw64/share/git-core/templates/hooks/pre-commit.sample' to 'D:/scan_tmp/scan_uu1dz_mw/repo/.git/hooks/pre-commit.sample': No space left on device
https://github.com/dmontemayor/autoplier,clone_failed,False,0,0,0,,,0,0,0,0,0,False,,False,,False,,False,,False,,False,,error: copy-fd: write returned: No space left on device
https://github.com/ethanluoyc/magi,clone_failed,False,0,0,0,,,0,0,0,0,0,False,,False,,False,,False,,False,,False,,error: copy-fd: write returned: No space left on device
https://github.com/mennchen22/udacity_capstone,clone_failed,False,0,0,0,,,0,0,0,0,0,False,,False,,False,,False,,False,,False,,error: copy-fd: write returned: No space left on device
https://github.com/AndreasAlbert/vbfml,clone_failed,False,0,0,0,,,0,0,0,0,0,False,,False,,False,,False,,False,,False,,error: copy-fd: write returned: No space left on device
https://github.com/GuptaAman01/Python_SeekACE,clone_failed,False,0,0,0,,,0,0,0,0,0,False,,False,,False,,False,,False,,False,,error: copy-fd: write returned: No space left on device
https://github.com/Xiaoyu98sun/davidho95-tfmonopoles.,clone_failed,False,0,0,0,,,0,0,0,0,0,False,,False,,False,,False,,False,,False,,error: copy-fd: write returned: No space left on device
https://github.com/UsamaMalick/Spotting-Fake-users-on-Twitter,clone_failed,False,0,0,0,,,0,0,0,0,0,False,,False,,False,,False,,False,,False,,error: copy-fd: write returned: No space left on device
https://github.com/ankit013/MaskRCNN_Pretrained,clone_failed,False,0,0,0,,,0,0,0,0,0,False,,False,,False,,False,,False,,False,,error: copy-fd: write returned: No space left on device
https://github.com/BradleyBrown19/DeepSimplexPivotFinder,clone_failed,False,0,0,0,,,0,0,0,0,0,False,,False,,False,,False,,False,,False,,error: copy-fd: write returned: No space left on device
https://github.com/mmore21/ai,clone_failed,False,0,0,0,,,0,0,0,0,0,False,,False,,False,,False,,False,,False,,error: copy-fd: write returned: No space left on device
https://github.com/miglca/ai-notion,clone_failed,False,0,0,0,,,0,0,0,0,0,False,,False,,False,,False,,False,,False,,error: copy-fd: write returned: No space left on device
https://github.com/mshinji/kago_backend,clone_failed,False,0,0,0,,,0,0,0,0,0,False,,False,,False,,False,,False,,False,,error: copy-fd: write returned: No space left on device
https://github.com/nik101999/lr3,clone_failed,False,0,0,0,,,0,0,0,0,0,False,,False,,False,,False,,False,,False,,error: copy-fd: write returned: No space left on device
https://github.com/artanata1/Artanata,clone_failed,False,0,0,0,,,0,0,0,0,0,False,,False,,False,,False,,False,,False,,error: copy-fd: write returned: No space left on device
https://github.com/mtsousa/Visao_Computacional,clone_failed,False,0,0,0,,,0,0,0,0,0,False,,False,,False,,False,,False,,False,,error: could not lock config file D:/scan_tmp/scan_z_78kouv/repo/.git/config: No space left on device
https://github.com/kenza-bouzid/TransUnet,clone_failed,False,0,0,0,,,0,0,0,0,0,False,,False,,False,,False,,False,,False,,error: copy-fd: write returned: No space left on device
https://github.com/aryang13/Emotion-Detector-and-Song-Suggestor-Web-App,clone_failed,False,0,0,0,,,0,0,0,0,0,False,,False,,False,,False,,False,,False,,error: copy-fd: write returned: No space left on device
https://github.com/tensorflow/decision-forests,clone_failed,False,0,0,0,,,0,0,0,0,0,False,,False,,False,,False,,False,,False,,fatal: write error: No space left on device
https://github.com/liyuan9988/IVOPEwithACME,clone_failed,False,0,0,0,,,0,0,0,0,0,False,,False,,False,,False,,False,,False,,error: copy-fd: write returned: No space left on device
https://github.com/kadirsinas/air-quality-prediction,clone_failed,False,0,0,0,,,0,0,0,0,0,False,,False,,False,,False,,False,,False,,error: copy-fd: write returned: No space left on device
https://github.com/hekaplex/resnet_dl,clone_failed,False,0,0,0,,,0,0,0,0,0,False,,False,,False,,False,,False,,False,,fatal: write error: No space left on device
https://github.com/jchen706/cnn,clone_failed,False,0,0,0,,,0,0,0,0,0,False,,False,,False,,False,,False,,False,,error: copy-fd: write returned: No space left on device
https://github.com/kureta/film,clone_failed,False,0,0,0,,,0,0,0,0,0,False,,False,,False,,False,,False,,False,,error: copy-fd: write returned: No space left on device
https://github.com/HiEST/cova-tuner,clone_failed,False,0,0,0,,,0,0,0,0,0,False,,False,,False,,False,,False,,False,,error: copy-fd: write returned: No space left on device
https://github.com/LearnerShape/lsgraph,clone_failed,False,0,0,0,,,0,0,0,0,0,False,,False,,False,,False,,False,,False,,error: copy-fd: write returned: No space left on device
https://github.com/avs11011/TF-sMLModelGarden,clone_failed,False,0,0,0,,,0,0,0,0,0,False,,False,,False,,False,,False,,False,,error: copy-fd: write returned: No space left on device
https://github.com/RichardVelder/Image-AI,clone_failed,False,0,0,0,,,0,0,0,0,0,False,,False,,False,,False,,False,,False,,error: copy-fd: write returned: No space left on device
https://github.com/martin-fabbri/tpu-workflow,clone_failed,False,0,0,0,,,0,0,0,0,0,False,,False,,False,,False,,False,,False,,error: copy-fd: write returned: No space left on device
https://github.com/francesco-vaselli/cmepda_vaselli,clone_failed,False,0,0,0,,,0,0,0,0,0,False,,False,,False,,False,,False,,False,,error: copy-fd: write returned: No space left on device
https://github.com/quanta-mental/Research,clone_failed,False,0,0,0,,,0,0,0,0,0,False,,False,,False,,False,,False,,False,,error: copy-fd: write returned: No space left on device
https://github.com/Talendar/nevopy,clone_failed,False,0,0,0,,,0,0,0,0,0,False,,False,,False,,False,,False,,False,,error: copy-fd: write returned: No space left on device
https://github.com/crismolav/ggnn,clone_failed,False,0,0,0,,,0,0,0,0,0,False,,False,,False,,False,,False,,False,,error: copy-fd: write returned: No space left on device
https://github.com/dalofeco/VideoClassifier,clone_failed,False,0,0,0,,,0,0,0,0,0,False,,False,,False,,False,,False,,False,,error: copy-fd: write returned: No space left on device
https://github.com/chiarabadiali/comp_scatt_ML,clone_failed,False,0,0,0,,,0,0,0,0,0,False,,False,,False,,False,,False,,False,,error: copy-fd: write returned: No space left on device
https://github.com/tzuhsial/IE-System,clone_failed,False,0,0,0,,,0,0,0,0,0,False,,False,,False,,False,,False,,False,,error: copy-fd: write returned: No space left on device
https://github.com/RudranshPratapSingh/AwesomeCodes,clone_failed,False,0,0,0,,,0,0,0,0,0,False,,False,,False,,False,,False,,False,,error: copy-fd: write returned: No space left on device
https://github.com/yingwaner/bert4wic,clone_failed,False,0,0,0,,,0,0,0,0,0,False,,False,,False,,False,,False,,False,,error: copy-fd: write returned: No space left on device
https://github.com/cliffordlab/BPimageTranscribe,clone_failed,False,0,0,0,,,0,0,0,0,0,False,,False,,False,,False,,False,,False,,error: copy-fd: write returned: No space left on device
https://github.com/VishnuNarayananSR/python-acoustic-master,clone_failed,False,0,0,0,,,0,0,0,0,0,False,,False,,False,,False,,False,,False,,error: copy-fd: write returned: No space left on device
https://github.com/actuarialdatascience/grupa_ads,clone_failed,False,0,0,0,,,0,0,0,0,0,False,,False,,False,,False,,False,,False,,error: copy-fd: write returned: No space left on device
https://github.com/andrew-alm/tensorfree,clone_failed,False,0,0,0,,,0,0,0,0,0,False,,False,,False,,False,,False,,False,,error: copy-fd: write returned: No space left on device
https://github.com/yuhaitao1994/LIC2019_Information_Extraction,clone_failed,False,0,0,0,,,0,0,0,0,0,False,,False,,False,,False,,False,,False,,error: copy-fd: write returned: No space left on device
https://github.com/fmselab/roby,clone_failed,False,0,0,0,,,0,0,0,0,0,False,,False,,False,,False,,False,,False,,fatal: write error: No space left on device
https://github.com/DKozl50/ThereAndNow,clone_failed,False,0,0,0,,,0,0,0,0,0,False,,False,,False,,False,,False,,False,,error: copy-fd: write returned: No space left on device
https://github.com/osirrc/nvsm-docker,clone_failed,False,0,0,0,,,0,0,0,0,0,False,,False,,False,,False,,False,,False,,error: copy-fd: write returned: No space left on device
https://github.com/xmironov/neutron-net,clone_failed,False,0,0,0,,,0,0,0,0,0,False,,False,,False,,False,,False,,False,,error: copy-fd: write returned: No space left on device
https://github.com/iisharankov/QuantumStateTomography,clone_failed,False,0,0,0,,,0,0,0,0,0,False,,False,,False,,False,,False,,False,,error: copy-fd: write returned: No space left on device
https://github.com/sushil79g/Nepali_nlp,clone_failed,False,0,0,0,,,0,0,0,0,0,False,,False,,False,,False,,False,,False,,error: copy-fd: write returned: No space left on device
https://github.com/colorfulscoop/tfdlg,clone_failed,False,0,0,0,,,0,0,0,0,0,False,,False,,False,,False,,False,,False,,error: copy-fd: write returned: No space left on device
https://github.com/trannamtrung1st/FQCS-Research,clone_failed,False,0,0,0,,,0,0,0,0,0,False,,False,,False,,False,,False,,False,,error: copy-fd: write returned: No space left on device
https://github.com/AkaneMatsu0210/bert,clone_failed,False,0,0,0,,,0,0,0,0,0,False,,False,,False,,False,,False,,False,,error: copy-fd: write returned: No space left on device
https://github.com/shiquanyang/GraphDialog,clone_failed,False,0,0,0,,,0,0,0,0,0,False,,False,,False,,False,,False,,False,,error: copy-fd: write returned: No space left on device
https://github.com/thaonguyen19/gated-graph-neural-network-samples,clone_failed,False,0,0,0,,,0,0,0,0,0,False,,False,,False,,False,,False,,False,,error: copy-fd: write returned: No space left on device
https://github.com/marcin119a/gw-predict,clone_failed,False,0,0,0,,,0,0,0,0,0,False,,False,,False,,False,,False,,False,,error: copy-fd: write returned: No space left on device
https://github.com/hungkyo/tstrade-private-fork,clone_failed,False,0,0,0,,,0,0,0,0,0,False,,False,,False,,False,,False,,False,,error: copy-fd: write returned: No space left on device
https://github.com/supersimple33/Battleship_Modeling,clone_failed,False,0,0,0,,,0,0,0,0,0,False,,False,,False,,False,,False,,False,,error: copy-fd: write returned: No space left on device
https://github.com/harrywang/tutorial-buffet,clone_failed,False,0,0,0,,,0,0,0,0,0,False,,False,,False,,False,,False,,False,,error: copy-fd: write returned: No space left on device
https://github.com/drewmee/PyEEM,clone_failed,False,0,0,0,,,0,0,0,0,0,False,,False,,False,,False,,False,,False,,error: copy-fd: write returned: No space left on device
https://github.com/rillab/SMALL_ANIMAL,clone_failed,False,0,0,0,,,0,0,0,0,0,False,,False,,False,,False,,False,,False,,error: copy-fd: write returned: No space left on device
https://github.com/PEBpung/Aiffel,clone_failed,False,0,0,0,,,0,0,0,0,0,False,,False,,False,,False,,False,,False,,error: copy-fd: write returned: No space left on device
https://github.com/jambit/sensAI,clone_failed,False,0,0,0,,,0,0,0,0,0,False,,False,,False,,False,,False,,False,,error: copy-fd: write returned: No space left on device
https://github.com/minsuk-sung/intel-image-classification,clone_failed,False,0,0,0,,,0,0,0,0,0,False,,False,,False,,False,,False,,False,,error: copy-fd: write returned: No space left on device
https://github.com/chaosignal/ai.ml.dl,clone_failed,False,0,0,0,,,0,0,0,0,0,False,,False,,False,,False,,False,,False,,error: copy-fd: write returned: No space left on device
https://github.com/TomGalla11/models,clone_failed,False,0,0,0,,,0,0,0,0,0,False,,False,,False,,False,,False,,False,,error: copy-fd: write returned: No space left on device
https://github.com/guicho271828/latplan-fosae,clone_failed,False,0,0,0,,,0,0,0,0,0,False,,False,,False,,False,,False,,False,,error: copy-fd: write returned: No space left on device
https://github.com/Sardhendu/CarND-Capstone,clone_failed,False,0,0,0,,,0,0,0,0,0,False,,False,,False,,False,,False,,False,,error: copy-fd: write returned: No space left on device
https://github.com/1995-si/Bag-damage-detection,clone_failed,False,0,0,0,,,0,0,0,0,0,False,,False,,False,,False,,False,,False,,fatal: write error: No space left on device
https://github.com/old-school-vienna/kaggle,clone_failed,False,0,0,0,,,0,0,0,0,0,False,,False,,False,,False,,False,,False,,error: copy-fd: write returned: No space left on device
https://github.com/googleinterns/via-content-understanding,clone_failed,False,0,0,0,,,0,0,0,0,0,False,,False,,False,,False,,False,,False,,error: copy-fd: write returned: No space left on device
https://github.com/blackeye735/Udacity-Deep-Learning-Nanodegree-Workspace,clone_failed,False,0,0,0,,,0,0,0,0,0,False,,False,,False,,False,,False,,False,,error: copy-fd: write returned: No space left on device
https://github.com/Esbella1314/BloodCells-Dectection,clone_failed,False,0,0,0,,,0,0,0,0,0,False,,False,,False,,False,,False,,False,,error: copy-fd: write returned: No space left on device
https://github.com/DeligientSloth/QQsim,clone_failed,False,0,0,0,,,0,0,0,0,0,False,,False,,False,,False,,False,,False,,fatal: write error: No space left on device
https://github.com/greenlans/Mask_RCNN,clone_failed,False,0,0,0,,,0,0,0,0,0,False,,False,,False,,False,,False,,False,,error: copy-fd: write returned: No space left on device
https://github.com/Domyy95/Artificial-Intelligence-Projects,clone_failed,False,0,0,0,,,0,0,0,0,0,False,,False,,False,,False,,False,,False,,error: copy-fd: write returned: No space left on device
https://github.com/vedantchandra/wdtools,clone_failed,False,0,0,0,,,0,0,0,0,0,False,,False,,False,,False,,False,,False,,error: copy-fd: write returned: No space left on device
https://github.com/Kirili4ik/code2vec,clone_failed,False,0,0,0,,,0,0,0,0,0,False,,False,,False,,False,,False,,False,,error: copy-fd: write returned: No space left on device
https://github.com/vgkortsas/Transformer,clone_failed,False,0,0,0,,,0,0,0,0,0,False,,False,,False,,False,,False,,False,,error: copy-fd: write returned: No space left on device
https://github.com/gilles666/tensorflow_models,clone_failed,False,0,0,0,,,0,0,0,0,0,False,,False,,False,,False,,False,,False,,error: copy-fd: write returned: No space left on device
https://github.com/Ibotta/mr_uplift,clone_failed,False,0,0,0,,,0,0,0,0,0,False,,False,,False,,False,,False,,False,,error: copy-fd: write returned: No space left on device
https://github.com/DariaMikhailovna/Algorithms,clone_failed,False,0,0,0,,,0,0,0,0,0,False,,False,,False,,False,,False,,False,,error: copy-fd: write returned: No space left on device
https://github.com/wjkaufman/rl_pulse,clone_failed,False,0,0,0,,,0,0,0,0,0,False,,False,,False,,False,,False,,False,,fatal: write error: No space left on device
https://github.com/voxel51/pandemic51,clone_failed,False,0,0,0,,,0,0,0,0,0,False,,False,,False,,False,,False,,False,,error: copy-fd: write returned: No space left on device
https://github.com/johntiger1/multitask_multimodal,clone_failed,False,0,0,0,,,0,0,0,0,0,False,,False,,False,,False,,False,,False,,error: copy-fd: write returned: No space left on device
https://github.com/nperraud/gan_audio_inpainting,clone_failed,False,0,0,0,,,0,0,0,0,0,False,,False,,False,,False,,False,,False,,error: copy-fd: write returned: No space left on device
https://github.com/Jwuthri/Maupassant,clone_failed,False,0,0,0,,,0,0,0,0,0,False,,False,,False,,False,,False,,False,,error: copy-fd: write returned: No space left on device
https://github.com/Sayter99/face_recognition_ultra_light,clone_failed,False,0,0,0,,,0,0,0,0,0,False,,False,,False,,False,,False,,False,,error: copy-fd: write returned: No space left on device
https://github.com/djproc/HCMVcc_MaskRCNN,clone_failed,False,0,0,0,,,0,0,0,0,0,False,,False,,False,,False,,False,,False,,error: copy-fd: write returned: No space left on device
https://github.com/TheRensselaerIDEA/synthetic_data,clone_failed,False,0,0,0,,,0,0,0,0,0,False,,False,,False,,False,,False,,False,,error: copy-fd: write returned: No space left on device
https://github.com/google-research/tensorflow_constrained_optimization,clone_failed,False,0,0,0,,,0,0,0,0,0,False,,False,,False,,False,,False,,False,,fatal: write error: No space left on device
https://github.com/PacktPublishing/Mobile-Deep-Learning-Projects,clone_failed,False,0,0,0,,,0,0,0,0,0,False,,False,,False,,False,,False,,False,,error: copy-fd: write returned: No space left on device
https://github.com/IBATS/IBATS_Common,clone_failed,False,0,0,0,,,0,0,0,0,0,False,,False,,False,,False,,False,,False,,error: copy-fd: write returned: No space left on device
https://github.com/Paulymorphous/skeyenet,clone_failed,False,0,0,0,,,0,0,0,0,0,False,,False,,False,,False,,False,,False,,error: copy-fd: write returned: No space left on device
https://github.com/tnewman63/Python-Algorithms,clone_failed,False,0,0,0,,,0,0,0,0,0,False,,False,,False,,False,,False,,False,,error: copy-fd: write returned: No space left on device
https://github.com/ksteinfe/runway_sketch2pix,clone_failed,False,0,0,0,,,0,0,0,0,0,False,,False,,False,,False,,False,,False,,error: copy-fd: write returned: No space left on device
https://github.com/awei799331/MTG-Investor-s-Grail,clone_failed,False,0,0,0,,,0,0,0,0,0,False,,False,,False,,False,,False,,False,,error: copy-fd: write returned: No space left on device
https://github.com/FireRedNinja/generative-music,clone_failed,False,0,0,0,,,0,0,0,0,0,False,,False,,False,,False,,False,,False,,error: copy-fd: write returned: No space left on device
https://github.com/soroosh-rz/Deep-Reinforcement-Learning,clone_failed,False,0,0,0,,,0,0,0,0,0,False,,False,,False,,False,,False,,False,,fatal: write error: No space left on device
https://github.com/google-research/albert,clone_failed,False,0,0,0,,,0,0,0,0,0,False,,False,,False,,False,,False,,False,,error: copy-fd: write returned: No space left on device
https://github.com/DragonWarrior15/snake-rl,clone_failed,False,0,0,0,,,0,0,0,0,0,False,,False,,False,,False,,False,,False,,fatal: write error: No space left on device
https://github.com/shahzadafarhad/cloud-dataproc,clone_failed,False,0,0,0,,,0,0,0,0,0,False,,False,,False,,False,,False,,False,,error: copy-fd: write returned: No space left on device
https://github.com/kasim95/ApexGO-Part-3,clone_failed,False,0,0,0,,,0,0,0,0,0,False,,False,,False,,False,,False,,False,,error: copy-fd: write returned: No space left on device
https://github.com/XingmingQu/MLfacenet,clone_failed,False,0,0,0,,,0,0,0,0,0,False,,False,,False,,False,,False,,False,,error: copy-fd: write returned: No space left on device
https://github.com/xuzhezhaozhao/bert_reading,clone_failed,False,0,0,0,,,0,0,0,0,0,False,,False,,False,,False,,False,,False,,error: copy-fd: write returned: No space left on device
https://github.com/coursehero/ai-odsc-workshop-2019,clone_failed,False,0,0,0,,,0,0,0,0,0,False,,False,,False,,False,,False,,False,,error: copy-fd: write returned: No space left on device
https://github.com/ajajaymurala/handsonml,clone_failed,False,0,0,0,,,0,0,0,0,0,False,,False,,False,,False,,False,,False,,error: copy-fd: write returned: No space left on device
https://github.com/LuoTailong/Algorithms,clone_failed,False,0,0,0,,,0,0,0,0,0,False,,False,,False,,False,,False,,False,,error: copy-fd: write returned: No space left on device
https://github.com/patricksferraz/learning,clone_failed,False,0,0,0,,,0,0,0,0,0,False,,False,,False,,False,,False,,False,,fatal: write error: No space left on device
https://github.com/nuruzzaman/MyPhD-Chatbot,clone_failed,False,0,0,0,,,0,0,0,0,0,False,,False,,False,,False,,False,,False,,error: copy-fd: write returned: No space left on device
https://github.com/vafaei-ar/drama,clone_failed,False,0,0,0,,,0,0,0,0,0,False,,False,,False,,False,,False,,False,,error: copy-fd: write returned: No space left on device
https://github.com/VSkdinu/DL,clone_failed,False,0,0,0,,,0,0,0,0,0,False,,False,,False,,False,,False,,False,,error: copy-fd: write returned: No space left on device
https://github.com/engineerskkw/WinTacToe,clone_failed,False,0,0,0,,,0,0,0,0,0,False,,False,,False,,False,,False,,False,,error: copy-fd: write returned: No space left on device
https://github.com/yongsheng268/sparkflow,clone_failed,False,0,0,0,,,0,0,0,0,0,False,,False,,False,,False,,False,,False,,error: copy-fd: write returned: No space left on device
https://github.com/tensorlayer/RLzoo,clone_failed,False,0,0,0,,,0,0,0,0,0,False,,False,,False,,False,,False,,False,,error: copy-fd: write returned: No space left on device
https://github.com/Edison1847/Mask_RCNN_Thy,clone_failed,False,0,0,0,,,0,0,0,0,0,False,,False,,False,,False,,False,,False,,error: copy-fd: write returned: No space left on device
https://github.com/josealeixopc/gym-diplomacy,clone_failed,False,0,0,0,,,0,0,0,0,0,False,,False,,False,,False,,False,,False,,error: copy-fd: write returned: No space left on device
https://github.com/eliorc/tavolo,clone_failed,False,0,0,0,,,0,0,0,0,0,False,,False,,False,,False,,False,,False,,error: copy-fd: write returned: No space left on device
https://github.com/gitskim/DnntalPrivate,clone_failed,False,0,0,0,,,0,0,0,0,0,False,,False,,False,,False,,False,,False,,error: copy-fd: write returned: No space left on device
https://github.com/wywongbd/pairstrade-fyp-2019,clone_failed,False,0,0,0,,,0,0,0,0,0,False,,False,,False,,False,,False,,False,,error: copy-fd: write returned: No space left on device
https://github.com/AdityaDTewari/Google_Cloud_Specialization,clone_failed,False,0,0,0,,,0,0,0,0,0,False,,False,,False,,False,,False,,False,,error: copy-fd: write returned: No space left on device
https://github.com/CRSilkworth/wtrwrks,clone_failed,False,0,0,0,,,0,0,0,0,0,False,,False,,False,,False,,False,,False,,error: copy-fd: write returned: No space left on device
https://github.com/ukiras123/ml-temp,clone_failed,False,0,0,0,,,0,0,0,0,0,False,,False,,False,,False,,False,,False,,error: copy-fd: write returned: No space left on device
https://github.com/nic7aller/Greatle,clone_failed,False,0,0,0,,,0,0,0,0,0,False,,False,,False,,False,,False,,False,,error: copy-fd: write returned: No space left on device
https://github.com/brunocalogero/LowPowerActionRecognition,clone_failed,False,0,0,0,,,0,0,0,0,0,False,,False,,False,,False,,False,,False,,error: copy-fd: write returned: No space left on device
https://github.com/bartcode/gcp-ml-framework,clone_failed,False,0,0,0,,,0,0,0,0,0,False,,False,,False,,False,,False,,False,,error: copy-fd: write returned: No space left on device
https://github.com/barisozmen/deepaugment,clone_failed,False,0,0,0,,,0,0,0,0,0,False,,False,,False,,False,,False,,False,,error: copy-fd: write returned: No space left on device
https://github.com/wesselb/varz,clone_failed,False,0,0,0,,,0,0,0,0,0,False,,False,,False,,False,,False,,False,,error: copy-fd: write returned: No space left on device
https://github.com/hsm207/bert_attn_viz,clone_failed,False,0,0,0,,,0,0,0,0,0,False,,False,,False,,False,,False,,False,,error: copy-fd: write returned: No space left on device
https://github.com/JaehunKim-DeepLearning/Kakao_ShoppingMall,clone_failed,False,0,0,0,,,0,0,0,0,0,False,,False,,False,,False,,False,,False,,error: copy-fd: write returned: No space left on device
https://github.com/JarnoRFB/incense,clone_failed,False,0,0,0,,,0,0,0,0,0,False,,False,,False,,False,,False,,False,,error: copy-fd: write returned: No space left on device
https://github.com/jimportico/ml_engineer_nanodegree,clone_failed,False,0,0,0,,,0,0,0,0,0,False,,False,,False,,False,,False,,False,,fatal: cannot copy 'C:/Program Files/Git/mingw64/share/git-core/templates/hooks/pre-commit.sample' to 'D:/scan_tmp/scan_dxnrsb67/repo/.git/hooks/pre-commit.sample': No space left on device
https://github.com/simonm3/maskr,clone_failed,False,0,0,0,,,0,0,0,0,0,False,,False,,False,,False,,False,,False,,error: copy-fd: write returned: No space left on device
https://github.com/Roboy/nips-2018-ai-for-prosthetics,clone_failed,False,0,0,0,,,0,0,0,0,0,False,,False,,False,,False,,False,,False,,error: copy-fd: write returned: No space left on device
https://github.com/Raiszo/ppo-4Quadrotor,clone_failed,False,0,0,0,,,0,0,0,0,0,False,,False,,False,,False,,False,,False,,error: copy-fd: write returned: No space left on device
https://github.com/thunderhoser/GewitterGefahr,clone_failed,False,0,0,0,,,0,0,0,0,0,False,,False,,False,,False,,False,,False,,error: copy-fd: write returned: No space left on device
https://github.com/Anonymous788/YOLO_BlockCir,clone_failed,False,0,0,0,,,0,0,0,0,0,False,,False,,False,,False,,False,,False,,error: copy-fd: write returned: No space left on device
https://github.com/willthd/Machine-Learning,clone_failed,False,0,0,0,,,0,0,0,0,0,False,,False,,False,,False,,False,,False,,error: copy-fd: write returned: No space left on device
https://github.com/DavidNemeskey/cc_emergency_corpus,clone_failed,False,0,0,0,,,0,0,0,0,0,False,,False,,False,,False,,False,,False,,error: copy-fd: write returned: No space left on device
https://github.com/act65/mri-reconstruction,clone_failed,False,0,0,0,,,0,0,0,0,0,False,,False,,False,,False,,False,,False,,error: copy-fd: write returned: No space left on device
https://github.com/rydub/tabla_heart_failure,clone_failed,False,0,0,0,,,0,0,0,0,0,False,,False,,False,,False,,False,,False,,error: copy-fd: write returned: No space left on device
https://github.com/tangbao/ECE568-CourseProject-RuRich,clone_failed,False,0,0,0,,,0,0,0,0,0,False,,False,,False,,False,,False,,False,,error: copy-fd: write returned: No space left on device
https://github.com/robertah/nlu_project,clone_failed,False,0,0,0,,,0,0,0,0,0,False,,False,,False,,False,,False,,False,,error: copy-fd: write returned: No space left on device
https://github.com/datadominik/CarND-Capstone,clone_failed,False,0,0,0,,,0,0,0,0,0,False,,False,,False,,False,,False,,False,,error: copy-fd: write returned: No space left on device
https://github.com/bradyz/vision,clone_failed,False,0,0,0,,,0,0,0,0,0,False,,False,,False,,False,,False,,False,,error: copy-fd: write returned: No space left on device
https://github.com/leojo/CIL-project-streets,clone_failed,False,0,0,0,,,0,0,0,0,0,False,,False,,False,,False,,False,,False,,error: copy-fd: write returned: No space left on device
https://github.com/yzhq97/cnn-registration,clone_failed,False,0,0,0,,,0,0,0,0,0,False,,False,,False,,False,,False,,False,,error: copy-fd: write returned: No space left on device
https://github.com/nfmcclure/tensorflow_cookbook,clone_failed,False,0,0,0,,,0,0,0,0,0,False,,False,,False,,False,,False,,False,,error: copy-fd: write returned: No space left on device
https://github.com/davidawad/Capstone,clone_failed,False,0,0,0,,,0,0,0,0,0,False,,False,,False,,False,,False,,False,,error: copy-fd: write returned: No space left on device
https://github.com/tensorlang/tensorlang,clone_failed,False,0,0,0,,,0,0,0,0,0,False,,False,,False,,False,,False,,False,,error: copy-fd: write returned: No space left on device
https://github.com/garciparedes/python-examples,clone_failed,False,0,0,0,,,0,0,0,0,0,False,,False,,False,,False,,False,,False,,error: copy-fd: write returned: No space left on device
https://github.com/canglade/NLP,clone_failed,False,0,0,0,,,0,0,0,0,0,False,,False,,False,,False,,False,,False,,error: copy-fd: write returned: No space left on device
https://github.com/racinmat/KITTI-GAN,clone_failed,False,0,0,0,,,0,0,0,0,0,False,,False,,False,,False,,False,,False,,error: copy-fd: write returned: No space left on device
https://github.com/yhbyhb/deep-learning,clone_failed,False,0,0,0,,,0,0,0,0,0,False,,False,,False,,False,,False,,False,,error: copy-fd: write returned: No space left on device
https://github.com/tf-coreml/tf-coreml,clone_failed,False,0,0,0,,,0,0,0,0,0,False,,False,,False,,False,,False,,False,,error: copy-fd: write returned: No space left on device
https://github.com/VigneshSrinivasan10/interprettensor,clone_failed,False,0,0,0,,,0,0,0,0,0,False,,False,,False,,False,,False,,False,,error: copy-fd: write returned: No space left on device
