repo,status,verified,stages_present,dockerfiles_found,entry_points_resolved,entry_files,entry_route,reachable_files,total_functions,max_depth,parse_errors,dynamic_imports,data_acquisition,data_acquisition_evidence,data_preparation,data_preparation_evidence,modeling,modeling_evidence,training,training_evidence,evaluation,evaluation_evidence,inference,inference_evidence,detail
https://github.com/saltyseadawg/tonami-package,no_entry,False,0,2,0,,,0,0,0,0,0,False,,False,,False,,False,,False,,False,,Dockerfile(s) found but no Python entry point could be resolved
https://github.com/Magnushhoie/MLOps_sequences,no_entry,False,0,1,0,,,0,0,0,0,0,False,,False,,False,,False,,False,,False,,Dockerfile(s) found but no Python entry point could be resolved
https://github.com/UBC-MDS/lrasm,no_dockerfile,False,0,0,0,,,0,0,0,0,0,False,,False,,False,,False,,False,,False,,no Dockerfile and no fallback entry point found
https://github.com/hyang0129/2022TSR,no_dockerfile,False,0,0,0,,,0,0,0,0,0,False,,False,,False,,False,,False,,False,,no Dockerfile and no fallback entry point found
https://github.com/samiwilf/dlrm_from_shz0116,no_entry,False,0,1,0,,,0,0,0,0,0,False,,False,,False,,False,,False,,False,,Dockerfile(s) found but no Python entry point could be resolved
https://github.com/tinyms-ai/tinyms,no_entry,False,0,15,0,,,0,0,0,0,0,False,,False,,False,,False,,False,,False,,Dockerfile(s) found but no Python entry point could be resolved
https://github.com/juanhenao21/job-application,no_dockerfile,False,0,0,0,,,0,0,0,0,0,False,,False,,False,,False,,False,,False,,no Dockerfile and no fallback entry point found
https://github.com/VestiDev/python_devops_2019-book,no_entry,False,0,4,0,,,0,0,0,0,0,False,,False,,False,,False,,False,,False,,Dockerfile(s) found but no Python entry point could be resolved
https://github.com/stager108/metamorphic,no_entry,False,0,4,0,,,0,0,0,0,0,False,,False,,False,,False,,False,,False,,Dockerfile(s) found but no Python entry point could be resolved
https://github.com/ihash5/reinforcement-learning,no_dockerfile,False,0,0,0,,,0,0,0,0,0,False,,False,,False,,False,,False,,False,,no Dockerfile and no fallback entry point found
https://github.com/ctigaret/scipyen,no_dockerfile,False,0,0,0,,,0,0,0,0,0,False,,False,,False,,False,,False,,False,,no Dockerfile and no fallback entry point found
https://github.com/maxongchinhee/streamlit-example,no_dockerfile,False,0,0,0,,,0,0,0,0,0,False,,False,,False,,False,,False,,False,,no Dockerfile and no fallback entry point found
https://github.com/GabrielPila/skmob_mmc_mobility,no_dockerfile,False,0,0,0,,,0,0,0,0,0,False,,False,,False,,False,,False,,False,,no Dockerfile and no fallback entry point found
https://github.com/fastforwardlabs/continuous-monitoring,ok,False,4,0,1,scripts\train.py,fallback_nested,1,0,0,0,0,True,scripts/train.py:53 pd.read_pickle [matched pd.read_pickle],True,scripts/train.py:63 sklearn.pipeline.Pipeline [matched sklearn.pipeline.Pipeline],True,scripts/train.py:87 sklearn.linear_model.Ridge [matched Ridge],True,scripts/train.py:94 sklearn.model_selection.GridSearchCV [matched GridSearchCV],False,,False,,"unverified: missing stages: evaluation, inference"
https://github.com/dme48/dataglacier-internship,no_dockerfile,False,0,0,0,,,0,0,0,0,0,False,,False,,False,,False,,False,,False,,no Dockerfile and no fallback entry point found
https://github.com/XiaoyongNI/Deep-Learning-Project,no_dockerfile,False,0,0,0,,,0,0,0,0,0,False,,False,,False,,False,,False,,False,,no Dockerfile and no fallback entry point found
https://github.com/elbo7777/P7_TdB,no_dockerfile,False,0,0,0,,,0,0,0,0,0,False,,False,,False,,False,,False,,False,,no Dockerfile and no fallback entry point found
https://github.com/theislab/pertpy,no_dockerfile,False,0,0,0,,,0,0,0,0,0,False,,False,,False,,False,,False,,False,,no Dockerfile and no fallback entry point found
https://github.com/redwoodresearch/mlab,no_dockerfile,False,0,0,0,,,0,0,0,0,0,False,,False,,False,,False,,False,,False,,no Dockerfile and no fallback entry point found
https://github.com/frankkramer-lab/miseval,no_dockerfile,False,0,0,0,,,0,0,0,0,0,False,,False,,False,,False,,False,,False,,no Dockerfile and no fallback entry point found
https://github.com/joaoambiente/ml4eo-bootcamp-2021,no_dockerfile,False,0,0,0,,,0,0,0,0,0,False,,False,,False,,False,,False,,False,,no Dockerfile and no fallback entry point found
https://github.com/froukje/mardata-training,no_dockerfile,False,0,0,0,,,0,0,0,0,0,False,,False,,False,,False,,False,,False,,no Dockerfile and no fallback entry point found
https://github.com/youheekil/project_europa,no_dockerfile,False,0,0,0,,,0,0,0,0,0,False,,False,,False,,False,,False,,False,,no Dockerfile and no fallback entry point found
https://github.com/UKRIN-MAPS/ukat,no_dockerfile,False,0,0,0,,,0,0,0,0,0,False,,False,,False,,False,,False,,False,,no Dockerfile and no fallback entry point found
https://github.com/roldanx/mlflow_trials,ok,False,1,5,1,app\app.py,fallback_nested,1,8,0,0,0,False,,False,,False,,False,,False,,True,app/app.py:13 flask.Flask [matched Flask],"unverified: missing stages: data_acquisition, data_preparation, modeling, training, evaluation"
https://github.com/onurem/GSE---TEAM-A,no_dockerfile,False,0,0,0,,,0,0,0,0,0,False,,False,,False,,False,,False,,False,,no Dockerfile and no fallback entry point found
https://github.com/CS231/cs224d-copy,no_dockerfile,False,0,0,0,,,0,0,0,0,0,False,,False,,False,,False,,False,,False,,no Dockerfile and no fallback entry point found
https://github.com/borisbaldassari/aice-aura,no_entry,False,0,3,0,,,0,0,0,0,0,False,,False,,False,,False,,False,,False,,Dockerfile(s) found but no Python entry point could be resolved
https://github.com/kevinhu/many,no_dockerfile,False,0,0,0,,,0,0,0,0,0,False,,False,,False,,False,,False,,False,,no Dockerfile and no fallback entry point found
https://github.com/iossifovlab/gpf,no_entry,False,0,11,0,,,0,0,0,0,0,False,,False,,False,,False,,False,,False,,Dockerfile(s) found but no Python entry point could be resolved
https://github.com/faridrashidi/scphylo-tools,no_dockerfile,False,0,0,0,,,0,0,0,0,0,False,,False,,False,,False,,False,,False,,no Dockerfile and no fallback entry point found
https://github.com/Yzyz-99/sentiment-analysis-in-business,no_dockerfile,False,0,0,0,,,0,0,0,0,0,False,,False,,False,,False,,False,,False,,no Dockerfile and no fallback entry point found
https://github.com/flrivera/Pet-Lab,no_dockerfile,False,0,0,0,,,0,0,0,0,0,False,,False,,False,,False,,False,,False,,no Dockerfile and no fallback entry point found
https://github.com/21WelfareForEveryone/Welfare-For-Everyone-DataAI,no_dockerfile,False,0,0,0,,,0,0,0,0,0,False,,False,,False,,False,,False,,False,,no Dockerfile and no fallback entry point found
https://github.com/ThinamXx/ComputerVision,no_dockerfile,False,0,0,0,,,0,0,0,0,0,False,,False,,False,,False,,False,,False,,no Dockerfile and no fallback entry point found
https://github.com/oylab/oyLabImaging,no_dockerfile,False,0,0,0,,,0,0,0,0,0,False,,False,,False,,False,,False,,False,,no Dockerfile and no fallback entry point found
https://github.com/ploomber/soopervisor,no_entry,False,0,6,0,,,0,0,0,0,0,False,,False,,False,,False,,False,,False,,Dockerfile(s) found but no Python entry point could be resolved
https://github.com/thobauma/AADefDINO,no_dockerfile,False,0,0,0,,,0,0,0,0,0,False,,False,,False,,False,,False,,False,,no Dockerfile and no fallback entry point found
https://github.com/HumbertMonnot/data-challenges,no_entry,False,0,1,0,,,0,0,0,0,0,False,,False,,False,,False,,False,,False,,Dockerfile(s) found but no Python entry point could be resolved
https://github.com/victory-hash/Jitterbug,ok,False,2,0,1,src\main.py,fallback_nested,1,20,0,0,0,True,src/main.py:25 pd.read_csv [matched pd.read_csv],True,src/main.py:116 np.nan_to_num [matched np.nan_to_num],False,,False,,False,,False,,"unverified: missing stages: modeling, training, evaluation, inference"
https://github.com/jerdra/fieldopt,no_entry,False,0,1,0,,,0,0,0,0,0,False,,False,,False,,False,,False,,False,,Dockerfile(s) found but no Python entry point could be resolved
https://github.com/NerdyMuppet/udacity_proj_4,no_dockerfile,False,0,0,0,,,0,0,0,0,0,False,,False,,False,,False,,False,,False,,no Dockerfile and no fallback entry point found
https://github.com/Fiona-600/Machine-Learning-and-Statistics-Project,no_dockerfile,False,0,0,0,,,0,0,0,0,0,False,,False,,False,,False,,False,,False,,no Dockerfile and no fallback entry point found
https://github.com/fod/machine-learning-statistics,no_dockerfile,False,0,0,0,,,0,0,0,0,0,False,,False,,False,,False,,False,,False,,no Dockerfile and no fallback entry point found
https://github.com/PritishWadhwa/Making-Emojis-More-Predictable,no_dockerfile,False,0,0,0,,,0,0,0,0,0,False,,False,,False,,False,,False,,False,,no Dockerfile and no fallback entry point found
https://github.com/micheldc55/testing_fastai,no_dockerfile,False,0,0,0,,,0,0,0,0,0,False,,False,,False,,False,,False,,False,,no Dockerfile and no fallback entry point found
https://github.com/justingodden/apollo,no_entry,False,0,3,0,,,0,0,0,0,0,False,,False,,False,,False,,False,,False,,Dockerfile(s) found but no Python entry point could be resolved
https://github.com/arima0714/Lab00,no_entry,False,0,1,0,,,0,0,0,0,0,False,,False,,False,,False,,False,,False,,Dockerfile(s) found but no Python entry point could be resolved
https://github.com/rodolphomacedo/statistical_rethinking_pt_BR,no_entry,False,0,1,0,,,0,0,0,0,0,False,,False,,False,,False,,False,,False,,Dockerfile(s) found but no Python entry point could be resolved
https://github.com/floregol/Alforhuman,no_entry,False,0,1,0,,,0,0,0,0,0,False,,False,,False,,False,,False,,False,,Dockerfile(s) found but no Python entry point could be resolved
https://github.com/tomasvbg/tomasvbg_ML,no_dockerfile,False,0,0,0,,,0,0,0,0,0,False,,False,,False,,False,,False,,False,,no Dockerfile and no fallback entry point found
https://github.com/takuti/prelims,no_dockerfile,False,0,0,0,,,0,0,0,0,0,False,,False,,False,,False,,False,,False,,no Dockerfile and no fallback entry point found
https://github.com/softlab-unimore/AE4ND,no_dockerfile,False,0,0,0,,,0,0,0,0,0,False,,False,,False,,False,,False,,False,,no Dockerfile and no fallback entry point found
https://github.com/pengkangzaia/Q-LSTM,no_dockerfile,False,0,0,0,,,0,0,0,0,0,False,,False,,False,,False,,False,,False,,no Dockerfile and no fallback entry point found
https://github.com/justincurl/Adroit_GenderBias_CheXNet,no_dockerfile,False,0,0,0,,,0,0,0,0,0,False,,False,,False,,False,,False,,False,,no Dockerfile and no fallback entry point found
https://github.com/L0ad1n6/Banana-Bot,ok,False,0,0,1,src\main.py,fallback_nested,1,1,0,0,0,False,,False,,False,,False,,False,,False,,"unverified: missing stages: data_acquisition, data_preparation, modeling, training, evaluation, inference"
https://github.com/jollyjiyoun/mimic3_icu_mortality,no_dockerfile,False,0,0,0,,,0,0,0,0,0,False,,False,,False,,False,,False,,False,,no Dockerfile and no fallback entry point found
https://github.com/boostcampaitech2/final-project-level3-nlp-04,no_dockerfile,False,0,0,0,,,0,0,0,0,0,False,,False,,False,,False,,False,,False,,no Dockerfile and no fallback entry point found
https://github.com/Kaomsos/SegVectorizer,ok,False,4,0,1,segvec\main.py,fallback_nested,21,269,4,0,4,True,segvec/main.py:30 pickle.load [matched pickle.load],True,segvec/main_steps/open_points.py:37 sklearn.decomposition.PCA [matched PCA],True,segvec/main_steps/wall_width.py:19 sklearn.mixture.GaussianMixture [matched GaussianMixture],False,,False,,True,segvec/geometry.py:46 torch.no_grad [matched torch.no_grad],"unverified: missing stages: training, evaluation"
https://github.com/dss99911/spark-study,no_entry,False,0,1,0,,,0,0,0,0,0,False,,False,,False,,False,,False,,False,,Dockerfile(s) found but no Python entry point could be resolved
https://github.com/ohallstrom/ML-jazz-predictions,ok,False,0,0,1,src\train.py,fallback_nested,1,0,0,0,0,False,,False,,False,,False,,False,,False,,"unverified: missing stages: data_acquisition, data_preparation, modeling, training, evaluation, inference"
https://github.com/ginacu/capstone-project-CSD-096,no_dockerfile,False,0,0,0,,,0,0,0,0,0,False,,False,,False,,False,,False,,False,,no Dockerfile and no fallback entry point found
https://github.com/LoGosX/CFEC,no_dockerfile,False,0,0,0,,,0,0,0,0,0,False,,False,,False,,False,,False,,False,,no Dockerfile and no fallback entry point found
https://github.com/OpenMined/PyDP,no_entry,False,0,1,0,,,0,0,0,0,0,False,,False,,False,,False,,False,,False,,Dockerfile(s) found but no Python entry point could be resolved
https://github.com/faradaymahe/surfaxe,ok,False,3,0,1,surfaxe\cli\parseenergy.py,fallback_console_script,6,28,3,0,0,True,surfaxe/cli/parseenergy.py:59 yaml.load [matched yaml.load],True,surfaxe/convergence.py:218 df.groupby [matched df.groupby],True,surfaxe/convergence.py:234 sklearn.linear_model.LinearRegression [matched LinearRegression],False,,False,,False,,"unverified: missing stages: training, evaluation, inference"
https://github.com/Swagget/ebay_delivery_prediction_competition,no_dockerfile,False,0,0,0,,,0,0,0,0,0,False,,False,,False,,False,,False,,False,,no Dockerfile and no fallback entry point found
https://github.com/cta-observatory/magic-cta-pipe,ok,False,0,0,1,magicctapipe\scripts\lst1_magic\create_dl3_index_files.py,fallback_console_script,1,2,0,0,0,False,,False,,False,,False,,False,,False,,"unverified: missing stages: data_acquisition, data_preparation, modeling, training, evaluation, inference"
https://github.com/dangbert/DeepLearningPython35,no_dockerfile,False,0,0,0,,,0,0,0,0,0,False,,False,,False,,False,,False,,False,,no Dockerfile and no fallback entry point found
https://github.com/shadynagy232/ML-with-tensorflow-Manning,no_entry,False,0,1,0,,,0,0,0,0,0,False,,False,,False,,False,,False,,False,,Dockerfile(s) found but no Python entry point could be resolved
https://github.com/amitmeel/Feature-Engineering-for-Machine-Learning,no_dockerfile,False,0,0,0,,,0,0,0,0,0,False,,False,,False,,False,,False,,False,,no Dockerfile and no fallback entry point found
https://github.com/Willamette-OR/invresearch,no_entry,False,0,1,0,,,0,0,0,0,0,False,,False,,False,,False,,False,,False,,Dockerfile(s) found but no Python entry point could be resolved
https://github.com/m-tari/arxiv_interface,ok,False,5,0,1,src\train.py,fallback_nested,1,1,0,0,0,True,src/train.py:23 pd.read_csv [matched pd.read_csv],True,src/train.py:36 sklearn.model_selection.KFold [matched KFold],False,,True,src/train.py:63 clf.fit [matched clf.fit],True,src/train.py:69 sklearn.metrics.classification_report [matched classification_report],True,src/train.py:66 clf.predict [matched clf.predict],unverified: missing stages: modeling
https://github.com/eikku/shark-attacks,no_dockerfile,False,0,0,0,,,0,0,0,0,0,False,,False,,False,,False,,False,,False,,no Dockerfile and no fallback entry point found
https://github.com/dmitryv56/stgelpDL,no_dockerfile,False,0,0,0,,,0,0,0,0,0,False,,False,,False,,False,,False,,False,,no Dockerfile and no fallback entry point found
https://github.com/Dmitry7445/NETOLOGY,no_dockerfile,False,0,0,0,,,0,0,0,0,0,False,,False,,False,,False,,False,,False,,no Dockerfile and no fallback entry point found
https://github.com/rahul263-stack/LiveProjects,no_entry,False,0,1,0,,,0,0,0,0,0,False,,False,,False,,False,,False,,False,,Dockerfile(s) found but no Python entry point could be resolved
https://github.com/malmuntazarharris/medical-expenditure-prediction,ok,False,2,0,1,app\app.py,fallback_nested,1,2,0,0,0,True,app/app.py:14 pickle.load [matched pickle.load],False,,False,,False,,False,,True,app/app.py:13 flask.Flask [matched Flask],"unverified: missing stages: data_preparation, modeling, training, evaluation"
https://github.com/tugrulguner/udacity_deployment_project,ok,False,4,0,1,starter\main.py,fallback_nested,3,7,1,0,0,False,,True,starter/starter/ml/data.py:62 sklearn.preprocessing.OneHotEncoder [matched OneHotEncoder],True,starter/starter/ml/model.py:21 sklearn.ensemble.RandomForestClassifier [matched RandomForestClassifier],False,,True,starter/starter/ml/model.py:45 sklearn.metrics.fbeta_score [matched fbeta_score],True,starter/main.py:17 fastapi.FastAPI [matched FastAPI],"unverified: missing stages: data_acquisition, training"
https://github.com/khoadinh44/insightface,no_dockerfile,False,0,0,0,,,0,0,0,0,0,False,,False,,False,,False,,False,,False,,no Dockerfile and no fallback entry point found
https://github.com/serfrol/skillfactory_rds,no_dockerfile,False,0,0,0,,,0,0,0,0,0,False,,False,,False,,False,,False,,False,,no Dockerfile and no fallback entry point found
https://github.com/guotao0628/gpml,clone_failed,False,0,0,0,,,0,0,0,0,0,False,,False,,False,,False,,False,,False,,remote: Repository not found.
https://github.com/astrodeepnet/sbi_experiments,no_dockerfile,False,0,0,0,,,0,0,0,0,0,False,,False,,False,,False,,False,,False,,no Dockerfile and no fallback entry point found
https://github.com/pecu/FinancialVision,no_dockerfile,False,0,0,0,,,0,0,0,0,0,False,,False,,False,,False,,False,,False,,no Dockerfile and no fallback entry point found
https://github.com/yxbh/gromtector,no_dockerfile,False,0,0,0,,,0,0,0,0,0,False,,False,,False,,False,,False,,False,,no Dockerfile and no fallback entry point found
https://github.com/Snizzmo/Data-Science,no_dockerfile,False,0,0,0,,,0,0,0,0,0,False,,False,,False,,False,,False,,False,,no Dockerfile and no fallback entry point found
https://github.com/navedrizvi/bdh-project,no_dockerfile,False,0,0,0,,,0,0,0,0,0,False,,False,,False,,False,,False,,False,,no Dockerfile and no fallback entry point found
https://github.com/M04554/pyS,no_dockerfile,False,0,0,0,,,0,0,0,0,0,False,,False,,False,,False,,False,,False,,no Dockerfile and no fallback entry point found
https://github.com/mgerasimiuk/mural,no_dockerfile,False,0,0,0,,,0,0,0,0,0,False,,False,,False,,False,,False,,False,,no Dockerfile and no fallback entry point found
https://github.com/dantohe/Springboard,no_entry,False,0,1,0,,,0,0,0,0,0,False,,False,,False,,False,,False,,False,,Dockerfile(s) found but no Python entry point could be resolved
https://github.com/caiogeraldes/lexico-e-genero,no_dockerfile,False,0,0,0,,,0,0,0,0,0,False,,False,,False,,False,,False,,False,,no Dockerfile and no fallback entry point found
https://github.com/msf4-0/Integrated-Vision-Inspection-System-IVIS,ok,False,1,3,1,src\app.py,fallback_nested,1,7,0,0,0,False,,False,,False,,False,,False,,True,src/app.py:80 st.write [matched st.write],"unverified: missing stages: data_acquisition, data_preparation, modeling, training, evaluation"
https://github.com/DCUSnSLab/SADAT,no_dockerfile,False,0,0,0,,,0,0,0,0,0,False,,False,,False,,False,,False,,False,,no Dockerfile and no fallback entry point found
https://github.com/Julianabsf/Recommendation-System-Steam-Store,no_dockerfile,False,0,0,0,,,0,0,0,0,0,False,,False,,False,,False,,False,,False,,no Dockerfile and no fallback entry point found
https://github.com/alpkabac/ParlaiWebSocket,ok,False,5,0,1,parlai\__main__.py,fallback_nested,28,646,6,0,13,True,parlai/core/opt.py:133 json.load [matched json.load],True,parlai/core/image_featurizers.py:101 self.transforms.Compose [matched transforms.Compose],True,parlai/utils/torch.py:0 class IdentityLayer [matched <class subclasses model base>],False,,True,parlai/core/metrics.py:569 nltk.translate.bleu_score.sentence_bleu [matched sentence_bleu],True,parlai/core/image_featurizers.py:190 torch.no_grad [matched torch.no_grad],unverified: missing stages: training
https://github.com/ZiedHosni1/CP1,no_dockerfile,False,0,0,0,,,0,0,0,0,0,False,,False,,False,,False,,False,,False,,no Dockerfile and no fallback entry point found
https://github.com/DataCanvasIO/HyperGBM,ok,False,4,1,1,hypergbm\utils\tool.py,fallback_console_script,25,254,4,0,0,True,hypergbm/hyper_gbm.py:668 pickle.load [matched pickle.load],True,hypergbm/search_space.py:164 hypernets.pipeline.base.Pipeline [matched Pipeline],False,,True,hypergbm/hyper_gbm.py:478 self.model.fit [matched model.fit],False,,True,hypergbm/hyper_gbm.py:537 self.model.predict [matched model.predict],"unverified: missing stages: modeling, evaluation"
https://github.com/philip-huang/mie1666_project,no_dockerfile,False,0,0,0,,,0,0,0,0,0,False,,False,,False,,False,,False,,False,,no Dockerfile and no fallback entry point found
https://github.com/FoxoTech/rapa,no_dockerfile,False,0,0,0,,,0,0,0,0,0,False,,False,,False,,False,,False,,False,,no Dockerfile and no fallback entry point found
https://github.com/TabbenBenchmark/tabben,no_dockerfile,False,0,0,0,,,0,0,0,0,0,False,,False,,False,,False,,False,,False,,no Dockerfile and no fallback entry point found
https://github.com/aman-gupta-1995/Spam-Ham-Web-APP,no_dockerfile,False,0,0,0,,,0,0,0,0,0,False,,False,,False,,False,,False,,False,,no Dockerfile and no fallback entry point found
https://github.com/hangack/Codding-base-Python,no_dockerfile,False,0,0,0,,,0,0,0,0,0,False,,False,,False,,False,,False,,False,,no Dockerfile and no fallback entry point found
https://github.com/jjeong-SH/6PM-picturetomusic,no_dockerfile,False,0,0,0,,,0,0,0,0,0,False,,False,,False,,False,,False,,False,,no Dockerfile and no fallback entry point found
https://github.com/fmidev/cloudcast,no_dockerfile,False,0,0,0,,,0,0,0,0,0,False,,False,,False,,False,,False,,False,,no Dockerfile and no fallback entry point found
https://github.com/hddlovefxx/YOLOP,no_dockerfile,False,0,0,0,,,0,0,0,0,0,False,,False,,False,,False,,False,,False,,no Dockerfile and no fallback entry point found
https://github.com/BruceGK/Group-Project-2140,no_entry,False,0,2,1,,dockerfile,0,0,0,0,0,False,,False,,False,,False,,False,,False,,no resolved entry point yielded a usable call graph
https://github.com/kamilest/conformal-rnn,no_dockerfile,False,0,0,0,,,0,0,0,0,0,False,,False,,False,,False,,False,,False,,no Dockerfile and no fallback entry point found
https://github.com/thunlp/BERT-KPE,ok,True,6,0,1,scripts\train.py,fallback_nested,63,1000,5,0,0,True,scripts/train.py:171 torch.utils.data.DataLoader [matched DataLoader],True,bertkpe/transformers/tokenization_auto.py:107 tokenization_roberta.RobertaTokenizer.from_pretrained [matched RobertaTokenizer.from_pretrained],True,bertkpe/transformers/modeling_utils.py:0 class PreTrainedModel [matched <class subclasses model base>],True,scripts/train.py:267 tensorboardX.SummaryWriter [matched SummaryWriter],True,scripts/train.py:63 writer.add_scalar [matched writer.add_scalar],True,bertkpe/transformers/modeling_utils.py:465 model.eval [matched model.eval],verified: all 6 stages present
https://github.com/sanjeev49/Assignments,no_dockerfile,False,0,0,0,,,0,0,0,0,0,False,,False,,False,,False,,False,,False,,no Dockerfile and no fallback entry point found
https://github.com/FernandoWeeb-byte/AttractionHub,no_entry,False,0,1,0,,,0,0,0,0,0,False,,False,,False,,False,,False,,False,,Dockerfile(s) found but no Python entry point could be resolved
https://github.com/PitangaVigand/similarity,no_dockerfile,False,0,0,0,,,0,0,0,0,0,False,,False,,False,,False,,False,,False,,no Dockerfile and no fallback entry point found
https://github.com/MaratSaidov/artificial-text-detection,no_dockerfile,False,0,0,0,,,0,0,0,0,0,False,,False,,False,,False,,False,,False,,no Dockerfile and no fallback entry point found
https://github.com/andy-techen/better-social-media,no_dockerfile,False,0,0,0,,,0,0,0,0,0,False,,False,,False,,False,,False,,False,,no Dockerfile and no fallback entry point found
https://github.com/HAI-lab-UVA/AI4G,no_dockerfile,False,0,0,0,,,0,0,0,0,0,False,,False,,False,,False,,False,,False,,no Dockerfile and no fallback entry point found
https://github.com/FKz11/Portfolio_Data_Science,no_entry,False,0,1,0,,,0,0,0,0,0,False,,False,,False,,False,,False,,False,,Dockerfile(s) found but no Python entry point could be resolved
https://github.com/CSjiade/CS3237_IOTProject,no_dockerfile,False,0,0,0,,,0,0,0,0,0,False,,False,,False,,False,,False,,False,,no Dockerfile and no fallback entry point found
https://github.com/fernandezfran/exma,no_dockerfile,False,0,0,0,,,0,0,0,0,0,False,,False,,False,,False,,False,,False,,no Dockerfile and no fallback entry point found
https://github.com/JanCBrammer/PoliceInAction_PTSD_prediction,ok,False,0,1,1,data_management\processed_directory.py,fallback_console_script,2,4,1,0,0,False,,False,,False,,False,,False,,False,,"unverified: missing stages: data_acquisition, data_preparation, modeling, training, evaluation, inference"
https://github.com/berenslab/ne-spectrum,no_dockerfile,False,0,0,0,,,0,0,0,0,0,False,,False,,False,,False,,False,,False,,no Dockerfile and no fallback entry point found
https://github.com/karpathy/arxiv-sanity-lite,no_dockerfile,False,0,0,0,,,0,0,0,0,0,False,,False,,False,,False,,False,,False,,no Dockerfile and no fallback entry point found
https://github.com/AineNicD/machine-learning-and-statistics,no_dockerfile,False,0,0,0,,,0,0,0,0,0,False,,False,,False,,False,,False,,False,,no Dockerfile and no fallback entry point found
https://github.com/nanaya-tachibana/sknlp,no_dockerfile,False,0,0,0,,,0,0,0,0,0,False,,False,,False,,False,,False,,False,,no Dockerfile and no fallback entry point found
https://github.com/pstgeorges84/custommodel,no_dockerfile,False,0,0,0,,,0,0,0,0,0,False,,False,,False,,False,,False,,False,,no Dockerfile and no fallback entry point found
https://github.com/ramp-kits/follicles_detection,no_dockerfile,False,0,0,0,,,0,0,0,0,0,False,,False,,False,,False,,False,,False,,no Dockerfile and no fallback entry point found
https://github.com/pmoores/Group2_Project,no_dockerfile,False,0,0,0,,,0,0,0,0,0,False,,False,,False,,False,,False,,False,,no Dockerfile and no fallback entry point found
https://github.com/clefebvre2021/MovieRecommandation,no_dockerfile,False,0,0,0,,,0,0,0,0,0,False,,False,,False,,False,,False,,False,,no Dockerfile and no fallback entry point found
https://github.com/yudhiesh/ctmlp,no_dockerfile,False,0,0,0,,,0,0,0,0,0,False,,False,,False,,False,,False,,False,,no Dockerfile and no fallback entry point found
https://github.com/alan-turing-institute/plankton-dsg-challenge,no_dockerfile,False,0,0,0,,,0,0,0,0,0,False,,False,,False,,False,,False,,False,,no Dockerfile and no fallback entry point found
https://github.com/ari-dasci/S-TSFE-DL,no_entry,False,0,1,0,,,0,0,0,0,0,False,,False,,False,,False,,False,,False,,Dockerfile(s) found but no Python entry point could be resolved
https://github.com/furyhawk/text_summarization,no_entry,False,0,3,0,,,0,0,0,0,0,False,,False,,False,,False,,False,,False,,Dockerfile(s) found but no Python entry point could be resolved
https://github.com/jpballestrino/AutoBol,no_dockerfile,False,0,0,0,,,0,0,0,0,0,False,,False,,False,,False,,False,,False,,no Dockerfile and no fallback entry point found
https://github.com/ramune0144/3D-Reconstruction-Depth-Image,no_dockerfile,False,0,0,0,,,0,0,0,0,0,False,,False,,False,,False,,False,,False,,no Dockerfile and no fallback entry point found
https://github.com/UrbsLab/scikit-ExSTraCS-RuleInit,no_dockerfile,False,0,0,0,,,0,0,0,0,0,False,,False,,False,,False,,False,,False,,no Dockerfile and no fallback entry point found
https://github.com/iamsoroush/abstractions,no_dockerfile,False,0,0,0,,,0,0,0,0,0,False,,False,,False,,False,,False,,False,,no Dockerfile and no fallback entry point found
https://github.com/vishal-burman/PyTorch-Architectures,no_entry,False,0,1,0,,,0,0,0,0,0,False,,False,,False,,False,,False,,False,,Dockerfile(s) found but no Python entry point could be resolved
https://github.com/samuelbeduannan/CSResearchProject,no_dockerfile,False,0,0,0,,,0,0,0,0,0,False,,False,,False,,False,,False,,False,,no Dockerfile and no fallback entry point found
https://github.com/antoine-cr/Bike,no_entry,False,0,1,0,,,0,0,0,0,0,False,,False,,False,,False,,False,,False,,Dockerfile(s) found but no Python entry point could be resolved
https://github.com/yasamansamiee/aiml_troubleshooting,no_entry,False,0,2,0,,,0,0,0,0,0,False,,False,,False,,False,,False,,False,,Dockerfile(s) found but no Python entry point could be resolved
https://github.com/liningtonlab/npanalyst,no_entry,False,0,1,0,,,0,0,0,0,0,False,,False,,False,,False,,False,,False,,Dockerfile(s) found but no Python entry point could be resolved
https://github.com/aweditya/ev-battery-degradation,no_dockerfile,False,0,0,0,,,0,0,0,0,0,False,,False,,False,,False,,False,,False,,no Dockerfile and no fallback entry point found
https://github.com/marcusyatim/M-M,no_dockerfile,False,0,0,0,,,0,0,0,0,0,False,,False,,False,,False,,False,,False,,no Dockerfile and no fallback entry point found
https://github.com/nadyashanarova/about_mne,ok,True,6,0,1,mne\__main__.py,fallback_nested,245,3732,8,0,8,True,mne/bem.py:1190 nibabel.load [matched nibabel.load],True,mne/annotations.py:934 pd.to_datetime [matched pd.to_datetime],True,mne/cov.py:0 class _RegCovariance [matched <class subclasses model base>],True,mne/cov.py:1112 sklearn.model_selection.GridSearchCV [matched GridSearchCV],True,mne/cov.py:1184 sklearn.model_selection.cross_val_score [matched cross_val_score],True,mne/decoding/base.py:163 self.model.predict [matched model.predict],verified: all 6 stages present
https://github.com/deshima-dev/decode,ok,False,0,0,1,decode\qlook.py,fallback_console_script,2,34,1,0,0,False,,False,,False,,False,,False,,False,,"unverified: missing stages: data_acquisition, data_preparation, modeling, training, evaluation, inference"
https://github.com/FardinAhsan146/DXB-Numberplate-Price-Predictor,no_dockerfile,False,0,0,0,,,0,0,0,0,0,False,,False,,False,,False,,False,,False,,no Dockerfile and no fallback entry point found
https://github.com/personal-internship-projects/thyroid-detection,ok,False,4,0,1,src\train.py,fallback_nested,9,47,1,0,0,True,src/Data_Validation.py:46 json.load [matched json.load],True,src/train.py:104 sklearn.model_selection.train_test_split [matched train_test_split],True,src/clustering.py:32 sklearn.cluster.KMeans [matched KMeans],False,,True,src/clustering.py:67 sklearn.metrics.silhouette_score [matched silhouette_score],False,,"unverified: missing stages: training, inference"
https://github.com/smy999/LookBook,no_entry,False,0,2,0,,,0,0,0,0,0,False,,False,,False,,False,,False,,False,,Dockerfile(s) found but no Python entry point could be resolved
https://github.com/julpo2000/AML3,no_dockerfile,False,0,0,0,,,0,0,0,0,0,False,,False,,False,,False,,False,,False,,no Dockerfile and no fallback entry point found
https://github.com/data-science-lab-amsterdam/skippa,ok,False,3,0,1,skippa\app.py,fallback_nested,7,114,3,0,0,False,,True,skippa/transformers/custom.py:133 df.assign [matched df.assign],True,skippa/transformers/custom.py:0 class SkippaApplier [matched <class subclasses model base>],False,,False,,True,skippa/app.py:92 gr.Interface [matched gr.Interface],"unverified: missing stages: data_acquisition, training, evaluation"
https://github.com/modverre/crypto_prediction,no_entry,False,0,1,0,,,0,0,0,0,0,False,,False,,False,,False,,False,,False,,Dockerfile(s) found but no Python entry point could be resolved
https://github.com/Matheus-Schmitz/mapta,no_dockerfile,False,0,0,0,,,0,0,0,0,0,False,,False,,False,,False,,False,,False,,no Dockerfile and no fallback entry point found
https://github.com/simberaj/mobilib,no_dockerfile,False,0,0,0,,,0,0,0,0,0,False,,False,,False,,False,,False,,False,,no Dockerfile and no fallback entry point found
https://github.com/veraposeidon/labelme2Datasets,ok,False,1,0,1,labelme2datasets\labelme_json2dataset.py,fallback_console_script,1,4,0,0,0,True,labelme2datasets/labelme_json2dataset.py:29 json.load [matched json.load],False,,False,,False,,False,,False,,"unverified: missing stages: data_preparation, modeling, training, evaluation, inference"
https://github.com/Imrauviel/cell-painting-dashboard,ok,False,1,0,1,app\app.py,fallback_nested,1,2,0,0,0,True,app/app.py:9 pd.read_csv [matched pd.read_csv],False,,False,,False,,False,,False,,"unverified: missing stages: data_preparation, modeling, training, evaluation, inference"
https://github.com/RohitRanjangit/IPlDataAnalysis,no_dockerfile,False,0,0,0,,,0,0,0,0,0,False,,False,,False,,False,,False,,False,,no Dockerfile and no fallback entry point found
https://github.com/ArtyKrafty/featureselectors,no_dockerfile,False,0,0,0,,,0,0,0,0,0,False,,False,,False,,False,,False,,False,,no Dockerfile and no fallback entry point found
https://github.com/kozodoi/Text_Readability_Prediction,no_dockerfile,False,0,0,0,,,0,0,0,0,0,False,,False,,False,,False,,False,,False,,no Dockerfile and no fallback entry point found
https://github.com/ChristianBirchler/sdc-scissor,ok,True,6,2,1,sdc_scissor\cli.py,fallback_console_script,51,288,5,0,0,True,sdc_scissor/cli.py:72 yaml.safe_load [matched yaml.safe_load],True,sdc_scissor/feature_extraction_api/feature_extraction.py:98 pd.concat [matched pd.concat],True,sdc_scissor/cli.py:358 sklearn.svm.LinearSVC [matched LinearSVC],True,sdc_scissor/machine_learning_api/model_evaluator.py:99 clf.fit [matched clf.fit],True,sdc_scissor/machine_learning_api/cost_effectiveness_evaluator.py:89 sklearn.metrics.classification_report [matched classification_report],True,sdc_scissor/machine_learning_api/model_evaluator.py:209 model.predict [matched model.predict],verified: all 6 stages present
https://github.com/FederatedAI/FATE-Flow,no_entry,False,0,1,0,,,0,0,0,0,0,False,,False,,False,,False,,False,,False,,Dockerfile(s) found but no Python entry point could be resolved
https://github.com/HaowenWeiJohn/AutoDrive_Project,no_dockerfile,False,0,0,0,,,0,0,0,0,0,False,,False,,False,,False,,False,,False,,no Dockerfile and no fallback entry point found
https://github.com/TomAugspurger/PyDataSeattle,no_dockerfile,False,0,0,0,,,0,0,0,0,0,False,,False,,False,,False,,False,,False,,no Dockerfile and no fallback entry point found
https://github.com/mspronesti/qlearnkit,no_entry,False,0,1,0,,,0,0,0,0,0,False,,False,,False,,False,,False,,False,,Dockerfile(s) found but no Python entry point could be resolved
https://github.com/VivianMonzon/FAL_prediction,no_dockerfile,False,0,0,0,,,0,0,0,0,0,False,,False,,False,,False,,False,,False,,no Dockerfile and no fallback entry point found
https://github.com/laserkelvin/astrochem_embedding,ok,False,1,0,1,scripts\train.py,fallback_nested,1,0,0,0,0,False,,False,,False,,True,scripts/train.py:31 trainer.fit [matched trainer.fit],False,,False,,"unverified: missing stages: data_acquisition, data_preparation, modeling, evaluation, inference"
https://github.com/nuistchen/ember,no_dockerfile,False,0,0,0,,,0,0,0,0,0,False,,False,,False,,False,,False,,False,,no Dockerfile and no fallback entry point found
https://github.com/hengwei-chan/nn_vis_network_visualization,no_dockerfile,False,0,0,0,,,0,0,0,0,0,False,,False,,False,,False,,False,,False,,no Dockerfile and no fallback entry point found
https://github.com/glebocki/hajimari,ok,False,1,0,1,hajimari\main.py,fallback_nested,1,2,0,0,0,False,,False,,False,,False,,False,,True,hajimari/main.py:11 fastapi.FastAPI [matched FastAPI],"unverified: missing stages: data_acquisition, data_preparation, modeling, training, evaluation"
https://github.com/Anoobis5/COVID_GeoJSON_FinalProject,no_dockerfile,False,0,0,0,,,0,0,0,0,0,False,,False,,False,,False,,False,,False,,no Dockerfile and no fallback entry point found
https://github.com/jwuphysics/xSAGA,no_dockerfile,False,0,0,0,,,0,0,0,0,0,False,,False,,False,,False,,False,,False,,no Dockerfile and no fallback entry point found
https://github.com/mmp-practicum-team/mmp_practicum_fall_2021,no_entry,False,0,1,0,,,0,0,0,0,0,False,,False,,False,,False,,False,,False,,Dockerfile(s) found but no Python entry point could be resolved
https://github.com/SPS-L/pyeplan,no_dockerfile,False,0,0,0,,,0,0,0,0,0,False,,False,,False,,False,,False,,False,,no Dockerfile and no fallback entry point found
https://github.com/wh2353/datasciencecamp,no_dockerfile,False,0,0,0,,,0,0,0,0,0,False,,False,,False,,False,,False,,False,,no Dockerfile and no fallback entry point found
https://github.com/trislett/sparsestatsfunc,no_dockerfile,False,0,0,0,,,0,0,0,0,0,False,,False,,False,,False,,False,,False,,no Dockerfile and no fallback entry point found
https://github.com/gabekudirka/spotify-music-recommendation-system,no_dockerfile,False,0,0,0,,,0,0,0,0,0,False,,False,,False,,False,,False,,False,,no Dockerfile and no fallback entry point found
https://github.com/limjoobin/bt4103-rate-decision-index,no_dockerfile,False,0,0,0,,,0,0,0,0,0,False,,False,,False,,False,,False,,False,,no Dockerfile and no fallback entry point found
https://github.com/zbw/qualle,ok,False,5,1,1,qualle\main.py,fallback_nested,23,116,4,0,1,True,qualle/interface/data/tsv.py:50 csv.reader [matched csv.reader],True,qualle/label_calibration/simple.py:30 sklearn.pipeline.Pipeline [matched sklearn.pipeline.Pipeline],True,qualle/features/base.py:0 class Features [matched <class subclasses model base>],False,,True,qualle/evaluate.py:39 sklearn.metrics.explained_variance_score [matched explained_variance_score],True,qualle/interface/internal.py:177 model.predict [matched model.predict],unverified: missing stages: training
https://github.com/eathren/AI_advisor,ok,False,0,0,1,advisor\__main__.py,fallback_nested,1,0,0,0,0,False,,False,,False,,False,,False,,False,,"unverified: missing stages: data_acquisition, data_preparation, modeling, training, evaluation, inference"
https://github.com/lderoeck/AI-Project,no_dockerfile,False,0,0,0,,,0,0,0,0,0,False,,False,,False,,False,,False,,False,,no Dockerfile and no fallback entry point found
https://github.com/Shreyasramakrishna90/Risk-Aware-Scene-Generation,no_entry,False,0,3,0,,,0,0,0,0,0,False,,False,,False,,False,,False,,False,,Dockerfile(s) found but no Python entry point could be resolved
https://github.com/viadark/ai_ml_study,no_entry,False,0,3,0,,,0,0,0,0,0,False,,False,,False,,False,,False,,False,,Dockerfile(s) found but no Python entry point could be resolved
https://github.com/SupervisedStylometry/SuperStyl,no_dockerfile,False,0,0,0,,,0,0,0,0,0,False,,False,,False,,False,,False,,False,,no Dockerfile and no fallback entry point found
https://github.com/mohan272/covidfaketwt2,no_dockerfile,False,0,0,0,,,0,0,0,0,0,False,,False,,False,,False,,False,,False,,no Dockerfile and no fallback entry point found
https://github.com/keknight/DSE_511_project3,ok,False,0,0,1,src\main.py,fallback_nested,1,1,0,0,0,False,,False,,False,,False,,False,,False,,"unverified: missing stages: data_acquisition, data_preparation, modeling, training, evaluation, inference"
https://github.com/fuseml/examples,no_entry,False,0,1,0,,,0,0,0,0,0,False,,False,,False,,False,,False,,False,,Dockerfile(s) found but no Python entry point could be resolved
https://github.com/racerandom/JaMIE,no_dockerfile,False,0,0,0,,,0,0,0,0,0,False,,False,,False,,False,,False,,False,,no Dockerfile and no fallback entry point found
https://github.com/rafaelaBrum/control-gpu,no_dockerfile,False,0,0,0,,,0,0,0,0,0,False,,False,,False,,False,,False,,False,,no Dockerfile and no fallback entry point found
https://github.com/mfk3138/jiant,no_dockerfile,False,0,0,0,,,0,0,0,0,0,False,,False,,False,,False,,False,,False,,no Dockerfile and no fallback entry point found
https://github.com/elephaint/pgbm,no_dockerfile,False,0,0,0,,,0,0,0,0,0,False,,False,,False,,False,,False,,False,,no Dockerfile and no fallback entry point found
https://github.com/EjbejaranosAI/IML_UB_MAI,ok,False,0,0,1,IML_project_Work3\main.py,fallback_nested,1,0,0,0,0,False,,False,,False,,False,,False,,False,,"unverified: missing stages: data_acquisition, data_preparation, modeling, training, evaluation, inference"
https://github.com/broniyasinnik/deep-tabular-imbalance,no_entry,False,0,1,0,,,0,0,0,0,0,False,,False,,False,,False,,False,,False,,Dockerfile(s) found but no Python entry point could be resolved
https://github.com/phueb/MissingAdjunct,no_dockerfile,False,0,0,0,,,0,0,0,0,0,False,,False,,False,,False,,False,,False,,no Dockerfile and no fallback entry point found
https://github.com/jacobmask/Stock-Predictions,no_dockerfile,False,0,0,0,,,0,0,0,0,0,False,,False,,False,,False,,False,,False,,no Dockerfile and no fallback entry point found
https://github.com/dwlmt/story-fragments,no_dockerfile,False,0,0,0,,,0,0,0,0,0,False,,False,,False,,False,,False,,False,,no Dockerfile and no fallback entry point found
https://github.com/finiteautomata/hatespeech-classification,no_dockerfile,False,0,0,0,,,0,0,0,0,0,False,,False,,False,,False,,False,,False,,no Dockerfile and no fallback entry point found
https://github.com/paxifaer/BossSensor,no_dockerfile,False,0,0,0,,,0,0,0,0,0,False,,False,,False,,False,,False,,False,,no Dockerfile and no fallback entry point found
https://github.com/data-centric-ai/dcbench,ok,False,0,0,1,dcbench\__main__.py,fallback_nested,1,0,0,0,0,False,,False,,False,,False,,False,,False,,"unverified: missing stages: data_acquisition, data_preparation, modeling, training, evaluation, inference"
https://github.com/hpi-sam/robust-marl4sas,no_dockerfile,False,0,0,0,,,0,0,0,0,0,False,,False,,False,,False,,False,,False,,no Dockerfile and no fallback entry point found
https://github.com/google/balloon-learning-environment,ok,False,0,0,1,balloon_learning_environment\train.py,fallback_nested,5,1,2,0,0,False,,False,,False,,False,,False,,False,,"unverified: missing stages: data_acquisition, data_preparation, modeling, training, evaluation, inference"
https://github.com/AdriClemente/DataScience_em_Producao,no_dockerfile,False,0,0,0,,,0,0,0,0,0,False,,False,,False,,False,,False,,False,,no Dockerfile and no fallback entry point found
https://github.com/boostcampaitech2/object-detection-level2-cv-15,no_entry,False,0,5,0,,,0,0,0,0,0,False,,False,,False,,False,,False,,False,,Dockerfile(s) found but no Python entry point could be resolved
https://github.com/ahoho/topics,ok,False,2,0,1,soup_nuts\main.py,fallback_nested,5,48,1,0,0,True,soup_nuts/preprocess.py:89 pd.read_csv [matched pd.read_csv],True,soup_nuts/preprocess.py:331 spacy.load [matched spacy.load],False,,False,,False,,False,,"unverified: missing stages: modeling, training, evaluation, inference"
https://github.com/aenoboa1/Project_MlZoomcamp,no_entry,False,0,1,0,,,0,0,0,0,0,False,,False,,False,,False,,False,,False,,Dockerfile(s) found but no Python entry point could be resolved
https://github.com/SamvelMK/FCMpy,no_dockerfile,False,0,0,0,,,0,0,0,0,0,False,,False,,False,,False,,False,,False,,no Dockerfile and no fallback entry point found
https://github.com/Fanxingye/Autotabular,no_dockerfile,False,0,0,0,,,0,0,0,0,0,False,,False,,False,,False,,False,,False,,no Dockerfile and no fallback entry point found
https://github.com/Forward-UIUC-2021F/kshitij-sinha-find-papers-by-keyword,no_dockerfile,False,0,0,0,,,0,0,0,0,0,False,,False,,False,,False,,False,,False,,no Dockerfile and no fallback entry point found
https://github.com/rousseau/dynMRI,no_dockerfile,False,0,0,0,,,0,0,0,0,0,False,,False,,False,,False,,False,,False,,no Dockerfile and no fallback entry point found
https://github.com/byunghun-jake/together,no_entry,False,0,2,0,,,0,0,0,0,0,False,,False,,False,,False,,False,,False,,Dockerfile(s) found but no Python entry point could be resolved
https://github.com/rawmean/lama,no_entry,False,0,1,0,,,0,0,0,0,0,False,,False,,False,,False,,False,,False,,Dockerfile(s) found but no Python entry point could be resolved
https://github.com/jovonho/GNNs-for-drought,no_dockerfile,False,0,0,0,,,0,0,0,0,0,False,,False,,False,,False,,False,,False,,no Dockerfile and no fallback entry point found
https://github.com/huangshunliang/lip-reading-dl,no_dockerfile,False,0,0,0,,,0,0,0,0,0,False,,False,,False,,False,,False,,False,,no Dockerfile and no fallback entry point found
https://github.com/h4iku/repairSStuBs,no_dockerfile,False,0,0,0,,,0,0,0,0,0,False,,False,,False,,False,,False,,False,,no Dockerfile and no fallback entry point found
https://github.com/philipk19238/sonus.ai,no_entry,False,0,2,0,,,0,0,0,0,0,False,,False,,False,,False,,False,,False,,Dockerfile(s) found but no Python entry point could be resolved
https://github.com/anishazaveri/austen_plots,no_dockerfile,False,0,0,0,,,0,0,0,0,0,False,,False,,False,,False,,False,,False,,no Dockerfile and no fallback entry point found
https://github.com/apurvasijaria/notes-and-codes-from-books,no_dockerfile,False,0,0,0,,,0,0,0,0,0,False,,False,,False,,False,,False,,False,,no Dockerfile and no fallback entry point found
https://github.com/jacobvons/FederatedLearning,no_dockerfile,False,0,0,0,,,0,0,0,0,0,False,,False,,False,,False,,False,,False,,no Dockerfile and no fallback entry point found
https://github.com/visinf/fast-axiomatic-attribution,no_dockerfile,False,0,0,0,,,0,0,0,0,0,False,,False,,False,,False,,False,,False,,no Dockerfile and no fallback entry point found
https://github.com/SDK-AUTO-SYNC/Migrate-test2,no_dockerfile,False,0,0,0,,,0,0,0,0,0,False,,False,,False,,False,,False,,False,,no Dockerfile and no fallback entry point found
https://github.com/shroukkhan/freqtrade-1-new,ok,False,0,7,1,freqtrade\__main__.py,fallback_nested,2,0,1,0,0,False,,False,,False,,False,,False,,False,,"unverified: missing stages: data_acquisition, data_preparation, modeling, training, evaluation, inference"
https://github.com/axyorah/hn-post-clusterer,no_dockerfile,False,0,0,0,,,0,0,0,0,0,False,,False,,False,,False,,False,,False,,no Dockerfile and no fallback entry point found
https://github.com/frozenleaves/pcnadeep,no_entry,False,0,2,0,,,0,0,0,0,0,False,,False,,False,,False,,False,,False,,Dockerfile(s) found but no Python entry point could be resolved
https://github.com/ElectricSheep007/UNH-Repo,no_dockerfile,False,0,0,0,,,0,0,0,0,0,False,,False,,False,,False,,False,,False,,no Dockerfile and no fallback entry point found
https://github.com/songhee-lee/i-manual,no_dockerfile,False,0,0,0,,,0,0,0,0,0,False,,False,,False,,False,,False,,False,,no Dockerfile and no fallback entry point found
https://github.com/Gadangadang/Fys-Stk4155,no_dockerfile,False,0,0,0,,,0,0,0,0,0,False,,False,,False,,False,,False,,False,,no Dockerfile and no fallback entry point found
https://github.com/alessandrodipalma/ML_CM_prj,no_dockerfile,False,0,0,0,,,0,0,0,0,0,False,,False,,False,,False,,False,,False,,no Dockerfile and no fallback entry point found
https://github.com/adrienchaton/neural_granular_synthesis,no_dockerfile,False,0,0,0,,,0,0,0,0,0,False,,False,,False,,False,,False,,False,,no Dockerfile and no fallback entry point found
https://github.com/Kthyeon/FINE_official,no_dockerfile,False,0,0,0,,,0,0,0,0,0,False,,False,,False,,False,,False,,False,,no Dockerfile and no fallback entry point found
https://github.com/Linardos/BFP,no_entry,False,0,1,0,,,0,0,0,0,0,False,,False,,False,,False,,False,,False,,Dockerfile(s) found but no Python entry point could be resolved
https://github.com/Haruhi07/news-tls-best,no_dockerfile,False,0,0,0,,,0,0,0,0,0,False,,False,,False,,False,,False,,False,,no Dockerfile and no fallback entry point found
https://github.com/leejaeyeong/Ottega-Gaeanta,no_entry,False,0,2,0,,,0,0,0,0,0,False,,False,,False,,False,,False,,False,,Dockerfile(s) found but no Python entry point could be resolved
https://github.com/sdpython/deeponnxcustom,ok,False,0,0,1,deeponnxcustom\__main__.py,fallback_nested,2,2,1,0,0,False,,False,,False,,False,,False,,False,,"unverified: missing stages: data_acquisition, data_preparation, modeling, training, evaluation, inference"
https://github.com/smileyarik/biblio,no_entry,False,0,1,0,,,0,0,0,0,0,False,,False,,False,,False,,False,,False,,Dockerfile(s) found but no Python entry point could be resolved
https://github.com/cool-python-course/course-public,no_entry,False,0,5,0,,,0,0,0,0,0,False,,False,,False,,False,,False,,False,,Dockerfile(s) found but no Python entry point could be resolved
https://github.com/ggzor/nn-fire,ok,False,2,0,1,experimenter\train.py,fallback_nested,2,2,1,0,0,False,,False,,True,experimenter/train.py:15 sklearn.neural_network.MLPClassifier [matched MLPClassifier],True,experimenter/train.py:25 clf.fit [matched clf.fit],False,,False,,"unverified: missing stages: data_acquisition, data_preparation, evaluation, inference"
https://github.com/jakub-h/nhl-predict,no_dockerfile,False,0,0,0,,,0,0,0,0,0,False,,False,,False,,False,,False,,False,,no Dockerfile and no fallback entry point found
https://github.com/amirpaia/election-campaign-dynamics,no_entry,False,0,2,0,,,0,0,0,0,0,False,,False,,False,,False,,False,,False,,Dockerfile(s) found but no Python entry point could be resolved
https://github.com/umaraurooj/TGAN,ok,False,5,0,1,tgan\cli.py,fallback_console_script,6,55,3,0,0,True,tgan/research/experiments.py:91 pd.read_csv [matched pd.read_csv],True,tgan/research/experiments.py:92 sklearn.model_selection.train_test_split [matched train_test_split],True,tgan/research/evaluation.py:44 sklearn.tree.DecisionTreeClassifier [matched DecisionTreeClassifier],True,tgan/research/experiments.py:45 model.fit [matched model.fit],False,,True,tgan/data.py:246 model.predict_proba [matched model.predict_proba],unverified: missing stages: evaluation
https://github.com/a-teresa/disaster_response_pipelines,ok,False,4,0,1,app\run.py,fallback_nested,1,7,0,0,0,True,app/run.py:90 sqlalchemy.create_engine [matched sqlalchemy.create_engine],True,app/run.py:33 nltk.tokenize.word_tokenize [matched nltk.tokenize.word_tokenize],True,app/run.py:0 class VerbExtractor [matched <class subclasses model base>],False,,False,,True,app/run.py:20 flask.Flask [matched Flask],"unverified: missing stages: training, evaluation"
https://github.com/idanwain/MLHC,no_dockerfile,False,0,0,0,,,0,0,0,0,0,False,,False,,False,,False,,False,,False,,no Dockerfile and no fallback entry point found
https://github.com/jordanpruett/book-review-index,no_dockerfile,False,0,0,0,,,0,0,0,0,0,False,,False,,False,,False,,False,,False,,no Dockerfile and no fallback entry point found
https://github.com/Vinsocf/Breast-Cancer-Classification,no_dockerfile,False,0,0,0,,,0,0,0,0,0,False,,False,,False,,False,,False,,False,,no Dockerfile and no fallback entry point found
https://github.com/abhishekjoshi2612/contest-reminder,no_dockerfile,False,0,0,0,,,0,0,0,0,0,False,,False,,False,,False,,False,,False,,no Dockerfile and no fallback entry point found
https://github.com/asattiraju13/hack-gt-8,no_dockerfile,False,0,0,0,,,0,0,0,0,0,False,,False,,False,,False,,False,,False,,no Dockerfile and no fallback entry point found
https://github.com/sideraverso/DataCleaning,no_dockerfile,False,0,0,0,,,0,0,0,0,0,False,,False,,False,,False,,False,,False,,no Dockerfile and no fallback entry point found
https://github.com/coleygroup/pyscreener,ok,False,1,1,1,pyscreener\main.py,fallback_nested,23,80,5,0,0,True,pyscreener/supply.py:163 csv.reader [matched csv.reader],False,,False,,False,,False,,False,,"unverified: missing stages: data_preparation, modeling, training, evaluation, inference"
https://github.com/pwoznicki/ClassyRadiomics,ok,False,0,1,1,autorad\__main__.py,fallback_nested,1,2,0,0,0,False,,False,,False,,False,,False,,False,,"unverified: missing stages: data_acquisition, data_preparation, modeling, training, evaluation, inference"
https://github.com/netxph/sb-capstone,no_dockerfile,False,0,0,0,,,0,0,0,0,0,False,,False,,False,,False,,False,,False,,no Dockerfile and no fallback entry point found
https://github.com/MylesBartlett/shifts,clone_failed,False,0,0,0,,,0,0,0,0,0,False,,False,,False,,False,,False,,False,,remote: Repository not found.
https://github.com/KenWronka/poison_ivy_detector,no_entry,False,0,1,0,,,0,0,0,0,0,False,,False,,False,,False,,False,,False,,Dockerfile(s) found but no Python entry point could be resolved
https://github.com/mikedwhite/microstructural-fingerprinting-tools,no_dockerfile,False,0,0,0,,,0,0,0,0,0,False,,False,,False,,False,,False,,False,,no Dockerfile and no fallback entry point found
https://github.com/jackmleitch/StravaKudos,ok,False,3,0,1,src\app.py,fallback_nested,1,8,0,0,0,True,src/app.py:40 pd.read_csv [matched pd.read_csv],False,,False,,False,,True,src/app.py:190 sklearn.metrics.mean_squared_error [matched mean_squared_error],True,src/app.py:117 st.write [matched st.write],"unverified: missing stages: data_preparation, modeling, training"
https://github.com/CMofjeld/Edge-Intelligence,no_entry,False,0,7,0,,,0,0,0,0,0,False,,False,,False,,False,,False,,False,,Dockerfile(s) found but no Python entry point could be resolved
https://github.com/AlexanderSouthan/pyDataFitting,no_dockerfile,False,0,0,0,,,0,0,0,0,0,False,,False,,False,,False,,False,,False,,no Dockerfile and no fallback entry point found
https://github.com/yuning-lin/SideProjects,no_dockerfile,False,0,0,0,,,0,0,0,0,0,False,,False,,False,,False,,False,,False,,no Dockerfile and no fallback entry point found
https://github.com/BrianKang-Webtools/ForePlate,no_dockerfile,False,0,0,0,,,0,0,0,0,0,False,,False,,False,,False,,False,,False,,no Dockerfile and no fallback entry point found
https://github.com/h-okay/Projects,no_dockerfile,False,0,0,0,,,0,0,0,0,0,False,,False,,False,,False,,False,,False,,no Dockerfile and no fallback entry point found
https://github.com/rajewsky-lab/spacemake,ok,False,1,0,1,spacemake\alnstats.py,fallback_console_script,3,32,1,0,0,False,,True,spacemake/alnstats.py:535 pd.concat [matched pd.concat],False,,False,,False,,False,,"unverified: missing stages: data_acquisition, modeling, training, evaluation, inference"
https://github.com/ejmejm/NeuralEmbeddings,no_dockerfile,False,0,0,0,,,0,0,0,0,0,False,,False,,False,,False,,False,,False,,no Dockerfile and no fallback entry point found
https://github.com/patelvap/Comp-755-Project,no_dockerfile,False,0,0,0,,,0,0,0,0,0,False,,False,,False,,False,,False,,False,,no Dockerfile and no fallback entry point found
https://github.com/Teleoscope/Teleoscope,no_entry,False,0,3,1,,dockerfile,0,0,0,0,0,False,,False,,False,,False,,False,,False,,no resolved entry point yielded a usable call graph
https://github.com/JulienJ-44/rakuteam,no_dockerfile,False,0,0,0,,,0,0,0,0,0,False,,False,,False,,False,,False,,False,,no Dockerfile and no fallback entry point found
https://github.com/dilettagoglia/impl-NN-from-scratch,no_dockerfile,False,0,0,0,,,0,0,0,0,0,False,,False,,False,,False,,False,,False,,no Dockerfile and no fallback entry point found
https://github.com/jinu0124/Zootopia,no_entry,False,0,1,0,,,0,0,0,0,0,False,,False,,False,,False,,False,,False,,Dockerfile(s) found but no Python entry point could be resolved
https://github.com/Vovinsa/COVID_classification_and_segmentation,no_dockerfile,False,0,0,0,,,0,0,0,0,0,False,,False,,False,,False,,False,,False,,no Dockerfile and no fallback entry point found
https://github.com/ruchtem/moo-mtl,ok,False,4,0,1,multi_objective\main.py,fallback_nested,21,136,4,0,0,True,multi_objective/utils.py:47 torch.utils.data.DataLoader [matched DataLoader],False,,True,multi_objective/methods/pareto_hypernet/phn_wrappers.py:0 class FCPHNHyper [matched <class subclasses model base>],True,multi_objective/main.py:251 nn.parallel.DistributedDataParallel [matched DistributedDataParallel],False,,True,multi_objective/scores.py:40 torch.no_grad [matched torch.no_grad],"unverified: missing stages: data_preparation, evaluation"
https://github.com/awslabs/syne-tune,no_dockerfile,False,0,0,0,,,0,0,0,0,0,False,,False,,False,,False,,False,,False,,no Dockerfile and no fallback entry point found
https://github.com/juaca2009/FeatureSelecctionMusic,no_dockerfile,False,0,0,0,,,0,0,0,0,0,False,,False,,False,,False,,False,,False,,no Dockerfile and no fallback entry point found
https://github.com/bcgov/wps,no_entry,False,0,13,0,,,0,0,0,0,0,False,,False,,False,,False,,False,,False,,Dockerfile(s) found but no Python entry point could be resolved
https://github.com/Xu-jianwen/xjw_pytorch_finetune,no_dockerfile,False,0,0,0,,,0,0,0,0,0,False,,False,,False,,False,,False,,False,,no Dockerfile and no fallback entry point found
https://github.com/Deligiorgis/zero_to_hero,no_dockerfile,False,0,0,0,,,0,0,0,0,0,False,,False,,False,,False,,False,,False,,no Dockerfile and no fallback entry point found
https://github.com/nansencenter/nersc_ml_course,no_dockerfile,False,0,0,0,,,0,0,0,0,0,False,,False,,False,,False,,False,,False,,no Dockerfile and no fallback entry point found
https://github.com/pirxus/personalVAD,no_dockerfile,False,0,0,0,,,0,0,0,0,0,False,,False,,False,,False,,False,,False,,no Dockerfile and no fallback entry point found
https://github.com/mwahab2000/AWS-DevOps-P4-V2,no_entry,False,0,2,0,,,0,0,0,0,0,False,,False,,False,,False,,False,,False,,Dockerfile(s) found but no Python entry point could be resolved
https://github.com/karthik63/hard-to-find,no_dockerfile,False,0,0,0,,,0,0,0,0,0,False,,False,,False,,False,,False,,False,,no Dockerfile and no fallback entry point found
https://github.com/itracanalise/analiseComentariosSUS,no_dockerfile,False,0,0,0,,,0,0,0,0,0,False,,False,,False,,False,,False,,False,,no Dockerfile and no fallback entry point found
https://github.com/oussou-dev/ML_Engineer_ZoomCamp,no_entry,False,0,5,0,,,0,0,0,0,0,False,,False,,False,,False,,False,,False,,Dockerfile(s) found but no Python entry point could be resolved
https://github.com/zk403/mlearn,no_dockerfile,False,0,0,0,,,0,0,0,0,0,False,,False,,False,,False,,False,,False,,no Dockerfile and no fallback entry point found
https://github.com/toofnf/dementiy,no_dockerfile,False,0,0,0,,,0,0,0,0,0,False,,False,,False,,False,,False,,False,,no Dockerfile and no fallback entry point found
https://github.com/lkirch/ml-zoomcamp,no_entry,False,0,4,0,,,0,0,0,0,0,False,,False,,False,,False,,False,,False,,Dockerfile(s) found but no Python entry point could be resolved
https://github.com/paixaols/rossmann-store-sales,no_dockerfile,False,0,0,0,,,0,0,0,0,0,False,,False,,False,,False,,False,,False,,no Dockerfile and no fallback entry point found
https://github.com/abhilb/pydata_2021,no_dockerfile,False,0,0,0,,,0,0,0,0,0,False,,False,,False,,False,,False,,False,,no Dockerfile and no fallback entry point found
https://github.com/andrijaster/Fairness-AC-ADV,no_dockerfile,False,0,0,0,,,0,0,0,0,0,False,,False,,False,,False,,False,,False,,no Dockerfile and no fallback entry point found
https://github.com/sofa566/rasa-for-botfront-origin,ok,True,6,13,1,rasa\__main__.py,fallback_nested,197,2844,8,0,4,True,rasa/telemetry.py:258 json.load [matched json.load],True,rasa/nlu/test.py:1508 sklearn.model_selection.StratifiedKFold [matched StratifiedKFold],True,rasa/nlu/classifiers/sklearn_intent_classifier.py:160 sklearn.svm.SVC [matched SVC],True,rasa/nlu/train.py:116 trainer.train [matched trainer.train],True,rasa/test.py:281 rasa.nlu.test.cross_validate [matched cross_validate],True,rasa/nlu/classifiers/diet_classifier.py:854 self.model.predict [matched model.predict],verified: all 6 stages present
https://github.com/liao961120/hgct,no_dockerfile,False,0,0,0,,,0,0,0,0,0,False,,False,,False,,False,,False,,False,,no Dockerfile and no fallback entry point found
https://github.com/peekxc/tallem,no_dockerfile,False,0,0,0,,,0,0,0,0,0,False,,False,,False,,False,,False,,False,,no Dockerfile and no fallback entry point found
https://github.com/mims-harvard/Raindrop,no_dockerfile,False,0,0,0,,,0,0,0,0,0,False,,False,,False,,False,,False,,False,,no Dockerfile and no fallback entry point found
https://github.com/vnkt996/deep-learning-v2-pytorch,no_dockerfile,False,0,0,0,,,0,0,0,0,0,False,,False,,False,,False,,False,,False,,no Dockerfile and no fallback entry point found
https://github.com/nadeemlab/ImPartial,no_entry,False,0,1,0,,,0,0,0,0,0,False,,False,,False,,False,,False,,False,,Dockerfile(s) found but no Python entry point could be resolved
https://github.com/subramanivasu/ML_Learnings,no_entry,False,0,1,0,,,0,0,0,0,0,False,,False,,False,,False,,False,,False,,Dockerfile(s) found but no Python entry point could be resolved
https://github.com/biorack/metatlas,no_entry,False,0,10,0,,,0,0,0,0,0,False,,False,,False,,False,,False,,False,,Dockerfile(s) found but no Python entry point could be resolved
https://github.com/i-Dare/Science4Fashion_ref,no_dockerfile,False,0,0,0,,,0,0,0,0,0,False,,False,,False,,False,,False,,False,,no Dockerfile and no fallback entry point found
https://github.com/jusJk/capstone21,no_entry,False,0,3,0,,,0,0,0,0,0,False,,False,,False,,False,,False,,False,,Dockerfile(s) found but no Python entry point could be resolved
https://github.com/sberbank-ai/railway_infrastructure_detection_aij2021,no_entry,False,0,1,0,,,0,0,0,0,0,False,,False,,False,,False,,False,,False,,Dockerfile(s) found but no Python entry point could be resolved
https://github.com/Capstone-CSCI4970/CornBot-BackEnd,no_dockerfile,False,0,0,0,,,0,0,0,0,0,False,,False,,False,,False,,False,,False,,no Dockerfile and no fallback entry point found
https://github.com/Arjuno55/ML-Beginner,no_dockerfile,False,0,0,0,,,0,0,0,0,0,False,,False,,False,,False,,False,,False,,no Dockerfile and no fallback entry point found
https://github.com/yxzhao990302/Hello-World,no_entry,False,0,5,0,,,0,0,0,0,0,False,,False,,False,,False,,False,,False,,Dockerfile(s) found but no Python entry point could be resolved
https://github.com/srstevenson/keyword-extractor,no_dockerfile,False,0,0,0,,,0,0,0,0,0,False,,False,,False,,False,,False,,False,,no Dockerfile and no fallback entry point found
https://github.com/SMILELab-FL/FedLab-benchmarks,no_dockerfile,False,0,0,0,,,0,0,0,0,0,False,,False,,False,,False,,False,,False,,no Dockerfile and no fallback entry point found
https://github.com/MapsaBootCamp/MachineLearning1,no_dockerfile,False,0,0,0,,,0,0,0,0,0,False,,False,,False,,False,,False,,False,,no Dockerfile and no fallback entry point found
https://github.com/MUbarak123-56/FPL-Predictor,no_dockerfile,False,0,0,0,,,0,0,0,0,0,False,,False,,False,,False,,False,,False,,no Dockerfile and no fallback entry point found
https://github.com/yamaguchi-milkcocholate/GoogleBrain-VentilatorPressurePrediction,no_dockerfile,False,0,0,0,,,0,0,0,0,0,False,,False,,False,,False,,False,,False,,no Dockerfile and no fallback entry point found
https://github.com/pablolhez72/PythonDataScience-Handbook,no_dockerfile,False,0,0,0,,,0,0,0,0,0,False,,False,,False,,False,,False,,False,,no Dockerfile and no fallback entry point found
https://github.com/haesleinhuepf/apoc,no_dockerfile,False,0,0,0,,,0,0,0,0,0,False,,False,,False,,False,,False,,False,,no Dockerfile and no fallback entry point found
https://github.com/face-hunters/face-hunter,no_entry,False,0,2,0,,,0,0,0,0,0,False,,False,,False,,False,,False,,False,,Dockerfile(s) found but no Python entry point could be resolved
https://github.com/TenchuBlossom/action-prediction-pipeline,clone_failed,False,0,0,0,,,0,0,0,0,0,False,,False,,False,,False,,False,,False,,remote: Repository not found.
https://github.com/google-research/language,no_dockerfile,False,0,0,0,,,0,0,0,0,0,False,,False,,False,,False,,False,,False,,no Dockerfile and no fallback entry point found
https://github.com/DeKUT-DSAIL/dsa2021,no_dockerfile,False,0,0,0,,,0,0,0,0,0,False,,False,,False,,False,,False,,False,,no Dockerfile and no fallback entry point found
https://github.com/predictive-analytics-lab/topocluster,ok,False,1,0,1,topocluster\main.py,fallback_nested,3,2,2,0,0,False,,False,,False,,False,,True,topocluster/relays/ssl.py:47 self.log [matched self.log],False,,"unverified: missing stages: data_acquisition, data_preparation, modeling, training, inference"
https://github.com/altlnt/Avion-Simulation-Identification,no_dockerfile,False,0,0,0,,,0,0,0,0,0,False,,False,,False,,False,,False,,False,,no Dockerfile and no fallback entry point found
https://github.com/yamsgithub/modular_deep_learning,no_dockerfile,False,0,0,0,,,0,0,0,0,0,False,,False,,False,,False,,False,,False,,no Dockerfile and no fallback entry point found
https://github.com/psheehan/pdspy,no_dockerfile,False,0,0,0,,,0,0,0,0,0,False,,False,,False,,False,,False,,False,,no Dockerfile and no fallback entry point found
https://github.com/idobetesh/Scientific-Programming-Python,no_dockerfile,False,0,0,0,,,0,0,0,0,0,False,,False,,False,,False,,False,,False,,no Dockerfile and no fallback entry point found
https://github.com/PicselliaTeam/picsellia-training-engine,no_entry,False,0,18,0,,,0,0,0,0,0,False,,False,,False,,False,,False,,False,,Dockerfile(s) found but no Python entry point could be resolved
https://github.com/wojtek11530/DistilledVsNondistilled,no_entry,False,0,1,0,,,0,0,0,0,0,False,,False,,False,,False,,False,,False,,Dockerfile(s) found but no Python entry point could be resolved
https://github.com/BruntonUWBio/structured-random-features,no_dockerfile,False,0,0,0,,,0,0,0,0,0,False,,False,,False,,False,,False,,False,,no Dockerfile and no fallback entry point found
https://github.com/eclipse-researchlabs/smartclide-smart-assistant,no_entry,False,0,1,0,,,0,0,0,0,0,False,,False,,False,,False,,False,,False,,Dockerfile(s) found but no Python entry point could be resolved
https://github.com/BorgwardtLab/maldi-learn,no_dockerfile,False,0,0,0,,,0,0,0,0,0,False,,False,,False,,False,,False,,False,,no Dockerfile and no fallback entry point found
https://github.com/smestern/pyAPisolation,ok,False,0,0,1,pyAPisolation\bin\__main__.py,fallback_console_script,1,0,0,0,0,False,,False,,False,,False,,False,,False,,"unverified: missing stages: data_acquisition, data_preparation, modeling, training, evaluation, inference"
https://github.com/nmaiorana/svi-trading-tools,no_dockerfile,False,0,0,0,,,0,0,0,0,0,False,,False,,False,,False,,False,,False,,no Dockerfile and no fallback entry point found
https://github.com/meyer-lab/IL4-model,no_dockerfile,False,0,0,0,,,0,0,0,0,0,False,,False,,False,,False,,False,,False,,no Dockerfile and no fallback entry point found
https://github.com/SamGomes/GIMME,no_dockerfile,False,0,0,0,,,0,0,0,0,0,False,,False,,False,,False,,False,,False,,no Dockerfile and no fallback entry point found
https://github.com/xarion/EPM,ok,False,4,0,1,xai_methods\run.py,fallback_nested,7,20,3,0,0,True,dataset.py:15 torchvision.datasets.ImageNet [matched torchvision.datasets.*],True,dataset.py:10 torchvision.transforms.Compose [matched torchvision.transforms.*],True,models.py:37 nn.Sequential [matched nn.Sequential],False,,False,,True,models.py:35 model.eval [matched model.eval],"unverified: missing stages: training, evaluation"
https://github.com/dayyass/latent-semantic-analysis,ok,False,2,1,1,latent_semantic_analysis\__main__.py,fallback_nested,6,11,2,0,0,True,latent_semantic_analysis/config.py:21 yaml.safe_load [matched yaml.safe_load],True,latent_semantic_analysis/train.py:41 sklearn.decomposition.TruncatedSVD [matched TruncatedSVD],False,,False,,False,,False,,"unverified: missing stages: modeling, training, evaluation, inference"
https://github.com/Amannor/redhat_final_proj,no_dockerfile,False,0,0,0,,,0,0,0,0,0,False,,False,,False,,False,,False,,False,,no Dockerfile and no fallback entry point found
https://github.com/brianWeng0223/mljar-supervised,no_dockerfile,False,0,0,0,,,0,0,0,0,0,False,,False,,False,,False,,False,,False,,no Dockerfile and no fallback entry point found
https://github.com/sjaya09/AI4All-UCSFProject_UnbiasedDepressionClassifiers,no_dockerfile,False,0,0,0,,,0,0,0,0,0,False,,False,,False,,False,,False,,False,,no Dockerfile and no fallback entry point found
https://github.com/ilaha/Austin_AniML_Rescue,no_dockerfile,False,0,0,0,,,0,0,0,0,0,False,,False,,False,,False,,False,,False,,no Dockerfile and no fallback entry point found
https://github.com/thititongumpun/Sentiment-Chatbot-Line,ok,False,1,2,1,line-api\main.py,fallback_nested,1,2,0,0,0,False,,False,,False,,False,,False,,True,line-api/main.py:16 fastapi.FastAPI [matched FastAPI],"unverified: missing stages: data_acquisition, data_preparation, modeling, training, evaluation"
https://github.com/codyheiser/MILWRM,no_dockerfile,False,0,0,0,,,0,0,0,0,0,False,,False,,False,,False,,False,,False,,no Dockerfile and no fallback entry point found
https://github.com/thepythonsteam/real-estate,no_dockerfile,False,0,0,0,,,0,0,0,0,0,False,,False,,False,,False,,False,,False,,no Dockerfile and no fallback entry point found
https://github.com/blobcity/autoai,no_dockerfile,False,0,0,0,,,0,0,0,0,0,False,,False,,False,,False,,False,,False,,no Dockerfile and no fallback entry point found
https://github.com/Nmkhant/LastRepo,no_dockerfile,False,0,0,0,,,0,0,0,0,0,False,,False,,False,,False,,False,,False,,no Dockerfile and no fallback entry point found
https://github.com/postech-di-lab/METIS,no_dockerfile,False,0,0,0,,,0,0,0,0,0,False,,False,,False,,False,,False,,False,,no Dockerfile and no fallback entry point found
https://github.com/gcaldiera/pyod,no_dockerfile,False,0,0,0,,,0,0,0,0,0,False,,False,,False,,False,,False,,False,,no Dockerfile and no fallback entry point found
https://github.com/PacktPublishing/Machine-Learning-Engineering-with-Python,no_entry,False,0,3,0,,,0,0,0,0,0,False,,False,,False,,False,,False,,False,,Dockerfile(s) found but no Python entry point could be resolved
https://github.com/philippez/practical-data-scientist,no_dockerfile,False,0,0,0,,,0,0,0,0,0,False,,False,,False,,False,,False,,False,,no Dockerfile and no fallback entry point found
https://github.com/ming024/DLHLP2020-SPRING,no_dockerfile,False,0,0,0,,,0,0,0,0,0,False,,False,,False,,False,,False,,False,,no Dockerfile and no fallback entry point found
https://github.com/Lpshkn/Plataurus,no_entry,False,0,1,0,,,0,0,0,0,0,False,,False,,False,,False,,False,,False,,Dockerfile(s) found but no Python entry point could be resolved
https://github.com/sunspai1/Azure-Notebook-Examples,no_entry,False,0,12,0,,,0,0,0,0,0,False,,False,,False,,False,,False,,False,,Dockerfile(s) found but no Python entry point could be resolved
https://github.com/sbslee/pypgx,ok,False,0,0,1,pypgx\__main__.py,fallback_nested,3,1,1,0,1,False,,False,,False,,False,,False,,False,,"unverified: missing stages: data_acquisition, data_preparation, modeling, training, evaluation, inference"
https://github.com/Mixidiot/TDA-tutorial-copy,no_dockerfile,False,0,0,0,,,0,0,0,0,0,False,,False,,False,,False,,False,,False,,no Dockerfile and no fallback entry point found
https://github.com/matthew-samyn/challenge-mole,no_entry,False,0,1,0,,,0,0,0,0,0,False,,False,,False,,False,,False,,False,,Dockerfile(s) found but no Python entry point could be resolved
https://github.com/aralhekimoglu/face,no_dockerfile,False,0,0,0,,,0,0,0,0,0,False,,False,,False,,False,,False,,False,,no Dockerfile and no fallback entry point found
https://github.com/GentleCP/UCAS-NLP,no_dockerfile,False,0,0,0,,,0,0,0,0,0,False,,False,,False,,False,,False,,False,,no Dockerfile and no fallback entry point found
https://github.com/bharathsudharsan/ML-Model-Combining,no_dockerfile,False,0,0,0,,,0,0,0,0,0,False,,False,,False,,False,,False,,False,,no Dockerfile and no fallback entry point found
https://github.com/jamesqo/AgePrediction,ok,False,4,0,1,age_prediction\train.py,fallback_nested,11,108,2,0,0,True,age_prediction/train.py:305 pd.read_csv [matched pd.read_csv],False,,True,age_prediction/train.py:97 nn.Conv2d [matched nn.Conv2d],True,age_prediction/train.py:153 optimizer.zero_grad [matched optimizer.zero_grad],False,,True,age_prediction/train.py:229 model.eval [matched model.eval],"unverified: missing stages: data_preparation, evaluation"
https://github.com/COS301-SE-2021/Coviduous,no_dockerfile,False,0,0,0,,,0,0,0,0,0,False,,False,,False,,False,,False,,False,,no Dockerfile and no fallback entry point found
https://github.com/ArnaldoBichara/avaliamusica,no_entry,False,0,1,0,,,0,0,0,0,0,False,,False,,False,,False,,False,,False,,Dockerfile(s) found but no Python entry point could be resolved
https://github.com/josegcpa/wbs-prediction,no_entry,False,0,1,0,,,0,0,0,0,0,False,,False,,False,,False,,False,,False,,Dockerfile(s) found but no Python entry point could be resolved
https://github.com/babel-publishing/manifolder,no_dockerfile,False,0,0,0,,,0,0,0,0,0,False,,False,,False,,False,,False,,False,,no Dockerfile and no fallback entry point found
https://github.com/Basavaraj100/forest_cover_type_prediction,no_entry,False,0,1,0,,,0,0,0,0,0,False,,False,,False,,False,,False,,False,,Dockerfile(s) found but no Python entry point could be resolved
https://github.com/Project-Canopy/cb_feature_detection,no_entry,False,0,2,0,,,0,0,0,0,0,False,,False,,False,,False,,False,,False,,Dockerfile(s) found but no Python entry point could be resolved
https://github.com/makra89/Quake_AI,no_dockerfile,False,0,0,0,,,0,0,0,0,0,False,,False,,False,,False,,False,,False,,no Dockerfile and no fallback entry point found
https://github.com/1101AlexZab1011/FingerMovementDecoder,no_dockerfile,False,0,0,0,,,0,0,0,0,0,False,,False,,False,,False,,False,,False,,no Dockerfile and no fallback entry point found
https://github.com/Elkinmt19/computer-vision-dojo,no_dockerfile,False,0,0,0,,,0,0,0,0,0,False,,False,,False,,False,,False,,False,,no Dockerfile and no fallback entry point found
https://github.com/xiaochengsky/PyCR,ok,False,1,0,1,misc\main.py,fallback_nested,1,2,0,0,0,False,,False,,False,,False,,False,,True,misc/main.py:42 onnxruntime.InferenceSession [matched onnxruntime.InferenceSession],"unverified: missing stages: data_acquisition, data_preparation, modeling, training, evaluation"
https://github.com/MauricioCarmelo/QuestionAnsweringSystem,ok,False,4,0,1,src\main.py,fallback_nested,14,73,5,0,0,False,,True,src/Simulation.py:41 Pipeline.Pipeline [matched Pipeline],True,src/tasks/TechniqueLinearSVCQuestionClassification.py:24 sklearn.svm.LinearSVC [matched LinearSVC],True,src/tasks/TechniqueLinearSVCQuestionClassification.py:54 self.model.fit [matched model.fit],False,,True,src/tasks/TechniqueLinearSVCQuestionClassification.py:20 self.model.predict [matched model.predict],"unverified: missing stages: data_acquisition, evaluation"
https://github.com/TheJacksonLaboratory/KCET,no_dockerfile,False,0,0,0,,,0,0,0,0,0,False,,False,,False,,False,,False,,False,,no Dockerfile and no fallback entry point found
https://github.com/yifancui/AutoDL,no_dockerfile,False,0,0,0,,,0,0,0,0,0,False,,False,,False,,False,,False,,False,,no Dockerfile and no fallback entry point found
https://github.com/prog-autom/bandit-loops,ok,False,0,0,1,src\main.py,fallback_nested,1,4,0,0,0,False,,False,,False,,False,,False,,False,,"unverified: missing stages: data_acquisition, data_preparation, modeling, training, evaluation, inference"
https://github.com/eurostat/ds-course,no_dockerfile,False,0,0,0,,,0,0,0,0,0,False,,False,,False,,False,,False,,False,,no Dockerfile and no fallback entry point found
https://github.com/RuslanKhalitov/SparseFactorization,no_dockerfile,False,0,0,0,,,0,0,0,0,0,False,,False,,False,,False,,False,,False,,no Dockerfile and no fallback entry point found
https://github.com/Centre-automatique-et-systemes/learn_observe_KKL,no_dockerfile,False,0,0,0,,,0,0,0,0,0,False,,False,,False,,False,,False,,False,,no Dockerfile and no fallback entry point found
https://github.com/lwjason/contractors_toolbox,no_dockerfile,False,0,0,0,,,0,0,0,0,0,False,,False,,False,,False,,False,,False,,no Dockerfile and no fallback entry point found
https://github.com/JESIII/Stock-Advizir,ok,False,0,0,1,src\main.py,fallback_nested,1,0,0,0,0,False,,False,,False,,False,,False,,False,,"unverified: missing stages: data_acquisition, data_preparation, modeling, training, evaluation, inference"
https://github.com/WeightsandBiases/deeplearningposeestimation,no_dockerfile,False,0,0,0,,,0,0,0,0,0,False,,False,,False,,False,,False,,False,,no Dockerfile and no fallback entry point found
https://github.com/IQTLabs/FakeFinder,no_entry,False,0,10,0,,,0,0,0,0,0,False,,False,,False,,False,,False,,False,,Dockerfile(s) found but no Python entry point could be resolved
https://github.com/Water-End-Use-Dataset-Tools/WEUSEDTO,no_dockerfile,False,0,0,0,,,0,0,0,0,0,False,,False,,False,,False,,False,,False,,no Dockerfile and no fallback entry point found
https://github.com/AnelMusic/MachineLearning_Devops_Template,ok,False,0,0,1,app\cli.py,fallback_console_script,2,5,1,0,0,False,,False,,False,,False,,False,,False,,"unverified: missing stages: data_acquisition, data_preparation, modeling, training, evaluation, inference"
https://github.com/DASH-Lab/FakeAVCeleb,no_dockerfile,False,0,0,0,,,0,0,0,0,0,False,,False,,False,,False,,False,,False,,no Dockerfile and no fallback entry point found
https://github.com/sberbank-ai/no_fire_with_ai_aij2021,no_entry,False,0,1,0,,,0,0,0,0,0,False,,False,,False,,False,,False,,False,,Dockerfile(s) found but no Python entry point could be resolved
https://github.com/PaulHancock/Aegean,ok,False,3,1,1,AegeanTools\CLI\aegean.py,fallback_console_script,15,179,2,0,0,True,AegeanTools/catalogs.py:784 sqlite3.connect [matched sqlite3.connect],True,AegeanTools/source_finder.py:147 np.nan_to_num [matched np.nan_to_num],True,AegeanTools/cluster.py:192 sklearn.cluster.DBSCAN [matched DBSCAN],False,,False,,False,,"unverified: missing stages: training, evaluation, inference"
https://github.com/veronicahsieh/MSIA-movie-app-flask,no_dockerfile,False,0,0,0,,,0,0,0,0,0,False,,False,,False,,False,,False,,False,,no Dockerfile and no fallback entry point found
https://github.com/LSSTDESC/snmachine,no_dockerfile,False,0,0,0,,,0,0,0,0,0,False,,False,,False,,False,,False,,False,,no Dockerfile and no fallback entry point found
https://github.com/RickardKarl/LearningUsingPrivilegedTimeSeries,no_dockerfile,False,0,0,0,,,0,0,0,0,0,False,,False,,False,,False,,False,,False,,no Dockerfile and no fallback entry point found
https://github.com/nebiolabs/unclePy,no_dockerfile,False,0,0,0,,,0,0,0,0,0,False,,False,,False,,False,,False,,False,,no Dockerfile and no fallback entry point found
https://github.com/kartik4949/AutoDeploy,no_entry,False,0,1,0,,,0,0,0,0,0,False,,False,,False,,False,,False,,False,,Dockerfile(s) found but no Python entry point could be resolved
https://github.com/fusa-project/fusa-net-utils,no_dockerfile,False,0,0,0,,,0,0,0,0,0,False,,False,,False,,False,,False,,False,,no Dockerfile and no fallback entry point found
https://github.com/Adrianndp/DataAnalysis,no_dockerfile,False,0,0,0,,,0,0,0,0,0,False,,False,,False,,False,,False,,False,,no Dockerfile and no fallback entry point found
https://github.com/dobraczka/forayer,no_dockerfile,False,0,0,0,,,0,0,0,0,0,False,,False,,False,,False,,False,,False,,no Dockerfile and no fallback entry point found
https://github.com/SyedTahaA/PathFinderOnMap,no_dockerfile,False,0,0,0,,,0,0,0,0,0,False,,False,,False,,False,,False,,False,,no Dockerfile and no fallback entry point found
https://github.com/thiago-vale/Data-Science,no_dockerfile,False,0,0,0,,,0,0,0,0,0,False,,False,,False,,False,,False,,False,,no Dockerfile and no fallback entry point found
https://github.com/bdiptesh/CodeLib,no_dockerfile,False,0,0,0,,,0,0,0,0,0,False,,False,,False,,False,,False,,False,,no Dockerfile and no fallback entry point found
https://github.com/tinkoff-ai/etna,ok,True,6,2,1,etna\commands\__main__.py,fallback_console_script,141,1009,10,0,0,True,etna/commands/backtest_command.py:76 pd.read_csv [matched pd.read_csv],True,etna/datasets/datasets_generation.py:48 df.melt [matched .melt],True,etna/models/base.py:0 class DeepBaseNet [matched <class subclasses model base>],True,etna/pipeline/autoregressive_pipeline.py:98 self.model.fit [matched model.fit],True,etna/models/base.py:455 def validation_step [matched <lightning hook validation_step>],True,etna/models/base.py:632 torch.no_grad [matched torch.no_grad],verified: all 6 stages present
https://github.com/mthomp89/python-datascience-handbook,no_dockerfile,False,0,0,0,,,0,0,0,0,0,False,,False,,False,,False,,False,,False,,no Dockerfile and no fallback entry point found
https://github.com/zhangzhiqiangccm/NLP_source_code_debug,ok,False,2,0,1,BERT\main.py,fallback_nested,5,23,2,0,0,False,,False,,True,bert/bert.py:99 tf.keras.layers.Dense [matched tf.keras.layers.*],True,BERT/main.py:46 model.fit_generator [matched model.fit_generator],False,,False,,"unverified: missing stages: data_acquisition, data_preparation, evaluation, inference"
https://github.com/bowang-lab/BIONIC,ok,False,5,0,1,bionic\train.py,fallback_nested,9,56,2,0,0,True,bionic/utils/config_parser.py:105 json.load [matched json.load],True,bionic/utils/preprocessor.py:140 sklearn.preprocessing.MultiLabelBinarizer [matched MultiLabelBinarizer],True,bionic/train.py:126 Model [matched Model],True,bionic/train.py:81 torch.utils.tensorboard.SummaryWriter [matched tensorboard.SummaryWriter],False,,True,bionic/train.py:386 self.model.eval [matched model.eval],unverified: missing stages: evaluation
https://github.com/Andrewwango/femda,no_dockerfile,False,0,0,0,,,0,0,0,0,0,False,,False,,False,,False,,False,,False,,no Dockerfile and no fallback entry point found
https://github.com/Fattigman/SRIQ,no_dockerfile,False,0,0,0,,,0,0,0,0,0,False,,False,,False,,False,,False,,False,,no Dockerfile and no fallback entry point found
https://github.com/MichiganNLP/vlog_action_reason,no_dockerfile,False,0,0,0,,,0,0,0,0,0,False,,False,,False,,False,,False,,False,,no Dockerfile and no fallback entry point found
https://github.com/weikhor/deep-learning-nanodegree-foundation,no_dockerfile,False,0,0,0,,,0,0,0,0,0,False,,False,,False,,False,,False,,False,,no Dockerfile and no fallback entry point found
https://github.com/adriente/esmpy,no_dockerfile,False,0,0,0,,,0,0,0,0,0,False,,False,,False,,False,,False,,False,,no Dockerfile and no fallback entry point found
https://github.com/gunpowder78/fastbook,no_dockerfile,False,0,0,0,,,0,0,0,0,0,False,,False,,False,,False,,False,,False,,no Dockerfile and no fallback entry point found
https://github.com/wgova/automations,no_dockerfile,False,0,0,0,,,0,0,0,0,0,False,,False,,False,,False,,False,,False,,no Dockerfile and no fallback entry point found
https://github.com/JayJose/atlanta-crime,no_dockerfile,False,0,0,0,,,0,0,0,0,0,False,,False,,False,,False,,False,,False,,no Dockerfile and no fallback entry point found
https://github.com/omarbelhaj99/cryptocurrency_trading,no_entry,False,0,1,0,,,0,0,0,0,0,False,,False,,False,,False,,False,,False,,Dockerfile(s) found but no Python entry point could be resolved
https://github.com/sszh1904/NBA_Match_Prediction,no_dockerfile,False,0,0,0,,,0,0,0,0,0,False,,False,,False,,False,,False,,False,,no Dockerfile and no fallback entry point found
https://github.com/nickwiecien/AzureML_Autoencoder_MLOps,no_dockerfile,False,0,0,0,,,0,0,0,0,0,False,,False,,False,,False,,False,,False,,no Dockerfile and no fallback entry point found
https://github.com/Visual-Testing-for-Android-Apps/backend,no_entry,False,0,2,0,,,0,0,0,0,0,False,,False,,False,,False,,False,,False,,Dockerfile(s) found but no Python entry point could be resolved
https://github.com/CristianLazoQuispe/project-covid-detection-utec,no_dockerfile,False,0,0,0,,,0,0,0,0,0,False,,False,,False,,False,,False,,False,,no Dockerfile and no fallback entry point found
https://github.com/joaqogomez/Organizacion-de-datos-fiuba,no_dockerfile,False,0,0,0,,,0,0,0,0,0,False,,False,,False,,False,,False,,False,,no Dockerfile and no fallback entry point found
https://github.com/mahlettaye/Sales_prediction,no_entry,False,0,1,0,,,0,0,0,0,0,False,,False,,False,,False,,False,,False,,Dockerfile(s) found but no Python entry point could be resolved
https://github.com/jocpae/VesselGraph,no_dockerfile,False,0,0,0,,,0,0,0,0,0,False,,False,,False,,False,,False,,False,,no Dockerfile and no fallback entry point found
https://github.com/moshinnb/cucmber_leaf_diseases_detection,no_dockerfile,False,0,0,0,,,0,0,0,0,0,False,,False,,False,,False,,False,,False,,no Dockerfile and no fallback entry point found
https://github.com/Build-Week-Kickstarter-Success-01/DS,no_dockerfile,False,0,0,0,,,0,0,0,0,0,False,,False,,False,,False,,False,,False,,no Dockerfile and no fallback entry point found
https://github.com/trentleslie/Springboard,no_dockerfile,False,0,0,0,,,0,0,0,0,0,False,,False,,False,,False,,False,,False,,no Dockerfile and no fallback entry point found
https://github.com/nebasam/Industry---Casualty-Challenge,no_dockerfile,False,0,0,0,,,0,0,0,0,0,False,,False,,False,,False,,False,,False,,no Dockerfile and no fallback entry point found
https://github.com/RedDragonfruit/MovieLens_Recommendation,no_dockerfile,False,0,0,0,,,0,0,0,0,0,False,,False,,False,,False,,False,,False,,no Dockerfile and no fallback entry point found
https://github.com/ExLeonem/tf-al,no_dockerfile,False,0,0,0,,,0,0,0,0,0,False,,False,,False,,False,,False,,False,,no Dockerfile and no fallback entry point found
https://github.com/Nicolas-Jorq/Springboard,no_dockerfile,False,0,0,0,,,0,0,0,0,0,False,,False,,False,,False,,False,,False,,no Dockerfile and no fallback entry point found
https://github.com/lgblkb/lgblkb_tools2,ok,False,0,0,1,lgblkb_tools\__main__.py,fallback_nested,1,0,0,0,0,False,,False,,False,,False,,False,,False,,"unverified: missing stages: data_acquisition, data_preparation, modeling, training, evaluation, inference"
https://github.com/bryanchanrgb/epidemetrics_mirror,ok,False,0,1,1,src\main.py,fallback_nested,1,0,0,0,0,False,,False,,False,,False,,False,,False,,"unverified: missing stages: data_acquisition, data_preparation, modeling, training, evaluation, inference"
https://github.com/MichaelHopwood/HopML,no_dockerfile,False,0,0,0,,,0,0,0,0,0,False,,False,,False,,False,,False,,False,,no Dockerfile and no fallback entry point found
https://github.com/rsvolkert/MRP,no_dockerfile,False,0,0,0,,,0,0,0,0,0,False,,False,,False,,False,,False,,False,,no Dockerfile and no fallback entry point found
https://github.com/PhilaController/data-sanitation-pickups,no_dockerfile,False,0,0,0,,,0,0,0,0,0,False,,False,,False,,False,,False,,False,,no Dockerfile and no fallback entry point found
https://github.com/cuent/ogb-kdd21,no_entry,False,0,1,0,,,0,0,0,0,0,False,,False,,False,,False,,False,,False,,Dockerfile(s) found but no Python entry point could be resolved
https://github.com/tomaymerich14/resto-project,ok,False,0,1,1,resto_project\run.py,fallback_nested,1,1,0,0,0,False,,False,,False,,False,,False,,False,,"unverified: missing stages: data_acquisition, data_preparation, modeling, training, evaluation, inference"
https://github.com/radinhamidi/Team_Formation_Library,ok,False,3,0,1,teamFormationLibrary\__main__.py,fallback_nested,8,58,3,0,0,True,teamFormationLibrary/TFL.py:100 pickle.load [matched pickle.load],True,teamFormationLibrary/TFL.py:107 sklearn.model_selection.train_test_split [matched train_test_split],True,teamFormationLibrary/VAE.py:57 keras.layers.Input [matched keras.layers.*],False,,False,,False,,"unverified: missing stages: training, evaluation, inference"
https://github.com/mroumelis/Springboard,no_dockerfile,False,0,0,0,,,0,0,0,0,0,False,,False,,False,,False,,False,,False,,no Dockerfile and no fallback entry point found
https://github.com/Syed2096/cryptoBotAPI,clone_failed,False,0,0,0,,,0,0,0,0,0,False,,False,,False,,False,,False,,False,,remote: Repository not found.
https://github.com/DanielCastriani/Demand-Forecasting-in-E-Commerce-Using-Machine-Learning,no_dockerfile,False,0,0,0,,,0,0,0,0,0,False,,False,,False,,False,,False,,False,,no Dockerfile and no fallback entry point found
https://github.com/OpenAOI/anodet,no_dockerfile,False,0,0,0,,,0,0,0,0,0,False,,False,,False,,False,,False,,False,,no Dockerfile and no fallback entry point found
https://github.com/vaaliferov/paranormal,ok,False,0,3,1,app\app.py,fallback_nested,1,0,0,0,0,False,,False,,False,,False,,False,,False,,"unverified: missing stages: data_acquisition, data_preparation, modeling, training, evaluation, inference"
https://github.com/thunlp/OpenMatch,no_entry,False,0,1,0,,,0,0,0,0,0,False,,False,,False,,False,,False,,False,,Dockerfile(s) found but no Python entry point could be resolved
https://github.com/huanglyra/qlib,ok,False,5,0,1,qlib\workflow\cli.py,fallback_console_script,42,763,5,0,1,True,qlib/workflow/cli.py:47 ruamel.yaml.safe_load [matched yaml.safe_load],True,qlib/data/cache.py:778 pd.concat [matched pd.concat],True,qlib/model/base.py:0 class ModelFT [matched <class subclasses model base>],True,qlib/model/trainer.py:64 model.fit [matched model.fit],False,,True,qlib/workflow/record_temp.py:126 self.model.predict [matched model.predict],unverified: missing stages: evaluation
https://github.com/nel-lab/FIOLA,no_dockerfile,False,0,0,0,,,0,0,0,0,0,False,,False,,False,,False,,False,,False,,no Dockerfile and no fallback entry point found
https://github.com/chiakangZacHung/Bayesian-GCN-,no_dockerfile,False,0,0,0,,,0,0,0,0,0,False,,False,,False,,False,,False,,False,,no Dockerfile and no fallback entry point found
https://github.com/PyTcheu/Finance_telegram_bot,no_dockerfile,False,0,0,0,,,0,0,0,0,0,False,,False,,False,,False,,False,,False,,no Dockerfile and no fallback entry point found
https://github.com/CatherineWong/drawingtasks,no_dockerfile,False,0,0,0,,,0,0,0,0,0,False,,False,,False,,False,,False,,False,,no Dockerfile and no fallback entry point found
https://github.com/marianaborgal/P002_Sales_Predictions_Drugstore,no_dockerfile,False,0,0,0,,,0,0,0,0,0,False,,False,,False,,False,,False,,False,,no Dockerfile and no fallback entry point found
https://github.com/ahclab/st-asrpbl,no_entry,False,0,10,0,,,0,0,0,0,0,False,,False,,False,,False,,False,,False,,Dockerfile(s) found but no Python entry point could be resolved
https://github.com/oneoffcoder/lasso-bbn,no_entry,False,0,1,0,,,0,0,0,0,0,False,,False,,False,,False,,False,,False,,Dockerfile(s) found but no Python entry point could be resolved
https://github.com/jameschapman19/scikit-palm,ok,False,1,0,1,skpalm\main.py,fallback_nested,12,24,5,1,0,True,skpalm/utils/miscread.py:11 np.loadtxt [matched np.loadtxt],False,,False,,False,,False,,False,,"unverified: missing stages: data_preparation, modeling, training, evaluation, inference"
https://github.com/sazio/NMAs,no_dockerfile,False,0,0,0,,,0,0,0,0,0,False,,False,,False,,False,,False,,False,,no Dockerfile and no fallback entry point found
https://github.com/botfront/rasa-for-botfront,ok,True,6,10,1,rasa\__main__.py,fallback_nested,197,2844,8,0,4,True,rasa/telemetry.py:258 json.load [matched json.load],True,rasa/nlu/test.py:1508 sklearn.model_selection.StratifiedKFold [matched StratifiedKFold],True,rasa/nlu/classifiers/sklearn_intent_classifier.py:160 sklearn.svm.SVC [matched SVC],True,rasa/nlu/train.py:116 trainer.train [matched trainer.train],True,rasa/test.py:281 rasa.nlu.test.cross_validate [matched cross_validate],True,rasa/nlu/classifiers/diet_classifier.py:854 self.model.predict [matched model.predict],verified: all 6 stages present
https://github.com/zhouj8553/FlipDA,no_dockerfile,False,0,0,0,,,0,0,0,0,0,False,,False,,False,,False,,False,,False,,no Dockerfile and no fallback entry point found
https://github.com/williamfried/modelling-infectious-disease,no_dockerfile,False,0,0,0,,,0,0,0,0,0,False,,False,,False,,False,,False,,False,,no Dockerfile and no fallback entry point found
https://github.com/vinit13792/Multi-sentiment-analysis,no_dockerfile,False,0,0,0,,,0,0,0,0,0,False,,False,,False,,False,,False,,False,,no Dockerfile and no fallback entry point found
https://github.com/KuiMing/triathlon_azure,no_dockerfile,False,0,0,0,,,0,0,0,0,0,False,,False,,False,,False,,False,,False,,no Dockerfile and no fallback entry point found
https://github.com/ansehoon1999/DataCampusProject,no_dockerfile,False,0,0,0,,,0,0,0,0,0,False,,False,,False,,False,,False,,False,,no Dockerfile and no fallback entry point found
https://github.com/ur-whitelab/exmol,no_dockerfile,False,0,0,0,,,0,0,0,0,0,False,,False,,False,,False,,False,,False,,no Dockerfile and no fallback entry point found
https://github.com/mihailthebuilder/bright-news-backend,no_dockerfile,False,0,0,0,,,0,0,0,0,0,False,,False,,False,,False,,False,,False,,no Dockerfile and no fallback entry point found
https://github.com/Aadi16/Aadi-,no_dockerfile,False,0,0,0,,,0,0,0,0,0,False,,False,,False,,False,,False,,False,,no Dockerfile and no fallback entry point found
https://github.com/sunlab-osu/SurfCon,no_dockerfile,False,0,0,0,,,0,0,0,0,0,False,,False,,False,,False,,False,,False,,no Dockerfile and no fallback entry point found
https://github.com/knksknsy/facial-reenactment,no_dockerfile,False,0,0,0,,,0,0,0,0,0,False,,False,,False,,False,,False,,False,,no Dockerfile and no fallback entry point found
https://github.com/changsin/ClassifyImages,no_dockerfile,False,0,0,0,,,0,0,0,0,0,False,,False,,False,,False,,False,,False,,no Dockerfile and no fallback entry point found
https://github.com/timsetsfire/mlops-pov,no_entry,False,0,1,0,,,0,0,0,0,0,False,,False,,False,,False,,False,,False,,Dockerfile(s) found but no Python entry point could be resolved
https://github.com/feliciajacobsen/Summer_Project_COVID19,no_dockerfile,False,0,0,0,,,0,0,0,0,0,False,,False,,False,,False,,False,,False,,no Dockerfile and no fallback entry point found
https://github.com/StatCan/aaw-contrib-containers,no_entry,False,0,4,0,,,0,0,0,0,0,False,,False,,False,,False,,False,,False,,Dockerfile(s) found but no Python entry point could be resolved
https://github.com/ebadawy/voice_conversion,ok,False,1,0,1,src\train.py,fallback_nested,1,3,0,0,0,True,src/train.py:272 torch.utils.data.DataLoader [matched DataLoader],False,,False,,False,,False,,False,,"unverified: missing stages: data_preparation, modeling, training, evaluation, inference"
https://github.com/adireksa/iod,no_entry,False,0,1,0,,,0,0,0,0,0,False,,False,,False,,False,,False,,False,,Dockerfile(s) found but no Python entry point could be resolved
https://github.com/xduan7/bioseq-learning,no_dockerfile,False,0,0,0,,,0,0,0,0,0,False,,False,,False,,False,,False,,False,,no Dockerfile and no fallback entry point found
https://github.com/SEPHIRONOVA/Deep-Learning-PyTorch,no_dockerfile,False,0,0,0,,,0,0,0,0,0,False,,False,,False,,False,,False,,False,,no Dockerfile and no fallback entry point found
https://github.com/PedroHCAlmeida/Projeto_final_bootcamp,no_dockerfile,False,0,0,0,,,0,0,0,0,0,False,,False,,False,,False,,False,,False,,no Dockerfile and no fallback entry point found
https://github.com/Rutvik-C/Recipease,no_dockerfile,False,0,0,0,,,0,0,0,0,0,False,,False,,False,,False,,False,,False,,no Dockerfile and no fallback entry point found
https://github.com/rafaelmotaalves/neural-networks,no_dockerfile,False,0,0,0,,,0,0,0,0,0,False,,False,,False,,False,,False,,False,,no Dockerfile and no fallback entry point found
https://github.com/gsarti/ETC-NLG,no_dockerfile,False,0,0,0,,,0,0,0,0,0,False,,False,,False,,False,,False,,False,,no Dockerfile and no fallback entry point found
https://github.com/adamjanovsky/AndroidMalwareCrypto,no_entry,False,0,1,0,,,0,0,0,0,0,False,,False,,False,,False,,False,,False,,Dockerfile(s) found but no Python entry point could be resolved
https://github.com/BouzidiImen/Social_media_Prediction_depression,no_dockerfile,False,0,0,0,,,0,0,0,0,0,False,,False,,False,,False,,False,,False,,no Dockerfile and no fallback entry point found
https://github.com/PatentsView/PatentsView-Disambiguation,no_dockerfile,False,0,0,0,,,0,0,0,0,0,False,,False,,False,,False,,False,,False,,no Dockerfile and no fallback entry point found
https://github.com/reshadshuvo123/Sketched-Image-Segmentation,no_dockerfile,False,0,0,0,,,0,0,0,0,0,False,,False,,False,,False,,False,,False,,no Dockerfile and no fallback entry point found
https://github.com/maxwshen/piu-analysis,no_dockerfile,False,0,0,0,,,0,0,0,0,0,False,,False,,False,,False,,False,,False,,no Dockerfile and no fallback entry point found
https://github.com/decarsg/pykoop,no_dockerfile,False,0,0,0,,,0,0,0,0,0,False,,False,,False,,False,,False,,False,,no Dockerfile and no fallback entry point found
https://github.com/jonathf/chaospy,no_dockerfile,False,0,0,0,,,0,0,0,0,0,False,,False,,False,,False,,False,,False,,no Dockerfile and no fallback entry point found
https://github.com/a8081/melrpa,no_dockerfile,False,0,0,0,,,0,0,0,0,0,False,,False,,False,,False,,False,,False,,no Dockerfile and no fallback entry point found
https://github.com/china-ai-law-challenge/CAIL2021,no_dockerfile,False,0,0,0,,,0,0,0,0,0,False,,False,,False,,False,,False,,False,,no Dockerfile and no fallback entry point found
https://github.com/Portiloop/portiloop-training,no_dockerfile,False,0,0,0,,,0,0,0,0,0,False,,False,,False,,False,,False,,False,,no Dockerfile and no fallback entry point found
https://github.com/tuannguyen1002dev/Car-Recognition,no_dockerfile,False,0,0,0,,,0,0,0,0,0,False,,False,,False,,False,,False,,False,,no Dockerfile and no fallback entry point found
https://github.com/Vikas1667/ML_Projects,no_entry,False,0,5,0,,,0,0,0,0,0,False,,False,,False,,False,,False,,False,,Dockerfile(s) found but no Python entry point could be resolved
https://github.com/faregas2007/Recomendation_systems,ok,False,2,0,1,app\main.py,fallback_nested,3,5,1,0,0,True,app/api/db.py:7 sqlalchemy.create_engine [matched sqlalchemy.create_engine],False,,False,,False,,False,,True,app/main.py:6 fastapi.FastAPI [matched FastAPI],"unverified: missing stages: data_preparation, modeling, training, evaluation"
https://github.com/maxi1571/Pharmaceutical-Sales-prediction-across-multiple-stores,no_dockerfile,False,0,0,0,,,0,0,0,0,0,False,,False,,False,,False,,False,,False,,no Dockerfile and no fallback entry point found
https://github.com/Theehawau/Sales-Prediction,no_dockerfile,False,0,0,0,,,0,0,0,0,0,False,,False,,False,,False,,False,,False,,no Dockerfile and no fallback entry point found
https://github.com/storopoli/Fairness-GAN,no_dockerfile,False,0,0,0,,,0,0,0,0,0,False,,False,,False,,False,,False,,False,,no Dockerfile and no fallback entry point found
https://github.com/sanatonek/TNC_representation_learning,no_dockerfile,False,0,0,0,,,0,0,0,0,0,False,,False,,False,,False,,False,,False,,no Dockerfile and no fallback entry point found
https://github.com/sanchari-saha/dlrm,no_entry,False,0,1,0,,,0,0,0,0,0,False,,False,,False,,False,,False,,False,,Dockerfile(s) found but no Python entry point could be resolved
https://github.com/szufix/mapel,no_dockerfile,False,0,0,0,,,0,0,0,0,0,False,,False,,False,,False,,False,,False,,no Dockerfile and no fallback entry point found
https://github.com/ExaNLP/sket,no_entry,False,0,2,0,,,0,0,0,0,0,False,,False,,False,,False,,False,,False,,Dockerfile(s) found but no Python entry point could be resolved
https://github.com/autogoal/autogoal,no_entry,False,0,5,1,,dockerfile,0,0,0,0,0,False,,False,,False,,False,,False,,False,,no resolved entry point yielded a usable call graph
https://github.com/liberostelios/urban-morphology-3d,no_dockerfile,False,0,0,0,,,0,0,0,0,0,False,,False,,False,,False,,False,,False,,no Dockerfile and no fallback entry point found
https://github.com/kevinkwshin/Mytorch,no_dockerfile,False,0,0,0,,,0,0,0,0,0,False,,False,,False,,False,,False,,False,,no Dockerfile and no fallback entry point found
https://github.com/obaidmit/Agri_Project,no_dockerfile,False,0,0,0,,,0,0,0,0,0,False,,False,,False,,False,,False,,False,,no Dockerfile and no fallback entry point found
https://github.com/IM3S/LDAR_Sim,no_dockerfile,False,0,0,0,,,0,0,0,0,0,False,,False,,False,,False,,False,,False,,no Dockerfile and no fallback entry point found
https://github.com/Frankie8472/probabilistic-artificial-intelligence,no_entry,False,0,5,0,,,0,0,0,0,0,False,,False,,False,,False,,False,,False,,Dockerfile(s) found but no Python entry point could be resolved
https://github.com/ay94/gpen,no_entry,False,0,7,0,,,0,0,0,0,0,False,,False,,False,,False,,False,,False,,Dockerfile(s) found but no Python entry point could be resolved
https://github.com/hrs2203/fuzzy-pancake,no_dockerfile,False,0,0,0,,,0,0,0,0,0,False,,False,,False,,False,,False,,False,,no Dockerfile and no fallback entry point found
https://github.com/mssm-labmmol/profiler,ok,False,3,0,1,profilerTools\profilerOpt\profilerOpt.py,fallback_console_script,21,388,3,0,0,True,profilerTools/profilerOpt/profilerOpt.py:275 np.loadtxt [matched np.loadtxt],True,profilerTools/evolstrat.py:190 sklearn.preprocessing.MaxAbsScaler [matched MaxAbsScaler],False,,True,profilerTools/linear_regression.py:260 self.model.fit [matched model.fit],False,,False,,"unverified: missing stages: modeling, evaluation, inference"
https://github.com/Marigold/universal-portfolios,no_dockerfile,False,0,0,0,,,0,0,0,0,0,False,,False,,False,,False,,False,,False,,no Dockerfile and no fallback entry point found
https://github.com/timzatko/Sklearn-Nature-Inspired-Algorithms,no_dockerfile,False,0,0,0,,,0,0,0,0,0,False,,False,,False,,False,,False,,False,,no Dockerfile and no fallback entry point found
https://github.com/danielruneda/csklearn,no_dockerfile,False,0,0,0,,,0,0,0,0,0,False,,False,,False,,False,,False,,False,,no Dockerfile and no fallback entry point found
https://github.com/Nannan-Liu/Multidimensional-Analysis-Tagger-of-Mandarin-Chinese,no_dockerfile,False,0,0,0,,,0,0,0,0,0,False,,False,,False,,False,,False,,False,,no Dockerfile and no fallback entry point found
https://github.com/AntBean94/BookFlex,no_entry,False,0,4,0,,,0,0,0,0,0,False,,False,,False,,False,,False,,False,,Dockerfile(s) found but no Python entry point could be resolved
https://github.com/varun-parthasarathy/facenet,no_dockerfile,False,0,0,0,,,0,0,0,0,0,False,,False,,False,,False,,False,,False,,no Dockerfile and no fallback entry point found
https://github.com/Quinnan-Gill/gps_project,no_entry,False,0,2,0,,,0,0,0,0,0,False,,False,,False,,False,,False,,False,,Dockerfile(s) found but no Python entry point could be resolved
https://github.com/lecklis/python_devops_book,no_entry,False,0,4,0,,,0,0,0,0,0,False,,False,,False,,False,,False,,False,,Dockerfile(s) found but no Python entry point could be resolved
https://github.com/g-narahari/The-Python-Workshop,no_dockerfile,False,0,0,0,,,0,0,0,0,0,False,,False,,False,,False,,False,,False,,no Dockerfile and no fallback entry point found
https://github.com/stanbiryukov/gribflow,ok,False,3,1,1,gribflow\app.py,fallback_nested,8,57,2,0,0,True,gribflow/io.py:83 aiohttp.ClientSession [matched aiohttp.ClientSession],True,gribflow/app.py:166 np.nan_to_num [matched np.nan_to_num],False,,False,,False,,True,gribflow/app.py:25 fastapi.FastAPI [matched FastAPI],"unverified: missing stages: modeling, training, evaluation"
https://github.com/nasa-petal/PeTaL-labeller,no_dockerfile,False,0,0,0,,,0,0,0,0,0,False,,False,,False,,False,,False,,False,,no Dockerfile and no fallback entry point found
https://github.com/krish-21/Hotzone_Group,no_dockerfile,False,0,0,0,,,0,0,0,0,0,False,,False,,False,,False,,False,,False,,no Dockerfile and no fallback entry point found
https://github.com/ngobibibnbe/anomaly-detection-in-data-stream,no_dockerfile,False,0,0,0,,,0,0,0,0,0,False,,False,,False,,False,,False,,False,,no Dockerfile and no fallback entry point found
https://github.com/paudan/m2m-nlp-experiment,no_dockerfile,False,0,0,0,,,0,0,0,0,0,False,,False,,False,,False,,False,,False,,no Dockerfile and no fallback entry point found
https://github.com/man7698/Ciencia-de-Dados,no_entry,False,0,2,0,,,0,0,0,0,0,False,,False,,False,,False,,False,,False,,Dockerfile(s) found but no Python entry point could be resolved
https://github.com/sagerpascal/speech-prediction,ok,False,0,1,1,src\main.py,fallback_nested,1,2,0,0,0,False,,False,,False,,False,,False,,False,,"unverified: missing stages: data_acquisition, data_preparation, modeling, training, evaluation, inference"
https://github.com/sillsdev/silnlp,ok,False,1,2,1,silnlp\common\extract_corpora.py,fallback_console_script,5,105,2,0,0,False,,True,silnlp/common/corpus.py:132 sklearn.model_selection.train_test_split [matched train_test_split],False,,False,,False,,False,,"unverified: missing stages: data_acquisition, modeling, training, evaluation, inference"
https://github.com/cmosquer/imbalanceCXR,no_dockerfile,False,0,0,0,,,0,0,0,0,0,False,,False,,False,,False,,False,,False,,no Dockerfile and no fallback entry point found
https://github.com/bdqnghi/infercode,ok,False,1,1,1,infercode\__main__.py,fallback_nested,3,13,2,0,0,True,infercode/client/base_client.py:102 zipfile.ZipFile [matched zipfile.ZipFile],False,,False,,False,,False,,False,,"unverified: missing stages: data_preparation, modeling, training, evaluation, inference"
https://github.com/Jaggu798/Nvidia_Tutorials,no_entry,False,0,3,0,,,0,0,0,0,0,False,,False,,False,,False,,False,,False,,Dockerfile(s) found but no Python entry point could be resolved
https://github.com/gmashik/Machine_learning_projects,no_entry,False,0,1,0,,,0,0,0,0,0,False,,False,,False,,False,,False,,False,,Dockerfile(s) found but no Python entry point could be resolved
https://github.com/bmarotical/capstoneTeam6,no_entry,False,0,1,0,,,0,0,0,0,0,False,,False,,False,,False,,False,,False,,Dockerfile(s) found but no Python entry point could be resolved
https://github.com/iamraymondlow/stop_activity_prediction,ok,False,0,0,1,stop_activity_prediction\cli.py,fallback_console_script,1,1,0,0,0,False,,False,,False,,False,,False,,False,,"unverified: missing stages: data_acquisition, data_preparation, modeling, training, evaluation, inference"
https://github.com/RocioLiu/AI-for-Trading,no_dockerfile,False,0,0,0,,,0,0,0,0,0,False,,False,,False,,False,,False,,False,,no Dockerfile and no fallback entry point found
https://github.com/hrao-dev/News_Sentiment_Categorization,ok,False,2,0,1,News\app.py,fallback_nested,1,4,0,0,0,False,,False,,True,News/app.py:0 class sentiment_results [matched <class subclasses model base>],False,,False,,True,News/app.py:28 flask.Flask [matched Flask],"unverified: missing stages: data_acquisition, data_preparation, training, evaluation"
https://github.com/matousek-martin/estates,no_dockerfile,False,0,0,0,,,0,0,0,0,0,False,,False,,False,,False,,False,,False,,no Dockerfile and no fallback entry point found
https://github.com/bluseking/-python-framework-for-sharing-training-and-testing-dialogue-models,ok,False,5,0,1,parlai\__main__.py,fallback_nested,28,642,6,0,13,True,parlai/core/opt.py:133 json.load [matched json.load],True,parlai/core/image_featurizers.py:101 self.transforms.Compose [matched transforms.Compose],True,parlai/utils/torch.py:0 class IdentityLayer [matched <class subclasses model base>],False,,True,parlai/core/metrics.py:569 nltk.translate.bleu_score.sentence_bleu [matched sentence_bleu],True,parlai/core/image_featurizers.py:190 torch.no_grad [matched torch.no_grad],unverified: missing stages: training
https://github.com/SJVAir/sjvair.com,no_entry,False,0,1,0,,,0,0,0,0,0,False,,False,,False,,False,,False,,False,,Dockerfile(s) found but no Python entry point could be resolved
https://github.com/kynnemall/DogBreedApp,ok,False,2,0,1,app\main.py,fallback_nested,1,0,0,0,0,True,app/main.py:37 PIL.Image.open [matched Image.open],False,,False,,False,,False,,True,app/main.py:22 st.write [matched st.write],"unverified: missing stages: data_preparation, modeling, training, evaluation"
https://github.com/yu9824/yikit,no_dockerfile,False,0,0,0,,,0,0,0,0,0,False,,False,,False,,False,,False,,False,,no Dockerfile and no fallback entry point found
https://github.com/adrian-prisacaru/deep-learning-v2-pytorch,no_dockerfile,False,0,0,0,,,0,0,0,0,0,False,,False,,False,,False,,False,,False,,no Dockerfile and no fallback entry point found
https://github.com/kiudee/bayes-skopt,no_dockerfile,False,0,0,0,,,0,0,0,0,0,False,,False,,False,,False,,False,,False,,no Dockerfile and no fallback entry point found
https://github.com/lukeahwilson/p5l1c27-implementing-gradient-descent,no_dockerfile,False,0,0,0,,,0,0,0,0,0,False,,False,,False,,False,,False,,False,,no Dockerfile and no fallback entry point found
https://github.com/ssachinsingh/ML,no_dockerfile,False,0,0,0,,,0,0,0,0,0,False,,False,,False,,False,,False,,False,,no Dockerfile and no fallback entry point found
https://github.com/Blvisse/ABtesting,no_entry,False,0,1,0,,,0,0,0,0,0,False,,False,,False,,False,,False,,False,,Dockerfile(s) found but no Python entry point could be resolved
https://github.com/eea/nlp-service,ok,False,4,1,1,app\main.py,fallback_nested,9,34,2,0,2,True,app/main.py:52 yaml.safe_load [matched yaml.safe_load],True,app/core/pipeline.py:137 make_pipeline [matched make_pipeline],True,app/core/event_handlers.py:11 Model [matched Model],False,,False,,True,app/main.py:72 fastapi.FastAPI [matched FastAPI],"unverified: missing stages: training, evaluation"
https://github.com/ModelSEED/ModelSEEDpy,no_dockerfile,False,0,0,0,,,0,0,0,0,0,False,,False,,False,,False,,False,,False,,no Dockerfile and no fallback entry point found
https://github.com/neurom-iot/n3ml,no_dockerfile,False,0,0,0,,,0,0,0,0,0,False,,False,,False,,False,,False,,False,,no Dockerfile and no fallback entry point found
https://github.com/bakeryproducts/webinf,no_entry,False,0,6,0,,,0,0,0,0,0,False,,False,,False,,False,,False,,False,,Dockerfile(s) found but no Python entry point could be resolved
https://github.com/k0kishima/machine_learning_hands_on,no_dockerfile,False,0,0,0,,,0,0,0,0,0,False,,False,,False,,False,,False,,False,,no Dockerfile and no fallback entry point found
https://github.com/mixaverros88/Tweet_Sentiment_Extraction,no_entry,False,0,2,0,,,0,0,0,0,0,False,,False,,False,,False,,False,,False,,Dockerfile(s) found but no Python entry point could be resolved
https://github.com/EniasVontas/Assignments,no_dockerfile,False,0,0,0,,,0,0,0,0,0,False,,False,,False,,False,,False,,False,,no Dockerfile and no fallback entry point found
https://github.com/abcucberkeley/LLSM3D_MembraneSegmentation,no_dockerfile,False,0,0,0,,,0,0,0,0,0,False,,False,,False,,False,,False,,False,,no Dockerfile and no fallback entry point found
https://github.com/himkt/optuna-examples-allennlp-distributed,no_entry,False,0,2,0,,,0,0,0,0,0,False,,False,,False,,False,,False,,False,,Dockerfile(s) found but no Python entry point could be resolved
https://github.com/jeffzi/pandas-select,clone_failed,False,0,0,0,,,0,0,0,0,0,False,,False,,False,,False,,False,,False,,remote: Repository not found.
https://github.com/Jianwen-Xu/NLoN-PY,ok,False,0,0,1,nlon_py\cli.py,fallback_console_script,1,1,0,0,0,False,,False,,False,,False,,False,,False,,"unverified: missing stages: data_acquisition, data_preparation, modeling, training, evaluation, inference"
https://github.com/AverHLV/diploma-computations,no_dockerfile,False,0,0,0,,,0,0,0,0,0,False,,False,,False,,False,,False,,False,,no Dockerfile and no fallback entry point found
https://github.com/Jordy-VL/uncertainty-bench,no_dockerfile,False,0,0,0,,,0,0,0,0,0,False,,False,,False,,False,,False,,False,,no Dockerfile and no fallback entry point found
https://github.com/jenniferhellar/magic-lat,no_dockerfile,False,0,0,0,,,0,0,0,0,0,False,,False,,False,,False,,False,,False,,no Dockerfile and no fallback entry point found
https://github.com/mfatalla/StockMarket_Beta,no_dockerfile,False,0,0,0,,,0,0,0,0,0,False,,False,,False,,False,,False,,False,,no Dockerfile and no fallback entry point found
https://github.com/patdan10/fortress-dashboard,no_dockerfile,False,0,0,0,,,0,0,0,0,0,False,,False,,False,,False,,False,,False,,no Dockerfile and no fallback entry point found
https://github.com/marvin2311/BigFive_Personality_Analysis,no_dockerfile,False,0,0,0,,,0,0,0,0,0,False,,False,,False,,False,,False,,False,,no Dockerfile and no fallback entry point found
https://github.com/dave8697/Health-Prediction-Apps,no_dockerfile,False,0,0,0,,,0,0,0,0,0,False,,False,,False,,False,,False,,False,,no Dockerfile and no fallback entry point found
https://github.com/wongyoJung/caiman_custom,no_entry,False,0,3,0,,,0,0,0,0,0,False,,False,,False,,False,,False,,False,,Dockerfile(s) found but no Python entry point could be resolved
https://github.com/dtantalidis2002/MilesCranmer-PySR,no_dockerfile,False,0,0,0,,,0,0,0,0,0,False,,False,,False,,False,,False,,False,,no Dockerfile and no fallback entry point found
https://github.com/Zeph-T/FarmEasy,no_dockerfile,False,0,0,0,,,0,0,0,0,0,False,,False,,False,,False,,False,,False,,no Dockerfile and no fallback entry point found
https://github.com/mochodek/acora,no_entry,False,0,1,0,,,0,0,0,0,0,False,,False,,False,,False,,False,,False,,Dockerfile(s) found but no Python entry point could be resolved
https://github.com/PacktPublishing/penguins_ml,no_dockerfile,False,0,0,0,,,0,0,0,0,0,False,,False,,False,,False,,False,,False,,no Dockerfile and no fallback entry point found
https://github.com/sakshi-choudhary/Voice4Rural,no_dockerfile,False,0,0,0,,,0,0,0,0,0,False,,False,,False,,False,,False,,False,,no Dockerfile and no fallback entry point found
https://github.com/huggingface/evaluate,no_dockerfile,False,0,0,0,,,0,0,0,0,0,False,,False,,False,,False,,False,,False,,no Dockerfile and no fallback entry point found
https://github.com/Eliseowzy/Fraudiscern,ok,False,1,0,1,source\app.py,fallback_nested,1,14,0,0,0,False,,False,,False,,False,,False,,True,source/app.py:25 flask.Flask [matched Flask],"unverified: missing stages: data_acquisition, data_preparation, modeling, training, evaluation"
https://github.com/araul3927/EmotionDetectionFromText,no_dockerfile,False,0,0,0,,,0,0,0,0,0,False,,False,,False,,False,,False,,False,,no Dockerfile and no fallback entry point found
https://github.com/jorisptrs/Supervised-Julia,no_dockerfile,False,0,0,0,,,0,0,0,0,0,False,,False,,False,,False,,False,,False,,no Dockerfile and no fallback entry point found
https://github.com/boa9448/PyAutoMakerHuman,no_dockerfile,False,0,0,0,,,0,0,0,0,0,False,,False,,False,,False,,False,,False,,no Dockerfile and no fallback entry point found
https://github.com/nhduong2803/Datacracy-atom-nhduong,no_dockerfile,False,0,0,0,,,0,0,0,0,0,False,,False,,False,,False,,False,,False,,no Dockerfile and no fallback entry point found
https://github.com/curtkim/pytorch-first,no_entry,False,0,2,0,,,0,0,0,0,0,False,,False,,False,,False,,False,,False,,Dockerfile(s) found but no Python entry point could be resolved
https://github.com/czechoa/COVID-19_prediction_in_Poland,ok,False,3,0,1,RNN\main.py,fallback_nested,14,59,5,0,0,True,prepare_data/merge/data_epidemic_situation_in_regions/prepare_data_epidemic_situation_in_regions.py:12 pd.read_csv [matched pd.read_csv],True,RNN/prediction/plot/plots.py:12 pd.to_datetime [matched pd.to_datetime],True,RNN/model/simple_regresion.py:19 tf.keras.layers.Dense [matched tf.keras.layers.*],False,,False,,False,,"unverified: missing stages: training, evaluation, inference"
https://github.com/alantess/slam,no_dockerfile,False,0,0,0,,,0,0,0,0,0,False,,False,,False,,False,,False,,False,,no Dockerfile and no fallback entry point found
https://github.com/bahia14/Fedot_Times_Series_Forecast,no_dockerfile,False,0,0,0,,,0,0,0,0,0,False,,False,,False,,False,,False,,False,,no Dockerfile and no fallback entry point found
https://github.com/mikekeith52/scalecast,no_dockerfile,False,0,0,0,,,0,0,0,0,0,False,,False,,False,,False,,False,,False,,no Dockerfile and no fallback entry point found
https://github.com/joseewei/NeMo,no_entry,False,0,3,0,,,0,0,0,0,0,False,,False,,False,,False,,False,,False,,Dockerfile(s) found but no Python entry point could be resolved
https://github.com/Mercury010/https-github.com-Mercury010-ML-For-Beginners,clone_failed,False,0,0,0,,,0,0,0,0,0,False,,False,,False,,False,,False,,False,,remote: Repository not found.
https://github.com/BerkeleyAutomation/Kit-Net,no_dockerfile,False,0,0,0,,,0,0,0,0,0,False,,False,,False,,False,,False,,False,,no Dockerfile and no fallback entry point found
https://github.com/Josh-Batt/strive_coursework,no_dockerfile,False,0,0,0,,,0,0,0,0,0,False,,False,,False,,False,,False,,False,,no Dockerfile and no fallback entry point found
https://github.com/AleCioc/STEMdays,no_dockerfile,False,0,0,0,,,0,0,0,0,0,False,,False,,False,,False,,False,,False,,no Dockerfile and no fallback entry point found
https://github.com/kasra-arnavaz/tubeseg,no_dockerfile,False,0,0,0,,,0,0,0,0,0,False,,False,,False,,False,,False,,False,,no Dockerfile and no fallback entry point found
https://github.com/RNAcentral/rnacentral-import-pipeline,ok,False,0,6,1,rnacentral_pipeline\__main__.py,fallback_nested,3,1,2,0,0,False,,False,,False,,False,,False,,False,,"unverified: missing stages: data_acquisition, data_preparation, modeling, training, evaluation, inference"
https://github.com/Tarheel-Formal-Methods/kaa-dynamic,no_entry,False,0,1,0,,,0,0,0,0,0,False,,False,,False,,False,,False,,False,,Dockerfile(s) found but no Python entry point could be resolved
https://github.com/quantkelly/Deep_learning_pytorch,no_dockerfile,False,0,0,0,,,0,0,0,0,0,False,,False,,False,,False,,False,,False,,no Dockerfile and no fallback entry point found
https://github.com/sdsc-bw/Predictive-Maintenance,no_dockerfile,False,0,0,0,,,0,0,0,0,0,False,,False,,False,,False,,False,,False,,no Dockerfile and no fallback entry point found
https://github.com/konveyor/tackle-container-advisor,no_entry,False,0,2,0,,,0,0,0,0,0,False,,False,,False,,False,,False,,False,,Dockerfile(s) found but no Python entry point could be resolved
https://github.com/Jonayb/SADCWEB-SOBA,no_dockerfile,False,0,0,0,,,0,0,0,0,0,False,,False,,False,,False,,False,,False,,no Dockerfile and no fallback entry point found
https://github.com/wtseve/conference_ia-chatelaf,no_dockerfile,False,0,0,0,,,0,0,0,0,0,False,,False,,False,,False,,False,,False,,no Dockerfile and no fallback entry point found
https://github.com/ayeright/swafa,no_dockerfile,False,0,0,0,,,0,0,0,0,0,False,,False,,False,,False,,False,,False,,no Dockerfile and no fallback entry point found
https://github.com/sampotter/python-flux,no_dockerfile,False,0,0,0,,,0,0,0,0,0,False,,False,,False,,False,,False,,False,,no Dockerfile and no fallback entry point found
https://github.com/Shraman-jain/PenguinClassifier,no_dockerfile,False,0,0,0,,,0,0,0,0,0,False,,False,,False,,False,,False,,False,,no Dockerfile and no fallback entry point found
https://github.com/bitrish/data-analysis-and-prediction-web-app,no_dockerfile,False,0,0,0,,,0,0,0,0,0,False,,False,,False,,False,,False,,False,,no Dockerfile and no fallback entry point found
https://github.com/charelF/ComplexSystems,no_dockerfile,False,0,0,0,,,0,0,0,0,0,False,,False,,False,,False,,False,,False,,no Dockerfile and no fallback entry point found
https://github.com/cmdev007/Power-Utilisaton-Prediction,no_dockerfile,False,0,0,0,,,0,0,0,0,0,False,,False,,False,,False,,False,,False,,no Dockerfile and no fallback entry point found
https://github.com/sheikhomar/k-means-plus-plus,no_dockerfile,False,0,0,0,,,0,0,0,0,0,False,,False,,False,,False,,False,,False,,no Dockerfile and no fallback entry point found
https://github.com/cabo40/pyrichlet,no_dockerfile,False,0,0,0,,,0,0,0,0,0,False,,False,,False,,False,,False,,False,,no Dockerfile and no fallback entry point found
https://github.com/rodrigohaddad/RNSP,no_dockerfile,False,0,0,0,,,0,0,0,0,0,False,,False,,False,,False,,False,,False,,no Dockerfile and no fallback entry point found
https://github.com/Saddy96/Data-Science-and-ML-with-Python,no_dockerfile,False,0,0,0,,,0,0,0,0,0,False,,False,,False,,False,,False,,False,,no Dockerfile and no fallback entry point found
https://github.com/sumitsharmamanit/CourseWork,no_dockerfile,False,0,0,0,,,0,0,0,0,0,False,,False,,False,,False,,False,,False,,no Dockerfile and no fallback entry point found
https://github.com/weiji14/deepicedrain,no_entry,False,0,1,0,,,0,0,0,0,0,False,,False,,False,,False,,False,,False,,Dockerfile(s) found but no Python entry point could be resolved
https://github.com/khirotaka/enchanter,no_entry,False,0,2,0,,,0,0,0,0,0,False,,False,,False,,False,,False,,False,,Dockerfile(s) found but no Python entry point could be resolved
https://github.com/gustavhartz/SpamClassification,no_dockerfile,False,0,0,0,,,0,0,0,0,0,False,,False,,False,,False,,False,,False,,no Dockerfile and no fallback entry point found
https://github.com/JxustLiao/Natural-Language-Processing,no_dockerfile,False,0,0,0,,,0,0,0,0,0,False,,False,,False,,False,,False,,False,,no Dockerfile and no fallback entry point found
https://github.com/poojahoza/R2,no_dockerfile,False,0,0,0,,,0,0,0,0,0,False,,False,,False,,False,,False,,False,,no Dockerfile and no fallback entry point found
https://github.com/kitzeslab/opensoundscape,no_dockerfile,False,0,0,0,,,0,0,0,0,0,False,,False,,False,,False,,False,,False,,no Dockerfile and no fallback entry point found
https://github.com/Edeline1/https-github.com-codebasics-py,no_dockerfile,False,0,0,0,,,0,0,0,0,0,False,,False,,False,,False,,False,,False,,no Dockerfile and no fallback entry point found
https://github.com/longyunf/rc-pda,no_dockerfile,False,0,0,0,,,0,0,0,0,0,False,,False,,False,,False,,False,,False,,no Dockerfile and no fallback entry point found
https://github.com/predictive-analytics-lab/EthicML,no_dockerfile,False,0,0,0,,,0,0,0,0,0,False,,False,,False,,False,,False,,False,,no Dockerfile and no fallback entry point found
https://github.com/esthervogt/dmcup2021,no_dockerfile,False,0,0,0,,,0,0,0,0,0,False,,False,,False,,False,,False,,False,,no Dockerfile and no fallback entry point found
https://github.com/earth-genome/wtl_service,ok,False,2,3,1,webapp\app.py,fallback_nested,1,25,0,0,0,True,webapp/app.py:430 flask.json.load [matched json.load],False,,False,,False,,False,,True,webapp/app.py:41 flask.Flask [matched Flask],"unverified: missing stages: data_preparation, modeling, training, evaluation"
https://github.com/AmitDavid/iml_hackton_2020,no_dockerfile,False,0,0,0,,,0,0,0,0,0,False,,False,,False,,False,,False,,False,,no Dockerfile and no fallback entry point found
https://github.com/Eortvald/Foss-autoencoder,no_dockerfile,False,0,0,0,,,0,0,0,0,0,False,,False,,False,,False,,False,,False,,no Dockerfile and no fallback entry point found
https://github.com/manuelgilm/data_science-portafolio,no_entry,False,0,14,0,,,0,0,0,0,0,False,,False,,False,,False,,False,,False,,Dockerfile(s) found but no Python entry point could be resolved
https://github.com/Luca97Cuomo/sna-project,no_dockerfile,False,0,0,0,,,0,0,0,0,0,False,,False,,False,,False,,False,,False,,no Dockerfile and no fallback entry point found
https://github.com/Chrypapado/Garbage_Classification,no_dockerfile,False,0,0,0,,,0,0,0,0,0,False,,False,,False,,False,,False,,False,,no Dockerfile and no fallback entry point found
https://github.com/parmisnaddaf/inductive_learning,ok,False,4,0,1,src\main.py,fallback_nested,4,82,1,0,0,True,src/dataCenter.py:87 pickle.load [matched pickle.load],False,,True,src/utils.py:0 class node_mlp [matched <class subclasses model base>],False,,True,src/utils.py:204 sklearn.metrics.roc_auc_score [matched roc_auc_score],True,src/utils.py:380 model.eval [matched model.eval],"unverified: missing stages: data_preparation, training"
https://github.com/project-codeflare/codeflare,no_entry,False,0,1,0,,,0,0,0,0,0,False,,False,,False,,False,,False,,False,,Dockerfile(s) found but no Python entry point could be resolved
https://github.com/iagger/Modelado-de-comunidades,no_dockerfile,False,0,0,0,,,0,0,0,0,0,False,,False,,False,,False,,False,,False,,no Dockerfile and no fallback entry point found
https://github.com/HastingsGreer/OAI_analysis,ok,True,6,0,1,segmentation\train.py,fallback_nested,12,194,2,0,0,True,segmentation/train.py:312 torch.utils.data.DataLoader [matched DataLoader],True,segmentation/train.py:303 torchvision.transforms.Compose [matched torchvision.transforms.*],True,segmentation/networks.py:0 class UNet [matched <class subclasses model base>],True,segmentation/train.py:43 tensorboardX.SummaryWriter [matched SummaryWriter],True,segmentation/train.py:99 writer.add_scalar [matched writer.add_scalar],True,segmentation/train.py:114 torch.no_grad [matched torch.no_grad],verified: all 6 stages present
https://github.com/ey96/DataScienceBikesharing,ok,False,5,0,1,nextbike\cli\cli.py,fallback_console_script,22,47,4,0,0,True,nextbike/io/input.py:22 geopandas.read_file [matched geopandas.read_file],True,nextbike/preprocessing/Preprocessing.py:51 pd.to_numeric [matched pd.to_numeric],True,nextbike/model/clustering/cluster.py:22 sklearn.cluster.KMeans [matched KMeans],True,nextbike/model/clustering/cluster.py:23 model.fit [matched model.fit],True,nextbike/model/ensemble/random_forest.py:80 sklearn.metrics.mean_squared_error [matched mean_squared_error],False,,unverified: missing stages: inference
https://github.com/Dnekhaev/FeelingExampleBindsNet,no_entry,False,0,1,0,,,0,0,0,0,0,False,,False,,False,,False,,False,,False,,Dockerfile(s) found but no Python entry point could be resolved
https://github.com/jayluxferro/SDN-Topology-Attack,ok,False,0,0,1,scripts\run.py,fallback_nested,1,0,0,0,0,False,,False,,False,,False,,False,,False,,"unverified: missing stages: data_acquisition, data_preparation, modeling, training, evaluation, inference"
https://github.com/CharlieAprog/HandwritingRecog,ok,False,0,0,1,Character_Recog\main.py,fallback_nested,1,0,0,0,0,False,,False,,False,,False,,False,,False,,"unverified: missing stages: data_acquisition, data_preparation, modeling, training, evaluation, inference"
https://github.com/RedVoxInc/redvox-python-sdk,ok,False,2,0,1,redvox\cli\cli.py,fallback_console_script,77,1332,5,0,0,True,redvox/cloud/api.py:40 requests.post [matched requests.post],True,redvox/common/offset_model.py:230 np.nan_to_num [matched np.nan_to_num],False,,False,,False,,False,,"unverified: missing stages: modeling, training, evaluation, inference"
https://github.com/xiaonanzzz/easy-deep-learning-pytorch,no_entry,False,0,1,0,,,0,0,0,0,0,False,,False,,False,,False,,False,,False,,Dockerfile(s) found but no Python entry point could be resolved
https://github.com/HenrySilvaCS/SentiMentalHealth,no_dockerfile,False,0,0,0,,,0,0,0,0,0,False,,False,,False,,False,,False,,False,,no Dockerfile and no fallback entry point found
https://github.com/akamatkar08/IshMe,no_dockerfile,False,0,0,0,,,0,0,0,0,0,False,,False,,False,,False,,False,,False,,no Dockerfile and no fallback entry point found
https://github.com/YCN-TA-0421/YCN-TA-Django,no_dockerfile,False,0,0,0,,,0,0,0,0,0,False,,False,,False,,False,,False,,False,,no Dockerfile and no fallback entry point found
https://github.com/appeler/ethnicolr,ok,False,4,0,1,ethnicolr\cli.py,fallback_console_script,16,87,4,0,0,True,ethnicolr/cli.py:195 pd.read_csv [matched pd.read_csv],True,ethnicolr/name_dictionaries.py:368 np.nan_to_num [matched np.nan_to_num],True,ethnicolr/torch_utils.py:0 class CharacterNgramLSTM [matched <class subclasses model base>],False,,False,,True,ethnicolr/neural_name_model.py:292 torch.no_grad [matched torch.no_grad],"unverified: missing stages: training, evaluation"
https://github.com/melissadale/ScoreFusionApp,no_dockerfile,False,0,0,0,,,0,0,0,0,0,False,,False,,False,,False,,False,,False,,no Dockerfile and no fallback entry point found
https://github.com/ecolabdata/2021-NLP_AE,no_dockerfile,False,0,0,0,,,0,0,0,0,0,False,,False,,False,,False,,False,,False,,no Dockerfile and no fallback entry point found
https://github.com/juimin/learning,no_dockerfile,False,0,0,0,,,0,0,0,0,0,False,,False,,False,,False,,False,,False,,no Dockerfile and no fallback entry point found
https://github.com/almonds0166/BCN,ok,True,6,0,1,bcn\__main__.py,fallback_nested,6,44,4,0,0,True,bcn/bcn.py:128 torch.utils.data.DataLoader [matched DataLoader],True,bcn/bcn.py:120 torchvision.transforms.Compose [matched torchvision.transforms.*],True,bcn/bcn.py:0 class BCNLayer [matched <class subclasses model base>],True,bcn/bcn.py:748 loss.backward [matched loss.backward],True,bcn/bcn.py:780 sklearn.metrics.precision_recall_fscore_support [matched precision_recall_fscore_support],True,bcn/bcn.py:767 torch.no_grad [matched torch.no_grad],verified: all 6 stages present
https://github.com/dc-aichara/signate-jpx,no_entry,False,0,1,0,,,0,0,0,0,0,False,,False,,False,,False,,False,,False,,Dockerfile(s) found but no Python entry point could be resolved
https://github.com/ceos-seo/data_cube_notebooks,no_dockerfile,False,0,0,0,,,0,0,0,0,0,False,,False,,False,,False,,False,,False,,no Dockerfile and no fallback entry point found
https://github.com/ymentha14/se3_molecule_generation,no_entry,False,0,1,0,,,0,0,0,0,0,False,,False,,False,,False,,False,,False,,Dockerfile(s) found but no Python entry point could be resolved
https://github.com/emekgozluklu/stonks,no_dockerfile,False,0,0,0,,,0,0,0,0,0,False,,False,,False,,False,,False,,False,,no Dockerfile and no fallback entry point found
https://github.com/LeeHyeonKyu/Naver-Boostcamp-AI-Tech,no_dockerfile,False,0,0,0,,,0,0,0,0,0,False,,False,,False,,False,,False,,False,,no Dockerfile and no fallback entry point found
https://github.com/ArupDas15/Fundamentals_Of_Deep_Learning,no_dockerfile,False,0,0,0,,,0,0,0,0,0,False,,False,,False,,False,,False,,False,,no Dockerfile and no fallback entry point found
https://github.com/IndraP24/Adult-Income-Prediction-Web-App,no_entry,False,0,2,0,,,0,0,0,0,0,False,,False,,False,,False,,False,,False,,Dockerfile(s) found but no Python entry point could be resolved
https://github.com/markowens/markowens.github.io,no_dockerfile,False,0,0,0,,,0,0,0,0,0,False,,False,,False,,False,,False,,False,,no Dockerfile and no fallback entry point found
https://github.com/uzh-dqbm-cmi/side-effects,no_dockerfile,False,0,0,0,,,0,0,0,0,0,False,,False,,False,,False,,False,,False,,no Dockerfile and no fallback entry point found
https://github.com/mustass/transformers-group-octupus,no_dockerfile,False,0,0,0,,,0,0,0,0,0,False,,False,,False,,False,,False,,False,,no Dockerfile and no fallback entry point found
https://github.com/WhatAShot/Electrocardio-Panorama,no_dockerfile,False,0,0,0,,,0,0,0,0,0,False,,False,,False,,False,,False,,False,,no Dockerfile and no fallback entry point found
https://github.com/somnathrakshit/geograpy3,ok,False,1,0,1,geograpy\locator.py,fallback_console_script,8,134,2,0,0,True,geograpy/locator.py:325 urllib.request.urlopen [matched urllib.request.urlopen],False,,False,,False,,False,,False,,"unverified: missing stages: data_preparation, modeling, training, evaluation, inference"
https://github.com/vllami/capstone-project,no_entry,False,0,2,0,,,0,0,0,0,0,False,,False,,False,,False,,False,,False,,Dockerfile(s) found but no Python entry point could be resolved
https://github.com/Living-with-machines/TargetedSenseDisambiguation,no_dockerfile,False,0,0,0,,,0,0,0,0,0,False,,False,,False,,False,,False,,False,,no Dockerfile and no fallback entry point found
https://github.com/nate-walter/PythonDataScienceHandbookClone,no_dockerfile,False,0,0,0,,,0,0,0,0,0,False,,False,,False,,False,,False,,False,,no Dockerfile and no fallback entry point found
https://github.com/mtabishk/machinelearning-arth2020,no_dockerfile,False,0,0,0,,,0,0,0,0,0,False,,False,,False,,False,,False,,False,,no Dockerfile and no fallback entry point found
https://github.com/annie-a-k/nes-final-project2021,no_dockerfile,False,0,0,0,,,0,0,0,0,0,False,,False,,False,,False,,False,,False,,no Dockerfile and no fallback entry point found
https://github.com/cshikai/bert_finetune_lm,no_entry,False,0,1,0,,,0,0,0,0,0,False,,False,,False,,False,,False,,False,,Dockerfile(s) found but no Python entry point could be resolved
https://github.com/lmaddalena/Notebooks,no_dockerfile,False,0,0,0,,,0,0,0,0,0,False,,False,,False,,False,,False,,False,,no Dockerfile and no fallback entry point found
https://github.com/KikalaT/PySecuRoute,no_dockerfile,False,0,0,0,,,0,0,0,0,0,False,,False,,False,,False,,False,,False,,no Dockerfile and no fallback entry point found
https://github.com/williamszk/statistical-learning,no_entry,False,0,7,0,,,0,0,0,0,0,False,,False,,False,,False,,False,,False,,Dockerfile(s) found but no Python entry point could be resolved
https://github.com/Beomi/exbert-transformers,no_entry,False,0,7,0,,,0,0,0,0,0,False,,False,,False,,False,,False,,False,,Dockerfile(s) found but no Python entry point could be resolved
https://github.com/GCETTB-HYLAND-Hackathon2012-22/Backend22,ok,False,0,0,1,server\__main__.py,fallback_nested,2,2,1,0,0,False,,False,,False,,False,,False,,False,,"unverified: missing stages: data_acquisition, data_preparation, modeling, training, evaluation, inference"
https://github.com/JParzival/mediafier,no_dockerfile,False,0,0,0,,,0,0,0,0,0,False,,False,,False,,False,,False,,False,,no Dockerfile and no fallback entry point found
https://github.com/GuillaumePv/data-analysis-crypto,no_entry,False,0,1,0,,,0,0,0,0,0,False,,False,,False,,False,,False,,False,,Dockerfile(s) found but no Python entry point could be resolved
https://github.com/StacyLCochran/PythonDataScienceHandbook,no_dockerfile,False,0,0,0,,,0,0,0,0,0,False,,False,,False,,False,,False,,False,,no Dockerfile and no fallback entry point found
https://github.com/beer-horoscope/beer-horoscope,no_entry,False,0,3,0,,,0,0,0,0,0,False,,False,,False,,False,,False,,False,,Dockerfile(s) found but no Python entry point could be resolved
https://github.com/alexpod1000/SQuAD-QA,no_dockerfile,False,0,0,0,,,0,0,0,0,0,False,,False,,False,,False,,False,,False,,no Dockerfile and no fallback entry point found
https://github.com/neuralaudio/hear-eval-kit,no_dockerfile,False,0,0,0,,,0,0,0,0,0,False,,False,,False,,False,,False,,False,,no Dockerfile and no fallback entry point found
https://github.com/ruicore/python,no_dockerfile,False,0,0,0,,,0,0,0,0,0,False,,False,,False,,False,,False,,False,,no Dockerfile and no fallback entry point found
https://github.com/benbrill/MoodSpace,ok,False,4,0,1,project\main.py,fallback_nested,5,14,3,0,0,True,project/main.py:100 json.load [matched json.load],True,project/ml.py:54 df.apply [matched df.apply],True,project/models.py:0 class Songs [matched <class subclasses model base>],False,,False,,True,project/__init__.py:20 flask.Flask [matched Flask],"unverified: missing stages: training, evaluation"
https://github.com/menchelab/cartoGRAPHs_app,ok,False,4,1,1,cartoGRAPHs_app\app.py,fallback_nested,2,135,1,0,0,True,cartoGRAPHs_app/app_main.py:172 pd.read_csv [matched pd.read_csv],False,,True,cartoGRAPHs_app/app_main.py:2116 sklearn.cluster.SpectralClustering [matched SpectralClustering],True,cartoGRAPHs_app/app_main.py:1497 model.fit [matched model.fit],False,,True,cartoGRAPHs_app/app.py:36 Flask [matched Flask],"unverified: missing stages: data_preparation, evaluation"
https://github.com/BBB-HASH/brian,no_dockerfile,False,0,0,0,,,0,0,0,0,0,False,,False,,False,,False,,False,,False,,no Dockerfile and no fallback entry point found
https://github.com/astromancer/tsa,no_dockerfile,False,0,0,0,,,0,0,0,0,0,False,,False,,False,,False,,False,,False,,no Dockerfile and no fallback entry point found
https://github.com/taro-masuda/nlp100,no_dockerfile,False,0,0,0,,,0,0,0,0,0,False,,False,,False,,False,,False,,False,,no Dockerfile and no fallback entry point found
https://github.com/SerBu/SerBu,no_dockerfile,False,0,0,0,,,0,0,0,0,0,False,,False,,False,,False,,False,,False,,no Dockerfile and no fallback entry point found
https://github.com/lihebi/DAG-EQ,ok,False,0,3,1,python\run.py,fallback_nested,1,0,0,0,0,False,,False,,False,,False,,False,,False,,"unverified: missing stages: data_acquisition, data_preparation, modeling, training, evaluation, inference"
https://github.com/vschmidt/machine_failure_detector,no_dockerfile,False,0,0,0,,,0,0,0,0,0,False,,False,,False,,False,,False,,False,,no Dockerfile and no fallback entry point found
https://github.com/bpiv400/eBay,ok,False,4,0,1,agent\train.py,fallback_nested,34,376,4,0,0,True,utils.py:20 pickle.load [matched pickle.load],True,agent/AgentLoader.py:31 pd.concat [matched pd.concat],True,agent/AgentModel.py:0 class AgentModel [matched <class subclasses model base>],False,,False,,True,agent/EBayAgent.py:28 torch.no_grad [matched torch.no_grad],"unverified: missing stages: training, evaluation"
https://github.com/mit0110/dropout_prediction,no_dockerfile,False,0,0,0,,,0,0,0,0,0,False,,False,,False,,False,,False,,False,,no Dockerfile and no fallback entry point found
https://github.com/B21-CAP0019/ml-infinite-stock,no_entry,False,0,1,0,,,0,0,0,0,0,False,,False,,False,,False,,False,,False,,Dockerfile(s) found but no Python entry point could be resolved
https://github.com/sureindia-in/data-science-on-aws-latest-2021,no_entry,False,0,20,0,,,0,0,0,0,0,False,,False,,False,,False,,False,,False,,Dockerfile(s) found but no Python entry point could be resolved
https://github.com/JIGNESH999/JI,no_dockerfile,False,0,0,0,,,0,0,0,0,0,False,,False,,False,,False,,False,,False,,no Dockerfile and no fallback entry point found
https://github.com/allenai/rainbow,no_dockerfile,False,0,0,0,,,0,0,0,0,0,False,,False,,False,,False,,False,,False,,no Dockerfile and no fallback entry point found
https://github.com/PBL5/api,no_dockerfile,False,0,0,0,,,0,0,0,0,0,False,,False,,False,,False,,False,,False,,no Dockerfile and no fallback entry point found
https://github.com/BlueBrain/BlueGraph,no_entry,False,0,1,0,,,0,0,0,0,0,False,,False,,False,,False,,False,,False,,Dockerfile(s) found but no Python entry point could be resolved
https://github.com/subhiksha-m/AL_testing,no_dockerfile,False,0,0,0,,,0,0,0,0,0,False,,False,,False,,False,,False,,False,,no Dockerfile and no fallback entry point found
https://github.com/sundrelingam/KusuLLC,no_dockerfile,False,0,0,0,,,0,0,0,0,0,False,,False,,False,,False,,False,,False,,no Dockerfile and no fallback entry point found
https://github.com/patrickmineault/your-head-is-there-to-move-you-around,no_entry,False,0,1,0,,,0,0,0,0,0,False,,False,,False,,False,,False,,False,,Dockerfile(s) found but no Python entry point could be resolved
https://github.com/qSergio/Intro2ML,no_dockerfile,False,0,0,0,,,0,0,0,0,0,False,,False,,False,,False,,False,,False,,no Dockerfile and no fallback entry point found
https://github.com/npg-mmilosh-cji/RedditQuarantineNLP,no_dockerfile,False,0,0,0,,,0,0,0,0,0,False,,False,,False,,False,,False,,False,,no Dockerfile and no fallback entry point found
https://github.com/mjkimcs/portfolio,no_dockerfile,False,0,0,0,,,0,0,0,0,0,False,,False,,False,,False,,False,,False,,no Dockerfile and no fallback entry point found
https://github.com/arthurflor23/invoice-payment-prediction,no_dockerfile,False,0,0,0,,,0,0,0,0,0,False,,False,,False,,False,,False,,False,,no Dockerfile and no fallback entry point found
https://github.com/amjams/FeatBoost,no_dockerfile,False,0,0,0,,,0,0,0,0,0,False,,False,,False,,False,,False,,False,,no Dockerfile and no fallback entry point found
https://github.com/neutrons/mantid_total_scattering,ok,False,3,3,1,total_scattering\cli.py,fallback_console_script,12,66,5,0,0,True,total_scattering/cli.py:59 json.load [matched json.load],True,total_scattering/reduction/total_scattering_reduction.py:1790 np.nan_to_num [matched np.nan_to_num],True,total_scattering/file_handling/load.py:764 sklearn.cluster.KMeans [matched KMeans],False,,False,,False,,"unverified: missing stages: training, evaluation, inference"
https://github.com/ccaldarella99/AirQuality,no_dockerfile,False,0,0,0,,,0,0,0,0,0,False,,False,,False,,False,,False,,False,,no Dockerfile and no fallback entry point found
https://github.com/stevenpawley/r.learn.ml2,no_dockerfile,False,0,0,0,,,0,0,0,0,0,False,,False,,False,,False,,False,,False,,no Dockerfile and no fallback entry point found
https://github.com/HPI-Information-Systems/Mondrian,no_dockerfile,False,0,0,0,,,0,0,0,0,0,False,,False,,False,,False,,False,,False,,no Dockerfile and no fallback entry point found
https://github.com/spierre91/medium_code,no_dockerfile,False,0,0,0,,,0,0,0,0,0,False,,False,,False,,False,,False,,False,,no Dockerfile and no fallback entry point found
https://github.com/paolomandica/sapienza-video-contrastive,no_entry,False,0,1,0,,,0,0,0,0,0,False,,False,,False,,False,,False,,False,,Dockerfile(s) found but no Python entry point could be resolved
https://github.com/BerkeleyAutomation/Orienting_Novel_3D_Objects,no_dockerfile,False,0,0,0,,,0,0,0,0,0,False,,False,,False,,False,,False,,False,,no Dockerfile and no fallback entry point found
https://github.com/Azure/sql_python_deep_learning,no_dockerfile,False,0,0,0,,,0,0,0,0,0,False,,False,,False,,False,,False,,False,,no Dockerfile and no fallback entry point found
https://github.com/max-lutz/ML-exploration-tool,no_dockerfile,False,0,0,0,,,0,0,0,0,0,False,,False,,False,,False,,False,,False,,no Dockerfile and no fallback entry point found
https://github.com/bogdy9912/MDS-Project,clone_failed,False,0,0,0,,,0,0,0,0,0,False,,False,,False,,False,,False,,False,,remote: Repository not found.
https://github.com/azhar2ds/Statistics,no_dockerfile,False,0,0,0,,,0,0,0,0,0,False,,False,,False,,False,,False,,False,,no Dockerfile and no fallback entry point found
https://github.com/dayyass/extended-naive-bayes,no_dockerfile,False,0,0,0,,,0,0,0,0,0,False,,False,,False,,False,,False,,False,,no Dockerfile and no fallback entry point found
https://github.com/made-ml-in-prod-2021/viconstel,ok,False,1,9,1,online_inference\app.py,fallback_nested,1,7,0,0,0,False,,False,,False,,False,,False,,True,online_inference/app.py:68 fastapi.FastAPI [matched FastAPI],"unverified: missing stages: data_acquisition, data_preparation, modeling, training, evaluation"
https://github.com/denglisch/hsh_vc-2,no_dockerfile,False,0,0,0,,,0,0,0,0,0,False,,False,,False,,False,,False,,False,,no Dockerfile and no fallback entry point found
https://github.com/pabloluqueromero/TFG,no_dockerfile,False,0,0,0,,,0,0,0,0,0,False,,False,,False,,False,,False,,False,,no Dockerfile and no fallback entry point found
https://github.com/made-ml-in-prod-2021/arhimisha,no_entry,False,0,11,0,,,0,0,0,0,0,False,,False,,False,,False,,False,,False,,Dockerfile(s) found but no Python entry point could be resolved
https://github.com/NiklasSabel/data_mining_1,no_dockerfile,False,0,0,0,,,0,0,0,0,0,False,,False,,False,,False,,False,,False,,no Dockerfile and no fallback entry point found
https://github.com/bcaitech1/p3-mrc-mr5,no_dockerfile,False,0,0,0,,,0,0,0,0,0,False,,False,,False,,False,,False,,False,,no Dockerfile and no fallback entry point found
https://github.com/huseinzol05/Python-DevOps,no_entry,False,0,36,0,,,0,0,0,0,0,False,,False,,False,,False,,False,,False,,Dockerfile(s) found but no Python entry point could be resolved
https://github.com/MRC-Harwell/cytometer,no_dockerfile,False,0,0,0,,,0,0,0,0,0,False,,False,,False,,False,,False,,False,,no Dockerfile and no fallback entry point found
https://github.com/robinthibaut/skbel,no_dockerfile,False,0,0,0,,,0,0,0,0,0,False,,False,,False,,False,,False,,False,,no Dockerfile and no fallback entry point found
https://github.com/jimin-lee-mjl/mvti,no_entry,False,0,3,0,,,0,0,0,0,0,False,,False,,False,,False,,False,,False,,Dockerfile(s) found but no Python entry point could be resolved
https://github.com/jesussantana/Supervised-Regression,no_dockerfile,False,0,0,0,,,0,0,0,0,0,False,,False,,False,,False,,False,,False,,no Dockerfile and no fallback entry point found
https://github.com/R-N/covid-forecasting-joint-learning,ok,False,3,0,1,covid_forecasting_joint_learning\main.py,fallback_nested,5,31,1,0,0,True,covid_forecasting_joint_learning/data/center.py:274 pd.read_excel [matched pd.read_excel],True,covid_forecasting_joint_learning/data/center.py:44 pd.to_datetime [matched pd.to_datetime],False,,True,covid_forecasting_joint_learning/main.py:163 study.optimize [matched study.optimize],False,,False,,"unverified: missing stages: modeling, evaluation, inference"
https://github.com/eduardorafd/IronhackDA-Bootcamp,no_dockerfile,False,0,0,0,,,0,0,0,0,0,False,,False,,False,,False,,False,,False,,no Dockerfile and no fallback entry point found
https://github.com/nvsclub/MarkingWithAI,no_dockerfile,False,0,0,0,,,0,0,0,0,0,False,,False,,False,,False,,False,,False,,no Dockerfile and no fallback entry point found
https://github.com/nalinimsingh/mm-cell_lines,no_dockerfile,False,0,0,0,,,0,0,0,0,0,False,,False,,False,,False,,False,,False,,no Dockerfile and no fallback entry point found
https://github.com/jayalabanda/projet-ML,no_dockerfile,False,0,0,0,,,0,0,0,0,0,False,,False,,False,,False,,False,,False,,no Dockerfile and no fallback entry point found
https://github.com/nxtrung87/Voila,no_dockerfile,False,0,0,0,,,0,0,0,0,0,False,,False,,False,,False,,False,,False,,no Dockerfile and no fallback entry point found
https://github.com/ritikkumarjain/NLP,no_dockerfile,False,0,0,0,,,0,0,0,0,0,False,,False,,False,,False,,False,,False,,no Dockerfile and no fallback entry point found
https://github.com/VahalaSly/Workflow_Analysis_System,no_dockerfile,False,0,0,0,,,0,0,0,0,0,False,,False,,False,,False,,False,,False,,no Dockerfile and no fallback entry point found
https://github.com/guotao0628/XAI,clone_failed,False,0,0,0,,,0,0,0,0,0,False,,False,,False,,False,,False,,False,,remote: Repository not found.
https://github.com/MacoskoLab/slideseq-tools,no_dockerfile,False,0,0,0,,,0,0,0,0,0,False,,False,,False,,False,,False,,False,,no Dockerfile and no fallback entry point found
https://github.com/moisestech/ml-fundamentals,no_dockerfile,False,0,0,0,,,0,0,0,0,0,False,,False,,False,,False,,False,,False,,no Dockerfile and no fallback entry point found
https://github.com/josipdomazet/lumen2021,no_dockerfile,False,0,0,0,,,0,0,0,0,0,False,,False,,False,,False,,False,,False,,no Dockerfile and no fallback entry point found
https://github.com/kuto5046/kaggle-indoor,ok,False,1,1,1,src\main.py,fallback_nested,1,5,0,0,0,True,src/main.py:180 json.load [matched json.load],False,,False,,False,,False,,False,,"unverified: missing stages: data_preparation, modeling, training, evaluation, inference"
https://github.com/jaychoi12/FINE,no_dockerfile,False,0,0,0,,,0,0,0,0,0,False,,False,,False,,False,,False,,False,,no Dockerfile and no fallback entry point found
https://github.com/GustavoHFMO/MCS,ok,False,3,0,1,Projeto\main.py,fallback_nested,5,27,2,0,0,False,,True,Projeto/main.py:30 sklearn.cross_validation.StratifiedKFold [matched StratifiedKFold],True,Projeto/main.py:100 sklearn.naive_bayes.GaussianNB [matched GaussianNB],False,,True,Projeto/Dynse.py:90 sklearn.metrics.accuracy_score [matched accuracy_score],False,,"unverified: missing stages: data_acquisition, training, inference"
https://github.com/beyzatutkun/Pytorch-for-AI,no_dockerfile,False,0,0,0,,,0,0,0,0,0,False,,False,,False,,False,,False,,False,,no Dockerfile and no fallback entry point found
https://github.com/soroush-ziaeinejad/Community-Prediction,ok,False,0,0,1,src\main.py,fallback_nested,1,1,0,0,0,False,,False,,False,,False,,False,,False,,"unverified: missing stages: data_acquisition, data_preparation, modeling, training, evaluation, inference"
https://github.com/ericke8/CSE257_Project,no_dockerfile,False,0,0,0,,,0,0,0,0,0,False,,False,,False,,False,,False,,False,,no Dockerfile and no fallback entry point found
https://github.com/SteliosGian/spam-filtering,no_entry,False,0,2,0,,,0,0,0,0,0,False,,False,,False,,False,,False,,False,,Dockerfile(s) found but no Python entry point could be resolved
https://github.com/fsammart/ML2021,no_dockerfile,False,0,0,0,,,0,0,0,0,0,False,,False,,False,,False,,False,,False,,no Dockerfile and no fallback entry point found
https://github.com/made-ml-in-prod-2021/mikhail.gashkov,no_entry,False,0,10,0,,,0,0,0,0,0,False,,False,,False,,False,,False,,False,,Dockerfile(s) found but no Python entry point could be resolved
https://github.com/raider773/Properati_Prices,no_dockerfile,False,0,0,0,,,0,0,0,0,0,False,,False,,False,,False,,False,,False,,no Dockerfile and no fallback entry point found
https://github.com/thomas-young-2013/open-box,ok,False,1,0,1,openbox\__main__.py,fallback_nested,11,39,5,0,1,True,openbox/utils/logging_utils.py:19 yaml.safe_load [matched yaml.safe_load],False,,False,,False,,False,,False,,"unverified: missing stages: data_preparation, modeling, training, evaluation, inference"
https://github.com/yuriautsumi/opennotes-error-detection,no_dockerfile,False,0,0,0,,,0,0,0,0,0,False,,False,,False,,False,,False,,False,,no Dockerfile and no fallback entry point found
https://github.com/SimWalther/vietnam_coffee_detection,no_dockerfile,False,0,0,0,,,0,0,0,0,0,False,,False,,False,,False,,False,,False,,no Dockerfile and no fallback entry point found
https://github.com/zornfox/TTDS_Group2,no_dockerfile,False,0,0,0,,,0,0,0,0,0,False,,False,,False,,False,,False,,False,,no Dockerfile and no fallback entry point found
https://github.com/rogerchenrc/NLPWEB,ok,False,1,0,1,flaskr\main.py,fallback_nested,1,2,0,0,0,False,,False,,False,,False,,False,,True,flaskr/main.py:17 flask.Flask [matched Flask],"unverified: missing stages: data_acquisition, data_preparation, modeling, training, evaluation"
https://github.com/BenNordick/HiLoop,no_dockerfile,False,0,0,0,,,0,0,0,0,0,False,,False,,False,,False,,False,,False,,no Dockerfile and no fallback entry point found
https://github.com/Dragsters/Nutrihelp,ok,False,2,0,1,server\app.py,fallback_nested,7,18,2,0,0,True,server/api/v1/reports.py:22 requests.get [matched requests.get],False,,False,,False,,False,,True,server/app.py:19 flask.Flask [matched Flask],"unverified: missing stages: data_preparation, modeling, training, evaluation"
https://github.com/CleHou/COVID-19-Data-Analysis-Project,no_dockerfile,False,0,0,0,,,0,0,0,0,0,False,,False,,False,,False,,False,,False,,no Dockerfile and no fallback entry point found
https://github.com/TouhKa/Exploring_FL,no_dockerfile,False,0,0,0,,,0,0,0,0,0,False,,False,,False,,False,,False,,False,,no Dockerfile and no fallback entry point found
https://github.com/steflayanto/eeg-cv-fer,no_dockerfile,False,0,0,0,,,0,0,0,0,0,False,,False,,False,,False,,False,,False,,no Dockerfile and no fallback entry point found
https://github.com/idansul/data_science,no_dockerfile,False,0,0,0,,,0,0,0,0,0,False,,False,,False,,False,,False,,False,,no Dockerfile and no fallback entry point found
https://github.com/GianMewes/SciFiPi,no_dockerfile,False,0,0,0,,,0,0,0,0,0,False,,False,,False,,False,,False,,False,,no Dockerfile and no fallback entry point found
https://github.com/vanessa920/aws-comp-nlp,no_entry,False,0,1,0,,,0,0,0,0,0,False,,False,,False,,False,,False,,False,,Dockerfile(s) found but no Python entry point could be resolved
https://github.com/hil-se/FairBalance,ok,False,0,0,1,src\main.py,fallback_nested,1,2,0,0,0,False,,False,,False,,False,,False,,False,,"unverified: missing stages: data_acquisition, data_preparation, modeling, training, evaluation, inference"
https://github.com/mishidemudong/deep_recommendation,no_dockerfile,False,0,0,0,,,0,0,0,0,0,False,,False,,False,,False,,False,,False,,no Dockerfile and no fallback entry point found
https://github.com/ChihabEddine98/AmazonAnalysis,no_dockerfile,False,0,0,0,,,0,0,0,0,0,False,,False,,False,,False,,False,,False,,no Dockerfile and no fallback entry point found
https://github.com/ZLundqvist/Hlin,no_dockerfile,False,0,0,0,,,0,0,0,0,0,False,,False,,False,,False,,False,,False,,no Dockerfile and no fallback entry point found
https://github.com/Judera9/RMC-Project-Chess-RoboArm,ok,False,0,0,1,raspberryturk\main.py,fallback_nested,2,18,1,0,0,False,,False,,False,,False,,False,,False,,"unverified: missing stages: data_acquisition, data_preparation, modeling, training, evaluation, inference"
https://github.com/Cairito721/Deep-Learning---Gonzalo-Cairo-Acosta,no_dockerfile,False,0,0,0,,,0,0,0,0,0,False,,False,,False,,False,,False,,False,,no Dockerfile and no fallback entry point found
https://github.com/ajones239/PySourceCodeSec,no_dockerfile,False,0,0,0,,,0,0,0,0,0,False,,False,,False,,False,,False,,False,,no Dockerfile and no fallback entry point found
https://github.com/ashim95/wordsalad,no_entry,False,0,6,0,,,0,0,0,0,0,False,,False,,False,,False,,False,,False,,Dockerfile(s) found but no Python entry point could be resolved
https://github.com/made-ml-in-prod-2021/akoshel,no_entry,False,0,7,0,,,0,0,0,0,0,False,,False,,False,,False,,False,,False,,Dockerfile(s) found but no Python entry point could be resolved
https://github.com/climachine/climfill,no_dockerfile,False,0,0,0,,,0,0,0,0,0,False,,False,,False,,False,,False,,False,,no Dockerfile and no fallback entry point found
https://github.com/Alessiobrini/Deep-Reinforcement-Trading-with-Predictable-Returns,no_dockerfile,False,0,0,0,,,0,0,0,0,0,False,,False,,False,,False,,False,,False,,no Dockerfile and no fallback entry point found
https://github.com/s-a-nersisyan/ExhauFS,no_dockerfile,False,0,0,0,,,0,0,0,0,0,False,,False,,False,,False,,False,,False,,no Dockerfile and no fallback entry point found
https://github.com/IvoLeist/ml_cnag-crg_course,no_entry,False,0,1,0,,,0,0,0,0,0,False,,False,,False,,False,,False,,False,,Dockerfile(s) found but no Python entry point could be resolved
https://github.com/thunderhoser/ml4tc,no_dockerfile,False,0,0,0,,,0,0,0,0,0,False,,False,,False,,False,,False,,False,,no Dockerfile and no fallback entry point found
https://github.com/Ananyadevaraju/CE888,no_dockerfile,False,0,0,0,,,0,0,0,0,0,False,,False,,False,,False,,False,,False,,no Dockerfile and no fallback entry point found
https://github.com/agung5114/streamapp,no_dockerfile,False,0,0,0,,,0,0,0,0,0,False,,False,,False,,False,,False,,False,,no Dockerfile and no fallback entry point found
https://github.com/Karampruthi/CE888-Data-Science-Decision-making,no_dockerfile,False,0,0,0,,,0,0,0,0,0,False,,False,,False,,False,,False,,False,,no Dockerfile and no fallback entry point found
https://github.com/jenka13all/dl-healthcare-final-project,no_dockerfile,False,0,0,0,,,0,0,0,0,0,False,,False,,False,,False,,False,,False,,no Dockerfile and no fallback entry point found
https://github.com/BELIEVEfxy/LightSANs,no_dockerfile,False,0,0,0,,,0,0,0,0,0,False,,False,,False,,False,,False,,False,,no Dockerfile and no fallback entry point found
https://github.com/mmladenovska/Team_2_Bank-data-analysis,no_dockerfile,False,0,0,0,,,0,0,0,0,0,False,,False,,False,,False,,False,,False,,no Dockerfile and no fallback entry point found
https://github.com/tvo10/DSCT,no_dockerfile,False,0,0,0,,,0,0,0,0,0,False,,False,,False,,False,,False,,False,,no Dockerfile and no fallback entry point found
https://github.com/smrutisanchita/CE888,no_dockerfile,False,0,0,0,,,0,0,0,0,0,False,,False,,False,,False,,False,,False,,no Dockerfile and no fallback entry point found
https://github.com/katanaml/sample-apps,no_entry,False,0,2,0,,,0,0,0,0,0,False,,False,,False,,False,,False,,False,,Dockerfile(s) found but no Python entry point could be resolved
https://github.com/trustyai-python/module,no_dockerfile,False,0,0,0,,,0,0,0,0,0,False,,False,,False,,False,,False,,False,,no Dockerfile and no fallback entry point found
https://github.com/andrewanguswarwick/andvaranaut,no_dockerfile,False,0,0,0,,,0,0,0,0,0,False,,False,,False,,False,,False,,False,,no Dockerfile and no fallback entry point found
https://github.com/gferrsilva/QMineral_Modeller,no_entry,False,0,1,0,,,0,0,0,0,0,False,,False,,False,,False,,False,,False,,Dockerfile(s) found but no Python entry point could be resolved
https://github.com/nguyenhaison99/django,no_dockerfile,False,0,0,0,,,0,0,0,0,0,False,,False,,False,,False,,False,,False,,no Dockerfile and no fallback entry point found
https://github.com/LinHuiqing/signo-lingo,no_dockerfile,False,0,0,0,,,0,0,0,0,0,False,,False,,False,,False,,False,,False,,no Dockerfile and no fallback entry point found
https://github.com/gonzalezmaw/Nba-ML6,no_dockerfile,False,0,0,0,,,0,0,0,0,0,False,,False,,False,,False,,False,,False,,no Dockerfile and no fallback entry point found
https://github.com/JustinRWong/power-forward,no_entry,False,0,1,0,,,0,0,0,0,0,False,,False,,False,,False,,False,,False,,Dockerfile(s) found but no Python entry point could be resolved
https://github.com/eth-library-lab/open-image-search,no_entry,False,0,5,0,,,0,0,0,0,0,False,,False,,False,,False,,False,,False,,Dockerfile(s) found but no Python entry point could be resolved
https://github.com/ai2cm/fv3gfs-wrapper,no_entry,False,0,2,0,,,0,0,0,0,0,False,,False,,False,,False,,False,,False,,Dockerfile(s) found but no Python entry point could be resolved
https://github.com/urjasvit/Team6_INFO7374_Spring2021,no_dockerfile,False,0,0,0,,,0,0,0,0,0,False,,False,,False,,False,,False,,False,,no Dockerfile and no fallback entry point found
https://github.com/Marija258/Banking_Project_Deposits,no_dockerfile,False,0,0,0,,,0,0,0,0,0,False,,False,,False,,False,,False,,False,,no Dockerfile and no fallback entry point found
https://github.com/ianpdavies/PNW_VELMA,no_dockerfile,False,0,0,0,,,0,0,0,0,0,False,,False,,False,,False,,False,,False,,no Dockerfile and no fallback entry point found
https://github.com/dfwhite-unc/ENABLE-HiDAV-Online-Modules,no_dockerfile,False,0,0,0,,,0,0,0,0,0,False,,False,,False,,False,,False,,False,,no Dockerfile and no fallback entry point found
https://github.com/h2020-momentum/MOMENTUM,no_dockerfile,False,0,0,0,,,0,0,0,0,0,False,,False,,False,,False,,False,,False,,no Dockerfile and no fallback entry point found
https://github.com/CEM3H/zenit-ai,no_dockerfile,False,0,0,0,,,0,0,0,0,0,False,,False,,False,,False,,False,,False,,no Dockerfile and no fallback entry point found
https://github.com/isglobal-exposomeHub/ExposomeDataChallenge2021,no_dockerfile,False,0,0,0,,,0,0,0,0,0,False,,False,,False,,False,,False,,False,,no Dockerfile and no fallback entry point found
https://github.com/YassineGabsi/MedicalExtraction,no_dockerfile,False,0,0,0,,,0,0,0,0,0,False,,False,,False,,False,,False,,False,,no Dockerfile and no fallback entry point found
https://github.com/SpikeInterface/spikeinterface,no_dockerfile,False,0,0,0,,,0,0,0,0,0,False,,False,,False,,False,,False,,False,,no Dockerfile and no fallback entry point found
https://github.com/Nohossat/youtube_sentiment_analysis,no_entry,False,0,1,0,,,0,0,0,0,0,False,,False,,False,,False,,False,,False,,Dockerfile(s) found but no Python entry point could be resolved
https://github.com/bethsecor/nlp-narratives,no_dockerfile,False,0,0,0,,,0,0,0,0,0,False,,False,,False,,False,,False,,False,,no Dockerfile and no fallback entry point found
https://github.com/medum/Scaffolding,no_dockerfile,False,0,0,0,,,0,0,0,0,0,False,,False,,False,,False,,False,,False,,no Dockerfile and no fallback entry point found
https://github.com/kingsleyzissou/nnssa,no_entry,False,0,4,0,,,0,0,0,0,0,False,,False,,False,,False,,False,,False,,Dockerfile(s) found but no Python entry point could be resolved
https://github.com/lechugaa/dpa-project,no_dockerfile,False,0,0,0,,,0,0,0,0,0,False,,False,,False,,False,,False,,False,,no Dockerfile and no fallback entry point found
https://github.com/made-ml-in-prod-2021/voiteshonok,no_entry,False,0,7,0,,,0,0,0,0,0,False,,False,,False,,False,,False,,False,,Dockerfile(s) found but no Python entry point could be resolved
https://github.com/Caldass/rental_properties,no_dockerfile,False,0,0,0,,,0,0,0,0,0,False,,False,,False,,False,,False,,False,,no Dockerfile and no fallback entry point found
https://github.com/Varchala/Figurative-Text-Inference-NLP-,no_dockerfile,False,0,0,0,,,0,0,0,0,0,False,,False,,False,,False,,False,,False,,no Dockerfile and no fallback entry point found
https://github.com/1997alireza/Movie-Casting-Problems,ok,False,2,0,1,src\main.py,fallback_nested,2,0,1,0,0,True,src/main.py:11 pickle.load [matched pickle.load],True,src/main.py:29 pd.merge [matched pd.merge],False,,False,,False,,False,,"unverified: missing stages: modeling, training, evaluation, inference"
https://github.com/psmith19/kiva-max-approver,no_dockerfile,False,0,0,0,,,0,0,0,0,0,False,,False,,False,,False,,False,,False,,no Dockerfile and no fallback entry point found
https://github.com/TankredO/pyckmeans,no_dockerfile,False,0,0,0,,,0,0,0,0,0,False,,False,,False,,False,,False,,False,,no Dockerfile and no fallback entry point found
https://github.com/psm8/automated-business-process-discovery,ok,False,0,0,1,src\main.py,fallback_nested,1,1,0,0,0,False,,False,,False,,False,,False,,False,,"unverified: missing stages: data_acquisition, data_preparation, modeling, training, evaluation, inference"
https://github.com/joyabhishek/handson-ml2,no_entry,False,0,2,0,,,0,0,0,0,0,False,,False,,False,,False,,False,,False,,Dockerfile(s) found but no Python entry point could be resolved
https://github.com/ardhiraka/FSDS_Guidelines,no_dockerfile,False,0,0,0,,,0,0,0,0,0,False,,False,,False,,False,,False,,False,,no Dockerfile and no fallback entry point found
https://github.com/Bobshpog/AeroVision,ok,False,0,0,1,src\main.py,fallback_nested,1,0,0,0,0,False,,False,,False,,False,,False,,False,,"unverified: missing stages: data_acquisition, data_preparation, modeling, training, evaluation, inference"
https://github.com/shreyas-kowshik/nlp4if,no_dockerfile,False,0,0,0,,,0,0,0,0,0,False,,False,,False,,False,,False,,False,,no Dockerfile and no fallback entry point found
https://github.com/ngonthier/various_exp_texture_synthesis,no_dockerfile,False,0,0,0,,,0,0,0,0,0,False,,False,,False,,False,,False,,False,,no Dockerfile and no fallback entry point found
https://github.com/alirezamj14/NMP,no_dockerfile,False,0,0,0,,,0,0,0,0,0,False,,False,,False,,False,,False,,False,,no Dockerfile and no fallback entry point found
https://github.com/datawisdomx/DataScienceCourse,no_dockerfile,False,0,0,0,,,0,0,0,0,0,False,,False,,False,,False,,False,,False,,no Dockerfile and no fallback entry point found
https://github.com/mcv-m6-video/mcv-m6-2021-team4,no_dockerfile,False,0,0,0,,,0,0,0,0,0,False,,False,,False,,False,,False,,False,,no Dockerfile and no fallback entry point found
https://github.com/NateTheGrate/EstimatingTreeHeights,ok,False,2,0,1,src\main.py,fallback_nested,1,4,0,0,0,True,src/main.py:30 torch.utils.data.DataLoader [matched DataLoader],False,,False,,True,src/main.py:64 optimizer.zero_grad [matched optimizer.zero_grad],False,,False,,"unverified: missing stages: data_preparation, modeling, evaluation, inference"
https://github.com/JohnGiorgi/seq2rel-ds,ok,False,2,0,1,seq2rel_ds\main.py,fallback_nested,5,16,3,0,0,True,seq2rel_ds/common/util.py:88 requests.get [matched requests.get],True,seq2rel_ds/common/util.py:109 sklearn.model_selection.train_test_split [matched train_test_split],False,,False,,False,,False,,"unverified: missing stages: modeling, training, evaluation, inference"
https://github.com/eddiebergman/piasbenchmark,ok,False,5,0,1,scripts\run.py,fallback_nested,29,135,7,0,0,True,piasbenchmark/benchmark.py:24 json.load [matched json.load],True,piasbenchmark/util.py:10 sklearn.model_selection.ShuffleSplit [matched ShuffleSplit],True,piasbenchmark/models/baselines/autosklearn.py:0 class AutoSklearnBaselineModel [matched <class subclasses model base>],False,,True,piasbenchmark/models/model.py:53 sklearn.metrics.accuracy_score [matched accuracy_score],True,piasbenchmark/models/selectors/selector_model.py:52 clf.predict [matched clf.predict],unverified: missing stages: training
https://github.com/ajverster/BRACoD,no_dockerfile,False,0,0,0,,,0,0,0,0,0,False,,False,,False,,False,,False,,False,,no Dockerfile and no fallback entry point found
https://github.com/ashok-arjun/LCFCN-AI,no_dockerfile,False,0,0,0,,,0,0,0,0,0,False,,False,,False,,False,,False,,False,,no Dockerfile and no fallback entry point found
https://github.com/Atharva-Phatak/torchflare,no_dockerfile,False,0,0,0,,,0,0,0,0,0,False,,False,,False,,False,,False,,False,,no Dockerfile and no fallback entry point found
https://github.com/edwardsrk/yelp_reviews_tensorflow,no_dockerfile,False,0,0,0,,,0,0,0,0,0,False,,False,,False,,False,,False,,False,,no Dockerfile and no fallback entry point found
https://github.com/MIR-MU/pine,no_dockerfile,False,0,0,0,,,0,0,0,0,0,False,,False,,False,,False,,False,,False,,no Dockerfile and no fallback entry point found
https://github.com/albertocarot1/datarevenue-code-challange,no_entry,False,0,5,0,,,0,0,0,0,0,False,,False,,False,,False,,False,,False,,Dockerfile(s) found but no Python entry point could be resolved
https://github.com/0WN463/NLP-Issue-Labeller,no_dockerfile,False,0,0,0,,,0,0,0,0,0,False,,False,,False,,False,,False,,False,,no Dockerfile and no fallback entry point found
https://github.com/ayman99us/mlops_gcp,no_entry,False,0,61,1,,dockerfile,0,0,0,0,0,False,,False,,False,,False,,False,,False,,no resolved entry point yielded a usable call graph
https://github.com/bigboiblue/Bi-LSTM-GRU-Bitcoin-Forecasting,ok,False,0,0,1,src\__main__.py,fallback_nested,1,1,0,0,0,False,,False,,False,,False,,False,,False,,"unverified: missing stages: data_acquisition, data_preparation, modeling, training, evaluation, inference"
https://github.com/nikmandava/cs194-project,no_entry,False,0,7,0,,,0,0,0,0,0,False,,False,,False,,False,,False,,False,,Dockerfile(s) found but no Python entry point could be resolved
https://github.com/histocartography/histocartography,no_dockerfile,False,0,0,0,,,0,0,0,0,0,False,,False,,False,,False,,False,,False,,no Dockerfile and no fallback entry point found
https://github.com/aivolcano/BERT_MRC_CLS,no_dockerfile,False,0,0,0,,,0,0,0,0,0,False,,False,,False,,False,,False,,False,,no Dockerfile and no fallback entry point found
https://github.com/McGill-MMA-EnterpriseAnalytics/Cloud-Computations,no_entry,False,0,1,0,,,0,0,0,0,0,False,,False,,False,,False,,False,,False,,Dockerfile(s) found but no Python entry point could be resolved
https://github.com/cmigpereira/LandingJobs-DataChallenge,no_dockerfile,False,0,0,0,,,0,0,0,0,0,False,,False,,False,,False,,False,,False,,no Dockerfile and no fallback entry point found
https://github.com/weizh/convlab2_ubar,ok,False,3,1,1,deploy\run.py,fallback_nested,20,90,4,0,1,True,deploy/config.py:71 json.load [matched json.load],False,,True,convlab2/nlu/nlu.py:0 class NLU [matched <class subclasses model base>],False,,False,,True,deploy/run.py:32 flask.Flask [matched Flask],"unverified: missing stages: data_preparation, training, evaluation"
https://github.com/IntelPython/scikit-learn_bench,ok,False,2,0,1,sklbench\__main__.py,fallback_nested,21,161,5,0,0,True,sklbench/utils/config.py:91 json.load [matched json.load],True,sklbench/report/implementation.py:941 pd.concat [matched pd.concat],False,,False,,False,,False,,"unverified: missing stages: modeling, training, evaluation, inference"
https://github.com/habibrahmanbd/Data-Augmentation-in-NMT,no_dockerfile,False,0,0,0,,,0,0,0,0,0,False,,False,,False,,False,,False,,False,,no Dockerfile and no fallback entry point found
https://github.com/alexander-soare/PyTorch-Custom,no_dockerfile,False,0,0,0,,,0,0,0,0,0,False,,False,,False,,False,,False,,False,,no Dockerfile and no fallback entry point found
https://github.com/rahulk15/cementStrengthPrediction,no_dockerfile,False,0,0,0,,,0,0,0,0,0,False,,False,,False,,False,,False,,False,,no Dockerfile and no fallback entry point found
https://github.com/esbgkannan/GT-CNN,no_dockerfile,False,0,0,0,,,0,0,0,0,0,False,,False,,False,,False,,False,,False,,no Dockerfile and no fallback entry point found
https://github.com/Etheredge-Works/gloves,ok,False,3,4,1,gloves\main.py,fallback_nested,1,5,0,0,0,True,gloves/main.py:114 yaml.safe_load [matched yaml.safe_load],False,,False,,True,gloves/main.py:68 wandb.init [matched wandb.init],True,gloves/main.py:54 wandb.log [matched wandb.log],False,,"unverified: missing stages: data_preparation, modeling, inference"
https://github.com/stefanodangelo/academicprojects,no_dockerfile,False,0,0,0,,,0,0,0,0,0,False,,False,,False,,False,,False,,False,,no Dockerfile and no fallback entry point found
https://github.com/ThiagoPanini/mlcomposer,no_dockerfile,False,0,0,0,,,0,0,0,0,0,False,,False,,False,,False,,False,,False,,no Dockerfile and no fallback entry point found
https://github.com/abhishekhm/deep-learning-v2-pytorch,no_dockerfile,False,0,0,0,,,0,0,0,0,0,False,,False,,False,,False,,False,,False,,no Dockerfile and no fallback entry point found
https://github.com/dmitrykazhdan/concept-based-xai,no_dockerfile,False,0,0,0,,,0,0,0,0,0,False,,False,,False,,False,,False,,False,,no Dockerfile and no fallback entry point found
https://github.com/TbrBrbs97/mda_heatwaves-cameroon,no_dockerfile,False,0,0,0,,,0,0,0,0,0,False,,False,,False,,False,,False,,False,,no Dockerfile and no fallback entry point found
https://github.com/ripolln/hywaves,no_dockerfile,False,0,0,0,,,0,0,0,0,0,False,,False,,False,,False,,False,,False,,no Dockerfile and no fallback entry point found
https://github.com/vineetrshenoy/CompressedSensing2021,no_dockerfile,False,0,0,0,,,0,0,0,0,0,False,,False,,False,,False,,False,,False,,no Dockerfile and no fallback entry point found
https://github.com/ArneTillmann/AuDoLab,no_dockerfile,False,0,0,0,,,0,0,0,0,0,False,,False,,False,,False,,False,,False,,no Dockerfile and no fallback entry point found
https://github.com/zeroknowledgediscovery/qbiome,no_dockerfile,False,0,0,0,,,0,0,0,0,0,False,,False,,False,,False,,False,,False,,no Dockerfile and no fallback entry point found
https://github.com/Lyanf/ynpowerbackend,ok,False,2,1,1,src\app.py,fallback_nested,1,91,0,0,0,True,src/app.py:69 pd.read_csv [matched pd.read_csv],False,,False,,False,,False,,True,src/app.py:32 flask.Flask [matched Flask],"unverified: missing stages: data_preparation, modeling, training, evaluation"
https://github.com/brinxiu/qlib,ok,False,4,0,1,qlib\workflow\cli.py,fallback_console_script,38,669,5,0,1,True,qlib/workflow/cli.py:47 ruamel.yaml.safe_load [matched yaml.safe_load],True,qlib/data/cache.py:778 pd.concat [matched pd.concat],False,,True,qlib/model/trainer.py:27 model.fit [matched model.fit],False,,True,qlib/workflow/record_temp.py:126 self.model.predict [matched model.predict],"unverified: missing stages: modeling, evaluation"
https://github.com/A3Data/hermione,ok,False,1,6,1,hermione\cli\main.py,fallback_console_script,18,64,8,0,0,True,hermione/cli/project.py:62 json.load [matched json.load],False,,False,,False,,False,,False,,"unverified: missing stages: data_preparation, modeling, training, evaluation, inference"
https://github.com/ptarau/pypro,ok,False,2,0,1,app\app.py,fallback_nested,8,104,2,0,0,True,natlog/db.py:46 json.load [matched json.load],False,,False,,False,,False,,True,app/app.py:14 st.write [matched st.write],"unverified: missing stages: data_preparation, modeling, training, evaluation"
https://github.com/acmiyaguchi/birdclef-2021,no_dockerfile,False,0,0,0,,,0,0,0,0,0,False,,False,,False,,False,,False,,False,,no Dockerfile and no fallback entry point found
https://github.com/mgbrsk/batracoon,no_dockerfile,False,0,0,0,,,0,0,0,0,0,False,,False,,False,,False,,False,,False,,no Dockerfile and no fallback entry point found
https://github.com/DiegoCrassus/PDM-APP1,no_entry,False,0,6,0,,,0,0,0,0,0,False,,False,,False,,False,,False,,False,,Dockerfile(s) found but no Python entry point could be resolved
https://github.com/mahesh1271457/IntroML,no_dockerfile,False,0,0,0,,,0,0,0,0,0,False,,False,,False,,False,,False,,False,,no Dockerfile and no fallback entry point found
https://github.com/openvax/mhc2flurry,ok,False,1,0,1,mhc2flurry\downloads_command.py,fallback_console_script,2,18,1,0,0,True,mhc2flurry/downloads_command.py:292 tarfile.open [matched tarfile.open],False,,False,,False,,False,,False,,"unverified: missing stages: data_preparation, modeling, training, evaluation, inference"
https://github.com/rhsdyd/Android_malware_detection,no_entry,False,0,1,0,,,0,0,0,0,0,False,,False,,False,,False,,False,,False,,Dockerfile(s) found but no Python entry point could be resolved
https://github.com/Benjamin-Vincent-Lab/Landscape-and-Selection-of-Vaccine-Epitopes-in-SARS-CoV-2,no_dockerfile,False,0,0,0,,,0,0,0,0,0,False,,False,,False,,False,,False,,False,,no Dockerfile and no fallback entry point found
https://github.com/muhrin/milad,no_dockerfile,False,0,0,0,,,0,0,0,0,0,False,,False,,False,,False,,False,,False,,no Dockerfile and no fallback entry point found
https://github.com/hodeld/rbs-ranking,no_dockerfile,False,0,0,0,,,0,0,0,0,0,False,,False,,False,,False,,False,,False,,no Dockerfile and no fallback entry point found
https://github.com/777AVY777/clone_pyAudioAnalysis,no_dockerfile,False,0,0,0,,,0,0,0,0,0,False,,False,,False,,False,,False,,False,,no Dockerfile and no fallback entry point found
https://github.com/nz13s/Regression-algorithms-for-learning,no_dockerfile,False,0,0,0,,,0,0,0,0,0,False,,False,,False,,False,,False,,False,,no Dockerfile and no fallback entry point found
https://github.com/aryashah2k/SacHacks-2021-MappingForGood,no_dockerfile,False,0,0,0,,,0,0,0,0,0,False,,False,,False,,False,,False,,False,,no Dockerfile and no fallback entry point found
https://github.com/thubregtsen/qhack,no_dockerfile,False,0,0,0,,,0,0,0,0,0,False,,False,,False,,False,,False,,False,,no Dockerfile and no fallback entry point found
https://github.com/felipeescallon/Shapash,no_dockerfile,False,0,0,0,,,0,0,0,0,0,False,,False,,False,,False,,False,,False,,no Dockerfile and no fallback entry point found
https://github.com/Kerman-Sanjuan/Covid-19-Tweet-Sentiment-Analysis,no_dockerfile,False,0,0,0,,,0,0,0,0,0,False,,False,,False,,False,,False,,False,,no Dockerfile and no fallback entry point found
https://github.com/Srinidhi-SA/temp_spark,no_entry,False,0,1,0,,,0,0,0,0,0,False,,False,,False,,False,,False,,False,,Dockerfile(s) found but no Python entry point could be resolved
https://github.com/story-squad/py-story-squad-DS,ok,False,1,1,1,app\main.py,fallback_nested,3,1,1,0,0,False,,False,,False,,False,,False,,True,app/main.py:9 fastapi.FastAPI [matched FastAPI],"unverified: missing stages: data_acquisition, data_preparation, modeling, training, evaluation"
https://github.com/haonguyen2/QuantumDots,no_dockerfile,False,0,0,0,,,0,0,0,0,0,False,,False,,False,,False,,False,,False,,no Dockerfile and no fallback entry point found
https://github.com/aderbique/eyeofsauron,no_dockerfile,False,0,0,0,,,0,0,0,0,0,False,,False,,False,,False,,False,,False,,no Dockerfile and no fallback entry point found
https://github.com/VinceBaz/projects_networks,no_dockerfile,False,0,0,0,,,0,0,0,0,0,False,,False,,False,,False,,False,,False,,no Dockerfile and no fallback entry point found
https://github.com/kristjanr/ut-mit-news-classify,no_dockerfile,False,0,0,0,,,0,0,0,0,0,False,,False,,False,,False,,False,,False,,no Dockerfile and no fallback entry point found
https://github.com/DavidAbdelmalek/Deep-Learning,no_dockerfile,False,0,0,0,,,0,0,0,0,0,False,,False,,False,,False,,False,,False,,no Dockerfile and no fallback entry point found
https://github.com/edoardopieropan/twitter_fake_news,no_dockerfile,False,0,0,0,,,0,0,0,0,0,False,,False,,False,,False,,False,,False,,no Dockerfile and no fallback entry point found
https://github.com/McClunatic/paper-scope-6-api,no_dockerfile,False,0,0,0,,,0,0,0,0,0,False,,False,,False,,False,,False,,False,,no Dockerfile and no fallback entry point found
https://github.com/hushunda/mmaction,no_entry,False,0,1,0,,,0,0,0,0,0,False,,False,,False,,False,,False,,False,,Dockerfile(s) found but no Python entry point could be resolved
https://github.com/ignaciomarinreyes/Re-identificacion_basada_en_caras_en_tiempos_de_pandemia,no_dockerfile,False,0,0,0,,,0,0,0,0,0,False,,False,,False,,False,,False,,False,,no Dockerfile and no fallback entry point found
https://github.com/mbraeuninger/ai50,no_dockerfile,False,0,0,0,,,0,0,0,0,0,False,,False,,False,,False,,False,,False,,no Dockerfile and no fallback entry point found
https://github.com/aws-samples/deep-learning-web-app,no_entry,False,0,1,0,,,0,0,0,0,0,False,,False,,False,,False,,False,,False,,Dockerfile(s) found but no Python entry point could be resolved
https://github.com/MiguelMJ/Answerable,no_dockerfile,False,0,0,0,,,0,0,0,0,0,False,,False,,False,,False,,False,,False,,no Dockerfile and no fallback entry point found
https://github.com/MIDA-group/MultiRegEval,no_dockerfile,False,0,0,0,,,0,0,0,0,0,False,,False,,False,,False,,False,,False,,no Dockerfile and no fallback entry point found
https://github.com/SW15gooner/codedump_tests,no_entry,False,0,2,0,,,0,0,0,0,0,False,,False,,False,,False,,False,,False,,Dockerfile(s) found but no Python entry point could be resolved
https://github.com/Elizaveta55/DS,ok,False,5,0,1,src\train.py,fallback_nested,3,4,2,0,0,True,scripts/getData.py:11 pd.read_csv [matched pd.read_csv],True,scripts/getData.py:20 sklearn.preprocessing.StandardScaler [matched StandardScaler],True,src/train.py:0 class NeuralNetworkClassification [matched <class subclasses model base>],True,src/train.py:9 torch.utils.tensorboard.SummaryWriter [matched tensorboard.SummaryWriter],True,src/train.py:53 writer.add_scalar [matched writer.add_scalar],False,,unverified: missing stages: inference
https://github.com/myrithok/James,no_dockerfile,False,0,0,0,,,0,0,0,0,0,False,,False,,False,,False,,False,,False,,no Dockerfile and no fallback entry point found
https://github.com/bmogyorodi/recipe_search,no_entry,False,0,1,0,,,0,0,0,0,0,False,,False,,False,,False,,False,,False,,Dockerfile(s) found but no Python entry point could be resolved
https://github.com/TakeLab/podium,no_dockerfile,False,0,0,0,,,0,0,0,0,0,False,,False,,False,,False,,False,,False,,no Dockerfile and no fallback entry point found
https://github.com/widged/katacoda-scenarios,no_dockerfile,False,0,0,0,,,0,0,0,0,0,False,,False,,False,,False,,False,,False,,no Dockerfile and no fallback entry point found
https://github.com/zhangjie6305/-,no_entry,False,0,2,0,,,0,0,0,0,0,False,,False,,False,,False,,False,,False,,Dockerfile(s) found but no Python entry point could be resolved
https://github.com/sissa-data-science/DADApy,no_dockerfile,False,0,0,0,,,0,0,0,0,0,False,,False,,False,,False,,False,,False,,no Dockerfile and no fallback entry point found
https://github.com/BorgwardtLab/sc-autoencoding,no_dockerfile,False,0,0,0,,,0,0,0,0,0,False,,False,,False,,False,,False,,False,,no Dockerfile and no fallback entry point found
https://github.com/crowdbotp/OpenTraj,no_dockerfile,False,0,0,0,,,0,0,0,0,0,False,,False,,False,,False,,False,,False,,no Dockerfile and no fallback entry point found
https://github.com/kubershahi/ashoka-secureml,no_dockerfile,False,0,0,0,,,0,0,0,0,0,False,,False,,False,,False,,False,,False,,no Dockerfile and no fallback entry point found
https://github.com/KoeusIss/holbertonschool-machine_learning,no_dockerfile,False,0,0,0,,,0,0,0,0,0,False,,False,,False,,False,,False,,False,,no Dockerfile and no fallback entry point found
https://github.com/dan0nchik/SAP-HANA-AutoML,no_dockerfile,False,0,0,0,,,0,0,0,0,0,False,,False,,False,,False,,False,,False,,no Dockerfile and no fallback entry point found
https://github.com/TitusChoi/Artificial_Intelligence,no_dockerfile,False,0,0,0,,,0,0,0,0,0,False,,False,,False,,False,,False,,False,,no Dockerfile and no fallback entry point found
https://github.com/Arash-Mari-Oriyad/time_series_prediction_package,no_dockerfile,False,0,0,0,,,0,0,0,0,0,False,,False,,False,,False,,False,,False,,no Dockerfile and no fallback entry point found
https://github.com/UroborosElite/COVID_Travel_Prediction,ok,False,5,0,1,app\app.py,fallback_nested,1,7,0,0,0,True,app/app.py:21 sqlalchemy.create_engine [matched sqlalchemy.create_engine],True,app/app.py:141 pd.to_datetime [matched pd.to_datetime],True,app/app.py:147 sklearn.linear_model.LinearRegression [matched LinearRegression],True,app/app.py:148 regr.fit [matched regr.fit],False,,True,app/app.py:77 flask.Flask [matched Flask],unverified: missing stages: evaluation
https://github.com/justhow/history-or-story,no_dockerfile,False,0,0,0,,,0,0,0,0,0,False,,False,,False,,False,,False,,False,,no Dockerfile and no fallback entry point found
https://github.com/petr7555/bachelors_thesis_accounting_ocr,no_entry,False,0,1,0,,,0,0,0,0,0,False,,False,,False,,False,,False,,False,,Dockerfile(s) found but no Python entry point could be resolved
https://github.com/insgreeb-pro/model-training,no_dockerfile,False,0,0,0,,,0,0,0,0,0,False,,False,,False,,False,,False,,False,,no Dockerfile and no fallback entry point found
https://github.com/automl/CAVE,ok,False,5,0,1,cave\cave_cli.py,fallback_console_script,60,310,4,0,0,True,cave/reader/smac2_reader.py:88 csv.reader [matched csv.reader],True,cave/reader/conversion/csv2rh.py:230 pd.to_numeric [matched pd.to_numeric],True,cave/analyzer/feature_analysis/feature_analysis.py:219 sklearn.cluster.KMeans [matched KMeans],True,cave/analyzer/feature_analysis/feature_analysis.py:220 km.fit_predict [matched .fit_predict],True,cave/analyzer/feature_analysis/feature_analysis.py:221 sklearn.metrics.silhouette_score [matched silhouette_score],False,,unverified: missing stages: inference
https://github.com/atisor73/chromatose,ok,False,0,0,1,chromatose\chromatrieve.py,fallback_console_script,2,2,1,0,0,False,,False,,False,,False,,False,,False,,"unverified: missing stages: data_acquisition, data_preparation, modeling, training, evaluation, inference"
https://github.com/davidcholcomb/parliament-investing,no_dockerfile,False,0,0,0,,,0,0,0,0,0,False,,False,,False,,False,,False,,False,,no Dockerfile and no fallback entry point found
https://github.com/cx1964/cx1964ReposPythonMusicProcessing,no_dockerfile,False,0,0,0,,,0,0,0,0,0,False,,False,,False,,False,,False,,False,,no Dockerfile and no fallback entry point found
https://github.com/gugarosa/synthetic_rbms,no_dockerfile,False,0,0,0,,,0,0,0,0,0,False,,False,,False,,False,,False,,False,,no Dockerfile and no fallback entry point found
https://github.com/SihunHwang/CS50,no_dockerfile,False,0,0,0,,,0,0,0,0,0,False,,False,,False,,False,,False,,False,,no Dockerfile and no fallback entry point found
https://github.com/sangheonEN/ComputerVision_w.DeepLearning,no_dockerfile,False,0,0,0,,,0,0,0,0,0,False,,False,,False,,False,,False,,False,,no Dockerfile and no fallback entry point found
https://github.com/WildZes/GeekUniversity_Ai,no_entry,False,0,1,0,,,0,0,0,0,0,False,,False,,False,,False,,False,,False,,Dockerfile(s) found but no Python entry point could be resolved
https://github.com/TheOwenLab/2021-Wild-et-al-COVID-Cognition,no_entry,False,0,1,0,,,0,0,0,0,0,False,,False,,False,,False,,False,,False,,Dockerfile(s) found but no Python entry point could be resolved
https://github.com/Kzra/pykrev,no_dockerfile,False,0,0,0,,,0,0,0,0,0,False,,False,,False,,False,,False,,False,,no Dockerfile and no fallback entry point found
https://github.com/dmashchenko/vodafone-diploma,ok,False,1,0,1,app\app.py,fallback_nested,1,4,0,0,0,False,,False,,False,,False,,False,,True,app/app.py:31 flask.Flask [matched Flask],"unverified: missing stages: data_acquisition, data_preparation, modeling, training, evaluation"
https://github.com/COSC-310-Group-13/Assignment-3,no_dockerfile,False,0,0,0,,,0,0,0,0,0,False,,False,,False,,False,,False,,False,,no Dockerfile and no fallback entry point found
https://github.com/fkubota/kaggle-Rainforest-Connection-Species-Audio-Detection,no_entry,False,0,1,0,,,0,0,0,0,0,False,,False,,False,,False,,False,,False,,Dockerfile(s) found but no Python entry point could be resolved
https://github.com/sirius-tinkoff-recsys-team/recsys-project,no_dockerfile,False,0,0,0,,,0,0,0,0,0,False,,False,,False,,False,,False,,False,,no Dockerfile and no fallback entry point found
https://github.com/ymzayek/yeastcells-detection-maskrcnn,ok,False,2,0,1,yeastcells\train.py,fallback_nested,1,4,0,0,0,True,yeastcells/train.py:85 json.load [matched json.load],False,,False,,True,yeastcells/train.py:104 trainer.train [matched trainer.train],False,,False,,"unverified: missing stages: data_preparation, modeling, evaluation, inference"
https://github.com/NKI-CCB/imagene-analysis,no_dockerfile,False,0,0,0,,,0,0,0,0,0,False,,False,,False,,False,,False,,False,,no Dockerfile and no fallback entry point found
https://github.com/Borda/pyDeprecate,no_dockerfile,False,0,0,0,,,0,0,0,0,0,False,,False,,False,,False,,False,,False,,no Dockerfile and no fallback entry point found
https://github.com/NoraGithub/test_pyfolio,no_dockerfile,False,0,0,0,,,0,0,0,0,0,False,,False,,False,,False,,False,,False,,no Dockerfile and no fallback entry point found
https://github.com/soerenetler/crf_target_answer,no_dockerfile,False,0,0,0,,,0,0,0,0,0,False,,False,,False,,False,,False,,False,,no Dockerfile and no fallback entry point found
https://github.com/SukritJaAIproject/AICARE,no_entry,False,0,1,0,,,0,0,0,0,0,False,,False,,False,,False,,False,,False,,Dockerfile(s) found but no Python entry point could be resolved
https://github.com/Benjamintdk/DSAI_proj,ok,False,4,0,1,DSAI_proj\train.py,fallback_nested,3,24,1,0,0,True,DSAI_proj/dataset.py:30 pd.read_csv [matched pd.read_csv],True,DSAI_proj/dataset.py:84 torchvision.transforms.RandomResizedCrop [matched torchvision.transforms.*],True,DSAI_proj/train.py:0 class TagLineLoss [matched <class subclasses model base>],False,,False,,True,DSAI_proj/train.py:41 model.eval [matched model.eval],"unverified: missing stages: training, evaluation"
https://github.com/djeada/Kaggle-Titanic,ok,True,6,0,1,src\main.py,fallback_nested,10,43,2,0,0,True,src/main.py:33 pd.read_csv [matched pd.read_csv],True,src/models/gradient_boost.py:24 sklearn.preprocessing.LabelEncoder [matched LabelEncoder],True,src/models/gradient_boost.py:25 sklearn.ensemble.GradientBoostingClassifier [matched GradientBoostingClassifier],True,src/main.py:72 model.fit [matched model.fit],True,src/main.py:83 sklearn.metrics.accuracy_score [matched accuracy_score],True,src/main.py:82 model.predict [matched model.predict],verified: all 6 stages present
https://github.com/autoreject/autoreject,no_dockerfile,False,0,0,0,,,0,0,0,0,0,False,,False,,False,,False,,False,,False,,no Dockerfile and no fallback entry point found
https://github.com/AbinayaThulsi/MSR-Assignemnt-3,no_dockerfile,False,0,0,0,,,0,0,0,0,0,False,,False,,False,,False,,False,,False,,no Dockerfile and no fallback entry point found
https://github.com/MoSubaiei/pysensors,no_dockerfile,False,0,0,0,,,0,0,0,0,0,False,,False,,False,,False,,False,,False,,no Dockerfile and no fallback entry point found
https://github.com/huawei-noah/vega,ok,False,3,0,1,vega\tools\run_pipeline.py,fallback_console_script,107,723,12,0,6,True,vega/common/config.py:46 yaml.safe_load [matched yaml.safe_load],True,vega/core/run.py:72 pipeline.pipeline.Pipeline [matched Pipeline],True,vega/modules/module.py:0 class Module [matched <class subclasses model base>],False,,False,,False,,"unverified: missing stages: training, evaluation, inference"
https://github.com/pfothergill/March_Madness_ML,no_dockerfile,False,0,0,0,,,0,0,0,0,0,False,,False,,False,,False,,False,,False,,no Dockerfile and no fallback entry point found
https://github.com/mishmashclone/AvalZ-WAF-A-MoLE,ok,False,5,0,1,wafamole\cli.py,fallback_console_script,21,94,4,0,0,True,wafamole/models/custom/graph/sqligot.py:278 np.load [matched np.load],True,wafamole/models/custom/token/token_based.py:9 wafamole.tokenizer.Tokenizer [matched Tokenizer],True,wafamole/models/sklearn_model.py:0 class SklearnModelWrapper [matched <class subclasses model base>],False,,True,wafamole/models/custom/rnn/waf_brain.py:110 model.evaluate [matched model.evaluate],True,wafamole/models/custom/rnn/waf_brain.py:124 model.predict [matched model.predict],unverified: missing stages: training
https://github.com/martinlarsalbert/datadriven-energieffektivisering-av-fartyg,no_dockerfile,False,0,0,0,,,0,0,0,0,0,False,,False,,False,,False,,False,,False,,no Dockerfile and no fallback entry point found
https://github.com/MizarAI/mizar-labs,no_dockerfile,False,0,0,0,,,0,0,0,0,0,False,,False,,False,,False,,False,,False,,no Dockerfile and no fallback entry point found
https://github.com/Breast-Cancer-Team/Final-Project,no_dockerfile,False,0,0,0,,,0,0,0,0,0,False,,False,,False,,False,,False,,False,,no Dockerfile and no fallback entry point found
https://github.com/dreoporto/xandly5,no_entry,False,0,1,0,,,0,0,0,0,0,False,,False,,False,,False,,False,,False,,Dockerfile(s) found but no Python entry point could be resolved
https://github.com/orchardbirds/bokbokbok,no_dockerfile,False,0,0,0,,,0,0,0,0,0,False,,False,,False,,False,,False,,False,,no Dockerfile and no fallback entry point found
https://github.com/heartexlabs/label-studio-ml-backend,ok,False,1,30,1,label_studio_ml\server.py,fallback_console_script,5,60,2,0,0,True,label_studio_ml/utils.py:65 PIL.Image.open [matched Image.open],False,,False,,False,,False,,False,,"unverified: missing stages: data_preparation, modeling, training, evaluation, inference"
https://github.com/tanjascats/fingerprinting-toolbox,no_dockerfile,False,0,0,0,,,0,0,0,0,0,False,,False,,False,,False,,False,,False,,no Dockerfile and no fallback entry point found
https://github.com/deep-voice/soundbay,ok,True,6,1,1,soundbay\train.py,fallback_nested,12,136,3,0,1,True,soundbay/train.py:143 torch.utils.data.DataLoader [matched DataLoader],True,soundbay/models.py:55 transformers.AutoProcessor.from_pretrained [matched AutoProcessor.from_pretrained],True,soundbay/models.py:0 class AST [matched <class subclasses model base>],True,soundbay/train.py:196 hydra.main [matched hydra.main],True,soundbay/utils/logging.py:145 wandb.plot.roc_curve [matched roc_curve],True,soundbay/trainers.py:145 self.model.eval [matched model.eval],verified: all 6 stages present
https://github.com/chaitanyaspatil/Instacart_Database_Insights,no_dockerfile,False,0,0,0,,,0,0,0,0,0,False,,False,,False,,False,,False,,False,,no Dockerfile and no fallback entry point found
https://github.com/mattjacobs23/MisInfo,ok,False,3,2,1,MisInfo\train.py,fallback_nested,1,2,0,0,0,True,MisInfo/train.py:48 json.load [matched json.load],False,,False,,True,MisInfo/train.py:67 mlflow.start_run [matched mlflow.start_run],True,MisInfo/train.py:107 model.compute_metrics [matched compute_metrics],False,,"unverified: missing stages: data_preparation, modeling, inference"
https://github.com/microsoft/tempeh,no_dockerfile,False,0,0,0,,,0,0,0,0,0,False,,False,,False,,False,,False,,False,,no Dockerfile and no fallback entry point found
https://github.com/Chipdelmal/MoNeT_ML,no_entry,False,0,2,0,,,0,0,0,0,0,False,,False,,False,,False,,False,,False,,Dockerfile(s) found but no Python entry point could be resolved
https://github.com/NigamaVeena/AQI-prediction-and-deployment,no_dockerfile,False,0,0,0,,,0,0,0,0,0,False,,False,,False,,False,,False,,False,,no Dockerfile and no fallback entry point found
https://github.com/Maniratnampatchigolla/mlops-on-gcp_2,no_entry,False,0,59,0,,,0,0,0,0,0,False,,False,,False,,False,,False,,False,,Dockerfile(s) found but no Python entry point could be resolved
https://github.com/datakind/Mar21-housing-insecurity,no_entry,False,0,1,0,,,0,0,0,0,0,False,,False,,False,,False,,False,,False,,Dockerfile(s) found but no Python entry point could be resolved
https://github.com/seanysull/Hippocampus-Model,no_dockerfile,False,0,0,0,,,0,0,0,0,0,False,,False,,False,,False,,False,,False,,no Dockerfile and no fallback entry point found
https://github.com/TileDB-Inc/TileDB-ML,no_dockerfile,False,0,0,0,,,0,0,0,0,0,False,,False,,False,,False,,False,,False,,no Dockerfile and no fallback entry point found
https://github.com/sagepublishing/rejected_article_tracker_pkg,no_dockerfile,False,0,0,0,,,0,0,0,0,0,False,,False,,False,,False,,False,,False,,no Dockerfile and no fallback entry point found
https://github.com/Epitech/AutoML-For-Everyone,no_entry,False,0,2,0,,,0,0,0,0,0,False,,False,,False,,False,,False,,False,,Dockerfile(s) found but no Python entry point could be resolved
https://github.com/mottenhoff/covid19_CDSS,no_dockerfile,False,0,0,0,,,0,0,0,0,0,False,,False,,False,,False,,False,,False,,no Dockerfile and no fallback entry point found
https://github.com/carbonplan/forest-offsets,no_entry,False,0,2,0,,,0,0,0,0,0,False,,False,,False,,False,,False,,False,,Dockerfile(s) found but no Python entry point could be resolved
https://github.com/rdgozum/dexpression-pytorch,ok,False,1,0,1,dexpression_pytorch\main.py,fallback_nested,4,1,1,0,0,True,dexpression_pytorch/main.py:13 dexpression_pytorch.datasets.dataset.load_dataset [matched load_dataset],False,,False,,False,,False,,False,,"unverified: missing stages: data_preparation, modeling, training, evaluation, inference"
https://github.com/shuyuqin/Faster-than-Faster-Better-than-Better-Machine-Learning-Electromechanical-Switching-in-Ferroelec,no_dockerfile,False,0,0,0,,,0,0,0,0,0,False,,False,,False,,False,,False,,False,,no Dockerfile and no fallback entry point found
https://github.com/broadinstitute/Tangram,no_dockerfile,False,0,0,0,,,0,0,0,0,0,False,,False,,False,,False,,False,,False,,no Dockerfile and no fallback entry point found
https://github.com/hexiix/reid-usl,no_dockerfile,False,0,0,0,,,0,0,0,0,0,False,,False,,False,,False,,False,,False,,no Dockerfile and no fallback entry point found
https://github.com/bioinformatics-polito/PhyliCS,no_dockerfile,False,0,0,0,,,0,0,0,0,0,False,,False,,False,,False,,False,,False,,no Dockerfile and no fallback entry point found
https://github.com/EnriqueSPR/covid_EDA_project,no_dockerfile,False,0,0,0,,,0,0,0,0,0,False,,False,,False,,False,,False,,False,,no Dockerfile and no fallback entry point found
https://github.com/rg314/autoballs,ok,False,2,1,1,scripts\train.py,fallback_nested,4,31,2,0,0,True,scripts/train.py:120 torch.utils.data.DataLoader [matched DataLoader],True,scripts/train.py:68 sklearn.model_selection.train_test_split [matched train_test_split],False,,False,,False,,False,,"unverified: missing stages: modeling, training, evaluation, inference"
https://github.com/eddiepyang/yelp_nlp,ok,False,4,1,1,sentimentizer\serve\__main__.py,dockerfile,35,290,5,0,0,True,sentimentizer/serve/config.py:338 yaml.safe_load [matched yaml.safe_load],True,sentimentizer/tokenizer.py:428 Tokenizer [matched Tokenizer],True,sentimentizer/models/base.py:0 class BaseSentimentModel [matched <class subclasses model base>],False,,False,,True,sentimentizer/serve/bge_only_app.py:36 fastapi.FastAPI [matched FastAPI],"unverified: missing stages: training, evaluation"
https://github.com/DoronRaifman/PythonWEB,no_dockerfile,False,0,0,0,,,0,0,0,0,0,False,,False,,False,,False,,False,,False,,no Dockerfile and no fallback entry point found
https://github.com/prophet-project/stock-price-forecasting,ok,False,5,1,1,src\train.py,fallback_nested,10,22,2,0,0,True,src/prepare_datasets.py:31 pd.read_csv [matched pd.read_csv],True,src/prepare_datasets.py:110 sklearn.preprocessing.MinMaxScaler [matched MinMaxScaler],True,src/model.py:9 tf.keras.Sequential [matched keras.Sequential],True,src/train.py:24 model.fit [matched model.fit],True,src/model.py:27 tf.keras.metrics.MeanAbsoluteError [matched tf.keras.metrics.*],False,,unverified: missing stages: inference
https://github.com/Blitzy29/vocabulary_learning,no_dockerfile,False,0,0,0,,,0,0,0,0,0,False,,False,,False,,False,,False,,False,,no Dockerfile and no fallback entry point found
https://github.com/RubenPants/SemiSupervisedClustering,ok,False,3,0,1,semi_supervised_clustering\main.py,fallback_nested,4,73,1,0,0,True,semi_supervised_clustering/cluster.py:650 json.load [matched json.load],True,semi_supervised_clustering/encode.py:149 sentencepiece.SentencePieceProcessor [matched sentencepiece.SentencePieceProcessor],True,semi_supervised_clustering/embed.py:75 tf.keras.layers.Dense [matched tf.keras.layers.*],False,,False,,False,,"unverified: missing stages: training, evaluation, inference"
https://github.com/vanessachahwan/ALTEGRAD-Challenge,no_dockerfile,False,0,0,0,,,0,0,0,0,0,False,,False,,False,,False,,False,,False,,no Dockerfile and no fallback entry point found
https://github.com/freefarmdata/auto_farm_recorder,no_entry,False,0,2,0,,,0,0,0,0,0,False,,False,,False,,False,,False,,False,,Dockerfile(s) found but no Python entry point could be resolved
https://github.com/SeanChenxy/HandMesh,no_dockerfile,False,0,0,0,,,0,0,0,0,0,False,,False,,False,,False,,False,,False,,no Dockerfile and no fallback entry point found
https://github.com/jingfei-x/AI-and-Big-Data-Project-Hate-Speech-,no_dockerfile,False,0,0,0,,,0,0,0,0,0,False,,False,,False,,False,,False,,False,,no Dockerfile and no fallback entry point found
https://github.com/almaan/ST-mLiver,no_dockerfile,False,0,0,0,,,0,0,0,0,0,False,,False,,False,,False,,False,,False,,no Dockerfile and no fallback entry point found
https://github.com/Social-Media-Public-Analysis/murphy,no_dockerfile,False,0,0,0,,,0,0,0,0,0,False,,False,,False,,False,,False,,False,,no Dockerfile and no fallback entry point found
https://github.com/RichieHakim/face-rhythm,no_dockerfile,False,0,0,0,,,0,0,0,0,0,False,,False,,False,,False,,False,,False,,no Dockerfile and no fallback entry point found
https://github.com/Jayshah6699/Collaborative-Data-Science-Application,no_dockerfile,False,0,0,0,,,0,0,0,0,0,False,,False,,False,,False,,False,,False,,no Dockerfile and no fallback entry point found
https://github.com/LambdaTheda/final_CitySpire_TeamC,ok,False,1,1,1,app\main.py,fallback_nested,1,0,0,0,0,False,,False,,False,,False,,False,,True,app/main.py:27 fastapi.FastAPI [matched FastAPI],"unverified: missing stages: data_acquisition, data_preparation, modeling, training, evaluation"
https://github.com/Alexander-Cui/ResumeMatch,no_dockerfile,False,0,0,0,,,0,0,0,0,0,False,,False,,False,,False,,False,,False,,no Dockerfile and no fallback entry point found
https://github.com/TBSantana/ML_Automated_Pipeline,no_entry,False,0,4,0,,,0,0,0,0,0,False,,False,,False,,False,,False,,False,,Dockerfile(s) found but no Python entry point could be resolved
https://github.com/jbussemaker/ArchitectureOptimizationExperiments,no_dockerfile,False,0,0,0,,,0,0,0,0,0,False,,False,,False,,False,,False,,False,,no Dockerfile and no fallback entry point found
https://github.com/lrzpellegrini/avalanche_pre_public,no_dockerfile,False,0,0,0,,,0,0,0,0,0,False,,False,,False,,False,,False,,False,,no Dockerfile and no fallback entry point found
https://github.com/CBICA/GaNDLF,ok,True,6,1,1,GANDLF\entrypoints\cli_tool.py,fallback_console_script,162,799,9,0,0,True,GANDLF/entrypoints/anonymizer.py:25 yaml.safe_load [matched yaml.safe_load],True,GANDLF/entrypoints/collect_stats.py:157 pd.concat [matched pd.concat],True,GANDLF/models/lightning_module.py:0 class GandlfLightningModule [matched <class subclasses model base>],True,GANDLF/training_manager.py:181 trainer.fit [matched trainer.fit],True,GANDLF/cli/generate_metrics.py:420 GANDLF.metrics.mean_squared_error [matched mean_squared_error],True,GANDLF/utils/modelio.py:77 torch.no_grad [matched torch.no_grad],verified: all 6 stages present
https://github.com/polar-beer/ml_academic,no_dockerfile,False,0,0,0,,,0,0,0,0,0,False,,False,,False,,False,,False,,False,,no Dockerfile and no fallback entry point found
https://github.com/sisinflab/elliot,ok,False,1,0,1,elliot\run.py,fallback_nested,9,37,3,0,6,True,elliot/namespace/namespace_model.py:72 yaml.load [matched yaml.load],False,,False,,False,,False,,False,,"unverified: missing stages: data_preparation, modeling, training, evaluation, inference"
https://github.com/EandrewJones/activelearner,ok,False,0,0,1,activelearner\cli.py,fallback_console_script,1,1,0,0,0,False,,False,,False,,False,,False,,False,,"unverified: missing stages: data_acquisition, data_preparation, modeling, training, evaluation, inference"
https://github.com/ContinualAI/avalanche,no_entry,False,0,1,0,,,0,0,0,0,0,False,,False,,False,,False,,False,,False,,Dockerfile(s) found but no Python entry point could be resolved
https://github.com/jonas-nothnagel/NLP-Project-Documents,no_dockerfile,False,0,0,0,,,0,0,0,0,0,False,,False,,False,,False,,False,,False,,no Dockerfile and no fallback entry point found
https://github.com/erikdengerud/GPTime-Series,ok,False,5,0,1,GPTime\__main__.py,fallback_nested,15,43,3,0,12,True,GPTime/run.py:51 yaml.safe_load [matched yaml.safe_load],True,GPTime/model/evaluate.py:71 pd.concat [matched pd.concat],True,GPTime/model/train.py:66 Model [matched Model],True,GPTime/model/train.py:75 torch.utils.tensorboard.SummaryWriter [matched tensorboard.SummaryWriter],False,,True,GPTime/model/train.py:286 model.eval [matched model.eval],unverified: missing stages: evaluation
https://github.com/NPVoravong/obesity-estimation,no_dockerfile,False,0,0,0,,,0,0,0,0,0,False,,False,,False,,False,,False,,False,,no Dockerfile and no fallback entry point found
https://github.com/JanRob23/DeepLearningProject1,no_dockerfile,False,0,0,0,,,0,0,0,0,0,False,,False,,False,,False,,False,,False,,no Dockerfile and no fallback entry point found
https://github.com/CVanchieri/CS_Notes,no_entry,False,0,2,0,,,0,0,0,0,0,False,,False,,False,,False,,False,,False,,Dockerfile(s) found but no Python entry point could be resolved
https://github.com/tomero123/DR_for_AMR,no_dockerfile,False,0,0,0,,,0,0,0,0,0,False,,False,,False,,False,,False,,False,,no Dockerfile and no fallback entry point found
https://github.com/IBM/mlapp,ok,False,3,1,1,mlapp\main.py,fallback_nested,42,286,4,0,0,True,mlapp/main.py:265 json.load [matched json.load],True,mlapp/managers/io_manager.py:56 pd.concat [matched pd.concat],True,mlapp/handlers/file_storages/aml_model_storage_handler.py:80 azureml.core.Model [matched Model],False,,False,,False,,"unverified: missing stages: training, evaluation, inference"
https://github.com/sarisppp/PJ63_CE18,no_dockerfile,False,0,0,0,,,0,0,0,0,0,False,,False,,False,,False,,False,,False,,no Dockerfile and no fallback entry point found
https://github.com/jenferp/red-alert,no_dockerfile,False,0,0,0,,,0,0,0,0,0,False,,False,,False,,False,,False,,False,,no Dockerfile and no fallback entry point found
https://github.com/ZhiningLiu1998/self-paced-ensemble,no_dockerfile,False,0,0,0,,,0,0,0,0,0,False,,False,,False,,False,,False,,False,,no Dockerfile and no fallback entry point found
https://github.com/andSubmarine/FioLogParser,no_dockerfile,False,0,0,0,,,0,0,0,0,0,False,,False,,False,,False,,False,,False,,no Dockerfile and no fallback entry point found
https://github.com/GoogleCloudPlatform/plspm-python,no_dockerfile,False,0,0,0,,,0,0,0,0,0,False,,False,,False,,False,,False,,False,,no Dockerfile and no fallback entry point found
https://github.com/JaroslavKotrba/AppPredictionHR,no_dockerfile,False,0,0,0,,,0,0,0,0,0,False,,False,,False,,False,,False,,False,,no Dockerfile and no fallback entry point found
https://github.com/CMU-cabot/cabot,no_entry,False,0,5,0,,,0,0,0,0,0,False,,False,,False,,False,,False,,False,,Dockerfile(s) found but no Python entry point could be resolved
https://github.com/GoogleCloudPlatform/ai-platform-samples,no_entry,False,0,12,2,,dockerfile,0,0,0,0,0,False,,False,,False,,False,,False,,False,,no resolved entry point yielded a usable call graph
https://github.com/ADMAntwerp/CounterfactualBenchmark,no_dockerfile,False,0,0,0,,,0,0,0,0,0,False,,False,,False,,False,,False,,False,,no Dockerfile and no fallback entry point found
https://github.com/HenriqueMartinsPrado/Data-Scientist-Nano-Degree-Udacity,no_dockerfile,False,0,0,0,,,0,0,0,0,0,False,,False,,False,,False,,False,,False,,no Dockerfile and no fallback entry point found
https://github.com/ginevracoal/BayesianRelevance,no_dockerfile,False,0,0,0,,,0,0,0,0,0,False,,False,,False,,False,,False,,False,,no Dockerfile and no fallback entry point found
https://github.com/svalkiers/clusTCR,no_entry,False,0,1,0,,,0,0,0,0,0,False,,False,,False,,False,,False,,False,,Dockerfile(s) found but no Python entry point could be resolved
https://github.com/jayguptacal/RetailAndMarketing,no_dockerfile,False,0,0,0,,,0,0,0,0,0,False,,False,,False,,False,,False,,False,,no Dockerfile and no fallback entry point found
https://github.com/s-froghyar/thesis-project-mgr,no_entry,False,0,1,0,,,0,0,0,0,0,False,,False,,False,,False,,False,,False,,Dockerfile(s) found but no Python entry point could be resolved
https://github.com/diffunity/kpmg-corona-blue,ok,False,1,5,1,backend\main.py,fallback_nested,1,10,0,0,0,False,,False,,False,,False,,False,,True,backend/main.py:17 fastapi.FastAPI [matched FastAPI],"unverified: missing stages: data_acquisition, data_preparation, modeling, training, evaluation"
https://github.com/getalphaapp/pyfolio,no_dockerfile,False,0,0,0,,,0,0,0,0,0,False,,False,,False,,False,,False,,False,,no Dockerfile and no fallback entry point found
https://github.com/kuldeepbishnoi/Automatic-Emergency-Braking,no_dockerfile,False,0,0,0,,,0,0,0,0,0,False,,False,,False,,False,,False,,False,,no Dockerfile and no fallback entry point found
https://github.com/AllenSun7/Android-Security-Analysis,ok,False,0,0,1,android-security-analysis\main.py,fallback_nested,1,0,0,0,0,False,,False,,False,,False,,False,,False,,"unverified: missing stages: data_acquisition, data_preparation, modeling, training, evaluation, inference"
https://github.com/ymentha14/emojis_dataset,ok,False,4,1,1,src\main.py,fallback_nested,12,112,2,0,0,True,src/selection/selection.py:70 pickle.load [matched pickle.load],True,src/selection/distribution.py:156 pd.concat [matched pd.concat],True,src/validation/bert_embedder.py:18 transformers.BertModel.from_pretrained [matched BertModel.from_pretrained],False,,False,,True,src/validation/bert_embedder.py:38 self.model.eval [matched model.eval],"unverified: missing stages: training, evaluation"
https://github.com/awebsters/Phishing-Detection,no_dockerfile,False,0,0,0,,,0,0,0,0,0,False,,False,,False,,False,,False,,False,,no Dockerfile and no fallback entry point found
https://github.com/andbluedev/Music-Genre-Classification-Notebooks,no_dockerfile,False,0,0,0,,,0,0,0,0,0,False,,False,,False,,False,,False,,False,,no Dockerfile and no fallback entry point found
https://github.com/kevinwang5658/homesimple-server,no_dockerfile,False,0,0,0,,,0,0,0,0,0,False,,False,,False,,False,,False,,False,,no Dockerfile and no fallback entry point found
https://github.com/abrarhamzah/Hearty,no_dockerfile,False,0,0,0,,,0,0,0,0,0,False,,False,,False,,False,,False,,False,,no Dockerfile and no fallback entry point found
https://github.com/ysterin/VaDE,no_dockerfile,False,0,0,0,,,0,0,0,0,0,False,,False,,False,,False,,False,,False,,no Dockerfile and no fallback entry point found
https://github.com/aitorres/caupo,ok,False,1,0,1,backend\app.py,fallback_nested,2,3,1,0,0,False,,False,,False,,False,,False,,True,backend/app.py:21 flask.Flask [matched Flask],"unverified: missing stages: data_acquisition, data_preparation, modeling, training, evaluation"
https://github.com/sgm-projects/sgm-analysis-computing-node,ok,True,6,2,1,app\main.py,fallback_nested,32,88,3,0,0,True,app/core/tasks.py:28 requests.get [matched requests.get],True,app/methods/legacy/tasks.py:149 sklearn.preprocessing.StandardScaler [matched StandardScaler],True,app/methods/legacy/tasks.py:39 sklearn.linear_model.LinearRegression [matched LinearRegression],True,app/methods/legacy/tasks.py:229 kmeans.fit_predict [matched .fit_predict],True,app/methods/legacy/tasks.py:45 sklearn.metrics.mean_squared_error [matched mean_squared_error],True,app/main.py:28 fastapi.FastAPI [matched FastAPI],verified: all 6 stages present
https://github.com/BoulderDS/value-of-medical-notes,no_dockerfile,False,0,0,0,,,0,0,0,0,0,False,,False,,False,,False,,False,,False,,no Dockerfile and no fallback entry point found
https://github.com/ilia10000/LO-Shot,no_dockerfile,False,0,0,0,,,0,0,0,0,0,False,,False,,False,,False,,False,,False,,no Dockerfile and no fallback entry point found
https://github.com/wranidlo/ImageSegmentation,no_dockerfile,False,0,0,0,,,0,0,0,0,0,False,,False,,False,,False,,False,,False,,no Dockerfile and no fallback entry point found
https://github.com/dlagul/SDFVAE,no_dockerfile,False,0,0,0,,,0,0,0,0,0,False,,False,,False,,False,,False,,False,,no Dockerfile and no fallback entry point found
https://github.com/pbr142/handson-ml2,no_entry,False,0,1,0,,,0,0,0,0,0,False,,False,,False,,False,,False,,False,,Dockerfile(s) found but no Python entry point could be resolved
https://github.com/rutgerswiselab/NCR,ok,False,0,0,1,src\main.py,fallback_nested,1,1,0,0,0,False,,False,,False,,False,,False,,False,,"unverified: missing stages: data_acquisition, data_preparation, modeling, training, evaluation, inference"
https://github.com/SandhyaGiri/MasterThesis,no_dockerfile,False,0,0,0,,,0,0,0,0,0,False,,False,,False,,False,,False,,False,,no Dockerfile and no fallback entry point found
https://github.com/Strabes/dsutils,no_dockerfile,False,0,0,0,,,0,0,0,0,0,False,,False,,False,,False,,False,,False,,no Dockerfile and no fallback entry point found
https://github.com/elbertsoftware/ai-for-trading,no_dockerfile,False,0,0,0,,,0,0,0,0,0,False,,False,,False,,False,,False,,False,,no Dockerfile and no fallback entry point found
https://github.com/awilliamson1889/Simple-SPAM-classificator,no_dockerfile,False,0,0,0,,,0,0,0,0,0,False,,False,,False,,False,,False,,False,,no Dockerfile and no fallback entry point found
https://github.com/colonialjelly/name-matching,no_dockerfile,False,0,0,0,,,0,0,0,0,0,False,,False,,False,,False,,False,,False,,no Dockerfile and no fallback entry point found
https://github.com/andrewtavis/kwx,no_dockerfile,False,0,0,0,,,0,0,0,0,0,False,,False,,False,,False,,False,,False,,no Dockerfile and no fallback entry point found
https://github.com/GuillaumeSimo/scikit-optimize,no_dockerfile,False,0,0,0,,,0,0,0,0,0,False,,False,,False,,False,,False,,False,,no Dockerfile and no fallback entry point found
https://github.com/Sephta/time-series-modeling,ok,False,0,0,1,transformation_tree\__main__.py,fallback_nested,1,0,0,0,0,False,,False,,False,,False,,False,,False,,"unverified: missing stages: data_acquisition, data_preparation, modeling, training, evaluation, inference"
https://github.com/jacksoncity/Dasher,no_dockerfile,False,0,0,0,,,0,0,0,0,0,False,,False,,False,,False,,False,,False,,no Dockerfile and no fallback entry point found
https://github.com/plutasnyy/ProtoCNN,ok,False,2,0,1,src\train.py,fallback_nested,1,1,0,0,0,True,src/train.py:131 pd.read_csv [matched pd.read_csv],False,,False,,True,src/train.py:158 trainer.fit [matched trainer.fit],False,,False,,"unverified: missing stages: data_preparation, modeling, evaluation, inference"
https://github.com/capitalone/DataProfiler,no_dockerfile,False,0,0,0,,,0,0,0,0,0,False,,False,,False,,False,,False,,False,,no Dockerfile and no fallback entry point found
https://github.com/YaqiangCao/cLoops2,ok,True,6,0,1,cLoops2\cLoops2.py,fallback_console_script,26,262,2,0,0,True,cLoops2/qc.py:52 gzip.open [matched gzip.open],True,cLoops2/est.py:356 sklearn.model_selection.train_test_split [matched train_test_split],True,cLoops2/est.py:82 sklearn.mixture.GaussianMixture [matched GaussianMixture],True,cLoops2/est.py:421 model.fit [matched model.fit],True,cLoops2/est.py:370 sklearn.metrics.mean_absolute_error [matched mean_absolute_error],True,cLoops2/est.py:93 clf.predict [matched clf.predict],verified: all 6 stages present
https://github.com/seasonsOfTheSun/UMAPanalysis,no_dockerfile,False,0,0,0,,,0,0,0,0,0,False,,False,,False,,False,,False,,False,,no Dockerfile and no fallback entry point found
https://github.com/programmingboy/HRotatE,no_dockerfile,False,0,0,0,,,0,0,0,0,0,False,,False,,False,,False,,False,,False,,no Dockerfile and no fallback entry point found
https://github.com/allmamun556/FlightPricePrediction1,ok,False,3,0,1,src\app.py,fallback_nested,1,4,0,0,0,True,src/app.py:11 pickle.load [matched pickle.load],True,src/app.py:29 pd.to_datetime [matched pd.to_datetime],False,,False,,False,,True,src/app.py:10 flask.Flask [matched Flask],"unverified: missing stages: modeling, training, evaluation"
https://github.com/ethho/DeepLabCut,ok,False,4,1,1,deeplabcut\__main__.py,fallback_nested,91,781,7,0,0,True,deeplabcut/utils/skeleton.py:53 pd.read_hdf [matched pd.read_hdf],True,deeplabcut/utils/skeleton.py:99 self.df.groupby [matched df.groupby],True,deeplabcut/refine_training_dataset/outlier_frames.py:306 sm.tsa.statespace.SARIMAX [matched SARIMAX],False,,False,,True,deeplabcut/pose_estimation_tensorflow/dataset/pose_dataset_imgaug.py:302 pipeline [matched pipeline],"unverified: missing stages: training, evaluation"
https://github.com/voxel51/fiftyone,ok,True,6,6,1,fiftyone\core\cli.py,fallback_console_script,320,8558,8,0,5,True,fiftyone/core/cli.py:510 fiftyone.core.dataset.load_dataset [matched load_dataset],True,fiftyone/utils/torch.py:1035 torchvision.transforms.Resize [matched torchvision.transforms.*],True,fiftyone/zoo/models/__init__.py:0 class ZooModel [matched <class subclasses model base>],True,fiftyone/core/plots/utils.py:220 model.fit [matched model.fit],True,fiftyone/operators/executor.py:1407 self.log [matched self.log],True,fiftyone/core/models.py:375 model.predict [matched model.predict],verified: all 6 stages present
https://github.com/georgecharatsaris/Topic-Models-Collection,no_dockerfile,False,0,0,0,,,0,0,0,0,0,False,,False,,False,,False,,False,,False,,no Dockerfile and no fallback entry point found
https://github.com/jambo6/batteries,no_dockerfile,False,0,0,0,,,0,0,0,0,0,False,,False,,False,,False,,False,,False,,no Dockerfile and no fallback entry point found
https://github.com/surekhag28/ComputerVision,no_entry,False,0,10,0,,,0,0,0,0,0,False,,False,,False,,False,,False,,False,,Dockerfile(s) found but no Python entry point could be resolved
https://github.com/InferLO/inferlo,no_dockerfile,False,0,0,0,,,0,0,0,0,0,False,,False,,False,,False,,False,,False,,no Dockerfile and no fallback entry point found
https://github.com/Maelstro/twitter-semantic-analysis,no_entry,False,0,2,0,,,0,0,0,0,0,False,,False,,False,,False,,False,,False,,Dockerfile(s) found but no Python entry point could be resolved
https://github.com/ruggleslab/hypercluster,no_dockerfile,False,0,0,0,,,0,0,0,0,0,False,,False,,False,,False,,False,,False,,no Dockerfile and no fallback entry point found
https://github.com/AmyBeisel/LABSPT13-Resfeber-DS,no_entry,False,0,1,0,,,0,0,0,0,0,False,,False,,False,,False,,False,,False,,Dockerfile(s) found but no Python entry point could be resolved
https://github.com/surf-sci-bc/uspy,no_dockerfile,False,0,0,0,,,0,0,0,0,0,False,,False,,False,,False,,False,,False,,no Dockerfile and no fallback entry point found
https://github.com/pycroscopy/pyTEMlib,no_dockerfile,False,0,0,0,,,0,0,0,0,0,False,,False,,False,,False,,False,,False,,no Dockerfile and no fallback entry point found
https://github.com/JohnEnev/DSR-competition-team1,no_dockerfile,False,0,0,0,,,0,0,0,0,0,False,,False,,False,,False,,False,,False,,no Dockerfile and no fallback entry point found
https://github.com/1jyotsna1/Practical-ML-DS,no_entry,False,0,1,0,,,0,0,0,0,0,False,,False,,False,,False,,False,,False,,Dockerfile(s) found but no Python entry point could be resolved
https://github.com/corneyc/AgileDevelopmentwithAzure-Project-2,no_entry,False,0,1,0,,,0,0,0,0,0,False,,False,,False,,False,,False,,False,,Dockerfile(s) found but no Python entry point could be resolved
https://github.com/HydrohubChallenge/hydroml,no_entry,False,0,5,0,,,0,0,0,0,0,False,,False,,False,,False,,False,,False,,Dockerfile(s) found but no Python entry point could be resolved
https://github.com/ml-dafe/cv_mipt_major,no_dockerfile,False,0,0,0,,,0,0,0,0,0,False,,False,,False,,False,,False,,False,,no Dockerfile and no fallback entry point found
https://github.com/fidelity/jurity,no_dockerfile,False,0,0,0,,,0,0,0,0,0,False,,False,,False,,False,,False,,False,,no Dockerfile and no fallback entry point found
https://github.com/Komgrich1999/SpatialDataScience,no_entry,False,0,1,0,,,0,0,0,0,0,False,,False,,False,,False,,False,,False,,Dockerfile(s) found but no Python entry point could be resolved
https://github.com/thedatadreams3-gmail-com/Dreams-Degree-Recomender,no_dockerfile,False,0,0,0,,,0,0,0,0,0,False,,False,,False,,False,,False,,False,,no Dockerfile and no fallback entry point found
https://github.com/tteofili/certa,no_dockerfile,False,0,0,0,,,0,0,0,0,0,False,,False,,False,,False,,False,,False,,no Dockerfile and no fallback entry point found
https://github.com/atzoriandrea/Drowsiness_Detection,no_dockerfile,False,0,0,0,,,0,0,0,0,0,False,,False,,False,,False,,False,,False,,no Dockerfile and no fallback entry point found
https://github.com/davidtangGT/ML_dscribe,no_dockerfile,False,0,0,0,,,0,0,0,0,0,False,,False,,False,,False,,False,,False,,no Dockerfile and no fallback entry point found
https://github.com/Averu333/Classification_project,no_entry,False,0,1,0,,,0,0,0,0,0,False,,False,,False,,False,,False,,False,,Dockerfile(s) found but no Python entry point could be resolved
https://github.com/vinayakakv/android-malware-detection,no_entry,False,0,1,0,,,0,0,0,0,0,False,,False,,False,,False,,False,,False,,Dockerfile(s) found but no Python entry point could be resolved
https://github.com/intel/openfl,ok,False,0,2,1,openfl\interface\cli.py,fallback_console_script,7,28,3,0,1,False,,False,,False,,False,,False,,False,,"unverified: missing stages: data_acquisition, data_preparation, modeling, training, evaluation, inference"
https://github.com/AndreasKaratzas/sentiment_classification,no_dockerfile,False,0,0,0,,,0,0,0,0,0,False,,False,,False,,False,,False,,False,,no Dockerfile and no fallback entry point found
https://github.com/z-gursky/Alzheimer-Prediction-,no_dockerfile,False,0,0,0,,,0,0,0,0,0,False,,False,,False,,False,,False,,False,,no Dockerfile and no fallback entry point found
https://github.com/bioFAM/mofapy2,no_dockerfile,False,0,0,0,,,0,0,0,0,0,False,,False,,False,,False,,False,,False,,no Dockerfile and no fallback entry point found
https://github.com/leelew/MetReg,no_dockerfile,False,0,0,0,,,0,0,0,0,0,False,,False,,False,,False,,False,,False,,no Dockerfile and no fallback entry point found
https://github.com/icaros-usc/pyribs,no_dockerfile,False,0,0,0,,,0,0,0,0,0,False,,False,,False,,False,,False,,False,,no Dockerfile and no fallback entry point found
https://github.com/diba-lab/NeuroPy,no_dockerfile,False,0,0,0,,,0,0,0,0,0,False,,False,,False,,False,,False,,False,,no Dockerfile and no fallback entry point found
https://github.com/HEXRD/hexrd,ok,False,0,0,1,hexrd\hedm\cli\main.py,fallback_console_script,3,1,1,0,0,False,,False,,False,,False,,False,,False,,"unverified: missing stages: data_acquisition, data_preparation, modeling, training, evaluation, inference"
https://github.com/matteoromanato/Amazon-review-Sentiment-analysis,no_dockerfile,False,0,0,0,,,0,0,0,0,0,False,,False,,False,,False,,False,,False,,no Dockerfile and no fallback entry point found
https://github.com/antreashp/FACT_2020,no_dockerfile,False,0,0,0,,,0,0,0,0,0,False,,False,,False,,False,,False,,False,,no Dockerfile and no fallback entry point found
https://github.com/SJUACM/Machine-Learning-Applications,no_dockerfile,False,0,0,0,,,0,0,0,0,0,False,,False,,False,,False,,False,,False,,no Dockerfile and no fallback entry point found
https://github.com/JimShu716/Design_Project,no_dockerfile,False,0,0,0,,,0,0,0,0,0,False,,False,,False,,False,,False,,False,,no Dockerfile and no fallback entry point found
https://github.com/xzhang682/NLP_nano_udacity,no_dockerfile,False,0,0,0,,,0,0,0,0,0,False,,False,,False,,False,,False,,False,,no Dockerfile and no fallback entry point found
https://github.com/kqf/graphsage,ok,False,2,0,1,graphsage\main.py,fallback_nested,5,27,2,0,0,False,,False,,True,graphsage/layers.py:0 class SAGEConv [matched <class subclasses model base>],True,graphsage/main.py:10 model.fit [matched model.fit],False,,False,,"unverified: missing stages: data_acquisition, data_preparation, evaluation, inference"
https://github.com/comojin1994/GCN,no_dockerfile,False,0,0,0,,,0,0,0,0,0,False,,False,,False,,False,,False,,False,,no Dockerfile and no fallback entry point found
https://github.com/dstaka/Grab_AI_safety,no_dockerfile,False,0,0,0,,,0,0,0,0,0,False,,False,,False,,False,,False,,False,,no Dockerfile and no fallback entry point found
https://github.com/CFARS/TACT,no_dockerfile,False,0,0,0,,,0,0,0,0,0,False,,False,,False,,False,,False,,False,,no Dockerfile and no fallback entry point found
https://github.com/aakashpadhiyar/deepfake-live,ok,False,1,2,1,scripts\train.py,fallback_nested,11,206,5,0,1,True,lib/image.py:66 cv2.imread [matched cv2.imread],False,,False,,False,,False,,False,,"unverified: missing stages: data_preparation, modeling, training, evaluation, inference"
https://github.com/muellermax/nlp-disaster-app,ok,False,3,0,1,myapp\run.py,fallback_nested,4,5,1,0,0,True,myapp/run.py:45 sqlalchemy.create_engine [matched sqlalchemy.create_engine],True,myapp/run.py:68 df.groupby [matched df.groupby],False,,False,,False,,True,myapp/run.py:163 model.predict [matched model.predict],"unverified: missing stages: modeling, training, evaluation"
https://github.com/Climate-Crisis-AI-Team-Vel-Ice/sea-ice-challenge,no_dockerfile,False,0,0,0,,,0,0,0,0,0,False,,False,,False,,False,,False,,False,,no Dockerfile and no fallback entry point found
https://github.com/BluEyedTree/PasswordPatternExtractor,no_dockerfile,False,0,0,0,,,0,0,0,0,0,False,,False,,False,,False,,False,,False,,no Dockerfile and no fallback entry point found
https://github.com/hypergravity/laspec,no_entry,False,0,1,0,,,0,0,0,0,0,False,,False,,False,,False,,False,,False,,Dockerfile(s) found but no Python entry point could be resolved
https://github.com/pro0255/NLP,no_dockerfile,False,0,0,0,,,0,0,0,0,0,False,,False,,False,,False,,False,,False,,no Dockerfile and no fallback entry point found
https://github.com/SmellyArmure/OC_DS_Project7_api_flask,no_dockerfile,False,0,0,0,,,0,0,0,0,0,False,,False,,False,,False,,False,,False,,no Dockerfile and no fallback entry point found
https://github.com/pseeth/experiments,no_entry,False,0,1,0,,,0,0,0,0,0,False,,False,,False,,False,,False,,False,,Dockerfile(s) found but no Python entry point could be resolved
https://github.com/AnaTorresR/DPA-food_inspections,no_dockerfile,False,0,0,0,,,0,0,0,0,0,False,,False,,False,,False,,False,,False,,no Dockerfile and no fallback entry point found
https://github.com/benoitgascou/demo_pycycle,no_dockerfile,False,0,0,0,,,0,0,0,0,0,False,,False,,False,,False,,False,,False,,no Dockerfile and no fallback entry point found
https://github.com/s17472/VRS,no_entry,False,0,5,0,,,0,0,0,0,0,False,,False,,False,,False,,False,,False,,Dockerfile(s) found but no Python entry point could be resolved
https://github.com/SushiFou/ML-Business-Case-Project,no_dockerfile,False,0,0,0,,,0,0,0,0,0,False,,False,,False,,False,,False,,False,,no Dockerfile and no fallback entry point found
https://github.com/Angad99/Springboard,no_dockerfile,False,0,0,0,,,0,0,0,0,0,False,,False,,False,,False,,False,,False,,no Dockerfile and no fallback entry point found
https://github.com/aaronh65/leaderboard-devkit,no_entry,False,0,1,0,,,0,0,0,0,0,False,,False,,False,,False,,False,,False,,Dockerfile(s) found but no Python entry point could be resolved
https://github.com/JHP4911/CRNN_Tensorflow,no_dockerfile,False,0,0,0,,,0,0,0,0,0,False,,False,,False,,False,,False,,False,,no Dockerfile and no fallback entry point found
https://github.com/ebagdasa/backdoored_transformers,no_entry,False,0,7,0,,,0,0,0,0,0,False,,False,,False,,False,,False,,False,,Dockerfile(s) found but no Python entry point could be resolved
https://github.com/ishaanj/NLP,no_dockerfile,False,0,0,0,,,0,0,0,0,0,False,,False,,False,,False,,False,,False,,no Dockerfile and no fallback entry point found
https://github.com/usnistgov/trojai-baseline-pruning,no_dockerfile,False,0,0,0,,,0,0,0,0,0,False,,False,,False,,False,,False,,False,,no Dockerfile and no fallback entry point found
https://github.com/sunghyunjun/kaggle-nfl-impact-detection,ok,False,1,0,1,src\train.py,fallback_nested,1,1,0,0,0,False,,False,,False,,True,src/train.py:105 trainer.fit [matched trainer.fit],False,,False,,"unverified: missing stages: data_acquisition, data_preparation, modeling, evaluation, inference"
https://github.com/Topology1225/benchmark_NN,no_dockerfile,False,0,0,0,,,0,0,0,0,0,False,,False,,False,,False,,False,,False,,no Dockerfile and no fallback entry point found
https://github.com/davidcloudformation/machine-learning-models-cicd,no_entry,False,0,1,0,,,0,0,0,0,0,False,,False,,False,,False,,False,,False,,Dockerfile(s) found but no Python entry point could be resolved
https://github.com/sclark2006/dl-nanodegree-exercises,no_dockerfile,False,0,0,0,,,0,0,0,0,0,False,,False,,False,,False,,False,,False,,no Dockerfile and no fallback entry point found
https://github.com/vananle/MS2SR,ok,False,1,0,1,arima\train.py,fallback_nested,33,291,8,0,0,True,arima/train.py:69 np.load [matched np.load],False,,False,,False,,False,,False,,"unverified: missing stages: data_preparation, modeling, training, evaluation, inference"
https://github.com/eamorgado/Car-Self-driving-Simulator,no_entry,False,0,2,0,,,0,0,0,0,0,False,,False,,False,,False,,False,,False,,Dockerfile(s) found but no Python entry point could be resolved
https://github.com/Anjani100/Lung-Cancer-Using-ML,no_dockerfile,False,0,0,0,,,0,0,0,0,0,False,,False,,False,,False,,False,,False,,no Dockerfile and no fallback entry point found
https://github.com/Soham-coder/Raspberry_pi_edge_ML,no_dockerfile,False,0,0,0,,,0,0,0,0,0,False,,False,,False,,False,,False,,False,,no Dockerfile and no fallback entry point found
https://github.com/RayWilliam46/FineTune-DistilBERT,no_dockerfile,False,0,0,0,,,0,0,0,0,0,False,,False,,False,,False,,False,,False,,no Dockerfile and no fallback entry point found
https://github.com/ka5par/dtw,no_dockerfile,False,0,0,0,,,0,0,0,0,0,False,,False,,False,,False,,False,,False,,no Dockerfile and no fallback entry point found
https://github.com/jlrzarcor/ITAM-dpa2021,no_dockerfile,False,0,0,0,,,0,0,0,0,0,False,,False,,False,,False,,False,,False,,no Dockerfile and no fallback entry point found
https://github.com/decile-team/cords,no_dockerfile,False,0,0,0,,,0,0,0,0,0,False,,False,,False,,False,,False,,False,,no Dockerfile and no fallback entry point found
https://github.com/ThomasMeli/predictions_analyzer,no_dockerfile,False,0,0,0,,,0,0,0,0,0,False,,False,,False,,False,,False,,False,,no Dockerfile and no fallback entry point found
https://github.com/davidebolo1993/TREADMILL,ok,False,0,1,1,TREADMILL\TREADMILL.py,fallback_console_script,4,4,1,0,0,False,,False,,False,,False,,False,,False,,"unverified: missing stages: data_acquisition, data_preparation, modeling, training, evaluation, inference"
https://github.com/tanvig14/Phishy,ok,True,6,0,1,src\train.py,fallback_nested,1,0,0,0,0,True,src/train.py:29 scipy.io.arff.loadarff [matched scipy.io.arff.loadarff],True,src/train.py:43 sklearn.model_selection.train_test_split [matched train_test_split],True,src/train.py:46 sklearn.svm.SVC [matched SVC],True,src/train.py:47 model.fit [matched model.fit],True,src/train.py:53 accuracy_score [matched accuracy_score],True,src/train.py:50 model.predict [matched model.predict],verified: all 6 stages present
https://github.com/EricDarve/me343-cme216-winter-2021,no_dockerfile,False,0,0,0,,,0,0,0,0,0,False,,False,,False,,False,,False,,False,,no Dockerfile and no fallback entry point found
https://github.com/Chipdelmal/MoNeT_DA,no_dockerfile,False,0,0,0,,,0,0,0,0,0,False,,False,,False,,False,,False,,False,,no Dockerfile and no fallback entry point found
https://github.com/enliktjioe/deltax,no_dockerfile,False,0,0,0,,,0,0,0,0,0,False,,False,,False,,False,,False,,False,,no Dockerfile and no fallback entry point found
https://github.com/rwhwebster/S2DS_Ditchley_2020,no_dockerfile,False,0,0,0,,,0,0,0,0,0,False,,False,,False,,False,,False,,False,,no Dockerfile and no fallback entry point found
https://github.com/ningyu1991/InclusiveGAN,no_dockerfile,False,0,0,0,,,0,0,0,0,0,False,,False,,False,,False,,False,,False,,no Dockerfile and no fallback entry point found
https://github.com/aakarshika/wikiart-vision,no_dockerfile,False,0,0,0,,,0,0,0,0,0,False,,False,,False,,False,,False,,False,,no Dockerfile and no fallback entry point found
https://github.com/ZeroWangZY/DL-VIS,no_entry,False,0,4,0,,,0,0,0,0,0,False,,False,,False,,False,,False,,False,,Dockerfile(s) found but no Python entry point could be resolved
https://github.com/tvquynh/python-sandbox,no_dockerfile,False,0,0,0,,,0,0,0,0,0,False,,False,,False,,False,,False,,False,,no Dockerfile and no fallback entry point found
https://github.com/YYYasin19/kit-machine-learning,no_dockerfile,False,0,0,0,,,0,0,0,0,0,False,,False,,False,,False,,False,,False,,no Dockerfile and no fallback entry point found
https://github.com/iglaweb/HippoYD,no_dockerfile,False,0,0,0,,,0,0,0,0,0,False,,False,,False,,False,,False,,False,,no Dockerfile and no fallback entry point found
https://github.com/Gierko/552data_challenges,no_entry,False,0,1,0,,,0,0,0,0,0,False,,False,,False,,False,,False,,False,,Dockerfile(s) found but no Python entry point could be resolved
https://github.com/sbi-benchmark/sbibm,no_dockerfile,False,0,0,0,,,0,0,0,0,0,False,,False,,False,,False,,False,,False,,no Dockerfile and no fallback entry point found
https://github.com/jonah-dev/lfd2-bot,no_dockerfile,False,0,0,0,,,0,0,0,0,0,False,,False,,False,,False,,False,,False,,no Dockerfile and no fallback entry point found
https://github.com/pietrobarbiero/logic_explained_networks,no_dockerfile,False,0,0,0,,,0,0,0,0,0,False,,False,,False,,False,,False,,False,,no Dockerfile and no fallback entry point found
https://github.com/trane293/brats2017-proj,no_dockerfile,False,0,0,0,,,0,0,0,0,0,False,,False,,False,,False,,False,,False,,no Dockerfile and no fallback entry point found
https://github.com/nikamanthab/Federated_Pneumonia,no_dockerfile,False,0,0,0,,,0,0,0,0,0,False,,False,,False,,False,,False,,False,,no Dockerfile and no fallback entry point found
https://github.com/thinhntr/ai_from_scratch,no_dockerfile,False,0,0,0,,,0,0,0,0,0,False,,False,,False,,False,,False,,False,,no Dockerfile and no fallback entry point found
https://github.com/huawei-noah/noah-research,no_dockerfile,False,0,0,0,,,0,0,0,0,0,False,,False,,False,,False,,False,,False,,no Dockerfile and no fallback entry point found
https://github.com/adip99/courser1,no_entry,False,0,57,0,,,0,0,0,0,0,False,,False,,False,,False,,False,,False,,Dockerfile(s) found but no Python entry point could be resolved
https://github.com/tt-dspt-200/best-buds,ok,False,1,0,1,app\main.py,fallback_nested,2,0,1,0,0,False,,False,,False,,False,,False,,True,app/main.py:13 fastapi.FastAPI [matched FastAPI],"unverified: missing stages: data_acquisition, data_preparation, modeling, training, evaluation"
https://github.com/wanweiwei07/wrs,ok,False,1,0,1,0000_ripps\main.py,fallback_nested,79,923,8,0,0,True,wrs/basis/data_adapter.py:417 wrs.basis.trimesh.load [matched trimesh.load],False,,False,,False,,False,,False,,"unverified: missing stages: data_preparation, modeling, training, evaluation, inference"
https://github.com/Casper-Smet/Distributed-Processing,no_dockerfile,False,0,0,0,,,0,0,0,0,0,False,,False,,False,,False,,False,,False,,no Dockerfile and no fallback entry point found
https://github.com/adpartin/pdx-histo,no_entry,False,0,1,0,,,0,0,0,0,0,False,,False,,False,,False,,False,,False,,Dockerfile(s) found but no Python entry point could be resolved
https://github.com/eddieczc/Image-Processing-via-deep-learning,no_dockerfile,False,0,0,0,,,0,0,0,0,0,False,,False,,False,,False,,False,,False,,no Dockerfile and no fallback entry point found
https://github.com/Christoph9402/DLND,no_dockerfile,False,0,0,0,,,0,0,0,0,0,False,,False,,False,,False,,False,,False,,no Dockerfile and no fallback entry point found
https://github.com/microsoft/glue,no_dockerfile,False,0,0,0,,,0,0,0,0,0,False,,False,,False,,False,,False,,False,,no Dockerfile and no fallback entry point found
https://github.com/ktonal/mimikit,ok,False,0,0,1,mimikit\extract\segment.py,fallback_console_script,1,10,0,0,0,False,,False,,False,,False,,False,,False,,"unverified: missing stages: data_acquisition, data_preparation, modeling, training, evaluation, inference"
https://github.com/liuxiaoan8008/sklearn-plus,no_dockerfile,False,0,0,0,,,0,0,0,0,0,False,,False,,False,,False,,False,,False,,no Dockerfile and no fallback entry point found
https://github.com/BusinessJoe/JungleDiff,no_dockerfile,False,0,0,0,,,0,0,0,0,0,False,,False,,False,,False,,False,,False,,no Dockerfile and no fallback entry point found
https://github.com/MustafaKhan670093/Hand-Gesture-Recognition-Research-UTMIST,no_dockerfile,False,0,0,0,,,0,0,0,0,0,False,,False,,False,,False,,False,,False,,no Dockerfile and no fallback entry point found
https://github.com/Code-with-ease/Smart-Talent-Resume-Ranker,no_dockerfile,False,0,0,0,,,0,0,0,0,0,False,,False,,False,,False,,False,,False,,no Dockerfile and no fallback entry point found
https://github.com/Exzotick/MLAlgo,no_entry,False,0,1,0,,,0,0,0,0,0,False,,False,,False,,False,,False,,False,,Dockerfile(s) found but no Python entry point could be resolved
https://github.com/discort/chord-recognition,ok,False,2,0,1,chord_recognition\train.py,fallback_nested,1,6,0,0,0,False,,False,,False,,True,chord_recognition/train.py:85 self.optimizer.zero_grad [matched optimizer.zero_grad],False,,True,chord_recognition/train.py:55 self.model.eval [matched model.eval],"unverified: missing stages: data_acquisition, data_preparation, modeling, evaluation"
https://github.com/Plavit/cs50ai,no_dockerfile,False,0,0,0,,,0,0,0,0,0,False,,False,,False,,False,,False,,False,,no Dockerfile and no fallback entry point found
https://github.com/Qiskit/qiskit-terra,no_entry,False,0,1,0,,,0,0,0,0,0,False,,False,,False,,False,,False,,False,,Dockerfile(s) found but no Python entry point could be resolved
https://github.com/ed-chin-git/Utils_edchin,no_dockerfile,False,0,0,0,,,0,0,0,0,0,False,,False,,False,,False,,False,,False,,no Dockerfile and no fallback entry point found
https://github.com/miDoeberl/global_laptime_optimization,no_dockerfile,False,0,0,0,,,0,0,0,0,0,False,,False,,False,,False,,False,,False,,no Dockerfile and no fallback entry point found
https://github.com/LSEDev/DeepfakeDetection,no_dockerfile,False,0,0,0,,,0,0,0,0,0,False,,False,,False,,False,,False,,False,,no Dockerfile and no fallback entry point found
https://github.com/AnsariZahoor/LetsUpgrade-AI-ML,no_dockerfile,False,0,0,0,,,0,0,0,0,0,False,,False,,False,,False,,False,,False,,no Dockerfile and no fallback entry point found
https://github.com/amarhod/cinema-recommender-flask,ok,False,0,0,1,src\main.py,fallback_nested,1,4,0,0,0,False,,False,,False,,False,,False,,False,,"unverified: missing stages: data_acquisition, data_preparation, modeling, training, evaluation, inference"
https://github.com/Relph1119/my-team-learning,no_dockerfile,False,0,0,0,,,0,0,0,0,0,False,,False,,False,,False,,False,,False,,no Dockerfile and no fallback entry point found
https://github.com/nhoelzl/object_localisation,no_dockerfile,False,0,0,0,,,0,0,0,0,0,False,,False,,False,,False,,False,,False,,no Dockerfile and no fallback entry point found
https://github.com/linklab-uva/deepracing,no_dockerfile,False,0,0,0,,,0,0,0,0,0,False,,False,,False,,False,,False,,False,,no Dockerfile and no fallback entry point found
https://github.com/aissammouche/bitextor,no_dockerfile,False,0,0,0,,,0,0,0,0,0,False,,False,,False,,False,,False,,False,,no Dockerfile and no fallback entry point found
https://github.com/rdassi/Gov-Tech-Hackathon,no_dockerfile,False,0,0,0,,,0,0,0,0,0,False,,False,,False,,False,,False,,False,,no Dockerfile and no fallback entry point found
https://github.com/Leonardomav/RP-Project,no_dockerfile,False,0,0,0,,,0,0,0,0,0,False,,False,,False,,False,,False,,False,,no Dockerfile and no fallback entry point found
https://github.com/Nakujh/LetsUpgrade-AI-ML,no_dockerfile,False,0,0,0,,,0,0,0,0,0,False,,False,,False,,False,,False,,False,,no Dockerfile and no fallback entry point found
https://github.com/alicia-tsai/extract-sum,ok,False,0,0,1,src\main.py,fallback_nested,1,2,0,0,0,False,,False,,False,,False,,False,,False,,"unverified: missing stages: data_acquisition, data_preparation, modeling, training, evaluation, inference"
https://github.com/EvgeniiMunin/made-ml-hw4,no_dockerfile,False,0,0,0,,,0,0,0,0,0,False,,False,,False,,False,,False,,False,,no Dockerfile and no fallback entry point found
https://github.com/CanBerker/NLU-P2,ok,False,0,0,1,src\main.py,fallback_nested,1,0,0,0,0,False,,False,,False,,False,,False,,False,,"unverified: missing stages: data_acquisition, data_preparation, modeling, training, evaluation, inference"
https://github.com/Mayakshanesht/Machine_learning,no_dockerfile,False,0,0,0,,,0,0,0,0,0,False,,False,,False,,False,,False,,False,,no Dockerfile and no fallback entry point found
https://github.com/mysteryyy/pythonbackup,ok,False,0,0,1,stresses\__main__.py,fallback_nested,5,0,2,2,0,False,,False,,False,,False,,False,,False,,"unverified: missing stages: data_acquisition, data_preparation, modeling, training, evaluation, inference"
https://github.com/Huang-W/google-local-reviews,no_dockerfile,False,0,0,0,,,0,0,0,0,0,False,,False,,False,,False,,False,,False,,no Dockerfile and no fallback entry point found
https://github.com/mzgubic/fair-hmumu,no_dockerfile,False,0,0,0,,,0,0,0,0,0,False,,False,,False,,False,,False,,False,,no Dockerfile and no fallback entry point found
https://github.com/xdjiangkai/LREN,no_dockerfile,False,0,0,0,,,0,0,0,0,0,False,,False,,False,,False,,False,,False,,no Dockerfile and no fallback entry point found
https://github.com/cmy96/fyp,no_dockerfile,False,0,0,0,,,0,0,0,0,0,False,,False,,False,,False,,False,,False,,no Dockerfile and no fallback entry point found
https://github.com/ktolstikhin/faceid,no_dockerfile,False,0,0,0,,,0,0,0,0,0,False,,False,,False,,False,,False,,False,,no Dockerfile and no fallback entry point found
https://github.com/DataCanvasIO/Cooka,ok,False,2,1,1,cooka\cli.py,fallback_console_script,23,159,4,0,0,True,cooka/dao/db.py:5 sqlalchemy.create_engine [matched sqlalchemy.create_engine],False,,True,cooka/dao/entity.py:104 cooka.common.model.Model [matched Model],False,,False,,False,,"unverified: missing stages: data_preparation, training, evaluation, inference"
https://github.com/chloemd/DAT-1019-Chloe,no_dockerfile,False,0,0,0,,,0,0,0,0,0,False,,False,,False,,False,,False,,False,,no Dockerfile and no fallback entry point found
https://github.com/emily-yu/league-player-classifier,no_dockerfile,False,0,0,0,,,0,0,0,0,0,False,,False,,False,,False,,False,,False,,no Dockerfile and no fallback entry point found
https://github.com/dxcv/TradingAlgo,no_entry,False,0,1,0,,,0,0,0,0,0,False,,False,,False,,False,,False,,False,,Dockerfile(s) found but no Python entry point could be resolved
https://github.com/stephenkraemer/bistro,no_dockerfile,False,0,0,0,,,0,0,0,0,0,False,,False,,False,,False,,False,,False,,no Dockerfile and no fallback entry point found
https://github.com/HamoyeHQ/g05-used-cars,no_entry,False,0,2,0,,,0,0,0,0,0,False,,False,,False,,False,,False,,False,,Dockerfile(s) found but no Python entry point could be resolved
https://github.com/EtienneLardeur/Streamlit_App,no_dockerfile,False,0,0,0,,,0,0,0,0,0,False,,False,,False,,False,,False,,False,,no Dockerfile and no fallback entry point found
https://github.com/nick-fournier/hov-degradation,ok,False,5,0,1,hov_degradation\__main__.py,fallback_nested,6,49,1,0,0,True,hov_degradation/__main__.py:35 pd.read_csv [matched pd.read_csv],True,hov_degradation/preprocess/data_preprocess.py:97 pd.to_datetime [matched pd.to_datetime],False,,True,hov_degradation/analysis/train.py:133 sklearn.model_selection.GridSearchCV [matched GridSearchCV],True,hov_degradation/analysis/train.py:190 sklearn.metrics.confusion_matrix [matched confusion_matrix],True,hov_degradation/analysis/train.py:190 clf.predict [matched clf.predict],unverified: missing stages: modeling
https://github.com/tmlrnc/axn_ml_1,ok,False,1,1,1,scripts\app.py,fallback_nested,1,1,0,0,0,False,,False,,False,,False,,False,,True,scripts/app.py:4 flask.Flask [matched Flask],"unverified: missing stages: data_acquisition, data_preparation, modeling, training, evaluation"
https://github.com/sukh1222/cts_2018_baseline,no_dockerfile,False,0,0,0,,,0,0,0,0,0,False,,False,,False,,False,,False,,False,,no Dockerfile and no fallback entry point found
https://github.com/rick0000/mjaigymml,no_entry,False,0,1,0,,,0,0,0,0,0,False,,False,,False,,False,,False,,False,,Dockerfile(s) found but no Python entry point could be resolved
https://github.com/surajkmrsk/DSC,no_dockerfile,False,0,0,0,,,0,0,0,0,0,False,,False,,False,,False,,False,,False,,no Dockerfile and no fallback entry point found
https://github.com/EduardoRomero83/CADM,no_dockerfile,False,0,0,0,,,0,0,0,0,0,False,,False,,False,,False,,False,,False,,no Dockerfile and no fallback entry point found
https://github.com/IBM/open-prediction-service-hub,no_entry,False,0,5,3,,dockerfile,0,0,0,0,0,False,,False,,False,,False,,False,,False,,no resolved entry point yielded a usable call graph
https://github.com/Lazzer64/COMP-195,no_dockerfile,False,0,0,0,,,0,0,0,0,0,False,,False,,False,,False,,False,,False,,no Dockerfile and no fallback entry point found
https://github.com/kozodoi/DMC_2019,no_dockerfile,False,0,0,0,,,0,0,0,0,0,False,,False,,False,,False,,False,,False,,no Dockerfile and no fallback entry point found
https://github.com/Amustache/ML-2020,ok,False,0,0,1,project1\run.py,fallback_nested,1,1,0,0,0,False,,False,,False,,False,,False,,False,,"unverified: missing stages: data_acquisition, data_preparation, modeling, training, evaluation, inference"
https://github.com/vanitapandit/Algorthmic-Digital-Marketing,no_dockerfile,False,0,0,0,,,0,0,0,0,0,False,,False,,False,,False,,False,,False,,no Dockerfile and no fallback entry point found
https://github.com/YounesB-McGill/ECSE611-Replication,no_dockerfile,False,0,0,0,,,0,0,0,0,0,False,,False,,False,,False,,False,,False,,no Dockerfile and no fallback entry point found
https://github.com/dnewton090/covid19-diagnostics,no_dockerfile,False,0,0,0,,,0,0,0,0,0,False,,False,,False,,False,,False,,False,,no Dockerfile and no fallback entry point found
https://github.com/hnolCol/ComplexFinder,ok,False,4,0,1,src\main.py,fallback_nested,1,40,0,0,0,True,src/main.py:573 pd.read_csv [matched pd.read_csv],True,src/main.py:1254 pd.concat [matched pd.concat],False,,False,,True,src/main.py:1296 sklearn.metrics.classification_report [matched classification_report],True,src/main.py:2394 model.predict [matched model.predict],"unverified: missing stages: modeling, training"
https://github.com/kmherman/BioME,no_dockerfile,False,0,0,0,,,0,0,0,0,0,False,,False,,False,,False,,False,,False,,no Dockerfile and no fallback entry point found
https://github.com/HamoyeHQ/g04-brazillian-commerce,no_dockerfile,False,0,0,0,,,0,0,0,0,0,False,,False,,False,,False,,False,,False,,no Dockerfile and no fallback entry point found
https://github.com/BloomTech-Labs/deprecated-labs31-family-promise-spokane-ds-a,ok,False,1,1,1,app\main.py,fallback_nested,2,0,1,0,0,False,,False,,False,,False,,False,,True,app/main.py:21 fastapi.FastAPI [matched FastAPI],"unverified: missing stages: data_acquisition, data_preparation, modeling, training, evaluation"
https://github.com/Kenyon2934/deep-learning-v2-pytorch,no_dockerfile,False,0,0,0,,,0,0,0,0,0,False,,False,,False,,False,,False,,False,,no Dockerfile and no fallback entry point found
https://github.com/tecoKIT/smart-data-analytics,no_dockerfile,False,0,0,0,,,0,0,0,0,0,False,,False,,False,,False,,False,,False,,no Dockerfile and no fallback entry point found
https://github.com/The-Mightiest-KimPark/Cloud_DRF,no_dockerfile,False,0,0,0,,,0,0,0,0,0,False,,False,,False,,False,,False,,False,,no Dockerfile and no fallback entry point found
https://github.com/liliaellouz/biography-generation,no_dockerfile,False,0,0,0,,,0,0,0,0,0,False,,False,,False,,False,,False,,False,,no Dockerfile and no fallback entry point found
https://github.com/dat181197/Big_Data_AQI_Estimation,no_dockerfile,False,0,0,0,,,0,0,0,0,0,False,,False,,False,,False,,False,,False,,no Dockerfile and no fallback entry point found
https://github.com/AhmedYounes94/Camel_tools,no_dockerfile,False,0,0,0,,,0,0,0,0,0,False,,False,,False,,False,,False,,False,,no Dockerfile and no fallback entry point found
https://github.com/FelSiq/meta-reinforcement-learning,no_dockerfile,False,0,0,0,,,0,0,0,0,0,False,,False,,False,,False,,False,,False,,no Dockerfile and no fallback entry point found
https://github.com/nikadilli/Ilaps,no_dockerfile,False,0,0,0,,,0,0,0,0,0,False,,False,,False,,False,,False,,False,,no Dockerfile and no fallback entry point found
https://github.com/Agrover112/Graduate_Admissions_Prediction,no_dockerfile,False,0,0,0,,,0,0,0,0,0,False,,False,,False,,False,,False,,False,,no Dockerfile and no fallback entry point found
https://github.com/Trade-Us/predict-stockprice-tradingbot,no_dockerfile,False,0,0,0,,,0,0,0,0,0,False,,False,,False,,False,,False,,False,,no Dockerfile and no fallback entry point found
https://github.com/sohjunjie/FYP-selfaware-nao,no_dockerfile,False,0,0,0,,,0,0,0,0,0,False,,False,,False,,False,,False,,False,,no Dockerfile and no fallback entry point found
https://github.com/kedro-org/kedro-starters,no_entry,False,0,1,0,,,0,0,0,0,0,False,,False,,False,,False,,False,,False,,Dockerfile(s) found but no Python entry point could be resolved
https://github.com/tomwerner5/tsdst,no_dockerfile,False,0,0,0,,,0,0,0,0,0,False,,False,,False,,False,,False,,False,,no Dockerfile and no fallback entry point found
https://github.com/ynorov/fw-explorer,no_dockerfile,False,0,0,0,,,0,0,0,0,0,False,,False,,False,,False,,False,,False,,no Dockerfile and no fallback entry point found
https://github.com/rwydaeghe/circuit-reconstruction-ML,ok,False,4,0,1,circuitgen\train.py,fallback_nested,2,4,1,0,0,False,,True,circuitgen/train.py:122 sklearn.model_selection.KFold [matched KFold],False,,True,circuitgen/train.py:33 model.fit [matched model.fit],True,circuitgen/train.py:145 model.evaluate [matched model.evaluate],True,circuitgen/train.py:96 model.predict [matched model.predict],"unverified: missing stages: data_acquisition, modeling"
https://github.com/carla-recourse/CARLA,no_dockerfile,False,0,0,0,,,0,0,0,0,0,False,,False,,False,,False,,False,,False,,no Dockerfile and no fallback entry point found
https://github.com/konodyuk/minikts,ok,False,0,0,1,minikts\main.py,fallback_nested,2,4,1,0,0,False,,False,,False,,False,,False,,False,,"unverified: missing stages: data_acquisition, data_preparation, modeling, training, evaluation, inference"
https://github.com/awslabs/mlmax,no_entry,False,0,2,0,,,0,0,0,0,0,False,,False,,False,,False,,False,,False,,Dockerfile(s) found but no Python entry point could be resolved
https://github.com/opent03/modified_mnist_classification,no_dockerfile,False,0,0,0,,,0,0,0,0,0,False,,False,,False,,False,,False,,False,,no Dockerfile and no fallback entry point found
https://github.com/swondim24/RealEstateAVM,no_dockerfile,False,0,0,0,,,0,0,0,0,0,False,,False,,False,,False,,False,,False,,no Dockerfile and no fallback entry point found
https://github.com/LXZE/DL_SA,no_entry,False,0,1,0,,,0,0,0,0,0,False,,False,,False,,False,,False,,False,,Dockerfile(s) found but no Python entry point could be resolved
https://github.com/Henryhall97/GreenMoodTrackR,no_dockerfile,False,0,0,0,,,0,0,0,0,0,False,,False,,False,,False,,False,,False,,no Dockerfile and no fallback entry point found
https://github.com/JoseAAManzano/polychar,ok,False,3,0,1,src\train.py,fallback_nested,1,0,0,0,0,True,src/train.py:45 pd.read_csv [matched pd.read_csv],False,,False,,True,src/train.py:89 optimizer.zero_grad [matched optimizer.zero_grad],False,,True,src/train.py:122 model.eval [matched model.eval],"unverified: missing stages: data_preparation, modeling, evaluation"
https://github.com/ruifgmonteiro/pilldex,no_dockerfile,False,0,0,0,,,0,0,0,0,0,False,,False,,False,,False,,False,,False,,no Dockerfile and no fallback entry point found
https://github.com/leej3/pbrain,ok,False,2,1,1,pbrain\train.py,fallback_nested,3,25,1,0,0,True,pbrain/util.py:20 pd.read_csv [matched pd.read_csv],False,,True,pbrain/models/vae3d.py:53 tf.keras.layers.Lambda [matched tf.keras.layers.*],False,,False,,False,,"unverified: missing stages: data_preparation, training, evaluation, inference"
https://github.com/pyf98/Traffic-Accident-Detection,no_dockerfile,False,0,0,0,,,0,0,0,0,0,False,,False,,False,,False,,False,,False,,no Dockerfile and no fallback entry point found
https://github.com/kingcheng2000/deepmind-research,no_dockerfile,False,0,0,0,,,0,0,0,0,0,False,,False,,False,,False,,False,,False,,no Dockerfile and no fallback entry point found
https://github.com/DanyOrtu97/Drowsiness-detection,no_dockerfile,False,0,0,0,,,0,0,0,0,0,False,,False,,False,,False,,False,,False,,no Dockerfile and no fallback entry point found
https://github.com/wvuvl/GPND,no_dockerfile,False,0,0,0,,,0,0,0,0,0,False,,False,,False,,False,,False,,False,,no Dockerfile and no fallback entry point found
https://github.com/tiff-wang/TechX-homework-solutions,no_dockerfile,False,0,0,0,,,0,0,0,0,0,False,,False,,False,,False,,False,,False,,no Dockerfile and no fallback entry point found
https://github.com/Kethan02/TriDev-Discord-Bot,no_dockerfile,False,0,0,0,,,0,0,0,0,0,False,,False,,False,,False,,False,,False,,no Dockerfile and no fallback entry point found
https://github.com/mlinderm/npsv,no_entry,False,0,1,0,,,0,0,0,0,0,False,,False,,False,,False,,False,,False,,Dockerfile(s) found but no Python entry point could be resolved
https://github.com/kingreatwill/penter,no_entry,False,0,2,0,,,0,0,0,0,0,False,,False,,False,,False,,False,,False,,Dockerfile(s) found but no Python entry point could be resolved
https://github.com/apoorvagnihotri/mlpy,no_dockerfile,False,0,0,0,,,0,0,0,0,0,False,,False,,False,,False,,False,,False,,no Dockerfile and no fallback entry point found
https://github.com/kiloplatoon/trending_neighborhood_backend,no_dockerfile,False,0,0,0,,,0,0,0,0,0,False,,False,,False,,False,,False,,False,,no Dockerfile and no fallback entry point found
https://github.com/btseytlin/kaggle_cassava,no_dockerfile,False,0,0,0,,,0,0,0,0,0,False,,False,,False,,False,,False,,False,,no Dockerfile and no fallback entry point found
https://github.com/AFAgarap/ag-news-ae-clustering,ok,False,5,0,1,src\app.py,fallback_nested,4,26,1,0,0,True,ae_clustering/utils.py:163 torch.utils.data.DataLoader [matched DataLoader],False,,True,ae_clustering/models.py:0 class Autoencoder [matched <class subclasses model base>],True,ae_clustering/models.py:172 model.optimizer.zero_grad [matched optimizer.zero_grad],True,ae_clustering/models.py:341 sklearn.metrics.adjusted_rand_score [matched adjusted_rand_score],True,src/app.py:38 fastapi.FastAPI [matched FastAPI],unverified: missing stages: data_preparation
https://github.com/aiqc/AIQC,no_entry,False,0,1,0,,,0,0,0,0,0,False,,False,,False,,False,,False,,False,,Dockerfile(s) found but no Python entry point could be resolved
https://github.com/laurelwoods0102/tensorflow-page-fault-prediction,no_dockerfile,False,0,0,0,,,0,0,0,0,0,False,,False,,False,,False,,False,,False,,no Dockerfile and no fallback entry point found
https://github.com/QB3/sparse-ho-qbe,no_dockerfile,False,0,0,0,,,0,0,0,0,0,False,,False,,False,,False,,False,,False,,no Dockerfile and no fallback entry point found
https://github.com/heytitle/Syllable-based-Neural-Thai-Word-Segmentation,ok,False,3,0,1,scripts\train.py,fallback_nested,4,9,2,0,0,True,scripts/train.py:165 torch.utils.data.DataLoader [matched DataLoader],False,,False,,True,scripts/train.py:53 attacut.loss.backward [matched loss.backward],False,,True,scripts/train.py:216 torch.no_grad [matched torch.no_grad],"unverified: missing stages: data_preparation, modeling, evaluation"
https://github.com/icesonata/DDoSDN,no_dockerfile,False,0,0,0,,,0,0,0,0,0,False,,False,,False,,False,,False,,False,,no Dockerfile and no fallback entry point found
https://github.com/hedeencharles/ML_predicting_insurance_cost,no_dockerfile,False,0,0,0,,,0,0,0,0,0,False,,False,,False,,False,,False,,False,,no Dockerfile and no fallback entry point found
https://github.com/archStant/Bachelor19,no_dockerfile,False,0,0,0,,,0,0,0,0,0,False,,False,,False,,False,,False,,False,,no Dockerfile and no fallback entry point found
https://github.com/Sachin-D-N/Amazon_Food_Reviews,no_dockerfile,False,0,0,0,,,0,0,0,0,0,False,,False,,False,,False,,False,,False,,no Dockerfile and no fallback entry point found
https://github.com/ckoval7/df-aggregator,no_dockerfile,False,0,0,0,,,0,0,0,0,0,False,,False,,False,,False,,False,,False,,no Dockerfile and no fallback entry point found
https://github.com/asilvaigor/cc-rl,no_dockerfile,False,0,0,0,,,0,0,0,0,0,False,,False,,False,,False,,False,,False,,no Dockerfile and no fallback entry point found
https://github.com/jackmleitch/Whatscooking-,ok,False,1,1,1,src\app.py,fallback_nested,2,2,1,0,0,False,,False,,False,,False,,False,,True,src/app.py:10 flask.Flask [matched Flask],"unverified: missing stages: data_acquisition, data_preparation, modeling, training, evaluation"
https://github.com/SinaSarparast/CPFSO,no_dockerfile,False,0,0,0,,,0,0,0,0,0,False,,False,,False,,False,,False,,False,,no Dockerfile and no fallback entry point found
https://github.com/konumaru/pycalf,no_dockerfile,False,0,0,0,,,0,0,0,0,0,False,,False,,False,,False,,False,,False,,no Dockerfile and no fallback entry point found
https://github.com/amogh7joshi/engagement-detection,no_dockerfile,False,0,0,0,,,0,0,0,0,0,False,,False,,False,,False,,False,,False,,no Dockerfile and no fallback entry point found
https://github.com/yeomju311/GRIN,no_entry,False,0,3,0,,,0,0,0,0,0,False,,False,,False,,False,,False,,False,,Dockerfile(s) found but no Python entry point could be resolved
https://github.com/wayneczw/cz4042,no_dockerfile,False,0,0,0,,,0,0,0,0,0,False,,False,,False,,False,,False,,False,,no Dockerfile and no fallback entry point found
https://github.com/candiesforlife/minority_report,no_dockerfile,False,0,0,0,,,0,0,0,0,0,False,,False,,False,,False,,False,,False,,no Dockerfile and no fallback entry point found
https://github.com/AutoViML/featurewiz,no_dockerfile,False,0,0,0,,,0,0,0,0,0,False,,False,,False,,False,,False,,False,,no Dockerfile and no fallback entry point found
https://github.com/easy-graph/Easy-Graph,no_dockerfile,False,0,0,0,,,0,0,0,0,0,False,,False,,False,,False,,False,,False,,no Dockerfile and no fallback entry point found
https://github.com/ellemcfarlane/randomforestbtc,no_dockerfile,False,0,0,0,,,0,0,0,0,0,False,,False,,False,,False,,False,,False,,no Dockerfile and no fallback entry point found
https://github.com/tiagofrepereira2012/snakemaking,no_dockerfile,False,0,0,0,,,0,0,0,0,0,False,,False,,False,,False,,False,,False,,no Dockerfile and no fallback entry point found
https://github.com/danielfrg/storm-sklearn,no_dockerfile,False,0,0,0,,,0,0,0,0,0,False,,False,,False,,False,,False,,False,,no Dockerfile and no fallback entry point found
https://github.com/ThomasBury/arfs,no_dockerfile,False,0,0,0,,,0,0,0,0,0,False,,False,,False,,False,,False,,False,,no Dockerfile and no fallback entry point found
https://github.com/jaketae/deep-malware-detection,no_dockerfile,False,0,0,0,,,0,0,0,0,0,False,,False,,False,,False,,False,,False,,no Dockerfile and no fallback entry point found
https://github.com/GrennanM/ML1819--task-107--team-11,no_dockerfile,False,0,0,0,,,0,0,0,0,0,False,,False,,False,,False,,False,,False,,no Dockerfile and no fallback entry point found
https://github.com/cshimmin/jet-adv,no_dockerfile,False,0,0,0,,,0,0,0,0,0,False,,False,,False,,False,,False,,False,,no Dockerfile and no fallback entry point found
https://github.com/ezrafollower/pyrobot,no_entry,False,0,4,0,,,0,0,0,0,0,False,,False,,False,,False,,False,,False,,Dockerfile(s) found but no Python entry point could be resolved
https://github.com/quic/sense,no_dockerfile,False,0,0,0,,,0,0,0,0,0,False,,False,,False,,False,,False,,False,,no Dockerfile and no fallback entry point found
https://github.com/analokmaus/kuma_utils,no_dockerfile,False,0,0,0,,,0,0,0,0,0,False,,False,,False,,False,,False,,False,,no Dockerfile and no fallback entry point found
https://github.com/zkan/python-for-data-scientists,no_dockerfile,False,0,0,0,,,0,0,0,0,0,False,,False,,False,,False,,False,,False,,no Dockerfile and no fallback entry point found
https://github.com/SINGROUP/matid,no_dockerfile,False,0,0,0,,,0,0,0,0,0,False,,False,,False,,False,,False,,False,,no Dockerfile and no fallback entry point found
https://github.com/caroacostatovany/accidentes-viales-CDMX,no_dockerfile,False,0,0,0,,,0,0,0,0,0,False,,False,,False,,False,,False,,False,,no Dockerfile and no fallback entry point found
https://github.com/sedab/fitai_controller,ok,False,0,0,1,processing\__main__.py,fallback_nested,1,0,0,1,0,False,,False,,False,,False,,False,,False,,"unverified: missing stages: data_acquisition, data_preparation, modeling, training, evaluation, inference"
https://github.com/gully/ynot,no_dockerfile,False,0,0,0,,,0,0,0,0,0,False,,False,,False,,False,,False,,False,,no Dockerfile and no fallback entry point found
https://github.com/LibrePhotos/librephotos,no_entry,False,0,8,0,,,0,0,0,0,0,False,,False,,False,,False,,False,,False,,Dockerfile(s) found but no Python entry point could be resolved
https://github.com/KumundzhievMaxim/CS2020-OST-SM,no_entry,False,0,4,0,,,0,0,0,0,0,False,,False,,False,,False,,False,,False,,Dockerfile(s) found but no Python entry point could be resolved
https://github.com/stigaro/TDT4173-Project,no_dockerfile,False,0,0,0,,,0,0,0,0,0,False,,False,,False,,False,,False,,False,,no Dockerfile and no fallback entry point found
https://github.com/simone-porcu/DT2119-Final-Project,ok,False,4,0,1,scripts\train.py,fallback_nested,11,31,4,0,0,False,,True,dualstudent/preprocess/_speech.py:94 sklearn.preprocessing.StandardScaler [matched StandardScaler],True,dualstudent/models/_dual_student.py:0 class DualStudent [matched <class subclasses model base>],True,dualstudent/models/_dual_student.py:329 tf.GradientTape [matched tf.GradientTape],True,dualstudent/models/_dual_student.py:91 tf.keras.metrics.Mean [matched tf.keras.metrics.*],False,,"unverified: missing stages: data_acquisition, inference"
https://github.com/phizaz/pytorch-trainer,no_dockerfile,False,0,0,0,,,0,0,0,0,0,False,,False,,False,,False,,False,,False,,no Dockerfile and no fallback entry point found
https://github.com/UCL-RITS/vetii,no_dockerfile,False,0,0,0,,,0,0,0,0,0,False,,False,,False,,False,,False,,False,,no Dockerfile and no fallback entry point found
https://github.com/JonasReubelt/PeeEmTee,no_dockerfile,False,0,0,0,,,0,0,0,0,0,False,,False,,False,,False,,False,,False,,no Dockerfile and no fallback entry point found
https://github.com/gaurav172/Hydro_project,no_dockerfile,False,0,0,0,,,0,0,0,0,0,False,,False,,False,,False,,False,,False,,no Dockerfile and no fallback entry point found
https://github.com/bguedj/pyrotor,no_dockerfile,False,0,0,0,,,0,0,0,0,0,False,,False,,False,,False,,False,,False,,no Dockerfile and no fallback entry point found
https://github.com/jacob-prince/RotspaceIT,no_dockerfile,False,0,0,0,,,0,0,0,0,0,False,,False,,False,,False,,False,,False,,no Dockerfile and no fallback entry point found
https://github.com/felix-last/imbalanced-tools,no_dockerfile,False,0,0,0,,,0,0,0,0,0,False,,False,,False,,False,,False,,False,,no Dockerfile and no fallback entry point found
https://github.com/mdipietro09/App_StockForecaster,no_dockerfile,False,0,0,0,,,0,0,0,0,0,False,,False,,False,,False,,False,,False,,no Dockerfile and no fallback entry point found
https://github.com/VictorNS69/reconocimiento-de-formas,no_dockerfile,False,0,0,0,,,0,0,0,0,0,False,,False,,False,,False,,False,,False,,no Dockerfile and no fallback entry point found
https://github.com/ParkJH1/DataMining,no_dockerfile,False,0,0,0,,,0,0,0,0,0,False,,False,,False,,False,,False,,False,,no Dockerfile and no fallback entry point found
https://github.com/phisad/keras-wildlife,ok,False,1,0,1,wildlife\scripts\prepare_images_with_config.py,fallback_console_script,15,77,2,0,0,True,wildlife/dataset/images/__init__.py:22 PIL.Image.open [matched Image.open],False,,False,,False,,False,,False,,"unverified: missing stages: data_preparation, modeling, training, evaluation, inference"
https://github.com/liyongqingupc/MCAN-OilSpillDetection,no_dockerfile,False,0,0,0,,,0,0,0,0,0,False,,False,,False,,False,,False,,False,,no Dockerfile and no fallback entry point found
https://github.com/the-deep/DEEPL,no_entry,False,0,2,0,,,0,0,0,0,0,False,,False,,False,,False,,False,,False,,Dockerfile(s) found but no Python entry point could be resolved
https://github.com/bioidiap/bob.bio.face,no_dockerfile,False,0,0,0,,,0,0,0,0,0,False,,False,,False,,False,,False,,False,,no Dockerfile and no fallback entry point found
https://github.com/petartonchev/weast,no_entry,False,0,4,0,,,0,0,0,0,0,False,,False,,False,,False,,False,,False,,Dockerfile(s) found but no Python entry point could be resolved
https://github.com/Lab41/Circulo,no_entry,False,0,1,0,,,0,0,0,0,0,False,,False,,False,,False,,False,,False,,Dockerfile(s) found but no Python entry point could be resolved
https://github.com/Kosaro/MachineLearningAssignments,no_dockerfile,False,0,0,0,,,0,0,0,0,0,False,,False,,False,,False,,False,,False,,no Dockerfile and no fallback entry point found
https://github.com/rajbsk/KG-conv-rec,no_dockerfile,False,0,0,0,,,0,0,0,0,0,False,,False,,False,,False,,False,,False,,no Dockerfile and no fallback entry point found
https://github.com/Woobs8/CVML_kaggle_challenge,no_dockerfile,False,0,0,0,,,0,0,0,0,0,False,,False,,False,,False,,False,,False,,no Dockerfile and no fallback entry point found
https://github.com/spinleft/Optimization-of-experimental-parameters,no_dockerfile,False,0,0,0,,,0,0,0,0,0,False,,False,,False,,False,,False,,False,,no Dockerfile and no fallback entry point found
https://github.com/hannanabdul55/seldonian-fairness,ok,False,2,0,1,sample\main.py,fallback_nested,2,14,1,0,0,False,,True,sample/main.py:67 train_test_split [matched train_test_split],True,sample/main.py:55 LinearRegression [matched LinearRegression],False,,False,,False,,"unverified: missing stages: data_acquisition, training, evaluation, inference"
https://github.com/mennthor/tdepps,no_dockerfile,False,0,0,0,,,0,0,0,0,0,False,,False,,False,,False,,False,,False,,no Dockerfile and no fallback entry point found
https://github.com/98wubin/deepfakes_faceswap_test,ok,False,1,2,1,scripts\train.py,fallback_nested,13,168,4,0,1,True,scripts/train.py:173 cv2.imread [matched cv2.imread],False,,False,,False,,False,,False,,"unverified: missing stages: data_preparation, modeling, training, evaluation, inference"
https://github.com/cov-lineages/pangolin,ok,False,1,1,1,pangolin\command.py,fallback_console_script,9,45,2,0,0,True,pangolin/utils/io_parsing.py:71 gzip.open [matched gzip.open],False,,False,,False,,False,,False,,"unverified: missing stages: data_preparation, modeling, training, evaluation, inference"
https://github.com/husseinalijaafar/WPN,ok,False,0,0,1,src\main.py,fallback_nested,1,3,0,0,0,False,,False,,False,,False,,False,,False,,"unverified: missing stages: data_acquisition, data_preparation, modeling, training, evaluation, inference"
https://github.com/tarasevich-dmitry/Dota4cast,no_dockerfile,False,0,0,0,,,0,0,0,0,0,False,,False,,False,,False,,False,,False,,no Dockerfile and no fallback entry point found
https://github.com/hsteinshiromoto/blog,no_entry,False,0,2,0,,,0,0,0,0,0,False,,False,,False,,False,,False,,False,,Dockerfile(s) found but no Python entry point could be resolved
https://github.com/AIforGoodSimulator/model-server,no_entry,False,0,1,0,,,0,0,0,0,0,False,,False,,False,,False,,False,,False,,Dockerfile(s) found but no Python entry point could be resolved
https://github.com/kaidata/DataScience,no_dockerfile,False,0,0,0,,,0,0,0,0,0,False,,False,,False,,False,,False,,False,,no Dockerfile and no fallback entry point found
https://github.com/naszilla/naszilla,no_dockerfile,False,0,0,0,,,0,0,0,0,0,False,,False,,False,,False,,False,,False,,no Dockerfile and no fallback entry point found
https://github.com/dpalbrecht/ClashRoyaleAnalytics,no_entry,False,0,1,0,,,0,0,0,0,0,False,,False,,False,,False,,False,,False,,Dockerfile(s) found but no Python entry point could be resolved
https://github.com/ssadagop97/AWS-ML-FLASK-APP-MMA-Predictor,no_dockerfile,False,0,0,0,,,0,0,0,0,0,False,,False,,False,,False,,False,,False,,no Dockerfile and no fallback entry point found
https://github.com/jlatko/text-anomaly-detection,no_dockerfile,False,0,0,0,,,0,0,0,0,0,False,,False,,False,,False,,False,,False,,no Dockerfile and no fallback entry point found
https://github.com/SamHSoftware/Machine-Learning,no_dockerfile,False,0,0,0,,,0,0,0,0,0,False,,False,,False,,False,,False,,False,,no Dockerfile and no fallback entry point found
https://github.com/CompRhys/roost,no_dockerfile,False,0,0,0,,,0,0,0,0,0,False,,False,,False,,False,,False,,False,,no Dockerfile and no fallback entry point found
https://github.com/brettChapman/cimcb_lite,no_dockerfile,False,0,0,0,,,0,0,0,0,0,False,,False,,False,,False,,False,,False,,no Dockerfile and no fallback entry point found
https://github.com/alireza-alizadegan/Hotel-Website,no_dockerfile,False,0,0,0,,,0,0,0,0,0,False,,False,,False,,False,,False,,False,,no Dockerfile and no fallback entry point found
https://github.com/issa-rajabu-juma/Deep-Learning,no_dockerfile,False,0,0,0,,,0,0,0,0,0,False,,False,,False,,False,,False,,False,,no Dockerfile and no fallback entry point found
https://github.com/iewaij/data-analytics-bank-marketing,no_dockerfile,False,0,0,0,,,0,0,0,0,0,False,,False,,False,,False,,False,,False,,no Dockerfile and no fallback entry point found
https://github.com/snlee159/aml_final_project,no_dockerfile,False,0,0,0,,,0,0,0,0,0,False,,False,,False,,False,,False,,False,,no Dockerfile and no fallback entry point found
https://github.com/DoctorDroid/NN,no_dockerfile,False,0,0,0,,,0,0,0,0,0,False,,False,,False,,False,,False,,False,,no Dockerfile and no fallback entry point found
https://github.com/alexdesiqueira/fcn_microct,ok,False,2,0,1,fullconvnets\train.py,fallback_nested,1,4,0,0,0,True,fullconvnets/train.py:237 json.load [matched json.load],False,,False,,True,fullconvnets/train.py:220 model.fit [matched model.fit],False,,False,,"unverified: missing stages: data_preparation, modeling, evaluation, inference"
https://github.com/Grigorii-P/plate_recognition,no_dockerfile,False,0,0,0,,,0,0,0,0,0,False,,False,,False,,False,,False,,False,,no Dockerfile and no fallback entry point found
https://github.com/sohjunjie/AIAF-BC409,no_dockerfile,False,0,0,0,,,0,0,0,0,0,False,,False,,False,,False,,False,,False,,no Dockerfile and no fallback entry point found
https://github.com/liho98/tour-analytics-recommendation-system,no_dockerfile,False,0,0,0,,,0,0,0,0,0,False,,False,,False,,False,,False,,False,,no Dockerfile and no fallback entry point found
https://github.com/gregyjames/stocktwits-sentiment,no_dockerfile,False,0,0,0,,,0,0,0,0,0,False,,False,,False,,False,,False,,False,,no Dockerfile and no fallback entry point found
https://github.com/Quinn-Skin/Quinn-Skin-App,no_dockerfile,False,0,0,0,,,0,0,0,0,0,False,,False,,False,,False,,False,,False,,no Dockerfile and no fallback entry point found
https://github.com/roger199585/bag_of_words,no_entry,False,0,1,0,,,0,0,0,0,0,False,,False,,False,,False,,False,,False,,Dockerfile(s) found but no Python entry point could be resolved
https://github.com/jumlauft/LGRT4GPs,ok,False,1,0,1,demo\demo_1D.py,fallback_console_script,3,33,2,0,0,False,,True,lgrt4gps/lgrtn.py:69 sklearn.preprocessing.MinMaxScaler [matched MinMaxScaler],False,,False,,False,,False,,"unverified: missing stages: data_acquisition, modeling, training, evaluation, inference"
https://github.com/parkervg/shap-dim-reduction,no_dockerfile,False,0,0,0,,,0,0,0,0,0,False,,False,,False,,False,,False,,False,,no Dockerfile and no fallback entry point found
https://github.com/Medical-Cabinet-2/Data-Science,ok,False,3,0,1,StrainAPI\app.py,fallback_nested,3,10,1,0,0,True,StrainAPI/app.py:36 pd.read_csv [matched pd.read_csv],False,,True,StrainAPI/models.py:0 class Strain [matched <class subclasses model base>],False,,False,,True,StrainAPI/app.py:7 flask.Flask [matched Flask],"unverified: missing stages: data_preparation, training, evaluation"
https://github.com/lisosia/kaggle-rsna-str,no_dockerfile,False,0,0,0,,,0,0,0,0,0,False,,False,,False,,False,,False,,False,,no Dockerfile and no fallback entry point found
https://github.com/JasonG7234/NBA-Draft-Model,no_dockerfile,False,0,0,0,,,0,0,0,0,0,False,,False,,False,,False,,False,,False,,no Dockerfile and no fallback entry point found
https://github.com/sqoshi/covid-spread-analyzer,no_dockerfile,False,0,0,0,,,0,0,0,0,0,False,,False,,False,,False,,False,,False,,no Dockerfile and no fallback entry point found
https://github.com/Umblife/Research,no_entry,False,0,1,0,,,0,0,0,0,0,False,,False,,False,,False,,False,,False,,Dockerfile(s) found but no Python entry point could be resolved
https://github.com/florianmorath/Computational-Intelligence-Lab,no_dockerfile,False,0,0,0,,,0,0,0,0,0,False,,False,,False,,False,,False,,False,,no Dockerfile and no fallback entry point found
https://github.com/mensahd/kth_machinelearning,no_dockerfile,False,0,0,0,,,0,0,0,0,0,False,,False,,False,,False,,False,,False,,no Dockerfile and no fallback entry point found
https://github.com/edwinruizr/jpl2functions,no_dockerfile,False,0,0,0,,,0,0,0,0,0,False,,False,,False,,False,,False,,False,,no Dockerfile and no fallback entry point found
https://github.com/Cyril-Basquin/Planarians,no_dockerfile,False,0,0,0,,,0,0,0,0,0,False,,False,,False,,False,,False,,False,,no Dockerfile and no fallback entry point found
https://github.com/albertovpd/automated_ML_regression,no_dockerfile,False,0,0,0,,,0,0,0,0,0,False,,False,,False,,False,,False,,False,,no Dockerfile and no fallback entry point found
https://github.com/moonzlo/bestmobabot,ok,False,1,1,1,bestmobabot\__main__.py,fallback_nested,10,122,3,0,0,True,bestmobabot/resources.py:36 requests.get [matched requests.get],False,,False,,False,,False,,False,,"unverified: missing stages: data_preparation, modeling, training, evaluation, inference"
https://github.com/Bread-Jin/original_GOAD,no_dockerfile,False,0,0,0,,,0,0,0,0,0,False,,False,,False,,False,,False,,False,,no Dockerfile and no fallback entry point found
https://github.com/wararaki718/scrapbox2,no_entry,False,0,42,0,,,0,0,0,0,0,False,,False,,False,,False,,False,,False,,Dockerfile(s) found but no Python entry point could be resolved
https://github.com/LAMDAMielgo/ih_datamadpt_FinalProyect,no_dockerfile,False,0,0,0,,,0,0,0,0,0,False,,False,,False,,False,,False,,False,,no Dockerfile and no fallback entry point found
https://github.com/thusithaC/hs_python_ml_service,no_dockerfile,False,0,0,0,,,0,0,0,0,0,False,,False,,False,,False,,False,,False,,no Dockerfile and no fallback entry point found
https://github.com/vanvalenlab/deepcell-spots,no_entry,False,0,1,0,,,0,0,0,0,0,False,,False,,False,,False,,False,,False,,Dockerfile(s) found but no Python entry point could be resolved
https://github.com/piaoxue85/wodedongxi,no_dockerfile,False,0,0,0,,,0,0,0,0,0,False,,False,,False,,False,,False,,False,,no Dockerfile and no fallback entry point found
https://github.com/sebastianwindeck/DeepLearningProject2019,ok,False,0,0,1,Helpers\main.py,fallback_nested,1,0,0,0,0,False,,False,,False,,False,,False,,False,,"unverified: missing stages: data_acquisition, data_preparation, modeling, training, evaluation, inference"
https://github.com/CurtisrAaron/SeniorDesign,no_dockerfile,False,0,0,0,,,0,0,0,0,0,False,,False,,False,,False,,False,,False,,no Dockerfile and no fallback entry point found
https://github.com/sathwikkes/SpringboardWork,no_dockerfile,False,0,0,0,,,0,0,0,0,0,False,,False,,False,,False,,False,,False,,no Dockerfile and no fallback entry point found
https://github.com/genderbias/gender-bias-in-relevance-judgements,no_dockerfile,False,0,0,0,,,0,0,0,0,0,False,,False,,False,,False,,False,,False,,no Dockerfile and no fallback entry point found
https://github.com/kongdemingwang/scikit-neuralnetwork,no_dockerfile,False,0,0,0,,,0,0,0,0,0,False,,False,,False,,False,,False,,False,,no Dockerfile and no fallback entry point found
https://github.com/saschaschworm/big-data-and-data-science,no_dockerfile,False,0,0,0,,,0,0,0,0,0,False,,False,,False,,False,,False,,False,,no Dockerfile and no fallback entry point found
https://github.com/Linkvalue-Interne/HackathonIASanteChallenge,no_dockerfile,False,0,0,0,,,0,0,0,0,0,False,,False,,False,,False,,False,,False,,no Dockerfile and no fallback entry point found
https://github.com/Chandrima-04/meta_pred,ok,False,5,0,1,meta_pred\cli.py,fallback_console_script,3,26,1,0,0,True,meta_pred/preprocessing.py:38 pd.read_csv [matched pd.read_csv],True,meta_pred/preprocessing.py:97 sklearn.preprocessing.StandardScaler [matched StandardScaler],True,meta_pred/classification.py:34 sklearn.ensemble.RandomForestClassifier [matched RandomForestClassifier],False,,True,meta_pred/cli.py:161 sklearn.metrics.confusion_matrix [matched confusion_matrix],True,meta_pred/classification.py:107 model.predict [matched model.predict],unverified: missing stages: training
https://github.com/rstudio/mlflow-original,ok,False,3,1,1,mlflow\cli.py,fallback_console_script,62,484,5,0,1,True,mlflow/sklearn.py:65 pickle.load [matched pickle.load],False,,True,mlflow/sklearn.py:21 mlflow.models.Model [matched Model],False,,False,,True,mlflow/sklearn.py:104 flask.Flask [matched Flask],"unverified: missing stages: data_preparation, training, evaluation"
https://github.com/jennafu/howistwitterfeeling,no_dockerfile,False,0,0,0,,,0,0,0,0,0,False,,False,,False,,False,,False,,False,,no Dockerfile and no fallback entry point found
https://github.com/ArtemK123/MachineLearning,no_dockerfile,False,0,0,0,,,0,0,0,0,0,False,,False,,False,,False,,False,,False,,no Dockerfile and no fallback entry point found
https://github.com/wikistat/AI-Frameworks,ok,False,0,1,1,CodeDevelopment\main.py,fallback_nested,1,0,0,0,0,False,,False,,False,,False,,False,,False,,"unverified: missing stages: data_acquisition, data_preparation, modeling, training, evaluation, inference"
https://github.com/BPYap/TweetIR,ok,False,0,0,1,indexer\main.py,fallback_nested,1,0,0,0,0,False,,False,,False,,False,,False,,False,,"unverified: missing stages: data_acquisition, data_preparation, modeling, training, evaluation, inference"
https://github.com/wliant/smart_book_site,no_entry,False,0,1,0,,,0,0,0,0,0,False,,False,,False,,False,,False,,False,,Dockerfile(s) found but no Python entry point could be resolved
https://github.com/lpj0017/XiaoLuAI,no_dockerfile,False,0,0,0,,,0,0,0,0,0,False,,False,,False,,False,,False,,False,,no Dockerfile and no fallback entry point found
https://github.com/thekdeeful/learnopencv,no_entry,False,0,1,0,,,0,0,0,0,0,False,,False,,False,,False,,False,,False,,Dockerfile(s) found but no Python entry point could be resolved
https://github.com/jlee7737/fast.ai,no_dockerfile,False,0,0,0,,,0,0,0,0,0,False,,False,,False,,False,,False,,False,,no Dockerfile and no fallback entry point found
https://github.com/ABCurado/MLProjects,no_dockerfile,False,0,0,0,,,0,0,0,0,0,False,,False,,False,,False,,False,,False,,no Dockerfile and no fallback entry point found
https://github.com/cdgn-coding/bcba-algo-trading,ok,False,2,0,1,Dashboard\main.py,fallback_nested,1,5,0,0,0,True,Dashboard/main.py:24 pd.read_csv [matched pd.read_csv],False,,False,,False,,False,,True,Dashboard/main.py:27 flask.Flask [matched Flask],"unverified: missing stages: data_preparation, modeling, training, evaluation"
https://github.com/juaml/julearn,no_dockerfile,False,0,0,0,,,0,0,0,0,0,False,,False,,False,,False,,False,,False,,no Dockerfile and no fallback entry point found
https://github.com/amark720/Data-Science-Projects,no_dockerfile,False,0,0,0,,,0,0,0,0,0,False,,False,,False,,False,,False,,False,,no Dockerfile and no fallback entry point found
https://github.com/nicoloverardo/historical-events-detection,no_dockerfile,False,0,0,0,,,0,0,0,0,0,False,,False,,False,,False,,False,,False,,no Dockerfile and no fallback entry point found
https://github.com/MrYudi/Projeto_FacensTCC_2020,no_dockerfile,False,0,0,0,,,0,0,0,0,0,False,,False,,False,,False,,False,,False,,no Dockerfile and no fallback entry point found
https://github.com/bhabalomkar421/Impulse_medicalAssistant,no_dockerfile,False,0,0,0,,,0,0,0,0,0,False,,False,,False,,False,,False,,False,,no Dockerfile and no fallback entry point found
https://github.com/777bareman777/dankook-data-analysis-AI-competition,no_dockerfile,False,0,0,0,,,0,0,0,0,0,False,,False,,False,,False,,False,,False,,no Dockerfile and no fallback entry point found
https://github.com/rserur/food-atlas-viz-app,no_dockerfile,False,0,0,0,,,0,0,0,0,0,False,,False,,False,,False,,False,,False,,no Dockerfile and no fallback entry point found
https://github.com/garimasingh128/awesome-python-projects,no_dockerfile,False,0,0,0,,,0,0,0,0,0,False,,False,,False,,False,,False,,False,,no Dockerfile and no fallback entry point found
https://github.com/jonaswinkler/paperless-ng,no_entry,False,0,2,1,,dockerfile,0,0,0,0,0,False,,False,,False,,False,,False,,False,,no resolved entry point yielded a usable call graph
https://github.com/timsetsfire/odsc-ml-drum,no_dockerfile,False,0,0,0,,,0,0,0,0,0,False,,False,,False,,False,,False,,False,,no Dockerfile and no fallback entry point found
https://github.com/AlephNotation/causality,no_dockerfile,False,0,0,0,,,0,0,0,0,0,False,,False,,False,,False,,False,,False,,no Dockerfile and no fallback entry point found
https://github.com/gaderut/CloudComputing-docker,no_entry,False,0,3,0,,,0,0,0,0,0,False,,False,,False,,False,,False,,False,,Dockerfile(s) found but no Python entry point could be resolved
https://github.com/BloomTech-Labs/human-rights-first-ds-f,no_entry,False,0,1,0,,,0,0,0,0,0,False,,False,,False,,False,,False,,False,,Dockerfile(s) found but no Python entry point could be resolved
https://github.com/MatevzFa/nlp-sentiment-analysis,no_entry,False,0,1,0,,,0,0,0,0,0,False,,False,,False,,False,,False,,False,,Dockerfile(s) found but no Python entry point could be resolved
https://github.com/ChristianSch/skml,no_dockerfile,False,0,0,0,,,0,0,0,0,0,False,,False,,False,,False,,False,,False,,no Dockerfile and no fallback entry point found
https://github.com/NeilFranks/smart_email,no_dockerfile,False,0,0,0,,,0,0,0,0,0,False,,False,,False,,False,,False,,False,,no Dockerfile and no fallback entry point found
https://github.com/matthewmcampbell/ebuy,ok,False,1,0,1,data_collection\main.py,fallback_nested,3,5,1,0,0,True,data_collection/misc.py:14 yaml.safe_load [matched yaml.safe_load],False,,False,,False,,False,,False,,"unverified: missing stages: data_preparation, modeling, training, evaluation, inference"
https://github.com/Yannick947/person_counting,no_dockerfile,False,0,0,0,,,0,0,0,0,0,False,,False,,False,,False,,False,,False,,no Dockerfile and no fallback entry point found
https://github.com/TissueImageAnalytics/tiatoolbox,ok,False,5,6,1,tiatoolbox\__main__.py,fallback_nested,75,893,5,0,0,True,tiatoolbox/__init__.py:97 yaml.safe_load [matched yaml.safe_load],True,tiatoolbox/annotation/storage.py:3825 pd.concat [matched pd.concat],True,tiatoolbox/models/architecture/hovernet.py:0 class TFSamepaddingLayer [matched <class subclasses model base>],True,tiatoolbox/models/models_abc.py:74 nn.parallel.DistributedDataParallel [matched DistributedDataParallel],False,,True,tiatoolbox/models/architecture/deepspotm.py:209 model.eval [matched model.eval],unverified: missing stages: evaluation
https://github.com/mantis522/pycharm_TDA,no_dockerfile,False,0,0,0,,,0,0,0,0,0,False,,False,,False,,False,,False,,False,,no Dockerfile and no fallback entry point found
https://github.com/DESI-UR/VAST,no_dockerfile,False,0,0,0,,,0,0,0,0,0,False,,False,,False,,False,,False,,False,,no Dockerfile and no fallback entry point found
https://github.com/ehsantaati/ED_Twitter,no_dockerfile,False,0,0,0,,,0,0,0,0,0,False,,False,,False,,False,,False,,False,,no Dockerfile and no fallback entry point found
https://github.com/LucasThierry/AM-GRAD-2020-3,no_dockerfile,False,0,0,0,,,0,0,0,0,0,False,,False,,False,,False,,False,,False,,no Dockerfile and no fallback entry point found
https://github.com/LukasNickel/thesis,no_dockerfile,False,0,0,0,,,0,0,0,0,0,False,,False,,False,,False,,False,,False,,no Dockerfile and no fallback entry point found
https://github.com/briney/abutils,no_dockerfile,False,0,0,0,,,0,0,0,0,0,False,,False,,False,,False,,False,,False,,no Dockerfile and no fallback entry point found
https://github.com/CMU-IDS-2020/a3-create-a-new-team,no_dockerfile,False,0,0,0,,,0,0,0,0,0,False,,False,,False,,False,,False,,False,,no Dockerfile and no fallback entry point found
https://github.com/orhunozbek/ssw-prediction,no_dockerfile,False,0,0,0,,,0,0,0,0,0,False,,False,,False,,False,,False,,False,,no Dockerfile and no fallback entry point found
https://github.com/abhattac92/Kickstarter_Campaigns,no_dockerfile,False,0,0,0,,,0,0,0,0,0,False,,False,,False,,False,,False,,False,,no Dockerfile and no fallback entry point found
https://github.com/salvacarrion/mltests-old,no_dockerfile,False,0,0,0,,,0,0,0,0,0,False,,False,,False,,False,,False,,False,,no Dockerfile and no fallback entry point found
https://github.com/Wasim37/jd-homework,ok,False,0,0,1,Assignment1-2\app.py,fallback_nested,1,0,0,1,0,False,,False,,False,,False,,False,,False,,"unverified: missing stages: data_acquisition, data_preparation, modeling, training, evaluation, inference"
https://github.com/PIN-devel/inside-kids,no_entry,False,0,3,0,,,0,0,0,0,0,False,,False,,False,,False,,False,,False,,Dockerfile(s) found but no Python entry point could be resolved
https://github.com/GIGI123422/dss_15th,no_dockerfile,False,0,0,0,,,0,0,0,0,0,False,,False,,False,,False,,False,,False,,no Dockerfile and no fallback entry point found
https://github.com/jchartove/DeepPurpose-omic,no_entry,False,0,1,0,,,0,0,0,0,0,False,,False,,False,,False,,False,,False,,Dockerfile(s) found but no Python entry point could be resolved
https://github.com/isabellyrocha/pipetune,no_dockerfile,False,0,0,0,,,0,0,0,0,0,False,,False,,False,,False,,False,,False,,no Dockerfile and no fallback entry point found
https://github.com/simard-landscape-lab/mapping-colombia-wetlands,no_dockerfile,False,0,0,0,,,0,0,0,0,0,False,,False,,False,,False,,False,,False,,no Dockerfile and no fallback entry point found
https://github.com/carbonplan/forest-risks,no_entry,False,0,2,0,,,0,0,0,0,0,False,,False,,False,,False,,False,,False,,Dockerfile(s) found but no Python entry point could be resolved
https://github.com/trivedigaurav/lemr-nlp-server,ok,False,1,0,1,server\app.py,fallback_nested,8,8,2,1,0,True,server/app.py:17 pymongo.MongoClient [matched pymongo.MongoClient],False,,False,,False,,False,,False,,"unverified: missing stages: data_preparation, modeling, training, evaluation, inference"
https://github.com/vova98/covidModeling,no_entry,False,0,1,0,,,0,0,0,0,0,False,,False,,False,,False,,False,,False,,Dockerfile(s) found but no Python entry point could be resolved
https://github.com/spantiru/companion-lab,no_dockerfile,False,0,0,0,,,0,0,0,0,0,False,,False,,False,,False,,False,,False,,no Dockerfile and no fallback entry point found
https://github.com/vishwakftw/extreme-classification,no_dockerfile,False,0,0,0,,,0,0,0,0,0,False,,False,,False,,False,,False,,False,,no Dockerfile and no fallback entry point found
https://github.com/meronreda/fastai,no_dockerfile,False,0,0,0,,,0,0,0,0,0,False,,False,,False,,False,,False,,False,,no Dockerfile and no fallback entry point found
https://github.com/thiago1080/facenet-fine-tuning,no_dockerfile,False,0,0,0,,,0,0,0,0,0,False,,False,,False,,False,,False,,False,,no Dockerfile and no fallback entry point found
https://github.com/imiled/DL_Tools_For_Finance,no_dockerfile,False,0,0,0,,,0,0,0,0,0,False,,False,,False,,False,,False,,False,,no Dockerfile and no fallback entry point found
https://github.com/dschmitz89/Polyfit,no_dockerfile,False,0,0,0,,,0,0,0,0,0,False,,False,,False,,False,,False,,False,,no Dockerfile and no fallback entry point found
https://github.com/BrianThomasRoss/lambda-school,no_entry,False,0,1,0,,,0,0,0,0,0,False,,False,,False,,False,,False,,False,,Dockerfile(s) found but no Python entry point could be resolved
https://github.com/pydatasci-repos/pydatasci,no_dockerfile,False,0,0,0,,,0,0,0,0,0,False,,False,,False,,False,,False,,False,,no Dockerfile and no fallback entry point found
https://github.com/Laykel/nfc-rf-fingerprinting,ok,False,0,0,1,nfc_rfml\__main__.py,fallback_nested,2,0,1,0,0,False,,False,,False,,False,,False,,False,,"unverified: missing stages: data_acquisition, data_preparation, modeling, training, evaluation, inference"
https://github.com/algaebrown/Metadensity,no_dockerfile,False,0,0,0,,,0,0,0,0,0,False,,False,,False,,False,,False,,False,,no Dockerfile and no fallback entry point found
https://github.com/beomri/apml_snake,no_dockerfile,False,0,0,0,,,0,0,0,0,0,False,,False,,False,,False,,False,,False,,no Dockerfile and no fallback entry point found
https://github.com/lanSeFangZhou/tokenizer_tools,ok,False,0,0,1,tokenizer_tools\cli.py,fallback_console_script,1,1,0,0,0,False,,False,,False,,False,,False,,False,,"unverified: missing stages: data_acquisition, data_preparation, modeling, training, evaluation, inference"
https://github.com/inhealth-measurement-corps/-Deprecated-Fitbit_vm_server,no_dockerfile,False,0,0,0,,,0,0,0,0,0,False,,False,,False,,False,,False,,False,,no Dockerfile and no fallback entry point found
https://github.com/sorice/textsim,no_dockerfile,False,0,0,0,,,0,0,0,0,0,False,,False,,False,,False,,False,,False,,no Dockerfile and no fallback entry point found
https://github.com/zabir-nabil/Fibro-CoSANet,no_dockerfile,False,0,0,0,,,0,0,0,0,0,False,,False,,False,,False,,False,,False,,no Dockerfile and no fallback entry point found
https://github.com/rafaelvanbelle/fucc_package,no_dockerfile,False,0,0,0,,,0,0,0,0,0,False,,False,,False,,False,,False,,False,,no Dockerfile and no fallback entry point found
https://github.com/sassoftware/sas-viya-programming,no_dockerfile,False,0,0,0,,,0,0,0,0,0,False,,False,,False,,False,,False,,False,,no Dockerfile and no fallback entry point found
https://github.com/dynamicslab/pysensors,no_dockerfile,False,0,0,0,,,0,0,0,0,0,False,,False,,False,,False,,False,,False,,no Dockerfile and no fallback entry point found
https://github.com/sdomanskyi/decneo,no_dockerfile,False,0,0,0,,,0,0,0,0,0,False,,False,,False,,False,,False,,False,,no Dockerfile and no fallback entry point found
https://github.com/samayisrael/django_python_dev,no_dockerfile,False,0,0,0,,,0,0,0,0,0,False,,False,,False,,False,,False,,False,,no Dockerfile and no fallback entry point found
https://github.com/vickeytomer007/Springboard-1,no_dockerfile,False,0,0,0,,,0,0,0,0,0,False,,False,,False,,False,,False,,False,,no Dockerfile and no fallback entry point found
https://github.com/james38/PyPortfolioOpt,no_entry,False,0,2,0,,,0,0,0,0,0,False,,False,,False,,False,,False,,False,,Dockerfile(s) found but no Python entry point could be resolved
https://github.com/buzzer4mornin/ML_algorithms,no_dockerfile,False,0,0,0,,,0,0,0,0,0,False,,False,,False,,False,,False,,False,,no Dockerfile and no fallback entry point found
https://github.com/chakki-works/seqeval,no_dockerfile,False,0,0,0,,,0,0,0,0,0,False,,False,,False,,False,,False,,False,,no Dockerfile and no fallback entry point found
https://github.com/JanKapala/OpenVaccine-COVID-19-mRNA-Vaccine-Degradation-Prediction,no_dockerfile,False,0,0,0,,,0,0,0,0,0,False,,False,,False,,False,,False,,False,,no Dockerfile and no fallback entry point found
https://github.com/CA4GitHub/deep-learning-v2-pytorch,no_dockerfile,False,0,0,0,,,0,0,0,0,0,False,,False,,False,,False,,False,,False,,no Dockerfile and no fallback entry point found
https://github.com/changwoonchoi/cl2020,no_dockerfile,False,0,0,0,,,0,0,0,0,0,False,,False,,False,,False,,False,,False,,no Dockerfile and no fallback entry point found
https://github.com/shotahorii/bareml,no_entry,False,0,1,0,,,0,0,0,0,0,False,,False,,False,,False,,False,,False,,Dockerfile(s) found but no Python entry point could be resolved
https://github.com/MStypulkowski/CIF,no_dockerfile,False,0,0,0,,,0,0,0,0,0,False,,False,,False,,False,,False,,False,,no Dockerfile and no fallback entry point found
https://github.com/epcw/housing_equity,no_dockerfile,False,0,0,0,,,0,0,0,0,0,False,,False,,False,,False,,False,,False,,no Dockerfile and no fallback entry point found
https://github.com/Bryancaraway/ttZ-h_eft,no_dockerfile,False,0,0,0,,,0,0,0,0,0,False,,False,,False,,False,,False,,False,,no Dockerfile and no fallback entry point found
https://github.com/razortheory/project-connect-api,no_entry,False,0,1,0,,,0,0,0,0,0,False,,False,,False,,False,,False,,False,,Dockerfile(s) found but no Python entry point could be resolved
https://github.com/M05-mini-project/swissroads,ok,False,0,0,1,rr_swissroads\results.py,fallback_console_script,2,1,1,0,0,False,,False,,False,,False,,False,,False,,"unverified: missing stages: data_acquisition, data_preparation, modeling, training, evaluation, inference"
https://github.com/BloomTech-Labs/dep-story-squad-ds-b,no_entry,False,0,1,0,,,0,0,0,0,0,False,,False,,False,,False,,False,,False,,Dockerfile(s) found but no Python entry point could be resolved
https://github.com/mohammad-khamlan/Machine-Learning-Projects,no_entry,False,0,1,0,,,0,0,0,0,0,False,,False,,False,,False,,False,,False,,Dockerfile(s) found but no Python entry point could be resolved
https://github.com/Kobrestad/TronderEnergiLossForecast,no_dockerfile,False,0,0,0,,,0,0,0,0,0,False,,False,,False,,False,,False,,False,,no Dockerfile and no fallback entry point found
https://github.com/mrpeerat/SEFR_CUT,no_entry,False,0,1,0,,,0,0,0,0,0,False,,False,,False,,False,,False,,False,,Dockerfile(s) found but no Python entry point could be resolved
https://github.com/laurent-33/ML-10-exos-pandas-notebooks,no_entry,False,0,1,0,,,0,0,0,0,0,False,,False,,False,,False,,False,,False,,Dockerfile(s) found but no Python entry point could be resolved
https://github.com/awaisrauf/MOOCs,no_entry,False,0,1,0,,,0,0,0,0,0,False,,False,,False,,False,,False,,False,,Dockerfile(s) found but no Python entry point could be resolved
https://github.com/anellenson/DeepBeachState,no_dockerfile,False,0,0,0,,,0,0,0,0,0,False,,False,,False,,False,,False,,False,,no Dockerfile and no fallback entry point found
https://github.com/alfredprah/ds_case_team_5,no_dockerfile,False,0,0,0,,,0,0,0,0,0,False,,False,,False,,False,,False,,False,,no Dockerfile and no fallback entry point found
https://github.com/kawano8811/deep-learning-v2-pytorch,no_dockerfile,False,0,0,0,,,0,0,0,0,0,False,,False,,False,,False,,False,,False,,no Dockerfile and no fallback entry point found
https://github.com/chen-bowen/Beijing_House_Price_Predictions,no_entry,False,0,1,0,,,0,0,0,0,0,False,,False,,False,,False,,False,,False,,Dockerfile(s) found but no Python entry point could be resolved
https://github.com/MoXuann/sift.cpr,no_dockerfile,False,0,0,0,,,0,0,0,0,0,False,,False,,False,,False,,False,,False,,no Dockerfile and no fallback entry point found
https://github.com/Taraneh-K/Lantern-Projects,no_dockerfile,False,0,0,0,,,0,0,0,0,0,False,,False,,False,,False,,False,,False,,no Dockerfile and no fallback entry point found
https://github.com/rime11/springboard,no_dockerfile,False,0,0,0,,,0,0,0,0,0,False,,False,,False,,False,,False,,False,,no Dockerfile and no fallback entry point found
https://github.com/yellowjs0304/homework_2,no_entry,False,0,1,0,,,0,0,0,0,0,False,,False,,False,,False,,False,,False,,Dockerfile(s) found but no Python entry point could be resolved
https://github.com/SamGalanakis/MIR_Pipeline_Project,no_dockerfile,False,0,0,0,,,0,0,0,0,0,False,,False,,False,,False,,False,,False,,no Dockerfile and no fallback entry point found
https://github.com/shahules786/Twitter-Sentiment,no_dockerfile,False,0,0,0,,,0,0,0,0,0,False,,False,,False,,False,,False,,False,,no Dockerfile and no fallback entry point found
https://github.com/IHCC-cohorts/data-harmonization,no_entry,False,0,1,0,,,0,0,0,0,0,False,,False,,False,,False,,False,,False,,Dockerfile(s) found but no Python entry point could be resolved
https://github.com/MaayanLab/prismexp,no_dockerfile,False,0,0,0,,,0,0,0,0,0,False,,False,,False,,False,,False,,False,,no Dockerfile and no fallback entry point found
https://github.com/tyiannak/deep_audio_features,no_dockerfile,False,0,0,0,,,0,0,0,0,0,False,,False,,False,,False,,False,,False,,no Dockerfile and no fallback entry point found
https://github.com/timothyxp/tinkoff_stories-,no_dockerfile,False,0,0,0,,,0,0,0,0,0,False,,False,,False,,False,,False,,False,,no Dockerfile and no fallback entry point found
https://github.com/cimm-kzn/StructureFingerprint,no_dockerfile,False,0,0,0,,,0,0,0,0,0,False,,False,,False,,False,,False,,False,,no Dockerfile and no fallback entry point found
https://github.com/chiaramarzi/fractalbrain-toolkit,no_dockerfile,False,0,0,0,,,0,0,0,0,0,False,,False,,False,,False,,False,,False,,no Dockerfile and no fallback entry point found
https://github.com/gramadin/BDA-696-FTW,no_dockerfile,False,0,0,0,,,0,0,0,0,0,False,,False,,False,,False,,False,,False,,no Dockerfile and no fallback entry point found
https://github.com/ShivamRajSharma/PyTorch,no_dockerfile,False,0,0,0,,,0,0,0,0,0,False,,False,,False,,False,,False,,False,,no Dockerfile and no fallback entry point found
https://github.com/BloomTech-Labs/human-rights-first-ds-d,no_entry,False,0,1,0,,,0,0,0,0,0,False,,False,,False,,False,,False,,False,,Dockerfile(s) found but no Python entry point could be resolved
https://github.com/vkartik1/AI_ML,no_entry,False,0,1,0,,,0,0,0,0,0,False,,False,,False,,False,,False,,False,,Dockerfile(s) found but no Python entry point could be resolved
https://github.com/woodyinho/Web-Repo,no_dockerfile,False,0,0,0,,,0,0,0,0,0,False,,False,,False,,False,,False,,False,,no Dockerfile and no fallback entry point found
https://github.com/ml-lab/connoisseur,no_entry,False,0,1,0,,,0,0,0,0,0,False,,False,,False,,False,,False,,False,,Dockerfile(s) found but no Python entry point could be resolved
https://github.com/KChen-lab/SCMER,no_dockerfile,False,0,0,0,,,0,0,0,0,0,False,,False,,False,,False,,False,,False,,no Dockerfile and no fallback entry point found
https://github.com/bxp151/exploretransform,no_dockerfile,False,0,0,0,,,0,0,0,0,0,False,,False,,False,,False,,False,,False,,no Dockerfile and no fallback entry point found
https://github.com/canthonyscott/VIZN-MachineLearning,no_dockerfile,False,0,0,0,,,0,0,0,0,0,False,,False,,False,,False,,False,,False,,no Dockerfile and no fallback entry point found
https://github.com/bnaul/timeflow,no_dockerfile,False,0,0,0,,,0,0,0,0,0,False,,False,,False,,False,,False,,False,,no Dockerfile and no fallback entry point found
https://github.com/dsml-lab/lv1_python_sample_code_dev,no_dockerfile,False,0,0,0,,,0,0,0,0,0,False,,False,,False,,False,,False,,False,,no Dockerfile and no fallback entry point found
https://github.com/yuyafukuchi/ML_experiment,no_entry,False,0,1,0,,,0,0,0,0,0,False,,False,,False,,False,,False,,False,,Dockerfile(s) found but no Python entry point could be resolved
https://github.com/tjhunter/dds_py,no_dockerfile,False,0,0,0,,,0,0,0,0,0,False,,False,,False,,False,,False,,False,,no Dockerfile and no fallback entry point found
https://github.com/charleslpan/Wikipedia-QA-with-ALBERT-Verifier,no_entry,False,0,6,0,,,0,0,0,0,0,False,,False,,False,,False,,False,,False,,Dockerfile(s) found but no Python entry point could be resolved
https://github.com/phdenzel/gleam,no_dockerfile,False,0,0,0,,,0,0,0,0,0,False,,False,,False,,False,,False,,False,,no Dockerfile and no fallback entry point found
https://github.com/KIT-IAI/pyWATTS,no_dockerfile,False,0,0,0,,,0,0,0,0,0,False,,False,,False,,False,,False,,False,,no Dockerfile and no fallback entry point found
https://github.com/MarieRoald/bcd_tensorkit,no_dockerfile,False,0,0,0,,,0,0,0,0,0,False,,False,,False,,False,,False,,False,,no Dockerfile and no fallback entry point found
https://github.com/kbantoec/deep_learning,no_dockerfile,False,0,0,0,,,0,0,0,0,0,False,,False,,False,,False,,False,,False,,no Dockerfile and no fallback entry point found
https://github.com/Sunil-Rathore/DATA-SCIENCE-PROJECT,no_dockerfile,False,0,0,0,,,0,0,0,0,0,False,,False,,False,,False,,False,,False,,no Dockerfile and no fallback entry point found
https://github.com/AlliesAgainstCOVID/Vulnerablity-Calculator-,no_dockerfile,False,0,0,0,,,0,0,0,0,0,False,,False,,False,,False,,False,,False,,no Dockerfile and no fallback entry point found
https://github.com/wollmanlab/JSTA,no_dockerfile,False,0,0,0,,,0,0,0,0,0,False,,False,,False,,False,,False,,False,,no Dockerfile and no fallback entry point found
https://github.com/codefupanda/customer_interaction_summary,no_dockerfile,False,0,0,0,,,0,0,0,0,0,False,,False,,False,,False,,False,,False,,no Dockerfile and no fallback entry point found
https://github.com/stdereka/knowledge-distillation,no_dockerfile,False,0,0,0,,,0,0,0,0,0,False,,False,,False,,False,,False,,False,,no Dockerfile and no fallback entry point found
https://github.com/tyiannak/multimodal_movie_analysis,ok,False,5,0,1,analyze_visual\train.py,fallback_nested,5,32,2,0,0,True,analyze_visual/train.py:71 np.load [matched np.load],True,analyze_visual/train.py:149 sklearn.model_selection.train_test_split [matched train_test_split],True,analyze_visual/train.py:233 sklearn.svm.SVC [matched SVC],True,analyze_visual/train.py:167 sklearn.model_selection.GridSearchCV [matched GridSearchCV],True,analyze_visual/train.py:185 sklearn.metrics.confusion_matrix [matched confusion_matrix],False,,unverified: missing stages: inference
https://github.com/vionwinnie/tableTennis-product-review,no_dockerfile,False,0,0,0,,,0,0,0,0,0,False,,False,,False,,False,,False,,False,,no Dockerfile and no fallback entry point found
https://github.com/jai-soni/Advanced-Data-Science,no_entry,False,0,5,0,,,0,0,0,0,0,False,,False,,False,,False,,False,,False,,Dockerfile(s) found but no Python entry point could be resolved
https://github.com/kanekou/hackathon_2020_a_rails,no_entry,False,0,1,0,,,0,0,0,0,0,False,,False,,False,,False,,False,,False,,Dockerfile(s) found but no Python entry point could be resolved
https://github.com/IvanVazquezL/Coronavirus.py,no_dockerfile,False,0,0,0,,,0,0,0,0,0,False,,False,,False,,False,,False,,False,,no Dockerfile and no fallback entry point found
https://github.com/mhmohona/MicrosoftML-ProjectShowcasing,no_entry,False,0,2,0,,,0,0,0,0,0,False,,False,,False,,False,,False,,False,,Dockerfile(s) found but no Python entry point could be resolved
https://github.com/flaviomartins/tcluster,no_dockerfile,False,0,0,0,,,0,0,0,0,0,False,,False,,False,,False,,False,,False,,no Dockerfile and no fallback entry point found
https://github.com/ieremiasviorel/dm_image_classification,ok,False,5,0,1,localization\main.py,fallback_nested,5,15,1,0,0,True,localization/main.py:27 PIL.Image.open [matched Image.open],True,localization/main.py:55 torchvision.transforms.Compose [matched torchvision.transforms.*],True,localization/model.py:0 class LocalizationModel [matched <class subclasses model base>],True,localization/main.py:113 loss.backward [matched loss.backward],False,,True,localization/main.py:118 model.eval [matched model.eval],unverified: missing stages: evaluation
https://github.com/LaurentVeyssier/Skin-Cancer-Classifier-Dermatologist-AI,no_dockerfile,False,0,0,0,,,0,0,0,0,0,False,,False,,False,,False,,False,,False,,no Dockerfile and no fallback entry point found
https://github.com/igorbeduin/tg2_COVIDNet,no_dockerfile,False,0,0,0,,,0,0,0,0,0,False,,False,,False,,False,,False,,False,,no Dockerfile and no fallback entry point found
https://github.com/gesiscss/methods_seminar_2020_network_science,no_dockerfile,False,0,0,0,,,0,0,0,0,0,False,,False,,False,,False,,False,,False,,no Dockerfile and no fallback entry point found
https://github.com/josh-tollefson/aqi,no_dockerfile,False,0,0,0,,,0,0,0,0,0,False,,False,,False,,False,,False,,False,,no Dockerfile and no fallback entry point found
https://github.com/jacksonntag/data-science,no_dockerfile,False,0,0,0,,,0,0,0,0,0,False,,False,,False,,False,,False,,False,,no Dockerfile and no fallback entry point found
https://github.com/kqf/seq-to-rec,no_dockerfile,False,0,0,0,,,0,0,0,0,0,False,,False,,False,,False,,False,,False,,no Dockerfile and no fallback entry point found
https://github.com/rsagroup/rsatoolbox,no_dockerfile,False,0,0,0,,,0,0,0,0,0,False,,False,,False,,False,,False,,False,,no Dockerfile and no fallback entry point found
https://github.com/tino-michael/irf_builder,no_dockerfile,False,0,0,0,,,0,0,0,0,0,False,,False,,False,,False,,False,,False,,no Dockerfile and no fallback entry point found
https://github.com/SPOClab-ca/word-class-flexibility,no_dockerfile,False,0,0,0,,,0,0,0,0,0,False,,False,,False,,False,,False,,False,,no Dockerfile and no fallback entry point found
https://github.com/epfl-lasa/surgeon_recording,no_dockerfile,False,0,0,0,,,0,0,0,0,0,False,,False,,False,,False,,False,,False,,no Dockerfile and no fallback entry point found
https://github.com/pdima/n1_fish_n2_fish,no_dockerfile,False,0,0,0,,,0,0,0,0,0,False,,False,,False,,False,,False,,False,,no Dockerfile and no fallback entry point found
https://github.com/mathieudumayet/cdQA,no_dockerfile,False,0,0,0,,,0,0,0,0,0,False,,False,,False,,False,,False,,False,,no Dockerfile and no fallback entry point found
https://github.com/aydedeEge/DataCollectorBBall,no_dockerfile,False,0,0,0,,,0,0,0,0,0,False,,False,,False,,False,,False,,False,,no Dockerfile and no fallback entry point found
https://github.com/changrybirds/ml-2019fall,no_dockerfile,False,0,0,0,,,0,0,0,0,0,False,,False,,False,,False,,False,,False,,no Dockerfile and no fallback entry point found
https://github.com/kiudee/cs-ranking,no_dockerfile,False,0,0,0,,,0,0,0,0,0,False,,False,,False,,False,,False,,False,,no Dockerfile and no fallback entry point found
https://github.com/Gustavo-Bratfisch/data_science,no_dockerfile,False,0,0,0,,,0,0,0,0,0,False,,False,,False,,False,,False,,False,,no Dockerfile and no fallback entry point found
https://github.com/MLBazaar/Cardea,no_dockerfile,False,0,0,0,,,0,0,0,0,0,False,,False,,False,,False,,False,,False,,no Dockerfile and no fallback entry point found
https://github.com/bapu2patil/Python2,no_dockerfile,False,0,0,0,,,0,0,0,0,0,False,,False,,False,,False,,False,,False,,no Dockerfile and no fallback entry point found
https://github.com/sajadkhosravani1/canadaHouse,no_dockerfile,False,0,0,0,,,0,0,0,0,0,False,,False,,False,,False,,False,,False,,no Dockerfile and no fallback entry point found
https://github.com/birdgun/MachineLearningTutorial,no_dockerfile,False,0,0,0,,,0,0,0,0,0,False,,False,,False,,False,,False,,False,,no Dockerfile and no fallback entry point found
https://github.com/Eric-Pacheco95/PersonalProjects,clone_failed,False,0,0,0,,,0,0,0,0,0,False,,False,,False,,False,,False,,False,,remote: Repository not found.
https://github.com/alonemanuel/twitter-author-predictor,ok,True,6,0,1,src\main.py,fallback_nested,5,34,1,0,0,True,src/data_getter.py:64 pd.read_csv [matched pd.read_csv],True,src/main.py:35 data_prep.train_test_split [matched train_test_split],True,src/main.py:46 sklearn.svm.LinearSVC [matched LinearSVC],True,src/learner_wrapper.py:37 self.model.fit [matched model.fit],True,src/garcon.py:23 self.log [matched self.log],True,src/learner_wrapper.py:48 self.model.predict [matched model.predict],verified: all 6 stages present
https://github.com/nstack/nstack-examples,no_dockerfile,False,0,0,0,,,0,0,0,0,0,False,,False,,False,,False,,False,,False,,no Dockerfile and no fallback entry point found
https://github.com/sisl/JointDemandForecasting,no_dockerfile,False,0,0,0,,,0,0,0,0,0,False,,False,,False,,False,,False,,False,,no Dockerfile and no fallback entry point found
https://github.com/doGregor/SBD-SCD-pipeline,no_dockerfile,False,0,0,0,,,0,0,0,0,0,False,,False,,False,,False,,False,,False,,no Dockerfile and no fallback entry point found
https://github.com/StanfordVL/JRMOT_ROS,no_dockerfile,False,0,0,0,,,0,0,0,0,0,False,,False,,False,,False,,False,,False,,no Dockerfile and no fallback entry point found
https://github.com/dzwiedziu-nkg/credo-classify-framework,no_dockerfile,False,0,0,0,,,0,0,0,0,0,False,,False,,False,,False,,False,,False,,no Dockerfile and no fallback entry point found
https://github.com/aldenkane/cv2TermProject,no_dockerfile,False,0,0,0,,,0,0,0,0,0,False,,False,,False,,False,,False,,False,,no Dockerfile and no fallback entry point found
https://github.com/moamenibrahim/discussions-text-analysis,no_dockerfile,False,0,0,0,,,0,0,0,0,0,False,,False,,False,,False,,False,,False,,no Dockerfile and no fallback entry point found
https://github.com/gregparkes/turbopanda,no_dockerfile,False,0,0,0,,,0,0,0,0,0,False,,False,,False,,False,,False,,False,,no Dockerfile and no fallback entry point found
https://github.com/DougTrajano/anallyticabot,no_entry,False,0,1,0,,,0,0,0,0,0,False,,False,,False,,False,,False,,False,,Dockerfile(s) found but no Python entry point could be resolved
https://github.com/sharwinbobde/cyber-data-analytics,no_dockerfile,False,0,0,0,,,0,0,0,0,0,False,,False,,False,,False,,False,,False,,no Dockerfile and no fallback entry point found
https://github.com/bnovate/bactoml,no_dockerfile,False,0,0,0,,,0,0,0,0,0,False,,False,,False,,False,,False,,False,,no Dockerfile and no fallback entry point found
https://github.com/janosh/torch-mnf,no_dockerfile,False,0,0,0,,,0,0,0,0,0,False,,False,,False,,False,,False,,False,,no Dockerfile and no fallback entry point found
https://github.com/aildnont/HIFIS-model,ok,True,6,0,1,src\train.py,fallback_nested,5,45,2,0,0,True,src/train.py:66 pd.read_csv [matched pd.read_csv],True,src/train.py:38 imblearn.over_sampling.RandomOverSampler [matched RandomOverSampler],True,src/models/models.py:53 tf.keras.Sequential [matched keras.Sequential],True,src/train.py:257 model.fit [matched model.fit],True,src/train.py:234 tf.keras.metrics.BinaryAccuracy [matched tf.keras.metrics.*],True,src/train.py:553 model.predict [matched model.predict],verified: all 6 stages present
https://github.com/milesgranger/hemlock-highway,ok,False,3,0,1,hemlock_highway\__main__.py,fallback_nested,21,27,9,0,0,True,hemlock_highway/__main__.py:19 yaml.load [matched yaml.load],False,,True,hemlock_highway/server/user_mgmt/models/user.py:0 class User [matched <class subclasses model base>],False,,False,,True,hemlock_highway/server/server.py:17 flask.Flask [matched Flask],"unverified: missing stages: data_preparation, training, evaluation"
https://github.com/alxmrs/CrashAnalysisTool,no_dockerfile,False,0,0,0,,,0,0,0,0,0,False,,False,,False,,False,,False,,False,,no Dockerfile and no fallback entry point found
https://github.com/developer69K/StrangerThings,no_dockerfile,False,0,0,0,,,0,0,0,0,0,False,,False,,False,,False,,False,,False,,no Dockerfile and no fallback entry point found
https://github.com/nikhilsaldanha/stance-detection,no_dockerfile,False,0,0,0,,,0,0,0,0,0,False,,False,,False,,False,,False,,False,,no Dockerfile and no fallback entry point found
https://github.com/Kousi-ops/Cloud,no_dockerfile,False,0,0,0,,,0,0,0,0,0,False,,False,,False,,False,,False,,False,,no Dockerfile and no fallback entry point found
https://github.com/Duegan24/Final_Project,no_dockerfile,False,0,0,0,,,0,0,0,0,0,False,,False,,False,,False,,False,,False,,no Dockerfile and no fallback entry point found
https://github.com/boliqq07/mgetool,ok,False,0,0,1,mgetool\cli\main.py,fallback_console_script,2,2,1,0,1,False,,False,,False,,False,,False,,False,,"unverified: missing stages: data_acquisition, data_preparation, modeling, training, evaluation, inference"
https://github.com/coffeeling12/deep-learning-v2-pytorch,no_dockerfile,False,0,0,0,,,0,0,0,0,0,False,,False,,False,,False,,False,,False,,no Dockerfile and no fallback entry point found
https://github.com/carderne/minigrid-optimiser,no_dockerfile,False,0,0,0,,,0,0,0,0,0,False,,False,,False,,False,,False,,False,,no Dockerfile and no fallback entry point found
https://github.com/nissy-dev/competition-practice,no_dockerfile,False,0,0,0,,,0,0,0,0,0,False,,False,,False,,False,,False,,False,,no Dockerfile and no fallback entry point found
https://github.com/uf-hobi-informatics-lab/ClinicalTransformerRelationExtraction,no_dockerfile,False,0,0,0,,,0,0,0,0,0,False,,False,,False,,False,,False,,False,,no Dockerfile and no fallback entry point found
https://github.com/filiperfernandes/PRI-labs,no_dockerfile,False,0,0,0,,,0,0,0,0,0,False,,False,,False,,False,,False,,False,,no Dockerfile and no fallback entry point found
https://github.com/matthew-jones-uk/face-recognition-nea,no_dockerfile,False,0,0,0,,,0,0,0,0,0,False,,False,,False,,False,,False,,False,,no Dockerfile and no fallback entry point found
https://github.com/r9y9/nnmnkwii,no_dockerfile,False,0,0,0,,,0,0,0,0,0,False,,False,,False,,False,,False,,False,,no Dockerfile and no fallback entry point found
https://github.com/phamthuonghai/LCT-works,no_dockerfile,False,0,0,0,,,0,0,0,0,0,False,,False,,False,,False,,False,,False,,no Dockerfile and no fallback entry point found
https://github.com/pipe11/TFM_fake_news_detector,no_dockerfile,False,0,0,0,,,0,0,0,0,0,False,,False,,False,,False,,False,,False,,no Dockerfile and no fallback entry point found
https://github.com/LEE-SEON-WOO/DL-Tutorials-Py_or_Tf,no_dockerfile,False,0,0,0,,,0,0,0,0,0,False,,False,,False,,False,,False,,False,,no Dockerfile and no fallback entry point found
https://github.com/icd-codex/icd-codex,no_dockerfile,False,0,0,0,,,0,0,0,0,0,False,,False,,False,,False,,False,,False,,no Dockerfile and no fallback entry point found
https://github.com/pasmai/introduction_to_machine_learning,ok,False,0,0,1,task0\main.py,fallback_nested,1,1,0,0,0,False,,False,,False,,False,,False,,False,,"unverified: missing stages: data_acquisition, data_preparation, modeling, training, evaluation, inference"
https://github.com/OZA15015/pruning,no_dockerfile,False,0,0,0,,,0,0,0,0,0,False,,False,,False,,False,,False,,False,,no Dockerfile and no fallback entry point found
https://github.com/kavinsrinaath/Vehicle_Loan_Default_Prediction,ok,False,2,1,1,app\main.py,fallback_nested,1,1,0,0,0,True,app/main.py:23 pickle.load [matched pickle.load],False,,False,,False,,False,,True,app/main.py:15 fastapi.FastAPI [matched FastAPI],"unverified: missing stages: data_preparation, modeling, training, evaluation"
https://github.com/bigmlcom/sensenet,no_dockerfile,False,0,0,0,,,0,0,0,0,0,False,,False,,False,,False,,False,,False,,no Dockerfile and no fallback entry point found
https://github.com/yooli23/ParlAI,ok,False,5,0,1,parlai\__main__.py,fallback_nested,25,546,5,0,8,True,parlai/core/opt.py:128 json.load [matched json.load],True,parlai/core/image_featurizers.py:95 self.transforms.Compose [matched transforms.Compose],True,parlai/utils/torch.py:0 class IdentityLayer [matched <class subclasses model base>],False,,True,parlai/core/metrics.py:452 nltk.translate.bleu_score.sentence_bleu [matched sentence_bleu],True,parlai/core/image_featurizers.py:179 self.torch.no_grad [matched torch.no_grad],unverified: missing stages: training
https://github.com/Lab41/Magnolia,no_entry,False,0,1,0,,,0,0,0,0,0,False,,False,,False,,False,,False,,False,,Dockerfile(s) found but no Python entry point could be resolved
https://github.com/pycroscopy/atomai,no_entry,False,0,1,0,,,0,0,0,0,0,False,,False,,False,,False,,False,,False,,Dockerfile(s) found but no Python entry point could be resolved
https://github.com/Makotowicz/fake_news_buster,no_dockerfile,False,0,0,0,,,0,0,0,0,0,False,,False,,False,,False,,False,,False,,no Dockerfile and no fallback entry point found
https://github.com/iloveslowfood/SamsungCard2020,no_dockerfile,False,0,0,0,,,0,0,0,0,0,False,,False,,False,,False,,False,,False,,no Dockerfile and no fallback entry point found
https://github.com/collaborative-robotics/ABT,no_dockerfile,False,0,0,0,,,0,0,0,0,0,False,,False,,False,,False,,False,,False,,no Dockerfile and no fallback entry point found
https://github.com/pytheasteam/pytheas_agent_service,no_dockerfile,False,0,0,0,,,0,0,0,0,0,False,,False,,False,,False,,False,,False,,no Dockerfile and no fallback entry point found
https://github.com/ericgwu715/machine_learning_project-,no_dockerfile,False,0,0,0,,,0,0,0,0,0,False,,False,,False,,False,,False,,False,,no Dockerfile and no fallback entry point found
https://github.com/HansBre/TDT4215,no_dockerfile,False,0,0,0,,,0,0,0,0,0,False,,False,,False,,False,,False,,False,,no Dockerfile and no fallback entry point found
https://github.com/g-delrieu/greenr,ok,False,0,0,1,greenr\app.py,fallback_nested,1,3,0,0,0,False,,False,,False,,False,,False,,False,,"unverified: missing stages: data_acquisition, data_preparation, modeling, training, evaluation, inference"
https://github.com/PiotrZiolo/deep-learning-nn-udacity,no_dockerfile,False,0,0,0,,,0,0,0,0,0,False,,False,,False,,False,,False,,False,,no Dockerfile and no fallback entry point found
https://github.com/Rurbinasal/AIRBNB-Berlin-Listing-Price-Indicator,no_dockerfile,False,0,0,0,,,0,0,0,0,0,False,,False,,False,,False,,False,,False,,no Dockerfile and no fallback entry point found
https://github.com/a-lavia/METNUM-2019-TP2,no_dockerfile,False,0,0,0,,,0,0,0,0,0,False,,False,,False,,False,,False,,False,,no Dockerfile and no fallback entry point found
https://github.com/tzamalisp/gsoc-music-classification-sklearn,no_dockerfile,False,0,0,0,,,0,0,0,0,0,False,,False,,False,,False,,False,,False,,no Dockerfile and no fallback entry point found
https://github.com/JOTELLECHEA/neural_networks,no_dockerfile,False,0,0,0,,,0,0,0,0,0,False,,False,,False,,False,,False,,False,,no Dockerfile and no fallback entry point found
https://github.com/anonymousseresearcher/EarlyDefectPrediction,no_dockerfile,False,0,0,0,,,0,0,0,0,0,False,,False,,False,,False,,False,,False,,no Dockerfile and no fallback entry point found
https://github.com/tc18fwd/SpringBoard,no_dockerfile,False,0,0,0,,,0,0,0,0,0,False,,False,,False,,False,,False,,False,,no Dockerfile and no fallback entry point found
https://github.com/lipopo/traffic_flow_multi_model_predict,ok,False,5,0,1,tasks\__main__.py,fallback_nested,38,168,5,0,1,True,data/xlsx_reader.py:8 pd.read_excel [matched pd.read_excel],True,data/xlsx_reader.py:11 pd.to_datetime [matched pd.to_datetime],True,tasks/model_tasks.py:80 Model [matched Model],True,tasks/model_tasks.py:83 model.fit [matched model.fit],False,,True,model/bp.py:92 self.model.predict [matched model.predict],unverified: missing stages: evaluation
https://github.com/hPark0811/live-there,no_dockerfile,False,0,0,0,,,0,0,0,0,0,False,,False,,False,,False,,False,,False,,no Dockerfile and no fallback entry point found
https://github.com/hannari-python/tutorial,no_dockerfile,False,0,0,0,,,0,0,0,0,0,False,,False,,False,,False,,False,,False,,no Dockerfile and no fallback entry point found
https://github.com/Tiff923/ALICE,no_entry,False,0,15,0,,,0,0,0,0,0,False,,False,,False,,False,,False,,False,,Dockerfile(s) found but no Python entry point could be resolved
https://github.com/robachkaya/LrnXPAnaToolbox,ok,False,0,0,1,LrnXPAnaToolbox\__main__.py,fallback_nested,1,1,0,0,0,False,,False,,False,,False,,False,,False,,"unverified: missing stages: data_acquisition, data_preparation, modeling, training, evaluation, inference"
https://github.com/singnet/covid-simulation,no_entry,False,0,1,0,,,0,0,0,0,0,False,,False,,False,,False,,False,,False,,Dockerfile(s) found but no Python entry point could be resolved
https://github.com/PrashantKumar98/CS50-AI,no_dockerfile,False,0,0,0,,,0,0,0,0,0,False,,False,,False,,False,,False,,False,,no Dockerfile and no fallback entry point found
https://github.com/bigdata-3team/Sign-Language-Translator,no_dockerfile,False,0,0,0,,,0,0,0,0,0,False,,False,,False,,False,,False,,False,,no Dockerfile and no fallback entry point found
https://github.com/SamuelLawrence876/Twitter-Sentiment-Stocks-deployment,no_dockerfile,False,0,0,0,,,0,0,0,0,0,False,,False,,False,,False,,False,,False,,no Dockerfile and no fallback entry point found
https://github.com/sarwansingh/Python,no_dockerfile,False,0,0,0,,,0,0,0,0,0,False,,False,,False,,False,,False,,False,,no Dockerfile and no fallback entry point found
https://github.com/evanpaliotta/Financial_Dashboard,no_dockerfile,False,0,0,0,,,0,0,0,0,0,False,,False,,False,,False,,False,,False,,no Dockerfile and no fallback entry point found
https://github.com/19910101bacon/scikit-learn-migo,no_dockerfile,False,0,0,0,,,0,0,0,0,0,False,,False,,False,,False,,False,,False,,no Dockerfile and no fallback entry point found
https://github.com/FrantisekSefcik/interpretable-nn,no_entry,False,0,1,0,,,0,0,0,0,0,False,,False,,False,,False,,False,,False,,Dockerfile(s) found but no Python entry point could be resolved
https://github.com/cjcannings/FinalYearProject,no_dockerfile,False,0,0,0,,,0,0,0,0,0,False,,False,,False,,False,,False,,False,,no Dockerfile and no fallback entry point found
https://github.com/tsitsimis/disjunctive-normal-networks,no_dockerfile,False,0,0,0,,,0,0,0,0,0,False,,False,,False,,False,,False,,False,,no Dockerfile and no fallback entry point found
https://github.com/lwang114/SeeSegmentAlign,no_dockerfile,False,0,0,0,,,0,0,0,0,0,False,,False,,False,,False,,False,,False,,no Dockerfile and no fallback entry point found
https://github.com/BMJHayward/navtome,no_dockerfile,False,0,0,0,,,0,0,0,0,0,False,,False,,False,,False,,False,,False,,no Dockerfile and no fallback entry point found
https://github.com/dionman/beta-cores,no_dockerfile,False,0,0,0,,,0,0,0,0,0,False,,False,,False,,False,,False,,False,,no Dockerfile and no fallback entry point found
https://github.com/tabisheva/uncertainty_estimation_on_graphs,no_dockerfile,False,0,0,0,,,0,0,0,0,0,False,,False,,False,,False,,False,,False,,no Dockerfile and no fallback entry point found
https://github.com/BCJuan/SpArSeMod,no_dockerfile,False,0,0,0,,,0,0,0,0,0,False,,False,,False,,False,,False,,False,,no Dockerfile and no fallback entry point found
https://github.com/FeryET/lda_classification,no_dockerfile,False,0,0,0,,,0,0,0,0,0,False,,False,,False,,False,,False,,False,,no Dockerfile and no fallback entry point found
https://github.com/Med-Cab-2020-Aug-PT/ML,ok,False,2,0,1,app\main.py,fallback_nested,2,29,1,0,0,True,app/data.py:24 pd.read_csv [matched pd.read_csv],False,,False,,False,,False,,True,app/main.py:12 flask.Flask [matched Flask],"unverified: missing stages: data_preparation, modeling, training, evaluation"
https://github.com/Gerdome/psda-group4-assignment-2,no_dockerfile,False,0,0,0,,,0,0,0,0,0,False,,False,,False,,False,,False,,False,,no Dockerfile and no fallback entry point found
https://github.com/ramunen/data-cleaning-prep-processing,no_dockerfile,False,0,0,0,,,0,0,0,0,0,False,,False,,False,,False,,False,,False,,no Dockerfile and no fallback entry point found
https://github.com/taigereye/cs91r,no_dockerfile,False,0,0,0,,,0,0,0,0,0,False,,False,,False,,False,,False,,False,,no Dockerfile and no fallback entry point found
https://github.com/fzdy1914/FYP,no_dockerfile,False,0,0,0,,,0,0,0,0,0,False,,False,,False,,False,,False,,False,,no Dockerfile and no fallback entry point found
https://github.com/rrrrind/hangout-manager,no_entry,False,0,4,0,,,0,0,0,0,0,False,,False,,False,,False,,False,,False,,Dockerfile(s) found but no Python entry point could be resolved
https://github.com/s2t2/tweet-analysis-2020,no_dockerfile,False,0,0,0,,,0,0,0,0,0,False,,False,,False,,False,,False,,False,,no Dockerfile and no fallback entry point found
https://github.com/Data-Science-Project-G13/monitoring-athletes-performance,ok,False,0,0,1,main\main.py,fallback_nested,1,2,0,0,0,False,,False,,False,,False,,False,,False,,"unverified: missing stages: data_acquisition, data_preparation, modeling, training, evaluation, inference"
https://github.com/tpgmartin/inm363-individual-project,no_dockerfile,False,0,0,0,,,0,0,0,0,0,False,,False,,False,,False,,False,,False,,no Dockerfile and no fallback entry point found
https://github.com/callistachang/SLMDash,no_dockerfile,False,0,0,0,,,0,0,0,0,0,False,,False,,False,,False,,False,,False,,no Dockerfile and no fallback entry point found
https://github.com/leerik/OC_DS_P7,no_dockerfile,False,0,0,0,,,0,0,0,0,0,False,,False,,False,,False,,False,,False,,no Dockerfile and no fallback entry point found
https://github.com/princepatel-9224/Data-Science-Projects,no_dockerfile,False,0,0,0,,,0,0,0,0,0,False,,False,,False,,False,,False,,False,,no Dockerfile and no fallback entry point found
https://github.com/wszenic/MSD_pytorch,ok,False,5,0,1,MSD\__main__.py,fallback_nested,5,22,2,0,0,True,MSD/trainer/trainer.py:192 def prepare_data [matched <lightning hook prepare_data>],True,MSD/trainer/trainer.py:37 torchvision.transforms.Normalize [matched torchvision.transforms.*],True,MSD/trainer/trainer.py:0 class NeuralNetworkLearner [matched <class subclasses model base>],True,MSD/__main__.py:11 neptune.init [matched neptune.init],True,MSD/trainer/trainer.py:135 def validation_step [matched <lightning hook validation_step>],False,,unverified: missing stages: inference
https://github.com/michalkaj/active-labeling,no_dockerfile,False,0,0,0,,,0,0,0,0,0,False,,False,,False,,False,,False,,False,,no Dockerfile and no fallback entry point found
https://github.com/ishaandey/node,no_dockerfile,False,0,0,0,,,0,0,0,0,0,False,,False,,False,,False,,False,,False,,no Dockerfile and no fallback entry point found
https://github.com/MaayanLab/BioToolStory,no_entry,False,0,2,0,,,0,0,0,0,0,False,,False,,False,,False,,False,,False,,Dockerfile(s) found but no Python entry point could be resolved
https://github.com/myESM/ESM,no_entry,False,0,10,0,,,0,0,0,0,0,False,,False,,False,,False,,False,,False,,Dockerfile(s) found but no Python entry point could be resolved
https://github.com/MarcKletz/OMR-MeasureRecognition,no_dockerfile,False,0,0,0,,,0,0,0,0,0,False,,False,,False,,False,,False,,False,,no Dockerfile and no fallback entry point found
https://github.com/google-research/agent-based-epidemic-sim,no_entry,False,0,1,0,,,0,0,0,0,0,False,,False,,False,,False,,False,,False,,Dockerfile(s) found but no Python entry point could be resolved
https://github.com/UEF-BBC/nippy,no_dockerfile,False,0,0,0,,,0,0,0,0,0,False,,False,,False,,False,,False,,False,,no Dockerfile and no fallback entry point found
https://github.com/vijaygopalgg/Vijays_Projects,no_entry,False,0,2,0,,,0,0,0,0,0,False,,False,,False,,False,,False,,False,,Dockerfile(s) found but no Python entry point could be resolved
https://github.com/Nivitus/Machine-Learning-Projects,no_dockerfile,False,0,0,0,,,0,0,0,0,0,False,,False,,False,,False,,False,,False,,no Dockerfile and no fallback entry point found
https://github.com/thunderhoser/cira_ml_short_course,no_dockerfile,False,0,0,0,,,0,0,0,0,0,False,,False,,False,,False,,False,,False,,no Dockerfile and no fallback entry point found
https://github.com/GianniBalistreri/easyexplore,no_dockerfile,False,0,0,0,,,0,0,0,0,0,False,,False,,False,,False,,False,,False,,no Dockerfile and no fallback entry point found
https://github.com/accubits/AI-Research,ok,False,1,3,1,VoiceCon\app.py,fallback_nested,1,3,0,0,0,False,,False,,False,,False,,False,,True,VoiceCon/app.py:6 flask.Flask [matched Flask],"unverified: missing stages: data_acquisition, data_preparation, modeling, training, evaluation"
https://github.com/susumuasaga/mslearn-aml-labs,no_dockerfile,False,0,0,0,,,0,0,0,0,0,False,,False,,False,,False,,False,,False,,no Dockerfile and no fallback entry point found
https://github.com/SeyedAlirezaFatemi/modern-information-retrieval,ok,False,1,0,1,src\main.py,fallback_nested,3,12,2,0,0,True,src/main.py:48 json.load [matched json.load],False,,False,,False,,False,,False,,"unverified: missing stages: data_preparation, modeling, training, evaluation, inference"
https://github.com/LalliBlan/Data-Science-,no_dockerfile,False,0,0,0,,,0,0,0,0,0,False,,False,,False,,False,,False,,False,,no Dockerfile and no fallback entry point found
https://github.com/kashyapn17/DS,no_dockerfile,False,0,0,0,,,0,0,0,0,0,False,,False,,False,,False,,False,,False,,no Dockerfile and no fallback entry point found
https://github.com/nju-websoft/SPARQA,no_dockerfile,False,0,0,0,,,0,0,0,0,0,False,,False,,False,,False,,False,,False,,no Dockerfile and no fallback entry point found
https://github.com/roycephillipsjr/GA_project_3_Reddit_Classification,no_dockerfile,False,0,0,0,,,0,0,0,0,0,False,,False,,False,,False,,False,,False,,no Dockerfile and no fallback entry point found
https://github.com/peaclab/PACT,no_entry,False,0,2,0,,,0,0,0,0,0,False,,False,,False,,False,,False,,False,,Dockerfile(s) found but no Python entry point could be resolved
https://github.com/utkarsh914/Xbribe,no_dockerfile,False,0,0,0,,,0,0,0,0,0,False,,False,,False,,False,,False,,False,,no Dockerfile and no fallback entry point found
https://github.com/oliviermirat/ZebraZoom,ok,True,6,0,1,zebrazoom\__main__.py,fallback_nested,135,1097,6,0,0,True,zebrazoom/_subcommands.py:102 pd.read_excel [matched pd.read_excel],True,zebrazoom/code/dataPostProcessing/findSleepVsMoving.py:59 pd.concat [matched pd.concat],True,zebrazoom/dataAnalysis/dataanalysis/applyClustering.py:200 sklearn.cluster.KMeans [matched KMeans],True,zebrazoom/dataAnalysis/dataanalysis/applyClustering.py:205 model.fit [matched model.fit],True,zebrazoom/dataAnalysis/dataanalysis/reapplyClustering.py:163 sklearn.metrics.silhouette_score [matched silhouette_score],True,zebrazoom/dataAnalysis/dataanalysis/applyClustering.py:207 model.predict [matched model.predict],verified: all 6 stages present
https://github.com/akirasosa/mobile-semantic-segmentation,no_entry,False,0,1,0,,,0,0,0,0,0,False,,False,,False,,False,,False,,False,,Dockerfile(s) found but no Python entry point could be resolved
https://github.com/willywsm1013/transformers-for-question-generation,ok,True,6,6,1,transformers\commands\transformers_cli.py,fallback_console_script,150,2361,5,0,4,True,transformers/convert_transfo_xl_original_tf_checkpoint_to_pytorch.py:53 pickle.load [matched pickle.load],True,transformers/commands/download.py:32 transformers.AutoTokenizer.from_pretrained [matched AutoTokenizer.from_pretrained],True,transformers/commands/download.py:31 transformers.AutoModel.from_pretrained [matched AutoModel.from_pretrained],True,transformers/trainer.py:199 tensorboardX.SummaryWriter [matched SummaryWriter],True,transformers/trainer.py:604 wandb.log [matched wandb.log],True,transformers/commands/run.py:26 transformers.pipelines.pipeline [matched pipeline],verified: all 6 stages present
https://github.com/awslabs/gluon-ts,no_entry,False,0,3,2,,dockerfile,0,0,0,0,0,False,,False,,False,,False,,False,,False,,no resolved entry point yielded a usable call graph
https://github.com/imanolmorata/biosignal_classifiers,no_dockerfile,False,0,0,0,,,0,0,0,0,0,False,,False,,False,,False,,False,,False,,no Dockerfile and no fallback entry point found
https://github.com/Len-Jon/Machine-Learning-Python,no_dockerfile,False,0,0,0,,,0,0,0,0,0,False,,False,,False,,False,,False,,False,,no Dockerfile and no fallback entry point found
https://github.com/eghensley/ufc-ml,ok,False,1,0,1,src\app.py,fallback_nested,1,8,0,0,0,False,,False,,False,,False,,False,,True,src/app.py:14 flask.Flask [matched Flask],"unverified: missing stages: data_acquisition, data_preparation, modeling, training, evaluation"
https://github.com/wehr-lab/autopilot,no_dockerfile,False,0,0,0,,,0,0,0,0,0,False,,False,,False,,False,,False,,False,,no Dockerfile and no fallback entry point found
https://github.com/busraasan/BGSR-basiralab,no_dockerfile,False,0,0,0,,,0,0,0,0,0,False,,False,,False,,False,,False,,False,,no Dockerfile and no fallback entry point found
https://github.com/Stochastic-Squirrel/neural_entity_matching,no_dockerfile,False,0,0,0,,,0,0,0,0,0,False,,False,,False,,False,,False,,False,,no Dockerfile and no fallback entry point found
https://github.com/endframe-25/backend-aws,no_dockerfile,False,0,0,0,,,0,0,0,0,0,False,,False,,False,,False,,False,,False,,no Dockerfile and no fallback entry point found
https://github.com/mggg/ecological-inference,no_dockerfile,False,0,0,0,,,0,0,0,0,0,False,,False,,False,,False,,False,,False,,no Dockerfile and no fallback entry point found
https://github.com/bangdasun/kaggle_learn,no_dockerfile,False,0,0,0,,,0,0,0,0,0,False,,False,,False,,False,,False,,False,,no Dockerfile and no fallback entry point found
https://github.com/LHumpe/Assignment_NextBike-Prediction-Python-Package,no_dockerfile,False,0,0,0,,,0,0,0,0,0,False,,False,,False,,False,,False,,False,,no Dockerfile and no fallback entry point found
https://github.com/smaranjitghose/ArtCV,no_dockerfile,False,0,0,0,,,0,0,0,0,0,False,,False,,False,,False,,False,,False,,no Dockerfile and no fallback entry point found
https://github.com/core-ml/coreml,ok,False,4,1,1,training\train.py,fallback_nested,36,186,7,0,0,True,coreml/utils/io.py:47 PIL.Image.open [matched Image.open],False,,True,coreml/modules/nn.py:0 class NeuralNetworkModule [matched <class subclasses model base>],True,training/train.py:48 trainer.fit [matched trainer.fit],True,coreml/modules/nn.py:223 def validation_step [matched <lightning hook validation_step>],False,,"unverified: missing stages: data_preparation, inference"
https://github.com/asrivastava786/Artificial-Intelligence,no_dockerfile,False,0,0,0,,,0,0,0,0,0,False,,False,,False,,False,,False,,False,,no Dockerfile and no fallback entry point found
https://github.com/dronedro/droface,ok,False,1,2,1,scripts\train.py,fallback_nested,11,221,5,0,1,True,lib/image.py:269 cv2.imread [matched cv2.imread],False,,False,,False,,False,,False,,"unverified: missing stages: data_preparation, modeling, training, evaluation, inference"
https://github.com/SamVanhoutte/azure-time-travel,no_entry,False,0,1,0,,,0,0,0,0,0,False,,False,,False,,False,,False,,False,,Dockerfile(s) found but no Python entry point could be resolved
https://github.com/wgm1001/Trabajo-de-Fin-de-Grado-Plataforma-de-text-mining-sobre-repositorios,no_dockerfile,False,0,0,0,,,0,0,0,0,0,False,,False,,False,,False,,False,,False,,no Dockerfile and no fallback entry point found
https://github.com/witat/dataeng_platform,no_dockerfile,False,0,0,0,,,0,0,0,0,0,False,,False,,False,,False,,False,,False,,no Dockerfile and no fallback entry point found
https://github.com/DeepPSP/cinc2020,ok,False,5,1,1,official_phase_legacy\train.py,fallback_nested,4,35,2,0,0,True,official_phase_legacy/train.py:108 torch.utils.data.DataLoader [matched DataLoader],True,utils/scoring_aux_data.py:190 pd.concat [matched pd.concat],False,,True,official_phase_legacy/train.py:138 tensorboardX.SummaryWriter [matched SummaryWriter],True,official_phase_legacy/train.py:240 writer.add_scalar [matched writer.add_scalar],True,official_phase_legacy/train.py:368 model.eval [matched model.eval],unverified: missing stages: modeling
https://github.com/rahul-kulkarni/W210-Capstone,no_entry,False,0,15,0,,,0,0,0,0,0,False,,False,,False,,False,,False,,False,,Dockerfile(s) found but no Python entry point could be resolved
https://github.com/google-research/kubric,no_entry,False,0,4,0,,,0,0,0,0,0,False,,False,,False,,False,,False,,False,,Dockerfile(s) found but no Python entry point could be resolved
https://github.com/ManchesterBioinference/GPcounts,no_dockerfile,False,0,0,0,,,0,0,0,0,0,False,,False,,False,,False,,False,,False,,no Dockerfile and no fallback entry point found
https://github.com/thisisashukla/computer-vision,no_dockerfile,False,0,0,0,,,0,0,0,0,0,False,,False,,False,,False,,False,,False,,no Dockerfile and no fallback entry point found
https://github.com/Chuba-Oraka/workshop-ML-20200822,no_entry,False,0,53,1,,dockerfile,0,0,0,0,0,False,,False,,False,,False,,False,,False,,no resolved entry point yielded a usable call graph
https://github.com/PauPerezT/WEBERT,no_dockerfile,False,0,0,0,,,0,0,0,0,0,False,,False,,False,,False,,False,,False,,no Dockerfile and no fallback entry point found
https://github.com/sandialabs/pyapprox,no_dockerfile,False,0,0,0,,,0,0,0,0,0,False,,False,,False,,False,,False,,False,,no Dockerfile and no fallback entry point found
https://github.com/murilobellatini/newspapers-text-mining,no_entry,False,0,2,0,,,0,0,0,0,0,False,,False,,False,,False,,False,,False,,Dockerfile(s) found but no Python entry point could be resolved
https://github.com/weberdc/find_hccs,no_dockerfile,False,0,0,0,,,0,0,0,0,0,False,,False,,False,,False,,False,,False,,no Dockerfile and no fallback entry point found
https://github.com/amzn/xfer,no_dockerfile,False,0,0,0,,,0,0,0,0,0,False,,False,,False,,False,,False,,False,,no Dockerfile and no fallback entry point found
https://github.com/mkang32/feature-engineering,no_dockerfile,False,0,0,0,,,0,0,0,0,0,False,,False,,False,,False,,False,,False,,no Dockerfile and no fallback entry point found
https://github.com/schigrinov/capstone,no_dockerfile,False,0,0,0,,,0,0,0,0,0,False,,False,,False,,False,,False,,False,,no Dockerfile and no fallback entry point found
https://github.com/wplam107/scotus_rulings,ok,False,1,0,1,app\app.py,fallback_nested,1,2,0,0,0,True,app/app.py:21 pickle.load [matched pickle.load],False,,False,,False,,False,,False,,"unverified: missing stages: data_preparation, modeling, training, evaluation, inference"
https://github.com/BonnierNews/lukas-ner-model,no_dockerfile,False,0,0,0,,,0,0,0,0,0,False,,False,,False,,False,,False,,False,,no Dockerfile and no fallback entry point found
https://github.com/juan-pineda/Aurora,ok,False,0,0,1,aurora\main.py,fallback_nested,2,6,1,0,0,False,,False,,False,,False,,False,,False,,"unverified: missing stages: data_acquisition, data_preparation, modeling, training, evaluation, inference"
https://github.com/strongio/cerbero,no_dockerfile,False,0,0,0,,,0,0,0,0,0,False,,False,,False,,False,,False,,False,,no Dockerfile and no fallback entry point found
https://github.com/ChienYiChi/kaggle-panda-challenge,ok,False,2,0,1,src\train.py,fallback_nested,1,1,0,0,0,True,src/train.py:31 pd.read_csv [matched pd.read_csv],False,,False,,True,src/train.py:29 tensorboardX.SummaryWriter [matched SummaryWriter],False,,False,,"unverified: missing stages: data_preparation, modeling, evaluation, inference"
https://github.com/guptavasu1213/IoT-Traffic-Surveillance-System,no_dockerfile,False,0,0,0,,,0,0,0,0,0,False,,False,,False,,False,,False,,False,,no Dockerfile and no fallback entry point found
https://github.com/ChristopherSD/dsr-minicomp,no_dockerfile,False,0,0,0,,,0,0,0,0,0,False,,False,,False,,False,,False,,False,,no Dockerfile and no fallback entry point found
https://github.com/benedekrozemberczki/karateclub,no_dockerfile,False,0,0,0,,,0,0,0,0,0,False,,False,,False,,False,,False,,False,,no Dockerfile and no fallback entry point found
https://github.com/zhulingchen/deep-learning-v2-pytorch,no_dockerfile,False,0,0,0,,,0,0,0,0,0,False,,False,,False,,False,,False,,False,,no Dockerfile and no fallback entry point found
https://github.com/cttsai1985/kaggle-alaska2-image-steganalysis,no_entry,False,0,1,0,,,0,0,0,0,0,False,,False,,False,,False,,False,,False,,Dockerfile(s) found but no Python entry point could be resolved
https://github.com/s-a-malik/inorg-synth-graph,no_dockerfile,False,0,0,0,,,0,0,0,0,0,False,,False,,False,,False,,False,,False,,no Dockerfile and no fallback entry point found
https://github.com/Storiesbyharshit/Data-Science-Portfolio,no_dockerfile,False,0,0,0,,,0,0,0,0,0,False,,False,,False,,False,,False,,False,,no Dockerfile and no fallback entry point found
https://github.com/ninathumser/Minicomp_Team3,no_dockerfile,False,0,0,0,,,0,0,0,0,0,False,,False,,False,,False,,False,,False,,no Dockerfile and no fallback entry point found
https://github.com/2020SWChallenge-MoAI/keyword-extraction,no_dockerfile,False,0,0,0,,,0,0,0,0,0,False,,False,,False,,False,,False,,False,,no Dockerfile and no fallback entry point found
https://github.com/AmedeoD96/Citofono,no_dockerfile,False,0,0,0,,,0,0,0,0,0,False,,False,,False,,False,,False,,False,,no Dockerfile and no fallback entry point found
https://github.com/LiquidGalaxyLAB/Seasight-Forecasting,no_dockerfile,False,0,0,0,,,0,0,0,0,0,False,,False,,False,,False,,False,,False,,no Dockerfile and no fallback entry point found
https://github.com/SciSciCollective/pyscisci,no_dockerfile,False,0,0,0,,,0,0,0,0,0,False,,False,,False,,False,,False,,False,,no Dockerfile and no fallback entry point found
https://github.com/dantan0/AI,no_dockerfile,False,0,0,0,,,0,0,0,0,0,False,,False,,False,,False,,False,,False,,no Dockerfile and no fallback entry point found
https://github.com/keni-chi/Machine-Learning,no_entry,False,0,2,0,,,0,0,0,0,0,False,,False,,False,,False,,False,,False,,Dockerfile(s) found but no Python entry point could be resolved
https://github.com/D3nii/Linkedin-Learning,no_dockerfile,False,0,0,0,,,0,0,0,0,0,False,,False,,False,,False,,False,,False,,no Dockerfile and no fallback entry point found
https://github.com/MIR-MU/CompuBERT,no_dockerfile,False,0,0,0,,,0,0,0,0,0,False,,False,,False,,False,,False,,False,,no Dockerfile and no fallback entry point found
https://github.com/danilog-code/ml_projects_portuguese,no_dockerfile,False,0,0,0,,,0,0,0,0,0,False,,False,,False,,False,,False,,False,,no Dockerfile and no fallback entry point found
https://github.com/glenn-t/reinforcement-learning,no_entry,False,0,7,0,,,0,0,0,0,0,False,,False,,False,,False,,False,,False,,Dockerfile(s) found but no Python entry point could be resolved
https://github.com/timochfati/Lie-detector-,no_dockerfile,False,0,0,0,,,0,0,0,0,0,False,,False,,False,,False,,False,,False,,no Dockerfile and no fallback entry point found
https://github.com/b0gdanp3trovic/scalable-ml,no_entry,False,0,1,0,,,0,0,0,0,0,False,,False,,False,,False,,False,,False,,Dockerfile(s) found but no Python entry point could be resolved
https://github.com/ranikh97/Automatic-Diacritization-Project-,no_dockerfile,False,0,0,0,,,0,0,0,0,0,False,,False,,False,,False,,False,,False,,no Dockerfile and no fallback entry point found
https://github.com/sophia-jihye/target-extraction,ok,False,2,0,1,source\main.py,fallback_nested,1,13,0,0,0,True,source/main.py:73 pd.read_csv [matched pd.read_csv],True,source/main.py:75 pd.concat [matched pd.concat],False,,False,,False,,False,,"unverified: missing stages: modeling, training, evaluation, inference"
https://github.com/riccardotorre/DNNLikelihood_dev,no_dockerfile,False,0,0,0,,,0,0,0,0,0,False,,False,,False,,False,,False,,False,,no Dockerfile and no fallback entry point found
https://github.com/hillerlab/TOGA,no_dockerfile,False,0,0,0,,,0,0,0,0,0,False,,False,,False,,False,,False,,False,,no Dockerfile and no fallback entry point found
https://github.com/anujdutt9/Handwritten-Digit-Recognition-using-Deep-Learning,no_dockerfile,False,0,0,0,,,0,0,0,0,0,False,,False,,False,,False,,False,,False,,no Dockerfile and no fallback entry point found
https://github.com/Kronostheus/multilingual_political_context_analysis,no_dockerfile,False,0,0,0,,,0,0,0,0,0,False,,False,,False,,False,,False,,False,,no Dockerfile and no fallback entry point found
https://github.com/kingjosephm/DiscriminationMitigation,no_dockerfile,False,0,0,0,,,0,0,0,0,0,False,,False,,False,,False,,False,,False,,no Dockerfile and no fallback entry point found
https://github.com/tlawrence3/amPEPpy,ok,True,6,0,1,amPEPpy\amPEP.py,fallback_console_script,2,5,1,0,0,True,amPEPpy/amPEP.py:131 pickle.load [matched pickle.load],True,amPEPpy/amPEP.py:89 pd.concat [matched pd.concat],True,amPEPpy/amPEP.py:94 sklearn.ensemble.RandomForestClassifier [matched RandomForestClassifier],True,amPEPpy/amPEP.py:97 clf.fit [matched clf.fit],True,amPEPpy/amPEP.py:100 sklearn.metrics.balanced_accuracy_score [matched balanced_accuracy_score],True,amPEPpy/amPEP.py:168 clf.predict [matched clf.predict],verified: all 6 stages present
https://github.com/SteffiPGalway/Spam-Filter,no_dockerfile,False,0,0,0,,,0,0,0,0,0,False,,False,,False,,False,,False,,False,,no Dockerfile and no fallback entry point found
https://github.com/herruzojm/ExoplanetIA,ok,False,3,1,1,app\app.py,fallback_nested,1,14,0,0,0,True,app/app.py:150 pd.read_csv [matched pd.read_csv],True,app/app.py:153 df.apply [matched df.apply],False,,False,,False,,True,app/app.py:22 flask.Flask [matched Flask],"unverified: missing stages: modeling, training, evaluation"
https://github.com/peppocola/DeClutter-Challenge-2020,no_dockerfile,False,0,0,0,,,0,0,0,0,0,False,,False,,False,,False,,False,,False,,no Dockerfile and no fallback entry point found
https://github.com/LCMJNHT/Adversarial_Face_Attack,no_dockerfile,False,0,0,0,,,0,0,0,0,0,False,,False,,False,,False,,False,,False,,no Dockerfile and no fallback entry point found
https://github.com/ramp-kits/meg,no_dockerfile,False,0,0,0,,,0,0,0,0,0,False,,False,,False,,False,,False,,False,,no Dockerfile and no fallback entry point found
https://github.com/coruzzilab/connectf_server,no_dockerfile,False,0,0,0,,,0,0,0,0,0,False,,False,,False,,False,,False,,False,,no Dockerfile and no fallback entry point found
https://github.com/nikhilreddybilla28/play-with-ml,no_dockerfile,False,0,0,0,,,0,0,0,0,0,False,,False,,False,,False,,False,,False,,no Dockerfile and no fallback entry point found
https://github.com/jizongFox/deepclustering2,ok,False,2,0,1,deepclustering2\viewer\Viewer.py,fallback_console_script,13,118,6,0,0,True,deepclustering2/viewer/Viewer.py:318 PIL.Image.open [matched Image.open],False,,True,deepclustering2/utils/general.py:0 class Identical [matched <class subclasses model base>],False,,False,,False,,"unverified: missing stages: data_preparation, training, evaluation, inference"
https://github.com/Bk073/shell-identification-1-,ok,False,0,0,1,src\main.py,fallback_nested,1,2,0,0,0,False,,False,,False,,False,,False,,False,,"unverified: missing stages: data_acquisition, data_preparation, modeling, training, evaluation, inference"
https://github.com/fvillena/nsp,no_dockerfile,False,0,0,0,,,0,0,0,0,0,False,,False,,False,,False,,False,,False,,no Dockerfile and no fallback entry point found
https://github.com/intelligence-csd-auth-gr/greek-words-evolution,no_dockerfile,False,0,0,0,,,0,0,0,0,0,False,,False,,False,,False,,False,,False,,no Dockerfile and no fallback entry point found
https://github.com/akestoridis/zigator,ok,False,0,0,1,zigator\main.py,fallback_nested,5,5,2,0,0,False,,False,,False,,False,,False,,False,,"unverified: missing stages: data_acquisition, data_preparation, modeling, training, evaluation, inference"
https://github.com/numeristical/introspective,no_dockerfile,False,0,0,0,,,0,0,0,0,0,False,,False,,False,,False,,False,,False,,no Dockerfile and no fallback entry point found
https://github.com/kdkalvik/skeleton-action-recognition,no_dockerfile,False,0,0,0,,,0,0,0,0,0,False,,False,,False,,False,,False,,False,,no Dockerfile and no fallback entry point found
https://github.com/sbenegiano/cmepda,no_dockerfile,False,0,0,0,,,0,0,0,0,0,False,,False,,False,,False,,False,,False,,no Dockerfile and no fallback entry point found
https://github.com/cltl-students/Peter_Caine_Aspect_Extraction_Aspect_Category_Detection,no_dockerfile,False,0,0,0,,,0,0,0,0,0,False,,False,,False,,False,,False,,False,,no Dockerfile and no fallback entry point found
https://github.com/zmlabe/InternalSignal,no_dockerfile,False,0,0,0,,,0,0,0,0,0,False,,False,,False,,False,,False,,False,,no Dockerfile and no fallback entry point found
https://github.com/shengliu66/ELR,no_dockerfile,False,0,0,0,,,0,0,0,0,0,False,,False,,False,,False,,False,,False,,no Dockerfile and no fallback entry point found
https://github.com/Mozuha/Oxford-Flower-102-Classification,no_dockerfile,False,0,0,0,,,0,0,0,0,0,False,,False,,False,,False,,False,,False,,no Dockerfile and no fallback entry point found
https://github.com/JJongSue/Faker,no_entry,False,0,1,0,,,0,0,0,0,0,False,,False,,False,,False,,False,,False,,Dockerfile(s) found but no Python entry point could be resolved
https://github.com/spwhite1337/card-classifier,ok,False,2,0,1,card_classifier\download.py,fallback_console_script,2,4,1,0,0,True,card_classifier/download.py:18 requests.get [matched requests.get],True,card_classifier/download.py:55 pd.concat [matched pd.concat],False,,False,,False,,False,,"unverified: missing stages: modeling, training, evaluation, inference"
https://github.com/ctlab/ITMO_FS,no_dockerfile,False,0,0,0,,,0,0,0,0,0,False,,False,,False,,False,,False,,False,,no Dockerfile and no fallback entry point found
https://github.com/flxst/nerblackbox,ok,False,1,0,1,nerblackbox\cli.py,fallback_console_script,6,42,4,0,0,True,nerblackbox/modules/utils/util_functions.py:60 json.load [matched json.load],False,,False,,False,,False,,False,,"unverified: missing stages: data_preparation, modeling, training, evaluation, inference"
https://github.com/thomasjpfan/sksearchspace,no_dockerfile,False,0,0,0,,,0,0,0,0,0,False,,False,,False,,False,,False,,False,,no Dockerfile and no fallback entry point found
https://github.com/ihorhrysha/model-trainer,no_entry,False,0,1,0,,,0,0,0,0,0,False,,False,,False,,False,,False,,False,,Dockerfile(s) found but no Python entry point could be resolved
https://github.com/solalala-12/Self_study,no_entry,False,0,1,0,,,0,0,0,0,0,False,,False,,False,,False,,False,,False,,Dockerfile(s) found but no Python entry point could be resolved
https://github.com/undertheseanlp/underthesea,ok,False,2,4,1,underthesea\cli.py,fallback_console_script,53,355,5,0,0,True,underthesea/data_fetcher.py:26 yaml.safe_load [matched yaml.safe_load],False,,True,underthesea/pipeline/tts/viettts_/hifigan/model.py:0 class ResBlock1 [matched <class subclasses model base>],False,,False,,False,,"unverified: missing stages: data_preparation, training, evaluation, inference"
https://github.com/markmipt/scavager,ok,False,2,0,1,scavager\main.py,fallback_nested,3,22,1,0,0,True,scavager/main.py:83 pd.read_csv [matched pd.read_csv],True,scavager/main.py:96 pd.concat [matched pd.concat],False,,False,,False,,False,,"unverified: missing stages: modeling, training, evaluation, inference"
https://github.com/tee-lab/mothe,no_dockerfile,False,0,0,0,,,0,0,0,0,0,False,,False,,False,,False,,False,,False,,no Dockerfile and no fallback entry point found
https://github.com/shday/dash-bio,no_dockerfile,False,0,0,0,,,0,0,0,0,0,False,,False,,False,,False,,False,,False,,no Dockerfile and no fallback entry point found
https://github.com/annemariemichaud/catchafish,no_dockerfile,False,0,0,0,,,0,0,0,0,0,False,,False,,False,,False,,False,,False,,no Dockerfile and no fallback entry point found
https://github.com/divypandya/CS-50-AI-Projects,no_dockerfile,False,0,0,0,,,0,0,0,0,0,False,,False,,False,,False,,False,,False,,no Dockerfile and no fallback entry point found
https://github.com/jkchandalia/toximeter,ok,False,0,0,1,toxicity\command_line.py,fallback_console_script,2,1,1,0,0,False,,False,,False,,False,,False,,False,,"unverified: missing stages: data_acquisition, data_preparation, modeling, training, evaluation, inference"
https://github.com/manu05X/DATA-SCIENCE,no_dockerfile,False,0,0,0,,,0,0,0,0,0,False,,False,,False,,False,,False,,False,,no Dockerfile and no fallback entry point found
https://github.com/teomores/Oracle_HPC_contest,no_dockerfile,False,0,0,0,,,0,0,0,0,0,False,,False,,False,,False,,False,,False,,no Dockerfile and no fallback entry point found
https://github.com/prerak12agarwal/GA_DSI_Projects,no_dockerfile,False,0,0,0,,,0,0,0,0,0,False,,False,,False,,False,,False,,False,,no Dockerfile and no fallback entry point found
https://github.com/vkreat-tech/ctrl4ai,no_dockerfile,False,0,0,0,,,0,0,0,0,0,False,,False,,False,,False,,False,,False,,no Dockerfile and no fallback entry point found
https://github.com/aguiarandre/labs-parttime-202001,no_dockerfile,False,0,0,0,,,0,0,0,0,0,False,,False,,False,,False,,False,,False,,no Dockerfile and no fallback entry point found
https://github.com/BW-Subreddit-Predictor-1/data-science,no_dockerfile,False,0,0,0,,,0,0,0,0,0,False,,False,,False,,False,,False,,False,,no Dockerfile and no fallback entry point found
https://github.com/RU-System-Software-and-Security/CovTesting,no_dockerfile,False,0,0,0,,,0,0,0,0,0,False,,False,,False,,False,,False,,False,,no Dockerfile and no fallback entry point found
https://github.com/noemiernst/StackExchangeMathDataset,no_dockerfile,False,0,0,0,,,0,0,0,0,0,False,,False,,False,,False,,False,,False,,no Dockerfile and no fallback entry point found
https://github.com/Nrao1009/MACHINE-L-USING-PYTHON,no_dockerfile,False,0,0,0,,,0,0,0,0,0,False,,False,,False,,False,,False,,False,,no Dockerfile and no fallback entry point found
https://github.com/chiraghr7/Machine-Learning_Python,no_dockerfile,False,0,0,0,,,0,0,0,0,0,False,,False,,False,,False,,False,,False,,no Dockerfile and no fallback entry point found
https://github.com/kusumikakd/ML_python,no_dockerfile,False,0,0,0,,,0,0,0,0,0,False,,False,,False,,False,,False,,False,,no Dockerfile and no fallback entry point found
https://github.com/allenai/covid-sim,no_entry,False,0,4,0,,,0,0,0,0,0,False,,False,,False,,False,,False,,False,,Dockerfile(s) found but no Python entry point could be resolved
https://github.com/Chalcym/AWS_datascience_workshop,no_entry,False,0,11,0,,,0,0,0,0,0,False,,False,,False,,False,,False,,False,,Dockerfile(s) found but no Python entry point could be resolved
https://github.com/chekanskiy/covid-19-data-exploration,no_entry,False,0,1,0,,,0,0,0,0,0,False,,False,,False,,False,,False,,False,,Dockerfile(s) found but no Python entry point could be resolved
https://github.com/aravind1338/MachineOlfaction,no_dockerfile,False,0,0,0,,,0,0,0,0,0,False,,False,,False,,False,,False,,False,,no Dockerfile and no fallback entry point found
https://github.com/felix-clark/nflstats,no_dockerfile,False,0,0,0,,,0,0,0,0,0,False,,False,,False,,False,,False,,False,,no Dockerfile and no fallback entry point found
https://github.com/MarkusKiesel93/visualize_covid-19,no_dockerfile,False,0,0,0,,,0,0,0,0,0,False,,False,,False,,False,,False,,False,,no Dockerfile and no fallback entry point found
https://github.com/ChewKinWhye/nanoGAN,no_dockerfile,False,0,0,0,,,0,0,0,0,0,False,,False,,False,,False,,False,,False,,no Dockerfile and no fallback entry point found
https://github.com/karenlarson/MelanomaSentinel,no_dockerfile,False,0,0,0,,,0,0,0,0,0,False,,False,,False,,False,,False,,False,,no Dockerfile and no fallback entry point found
https://github.com/Osgoode-Queens/NLP_Read_Before_You_Agree,no_dockerfile,False,0,0,0,,,0,0,0,0,0,False,,False,,False,,False,,False,,False,,no Dockerfile and no fallback entry point found
https://github.com/cansyl/DEEPScreen,no_dockerfile,False,0,0,0,,,0,0,0,0,0,False,,False,,False,,False,,False,,False,,no Dockerfile and no fallback entry point found
https://github.com/MachineLP/Pytorch_multi_task_classifier,no_entry,False,0,1,0,,,0,0,0,0,0,False,,False,,False,,False,,False,,False,,Dockerfile(s) found but no Python entry point could be resolved
https://github.com/Nixtla/tsfeatures,no_dockerfile,False,0,0,0,,,0,0,0,0,0,False,,False,,False,,False,,False,,False,,no Dockerfile and no fallback entry point found
https://github.com/haohao11/MCENET,no_dockerfile,False,0,0,0,,,0,0,0,0,0,False,,False,,False,,False,,False,,False,,no Dockerfile and no fallback entry point found
https://github.com/pdasilva11/jenkins-python-test,ok,False,1,0,1,irisvmpy\iris.py,fallback_console_script,1,1,0,0,0,False,,False,,True,irisvmpy/iris.py:21 sklearn.svm.SVC [matched SVC],False,,False,,False,,"unverified: missing stages: data_acquisition, data_preparation, training, evaluation, inference"
https://github.com/berkayalpcakal/tum-adlr-ss20-02,ok,False,2,0,1,multi_goal\main.py,fallback_nested,7,95,3,0,0,False,,True,multi_goal/envs/__init__.py:52 sklearn.preprocessing.MinMaxScaler [matched MinMaxScaler],True,multi_goal/LSGAN.py:0 class Generator [matched <class subclasses model base>],False,,False,,False,,"unverified: missing stages: data_acquisition, training, evaluation, inference"
https://github.com/crunes/covid_decarceration,no_dockerfile,False,0,0,0,,,0,0,0,0,0,False,,False,,False,,False,,False,,False,,no Dockerfile and no fallback entry point found
https://github.com/xuetf/KDD_CUP_2020_Debiasing_Rush,ok,False,0,0,1,code\main.py,fallback_nested,1,0,0,0,0,False,,False,,False,,False,,False,,False,,"unverified: missing stages: data_acquisition, data_preparation, modeling, training, evaluation, inference"
https://github.com/st-tech/zr-obp,no_dockerfile,False,0,0,0,,,0,0,0,0,0,False,,False,,False,,False,,False,,False,,no Dockerfile and no fallback entry point found
https://github.com/FalkonML/falkon,no_dockerfile,False,0,0,0,,,0,0,0,0,0,False,,False,,False,,False,,False,,False,,no Dockerfile and no fallback entry point found
https://github.com/kumayu0108/Deep-Learning-Using-PyTorch,no_dockerfile,False,0,0,0,,,0,0,0,0,0,False,,False,,False,,False,,False,,False,,no Dockerfile and no fallback entry point found
https://github.com/cheesama/DIET-pytorch,no_dockerfile,False,0,0,0,,,0,0,0,0,0,False,,False,,False,,False,,False,,False,,no Dockerfile and no fallback entry point found
https://github.com/yoavfreund/shapeology_code,no_dockerfile,False,0,0,0,,,0,0,0,0,0,False,,False,,False,,False,,False,,False,,no Dockerfile and no fallback entry point found
https://github.com/asmith26/pandas_toolkit,no_dockerfile,False,0,0,0,,,0,0,0,0,0,False,,False,,False,,False,,False,,False,,no Dockerfile and no fallback entry point found
https://github.com/dapivei/data-product-architecture-final-project,no_entry,False,0,2,0,,,0,0,0,0,0,False,,False,,False,,False,,False,,False,,Dockerfile(s) found but no Python entry point could be resolved
https://github.com/danielvarga/repulsive-autoencoder,no_dockerfile,False,0,0,0,,,0,0,0,0,0,False,,False,,False,,False,,False,,False,,no Dockerfile and no fallback entry point found
https://github.com/PyTorchLightning/lightning-bolts,no_dockerfile,False,0,0,0,,,0,0,0,0,0,False,,False,,False,,False,,False,,False,,no Dockerfile and no fallback entry point found
https://github.com/BarreiroLindoF/simgait,no_dockerfile,False,0,0,0,,,0,0,0,0,0,False,,False,,False,,False,,False,,False,,no Dockerfile and no fallback entry point found
https://github.com/four-insightfellows-corona-project/social_distancing,no_dockerfile,False,0,0,0,,,0,0,0,0,0,False,,False,,False,,False,,False,,False,,no Dockerfile and no fallback entry point found
https://github.com/cmarshal/deep-learning-v2-pytorch,no_dockerfile,False,0,0,0,,,0,0,0,0,0,False,,False,,False,,False,,False,,False,,no Dockerfile and no fallback entry point found
https://github.com/aslansd/pyGLMHMM,no_dockerfile,False,0,0,0,,,0,0,0,0,0,False,,False,,False,,False,,False,,False,,no Dockerfile and no fallback entry point found
https://github.com/tsailiming/datascience-examples,no_dockerfile,False,0,0,0,,,0,0,0,0,0,False,,False,,False,,False,,False,,False,,no Dockerfile and no fallback entry point found
https://github.com/nyu-mll/jiant,no_dockerfile,False,0,0,0,,,0,0,0,0,0,False,,False,,False,,False,,False,,False,,no Dockerfile and no fallback entry point found
https://github.com/np-core/nanopath,clone_failed,False,0,0,0,,,0,0,0,0,0,False,,False,,False,,False,,False,,False,,remote: Repository not found.
https://github.com/salilkanitkar/responsible_ai_hackathon,no_dockerfile,False,0,0,0,,,0,0,0,0,0,False,,False,,False,,False,,False,,False,,no Dockerfile and no fallback entry point found
https://github.com/MikeJonesBYU/movesense--server,no_dockerfile,False,0,0,0,,,0,0,0,0,0,False,,False,,False,,False,,False,,False,,no Dockerfile and no fallback entry point found
https://github.com/BiomedicalMachineLearning/stLearn,no_dockerfile,False,0,0,0,,,0,0,0,0,0,False,,False,,False,,False,,False,,False,,no Dockerfile and no fallback entry point found
https://github.com/m-ft/Assignment2,no_dockerfile,False,0,0,0,,,0,0,0,0,0,False,,False,,False,,False,,False,,False,,no Dockerfile and no fallback entry point found
https://github.com/bartulem/KISN-PyLab,no_dockerfile,False,0,0,0,,,0,0,0,0,0,False,,False,,False,,False,,False,,False,,no Dockerfile and no fallback entry point found
https://github.com/bethgelab/bwki-weekly-tasks,no_dockerfile,False,0,0,0,,,0,0,0,0,0,False,,False,,False,,False,,False,,False,,no Dockerfile and no fallback entry point found
https://github.com/lzx325/COVID-19-repo,no_dockerfile,False,0,0,0,,,0,0,0,0,0,False,,False,,False,,False,,False,,False,,no Dockerfile and no fallback entry point found
https://github.com/crispin-nosidam/2020sp-vec2rec-crispin-nosidam,ok,False,2,1,1,vec2rec\__main__.py,fallback_nested,5,31,2,0,0,True,vec2rec/cli.py:277 pd.read_parquet [matched pd.read_parquet],True,vec2rec/models/nlpmodels.py:72 sklearn.model_selection.train_test_split [matched train_test_split],False,,False,,False,,False,,"unverified: missing stages: modeling, training, evaluation, inference"
https://github.com/vlevorato/dsbox,no_dockerfile,False,0,0,0,,,0,0,0,0,0,False,,False,,False,,False,,False,,False,,no Dockerfile and no fallback entry point found
https://github.com/skotagiri95/Oil-and-Dollar-Value-Analysis-,no_dockerfile,False,0,0,0,,,0,0,0,0,0,False,,False,,False,,False,,False,,False,,no Dockerfile and no fallback entry point found
https://github.com/cristealab/TRANSPIRE_JASMS2020,no_dockerfile,False,0,0,0,,,0,0,0,0,0,False,,False,,False,,False,,False,,False,,no Dockerfile and no fallback entry point found
https://github.com/Alex-Lekov/AutoML_Alex,no_entry,False,0,2,0,,,0,0,0,0,0,False,,False,,False,,False,,False,,False,,Dockerfile(s) found but no Python entry point could be resolved
https://github.com/pulp-platform/nemo,no_dockerfile,False,0,0,0,,,0,0,0,0,0,False,,False,,False,,False,,False,,False,,no Dockerfile and no fallback entry point found
https://github.com/atulyasharma/AlgorithmicDigitalMarketing,no_dockerfile,False,0,0,0,,,0,0,0,0,0,False,,False,,False,,False,,False,,False,,no Dockerfile and no fallback entry point found
https://github.com/nzaker/ATOMAP,ok,False,3,0,1,atomap\main.py,fallback_nested,16,313,3,0,0,True,atomap/io.py:27 h5py.File [matched h5py.File],False,,True,atomap/tools.py:971 sklearn.cluster.DBSCAN [matched DBSCAN],True,atomap/atom_finding_refining.py:905 model.fit [matched model.fit],False,,False,,"unverified: missing stages: data_preparation, evaluation, inference"
https://github.com/ssl-oyamata/postgres_opttune,no_entry,False,0,3,0,,,0,0,0,0,0,False,,False,,False,,False,,False,,False,,Dockerfile(s) found but no Python entry point could be resolved
https://github.com/checkifcovid/data-science-experiments,no_dockerfile,False,0,0,0,,,0,0,0,0,0,False,,False,,False,,False,,False,,False,,no Dockerfile and no fallback entry point found
https://github.com/mengzaiqiao/cikm_rerun,no_entry,False,0,1,0,,,0,0,0,0,0,False,,False,,False,,False,,False,,False,,Dockerfile(s) found but no Python entry point could be resolved
https://github.com/mkrish14/COVID-19-Forecasting,no_dockerfile,False,0,0,0,,,0,0,0,0,0,False,,False,,False,,False,,False,,False,,no Dockerfile and no fallback entry point found
https://github.com/serivan/mldmlab,no_entry,False,0,1,0,,,0,0,0,0,0,False,,False,,False,,False,,False,,False,,Dockerfile(s) found but no Python entry point could be resolved
https://github.com/EgorVoron/pixelate-gpu,no_dockerfile,False,0,0,0,,,0,0,0,0,0,False,,False,,False,,False,,False,,False,,no Dockerfile and no fallback entry point found
https://github.com/spencer-zhang-pku/ant-learn-pandas,no_dockerfile,False,0,0,0,,,0,0,0,0,0,False,,False,,False,,False,,False,,False,,no Dockerfile and no fallback entry point found
https://github.com/tshepojrampai/OOP_for_data_science,no_dockerfile,False,0,0,0,,,0,0,0,0,0,False,,False,,False,,False,,False,,False,,no Dockerfile and no fallback entry point found
https://github.com/dainst/image_processing,no_entry,False,0,3,0,,,0,0,0,0,0,False,,False,,False,,False,,False,,False,,Dockerfile(s) found but no Python entry point could be resolved
https://github.com/eqasim-org/ile-de-france,no_entry,False,0,2,0,,,0,0,0,0,0,False,,False,,False,,False,,False,,False,,Dockerfile(s) found but no Python entry point could be resolved
https://github.com/remy-wolf/burn_severity,no_entry,False,0,1,0,,,0,0,0,0,0,False,,False,,False,,False,,False,,False,,Dockerfile(s) found but no Python entry point could be resolved
https://github.com/DigitalPhonetics/adviser,no_dockerfile,False,0,0,0,,,0,0,0,0,0,False,,False,,False,,False,,False,,False,,no Dockerfile and no fallback entry point found
https://github.com/SoniaLei/nlp-web-scrapping,ok,False,0,0,1,src\run.py,fallback_nested,1,2,0,0,0,False,,False,,False,,False,,False,,False,,"unverified: missing stages: data_acquisition, data_preparation, modeling, training, evaluation, inference"
https://github.com/allenai/scifact,no_dockerfile,False,0,0,0,,,0,0,0,0,0,False,,False,,False,,False,,False,,False,,no Dockerfile and no fallback entry point found
https://github.com/mtkwT/Hessian-analysis-with-tensotflow2.x,no_entry,False,0,1,0,,,0,0,0,0,0,False,,False,,False,,False,,False,,False,,Dockerfile(s) found but no Python entry point could be resolved
https://github.com/HaZdula/alcohol_romantics,no_dockerfile,False,0,0,0,,,0,0,0,0,0,False,,False,,False,,False,,False,,False,,no Dockerfile and no fallback entry point found
https://github.com/harmanpreet93/low-resource-machine-translation,no_dockerfile,False,0,0,0,,,0,0,0,0,0,False,,False,,False,,False,,False,,False,,no Dockerfile and no fallback entry point found
https://github.com/ptracton/MachineLearning,no_dockerfile,False,0,0,0,,,0,0,0,0,0,False,,False,,False,,False,,False,,False,,no Dockerfile and no fallback entry point found
https://github.com/akbog/urban_data,no_dockerfile,False,0,0,0,,,0,0,0,0,0,False,,False,,False,,False,,False,,False,,no Dockerfile and no fallback entry point found
https://github.com/MobMonRob/PulsMeasurementStudien2,no_dockerfile,False,0,0,0,,,0,0,0,0,0,False,,False,,False,,False,,False,,False,,no Dockerfile and no fallback entry point found
https://github.com/pacospace/data-science-lda,no_dockerfile,False,0,0,0,,,0,0,0,0,0,False,,False,,False,,False,,False,,False,,no Dockerfile and no fallback entry point found
https://github.com/madcat1991/clustered_cars,ok,False,2,0,1,server\app.py,fallback_nested,7,66,2,0,0,True,server/data_provider.py:75 pd.read_csv [matched pd.read_csv],True,server/data_provider.py:226 pd.merge [matched pd.merge],False,,False,,False,,False,,"unverified: missing stages: modeling, training, evaluation, inference"
https://github.com/steph-en-m/deep_learning,no_dockerfile,False,0,0,0,,,0,0,0,0,0,False,,False,,False,,False,,False,,False,,no Dockerfile and no fallback entry point found
https://github.com/salomonsters/thesis,no_dockerfile,False,0,0,0,,,0,0,0,0,0,False,,False,,False,,False,,False,,False,,no Dockerfile and no fallback entry point found
https://github.com/amoux/corona,no_dockerfile,False,0,0,0,,,0,0,0,0,0,False,,False,,False,,False,,False,,False,,no Dockerfile and no fallback entry point found
https://github.com/bstanie/Domain-specific-ESPnet,no_entry,False,0,10,0,,,0,0,0,0,0,False,,False,,False,,False,,False,,False,,Dockerfile(s) found but no Python entry point could be resolved
https://github.com/samirLazzali/air-passengers-prediction,no_dockerfile,False,0,0,0,,,0,0,0,0,0,False,,False,,False,,False,,False,,False,,no Dockerfile and no fallback entry point found
https://github.com/krantirk/Transformers,ok,False,5,1,1,transformers\__main__.py,fallback_nested,78,1161,5,1,0,True,transformers/convert_transfo_xl_original_tf_checkpoint_to_pytorch.py:55 pickle.load [matched pickle.load],True,transformers/tokenization_auto.py:117 tokenization_t5.T5Tokenizer.from_pretrained [matched T5Tokenizer.from_pretrained],True,transformers/modeling_auto.py:153 modeling_t5.T5Model.from_pretrained [matched T5Model.from_pretrained],False,,True,transformers/data/metrics/__init__.py:42 sklearn.metrics.f1_score [matched f1_score],True,transformers/modeling_transfo_xl.py:689 torch.no_grad [matched torch.no_grad],unverified: missing stages: training
https://github.com/zzdang/match_fashion,ok,False,1,0,1,src\train.py,fallback_nested,1,11,0,0,0,False,,False,,False,,True,src/train.py:1003 model.fit [matched model.fit],False,,False,,"unverified: missing stages: data_acquisition, data_preparation, modeling, evaluation, inference"
https://github.com/gorjanradevski/macchina,no_dockerfile,False,0,0,0,,,0,0,0,0,0,False,,False,,False,,False,,False,,False,,no Dockerfile and no fallback entry point found
https://github.com/AtomScott/PySubspace,no_dockerfile,False,0,0,0,,,0,0,0,0,0,False,,False,,False,,False,,False,,False,,no Dockerfile and no fallback entry point found
https://github.com/beta-team/beta-recsys,no_entry,False,0,2,0,,,0,0,0,0,0,False,,False,,False,,False,,False,,False,,Dockerfile(s) found but no Python entry point could be resolved
https://github.com/ramp-kits/human_locomotion,no_dockerfile,False,0,0,0,,,0,0,0,0,0,False,,False,,False,,False,,False,,False,,no Dockerfile and no fallback entry point found
https://github.com/matteo-peltarion/classification-toolkit,no_entry,False,0,1,0,,,0,0,0,0,0,False,,False,,False,,False,,False,,False,,Dockerfile(s) found but no Python entry point could be resolved
https://github.com/rahulbordoloi/Enhanced-Analytic-System-for-Smart-University-Assistance,no_dockerfile,False,0,0,0,,,0,0,0,0,0,False,,False,,False,,False,,False,,False,,no Dockerfile and no fallback entry point found
https://github.com/blade-sensei/rasa_nlu_poc_chatbot,ok,False,2,0,1,rasa_nlu\train.py,fallback_nested,13,141,3,0,2,True,rasa_nlu/persistor.py:122 tarfile.open [matched tarfile.open],False,,False,,True,rasa_nlu/train.py:114 trainer.train [matched trainer.train],False,,False,,"unverified: missing stages: data_preparation, modeling, evaluation, inference"
https://github.com/vince-CV/Data-Scientist,no_dockerfile,False,0,0,0,,,0,0,0,0,0,False,,False,,False,,False,,False,,False,,no Dockerfile and no fallback entry point found
https://github.com/FlorianBorn/machine-learning-microservice-template,ok,False,2,3,1,source\main.py,fallback_nested,9,32,2,0,0,True,source/main.py:29 pickle.load [matched pickle.load],False,,False,,False,,False,,True,source/main.py:21 fastapi.FastAPI [matched FastAPI],"unverified: missing stages: data_preparation, modeling, training, evaluation"
https://github.com/nickderobertis/data-code,no_dockerfile,False,0,0,0,,,0,0,0,0,0,False,,False,,False,,False,,False,,False,,no Dockerfile and no fallback entry point found
https://github.com/CleverInsight/cognito,ok,False,2,0,1,cognito\scripts\cli.py,fallback_console_script,11,121,2,0,0,True,cognito/scripts/cli.py:42 yaml.load [matched yaml.load],True,cognito/table/__init__.py:159 pd.get_dummies [matched pd.get_dummies],False,,False,,False,,False,,"unverified: missing stages: modeling, training, evaluation, inference"
https://github.com/oliver-glardon/UPM-Applied-Artificial-Intelligence,no_dockerfile,False,0,0,0,,,0,0,0,0,0,False,,False,,False,,False,,False,,False,,no Dockerfile and no fallback entry point found
https://github.com/verneh/datasci,no_dockerfile,False,0,0,0,,,0,0,0,0,0,False,,False,,False,,False,,False,,False,,no Dockerfile and no fallback entry point found
https://github.com/tonyychen/Projects,no_dockerfile,False,0,0,0,,,0,0,0,0,0,False,,False,,False,,False,,False,,False,,no Dockerfile and no fallback entry point found
https://github.com/HUST-EIC-AI-LAB/UCADI,no_entry,False,0,1,0,,,0,0,0,0,0,False,,False,,False,,False,,False,,False,,Dockerfile(s) found but no Python entry point could be resolved
https://github.com/allenai/contrast-sets,no_dockerfile,False,0,0,0,,,0,0,0,0,0,False,,False,,False,,False,,False,,False,,no Dockerfile and no fallback entry point found
https://github.com/psaini2018/Cloud-Resource-Analyzer,no_entry,False,0,1,0,,,0,0,0,0,0,False,,False,,False,,False,,False,,False,,Dockerfile(s) found but no Python entry point could be resolved
https://github.com/GrazianoGabriel/codebasics,no_dockerfile,False,0,0,0,,,0,0,0,0,0,False,,False,,False,,False,,False,,False,,no Dockerfile and no fallback entry point found
https://github.com/daniftinca/ContentRate,no_entry,False,0,1,0,,,0,0,0,0,0,False,,False,,False,,False,,False,,False,,Dockerfile(s) found but no Python entry point could be resolved
https://github.com/GeoStat-Framework/PyKrige,no_dockerfile,False,0,0,0,,,0,0,0,0,0,False,,False,,False,,False,,False,,False,,no Dockerfile and no fallback entry point found
https://github.com/Skeftical/modelbasedaqp,no_dockerfile,False,0,0,0,,,0,0,0,0,0,False,,False,,False,,False,,False,,False,,no Dockerfile and no fallback entry point found
https://github.com/amunozj/magnetograph_2HMI_converter,no_dockerfile,False,0,0,0,,,0,0,0,0,0,False,,False,,False,,False,,False,,False,,no Dockerfile and no fallback entry point found
https://github.com/rootstrap/ml-training,no_dockerfile,False,0,0,0,,,0,0,0,0,0,False,,False,,False,,False,,False,,False,,no Dockerfile and no fallback entry point found
https://github.com/darth-donut/alr,no_dockerfile,False,0,0,0,,,0,0,0,0,0,False,,False,,False,,False,,False,,False,,no Dockerfile and no fallback entry point found
https://github.com/Maviya5/CE888,no_dockerfile,False,0,0,0,,,0,0,0,0,0,False,,False,,False,,False,,False,,False,,no Dockerfile and no fallback entry point found
https://github.com/mdediana/kaggle,no_dockerfile,False,0,0,0,,,0,0,0,0,0,False,,False,,False,,False,,False,,False,,no Dockerfile and no fallback entry point found
https://github.com/AidanCooper/data-science-competitions,no_dockerfile,False,0,0,0,,,0,0,0,0,0,False,,False,,False,,False,,False,,False,,no Dockerfile and no fallback entry point found
https://github.com/nihil21/custom-svm,no_dockerfile,False,0,0,0,,,0,0,0,0,0,False,,False,,False,,False,,False,,False,,no Dockerfile and no fallback entry point found
https://github.com/ThanatoSohne/COVID-19-Visual-Tool,no_dockerfile,False,0,0,0,,,0,0,0,0,0,False,,False,,False,,False,,False,,False,,no Dockerfile and no fallback entry point found
https://github.com/EraYJS/Udacity_DL,no_dockerfile,False,0,0,0,,,0,0,0,0,0,False,,False,,False,,False,,False,,False,,no Dockerfile and no fallback entry point found
https://github.com/dasiki/DeepPavlov,ok,False,5,0,1,deeppavlov\__main__.py,fallback_nested,48,232,6,0,2,True,deeppavlov/core/common/file.py:37 json.load [matched json.load],True,deeppavlov/core/common/cross_validation.py:74 sklearn.model_selection.KFold [matched KFold],False,,True,deeppavlov/core/commands/train.py:121 trainer.train [matched trainer.train],True,deeppavlov/core/commands/train.py:137 trainer.evaluate [matched trainer.evaluate],True,deeppavlov/utils/alexa/server.py:32 fastapi.FastAPI [matched FastAPI],unverified: missing stages: modeling
https://github.com/nicholasjhana/electrical-forecast-prediction-service,no_dockerfile,False,0,0,0,,,0,0,0,0,0,False,,False,,False,,False,,False,,False,,no Dockerfile and no fallback entry point found
https://github.com/gigantenbein/UNet-Zoo,no_dockerfile,False,0,0,0,,,0,0,0,0,0,False,,False,,False,,False,,False,,False,,no Dockerfile and no fallback entry point found
https://github.com/jzhou316/botnet-detection,no_dockerfile,False,0,0,0,,,0,0,0,0,0,False,,False,,False,,False,,False,,False,,no Dockerfile and no fallback entry point found
https://github.com/daizutabi/ivory,no_dockerfile,False,0,0,0,,,0,0,0,0,0,False,,False,,False,,False,,False,,False,,no Dockerfile and no fallback entry point found
https://github.com/gzharun/deep-learning-v2-pytorch,no_dockerfile,False,0,0,0,,,0,0,0,0,0,False,,False,,False,,False,,False,,False,,no Dockerfile and no fallback entry point found
https://github.com/ashmgarv/Image-Recommendation-System,no_dockerfile,False,0,0,0,,,0,0,0,0,0,False,,False,,False,,False,,False,,False,,no Dockerfile and no fallback entry point found
https://github.com/notAlex2/Solar-irradiance-Team08-IFT6759,no_dockerfile,False,0,0,0,,,0,0,0,0,0,False,,False,,False,,False,,False,,False,,no Dockerfile and no fallback entry point found
https://github.com/raamana/confounds,no_dockerfile,False,0,0,0,,,0,0,0,0,0,False,,False,,False,,False,,False,,False,,no Dockerfile and no fallback entry point found
https://github.com/lemma-osu/pynnmap,no_dockerfile,False,0,0,0,,,0,0,0,0,0,False,,False,,False,,False,,False,,False,,no Dockerfile and no fallback entry point found
https://github.com/theleokul/tieof,no_dockerfile,False,0,0,0,,,0,0,0,0,0,False,,False,,False,,False,,False,,False,,no Dockerfile and no fallback entry point found
https://github.com/saams4u/deploying-ml-kaggle-models,no_entry,False,0,1,0,,,0,0,0,0,0,False,,False,,False,,False,,False,,False,,Dockerfile(s) found but no Python entry point could be resolved
https://github.com/Divinojunior/projeto_integrador,no_dockerfile,False,0,0,0,,,0,0,0,0,0,False,,False,,False,,False,,False,,False,,no Dockerfile and no fallback entry point found
https://github.com/gianscarpe/fashion-answer,no_dockerfile,False,0,0,0,,,0,0,0,0,0,False,,False,,False,,False,,False,,False,,no Dockerfile and no fallback entry point found
https://github.com/alexhagen/wig,no_dockerfile,False,0,0,0,,,0,0,0,0,0,False,,False,,False,,False,,False,,False,,no Dockerfile and no fallback entry point found
https://github.com/imtiazziko/Variational-Fair-Clustering,no_dockerfile,False,0,0,0,,,0,0,0,0,0,False,,False,,False,,False,,False,,False,,no Dockerfile and no fallback entry point found
https://github.com/machine-learning-apps/actions-ml-cicd,ok,False,4,3,1,src\train.py,fallback_nested,1,0,0,0,0,True,src/train.py:32 h5py.File [matched h5py.File],False,,True,src/train.py:53 tf.keras.layers.Input [matched tf.keras.layers.*],True,src/train.py:25 wandb.init [matched wandb.init],True,src/train.py:94 wandb.log [matched wandb.log],False,,"unverified: missing stages: data_preparation, inference"
https://github.com/Build-Week-Post-Here-1/Data-Science,ok,False,1,0,1,api\train.py,fallback_nested,1,0,0,0,0,True,api/train.py:3 sqlite3.connect [matched sqlite3.connect],False,,False,,False,,False,,False,,"unverified: missing stages: data_preparation, modeling, training, evaluation, inference"
https://github.com/MainRo/xgbtune,no_dockerfile,False,0,0,0,,,0,0,0,0,0,False,,False,,False,,False,,False,,False,,no Dockerfile and no fallback entry point found
https://github.com/jramcast/music-recommender,no_dockerfile,False,0,0,0,,,0,0,0,0,0,False,,False,,False,,False,,False,,False,,no Dockerfile and no fallback entry point found
https://github.com/CrawlScript/tf_geometric,no_dockerfile,False,0,0,0,,,0,0,0,0,0,False,,False,,False,,False,,False,,False,,no Dockerfile and no fallback entry point found
https://github.com/JacobEkedahl/detect-intros-from-video,ok,False,0,0,1,src\main.py,fallback_nested,1,0,0,0,0,False,,False,,False,,False,,False,,False,,"unverified: missing stages: data_acquisition, data_preparation, modeling, training, evaluation, inference"
https://github.com/vbelissen/cslr_limsi,no_dockerfile,False,0,0,0,,,0,0,0,0,0,False,,False,,False,,False,,False,,False,,no Dockerfile and no fallback entry point found
https://github.com/bitjockey42/ikapati-research,ok,False,0,0,1,ikapati\data\make_dataset.py,fallback_console_script,2,2,1,0,0,False,,False,,False,,False,,False,,False,,"unverified: missing stages: data_acquisition, data_preparation, modeling, training, evaluation, inference"
https://github.com/chalothon/NLP-Models-Tensorflow,no_dockerfile,False,0,0,0,,,0,0,0,0,0,False,,False,,False,,False,,False,,False,,no Dockerfile and no fallback entry point found
https://github.com/aeverall/seestar,no_dockerfile,False,0,0,0,,,0,0,0,0,0,False,,False,,False,,False,,False,,False,,no Dockerfile and no fallback entry point found
https://github.com/colinpollock/sonorant,ok,False,5,0,1,sonorant\__main__.py,fallback_nested,5,35,2,0,0,True,sonorant/languagemodel.py:649 torch.utils.data.DataLoader [matched DataLoader],True,sonorant/utils.py:18 sklearn.model_selection.train_test_split [matched train_test_split],True,sonorant/languagemodel.py:0 class LanguageModel [matched <class subclasses model base>],True,sonorant/languagemodel.py:256 optimizer.zero_grad [matched optimizer.zero_grad],False,,True,sonorant/app.py:22 flask.Flask [matched Flask],unverified: missing stages: evaluation
https://github.com/tylerrussin/NLP-Twitter-API-Application,ok,False,4,0,1,web_app\app.py,fallback_nested,10,14,2,0,0,True,web_app/database_functions/Connect.py:12 psycopg2.connect [matched psycopg2.connect],True,web_app/functions/Predict_User.py:34 sklearn.model_selection.train_test_split [matched train_test_split],True,web_app/functions/Predict_User.py:42 sklearn.linear_model.LogisticRegression [matched LogisticRegression],False,,False,,True,web_app/app.py:36 flask.Flask [matched Flask],"unverified: missing stages: training, evaluation"
https://github.com/Rdeandres/PythonDataScienceHandbook,no_dockerfile,False,0,0,0,,,0,0,0,0,0,False,,False,,False,,False,,False,,False,,no Dockerfile and no fallback entry point found
https://github.com/acumos/acumos-python-client,no_dockerfile,False,0,0,0,,,0,0,0,0,0,False,,False,,False,,False,,False,,False,,no Dockerfile and no fallback entry point found
https://github.com/NewsEye/event-detection,ok,False,1,0,1,event-detection-entities\main.py,fallback_nested,1,5,0,0,0,False,,False,,False,,True,event-detection-entities/main.py:267 trainer.train [matched trainer.train],False,,False,,"unverified: missing stages: data_acquisition, data_preparation, modeling, evaluation, inference"
https://github.com/ValRCS/RCS_ML_01_20,no_dockerfile,False,0,0,0,,,0,0,0,0,0,False,,False,,False,,False,,False,,False,,no Dockerfile and no fallback entry point found
https://github.com/umerhasan17/NLPzoo,no_dockerfile,False,0,0,0,,,0,0,0,0,0,False,,False,,False,,False,,False,,False,,no Dockerfile and no fallback entry point found
https://github.com/bharddwaj/GithubIssuePrioritizer,no_dockerfile,False,0,0,0,,,0,0,0,0,0,False,,False,,False,,False,,False,,False,,no Dockerfile and no fallback entry point found
https://github.com/PurdueVIP-HumanBehavior/re-id,no_dockerfile,False,0,0,0,,,0,0,0,0,0,False,,False,,False,,False,,False,,False,,no Dockerfile and no fallback entry point found
https://github.com/officialpatterson/medical-bert,ok,False,0,0,1,medicalbert\__main__.py,fallback_nested,1,2,0,0,0,False,,False,,False,,False,,False,,False,,"unverified: missing stages: data_acquisition, data_preparation, modeling, training, evaluation, inference"
https://github.com/educatorsRlearners/minicomp,no_dockerfile,False,0,0,0,,,0,0,0,0,0,False,,False,,False,,False,,False,,False,,no Dockerfile and no fallback entry point found
https://github.com/sehmim/qHacks2020,no_dockerfile,False,0,0,0,,,0,0,0,0,0,False,,False,,False,,False,,False,,False,,no Dockerfile and no fallback entry point found
https://github.com/surajpaib/bonsai,no_dockerfile,False,0,0,0,,,0,0,0,0,0,False,,False,,False,,False,,False,,False,,no Dockerfile and no fallback entry point found
https://github.com/ashish735/FunProjects,no_entry,False,0,4,0,,,0,0,0,0,0,False,,False,,False,,False,,False,,False,,Dockerfile(s) found but no Python entry point could be resolved
https://github.com/pylhc/omc3,ok,False,0,0,1,omc3\__main__.py,fallback_nested,1,0,0,0,0,False,,False,,False,,False,,False,,False,,"unverified: missing stages: data_acquisition, data_preparation, modeling, training, evaluation, inference"
https://github.com/yiyc-kr/pandas-modules,no_dockerfile,False,0,0,0,,,0,0,0,0,0,False,,False,,False,,False,,False,,False,,no Dockerfile and no fallback entry point found
https://github.com/lp-code/TwitterSARai,no_dockerfile,False,0,0,0,,,0,0,0,0,0,False,,False,,False,,False,,False,,False,,no Dockerfile and no fallback entry point found
https://github.com/revathipushpam/deep-learning-v2-pytorch,no_dockerfile,False,0,0,0,,,0,0,0,0,0,False,,False,,False,,False,,False,,False,,no Dockerfile and no fallback entry point found
https://github.com/adibMosharrof/medifor,no_dockerfile,False,0,0,0,,,0,0,0,0,0,False,,False,,False,,False,,False,,False,,no Dockerfile and no fallback entry point found
https://github.com/vincentnam/ProjetInterpromo2020G8,no_dockerfile,False,0,0,0,,,0,0,0,0,0,False,,False,,False,,False,,False,,False,,no Dockerfile and no fallback entry point found
https://github.com/ClearScore/diver,no_dockerfile,False,0,0,0,,,0,0,0,0,0,False,,False,,False,,False,,False,,False,,no Dockerfile and no fallback entry point found
https://github.com/zlodiak/lessons2,no_dockerfile,False,0,0,0,,,0,0,0,0,0,False,,False,,False,,False,,False,,False,,no Dockerfile and no fallback entry point found
https://github.com/YashNita/Multimedia-Audio-and-Video-Course,no_dockerfile,False,0,0,0,,,0,0,0,0,0,False,,False,,False,,False,,False,,False,,no Dockerfile and no fallback entry point found
https://github.com/bloodycoder/findYourCpNow,no_dockerfile,False,0,0,0,,,0,0,0,0,0,False,,False,,False,,False,,False,,False,,no Dockerfile and no fallback entry point found
https://github.com/ekoly/FiveOneOne,no_dockerfile,False,0,0,0,,,0,0,0,0,0,False,,False,,False,,False,,False,,False,,no Dockerfile and no fallback entry point found
https://github.com/gio8tisu/HAR-timeseries-classification,no_dockerfile,False,0,0,0,,,0,0,0,0,0,False,,False,,False,,False,,False,,False,,no Dockerfile and no fallback entry point found
https://github.com/avouacr/who-wrote-this,no_dockerfile,False,0,0,0,,,0,0,0,0,0,False,,False,,False,,False,,False,,False,,no Dockerfile and no fallback entry point found
https://github.com/ZNClub-PA-ML-AI/OctoPy-Predictor,no_dockerfile,False,0,0,0,,,0,0,0,0,0,False,,False,,False,,False,,False,,False,,no Dockerfile and no fallback entry point found
https://github.com/acocac/MTLCC-MODIS-GCP,no_dockerfile,False,0,0,0,,,0,0,0,0,0,False,,False,,False,,False,,False,,False,,no Dockerfile and no fallback entry point found
https://github.com/giotto-ai/molecule_bond_prediction,no_dockerfile,False,0,0,0,,,0,0,0,0,0,False,,False,,False,,False,,False,,False,,no Dockerfile and no fallback entry point found
https://github.com/EKarton/UofT-Future-Course-Evaluations,no_entry,False,0,1,0,,,0,0,0,0,0,False,,False,,False,,False,,False,,False,,Dockerfile(s) found but no Python entry point could be resolved
https://github.com/Huize501/GoogleCloud,no_entry,False,0,2,0,,,0,0,0,0,0,False,,False,,False,,False,,False,,False,,Dockerfile(s) found but no Python entry point could be resolved
https://github.com/La1c/toxic_comments_lite,no_dockerfile,False,0,0,0,,,0,0,0,0,0,False,,False,,False,,False,,False,,False,,no Dockerfile and no fallback entry point found
https://github.com/liorpizman/AnomalyDetection,no_dockerfile,False,0,0,0,,,0,0,0,0,0,False,,False,,False,,False,,False,,False,,no Dockerfile and no fallback entry point found
https://github.com/Mojache1234/classes,no_dockerfile,False,0,0,0,,,0,0,0,0,0,False,,False,,False,,False,,False,,False,,no Dockerfile and no fallback entry point found
https://github.com/PBLab/ca-analysis-bloodflow,no_dockerfile,False,0,0,0,,,0,0,0,0,0,False,,False,,False,,False,,False,,False,,no Dockerfile and no fallback entry point found
https://github.com/1578389306/textgenrnn,no_dockerfile,False,0,0,0,,,0,0,0,0,0,False,,False,,False,,False,,False,,False,,no Dockerfile and no fallback entry point found
https://github.com/abhmul/projects-repo,no_entry,False,0,4,0,,,0,0,0,0,0,False,,False,,False,,False,,False,,False,,Dockerfile(s) found but no Python entry point could be resolved
https://github.com/Sapphirine/speed-dating-analysis,no_dockerfile,False,0,0,0,,,0,0,0,0,0,False,,False,,False,,False,,False,,False,,no Dockerfile and no fallback entry point found
https://github.com/Adamouization/Neural-Network-Ticketing-Routing-Agent,no_dockerfile,False,0,0,0,,,0,0,0,0,0,False,,False,,False,,False,,False,,False,,no Dockerfile and no fallback entry point found
https://github.com/amulog/logdag,ok,False,0,0,1,logdag\__main__.py,fallback_nested,3,27,1,0,0,False,,False,,False,,False,,False,,False,,"unverified: missing stages: data_acquisition, data_preparation, modeling, training, evaluation, inference"
https://github.com/oulutan/ActorConditionedAttentionMaps,no_dockerfile,False,0,0,0,,,0,0,0,0,0,False,,False,,False,,False,,False,,False,,no Dockerfile and no fallback entry point found
https://github.com/brittanyhewitson/pulse_tracer,no_dockerfile,False,0,0,0,,,0,0,0,0,0,False,,False,,False,,False,,False,,False,,no Dockerfile and no fallback entry point found
https://github.com/THUDM/cogdl,ok,True,6,0,1,scripts\train.py,fallback_nested,54,628,6,0,8,True,cogdl/datasets/rec_data.py:13 np.loadtxt [matched np.loadtxt],True,cogdl/datasets/customized_data.py:31 sklearn.preprocessing.StandardScaler [matched StandardScaler],True,cogdl/utils/utils.py:177 nn.LayerNorm [matched nn.LayerNorm],True,cogdl/experiments.py:68 study.optimize [matched study.optimize],True,cogdl/utils/evaluator.py:15 Accuracy [matched Accuracy],True,cogdl/pipelines.py:241 self.model.eval [matched model.eval],verified: all 6 stages present
https://github.com/sberbank-ai/combined_solution_aij2019,no_entry,False,0,1,0,,,0,0,0,0,0,False,,False,,False,,False,,False,,False,,Dockerfile(s) found but no Python entry point could be resolved
https://github.com/lovit/python_ml_intro,no_dockerfile,False,0,0,0,,,0,0,0,0,0,False,,False,,False,,False,,False,,False,,no Dockerfile and no fallback entry point found
https://github.com/samuelxu999/Research,no_entry,False,0,2,0,,,0,0,0,0,0,False,,False,,False,,False,,False,,False,,Dockerfile(s) found but no Python entry point could be resolved
https://github.com/lostminty/NetML-arff,no_entry,False,0,2,0,,,0,0,0,0,0,False,,False,,False,,False,,False,,False,,Dockerfile(s) found but no Python entry point could be resolved
https://github.com/STHSF/EventsParser,no_dockerfile,False,0,0,0,,,0,0,0,0,0,False,,False,,False,,False,,False,,False,,no Dockerfile and no fallback entry point found
https://github.com/getzlab/getzlab-SignatureAnalyzer,ok,False,4,1,1,signatureanalyzer\__main__.py,fallback_nested,13,61,3,0,0,True,signatureanalyzer/signatureanalyzer.py:87 pd.read_csv [matched pd.read_csv],True,signatureanalyzer/utils.py:55 pd.concat [matched pd.concat],True,signatureanalyzer/plotting/_nmf.py:127 sklearn.cluster.AgglomerativeClustering [matched AgglomerativeClustering],True,signatureanalyzer/plotting/_nmf.py:133 cluster.fit_predict [matched .fit_predict],False,,False,,"unverified: missing stages: evaluation, inference"
https://github.com/kjappelbaum/oximachine_featurizer,ok,False,2,0,1,run\run_parsing.py,fallback_console_script,3,21,2,0,0,True,oximachine_featurizer/utils.py:24 pickle.load [matched pickle.load],True,oximachine_featurizer/utils.py:58 sklearn.preprocessing.StandardScaler [matched StandardScaler],False,,False,,False,,False,,"unverified: missing stages: modeling, training, evaluation, inference"
https://github.com/incubateind/iis-ms-del,ok,False,2,2,1,src\app.py,fallback_nested,1,2,0,0,0,True,src/app.py:28 requests.post [matched requests.post],False,,False,,False,,False,,True,src/app.py:5 flask.Flask [matched Flask],"unverified: missing stages: data_preparation, modeling, training, evaluation"
https://github.com/perellonieto/dirichlet_python,no_dockerfile,False,0,0,0,,,0,0,0,0,0,False,,False,,False,,False,,False,,False,,no Dockerfile and no fallback entry point found
https://github.com/kyri33/mlai,no_dockerfile,False,0,0,0,,,0,0,0,0,0,False,,False,,False,,False,,False,,False,,no Dockerfile and no fallback entry point found
https://github.com/divyag9/capstone,no_dockerfile,False,0,0,0,,,0,0,0,0,0,False,,False,,False,,False,,False,,False,,no Dockerfile and no fallback entry point found
https://github.com/lukovnikov/pytorch-transformers-attn-distill,ok,False,4,1,1,pytorch_transformers\__main__.py,fallback_nested,27,465,3,0,0,True,pytorch_transformers/convert_transfo_xl_checkpoint_to_pytorch.py:55 pickle.load [matched pickle.load],True,pytorch_transformers/tokenization_xlm.py:128 spacy.load [matched spacy.load],True,pytorch_transformers/modeling_bert.py:0 class BertEmbeddings [matched <class subclasses model base>],False,,False,,True,pytorch_transformers/modeling_bert.py:282 torch.no_grad [matched torch.no_grad],"unverified: missing stages: training, evaluation"
https://github.com/pgruening/dlbio,no_dockerfile,False,0,0,0,,,0,0,0,0,0,False,,False,,False,,False,,False,,False,,no Dockerfile and no fallback entry point found
https://github.com/Helsinki-NLP/OpusFilter,ok,False,1,0,1,opusfilter\cli\main.py,fallback_console_script,6,146,2,0,1,True,opusfilter/cli/main.py:42 opusfilter.util.yaml.load [matched yaml.load],False,,False,,False,,False,,False,,"unverified: missing stages: data_preparation, modeling, training, evaluation, inference"
https://github.com/SarvagyaGupta/Emotion-Detector,ok,False,1,0,1,src\app.py,fallback_nested,1,2,0,0,0,False,,False,,False,,False,,False,,True,src/app.py:13 fastapi.FastAPI [matched FastAPI],"unverified: missing stages: data_acquisition, data_preparation, modeling, training, evaluation"
https://github.com/tixix/DataScience,no_dockerfile,False,0,0,0,,,0,0,0,0,0,False,,False,,False,,False,,False,,False,,no Dockerfile and no fallback entry point found
https://github.com/Broundal/Pytolemaic,no_dockerfile,False,0,0,0,,,0,0,0,0,0,False,,False,,False,,False,,False,,False,,no Dockerfile and no fallback entry point found
https://github.com/kislerdm/conversion_rate_service,no_entry,False,0,4,0,,,0,0,0,0,0,False,,False,,False,,False,,False,,False,,Dockerfile(s) found but no Python entry point could be resolved
https://github.com/whitevo/BertelsmannTechDeepLearning,no_dockerfile,False,0,0,0,,,0,0,0,0,0,False,,False,,False,,False,,False,,False,,no Dockerfile and no fallback entry point found
https://github.com/cyk1337/UrbanDict,ok,False,0,0,1,UrbanDictScraper\run.py,fallback_nested,1,0,0,0,0,False,,False,,False,,False,,False,,False,,"unverified: missing stages: data_acquisition, data_preparation, modeling, training, evaluation, inference"
https://github.com/branislav1991/LazyLawyer,no_dockerfile,False,0,0,0,,,0,0,0,0,0,False,,False,,False,,False,,False,,False,,no Dockerfile and no fallback entry point found
https://github.com/j-bac/elpigraph-python,no_dockerfile,False,0,0,0,,,0,0,0,0,0,False,,False,,False,,False,,False,,False,,no Dockerfile and no fallback entry point found
https://github.com/borgwang/toys,no_dockerfile,False,0,0,0,,,0,0,0,0,0,False,,False,,False,,False,,False,,False,,no Dockerfile and no fallback entry point found
https://github.com/KirbyDownB/GEICOChatBot,no_dockerfile,False,0,0,0,,,0,0,0,0,0,False,,False,,False,,False,,False,,False,,no Dockerfile and no fallback entry point found
https://github.com/MLOPEZMALET/Python_Project,no_dockerfile,False,0,0,0,,,0,0,0,0,0,False,,False,,False,,False,,False,,False,,no Dockerfile and no fallback entry point found
https://github.com/donia-lab/MetaBGC,no_entry,False,0,2,0,,,0,0,0,0,0,False,,False,,False,,False,,False,,False,,Dockerfile(s) found but no Python entry point could be resolved
https://github.com/MolanM/Pythia-Accessibility-Recommendation-Engine,no_dockerfile,False,0,0,0,,,0,0,0,0,0,False,,False,,False,,False,,False,,False,,no Dockerfile and no fallback entry point found
https://github.com/FitSNAP/FitSNAP,ok,False,5,0,1,fitsnap3\__main__.py,fallback_nested,93,639,8,0,2,True,fitsnap3lib/solvers/solver.py:50 def prepare_data [matched <lightning hook prepare_data>],True,fitsnap3lib/calculators/lammps_pace.py:254 np.nan_to_num [matched np.nan_to_num],True,fitsnap3lib/solvers/lasso.py:27 sklearn.linear_model.Lasso [matched Lasso],True,fitsnap3lib/solvers/pytorch.py:406 self.optimizer.zero_grad [matched optimizer.zero_grad],False,,True,fitsnap3lib/solvers/pytorch.py:414 self.model.eval [matched model.eval],unverified: missing stages: evaluation
https://github.com/ChrisFugl/Intrusing-Detection-System-Attack,no_dockerfile,False,0,0,0,,,0,0,0,0,0,False,,False,,False,,False,,False,,False,,no Dockerfile and no fallback entry point found
https://github.com/prof-alexandre-maciel/fmdev,no_dockerfile,False,0,0,0,,,0,0,0,0,0,False,,False,,False,,False,,False,,False,,no Dockerfile and no fallback entry point found
https://github.com/babylonhealth/MultilingualFactorAnalysis,no_dockerfile,False,0,0,0,,,0,0,0,0,0,False,,False,,False,,False,,False,,False,,no Dockerfile and no fallback entry point found
https://github.com/dekotagabriella/imagededup,no_dockerfile,False,0,0,0,,,0,0,0,0,0,False,,False,,False,,False,,False,,False,,no Dockerfile and no fallback entry point found
https://github.com/Kaynelua/ibm-waldo,no_dockerfile,False,0,0,0,,,0,0,0,0,0,False,,False,,False,,False,,False,,False,,no Dockerfile and no fallback entry point found
https://github.com/Marissa4887/orangeish,no_dockerfile,False,0,0,0,,,0,0,0,0,0,False,,False,,False,,False,,False,,False,,no Dockerfile and no fallback entry point found
https://github.com/julmaxi/Abstractive-Timeline-Summarization,no_dockerfile,False,0,0,0,,,0,0,0,0,0,False,,False,,False,,False,,False,,False,,no Dockerfile and no fallback entry point found
https://github.com/lucashu1/land-cover,no_dockerfile,False,0,0,0,,,0,0,0,0,0,False,,False,,False,,False,,False,,False,,no Dockerfile and no fallback entry point found
https://github.com/katkost/MazurkaBL,no_dockerfile,False,0,0,0,,,0,0,0,0,0,False,,False,,False,,False,,False,,False,,no Dockerfile and no fallback entry point found
https://github.com/neu-spiral/RFMLS-NEU,no_dockerfile,False,0,0,0,,,0,0,0,0,0,False,,False,,False,,False,,False,,False,,no Dockerfile and no fallback entry point found
https://github.com/PatrickYu1994/Epilepsy,no_dockerfile,False,0,0,0,,,0,0,0,0,0,False,,False,,False,,False,,False,,False,,no Dockerfile and no fallback entry point found
https://github.com/lucasiscovici/studyProject,no_dockerfile,False,0,0,0,,,0,0,0,0,0,False,,False,,False,,False,,False,,False,,no Dockerfile and no fallback entry point found
https://github.com/areeh/chocolate-mirror,no_dockerfile,False,0,0,0,,,0,0,0,0,0,False,,False,,False,,False,,False,,False,,no Dockerfile and no fallback entry point found
https://github.com/kaibioinfo/canopus_treemap,no_dockerfile,False,0,0,0,,,0,0,0,0,0,False,,False,,False,,False,,False,,False,,no Dockerfile and no fallback entry point found
https://github.com/negrinho/deep_architect,no_entry,False,0,2,0,,,0,0,0,0,0,False,,False,,False,,False,,False,,False,,Dockerfile(s) found but no Python entry point could be resolved
https://github.com/iqbal-lab-org/make_prg,ok,False,0,1,1,make_prg\__main__.py,fallback_nested,4,9,1,0,0,False,,False,,False,,False,,False,,False,,"unverified: missing stages: data_acquisition, data_preparation, modeling, training, evaluation, inference"
https://github.com/mlberkeley/fa19-NMEP,no_dockerfile,False,0,0,0,,,0,0,0,0,0,False,,False,,False,,False,,False,,False,,no Dockerfile and no fallback entry point found
https://github.com/clara-parabricks/AtacWorks,ok,True,6,1,1,scripts\main.py,fallback_nested,21,158,4,0,0,True,scripts/main.py:72 h5py.File [matched h5py.File],True,atacworks/io/bedgraphio.py:94 pd.concat [matched pd.concat],True,atacworks/dl4atac/custom_losses.py:0 class PearsonLoss [matched <class subclasses model base>],True,atacworks/dl4atac/models/model_utils.py:178 nn.parallel.DistributedDataParallel [matched DistributedDataParallel],True,scripts/worker.py:101 atacworks.dl4atac.metrics.Recall [matched Recall],True,atacworks/dl4atac/evaluate.py:40 model.eval [matched model.eval],verified: all 6 stages present
https://github.com/RuderferLab/chromosomalMicroarray,no_dockerfile,False,0,0,0,,,0,0,0,0,0,False,,False,,False,,False,,False,,False,,no Dockerfile and no fallback entry point found
https://github.com/Tinkidinki/IRE_Major_Project,no_dockerfile,False,0,0,0,,,0,0,0,0,0,False,,False,,False,,False,,False,,False,,no Dockerfile and no fallback entry point found
https://github.com/Damowerko/opf,ok,False,2,1,1,scripts\main.py,fallback_nested,1,12,0,0,0,False,,False,,False,,True,scripts/main.py:278 trainer.fit [matched trainer.fit],False,,True,scripts/main.py:262 torch.compile [matched torch.compile],"unverified: missing stages: data_acquisition, data_preparation, modeling, evaluation"
https://github.com/daiwk/grace_t,no_dockerfile,False,0,0,0,,,0,0,0,0,0,False,,False,,False,,False,,False,,False,,no Dockerfile and no fallback entry point found
https://github.com/PacktPublishing/Hands-On-Python-Deep-Learning-for-Web,no_dockerfile,False,0,0,0,,,0,0,0,0,0,False,,False,,False,,False,,False,,False,,no Dockerfile and no fallback entry point found
https://github.com/jirvingphd/fsds_100719,no_dockerfile,False,0,0,0,,,0,0,0,0,0,False,,False,,False,,False,,False,,False,,no Dockerfile and no fallback entry point found
https://github.com/industrial-optimization-group/desdeo-emo,no_dockerfile,False,0,0,0,,,0,0,0,0,0,False,,False,,False,,False,,False,,False,,no Dockerfile and no fallback entry point found
https://github.com/gmrukwa/divik,ok,False,2,5,1,divik\_cli\fit_clusters.py,fallback_console_script,14,77,3,0,0,False,,True,divik/core/_subsets.py:32 sklearn.model_selection.KFold [matched KFold],False,,True,divik/_cli/fit_clusters.py:44 model.fit [matched model.fit],False,,False,,"unverified: missing stages: data_acquisition, modeling, evaluation, inference"
https://github.com/PhysicsTeacher13/Deepxde,ok,False,0,0,1,deepxde\train.py,fallback_nested,1,4,0,0,0,False,,False,,False,,False,,False,,False,,"unverified: missing stages: data_acquisition, data_preparation, modeling, training, evaluation, inference"
https://github.com/yaoyinnan/transformers,no_entry,False,0,1,0,,,0,0,0,0,0,False,,False,,False,,False,,False,,False,,Dockerfile(s) found but no Python entry point could be resolved
https://github.com/MsMatias/MixturePy,no_dockerfile,False,0,0,0,,,0,0,0,0,0,False,,False,,False,,False,,False,,False,,no Dockerfile and no fallback entry point found
https://github.com/imkunals726/deep-learning,no_dockerfile,False,0,0,0,,,0,0,0,0,0,False,,False,,False,,False,,False,,False,,no Dockerfile and no fallback entry point found
https://github.com/lab-api/optimistic,no_dockerfile,False,0,0,0,,,0,0,0,0,0,False,,False,,False,,False,,False,,False,,no Dockerfile and no fallback entry point found
https://github.com/asuprem/GLAMOR,no_dockerfile,False,0,0,0,,,0,0,0,0,0,False,,False,,False,,False,,False,,False,,no Dockerfile and no fallback entry point found
https://github.com/stanislav-chekmenev/comp1-team3,no_dockerfile,False,0,0,0,,,0,0,0,0,0,False,,False,,False,,False,,False,,False,,no Dockerfile and no fallback entry point found
https://github.com/mmyjona/test3,no_entry,False,0,12,0,,,0,0,0,0,0,False,,False,,False,,False,,False,,False,,Dockerfile(s) found but no Python entry point could be resolved
https://github.com/nomanarshad94/-udacity-deep-learning-v2-pytorch-untouched,no_dockerfile,False,0,0,0,,,0,0,0,0,0,False,,False,,False,,False,,False,,False,,no Dockerfile and no fallback entry point found
https://github.com/willb/nachlass,no_entry,False,0,1,0,,,0,0,0,0,0,False,,False,,False,,False,,False,,False,,Dockerfile(s) found but no Python entry point could be resolved
https://github.com/arnaudfrn/fraud_detection,no_dockerfile,False,0,0,0,,,0,0,0,0,0,False,,False,,False,,False,,False,,False,,no Dockerfile and no fallback entry point found
https://github.com/nymarya/corvus,no_dockerfile,False,0,0,0,,,0,0,0,0,0,False,,False,,False,,False,,False,,False,,no Dockerfile and no fallback entry point found
https://github.com/reb/autoset,no_entry,False,0,1,0,,,0,0,0,0,0,False,,False,,False,,False,,False,,False,,Dockerfile(s) found but no Python entry point could be resolved
https://github.com/oscargut/book01,no_entry,False,0,1,0,,,0,0,0,0,0,False,,False,,False,,False,,False,,False,,Dockerfile(s) found but no Python entry point could be resolved
https://github.com/dbdq/neurodecode,ok,False,2,0,1,neurodecode\stream_viewer\stream_viewer.py,fallback_console_script,9,138,2,0,0,True,neurodecode/utils/q_common.py:264 pickle.load [matched pickle.load],False,,False,,False,,True,neurodecode/utils/q_common.py:602 sklearn.metrics.metrics.confusion_matrix [matched confusion_matrix],False,,"unverified: missing stages: data_preparation, modeling, training, inference"
https://github.com/adgaudio/O-MedAL,ok,False,0,0,1,medal\__main__.py,fallback_nested,2,0,1,0,0,False,,False,,False,,False,,False,,False,,"unverified: missing stages: data_acquisition, data_preparation, modeling, training, evaluation, inference"
https://github.com/simoncrowe/instagraph-bot,no_entry,False,0,1,0,,,0,0,0,0,0,False,,False,,False,,False,,False,,False,,Dockerfile(s) found but no Python entry point could be resolved
https://github.com/eparodi/machine-learning,no_dockerfile,False,0,0,0,,,0,0,0,0,0,False,,False,,False,,False,,False,,False,,no Dockerfile and no fallback entry point found
https://github.com/chicobentojr/machine-learning,no_dockerfile,False,0,0,0,,,0,0,0,0,0,False,,False,,False,,False,,False,,False,,no Dockerfile and no fallback entry point found
https://github.com/sakuya9t/social-x,no_dockerfile,False,0,0,0,,,0,0,0,0,0,False,,False,,False,,False,,False,,False,,no Dockerfile and no fallback entry point found
https://github.com/Bennyhwanggggg/Food-Image-Classifier,ok,False,2,0,1,AI\train.py,fallback_nested,2,1,1,0,0,False,,False,,True,AI/train.py:22 keras.layers.Input [matched keras.layers.*],True,AI/train.py:53 model.fit_generator [matched model.fit_generator],False,,False,,"unverified: missing stages: data_acquisition, data_preparation, evaluation, inference"
https://github.com/Jammy2211/PyAutoArray,no_dockerfile,False,0,0,0,,,0,0,0,0,0,False,,False,,False,,False,,False,,False,,no Dockerfile and no fallback entry point found
https://github.com/egeozsoy/adversarial_examples_that_fool_classic_computer_vision_methods,no_dockerfile,False,0,0,0,,,0,0,0,0,0,False,,False,,False,,False,,False,,False,,no Dockerfile and no fallback entry point found
https://github.com/ankishb/ml-toolbox,no_dockerfile,False,0,0,0,,,0,0,0,0,0,False,,False,,False,,False,,False,,False,,no Dockerfile and no fallback entry point found
https://github.com/aau-network-security/richkit,no_entry,False,0,1,0,,,0,0,0,0,0,False,,False,,False,,False,,False,,False,,Dockerfile(s) found but no Python entry point could be resolved
https://github.com/VOLTTRON/econ-dispatch,no_dockerfile,False,0,0,0,,,0,0,0,0,0,False,,False,,False,,False,,False,,False,,no Dockerfile and no fallback entry point found
https://github.com/Danomustang/udacity,no_dockerfile,False,0,0,0,,,0,0,0,0,0,False,,False,,False,,False,,False,,False,,no Dockerfile and no fallback entry point found
https://github.com/interpretml/interpret-community,no_dockerfile,False,0,0,0,,,0,0,0,0,0,False,,False,,False,,False,,False,,False,,no Dockerfile and no fallback entry point found
https://github.com/Mrrmm510/ManifoldOptimization,no_dockerfile,False,0,0,0,,,0,0,0,0,0,False,,False,,False,,False,,False,,False,,no Dockerfile and no fallback entry point found
https://github.com/Odinson9/Automated-Outlier-Detection-tool.,no_dockerfile,False,0,0,0,,,0,0,0,0,0,False,,False,,False,,False,,False,,False,,no Dockerfile and no fallback entry point found
https://github.com/wliant/dessert,no_dockerfile,False,0,0,0,,,0,0,0,0,0,False,,False,,False,,False,,False,,False,,no Dockerfile and no fallback entry point found
https://github.com/zahralizadeh/fee-tracker,no_dockerfile,False,0,0,0,,,0,0,0,0,0,False,,False,,False,,False,,False,,False,,no Dockerfile and no fallback entry point found
https://github.com/palash1992/GEM,no_dockerfile,False,0,0,0,,,0,0,0,0,0,False,,False,,False,,False,,False,,False,,no Dockerfile and no fallback entry point found
https://github.com/yiwang89/lululxvi-deepxde,ok,False,0,0,1,deepxde\train.py,fallback_nested,1,4,0,0,0,False,,False,,False,,False,,False,,False,,"unverified: missing stages: data_acquisition, data_preparation, modeling, training, evaluation, inference"
https://github.com/takahi-i/lecture-tmu-2019,ok,False,3,1,1,scripts\train.py,fallback_nested,4,11,2,0,0,False,,False,,True,lecture_tmu_2019/ml.py:50 sklearn.svm.SVC [matched SVC],True,lecture_tmu_2019/ml.py:50 sklearn.grid_search.GridSearchCV [matched GridSearchCV],False,,True,lecture_tmu_2019/ml.py:56 self.model.predict [matched model.predict],"unverified: missing stages: data_acquisition, data_preparation, evaluation"
https://github.com/EKarton/Names-To-Nationality-Predicter,no_entry,False,0,1,0,,,0,0,0,0,0,False,,False,,False,,False,,False,,False,,Dockerfile(s) found but no Python entry point could be resolved
https://github.com/irbraun/oats,no_dockerfile,False,0,0,0,,,0,0,0,0,0,False,,False,,False,,False,,False,,False,,no Dockerfile and no fallback entry point found
https://github.com/yuxinliu201603/CSCI567_Machine_Learning,no_dockerfile,False,0,0,0,,,0,0,0,0,0,False,,False,,False,,False,,False,,False,,no Dockerfile and no fallback entry point found
https://github.com/Giovanni1085/AUC_TMCI_2019,no_dockerfile,False,0,0,0,,,0,0,0,0,0,False,,False,,False,,False,,False,,False,,no Dockerfile and no fallback entry point found
https://github.com/Ryan-Rhys/Heteroscedastic-BO,no_dockerfile,False,0,0,0,,,0,0,0,0,0,False,,False,,False,,False,,False,,False,,no Dockerfile and no fallback entry point found
https://github.com/lilfetz22/NCRainfallPredictions_CAP1,ok,False,0,0,1,src\main.py,fallback_nested,1,1,0,0,0,False,,False,,False,,False,,False,,False,,"unverified: missing stages: data_acquisition, data_preparation, modeling, training, evaluation, inference"
https://github.com/gte815w/Machine-Learning-for-OpenCV,no_dockerfile,False,0,0,0,,,0,0,0,0,0,False,,False,,False,,False,,False,,False,,no Dockerfile and no fallback entry point found
https://github.com/downsmash/downsmash,no_dockerfile,False,0,0,0,,,0,0,0,0,0,False,,False,,False,,False,,False,,False,,no Dockerfile and no fallback entry point found
https://github.com/lesteve/euroscipy-2019-scikit-learn-tutorial,no_dockerfile,False,0,0,0,,,0,0,0,0,0,False,,False,,False,,False,,False,,False,,no Dockerfile and no fallback entry point found
https://github.com/erolrecep/moviebarcode,no_dockerfile,False,0,0,0,,,0,0,0,0,0,False,,False,,False,,False,,False,,False,,no Dockerfile and no fallback entry point found
https://github.com/StarBrand/CC5114-Tareas,no_dockerfile,False,0,0,0,,,0,0,0,0,0,False,,False,,False,,False,,False,,False,,no Dockerfile and no fallback entry point found
https://github.com/diegocavalca/phd-thesis,no_dockerfile,False,0,0,0,,,0,0,0,0,0,False,,False,,False,,False,,False,,False,,no Dockerfile and no fallback entry point found
https://github.com/MIC-DKFZ/RegRCNN,no_dockerfile,False,0,0,0,,,0,0,0,0,0,False,,False,,False,,False,,False,,False,,no Dockerfile and no fallback entry point found
https://github.com/pnarvor/nephelae_base,no_dockerfile,False,0,0,0,,,0,0,0,0,0,False,,False,,False,,False,,False,,False,,no Dockerfile and no fallback entry point found
https://github.com/pangzx1/FL1.0,no_entry,False,0,3,0,,,0,0,0,0,0,False,,False,,False,,False,,False,,False,,Dockerfile(s) found but no Python entry point could be resolved
https://github.com/llucasreis/PAIC-2018,no_dockerfile,False,0,0,0,,,0,0,0,0,0,False,,False,,False,,False,,False,,False,,no Dockerfile and no fallback entry point found
https://github.com/shitian007/cfp-mining,no_entry,False,0,1,0,,,0,0,0,0,0,False,,False,,False,,False,,False,,False,,Dockerfile(s) found but no Python entry point could be resolved
https://github.com/brodderickrodriguez/strategy_learning_system,no_dockerfile,False,0,0,0,,,0,0,0,0,0,False,,False,,False,,False,,False,,False,,no Dockerfile and no fallback entry point found
https://github.com/yanpei18345156216/Advisor,no_entry,False,0,1,0,,,0,0,0,0,0,False,,False,,False,,False,,False,,False,,Dockerfile(s) found but no Python entry point could be resolved
https://github.com/Nivaya/notebook,no_entry,False,0,1,0,,,0,0,0,0,0,False,,False,,False,,False,,False,,False,,Dockerfile(s) found but no Python entry point could be resolved
https://github.com/AdityaSidharta/logsensei,no_dockerfile,False,0,0,0,,,0,0,0,0,0,False,,False,,False,,False,,False,,False,,no Dockerfile and no fallback entry point found
https://github.com/MadryLab/robustness,ok,False,4,0,1,robustness\main.py,fallback_nested,9,65,2,0,0,False,,False,,True,robustness/model_utils.py:0 class FeatureExtractor [matched <class subclasses model base>],True,robustness/train.py:487 loss.backward [matched loss.backward],True,robustness/train.py:514 writer.add_scalar [matched writer.add_scalar],True,robustness/train.py:336 torch.no_grad [matched torch.no_grad],"unverified: missing stages: data_acquisition, data_preparation"
https://github.com/Alex-CHUN-YU/Recommender-System,no_dockerfile,False,0,0,0,,,0,0,0,0,0,False,,False,,False,,False,,False,,False,,no Dockerfile and no fallback entry point found
https://github.com/kivo360/True-Shoe-Size,no_entry,False,0,3,0,,,0,0,0,0,0,False,,False,,False,,False,,False,,False,,Dockerfile(s) found but no Python entry point could be resolved
https://github.com/ardellelee/pytorch-transformers,ok,False,4,1,1,pytorch_transformers\__main__.py,fallback_nested,29,487,3,0,0,True,pytorch_transformers/convert_transfo_xl_checkpoint_to_pytorch.py:55 pickle.load [matched pickle.load],True,pytorch_transformers/tokenization_xlm.py:128 spacy.load [matched spacy.load],True,pytorch_transformers/modeling_bert.py:0 class BertEmbeddings [matched <class subclasses model base>],False,,False,,True,pytorch_transformers/modeling_transfo_xl.py:1102 torch.no_grad [matched torch.no_grad],"unverified: missing stages: training, evaluation"
https://github.com/bloominstituteoftechnology/DS-Unit-4-Sprint-3-Deep-Learning,no_dockerfile,False,0,0,0,,,0,0,0,0,0,False,,False,,False,,False,,False,,False,,no Dockerfile and no fallback entry point found
https://github.com/stdiff/adhoc,no_dockerfile,False,0,0,0,,,0,0,0,0,0,False,,False,,False,,False,,False,,False,,no Dockerfile and no fallback entry point found
https://github.com/huseinzol05/NLP-Models-Tensorflow,no_dockerfile,False,0,0,0,,,0,0,0,0,0,False,,False,,False,,False,,False,,False,,no Dockerfile and no fallback entry point found
https://github.com/liamdx/masters-rnnmu,no_dockerfile,False,0,0,0,,,0,0,0,0,0,False,,False,,False,,False,,False,,False,,no Dockerfile and no fallback entry point found
https://github.com/MysteryVaibhav/RWR-GAE,ok,False,4,0,1,gae\train.py,fallback_nested,8,61,2,0,0,True,deepWalk/graph.py:270 scipy.io.loadmat [matched scipy.io.loadmat],False,,True,gae/train.py:177 sklearn.cluster.KMeans [matched KMeans],True,gae/train.py:99 optimizer.zero_grad [matched optimizer.zero_grad],True,gae/utils.py:214 sklearn.metrics.roc_auc_score [matched roc_auc_score],False,,"unverified: missing stages: data_preparation, inference"
https://github.com/NCBI-Hackathons/Virulence_Factor_Characterization,ok,False,0,1,1,virfac\cli.py,fallback_console_script,1,4,0,0,0,False,,False,,False,,False,,False,,False,,"unverified: missing stages: data_acquisition, data_preparation, modeling, training, evaluation, inference"
https://github.com/zjunlp/DeepKE,no_entry,False,0,1,0,,,0,0,0,0,0,False,,False,,False,,False,,False,,False,,Dockerfile(s) found but no Python entry point could be resolved
https://github.com/ApocalyVec/mmWaveGesture,no_dockerfile,False,0,0,0,,,0,0,0,0,0,False,,False,,False,,False,,False,,False,,no Dockerfile and no fallback entry point found
https://github.com/sforazz/lung_segmentation,no_dockerfile,False,0,0,0,,,0,0,0,0,0,False,,False,,False,,False,,False,,False,,no Dockerfile and no fallback entry point found
https://github.com/HemuManju/reaction-time-classification,ok,False,1,0,1,src\main.py,fallback_nested,1,0,0,0,0,True,src/main.py:26 yaml.load [matched yaml.load],False,,False,,False,,False,,False,,"unverified: missing stages: data_preparation, modeling, training, evaluation, inference"
https://github.com/ryusei6/book-Introduction-to-Machine-Learning-with-Python,no_dockerfile,False,0,0,0,,,0,0,0,0,0,False,,False,,False,,False,,False,,False,,no Dockerfile and no fallback entry point found
https://github.com/boat-group/fancy-nlp,no_dockerfile,False,0,0,0,,,0,0,0,0,0,False,,False,,False,,False,,False,,False,,no Dockerfile and no fallback entry point found
https://github.com/nla-group/ABBA,no_dockerfile,False,0,0,0,,,0,0,0,0,0,False,,False,,False,,False,,False,,False,,no Dockerfile and no fallback entry point found
https://github.com/mnauf/UdacityFacebookScholar,no_entry,False,0,1,0,,,0,0,0,0,0,False,,False,,False,,False,,False,,False,,Dockerfile(s) found but no Python entry point could be resolved
https://github.com/W-Tran/advanced-regression-techniques,no_dockerfile,False,0,0,0,,,0,0,0,0,0,False,,False,,False,,False,,False,,False,,no Dockerfile and no fallback entry point found
https://github.com/bladeroy/Deep-learning,no_dockerfile,False,0,0,0,,,0,0,0,0,0,False,,False,,False,,False,,False,,False,,no Dockerfile and no fallback entry point found
https://github.com/karthikbmk/SDCND,no_entry,False,0,1,0,,,0,0,0,0,0,False,,False,,False,,False,,False,,False,,Dockerfile(s) found but no Python entry point could be resolved
https://github.com/rajeshgupta14/LookAlike_Model_B2B_Customers_NLP,ok,False,1,0,1,src\main.py,fallback_nested,1,3,0,0,0,False,,True,src/main.py:36 pd.concat [matched pd.concat],False,,False,,False,,False,,"unverified: missing stages: data_acquisition, modeling, training, evaluation, inference"
https://github.com/connorwaslo/predict_nba,no_dockerfile,False,0,0,0,,,0,0,0,0,0,False,,False,,False,,False,,False,,False,,no Dockerfile and no fallback entry point found
https://github.com/jpfeil/hydra,no_entry,False,0,1,0,,,0,0,0,0,0,False,,False,,False,,False,,False,,False,,Dockerfile(s) found but no Python entry point could be resolved
https://github.com/abidmunirmalik/python-scripting,no_entry,False,0,1,0,,,0,0,0,0,0,False,,False,,False,,False,,False,,False,,Dockerfile(s) found but no Python entry point could be resolved
https://github.com/GitHub-HongweiZhang/prediction-flow,no_dockerfile,False,0,0,0,,,0,0,0,0,0,False,,False,,False,,False,,False,,False,,no Dockerfile and no fallback entry point found
https://github.com/harislulic/ZeMA-machine-learning-tutorials,no_dockerfile,False,0,0,0,,,0,0,0,0,0,False,,False,,False,,False,,False,,False,,no Dockerfile and no fallback entry point found
https://github.com/moamenibrahim/nlp-teaching,no_dockerfile,False,0,0,0,,,0,0,0,0,0,False,,False,,False,,False,,False,,False,,no Dockerfile and no fallback entry point found
https://github.com/Sujit-O/dynamicgem,no_dockerfile,False,0,0,0,,,0,0,0,0,0,False,,False,,False,,False,,False,,False,,no Dockerfile and no fallback entry point found
https://github.com/JamesMcGuigan/aspiration-ai-internship,no_dockerfile,False,0,0,0,,,0,0,0,0,0,False,,False,,False,,False,,False,,False,,no Dockerfile and no fallback entry point found
https://github.com/cir26/feat_treat,no_dockerfile,False,0,0,0,,,0,0,0,0,0,False,,False,,False,,False,,False,,False,,no Dockerfile and no fallback entry point found
https://github.com/sunyong/webserver,no_dockerfile,False,0,0,0,,,0,0,0,0,0,False,,False,,False,,False,,False,,False,,no Dockerfile and no fallback entry point found
https://github.com/huntercash/Project3-ML,no_dockerfile,False,0,0,0,,,0,0,0,0,0,False,,False,,False,,False,,False,,False,,no Dockerfile and no fallback entry point found
https://github.com/AbdulrahmanQu/Udacity_Projects_DataScientist,no_dockerfile,False,0,0,0,,,0,0,0,0,0,False,,False,,False,,False,,False,,False,,no Dockerfile and no fallback entry point found
https://github.com/Thomas-Lim/kidboyman,no_dockerfile,False,0,0,0,,,0,0,0,0,0,False,,False,,False,,False,,False,,False,,no Dockerfile and no fallback entry point found
https://github.com/zhulingchen/deep-learning,no_dockerfile,False,0,0,0,,,0,0,0,0,0,False,,False,,False,,False,,False,,False,,no Dockerfile and no fallback entry point found
https://github.com/KrishnaswamyLab/visualization_selection,no_dockerfile,False,0,0,0,,,0,0,0,0,0,False,,False,,False,,False,,False,,False,,no Dockerfile and no fallback entry point found
https://github.com/bond005/speech_commands,no_dockerfile,False,0,0,0,,,0,0,0,0,0,False,,False,,False,,False,,False,,False,,no Dockerfile and no fallback entry point found
https://github.com/AngeloYan/fireBalloon,no_dockerfile,False,0,0,0,,,0,0,0,0,0,False,,False,,False,,False,,False,,False,,no Dockerfile and no fallback entry point found
https://github.com/sublime09/ALJI,no_dockerfile,False,0,0,0,,,0,0,0,0,0,False,,False,,False,,False,,False,,False,,no Dockerfile and no fallback entry point found
https://github.com/mromanello/ADA-DHOxSS,no_dockerfile,False,0,0,0,,,0,0,0,0,0,False,,False,,False,,False,,False,,False,,no Dockerfile and no fallback entry point found
https://github.com/KacperKubara/distython,no_dockerfile,False,0,0,0,,,0,0,0,0,0,False,,False,,False,,False,,False,,False,,no Dockerfile and no fallback entry point found
https://github.com/MIPT-Oulu/3DHistoGrading,no_dockerfile,False,0,0,0,,,0,0,0,0,0,False,,False,,False,,False,,False,,False,,no Dockerfile and no fallback entry point found
https://github.com/wjq8421/MLNote,no_dockerfile,False,0,0,0,,,0,0,0,0,0,False,,False,,False,,False,,False,,False,,no Dockerfile and no fallback entry point found
https://github.com/passionzhan/flyai_contest,ok,False,0,0,1,Medical_QABot_xlnet_TF\train.py,fallback_nested,1,6,0,0,0,False,,False,,False,,False,,False,,False,,"unverified: missing stages: data_acquisition, data_preparation, modeling, training, evaluation, inference"
https://github.com/Tjorriemorrie/ufc,ok,False,0,0,1,arv\__main__.py,fallback_nested,1,1,0,0,0,False,,False,,False,,False,,False,,False,,"unverified: missing stages: data_acquisition, data_preparation, modeling, training, evaluation, inference"
https://github.com/uber/causalml,no_dockerfile,False,0,0,0,,,0,0,0,0,0,False,,False,,False,,False,,False,,False,,no Dockerfile and no fallback entry point found
https://github.com/KordingLab/Neural_Decoding,no_dockerfile,False,0,0,0,,,0,0,0,0,0,False,,False,,False,,False,,False,,False,,no Dockerfile and no fallback entry point found
https://github.com/PaulMcInnis/JobFunnel,ok,False,1,0,1,jobfunnel\__main__.py,fallback_nested,26,133,4,0,0,True,jobfunnel/backend/jobfunnel.py:55 json.load [matched json.load],False,,False,,False,,False,,False,,"unverified: missing stages: data_preparation, modeling, training, evaluation, inference"
https://github.com/nhatsmrt/nn-toolbox,no_dockerfile,False,0,0,0,,,0,0,0,0,0,False,,False,,False,,False,,False,,False,,no Dockerfile and no fallback entry point found
https://github.com/h1-the-swan/autoreview,no_dockerfile,False,0,0,0,,,0,0,0,0,0,False,,False,,False,,False,,False,,False,,no Dockerfile and no fallback entry point found
https://github.com/sberbank-ai/ner-bert,no_dockerfile,False,0,0,0,,,0,0,0,0,0,False,,False,,False,,False,,False,,False,,no Dockerfile and no fallback entry point found
https://github.com/johntruckenbrodt/S1_ARD,no_dockerfile,False,0,0,0,,,0,0,0,0,0,False,,False,,False,,False,,False,,False,,no Dockerfile and no fallback entry point found
https://github.com/SebasPelaez/speech-recognition-pi,no_dockerfile,False,0,0,0,,,0,0,0,0,0,False,,False,,False,,False,,False,,False,,no Dockerfile and no fallback entry point found
https://github.com/pygpc-polynomial-chaos/pygpc,no_dockerfile,False,0,0,0,,,0,0,0,0,0,False,,False,,False,,False,,False,,False,,no Dockerfile and no fallback entry point found
https://github.com/juvejones/mhcflurry_pan,ok,False,1,2,1,mhcflurry\downloads_command.py,fallback_console_script,2,14,1,0,0,True,mhcflurry/downloads_command.py:195 tarfile.open [matched tarfile.open],False,,False,,False,,False,,False,,"unverified: missing stages: data_preparation, modeling, training, evaluation, inference"
https://github.com/guy120494/TransferLearning,no_dockerfile,False,0,0,0,,,0,0,0,0,0,False,,False,,False,,False,,False,,False,,no Dockerfile and no fallback entry point found
https://github.com/penn-ultrasound-research-laboratory/Deep-Ultrasound-Classification,no_dockerfile,False,0,0,0,,,0,0,0,0,0,False,,False,,False,,False,,False,,False,,no Dockerfile and no fallback entry point found
https://github.com/TortillasAlfred/NeuralBarkCalculator,no_dockerfile,False,0,0,0,,,0,0,0,0,0,False,,False,,False,,False,,False,,False,,no Dockerfile and no fallback entry point found
https://github.com/JETSCAPE/STAT,no_dockerfile,False,0,0,0,,,0,0,0,0,0,False,,False,,False,,False,,False,,False,,no Dockerfile and no fallback entry point found
https://github.com/SamuelMarks/ml-glaucoma,ok,False,3,0,1,ml_glaucoma\__main__.py,fallback_nested,44,160,5,0,0,True,ml_glaucoma/utils/dr_spoc_data_prep/utils.py:234 pd.read_excel [matched pd.read_excel],True,ml_glaucoma/cli_options/logparser/utils.py:282 pd.concat [matched pd.concat],False,,False,,True,ml_glaucoma/cli_options/hyperparameters/tf_keras.py:61 tf.keras.metrics.deserialize [matched tf.keras.metrics.*],False,,"unverified: missing stages: modeling, training, inference"
https://github.com/Muhammad-Elgendi/Athena,no_dockerfile,False,0,0,0,,,0,0,0,0,0,False,,False,,False,,False,,False,,False,,no Dockerfile and no fallback entry point found
https://github.com/IloBe/CNN_Thorax-Pneumonia_Classifier,no_dockerfile,False,0,0,0,,,0,0,0,0,0,False,,False,,False,,False,,False,,False,,no Dockerfile and no fallback entry point found
https://github.com/gunsodo/TweetTh,no_dockerfile,False,0,0,0,,,0,0,0,0,0,False,,False,,False,,False,,False,,False,,no Dockerfile and no fallback entry point found
https://github.com/neksa/mutagene,ok,False,4,0,1,mutagene\__main__.py,fallback_nested,38,266,4,0,0,True,mutagene/cli/fetch_menu.py:155 pd.read_json [matched pd.read_json],True,mutagene/io/decomposition.py:201 pd.concat [matched pd.concat],False,,False,,True,mutagene/benchmark/multiple_benchmark.py:232 sklearn.metrics.mean_squared_error [matched mean_squared_error],True,mutagene/webapp/server.py:80 flask.Flask [matched Flask],"unverified: missing stages: modeling, training"
https://github.com/githmy/note_work,no_entry,False,0,12,1,,dockerfile,0,0,0,0,0,False,,False,,False,,False,,False,,False,,no resolved entry point yielded a usable call graph
https://github.com/srlearn/srlearn,no_dockerfile,False,0,0,0,,,0,0,0,0,0,False,,False,,False,,False,,False,,False,,no Dockerfile and no fallback entry point found
https://github.com/Atrus619/CSDGAN,no_entry,False,0,1,0,,,0,0,0,0,0,False,,False,,False,,False,,False,,False,,Dockerfile(s) found but no Python entry point could be resolved
https://github.com/lokago/tensorflow_cookbook,no_dockerfile,False,0,0,0,,,0,0,0,0,0,False,,False,,False,,False,,False,,False,,no Dockerfile and no fallback entry point found
https://github.com/XiaoqiMa/shapSD,no_dockerfile,False,0,0,0,,,0,0,0,0,0,False,,False,,False,,False,,False,,False,,no Dockerfile and no fallback entry point found
https://github.com/MLBazaar/AutoBazaar,ok,False,3,1,1,autobazaar\__main__.py,fallback_nested,5,66,2,0,0,True,autobazaar/__main__.py:45 pd.read_csv [matched pd.read_csv],True,autobazaar/search.py:428 sklearn.model_selection.StratifiedKFold [matched StratifiedKFold],False,,False,,False,,True,autobazaar/__main__.py:106 pipeline.predict [matched pipeline.predict],"unverified: missing stages: modeling, training, evaluation"
https://github.com/mattia0690/Udacity-Machine-Learning-Nanodegree-Curriculum,no_dockerfile,False,0,0,0,,,0,0,0,0,0,False,,False,,False,,False,,False,,False,,no Dockerfile and no fallback entry point found
https://github.com/bwc3252/EM_PE,no_dockerfile,False,0,0,0,,,0,0,0,0,0,False,,False,,False,,False,,False,,False,,no Dockerfile and no fallback entry point found
https://github.com/jonathandarwin/notnote-webservice,no_dockerfile,False,0,0,0,,,0,0,0,0,0,False,,False,,False,,False,,False,,False,,no Dockerfile and no fallback entry point found
https://github.com/ISCAS007/torchdet,no_dockerfile,False,0,0,0,,,0,0,0,0,0,False,,False,,False,,False,,False,,False,,no Dockerfile and no fallback entry point found
https://github.com/vc1492a/PyNomaly,no_dockerfile,False,0,0,0,,,0,0,0,0,0,False,,False,,False,,False,,False,,False,,no Dockerfile and no fallback entry point found
https://github.com/vanvalenlab/intro-to-deepcell,no_dockerfile,False,0,0,0,,,0,0,0,0,0,False,,False,,False,,False,,False,,False,,no Dockerfile and no fallback entry point found
https://github.com/hammerlab/t-cell-relation-extraction,no_entry,False,0,1,0,,,0,0,0,0,0,False,,False,,False,,False,,False,,False,,Dockerfile(s) found but no Python entry point could be resolved
https://github.com/senwu/emmental,no_dockerfile,False,0,0,0,,,0,0,0,0,0,False,,False,,False,,False,,False,,False,,no Dockerfile and no fallback entry point found
https://github.com/sdrogers/amr,no_dockerfile,False,0,0,0,,,0,0,0,0,0,False,,False,,False,,False,,False,,False,,no Dockerfile and no fallback entry point found
https://github.com/flyliu2017/bert_modularized,ok,False,3,0,1,bin\run.py,fallback_nested,11,100,3,0,0,True,processor/data_processor.py:141 csv.reader [matched csv.reader],False,,False,,False,,True,processor/data_processor.py:516 sklearn.metrics.classification_report [matched classification_report],True,bin/run.py:319 estimator.predict [matched estimator.predict],"unverified: missing stages: data_preparation, modeling, training"
https://github.com/sun-yitao/GrabAIChallenge,no_dockerfile,False,0,0,0,,,0,0,0,0,0,False,,False,,False,,False,,False,,False,,no Dockerfile and no fallback entry point found
https://github.com/s4w3d0ff/donnie,no_dockerfile,False,0,0,0,,,0,0,0,0,0,False,,False,,False,,False,,False,,False,,no Dockerfile and no fallback entry point found
https://github.com/gustavocidornelas/fused-multimodal-emotion,no_dockerfile,False,0,0,0,,,0,0,0,0,0,False,,False,,False,,False,,False,,False,,no Dockerfile and no fallback entry point found
https://github.com/esnahn/NaverFloorplanAnalysis,no_entry,False,0,1,0,,,0,0,0,0,0,False,,False,,False,,False,,False,,False,,Dockerfile(s) found but no Python entry point could be resolved
https://github.com/ucsd-ml-arts/ml-art-final-ece-115,no_dockerfile,False,0,0,0,,,0,0,0,0,0,False,,False,,False,,False,,False,,False,,no Dockerfile and no fallback entry point found
https://github.com/ohjunghwan/Face-Recognition-using-Facenet,no_dockerfile,False,0,0,0,,,0,0,0,0,0,False,,False,,False,,False,,False,,False,,no Dockerfile and no fallback entry point found
https://github.com/marcmeji/PythonDataScienceHandbook,no_dockerfile,False,0,0,0,,,0,0,0,0,0,False,,False,,False,,False,,False,,False,,no Dockerfile and no fallback entry point found
https://github.com/manishpandit/recidivism,no_dockerfile,False,0,0,0,,,0,0,0,0,0,False,,False,,False,,False,,False,,False,,no Dockerfile and no fallback entry point found
https://github.com/agbs2k8/toolbelt_dev,no_dockerfile,False,0,0,0,,,0,0,0,0,0,False,,False,,False,,False,,False,,False,,no Dockerfile and no fallback entry point found
https://github.com/duke-lungmap-team/lungmap-pipeline,no_dockerfile,False,0,0,0,,,0,0,0,0,0,False,,False,,False,,False,,False,,False,,no Dockerfile and no fallback entry point found
https://github.com/jsleb333/transboost,no_dockerfile,False,0,0,0,,,0,0,0,0,0,False,,False,,False,,False,,False,,False,,no Dockerfile and no fallback entry point found
https://github.com/meteocat/pymica,no_dockerfile,False,0,0,0,,,0,0,0,0,0,False,,False,,False,,False,,False,,False,,no Dockerfile and no fallback entry point found
https://github.com/opt-out-tools/find-out,no_dockerfile,False,0,0,0,,,0,0,0,0,0,False,,False,,False,,False,,False,,False,,no Dockerfile and no fallback entry point found
https://github.com/ryukinix/ai-ufc,no_dockerfile,False,0,0,0,,,0,0,0,0,0,False,,False,,False,,False,,False,,False,,no Dockerfile and no fallback entry point found
https://github.com/iOSDevLog/slmethod,no_dockerfile,False,0,0,0,,,0,0,0,0,0,False,,False,,False,,False,,False,,False,,no Dockerfile and no fallback entry point found
https://github.com/lightwave-lab/lightlab,ok,False,0,0,1,lightlab\command_line.py,fallback_console_script,2,14,1,0,0,False,,False,,False,,False,,False,,False,,"unverified: missing stages: data_acquisition, data_preparation, modeling, training, evaluation, inference"
https://github.com/dkoutsou/brexit-twitter-sentiment-analysis,no_dockerfile,False,0,0,0,,,0,0,0,0,0,False,,False,,False,,False,,False,,False,,no Dockerfile and no fallback entry point found
https://github.com/tmaaiveld/planningandreinf,no_dockerfile,False,0,0,0,,,0,0,0,0,0,False,,False,,False,,False,,False,,False,,no Dockerfile and no fallback entry point found
https://github.com/RedHatInsights/aiops-rad,no_dockerfile,False,0,0,0,,,0,0,0,0,0,False,,False,,False,,False,,False,,False,,no Dockerfile and no fallback entry point found
https://github.com/shanedrabing/gamecam,no_dockerfile,False,0,0,0,,,0,0,0,0,0,False,,False,,False,,False,,False,,False,,no Dockerfile and no fallback entry point found
https://github.com/willtscott/inquire-boulder-chatbot,ok,False,1,1,1,src\main.py,fallback_nested,1,2,0,0,0,False,,False,,False,,False,,False,,True,src/main.py:7 flask.Flask [matched Flask],"unverified: missing stages: data_acquisition, data_preparation, modeling, training, evaluation"
https://github.com/blake-enyart/heretolearn_django,no_dockerfile,False,0,0,0,,,0,0,0,0,0,False,,False,,False,,False,,False,,False,,no Dockerfile and no fallback entry point found
https://github.com/microsoft/gather,no_dockerfile,False,0,0,0,,,0,0,0,0,0,False,,False,,False,,False,,False,,False,,no Dockerfile and no fallback entry point found
https://github.com/jlgarridol/TFG-SmartBeds,no_dockerfile,False,0,0,0,,,0,0,0,0,0,False,,False,,False,,False,,False,,False,,no Dockerfile and no fallback entry point found
https://github.com/RamiroArribas/People_traffic_forecasting,no_dockerfile,False,0,0,0,,,0,0,0,0,0,False,,False,,False,,False,,False,,False,,no Dockerfile and no fallback entry point found
https://github.com/cc-hpc-itwm/PHS,no_dockerfile,False,0,0,0,,,0,0,0,0,0,False,,False,,False,,False,,False,,False,,no Dockerfile and no fallback entry point found
https://github.com/eitroo/potter,no_dockerfile,False,0,0,0,,,0,0,0,0,0,False,,False,,False,,False,,False,,False,,no Dockerfile and no fallback entry point found
https://github.com/arryyao/osmnx,no_entry,False,0,1,0,,,0,0,0,0,0,False,,False,,False,,False,,False,,False,,Dockerfile(s) found but no Python entry point could be resolved
https://github.com/Pattio/DeepSwarm,no_dockerfile,False,0,0,0,,,0,0,0,0,0,False,,False,,False,,False,,False,,False,,no Dockerfile and no fallback entry point found
https://github.com/floreencia/pylotwhale,no_dockerfile,False,0,0,0,,,0,0,0,0,0,False,,False,,False,,False,,False,,False,,no Dockerfile and no fallback entry point found
https://github.com/scvae/scvae,ok,False,5,0,1,scvae\__main__.py,fallback_nested,22,242,6,0,1,True,scvae/defaults.py:24 json.load [matched json.load],False,,True,scvae/analyses/prediction.py:206 sklearn.cluster.KMeans [matched KMeans],True,scvae/analyses/prediction.py:217 model.fit [matched model.fit],True,scvae/cli.py:483 model.evaluate [matched model.evaluate],True,scvae/analyses/prediction.py:218 model.predict [matched model.predict],unverified: missing stages: data_preparation
https://github.com/igormcsouza/machine-learning,clone_failed,False,0,0,0,,,0,0,0,0,0,False,,False,,False,,False,,False,,False,,remote: Repository not found.
https://github.com/AlexandrovLab/SigProfilerExtractor,ok,False,0,1,1,SigProfilerExtractor\sigprofilerextractor_cli.py,fallback_console_script,1,2,0,0,0,False,,False,,False,,False,,False,,False,,"unverified: missing stages: data_acquisition, data_preparation, modeling, training, evaluation, inference"
https://github.com/clbox/basis-expansions_local,no_dockerfile,False,0,0,0,,,0,0,0,0,0,False,,False,,False,,False,,False,,False,,no Dockerfile and no fallback entry point found
https://github.com/nickarad/atrial-classification,ok,False,5,0,1,src\train.py,fallback_nested,1,0,0,0,0,True,src/train.py:17 np.load [matched np.load],True,src/train.py:43 sklearn.model_selection.train_test_split [matched train_test_split],False,,True,src/train.py:64 model.fit [matched model.fit],True,src/train.py:68 model.evaluate [matched model.evaluate],True,src/train.py:94 model.predict [matched model.predict],unverified: missing stages: modeling
https://github.com/jcaip/quickthoughts,ok,False,2,0,1,src\train.py,fallback_nested,1,0,0,0,0,True,src/train.py:43 torch.utils.data.dataloader.DataLoader [matched DataLoader],False,,False,,True,src/train.py:75 optimizer.zero_grad [matched optimizer.zero_grad],False,,False,,"unverified: missing stages: data_preparation, modeling, evaluation, inference"
https://github.com/h2oai/driverlessai-tutorials,no_entry,False,0,2,0,,,0,0,0,0,0,False,,False,,False,,False,,False,,False,,Dockerfile(s) found but no Python entry point could be resolved
https://github.com/Gertdor/genomic-signatures-data-structure,no_entry,False,0,1,0,,,0,0,0,0,0,False,,False,,False,,False,,False,,False,,Dockerfile(s) found but no Python entry point could be resolved
https://github.com/BlaneCordes/boston_housing,no_dockerfile,False,0,0,0,,,0,0,0,0,0,False,,False,,False,,False,,False,,False,,no Dockerfile and no fallback entry point found
https://github.com/artdgn/jobs-ranker,no_entry,False,0,1,0,,,0,0,0,0,0,False,,False,,False,,False,,False,,False,,Dockerfile(s) found but no Python entry point could be resolved
https://github.com/shrimpynuts/news-sentiment,no_dockerfile,False,0,0,0,,,0,0,0,0,0,False,,False,,False,,False,,False,,False,,no Dockerfile and no fallback entry point found
https://github.com/marooncn/Defect-Detection-Classifier,no_dockerfile,False,0,0,0,,,0,0,0,0,0,False,,False,,False,,False,,False,,False,,no Dockerfile and no fallback entry point found
https://github.com/eeshishko/MusicSynth-backend,no_dockerfile,False,0,0,0,,,0,0,0,0,0,False,,False,,False,,False,,False,,False,,no Dockerfile and no fallback entry point found
https://github.com/weso/pylat,no_dockerfile,False,0,0,0,,,0,0,0,0,0,False,,False,,False,,False,,False,,False,,no Dockerfile and no fallback entry point found
https://github.com/ZebinYang/SeqUD,no_dockerfile,False,0,0,0,,,0,0,0,0,0,False,,False,,False,,False,,False,,False,,no Dockerfile and no fallback entry point found
https://github.com/Information-Fusion-Lab-Umass/flare,ok,False,1,0,1,scripts\main.py,fallback_nested,2,1,1,0,0,True,scripts/main.py:19 yaml.load [matched yaml.load],False,,False,,False,,False,,False,,"unverified: missing stages: data_preparation, modeling, training, evaluation, inference"
https://github.com/lingquant/msppy,no_dockerfile,False,0,0,0,,,0,0,0,0,0,False,,False,,False,,False,,False,,False,,no Dockerfile and no fallback entry point found
https://github.com/BiRG/Omics-Dashboard,no_entry,False,0,7,0,,,0,0,0,0,0,False,,False,,False,,False,,False,,False,,Dockerfile(s) found but no Python entry point could be resolved
https://github.com/EricSchles/text_processing_ml,no_dockerfile,False,0,0,0,,,0,0,0,0,0,False,,False,,False,,False,,False,,False,,no Dockerfile and no fallback entry point found
https://github.com/IBM/causallib,no_dockerfile,False,0,0,0,,,0,0,0,0,0,False,,False,,False,,False,,False,,False,,no Dockerfile and no fallback entry point found
https://github.com/diningPhilosopher64/SmartStocks,no_dockerfile,False,0,0,0,,,0,0,0,0,0,False,,False,,False,,False,,False,,False,,no Dockerfile and no fallback entry point found
https://github.com/tblair7/playlist_generation,no_dockerfile,False,0,0,0,,,0,0,0,0,0,False,,False,,False,,False,,False,,False,,no Dockerfile and no fallback entry point found
https://github.com/jforjohn/drug_embeddings,ok,False,0,0,1,src\run.py,fallback_nested,1,1,0,0,0,False,,False,,False,,False,,False,,False,,"unverified: missing stages: data_acquisition, data_preparation, modeling, training, evaluation, inference"
https://github.com/ThomasWalter/ImageMassCytometry,no_dockerfile,False,0,0,0,,,0,0,0,0,0,False,,False,,False,,False,,False,,False,,no Dockerfile and no fallback entry point found
https://github.com/bogdanp05/Benchmark,ok,False,0,0,1,caller\__main__.py,fallback_nested,4,12,3,0,0,False,,False,,False,,False,,False,,False,,"unverified: missing stages: data_acquisition, data_preparation, modeling, training, evaluation, inference"
https://github.com/KevinMenden/scaden,ok,True,6,1,1,scaden\__main__.py,fallback_nested,13,38,3,0,0,True,scaden/simulation/bulk_simulator.py:104 self.load_dataset [matched load_dataset],True,scaden/model/functions.py:39 sklearn.preprocessing.MinMaxScaler [matched MinMaxScaler],True,scaden/model/scaden.py:62 tf.keras.Sequential [matched keras.Sequential],True,scaden/model/scaden.py:315 tf.GradientTape [matched tf.GradientTape],True,scaden/model/scaden.py:127 tf.compat.v1.metrics.root_mean_squared_error [matched root_mean_squared_error],True,scaden/model/scaden.py:355 self.model.predict [matched model.predict],verified: all 6 stages present
https://github.com/mmmk-projects/twitter-stream-clustering-backend,no_dockerfile,False,0,0,0,,,0,0,0,0,0,False,,False,,False,,False,,False,,False,,no Dockerfile and no fallback entry point found
https://github.com/ucbiyyq/ucbiyyq-w207re-final-proj,no_dockerfile,False,0,0,0,,,0,0,0,0,0,False,,False,,False,,False,,False,,False,,no Dockerfile and no fallback entry point found
https://github.com/whu-fanghan/Open-reid,no_dockerfile,False,0,0,0,,,0,0,0,0,0,False,,False,,False,,False,,False,,False,,no Dockerfile and no fallback entry point found
https://github.com/Yatoom/Hyperboost,no_dockerfile,False,0,0,0,,,0,0,0,0,0,False,,False,,False,,False,,False,,False,,no Dockerfile and no fallback entry point found
https://github.com/benmack/eo-box,no_dockerfile,False,0,0,0,,,0,0,0,0,0,False,,False,,False,,False,,False,,False,,no Dockerfile and no fallback entry point found
https://github.com/harshbg/Sign-Language-Interpreter-using-Deep-Learning,no_dockerfile,False,0,0,0,,,0,0,0,0,0,False,,False,,False,,False,,False,,False,,no Dockerfile and no fallback entry point found
https://github.com/mir-of/tf-facenet,no_dockerfile,False,0,0,0,,,0,0,0,0,0,False,,False,,False,,False,,False,,False,,no Dockerfile and no fallback entry point found
https://github.com/seahrh/pocojo,no_dockerfile,False,0,0,0,,,0,0,0,0,0,False,,False,,False,,False,,False,,False,,no Dockerfile and no fallback entry point found
https://github.com/literate-waffle/mbti,ok,False,0,0,1,twitter\__main__.py,fallback_nested,5,5,2,0,0,False,,False,,False,,False,,False,,False,,"unverified: missing stages: data_acquisition, data_preparation, modeling, training, evaluation, inference"
https://github.com/sachiket/Vapours,no_dockerfile,False,0,0,0,,,0,0,0,0,0,False,,False,,False,,False,,False,,False,,no Dockerfile and no fallback entry point found
https://github.com/Minyus/causallift,no_dockerfile,False,0,0,0,,,0,0,0,0,0,False,,False,,False,,False,,False,,False,,no Dockerfile and no fallback entry point found
https://github.com/miaolin/time_series_modelling,ok,False,1,0,1,stats_method\main.py,fallback_nested,5,6,1,0,0,True,stats_method/main.py:55 pd.read_csv [matched pd.read_csv],False,,False,,False,,False,,False,,"unverified: missing stages: data_preparation, modeling, training, evaluation, inference"
https://github.com/tony2037/De-identification,no_dockerfile,False,0,0,0,,,0,0,0,0,0,False,,False,,False,,False,,False,,False,,no Dockerfile and no fallback entry point found
https://github.com/Gui879/MLProject,no_dockerfile,False,0,0,0,,,0,0,0,0,0,False,,False,,False,,False,,False,,False,,no Dockerfile and no fallback entry point found
https://github.com/undergroundquizscene/busboy,ok,False,1,0,1,busboy\main.py,fallback_nested,9,137,3,0,0,True,busboy/apis.py:38 requests.get [matched requests.get],False,,False,,False,,False,,False,,"unverified: missing stages: data_preparation, modeling, training, evaluation, inference"
https://github.com/UnofficialJuliaMirror/SemanticModels.jl-f5ac2a72-33c7-5caf-b863-f02fefdcf428,no_entry,False,0,1,0,,,0,0,0,0,0,False,,False,,False,,False,,False,,False,,Dockerfile(s) found but no Python entry point could be resolved
https://github.com/profilator/profilator,ok,False,1,0,1,source\main.py,fallback_nested,1,0,0,0,0,True,source/main.py:6 json.load [matched json.load],False,,False,,False,,False,,False,,"unverified: missing stages: data_preparation, modeling, training, evaluation, inference"
https://github.com/madkinsz/mlneuro,no_dockerfile,False,0,0,0,,,0,0,0,0,0,False,,False,,False,,False,,False,,False,,no Dockerfile and no fallback entry point found
https://github.com/agilotra/textgenrnn-fix,no_dockerfile,False,0,0,0,,,0,0,0,0,0,False,,False,,False,,False,,False,,False,,no Dockerfile and no fallback entry point found
https://github.com/kearnz/autoimpute,no_dockerfile,False,0,0,0,,,0,0,0,0,0,False,,False,,False,,False,,False,,False,,no Dockerfile and no fallback entry point found
https://github.com/szopqa/license-plate-opens-the-gate,ok,False,0,0,1,src\main.py,fallback_nested,1,0,0,0,0,False,,False,,False,,False,,False,,False,,"unverified: missing stages: data_acquisition, data_preparation, modeling, training, evaluation, inference"
https://github.com/lai-bluejay/diego,no_dockerfile,False,0,0,0,,,0,0,0,0,0,False,,False,,False,,False,,False,,False,,no Dockerfile and no fallback entry point found
https://github.com/sarthakbatragatech/100-Days-of-ML,no_dockerfile,False,0,0,0,,,0,0,0,0,0,False,,False,,False,,False,,False,,False,,no Dockerfile and no fallback entry point found
https://github.com/BioroboticsLab/bb_behavior,no_dockerfile,False,0,0,0,,,0,0,0,0,0,False,,False,,False,,False,,False,,False,,no Dockerfile and no fallback entry point found
https://github.com/theVaibhavGaur/Udacity-Machine-Learning-Nanodegree,no_dockerfile,False,0,0,0,,,0,0,0,0,0,False,,False,,False,,False,,False,,False,,no Dockerfile and no fallback entry point found
https://github.com/evandowning/model-api-existence,no_dockerfile,False,0,0,0,,,0,0,0,0,0,False,,False,,False,,False,,False,,False,,no Dockerfile and no fallback entry point found
https://github.com/olliethomas/test_svm_module,no_dockerfile,False,0,0,0,,,0,0,0,0,0,False,,False,,False,,False,,False,,False,,no Dockerfile and no fallback entry point found
https://github.com/pnnl/chissl,no_dockerfile,False,0,0,0,,,0,0,0,0,0,False,,False,,False,,False,,False,,False,,no Dockerfile and no fallback entry point found
https://github.com/CS467-Lich/tweetanalyzer,ok,False,0,0,1,getTweets_pkg\main.py,fallback_nested,1,1,0,0,0,False,,False,,False,,False,,False,,False,,"unverified: missing stages: data_acquisition, data_preparation, modeling, training, evaluation, inference"
https://github.com/rodrigost23/automailx,no_dockerfile,False,0,0,0,,,0,0,0,0,0,False,,False,,False,,False,,False,,False,,no Dockerfile and no fallback entry point found
https://github.com/gsel9/biorad,ok,False,2,0,1,experiments\main.py,fallback_nested,1,3,0,0,0,False,,True,experiments/main.py:44 sklearn.preprocessing.StandardScaler [matched StandardScaler],False,,False,,True,experiments/main.py:61 sklearn.metrics.roc_auc_score [matched roc_auc_score],False,,"unverified: missing stages: data_acquisition, modeling, training, inference"
https://github.com/alan-turing-institute/sktime,no_entry,False,0,6,0,,,0,0,0,0,0,False,,False,,False,,False,,False,,False,,Dockerfile(s) found but no Python entry point could be resolved
https://github.com/panda-luminosity-detector-group/LMD-Alignment,no_dockerfile,False,0,0,0,,,0,0,0,0,0,False,,False,,False,,False,,False,,False,,no Dockerfile and no fallback entry point found
https://github.com/pailabteam/pailab,ok,False,3,0,1,pailab\__main__.py,fallback_nested,14,277,5,0,3,True,pailab/ml_repo/repo.py:1182 json.load [matched json.load],False,,True,pailab/ml_repo/repo.py:1559 pailab.ml_repo.repo_objects.Model [matched Model],False,,True,pailab/ml_repo/repo.py:957 sklearn.metrics.r2_score [matched r2_score],False,,"unverified: missing stages: data_preparation, training, inference"
https://github.com/raven4752/zhijiangVQA,no_dockerfile,False,0,0,0,,,0,0,0,0,0,False,,False,,False,,False,,False,,False,,no Dockerfile and no fallback entry point found
https://github.com/ssharpe42/AuthorStyle,no_dockerfile,False,0,0,0,,,0,0,0,0,0,False,,False,,False,,False,,False,,False,,no Dockerfile and no fallback entry point found
https://github.com/ZhiyiHeHNU/facenet,no_dockerfile,False,0,0,0,,,0,0,0,0,0,False,,False,,False,,False,,False,,False,,no Dockerfile and no fallback entry point found
https://github.com/vivianah/dataScienceNotebooks,no_dockerfile,False,0,0,0,,,0,0,0,0,0,False,,False,,False,,False,,False,,False,,no Dockerfile and no fallback entry point found
https://github.com/bond005/deep_ner,no_dockerfile,False,0,0,0,,,0,0,0,0,0,False,,False,,False,,False,,False,,False,,no Dockerfile and no fallback entry point found
https://github.com/LilJohny/Shorty,ok,False,0,0,1,Summarizer\main.py,fallback_nested,1,10,0,0,0,False,,False,,False,,False,,False,,False,,"unverified: missing stages: data_acquisition, data_preparation, modeling, training, evaluation, inference"
https://github.com/PiotrekGa/pruned-cv,no_dockerfile,False,0,0,0,,,0,0,0,0,0,False,,False,,False,,False,,False,,False,,no Dockerfile and no fallback entry point found
https://github.com/lincolnfz/mlearn,no_dockerfile,False,0,0,0,,,0,0,0,0,0,False,,False,,False,,False,,False,,False,,no Dockerfile and no fallback entry point found
https://github.com/gsi-upm/sitc,no_dockerfile,False,0,0,0,,,0,0,0,0,0,False,,False,,False,,False,,False,,False,,no Dockerfile and no fallback entry point found
https://github.com/seoulai/mdml,no_dockerfile,False,0,0,0,,,0,0,0,0,0,False,,False,,False,,False,,False,,False,,no Dockerfile and no fallback entry point found
https://github.com/rietmann-nv/pmdarima,no_dockerfile,False,0,0,0,,,0,0,0,0,0,False,,False,,False,,False,,False,,False,,no Dockerfile and no fallback entry point found
https://github.com/neka-nat/probreg,no_dockerfile,False,0,0,0,,,0,0,0,0,0,False,,False,,False,,False,,False,,False,,no Dockerfile and no fallback entry point found
https://github.com/Kevin-Chen0/udacity-mle-nd,no_dockerfile,False,0,0,0,,,0,0,0,0,0,False,,False,,False,,False,,False,,False,,no Dockerfile and no fallback entry point found
https://github.com/stomioka/sdtm_mapper,no_dockerfile,False,0,0,0,,,0,0,0,0,0,False,,False,,False,,False,,False,,False,,no Dockerfile and no fallback entry point found
https://github.com/THUFutureLab/gluon-face,no_dockerfile,False,0,0,0,,,0,0,0,0,0,False,,False,,False,,False,,False,,False,,no Dockerfile and no fallback entry point found
https://github.com/sutong99/ml,no_entry,False,0,1,0,,,0,0,0,0,0,False,,False,,False,,False,,False,,False,,Dockerfile(s) found but no Python entry point could be resolved
https://github.com/hashware/faceswap,ok,False,1,2,1,scripts\train.py,fallback_nested,13,142,4,0,1,True,scripts/train.py:169 cv2.imread [matched cv2.imread],False,,False,,False,,False,,False,,"unverified: missing stages: data_preparation, modeling, training, evaluation, inference"
https://github.com/duketemon/pyuplift,no_dockerfile,False,0,0,0,,,0,0,0,0,0,False,,False,,False,,False,,False,,False,,no Dockerfile and no fallback entry point found
https://github.com/davidharvey1986/pyRRG,ok,False,1,0,1,src\main.py,fallback_nested,9,22,2,0,0,True,src/main.py:54 json.load [matched json.load],False,,False,,False,,False,,False,,"unverified: missing stages: data_preparation, modeling, training, evaluation, inference"
https://github.com/marvel2010/k-terminal-cut,no_dockerfile,False,0,0,0,,,0,0,0,0,0,False,,False,,False,,False,,False,,False,,no Dockerfile and no fallback entry point found
https://github.com/keijak/kaggle-pub,no_dockerfile,False,0,0,0,,,0,0,0,0,0,False,,False,,False,,False,,False,,False,,no Dockerfile and no fallback entry point found
https://github.com/muammar/ml4chem,no_dockerfile,False,0,0,0,,,0,0,0,0,0,False,,False,,False,,False,,False,,False,,no Dockerfile and no fallback entry point found
https://github.com/kingafy/tpot,no_dockerfile,False,0,0,0,,,0,0,0,0,0,False,,False,,False,,False,,False,,False,,no Dockerfile and no fallback entry point found
https://github.com/jakobrunge/tigramite,no_dockerfile,False,0,0,0,,,0,0,0,0,0,False,,False,,False,,False,,False,,False,,no Dockerfile and no fallback entry point found
https://github.com/MyrionSC/P10,no_dockerfile,False,0,0,0,,,0,0,0,0,0,False,,False,,False,,False,,False,,False,,no Dockerfile and no fallback entry point found
https://github.com/sorindragan/intelligent-assistant-agent,no_dockerfile,False,0,0,0,,,0,0,0,0,0,False,,False,,False,,False,,False,,False,,no Dockerfile and no fallback entry point found
https://github.com/raccooncho/self_TIL,no_dockerfile,False,0,0,0,,,0,0,0,0,0,False,,False,,False,,False,,False,,False,,no Dockerfile and no fallback entry point found
https://github.com/openml/automlbenchmark,no_dockerfile,False,0,0,0,,,0,0,0,0,0,False,,False,,False,,False,,False,,False,,no Dockerfile and no fallback entry point found
https://github.com/onnx/onnx-docker,no_entry,False,0,3,0,,,0,0,0,0,0,False,,False,,False,,False,,False,,False,,Dockerfile(s) found but no Python entry point could be resolved
https://github.com/yfe404/kaggle-plasticc-astronomical-classification,no_dockerfile,False,0,0,0,,,0,0,0,0,0,False,,False,,False,,False,,False,,False,,no Dockerfile and no fallback entry point found
https://github.com/hatch-lab/ne-rupture,no_dockerfile,False,0,0,0,,,0,0,0,0,0,False,,False,,False,,False,,False,,False,,no Dockerfile and no fallback entry point found
https://github.com/rafaluk/snooker_prizes,no_dockerfile,False,0,0,0,,,0,0,0,0,0,False,,False,,False,,False,,False,,False,,no Dockerfile and no fallback entry point found
https://github.com/kmckiern/spin,no_dockerfile,False,0,0,0,,,0,0,0,0,0,False,,False,,False,,False,,False,,False,,no Dockerfile and no fallback entry point found
https://github.com/EsmaeilNourani/Deep-GDAE,no_dockerfile,False,0,0,0,,,0,0,0,0,0,False,,False,,False,,False,,False,,False,,no Dockerfile and no fallback entry point found
https://github.com/Synapt1x/MWMTrackingSoftware,ok,False,1,0,1,mwmtracker\main.py,fallback_nested,1,1,0,0,0,True,mwmtracker/main.py:39 yaml.load [matched yaml.load],False,,False,,False,,False,,False,,"unverified: missing stages: data_preparation, modeling, training, evaluation, inference"
https://github.com/moeyensj/thor,no_entry,False,0,1,0,,,0,0,0,0,0,False,,False,,False,,False,,False,,False,,Dockerfile(s) found but no Python entry point could be resolved
https://github.com/3Scan/3scan-skeleton,no_dockerfile,False,0,0,0,,,0,0,0,0,0,False,,False,,False,,False,,False,,False,,no Dockerfile and no fallback entry point found
https://github.com/ludwig-ai/ludwig,ok,True,6,5,1,ludwig\train.py,fallback_nested,260,3401,7,0,3,True,ludwig/api.py:1182 ludwig.utils.data_utils.load_dataset [matched load_dataset],True,ludwig/api.py:1269 pd.concat [matched pd.concat],True,ludwig/utils/llm_utils.py:101 transformers.AutoModelForVision2Seq.from_pretrained [matched AutoModelForVision2Seq.from_pretrained],True,ludwig/api.py:510 trainer.train [matched trainer.train],True,ludwig/features/anomaly_feature.py:357 sklearn.metrics.roc_auc_score [matched roc_auc_score],True,ludwig/api.py:888 torch.no_grad [matched torch.no_grad],verified: all 6 stages present
https://github.com/ypradat/MVAClasses,no_dockerfile,False,0,0,0,,,0,0,0,0,0,False,,False,,False,,False,,False,,False,,no Dockerfile and no fallback entry point found
https://github.com/jeanbabs/Melanoma_detection,no_dockerfile,False,0,0,0,,,0,0,0,0,0,False,,False,,False,,False,,False,,False,,no Dockerfile and no fallback entry point found
https://github.com/lukeWaninger/DankDefense,no_dockerfile,False,0,0,0,,,0,0,0,0,0,False,,False,,False,,False,,False,,False,,no Dockerfile and no fallback entry point found
https://github.com/LUMC/rna_cd,ok,False,5,0,1,rna_cd\cli.py,fallback_console_script,4,27,2,0,0,True,rna_cd/utils.py:75 json.load [matched json.load],True,rna_cd/models.py:131 sklearn.preprocessing.StandardScaler [matched StandardScaler],True,rna_cd/models.py:133 sklearn.svm.SVC [matched SVC],True,rna_cd/models.py:151 sklearn.model_selection.GridSearchCV [matched GridSearchCV],False,,True,rna_cd/models.py:210 model.predict_proba [matched model.predict_proba],unverified: missing stages: evaluation
https://github.com/labsyspharm/MCF10A_cycif_analysis_suite,no_dockerfile,False,0,0,0,,,0,0,0,0,0,False,,False,,False,,False,,False,,False,,no Dockerfile and no fallback entry point found
https://github.com/deephdc/image-classification-tf,no_entry,False,0,2,0,,,0,0,0,0,0,False,,False,,False,,False,,False,,False,,Dockerfile(s) found but no Python entry point could be resolved
https://github.com/Anyz01/FeatureTools,ok,False,2,0,1,featuretools\__main__.py,fallback_nested,57,464,5,0,0,True,featuretools/primitives/install.py:107 s3fs.S3FileSystem [matched s3fs.S3FileSystem],True,featuretools/utils/time_utils.py:50 pd.concat [matched pd.concat],False,,False,,False,,False,,"unverified: missing stages: modeling, training, evaluation, inference"
https://github.com/IOEPAS/zippy,no_dockerfile,False,0,0,0,,,0,0,0,0,0,False,,False,,False,,False,,False,,False,,no Dockerfile and no fallback entry point found
https://github.com/AaronGao95/machine-learning,no_dockerfile,False,0,0,0,,,0,0,0,0,0,False,,False,,False,,False,,False,,False,,no Dockerfile and no fallback entry point found
https://github.com/schanso/prepod,ok,False,5,0,1,prepod\main.py,fallback_nested,6,46,1,0,0,True,prepod/lib/io.py:321 np.load [matched np.load],True,prepod/lib/io.py:308 pd.concat [matched pd.concat],True,prepod/lib/models.py:259 sklearn.svm.LinearSVC [matched LinearSVC],True,prepod/lib/models.py:228 clf.fit [matched clf.fit],False,,True,prepod/lib/models.py:229 clf.predict [matched clf.predict],unverified: missing stages: evaluation
https://github.com/deepaksingh1/web-mining,no_dockerfile,False,0,0,0,,,0,0,0,0,0,False,,False,,False,,False,,False,,False,,no Dockerfile and no fallback entry point found
https://github.com/josephdope/az_trail_recommender,no_entry,False,0,1,0,,,0,0,0,0,0,False,,False,,False,,False,,False,,False,,Dockerfile(s) found but no Python entry point could be resolved
https://github.com/frevson/Qiskit-Aqua,ok,False,3,0,1,qiskit_aqua_cmd\__main__.py,fallback_nested,139,786,7,0,3,True,qiskit_aqua_cmd/command_line.py:66 json.load [matched json.load],True,qiskit_aqua/utils/dataset_helper.py:130 sklearn.decomposition.PCA [matched PCA],True,qiskit_aqua/algorithms/classical/svm/_rbf_svc_estimator.py:27 sklearn.svm.SVC [matched SVC],False,,False,,False,,"unverified: missing stages: training, evaluation, inference"
https://github.com/pblankley/interp-workshop-2019,no_dockerfile,False,0,0,0,,,0,0,0,0,0,False,,False,,False,,False,,False,,False,,no Dockerfile and no fallback entry point found
https://github.com/Lila14/multimds,no_dockerfile,False,0,0,0,,,0,0,0,0,0,False,,False,,False,,False,,False,,False,,no Dockerfile and no fallback entry point found
https://github.com/janclemenslab/leap_utils,no_dockerfile,False,0,0,0,,,0,0,0,0,0,False,,False,,False,,False,,False,,False,,no Dockerfile and no fallback entry point found
https://github.com/korniichuk/brand24-api,no_dockerfile,False,0,0,0,,,0,0,0,0,0,False,,False,,False,,False,,False,,False,,no Dockerfile and no fallback entry point found
https://github.com/153079019shariq/Udacity-DeepLearning,no_dockerfile,False,0,0,0,,,0,0,0,0,0,False,,False,,False,,False,,False,,False,,no Dockerfile and no fallback entry point found
https://github.com/LIMr1209/machine-learn,no_entry,False,0,4,0,,,0,0,0,0,0,False,,False,,False,,False,,False,,False,,Dockerfile(s) found but no Python entry point could be resolved
https://github.com/yangarbiter/autovar,no_dockerfile,False,0,0,0,,,0,0,0,0,0,False,,False,,False,,False,,False,,False,,no Dockerfile and no fallback entry point found
https://github.com/yungshenglu/tensorflow-practice,no_dockerfile,False,0,0,0,,,0,0,0,0,0,False,,False,,False,,False,,False,,False,,no Dockerfile and no fallback entry point found
https://github.com/mynameiselina/gene-signatures,no_dockerfile,False,0,0,0,,,0,0,0,0,0,False,,False,,False,,False,,False,,False,,no Dockerfile and no fallback entry point found
https://github.com/SoftwareDefinedBuildings/XBOS,no_entry,False,0,13,0,,,0,0,0,0,0,False,,False,,False,,False,,False,,False,,Dockerfile(s) found but no Python entry point could be resolved
https://github.com/vonage-garage-rip/AnsweringMachineDetection,no_dockerfile,False,0,0,0,,,0,0,0,0,0,False,,False,,False,,False,,False,,False,,no Dockerfile and no fallback entry point found
https://github.com/munhyunsu/Hobby,no_dockerfile,False,0,0,0,,,0,0,0,0,0,False,,False,,False,,False,,False,,False,,no Dockerfile and no fallback entry point found
https://github.com/casact/chainladder-python,no_dockerfile,False,0,0,0,,,0,0,0,0,0,False,,False,,False,,False,,False,,False,,no Dockerfile and no fallback entry point found
https://github.com/agiletechvn/opencv-starterkit,no_entry,False,0,2,0,,,0,0,0,0,0,False,,False,,False,,False,,False,,False,,Dockerfile(s) found but no Python entry point could be resolved
https://github.com/anstones/py-collection,ok,False,0,1,1,Ticket\run.py,fallback_nested,1,2,0,0,0,False,,False,,False,,False,,False,,False,,"unverified: missing stages: data_acquisition, data_preparation, modeling, training, evaluation, inference"
https://github.com/khughitt/snakes,no_dockerfile,False,0,0,0,,,0,0,0,0,0,False,,False,,False,,False,,False,,False,,no Dockerfile and no fallback entry point found
https://github.com/QMIND-Team/QMIND-Music,no_entry,False,0,1,0,,,0,0,0,0,0,False,,False,,False,,False,,False,,False,,Dockerfile(s) found but no Python entry point could be resolved
https://github.com/Jfluss/handson-ml,no_entry,False,0,1,0,,,0,0,0,0,0,False,,False,,False,,False,,False,,False,,Dockerfile(s) found but no Python entry point could be resolved
https://github.com/b1kers/facto,ok,False,1,0,1,tf_implementation\run.py,fallback_nested,1,2,0,0,0,True,tf_implementation/run.py:13 yaml.load [matched yaml.load],False,,False,,False,,False,,False,,"unverified: missing stages: data_preparation, modeling, training, evaluation, inference"
https://github.com/GiulioRossetti/cdlib,no_dockerfile,False,0,0,0,,,0,0,0,0,0,False,,False,,False,,False,,False,,False,,no Dockerfile and no fallback entry point found
https://github.com/joaogodinho/thesis,no_dockerfile,False,0,0,0,,,0,0,0,0,0,False,,False,,False,,False,,False,,False,,no Dockerfile and no fallback entry point found
https://github.com/thenineteen/Epilepsy-Repository,ok,False,0,0,1,preprocessing\command.py,fallback_console_script,1,1,0,0,0,False,,False,,False,,False,,False,,False,,"unverified: missing stages: data_acquisition, data_preparation, modeling, training, evaluation, inference"
https://github.com/brandondong/osu-beatmap-generator,no_dockerfile,False,0,0,0,,,0,0,0,0,0,False,,False,,False,,False,,False,,False,,no Dockerfile and no fallback entry point found
https://github.com/Shridharpawar77/Face_recognition-,no_dockerfile,False,0,0,0,,,0,0,0,0,0,False,,False,,False,,False,,False,,False,,no Dockerfile and no fallback entry point found
https://github.com/rdorado/news-inspector,no_dockerfile,False,0,0,0,,,0,0,0,0,0,False,,False,,False,,False,,False,,False,,no Dockerfile and no fallback entry point found
https://github.com/BlueBrain/TMD,no_dockerfile,False,0,0,0,,,0,0,0,0,0,False,,False,,False,,False,,False,,False,,no Dockerfile and no fallback entry point found
https://github.com/zhanlliu/NLP_study,no_entry,False,0,1,0,,,0,0,0,0,0,False,,False,,False,,False,,False,,False,,Dockerfile(s) found but no Python entry point could be resolved
https://github.com/ericdaat/notflix,clone_failed,False,0,0,0,,,0,0,0,0,0,False,,False,,False,,False,,False,,False,,remote: Repository not found.
https://github.com/biggorilla-gh/frameit,no_dockerfile,False,0,0,0,,,0,0,0,0,0,False,,False,,False,,False,,False,,False,,no Dockerfile and no fallback entry point found
https://github.com/CornellDataScience/iFAQ,no_dockerfile,False,0,0,0,,,0,0,0,0,0,False,,False,,False,,False,,False,,False,,no Dockerfile and no fallback entry point found
https://github.com/fkunneman/DiscoSumo,ok,False,3,0,1,goeievraag\main.py,fallback_nested,1,18,0,0,0,True,goeievraag/main.py:64 json.load [matched json.load],True,goeievraag/main.py:60 spacy.load [matched spacy.load],True,goeievraag/main.py:270 classifier.Model [matched Model],False,,False,,False,,"unverified: missing stages: training, evaluation, inference"
https://github.com/amnesia15/diffraction-image-rcg,ok,False,4,0,1,diffraction_image_rcg\train.py,fallback_nested,2,24,1,0,0,True,diffraction_image_rcg/train.py:184 cv2.imread [matched cv2.imread],True,diffraction_image_rcg/train.py:220 sklearn.preprocessing.MinMaxScaler [matched MinMaxScaler],True,diffraction_image_rcg/train.py:917 Model [matched Model],False,,True,diffraction_image_rcg/train.py:746 sklearn.metrics.mean_absolute_error [matched mean_absolute_error],False,,"unverified: missing stages: training, inference"
https://github.com/shyamiitk/NLP,no_entry,False,0,1,0,,,0,0,0,0,0,False,,False,,False,,False,,False,,False,,Dockerfile(s) found but no Python entry point could be resolved
https://github.com/TianWenQAQ/Hands_on_ML,no_entry,False,0,1,0,,,0,0,0,0,0,False,,False,,False,,False,,False,,False,,Dockerfile(s) found but no Python entry point could be resolved
https://github.com/llcclarke/intro-to-pytorch,no_dockerfile,False,0,0,0,,,0,0,0,0,0,False,,False,,False,,False,,False,,False,,no Dockerfile and no fallback entry point found
https://github.com/ModelOriented/pyCeterisParibus,no_dockerfile,False,0,0,0,,,0,0,0,0,0,False,,False,,False,,False,,False,,False,,no Dockerfile and no fallback entry point found
https://github.com/csbenz/LauzHack2018,no_dockerfile,False,0,0,0,,,0,0,0,0,0,False,,False,,False,,False,,False,,False,,no Dockerfile and no fallback entry point found
https://github.com/Hourout/linora,no_dockerfile,False,0,0,0,,,0,0,0,0,0,False,,False,,False,,False,,False,,False,,no Dockerfile and no fallback entry point found
https://github.com/NARESH471984/tensorflow_goal_basic,no_dockerfile,False,0,0,0,,,0,0,0,0,0,False,,False,,False,,False,,False,,False,,no Dockerfile and no fallback entry point found
https://github.com/r-keller/pytorch-udacity-fb,no_dockerfile,False,0,0,0,,,0,0,0,0,0,False,,False,,False,,False,,False,,False,,no Dockerfile and no fallback entry point found
https://github.com/joschout/tilde,ok,False,0,0,1,mai_version\main.py,fallback_nested,33,242,3,0,0,False,,False,,False,,False,,False,,False,,"unverified: missing stages: data_acquisition, data_preparation, modeling, training, evaluation, inference"
https://github.com/abeja-inc/abeja-platform-samples,no_entry,False,0,5,0,,,0,0,0,0,0,False,,False,,False,,False,,False,,False,,Dockerfile(s) found but no Python entry point could be resolved
https://github.com/SimeonSimjanovski/RP2018-19,ok,False,3,0,1,mloop\cmd.py,fallback_console_script,10,203,4,0,0,True,mloop/utilities.py:159 scipy.io.loadmat [matched scipy.io.loadmat],True,mloop/learners.py:1071 sklearn.preprocessing.StandardScaler [matched StandardScaler],False,,False,,True,mloop/learners.py:1194 self.log [matched self.log],False,,"unverified: missing stages: modeling, training, inference"
https://github.com/omadoyeabraham/udacity-pytorch-scholarship-challenge,no_dockerfile,False,0,0,0,,,0,0,0,0,0,False,,False,,False,,False,,False,,False,,no Dockerfile and no fallback entry point found
https://github.com/martinjuhasz/emai,no_dockerfile,False,0,0,0,,,0,0,0,0,0,False,,False,,False,,False,,False,,False,,no Dockerfile and no fallback entry point found
https://github.com/carderne/openelec,no_dockerfile,False,0,0,0,,,0,0,0,0,0,False,,False,,False,,False,,False,,False,,no Dockerfile and no fallback entry point found
https://github.com/the-rey/Instagram-Gender-Prediction,no_dockerfile,False,0,0,0,,,0,0,0,0,0,False,,False,,False,,False,,False,,False,,no Dockerfile and no fallback entry point found
https://github.com/usma-eecs/cs486,no_dockerfile,False,0,0,0,,,0,0,0,0,0,False,,False,,False,,False,,False,,False,,no Dockerfile and no fallback entry point found
https://github.com/dusan312/HandM,no_dockerfile,False,0,0,0,,,0,0,0,0,0,False,,False,,False,,False,,False,,False,,no Dockerfile and no fallback entry point found
https://github.com/JungeAlexander/cocoscore,no_dockerfile,False,0,0,0,,,0,0,0,0,0,False,,False,,False,,False,,False,,False,,no Dockerfile and no fallback entry point found
https://github.com/jrandym/PyTorch-Scholarship-Challenge,no_dockerfile,False,0,0,0,,,0,0,0,0,0,False,,False,,False,,False,,False,,False,,no Dockerfile and no fallback entry point found
https://github.com/Neubias-WG5/neubiaswg5-utilities,no_dockerfile,False,0,0,0,,,0,0,0,0,0,False,,False,,False,,False,,False,,False,,no Dockerfile and no fallback entry point found
https://github.com/DeepLabCut/DeepLabCut,ok,True,6,1,1,deeplabcut\__main__.py,fallback_nested,296,2282,10,0,6,True,deeplabcut/generate_training_dataset/metadata.py:84 pickle.load [matched pickle.load],True,deeplabcut/generate_training_dataset/trainingsetmanipulation.py:520 pd.concat [matched pd.concat],True,deeplabcut/refine_training_dataset/outlier_frames.py:528 sm.tsa.statespace.SARIMAX [matched SARIMAX],True,deeplabcut/pose_estimation_pytorch/runners/logger.py:307 wandb.init [matched wandb.init],True,deeplabcut/pose_estimation_pytorch/apis/evaluation.py:199 deeplabcut.core.metrics.compute_metrics [matched compute_metrics],True,deeplabcut/pose_estimation_pytorch/runners/inference.py:57 torch.no_grad [matched torch.no_grad],verified: all 6 stages present
https://github.com/v-m/SmokeOut,no_dockerfile,False,0,0,0,,,0,0,0,0,0,False,,False,,False,,False,,False,,False,,no Dockerfile and no fallback entry point found
https://github.com/deepsphere/deepsphere-cosmo-tf1,no_dockerfile,False,0,0,0,,,0,0,0,0,0,False,,False,,False,,False,,False,,False,,no Dockerfile and no fallback entry point found
https://github.com/pgrimm52/gu511_git_hw,no_dockerfile,False,0,0,0,,,0,0,0,0,0,False,,False,,False,,False,,False,,False,,no Dockerfile and no fallback entry point found
https://github.com/lianghongzhuo/PointNetGPD,no_dockerfile,False,0,0,0,,,0,0,0,0,0,False,,False,,False,,False,,False,,False,,no Dockerfile and no fallback entry point found
https://github.com/sidhomj/DeepTCR,no_dockerfile,False,0,0,0,,,0,0,0,0,0,False,,False,,False,,False,,False,,False,,no Dockerfile and no fallback entry point found
https://github.com/herrj1/python,no_dockerfile,False,0,0,0,,,0,0,0,0,0,False,,False,,False,,False,,False,,False,,no Dockerfile and no fallback entry point found
https://github.com/martinjzhang/adafdr,no_dockerfile,False,0,0,0,,,0,0,0,0,0,False,,False,,False,,False,,False,,False,,no Dockerfile and no fallback entry point found
https://github.com/OMR-Research/MUSCIMarker,ok,False,2,0,1,MUSCIMarker\main.py,fallback_nested,17,560,3,0,0,True,MUSCIMarker/MUSCIMarkerApp.py:981 pickle.load [matched pickle.load],False,,False,,False,,False,,True,MUSCIMarker/syntax/dependency_parsers.py:90 self.clf.predict [matched clf.predict],"unverified: missing stages: data_preparation, modeling, training, evaluation"
https://github.com/s-ankur/human-activity-dih18,no_dockerfile,False,0,0,0,,,0,0,0,0,0,False,,False,,False,,False,,False,,False,,no Dockerfile and no fallback entry point found
https://github.com/nkarasiak/MuseoToolBox,no_dockerfile,False,0,0,0,,,0,0,0,0,0,False,,False,,False,,False,,False,,False,,no Dockerfile and no fallback entry point found
https://github.com/taylordelehanty/handson-ml,no_entry,False,0,1,0,,,0,0,0,0,0,False,,False,,False,,False,,False,,False,,Dockerfile(s) found but no Python entry point could be resolved
https://github.com/etzinis/nldrp,no_dockerfile,False,0,0,0,,,0,0,0,0,0,False,,False,,False,,False,,False,,False,,no Dockerfile and no fallback entry point found
https://github.com/quantkelly/Deep-Learning-Projects,no_dockerfile,False,0,0,0,,,0,0,0,0,0,False,,False,,False,,False,,False,,False,,no Dockerfile and no fallback entry point found
https://github.com/newtoncy/100-day-translation-plan,no_dockerfile,False,0,0,0,,,0,0,0,0,0,False,,False,,False,,False,,False,,False,,no Dockerfile and no fallback entry point found
https://github.com/hazrmard/EngineeringScienceBuilding,no_dockerfile,False,0,0,0,,,0,0,0,0,0,False,,False,,False,,False,,False,,False,,no Dockerfile and no fallback entry point found
https://github.com/TasSM/Orange3-Plugins,no_dockerfile,False,0,0,0,,,0,0,0,0,0,False,,False,,False,,False,,False,,False,,no Dockerfile and no fallback entry point found
https://github.com/gift-surg/RabbitBrainAnalysis,ok,False,0,0,1,apparent_fibre_density_experiments\main.py,fallback_nested,2,0,1,0,0,False,,False,,False,,False,,False,,False,,"unverified: missing stages: data_acquisition, data_preparation, modeling, training, evaluation, inference"
https://github.com/Johnwei386/Warehouse,no_dockerfile,False,0,0,0,,,0,0,0,0,0,False,,False,,False,,False,,False,,False,,no Dockerfile and no fallback entry point found
https://github.com/AhmedElshaarany/deep-learning-v2-pytorch,no_dockerfile,False,0,0,0,,,0,0,0,0,0,False,,False,,False,,False,,False,,False,,no Dockerfile and no fallback entry point found
https://github.com/guyroyse/deep-learning-like-a-viking,no_dockerfile,False,0,0,0,,,0,0,0,0,0,False,,False,,False,,False,,False,,False,,no Dockerfile and no fallback entry point found
https://github.com/topolphukhanh/xam,no_dockerfile,False,0,0,0,,,0,0,0,0,0,False,,False,,False,,False,,False,,False,,no Dockerfile and no fallback entry point found
https://github.com/yell/kaggle-camera,ok,False,0,0,1,src\run.py,fallback_nested,1,0,0,1,0,False,,False,,False,,False,,False,,False,,"unverified: missing stages: data_acquisition, data_preparation, modeling, training, evaluation, inference"
https://github.com/chrislit/abydos,no_dockerfile,False,0,0,0,,,0,0,0,0,0,False,,False,,False,,False,,False,,False,,no Dockerfile and no fallback entry point found
https://github.com/semodi/elf,no_dockerfile,False,0,0,0,,,0,0,0,0,0,False,,False,,False,,False,,False,,False,,no Dockerfile and no fallback entry point found
https://github.com/deepfakes/faceswap,ok,False,5,0,1,scripts\train.py,fallback_nested,115,2038,6,0,15,True,lib/gui/utils/image.py:116 cv2.imread [matched cv2.imread],True,lib/align/aligned_face.py:210 np.nan_to_num [matched np.nan_to_num],True,lib/torch_utils.py:0 class ColorSpaceConvert [matched <class subclasses model base>],True,lib/training/tensorboard.py:158 torch.utils.tensorboard.SummaryWriter [matched tensorboard.SummaryWriter],False,,True,lib/training/train.py:428 torch.inference_mode [matched torch.inference_mode],unverified: missing stages: evaluation
https://github.com/nsanghi/Udacity_DeepLearning,no_dockerfile,False,0,0,0,,,0,0,0,0,0,False,,False,,False,,False,,False,,False,,no Dockerfile and no fallback entry point found
https://github.com/iamtrask/PySonar,no_entry,False,0,2,0,,,0,0,0,0,0,False,,False,,False,,False,,False,,False,,Dockerfile(s) found but no Python entry point could be resolved
https://github.com/zuoxingdong/lagom,no_dockerfile,False,0,0,0,,,0,0,0,0,0,False,,False,,False,,False,,False,,False,,no Dockerfile and no fallback entry point found
https://github.com/jungmannlab/picasso,ok,False,2,0,1,picasso\__main__.py,fallback_nested,17,1006,2,0,1,True,picasso/__main__.py:304 h5py.File [matched h5py.File],True,picasso/postprocess.py:3009 pd.concat [matched pd.concat],False,,False,,False,,False,,"unverified: missing stages: modeling, training, evaluation, inference"
https://github.com/glemaitre/camcan_analysis,no_dockerfile,False,0,0,0,,,0,0,0,0,0,False,,False,,False,,False,,False,,False,,no Dockerfile and no fallback entry point found
https://github.com/karanthukral/FYDP,no_entry,False,0,1,0,,,0,0,0,0,0,False,,False,,False,,False,,False,,False,,Dockerfile(s) found but no Python entry point could be resolved
https://github.com/krdlab/examples,no_entry,False,0,2,0,,,0,0,0,0,0,False,,False,,False,,False,,False,,False,,Dockerfile(s) found but no Python entry point could be resolved
https://github.com/sirfoga/pyhal,no_dockerfile,False,0,0,0,,,0,0,0,0,0,False,,False,,False,,False,,False,,False,,no Dockerfile and no fallback entry point found
https://github.com/NirantK/NLP_Quickbook,no_dockerfile,False,0,0,0,,,0,0,0,0,0,False,,False,,False,,False,,False,,False,,no Dockerfile and no fallback entry point found
https://github.com/TomJamesGray/stat-analysis,ok,False,1,0,1,stat_analysis\main.py,fallback_nested,7,53,1,0,0,True,stat_analysis/main.py:584 pickle.load [matched pickle.load],False,,False,,False,,False,,False,,"unverified: missing stages: data_preparation, modeling, training, evaluation, inference"
https://github.com/chpwang/udacity_machine_learning,no_dockerfile,False,0,0,0,,,0,0,0,0,0,False,,False,,False,,False,,False,,False,,no Dockerfile and no fallback entry point found
https://github.com/willzjc/willzjc.github.io,no_dockerfile,False,0,0,0,,,0,0,0,0,0,False,,False,,False,,False,,False,,False,,no Dockerfile and no fallback entry point found
https://github.com/BINDS-LAB-UMASS/bindsnet_experiments,no_dockerfile,False,0,0,0,,,0,0,0,0,0,False,,False,,False,,False,,False,,False,,no Dockerfile and no fallback entry point found
https://github.com/alan-turing-institute/xpandas,no_dockerfile,False,0,0,0,,,0,0,0,0,0,False,,False,,False,,False,,False,,False,,no Dockerfile and no fallback entry point found
https://github.com/AndrewMHenry/CMSC471TeamAwesome,ok,False,2,0,1,tq\tq.py,fallback_console_script,1,14,0,0,0,True,tq/tq.py:315 csv.reader [matched csv.reader],False,,True,tq/tq.py:135 sklearn.cluster.KMeans [matched KMeans],False,,False,,False,,"unverified: missing stages: data_preparation, training, evaluation, inference"
https://github.com/lp-code/bysykkeloslo,no_dockerfile,False,0,0,0,,,0,0,0,0,0,False,,False,,False,,False,,False,,False,,no Dockerfile and no fallback entry point found
https://github.com/Jaimedlrm/entropytriangle,no_dockerfile,False,0,0,0,,,0,0,0,0,0,False,,False,,False,,False,,False,,False,,no Dockerfile and no fallback entry point found
https://github.com/sonidosmutantes/apicultor,ok,False,1,1,1,state_machine\SMComposition.py,fallback_console_script,1,5,0,0,0,True,state_machine/SMComposition.py:226 json.load [matched json.load],False,,False,,False,,False,,False,,"unverified: missing stages: data_preparation, modeling, training, evaluation, inference"
https://github.com/drpjm/python-ml-sandbox,no_dockerfile,False,0,0,0,,,0,0,0,0,0,False,,False,,False,,False,,False,,False,,no Dockerfile and no fallback entry point found
https://github.com/RoboDoig/dlc-cloudml,ok,False,1,0,1,trainer\train.py,fallback_nested,9,41,2,0,0,True,trainer/config.py:43 yaml.load [matched yaml.load],False,,False,,False,,False,,False,,"unverified: missing stages: data_preparation, modeling, training, evaluation, inference"
https://github.com/IBM/pypeline,no_dockerfile,False,0,0,0,,,0,0,0,0,0,False,,False,,False,,False,,False,,False,,no Dockerfile and no fallback entry point found
https://github.com/cltk/cltk,no_dockerfile,False,0,0,0,,,0,0,0,0,0,False,,False,,False,,False,,False,,False,,no Dockerfile and no fallback entry point found
https://github.com/februa22/biaffineparser,ok,False,3,0,1,parser\train.py,fallback_nested,5,32,1,0,0,True,parser/train.py:68 parser.utils.load_dataset [matched load_dataset],False,,True,parser/biaffinemodel.py:0 class BiaffineParser [matched <class subclasses model base>],True,parser/train.py:150 biaffinemodel.optimizer.zero_grad [matched optimizer.zero_grad],False,,False,,"unverified: missing stages: data_preparation, evaluation, inference"
https://github.com/LittleWat/hyper-parameter-optimization-by-GMRF-GPUCB,no_dockerfile,False,0,0,0,,,0,0,0,0,0,False,,False,,False,,False,,False,,False,,no Dockerfile and no fallback entry point found
https://github.com/lukaemon/Coursera-ML-AndrewNg,no_dockerfile,False,0,0,0,,,0,0,0,0,0,False,,False,,False,,False,,False,,False,,no Dockerfile and no fallback entry point found
https://github.com/mdeff/pygsp_tutorial_graphsip,no_dockerfile,False,0,0,0,,,0,0,0,0,0,False,,False,,False,,False,,False,,False,,no Dockerfile and no fallback entry point found
https://github.com/holandajunior/deeplearning-nanodegree,no_dockerfile,False,0,0,0,,,0,0,0,0,0,False,,False,,False,,False,,False,,False,,no Dockerfile and no fallback entry point found
https://github.com/krishnagorrepati/machine-learing-projects,no_dockerfile,False,0,0,0,,,0,0,0,0,0,False,,False,,False,,False,,False,,False,,no Dockerfile and no fallback entry point found
https://github.com/Mosuswalks/AI-with-Python,no_dockerfile,False,0,0,0,,,0,0,0,0,0,False,,False,,False,,False,,False,,False,,no Dockerfile and no fallback entry point found
https://github.com/openego/eGo,no_dockerfile,False,0,0,0,,,0,0,0,0,0,False,,False,,False,,False,,False,,False,,no Dockerfile and no fallback entry point found
https://github.com/saverymax/MethodSearch,no_dockerfile,False,0,0,0,,,0,0,0,0,0,False,,False,,False,,False,,False,,False,,no Dockerfile and no fallback entry point found
https://github.com/killakalle/Udacity_deep_learning,no_dockerfile,False,0,0,0,,,0,0,0,0,0,False,,False,,False,,False,,False,,False,,no Dockerfile and no fallback entry point found
https://github.com/DalyAaron/UdacityML,no_dockerfile,False,0,0,0,,,0,0,0,0,0,False,,False,,False,,False,,False,,False,,no Dockerfile and no fallback entry point found
https://github.com/fruttasecca/hay_checker,no_dockerfile,False,0,0,0,,,0,0,0,0,0,False,,False,,False,,False,,False,,False,,no Dockerfile and no fallback entry point found
https://github.com/hankehly/handson-ml,no_dockerfile,False,0,0,0,,,0,0,0,0,0,False,,False,,False,,False,,False,,False,,no Dockerfile and no fallback entry point found
https://github.com/abelsaug/Aspect-Sentiment-Analysis,no_dockerfile,False,0,0,0,,,0,0,0,0,0,False,,False,,False,,False,,False,,False,,no Dockerfile and no fallback entry point found
https://github.com/jethrokuan/lda2vec,no_dockerfile,False,0,0,0,,,0,0,0,0,0,False,,False,,False,,False,,False,,False,,no Dockerfile and no fallback entry point found
https://github.com/spookyseb/pp,no_dockerfile,False,0,0,0,,,0,0,0,0,0,False,,False,,False,,False,,False,,False,,no Dockerfile and no fallback entry point found
https://github.com/udacity/deep-learning-v2-pytorch,no_dockerfile,False,0,0,0,,,0,0,0,0,0,False,,False,,False,,False,,False,,False,,no Dockerfile and no fallback entry point found
https://github.com/umangv/picturedrocks,no_dockerfile,False,0,0,0,,,0,0,0,0,0,False,,False,,False,,False,,False,,False,,no Dockerfile and no fallback entry point found
https://github.com/KieranLitschel/KerasSearchCV,no_dockerfile,False,0,0,0,,,0,0,0,0,0,False,,False,,False,,False,,False,,False,,no Dockerfile and no fallback entry point found
https://github.com/cosmir/openmic-2018,no_dockerfile,False,0,0,0,,,0,0,0,0,0,False,,False,,False,,False,,False,,False,,no Dockerfile and no fallback entry point found
https://github.com/jay6987/cn-deep-learning,no_dockerfile,False,0,0,0,,,0,0,0,0,0,False,,False,,False,,False,,False,,False,,no Dockerfile and no fallback entry point found
https://github.com/njzjz/kconmd,no_dockerfile,False,0,0,0,,,0,0,0,0,0,False,,False,,False,,False,,False,,False,,no Dockerfile and no fallback entry point found
https://github.com/SoftwareAG/nyoka,no_dockerfile,False,0,0,0,,,0,0,0,0,0,False,,False,,False,,False,,False,,False,,no Dockerfile and no fallback entry point found
https://github.com/arambula1980/Clairvoyant2,no_dockerfile,False,0,0,0,,,0,0,0,0,0,False,,False,,False,,False,,False,,False,,no Dockerfile and no fallback entry point found
https://github.com/shams-sam/logic-lab,no_dockerfile,False,0,0,0,,,0,0,0,0,0,False,,False,,False,,False,,False,,False,,no Dockerfile and no fallback entry point found
https://github.com/PeerHerholz/URIAL,no_entry,False,0,1,0,,,0,0,0,0,0,False,,False,,False,,False,,False,,False,,Dockerfile(s) found but no Python entry point could be resolved
https://github.com/caopan16/voice-conversion,no_dockerfile,False,0,0,0,,,0,0,0,0,0,False,,False,,False,,False,,False,,False,,no Dockerfile and no fallback entry point found
https://github.com/enixdark/food--detect,ok,False,2,5,1,detect_service\app.py,fallback_nested,1,6,0,0,0,True,detect_service/app.py:58 requests.get [matched requests.get],False,,False,,False,,False,,True,detect_service/app.py:8 flask.Flask [matched Flask],"unverified: missing stages: data_preparation, modeling, training, evaluation"
https://github.com/xavierfeltin/mtg_data_mining,no_dockerfile,False,0,0,0,,,0,0,0,0,0,False,,False,,False,,False,,False,,False,,no Dockerfile and no fallback entry point found
https://github.com/venusdev85/Speech-Recognition,no_dockerfile,False,0,0,0,,,0,0,0,0,0,False,,False,,False,,False,,False,,False,,no Dockerfile and no fallback entry point found
https://github.com/kutoga/learning2cluster,no_entry,False,0,1,0,,,0,0,0,0,0,False,,False,,False,,False,,False,,False,,Dockerfile(s) found but no Python entry point could be resolved
https://github.com/Yamunaelangovan/tf,no_dockerfile,False,0,0,0,,,0,0,0,0,0,False,,False,,False,,False,,False,,False,,no Dockerfile and no fallback entry point found
https://github.com/MadiNyan/rikka-telegram-bot,no_dockerfile,False,0,0,0,,,0,0,0,0,0,False,,False,,False,,False,,False,,False,,no Dockerfile and no fallback entry point found
https://github.com/clchenzn/MLND-Capstone,no_dockerfile,False,0,0,0,,,0,0,0,0,0,False,,False,,False,,False,,False,,False,,no Dockerfile and no fallback entry point found
https://github.com/scripttie/rasa_nlu,ok,False,1,0,1,rasa_nlu\run.py,fallback_nested,20,201,5,0,2,True,rasa_nlu/persistor.py:134 tarfile.open [matched tarfile.open],False,,False,,False,,False,,False,,"unverified: missing stages: data_preparation, modeling, training, evaluation, inference"
https://github.com/dannynunes/ML_GCP,no_entry,False,0,1,0,,,0,0,0,0,0,False,,False,,False,,False,,False,,False,,Dockerfile(s) found but no Python entry point could be resolved
https://github.com/ivanliu1989/Avito-Demand-Prediction-Challenge,ok,False,2,0,1,src\main.py,fallback_nested,1,0,0,0,0,True,src/main.py:37 pd.read_csv [matched pd.read_csv],True,src/main.py:52 sklearn.model_selection.train_test_split [matched train_test_split],False,,False,,False,,False,,"unverified: missing stages: modeling, training, evaluation, inference"
https://github.com/YerevaNN/mimic3-benchmarks,no_dockerfile,False,0,0,0,,,0,0,0,0,0,False,,False,,False,,False,,False,,False,,no Dockerfile and no fallback entry point found
https://github.com/lucblassel/transboost,no_dockerfile,False,0,0,0,,,0,0,0,0,0,False,,False,,False,,False,,False,,False,,no Dockerfile and no fallback entry point found
https://github.com/SekouD/mlconjug,ok,False,4,0,1,mlconjug\cli.py,fallback_console_script,4,42,2,0,0,True,mlconjug/mlconjug.py:129 zipfile.ZipFile [matched zipfile.ZipFile],True,mlconjug/mlconjug.py:310 __init__.Pipeline [matched Pipeline],True,mlconjug/mlconjug.py:306 __init__.LinearSVC [matched LinearSVC],False,,False,,True,mlconjug/mlconjug.py:168 self.model.predict [matched model.predict],"unverified: missing stages: training, evaluation"
https://github.com/vsocrates/indexingselector,no_dockerfile,False,0,0,0,,,0,0,0,0,0,False,,False,,False,,False,,False,,False,,no Dockerfile and no fallback entry point found
https://github.com/Aguila-team/aguila_nlu,ok,False,1,0,1,rasa_nlu\run.py,fallback_nested,20,200,5,0,2,True,rasa_nlu/persistor.py:144 tarfile.open [matched tarfile.open],False,,False,,False,,False,,False,,"unverified: missing stages: data_preparation, modeling, training, evaluation, inference"
https://github.com/IPL-UV/ee_ipl_uv,no_dockerfile,False,0,0,0,,,0,0,0,0,0,False,,False,,False,,False,,False,,False,,no Dockerfile and no fallback entry point found
https://github.com/CSTR-Edinburgh/merlin,no_dockerfile,False,0,0,0,,,0,0,0,0,0,False,,False,,False,,False,,False,,False,,no Dockerfile and no fallback entry point found
https://github.com/JozefStefanInstitute/PerceptiveSentinel,no_dockerfile,False,0,0,0,,,0,0,0,0,0,False,,False,,False,,False,,False,,False,,no Dockerfile and no fallback entry point found
https://github.com/jonatanferm/udacity-deeplearning,no_dockerfile,False,0,0,0,,,0,0,0,0,0,False,,False,,False,,False,,False,,False,,no Dockerfile and no fallback entry point found
https://github.com/SlipknotTN/udacity-deeplearning-nanodegree,no_dockerfile,False,0,0,0,,,0,0,0,0,0,False,,False,,False,,False,,False,,False,,no Dockerfile and no fallback entry point found
https://github.com/nirdizati-research/predict-python,no_entry,False,0,1,0,,,0,0,0,0,0,False,,False,,False,,False,,False,,False,,Dockerfile(s) found but no Python entry point could be resolved
https://github.com/GandalfM/automatic-exams-reader,no_dockerfile,False,0,0,0,,,0,0,0,0,0,False,,False,,False,,False,,False,,False,,no Dockerfile and no fallback entry point found
https://github.com/srivathsapv/KrisprKreme,no_dockerfile,False,0,0,0,,,0,0,0,0,0,False,,False,,False,,False,,False,,False,,no Dockerfile and no fallback entry point found
https://github.com/hammerlab/cohorts,no_dockerfile,False,0,0,0,,,0,0,0,0,0,False,,False,,False,,False,,False,,False,,no Dockerfile and no fallback entry point found
https://github.com/approximatelylinear/sillyputty,no_dockerfile,False,0,0,0,,,0,0,0,0,0,False,,False,,False,,False,,False,,False,,no Dockerfile and no fallback entry point found
https://github.com/aitoralmeida/c4a_activity_recognition,no_dockerfile,False,0,0,0,,,0,0,0,0,0,False,,False,,False,,False,,False,,False,,no Dockerfile and no fallback entry point found
https://github.com/quqixun/MLAlgorithms,no_dockerfile,False,0,0,0,,,0,0,0,0,0,False,,False,,False,,False,,False,,False,,no Dockerfile and no fallback entry point found
https://github.com/baylisslabs/machine-learning,no_dockerfile,False,0,0,0,,,0,0,0,0,0,False,,False,,False,,False,,False,,False,,no Dockerfile and no fallback entry point found
https://github.com/csmanioto/lifeordie.me,no_dockerfile,False,0,0,0,,,0,0,0,0,0,False,,False,,False,,False,,False,,False,,no Dockerfile and no fallback entry point found
https://github.com/ubclaunchpad/sift-nlp,ok,False,0,1,1,jobrunner\main.py,fallback_nested,1,0,0,0,0,False,,False,,False,,False,,False,,False,,"unverified: missing stages: data_acquisition, data_preparation, modeling, training, evaluation, inference"
https://github.com/TPeterW/Bitcoin-Price-Prediction,no_dockerfile,False,0,0,0,,,0,0,0,0,0,False,,False,,False,,False,,False,,False,,no Dockerfile and no fallback entry point found
https://github.com/kevchn/neurodo,no_dockerfile,False,0,0,0,,,0,0,0,0,0,False,,False,,False,,False,,False,,False,,no Dockerfile and no fallback entry point found
https://github.com/ashemag/cs224n,no_dockerfile,False,0,0,0,,,0,0,0,0,0,False,,False,,False,,False,,False,,False,,no Dockerfile and no fallback entry point found
https://github.com/genepattern/docker-python36,no_entry,False,0,1,0,,,0,0,0,0,0,False,,False,,False,,False,,False,,False,,Dockerfile(s) found but no Python entry point could be resolved
https://github.com/fukuball/fuku-ml,no_dockerfile,False,0,0,0,,,0,0,0,0,0,False,,False,,False,,False,,False,,False,,no Dockerfile and no fallback entry point found
https://github.com/marion-nkl/part-of-speech-tagger,no_dockerfile,False,0,0,0,,,0,0,0,0,0,False,,False,,False,,False,,False,,False,,no Dockerfile and no fallback entry point found
https://github.com/joe-of-all-trades/deep-learning,no_dockerfile,False,0,0,0,,,0,0,0,0,0,False,,False,,False,,False,,False,,False,,no Dockerfile and no fallback entry point found
https://github.com/hgascon/adagio,no_dockerfile,False,0,0,0,,,0,0,0,0,0,False,,False,,False,,False,,False,,False,,no Dockerfile and no fallback entry point found
https://github.com/MAYHEM-Lab/kmeans-service,no_dockerfile,False,0,0,0,,,0,0,0,0,0,False,,False,,False,,False,,False,,False,,no Dockerfile and no fallback entry point found
https://github.com/rajpurkar/population-health-deep-rl,no_dockerfile,False,0,0,0,,,0,0,0,0,0,False,,False,,False,,False,,False,,False,,no Dockerfile and no fallback entry point found
https://github.com/primatelang/easy_abxpy,ok,False,1,0,1,easy_abx\prepare_abx.py,fallback_console_script,1,1,0,0,0,True,easy_abx/prepare_abx.py:65 pd.read_csv [matched pd.read_csv],False,,False,,False,,False,,False,,"unverified: missing stages: data_preparation, modeling, training, evaluation, inference"
https://github.com/joshuajohnnewman/at,no_dockerfile,False,0,0,0,,,0,0,0,0,0,False,,False,,False,,False,,False,,False,,no Dockerfile and no fallback entry point found
https://github.com/jkalmeij/cnn-vizlib,no_dockerfile,False,0,0,0,,,0,0,0,0,0,False,,False,,False,,False,,False,,False,,no Dockerfile and no fallback entry point found
https://github.com/donuts-and-data-division/charters,no_dockerfile,False,0,0,0,,,0,0,0,0,0,False,,False,,False,,False,,False,,False,,no Dockerfile and no fallback entry point found
https://github.com/rglsk/Gifter,no_dockerfile,False,0,0,0,,,0,0,0,0,0,False,,False,,False,,False,,False,,False,,no Dockerfile and no fallback entry point found
https://github.com/itdxer/neupy,clone_failed,False,0,0,0,,,0,0,0,0,0,False,,False,,False,,False,,False,,False,,"error: invalid path 'notebooks/sofm/Visualizations from article - ""Self-Organizing Maps and Applications"".ipynb'"
https://github.com/QInfer/python-qinfer,no_dockerfile,False,0,0,0,,,0,0,0,0,0,False,,False,,False,,False,,False,,False,,no Dockerfile and no fallback entry point found
https://github.com/chernobog24/Neural-network-,no_dockerfile,False,0,0,0,,,0,0,0,0,0,False,,False,,False,,False,,False,,False,,no Dockerfile and no fallback entry point found
https://github.com/mdeff/ntds_2016,no_entry,False,0,1,0,,,0,0,0,0,0,False,,False,,False,,False,,False,,False,,Dockerfile(s) found but no Python entry point could be resolved
https://github.com/pgeurin/predpy,no_dockerfile,False,0,0,0,,,0,0,0,0,0,False,,False,,False,,False,,False,,False,,no Dockerfile and no fallback entry point found
https://github.com/marvin-ai/marvin-automl,no_entry,False,0,2,0,,,0,0,0,0,0,False,,False,,False,,False,,False,,False,,Dockerfile(s) found but no Python entry point could be resolved
https://github.com/GuptaAmit13/MLND,no_dockerfile,False,0,0,0,,,0,0,0,0,0,False,,False,,False,,False,,False,,False,,no Dockerfile and no fallback entry point found
https://github.com/bnjmacdonald/hansardparser,no_entry,False,0,1,0,,,0,0,0,0,0,False,,False,,False,,False,,False,,False,,Dockerfile(s) found but no Python entry point could be resolved
https://github.com/berkeley-stat159/project-delta,no_dockerfile,False,0,0,0,,,0,0,0,0,0,False,,False,,False,,False,,False,,False,,no Dockerfile and no fallback entry point found
https://github.com/avineshpvs/indic_tagger,no_dockerfile,False,0,0,0,,,0,0,0,0,0,False,,False,,False,,False,,False,,False,,no Dockerfile and no fallback entry point found
https://github.com/jzadeh/aktaion2,no_dockerfile,False,0,0,0,,,0,0,0,0,0,False,,False,,False,,False,,False,,False,,no Dockerfile and no fallback entry point found
https://github.com/mmetcalfe/car-detection,no_dockerfile,False,0,0,0,,,0,0,0,0,0,False,,False,,False,,False,,False,,False,,no Dockerfile and no fallback entry point found
https://github.com/Niyatihd/BC-Project3,no_dockerfile,False,0,0,0,,,0,0,0,0,0,False,,False,,False,,False,,False,,False,,no Dockerfile and no fallback entry point found
https://github.com/emanjavacas/pie,ok,True,6,0,1,pie\scripts\group.py,fallback_console_script,32,273,5,0,0,True,pie/utils.py:200 gzip.open [matched gzip.open],True,pie/data/dataset.py:313 LabelEncoder [matched LabelEncoder],True,pie/models/base_model.py:0 class BaseModel [matched <class subclasses model base>],True,pie/trainer.py:158 self.lr_scheduler.step [matched lr_scheduler.step],True,pie/scripts/evaluate.py:57 model.evaluate [matched model.evaluate],True,pie/scripts/train.py:158 model.eval [matched model.eval],verified: all 6 stages present
https://github.com/perniklas/mastern,no_dockerfile,False,0,0,0,,,0,0,0,0,0,False,,False,,False,,False,,False,,False,,no Dockerfile and no fallback entry point found
https://github.com/EikeDehling/machine-learnings,no_dockerfile,False,0,0,0,,,0,0,0,0,0,False,,False,,False,,False,,False,,False,,no Dockerfile and no fallback entry point found
https://github.com/arthur801031/machine_learning_engineer_nanodegree,no_dockerfile,False,0,0,0,,,0,0,0,0,0,False,,False,,False,,False,,False,,False,,no Dockerfile and no fallback entry point found
https://github.com/messier16/m16_mlutils,no_dockerfile,False,0,0,0,,,0,0,0,0,0,False,,False,,False,,False,,False,,False,,no Dockerfile and no fallback entry point found
https://github.com/LCSB-BioCore/Fractalis,no_entry,False,0,1,0,,,0,0,0,0,0,False,,False,,False,,False,,False,,False,,Dockerfile(s) found but no Python entry point could be resolved
https://github.com/sayands/opencv-implementations,no_dockerfile,False,0,0,0,,,0,0,0,0,0,False,,False,,False,,False,,False,,False,,no Dockerfile and no fallback entry point found
https://github.com/jacopocarlini/openfaas,no_dockerfile,False,0,0,0,,,0,0,0,0,0,False,,False,,False,,False,,False,,False,,no Dockerfile and no fallback entry point found
https://github.com/dfava/readingclub,no_dockerfile,False,0,0,0,,,0,0,0,0,0,False,,False,,False,,False,,False,,False,,no Dockerfile and no fallback entry point found
https://github.com/stanford-ccb/ccb-id,no_dockerfile,False,0,0,0,,,0,0,0,0,0,False,,False,,False,,False,,False,,False,,no Dockerfile and no fallback entry point found
https://github.com/isaacgr/python-scripts,no_dockerfile,False,0,0,0,,,0,0,0,0,0,False,,False,,False,,False,,False,,False,,no Dockerfile and no fallback entry point found
https://github.com/aok1425/311-prediction-times,clone_failed,False,0,0,0,,,0,0,0,0,0,False,,False,,False,,False,,False,,False,,error: invalid path 'EDA/00 how do diff grps use 311 diffly?.ipynb'
https://github.com/apprenticelearner/AL_Core,no_entry,False,0,1,0,,,0,0,0,0,0,False,,False,,False,,False,,False,,False,,Dockerfile(s) found but no Python entry point could be resolved
https://github.com/ankdesh/LearnTry-ML,no_entry,False,0,2,0,,,0,0,0,0,0,False,,False,,False,,False,,False,,False,,Dockerfile(s) found but no Python entry point could be resolved
https://github.com/caheredia/PythonDataScienceHandbook,no_dockerfile,False,0,0,0,,,0,0,0,0,0,False,,False,,False,,False,,False,,False,,no Dockerfile and no fallback entry point found
https://github.com/msmbuilder/osprey,ok,False,0,0,1,osprey\cli\main.py,fallback_console_script,3,2,1,0,0,False,,False,,False,,False,,False,,False,,"unverified: missing stages: data_acquisition, data_preparation, modeling, training, evaluation, inference"
https://github.com/Esri/raster-functions,no_dockerfile,False,0,0,0,,,0,0,0,0,0,False,,False,,False,,False,,False,,False,,no Dockerfile and no fallback entry point found
https://github.com/frgm/TTA-Inventory,no_dockerfile,False,0,0,0,,,0,0,0,0,0,False,,False,,False,,False,,False,,False,,no Dockerfile and no fallback entry point found
https://github.com/Ajapaik/ajapaik-web,no_entry,False,0,2,0,,,0,0,0,0,0,False,,False,,False,,False,,False,,False,,Dockerfile(s) found but no Python entry point could be resolved
https://github.com/bejar/AMLTNotebooks,no_dockerfile,False,0,0,0,,,0,0,0,0,0,False,,False,,False,,False,,False,,False,,no Dockerfile and no fallback entry point found
https://github.com/ormatt/Guess-Genre-By-Lyrics,no_dockerfile,False,0,0,0,,,0,0,0,0,0,False,,False,,False,,False,,False,,False,,no Dockerfile and no fallback entry point found
https://github.com/kilgore92/DeepBeliefNets,no_dockerfile,False,0,0,0,,,0,0,0,0,0,False,,False,,False,,False,,False,,False,,no Dockerfile and no fallback entry point found
https://github.com/AldenHalseth3/UdacityNanodegree,no_dockerfile,False,0,0,0,,,0,0,0,0,0,False,,False,,False,,False,,False,,False,,no Dockerfile and no fallback entry point found
https://github.com/amueller/scipy-2016-sklearn,no_dockerfile,False,0,0,0,,,0,0,0,0,0,False,,False,,False,,False,,False,,False,,no Dockerfile and no fallback entry point found
https://github.com/p-r-t/Fastai_Courses-Setup,no_dockerfile,False,0,0,0,,,0,0,0,0,0,False,,False,,False,,False,,False,,False,,no Dockerfile and no fallback entry point found
https://github.com/chengsoonong/acton,ok,False,3,0,1,acton\cli.py,fallback_console_script,11,210,2,0,0,True,acton/acton.py:332 pd.read_hdf [matched pd.read_hdf],True,acton/acton.py:146 sklearn.preprocessing.model_selection.train_test_split [matched train_test_split],False,,False,,True,acton/acton.py:282 sklearn.metrics.roc_auc_score [matched roc_auc_score],False,,"unverified: missing stages: modeling, training, inference"
https://github.com/javedqadruddin/entity2vec,no_dockerfile,False,0,0,0,,,0,0,0,0,0,False,,False,,False,,False,,False,,False,,no Dockerfile and no fallback entry point found
https://github.com/mehdibaha/machine-learning,no_dockerfile,False,0,0,0,,,0,0,0,0,0,False,,False,,False,,False,,False,,False,,no Dockerfile and no fallback entry point found
https://github.com/bprinty/iso,ok,False,4,0,1,iso\__main__.py,fallback_nested,7,87,2,0,0,False,,True,iso/learn.py:338 sklearn.model_selection.KFold [matched KFold],True,iso/learn.py:0 class Learner [matched <class subclasses model base>],True,iso/learn.py:271 self.model.fit [matched model.fit],False,,True,iso/learn.py:261 self.model.predict [matched model.predict],"unverified: missing stages: data_acquisition, evaluation"
https://github.com/GT-RAIL/task_sim,no_entry,False,0,1,0,,,0,0,0,0,0,False,,False,,False,,False,,False,,False,,Dockerfile(s) found but no Python entry point could be resolved
https://github.com/DiegoAgher/Music-Classification,no_dockerfile,False,0,0,0,,,0,0,0,0,0,False,,False,,False,,False,,False,,False,,no Dockerfile and no fallback entry point found
https://github.com/cggh/scikit-allel,no_dockerfile,False,0,0,0,,,0,0,0,0,0,False,,False,,False,,False,,False,,False,,no Dockerfile and no fallback entry point found
https://github.com/BIDS-collaborative/EDAM,no_dockerfile,False,0,0,0,,,0,0,0,0,0,False,,False,,False,,False,,False,,False,,no Dockerfile and no fallback entry point found
https://github.com/manhcuogntin4/Fast-AI-course,no_dockerfile,False,0,0,0,,,0,0,0,0,0,False,,False,,False,,False,,False,,False,,no Dockerfile and no fallback entry point found
https://github.com/cigroup-ol/windml,no_dockerfile,False,0,0,0,,,0,0,0,0,0,False,,False,,False,,False,,False,,False,,no Dockerfile and no fallback entry point found
https://github.com/kennethjmyers/Metis-Projects,no_dockerfile,False,0,0,0,,,0,0,0,0,0,False,,False,,False,,False,,False,,False,,no Dockerfile and no fallback entry point found
https://github.com/udacity/cn-deep-learning,no_dockerfile,False,0,0,0,,,0,0,0,0,0,False,,False,,False,,False,,False,,False,,no Dockerfile and no fallback entry point found
https://github.com/syntapy/normad,clone_failed,False,0,0,0,,,0,0,0,0,0,False,,False,,False,,False,,False,,False,,error: invalid path 'src/aux.py'
https://github.com/spartan-array/spartan,no_dockerfile,False,0,0,0,,,0,0,0,0,0,False,,False,,False,,False,,False,,False,,no Dockerfile and no fallback entry point found
https://github.com/tuliren/deep_learning_foundation,no_dockerfile,False,0,0,0,,,0,0,0,0,0,False,,False,,False,,False,,False,,False,,no Dockerfile and no fallback entry point found
https://github.com/GauravBh1010tt/DeepLearn,no_dockerfile,False,0,0,0,,,0,0,0,0,0,False,,False,,False,,False,,False,,False,,no Dockerfile and no fallback entry point found
https://github.com/theamazingfedex/ml-project-4,no_dockerfile,False,0,0,0,,,0,0,0,0,0,False,,False,,False,,False,,False,,False,,no Dockerfile and no fallback entry point found
https://github.com/AutuanLiu/MDeepLearn,no_entry,False,0,2,0,,,0,0,0,0,0,False,,False,,False,,False,,False,,False,,Dockerfile(s) found but no Python entry point could be resolved
https://github.com/IvanoLauriola/MKLpy,no_dockerfile,False,0,0,0,,,0,0,0,0,0,False,,False,,False,,False,,False,,False,,no Dockerfile and no fallback entry point found
https://github.com/inspirehep/magpie,ok,False,4,0,1,magpie\main.py,fallback_nested,7,44,1,0,0,True,magpie/main.py:284 magpie.utils.load_from_disk [matched load_from_disk],True,magpie/base/document.py:43 nltk.tokenize.word_tokenize [matched nltk.tokenize.word_tokenize],True,magpie/nn/models.py:26 keras.layers.Input [matched keras.layers.*],True,magpie/base/word2vec.py:87 scaler.partial_fit [matched .partial_fit],False,,False,,"unverified: missing stages: evaluation, inference"
https://github.com/TheCamusean/DLRCev3,no_entry,False,0,1,0,,,0,0,0,0,0,False,,False,,False,,False,,False,,False,,Dockerfile(s) found but no Python entry point could be resolved
https://github.com/tkamishima/kamrecsys,no_dockerfile,False,0,0,0,,,0,0,0,0,0,False,,False,,False,,False,,False,,False,,no Dockerfile and no fallback entry point found
https://github.com/rsk-mind/rsk-mind-framework,no_dockerfile,False,0,0,0,,,0,0,0,0,0,False,,False,,False,,False,,False,,False,,no Dockerfile and no fallback entry point found
https://github.com/EFord36/normalise,ok,False,4,0,1,normalise\command_line.py,fallback_console_script,20,123,4,0,0,True,normalise/command_line.py:28 pickle.load [matched pickle.load],True,normalise/expand_EXPN.py:243 nltk.tokenize.word_tokenize [matched nltk.tokenize.word_tokenize],False,,True,normalise/class_ALPHA.py:179 model.fit [matched model.fit],False,,True,normalise/class_ALPHA.py:98 clf.predict [matched clf.predict],"unverified: missing stages: modeling, evaluation"
https://github.com/TopSBM/topsbm,no_dockerfile,False,0,0,0,,,0,0,0,0,0,False,,False,,False,,False,,False,,False,,no Dockerfile and no fallback entry point found
https://github.com/Jayasagar/py-machine-learning-labs,no_dockerfile,False,0,0,0,,,0,0,0,0,0,False,,False,,False,,False,,False,,False,,no Dockerfile and no fallback entry point found
https://github.com/sendilk/ml-class,no_dockerfile,False,0,0,0,,,0,0,0,0,0,False,,False,,False,,False,,False,,False,,no Dockerfile and no fallback entry point found
https://github.com/nkthiebaut/zeugma,no_dockerfile,False,0,0,0,,,0,0,0,0,0,False,,False,,False,,False,,False,,False,,no Dockerfile and no fallback entry point found
https://github.com/ericmjl/genomic-surveillance-dashboard,no_dockerfile,False,0,0,0,,,0,0,0,0,0,False,,False,,False,,False,,False,,False,,no Dockerfile and no fallback entry point found
https://github.com/ionox0/gels-analysis,no_dockerfile,False,0,0,0,,,0,0,0,0,0,False,,False,,False,,False,,False,,False,,no Dockerfile and no fallback entry point found
https://github.com/johny-c/pylmnn,no_dockerfile,False,0,0,0,,,0,0,0,0,0,False,,False,,False,,False,,False,,False,,no Dockerfile and no fallback entry point found
https://github.com/purezhanghan/adml_dataminer,no_dockerfile,False,0,0,0,,,0,0,0,0,0,False,,False,,False,,False,,False,,False,,no Dockerfile and no fallback entry point found
https://github.com/dinhtuyen/opencv-machine-learning,no_dockerfile,False,0,0,0,,,0,0,0,0,0,False,,False,,False,,False,,False,,False,,no Dockerfile and no fallback entry point found
https://github.com/hltcoe/steamroller,ok,False,2,2,1,src\__main__.py,fallback_nested,1,8,0,0,0,True,src/__main__.py:45 gzip.open [matched gzip.open],False,,False,,False,,False,,True,src/__main__.py:71 flask.Flask [matched Flask],"unverified: missing stages: data_preparation, modeling, training, evaluation"
https://github.com/Gale-Yang/machine-learning,no_dockerfile,False,0,0,0,,,0,0,0,0,0,False,,False,,False,,False,,False,,False,,no Dockerfile and no fallback entry point found
https://github.com/chujunshi/BOSSsensor,no_dockerfile,False,0,0,0,,,0,0,0,0,0,False,,False,,False,,False,,False,,False,,no Dockerfile and no fallback entry point found
https://github.com/evhart/smasac-tutorial,no_entry,False,0,1,0,,,0,0,0,0,0,False,,False,,False,,False,,False,,False,,Dockerfile(s) found but no Python entry point could be resolved
https://github.com/uppsaladatavetare/foobar-api,no_dockerfile,False,0,0,0,,,0,0,0,0,0,False,,False,,False,,False,,False,,False,,no Dockerfile and no fallback entry point found
https://github.com/josix/NEPT,no_dockerfile,False,0,0,0,,,0,0,0,0,0,False,,False,,False,,False,,False,,False,,no Dockerfile and no fallback entry point found
https://github.com/scikit-spark/scikit-spark,no_dockerfile,False,0,0,0,,,0,0,0,0,0,False,,False,,False,,False,,False,,False,,no Dockerfile and no fallback entry point found
https://github.com/philip-brohan/Meteorographica,no_dockerfile,False,0,0,0,,,0,0,0,0,0,False,,False,,False,,False,,False,,False,,no Dockerfile and no fallback entry point found
https://github.com/Berstad/TFmetrics,no_dockerfile,False,0,0,0,,,0,0,0,0,0,False,,False,,False,,False,,False,,False,,no Dockerfile and no fallback entry point found
https://github.com/justincohler/evictions-learn,no_dockerfile,False,0,0,0,,,0,0,0,0,0,False,,False,,False,,False,,False,,False,,no Dockerfile and no fallback entry point found
https://github.com/joshuaNewman10/automated_trading,no_dockerfile,False,0,0,0,,,0,0,0,0,0,False,,False,,False,,False,,False,,False,,no Dockerfile and no fallback entry point found
https://github.com/fastai/courses,no_dockerfile,False,0,0,0,,,0,0,0,0,0,False,,False,,False,,False,,False,,False,,no Dockerfile and no fallback entry point found
https://github.com/quaquel/EMAworkbench,no_dockerfile,False,0,0,0,,,0,0,0,0,0,False,,False,,False,,False,,False,,False,,no Dockerfile and no fallback entry point found
https://github.com/78036/one,no_dockerfile,False,0,0,0,,,0,0,0,0,0,False,,False,,False,,False,,False,,False,,no Dockerfile and no fallback entry point found
https://github.com/eashanadhikarla/Facial-Recognition-with-DNN,no_dockerfile,False,0,0,0,,,0,0,0,0,0,False,,False,,False,,False,,False,,False,,no Dockerfile and no fallback entry point found
https://github.com/liuzz1983/open_vision,no_dockerfile,False,0,0,0,,,0,0,0,0,0,False,,False,,False,,False,,False,,False,,no Dockerfile and no fallback entry point found
https://github.com/thomasdunlap/deep-learning,no_dockerfile,False,0,0,0,,,0,0,0,0,0,False,,False,,False,,False,,False,,False,,no Dockerfile and no fallback entry point found
https://github.com/pauloromeira/desafio_datascience_intelivix_dez2016,no_dockerfile,False,0,0,0,,,0,0,0,0,0,False,,False,,False,,False,,False,,False,,no Dockerfile and no fallback entry point found
https://github.com/datactive/bigbang,no_dockerfile,False,0,0,0,,,0,0,0,0,0,False,,False,,False,,False,,False,,False,,no Dockerfile and no fallback entry point found
https://github.com/EvansDaniel/machine-learning,no_dockerfile,False,0,0,0,,,0,0,0,0,0,False,,False,,False,,False,,False,,False,,no Dockerfile and no fallback entry point found
https://github.com/ntucllab/striatum,no_dockerfile,False,0,0,0,,,0,0,0,0,0,False,,False,,False,,False,,False,,False,,no Dockerfile and no fallback entry point found
https://github.com/sfwatergit/da-irl,no_dockerfile,False,0,0,0,,,0,0,0,0,0,False,,False,,False,,False,,False,,False,,no Dockerfile and no fallback entry point found
https://github.com/MartinThoma/msthesis-experiments,no_dockerfile,False,0,0,0,,,0,0,0,0,0,False,,False,,False,,False,,False,,False,,no Dockerfile and no fallback entry point found
https://github.com/ShupingR/deep-learning,no_dockerfile,False,0,0,0,,,0,0,0,0,0,False,,False,,False,,False,,False,,False,,no Dockerfile and no fallback entry point found
https://github.com/rafaelnovello/Deep-Learning-Nanodegree,no_dockerfile,False,0,0,0,,,0,0,0,0,0,False,,False,,False,,False,,False,,False,,no Dockerfile and no fallback entry point found
https://github.com/Ohjeah/cartesian,no_dockerfile,False,0,0,0,,,0,0,0,0,0,False,,False,,False,,False,,False,,False,,no Dockerfile and no fallback entry point found
https://github.com/TobiasHerr/yellowbrick-fork,no_dockerfile,False,0,0,0,,,0,0,0,0,0,False,,False,,False,,False,,False,,False,,no Dockerfile and no fallback entry point found
https://github.com/robsontavaresnonato/facerecog,no_dockerfile,False,0,0,0,,,0,0,0,0,0,False,,False,,False,,False,,False,,False,,no Dockerfile and no fallback entry point found
https://github.com/arafeh94/geneticfed,no_dockerfile,False,0,0,0,,,0,0,0,0,0,False,,False,,False,,False,,False,,False,,no Dockerfile and no fallback entry point found
https://github.com/fnielsen/dasem,ok,False,1,0,1,dasem\__main__.py,fallback_nested,13,118,3,0,0,True,dasem/dannet.py:227 requests.get [matched requests.get],False,,False,,False,,False,,False,,"unverified: missing stages: data_preparation, modeling, training, evaluation, inference"
https://github.com/inders/language-translation,no_dockerfile,False,0,0,0,,,0,0,0,0,0,False,,False,,False,,False,,False,,False,,no Dockerfile and no fallback entry point found
https://github.com/django-text-classifier/django_text_classifier,no_dockerfile,False,0,0,0,,,0,0,0,0,0,False,,False,,False,,False,,False,,False,,no Dockerfile and no fallback entry point found
https://github.com/kingjr/jr-tools,no_dockerfile,False,0,0,0,,,0,0,0,0,0,False,,False,,False,,False,,False,,False,,no Dockerfile and no fallback entry point found
https://github.com/t00n/DiscoveryTripToMusic,no_dockerfile,False,0,0,0,,,0,0,0,0,0,False,,False,,False,,False,,False,,False,,no Dockerfile and no fallback entry point found
https://github.com/jbernhard/hic-param-est,no_dockerfile,False,0,0,0,,,0,0,0,0,0,False,,False,,False,,False,,False,,False,,no Dockerfile and no fallback entry point found
https://github.com/cdepeuter/citibike,no_entry,False,0,1,0,,,0,0,0,0,0,False,,False,,False,,False,,False,,False,,Dockerfile(s) found but no Python entry point could be resolved
https://github.com/idaks/PW-explorer,no_entry,False,0,1,0,,,0,0,0,0,0,False,,False,,False,,False,,False,,False,,Dockerfile(s) found but no Python entry point could be resolved
https://github.com/jasoniijima/machine-learning-udacity-course,no_dockerfile,False,0,0,0,,,0,0,0,0,0,False,,False,,False,,False,,False,,False,,no Dockerfile and no fallback entry point found
https://github.com/mlpacheco/image-description,no_dockerfile,False,0,0,0,,,0,0,0,0,0,False,,False,,False,,False,,False,,False,,no Dockerfile and no fallback entry point found
https://github.com/tomasero/mind-kinetics,no_dockerfile,False,0,0,0,,,0,0,0,0,0,False,,False,,False,,False,,False,,False,,no Dockerfile and no fallback entry point found
https://github.com/skggm/skggm,no_dockerfile,False,0,0,0,,,0,0,0,0,0,False,,False,,False,,False,,False,,False,,no Dockerfile and no fallback entry point found
https://github.com/jabud/Mining_The_Social_Web,no_entry,False,0,1,0,,,0,0,0,0,0,False,,False,,False,,False,,False,,False,,Dockerfile(s) found but no Python entry point could be resolved
https://github.com/alaxa27/AIPCloud_Platform,ok,False,0,1,1,app\app.py,fallback_nested,1,20,0,0,0,False,,False,,False,,False,,False,,False,,"unverified: missing stages: data_acquisition, data_preparation, modeling, training, evaluation, inference"
https://github.com/JeanMax/babao,no_dockerfile,False,0,0,0,,,0,0,0,0,0,False,,False,,False,,False,,False,,False,,no Dockerfile and no fallback entry point found
https://github.com/feranick/SpectralMachine,no_dockerfile,False,0,0,0,,,0,0,0,0,0,False,,False,,False,,False,,False,,False,,no Dockerfile and no fallback entry point found
https://github.com/bmcfee/crema,no_dockerfile,False,0,0,0,,,0,0,0,0,0,False,,False,,False,,False,,False,,False,,no Dockerfile and no fallback entry point found
https://github.com/pratyushiisc/mygeodynamics-,no_dockerfile,False,0,0,0,,,0,0,0,0,0,False,,False,,False,,False,,False,,False,,no Dockerfile and no fallback entry point found
https://github.com/HichamZouarhi/Udacity_Deep_Learning_Nanodegree,no_dockerfile,False,0,0,0,,,0,0,0,0,0,False,,False,,False,,False,,False,,False,,no Dockerfile and no fallback entry point found
https://github.com/hpecl-sspku/2017,no_dockerfile,False,0,0,0,,,0,0,0,0,0,False,,False,,False,,False,,False,,False,,no Dockerfile and no fallback entry point found
https://github.com/PeterMitrano/grouping,no_dockerfile,False,0,0,0,,,0,0,0,0,0,False,,False,,False,,False,,False,,False,,no Dockerfile and no fallback entry point found
https://github.com/datarail/datarail,no_dockerfile,False,0,0,0,,,0,0,0,0,0,False,,False,,False,,False,,False,,False,,no Dockerfile and no fallback entry point found
https://github.com/claresloggett/reduct,no_dockerfile,False,0,0,0,,,0,0,0,0,0,False,,False,,False,,False,,False,,False,,no Dockerfile and no fallback entry point found
https://github.com/yzhao062/XGBOD,no_dockerfile,False,0,0,0,,,0,0,0,0,0,False,,False,,False,,False,,False,,False,,no Dockerfile and no fallback entry point found
https://github.com/MLBazaar/MLPrimitives,ok,False,3,0,1,mlprimitives\cli.py,fallback_console_script,3,40,2,0,0,True,mlprimitives/evaluation.py:57 json.load [matched json.load],True,mlprimitives/datasets.py:183 sklearn.model_selection.train_test_split [matched train_test_split],False,,False,,False,,True,mlprimitives/evaluation.py:83 pipeline.predict [matched pipeline.predict],"unverified: missing stages: modeling, training, evaluation"
https://github.com/namoopsoo/learn-citibike,no_entry,False,0,1,0,,,0,0,0,0,0,False,,False,,False,,False,,False,,False,,Dockerfile(s) found but no Python entry point could be resolved
https://github.com/RonKG/Machine-Learning-g,no_dockerfile,False,0,0,0,,,0,0,0,0,0,False,,False,,False,,False,,False,,False,,no Dockerfile and no fallback entry point found
https://github.com/hiteshgupta2507/Machine-Learning,no_dockerfile,False,0,0,0,,,0,0,0,0,0,False,,False,,False,,False,,False,,False,,no Dockerfile and no fallback entry point found
https://github.com/chrisjcc/DataInsight,no_dockerfile,False,0,0,0,,,0,0,0,0,0,False,,False,,False,,False,,False,,False,,no Dockerfile and no fallback entry point found
https://github.com/smilencehan/s,no_dockerfile,False,0,0,0,,,0,0,0,0,0,False,,False,,False,,False,,False,,False,,no Dockerfile and no fallback entry point found
https://github.com/iLampard/alphaware,no_dockerfile,False,0,0,0,,,0,0,0,0,0,False,,False,,False,,False,,False,,False,,no Dockerfile and no fallback entry point found
https://github.com/jesserobertson/earthchem-pyclient,no_dockerfile,False,0,0,0,,,0,0,0,0,0,False,,False,,False,,False,,False,,False,,no Dockerfile and no fallback entry point found
https://github.com/amueller/scipy-2018-sklearn,no_dockerfile,False,0,0,0,,,0,0,0,0,0,False,,False,,False,,False,,False,,False,,no Dockerfile and no fallback entry point found
https://github.com/VIVelev/WorldCup-Prediction,ok,False,1,0,1,server\app.py,fallback_nested,1,0,0,0,0,False,,False,,False,,False,,False,,True,server/app.py:3 flask.Flask [matched Flask],"unverified: missing stages: data_acquisition, data_preparation, modeling, training, evaluation"
https://github.com/hackundsoehne/2018-DL-HandsOn,no_dockerfile,False,0,0,0,,,0,0,0,0,0,False,,False,,False,,False,,False,,False,,no Dockerfile and no fallback entry point found
https://github.com/andreabduque/machine-learning-project,no_dockerfile,False,0,0,0,,,0,0,0,0,0,False,,False,,False,,False,,False,,False,,no Dockerfile and no fallback entry point found
https://github.com/franroldans/mcv-m3-team1,ok,False,0,0,1,src\train.py,fallback_nested,1,0,0,1,0,False,,False,,False,,False,,False,,False,,"unverified: missing stages: data_acquisition, data_preparation, modeling, training, evaluation, inference"
https://github.com/partu18/machine_learning,no_dockerfile,False,0,0,0,,,0,0,0,0,0,False,,False,,False,,False,,False,,False,,no Dockerfile and no fallback entry point found
https://github.com/shashanknainwal/Udacity-ML-nanodegree_,no_dockerfile,False,0,0,0,,,0,0,0,0,0,False,,False,,False,,False,,False,,False,,no Dockerfile and no fallback entry point found
https://github.com/cajohnst/Optimized_FX_Portfolio,no_dockerfile,False,0,0,0,,,0,0,0,0,0,False,,False,,False,,False,,False,,False,,no Dockerfile and no fallback entry point found
https://github.com/aquadrop/py,no_dockerfile,False,0,0,0,,,0,0,0,0,0,False,,False,,False,,False,,False,,False,,no Dockerfile and no fallback entry point found
https://github.com/udacity/machine-learning,no_dockerfile,False,0,0,0,,,0,0,0,0,0,False,,False,,False,,False,,False,,False,,no Dockerfile and no fallback entry point found
https://github.com/soaxelbrooke/ptclf,ok,True,6,0,1,ptclf\__main__.py,fallback_nested,10,68,3,0,0,True,ptclf/hyperopt.py:15 json.load [matched json.load],True,ptclf/tokenizer.py:251 Tokenizer [matched Tokenizer],True,ptclf/models.py:0 class WordRnn [matched <class subclasses model base>],True,ptclf/train.py:98 comet_ml.Experiment [matched comet_ml.Experiment],True,ptclf/train.py:173 comet_experiment.log_loss [matched log_loss],True,ptclf/train.py:122 model.eval [matched model.eval],verified: all 6 stages present
https://github.com/jrouly/stackmining,no_dockerfile,False,0,0,0,,,0,0,0,0,0,False,,False,,False,,False,,False,,False,,no Dockerfile and no fallback entry point found
https://github.com/TomLisankie/Udacity-Projects,no_dockerfile,False,0,0,0,,,0,0,0,0,0,False,,False,,False,,False,,False,,False,,no Dockerfile and no fallback entry point found
https://github.com/mboker/deep-learning-ND,no_dockerfile,False,0,0,0,,,0,0,0,0,0,False,,False,,False,,False,,False,,False,,no Dockerfile and no fallback entry point found
https://github.com/easyandme/img-process,no_dockerfile,False,0,0,0,,,0,0,0,0,0,False,,False,,False,,False,,False,,False,,no Dockerfile and no fallback entry point found
https://github.com/DBCerigo/kaggle-cervix,no_dockerfile,False,0,0,0,,,0,0,0,0,0,False,,False,,False,,False,,False,,False,,no Dockerfile and no fallback entry point found
https://github.com/podondra/bt-spectraldl,no_entry,False,0,1,0,,,0,0,0,0,0,False,,False,,False,,False,,False,,False,,Dockerfile(s) found but no Python entry point could be resolved
https://github.com/prateekiiest/Code-Sleep-Python,no_dockerfile,False,0,0,0,,,0,0,0,0,0,False,,False,,False,,False,,False,,False,,no Dockerfile and no fallback entry point found
https://github.com/aysunbcc/udacity-mlnd,no_dockerfile,False,0,0,0,,,0,0,0,0,0,False,,False,,False,,False,,False,,False,,no Dockerfile and no fallback entry point found
https://github.com/wsdm-cup-2017/radicchio,ok,False,0,0,1,src\main.py,fallback_nested,1,0,0,1,0,False,,False,,False,,False,,False,,False,,"unverified: missing stages: data_acquisition, data_preparation, modeling, training, evaluation, inference"
https://github.com/patricieni/ICM,clone_failed,False,0,0,0,,,0,0,0,0,0,False,,False,,False,,False,,False,,False,,"error: invalid path 'images/plot(a.out, which.vars = 4:15).png'"
https://github.com/lmc2179/bayesian_bootstrap,no_dockerfile,False,0,0,0,,,0,0,0,0,0,False,,False,,False,,False,,False,,False,,no Dockerfile and no fallback entry point found
https://github.com/bjlange/judgit,no_dockerfile,False,0,0,0,,,0,0,0,0,0,False,,False,,False,,False,,False,,False,,no Dockerfile and no fallback entry point found
https://github.com/urgedata/pythondata,no_dockerfile,False,0,0,0,,,0,0,0,0,0,False,,False,,False,,False,,False,,False,,no Dockerfile and no fallback entry point found
https://github.com/PyGeoL/GeoL,no_dockerfile,False,0,0,0,,,0,0,0,0,0,False,,False,,False,,False,,False,,False,,no Dockerfile and no fallback entry point found
https://github.com/conversationai/unintended-ml-bias-analysis,no_dockerfile,False,0,0,0,,,0,0,0,0,0,False,,False,,False,,False,,False,,False,,no Dockerfile and no fallback entry point found
https://github.com/jonathanmorgan/python_utilities,no_dockerfile,False,0,0,0,,,0,0,0,0,0,False,,False,,False,,False,,False,,False,,no Dockerfile and no fallback entry point found
https://github.com/piohei/indiana,ok,False,1,0,1,ap_data_listener\app.py,fallback_nested,34,97,5,0,0,True,config/config.py:23 yaml.load [matched yaml.load],False,,False,,False,,False,,False,,"unverified: missing stages: data_preparation, modeling, training, evaluation, inference"
https://github.com/DeepPavlov/convai,no_entry,False,0,9,0,,,0,0,0,0,0,False,,False,,False,,False,,False,,False,,Dockerfile(s) found but no Python entry point could be resolved
https://github.com/KonanAcademy/deep,no_dockerfile,False,0,0,0,,,0,0,0,0,0,False,,False,,False,,False,,False,,False,,no Dockerfile and no fallback entry point found
https://github.com/zlalvani/checkers-learner,no_dockerfile,False,0,0,0,,,0,0,0,0,0,False,,False,,False,,False,,False,,False,,no Dockerfile and no fallback entry point found
https://github.com/tallesmedeiros/PythonDatascience,no_dockerfile,False,0,0,0,,,0,0,0,0,0,False,,False,,False,,False,,False,,False,,no Dockerfile and no fallback entry point found
https://github.com/itscharlieb/code-jammer,no_dockerfile,False,0,0,0,,,0,0,0,0,0,False,,False,,False,,False,,False,,False,,no Dockerfile and no fallback entry point found
https://github.com/ecatkins/instabilly,no_dockerfile,False,0,0,0,,,0,0,0,0,0,False,,False,,False,,False,,False,,False,,no Dockerfile and no fallback entry point found
https://github.com/rjrequina/Cebuano-POS-Tagger,no_dockerfile,False,0,0,0,,,0,0,0,0,0,False,,False,,False,,False,,False,,False,,no Dockerfile and no fallback entry point found
https://github.com/npinto/bangmetric,no_dockerfile,False,0,0,0,,,0,0,0,0,0,False,,False,,False,,False,,False,,False,,no Dockerfile and no fallback entry point found
https://github.com/cedricherman/Black_Friday,no_dockerfile,False,0,0,0,,,0,0,0,0,0,False,,False,,False,,False,,False,,False,,no Dockerfile and no fallback entry point found
https://github.com/manasapte/deep-learning,no_dockerfile,False,0,0,0,,,0,0,0,0,0,False,,False,,False,,False,,False,,False,,no Dockerfile and no fallback entry point found
https://github.com/rmjarvis/Piff,no_dockerfile,False,0,0,0,,,0,0,0,0,0,False,,False,,False,,False,,False,,False,,no Dockerfile and no fallback entry point found
https://github.com/jxx123/fireTS,no_dockerfile,False,0,0,0,,,0,0,0,0,0,False,,False,,False,,False,,False,,False,,no Dockerfile and no fallback entry point found
https://github.com/remstef/neuralnetworking,no_dockerfile,False,0,0,0,,,0,0,0,0,0,False,,False,,False,,False,,False,,False,,no Dockerfile and no fallback entry point found
https://github.com/ethz-asl/modular_semantic_segmentation,no_dockerfile,False,0,0,0,,,0,0,0,0,0,False,,False,,False,,False,,False,,False,,no Dockerfile and no fallback entry point found
https://github.com/fg8/UQ,no_dockerfile,False,0,0,0,,,0,0,0,0,0,False,,False,,False,,False,,False,,False,,no Dockerfile and no fallback entry point found
https://github.com/hwang051785/pyCPT,no_dockerfile,False,0,0,0,,,0,0,0,0,0,False,,False,,False,,False,,False,,False,,no Dockerfile and no fallback entry point found
https://github.com/chocoluffy/redditQA,no_dockerfile,False,0,0,0,,,0,0,0,0,0,False,,False,,False,,False,,False,,False,,no Dockerfile and no fallback entry point found
https://github.com/eellak/gsoc2018-3gm,clone_failed,False,0,0,0,,,0,0,0,0,0,False,,False,,False,,False,,False,,False,,Error downloading object: data/ner_ggg.jsonl (50fe6d8): Smudge error: Error downloading data/ner_ggg.jsonl (50fe6d82937b6c91562fa7b8ca4ef79814c0d547ab26e4a1774abe69efa1e706): batch response: Resource not accessible by personal access token
https://github.com/sasazlat/fcnd_udacity,no_dockerfile,False,0,0,0,,,0,0,0,0,0,False,,False,,False,,False,,False,,False,,no Dockerfile and no fallback entry point found
https://github.com/dmsenter89/MeshmerizeMe,ok,False,1,0,1,MeshmerizeMe\scripts\MeshmerizeMe.py,fallback_console_script,10,105,3,0,0,True,MeshmerizeMe/tools.py:91 cv2.imread [matched cv2.imread],False,,False,,False,,False,,False,,"unverified: missing stages: data_preparation, modeling, training, evaluation, inference"
https://github.com/juan-silva/machine-learning-nd,no_dockerfile,False,0,0,0,,,0,0,0,0,0,False,,False,,False,,False,,False,,False,,no Dockerfile and no fallback entry point found
https://github.com/genviz/genviz,no_dockerfile,False,0,0,0,,,0,0,0,0,0,False,,False,,False,,False,,False,,False,,no Dockerfile and no fallback entry point found
https://github.com/jungr-ait/face_recognition_py,no_dockerfile,False,0,0,0,,,0,0,0,0,0,False,,False,,False,,False,,False,,False,,no Dockerfile and no fallback entry point found
https://github.com/keeramu/ML,no_dockerfile,False,0,0,0,,,0,0,0,0,0,False,,False,,False,,False,,False,,False,,no Dockerfile and no fallback entry point found
https://github.com/HSE-LAMBDA/modelgym,no_entry,False,0,3,0,,,0,0,0,0,0,False,,False,,False,,False,,False,,False,,Dockerfile(s) found but no Python entry point could be resolved
https://github.com/MartianLee/soapt_project,no_dockerfile,False,0,0,0,,,0,0,0,0,0,False,,False,,False,,False,,False,,False,,no Dockerfile and no fallback entry point found
https://github.com/sanyaade-machine-learning/rasa_nlu2,ok,False,1,0,1,rasa_nlu\run.py,fallback_nested,20,201,5,0,2,True,rasa_nlu/persistor.py:134 tarfile.open [matched tarfile.open],False,,False,,False,,False,,False,,"unverified: missing stages: data_preparation, modeling, training, evaluation, inference"
https://github.com/ArneBinder/clickbait,no_dockerfile,False,0,0,0,,,0,0,0,0,0,False,,False,,False,,False,,False,,False,,no Dockerfile and no fallback entry point found
https://github.com/awfuldynne/golf_course_project,no_dockerfile,False,0,0,0,,,0,0,0,0,0,False,,False,,False,,False,,False,,False,,no Dockerfile and no fallback entry point found
https://github.com/yangvnks/titanic-classification,no_dockerfile,False,0,0,0,,,0,0,0,0,0,False,,False,,False,,False,,False,,False,,no Dockerfile and no fallback entry point found
https://github.com/eyadgaran/SimpleML,ok,False,0,0,1,simpleml\cli\main.py,fallback_console_script,2,1,1,0,0,False,,False,,False,,False,,False,,False,,"unverified: missing stages: data_acquisition, data_preparation, modeling, training, evaluation, inference"
https://github.com/wangyizhou33/deep-learning-tutorials,no_dockerfile,False,0,0,0,,,0,0,0,0,0,False,,False,,False,,False,,False,,False,,no Dockerfile and no fallback entry point found
https://github.com/cairo-robotics/cairo-lfd,clone_failed,False,0,0,0,,,0,0,0,0,0,False,,False,,False,,False,,False,,False,,error: invalid path 'lfd_experiments/experiment_data/ipdrelax/pouring/****/####/labeled/labeled_demo_885387a5-b2fa-4bad-b49f-abe7d55ddf54.json'
https://github.com/MushroomRL/mushroom-rl,no_dockerfile,False,0,0,0,,,0,0,0,0,0,False,,False,,False,,False,,False,,False,,no Dockerfile and no fallback entry point found
https://github.com/JavascriptMick/deeplearning,no_dockerfile,False,0,0,0,,,0,0,0,0,0,False,,False,,False,,False,,False,,False,,no Dockerfile and no fallback entry point found
https://github.com/CellCognition/cecog,no_dockerfile,False,0,0,0,,,0,0,0,0,0,False,,False,,False,,False,,False,,False,,no Dockerfile and no fallback entry point found
https://github.com/frnsys/broca,no_dockerfile,False,0,0,0,,,0,0,0,0,0,False,,False,,False,,False,,False,,False,,no Dockerfile and no fallback entry point found
https://github.com/jibin-liu/deep-learning-foundation,no_dockerfile,False,0,0,0,,,0,0,0,0,0,False,,False,,False,,False,,False,,False,,no Dockerfile and no fallback entry point found
https://github.com/anfederico/clairvoyant,no_dockerfile,False,0,0,0,,,0,0,0,0,0,False,,False,,False,,False,,False,,False,,no Dockerfile and no fallback entry point found
https://github.com/wkopp/SpreedictorLDopaParkinson,no_dockerfile,False,0,0,0,,,0,0,0,0,0,False,,False,,False,,False,,False,,False,,no Dockerfile and no fallback entry point found
https://github.com/lensacom/sparkit-learn,no_dockerfile,False,0,0,0,,,0,0,0,0,0,False,,False,,False,,False,,False,,False,,no Dockerfile and no fallback entry point found
https://github.com/mirca/macaw,no_dockerfile,False,0,0,0,,,0,0,0,0,0,False,,False,,False,,False,,False,,False,,no Dockerfile and no fallback entry point found
https://github.com/hoxmark/Deep_reinforcement_active_learning,ok,False,2,0,1,reinforcement\main.py,fallback_nested,2,9,1,0,1,True,vse/vocab.py:56 json.load [matched json.load],True,vse/vocab.py:84 nltk.tokenize.word_tokenize [matched nltk.tokenize.word_tokenize],False,,False,,False,,False,,"unverified: missing stages: modeling, training, evaluation, inference"
https://github.com/BenjaminBossan/mink,no_dockerfile,False,0,0,0,,,0,0,0,0,0,False,,False,,False,,False,,False,,False,,no Dockerfile and no fallback entry point found
https://github.com/cangermueller/vbmfa,no_dockerfile,False,0,0,0,,,0,0,0,0,0,False,,False,,False,,False,,False,,False,,no Dockerfile and no fallback entry point found
https://github.com/marcuniq/bsc-thesis,no_dockerfile,False,0,0,0,,,0,0,0,0,0,False,,False,,False,,False,,False,,False,,no Dockerfile and no fallback entry point found
https://github.com/molguin92/KTH_MachineLearning,no_dockerfile,False,0,0,0,,,0,0,0,0,0,False,,False,,False,,False,,False,,False,,no Dockerfile and no fallback entry point found
https://github.com/hirofumi0810/tensorflow_end2end_speech_recognition,no_dockerfile,False,0,0,0,,,0,0,0,0,0,False,,False,,False,,False,,False,,False,,no Dockerfile and no fallback entry point found
https://github.com/maheshbabugorantla/DeepLearning_Practice,no_dockerfile,False,0,0,0,,,0,0,0,0,0,False,,False,,False,,False,,False,,False,,no Dockerfile and no fallback entry point found
https://github.com/joggerJake/deep-learning,no_dockerfile,False,0,0,0,,,0,0,0,0,0,False,,False,,False,,False,,False,,False,,no Dockerfile and no fallback entry point found
https://github.com/tobijjah/amber,no_dockerfile,False,0,0,0,,,0,0,0,0,0,False,,False,,False,,False,,False,,False,,no Dockerfile and no fallback entry point found
https://github.com/yupbank/tree_to_tensorflow,no_dockerfile,False,0,0,0,,,0,0,0,0,0,False,,False,,False,,False,,False,,False,,no Dockerfile and no fallback entry point found
https://github.com/enissay14/bci-course,no_dockerfile,False,0,0,0,,,0,0,0,0,0,False,,False,,False,,False,,False,,False,,no Dockerfile and no fallback entry point found
https://github.com/iViolinSolo/DeepLearning-GetStarted,no_dockerfile,False,0,0,0,,,0,0,0,0,0,False,,False,,False,,False,,False,,False,,no Dockerfile and no fallback entry point found
https://github.com/SultanMo/Deep-Learning-ND-Exercises,no_dockerfile,False,0,0,0,,,0,0,0,0,0,False,,False,,False,,False,,False,,False,,no Dockerfile and no fallback entry point found
https://github.com/gcmerz/rank-aggregation,no_dockerfile,False,0,0,0,,,0,0,0,0,0,False,,False,,False,,False,,False,,False,,no Dockerfile and no fallback entry point found
https://github.com/fridiculous/django-estimators,no_dockerfile,False,0,0,0,,,0,0,0,0,0,False,,False,,False,,False,,False,,False,,no Dockerfile and no fallback entry point found
https://github.com/dali-lab/RoomKitServer,no_dockerfile,False,0,0,0,,,0,0,0,0,0,False,,False,,False,,False,,False,,False,,no Dockerfile and no fallback entry point found
https://github.com/PythonWorkshop/intro-to-tensorflow,no_entry,False,0,1,0,,,0,0,0,0,0,False,,False,,False,,False,,False,,False,,Dockerfile(s) found but no Python entry point could be resolved
https://github.com/andreykurenkov/HybridVec,ok,False,1,0,1,scripts\train.py,fallback_nested,1,1,0,0,0,False,,False,,False,,True,scripts/train.py:124 optimizer.zero_grad [matched optimizer.zero_grad],False,,False,,"unverified: missing stages: data_acquisition, data_preparation, modeling, evaluation, inference"
https://github.com/furgerf/kaggle-projects,ok,False,2,0,1,titanic\run.py,fallback_nested,1,4,0,0,0,False,,False,,True,titanic/run.py:20 sklearn.ensemble.RandomForestClassifier [matched RandomForestClassifier],False,,True,titanic/run.py:31 titanic.cross_validate [matched cross_validate],False,,"unverified: missing stages: data_acquisition, data_preparation, training, inference"
https://github.com/Ravirajadrangi/New-User-Bookings,no_dockerfile,False,0,0,0,,,0,0,0,0,0,False,,False,,False,,False,,False,,False,,no Dockerfile and no fallback entry point found
https://github.com/linc-lion/linc-cv,ok,True,6,0,1,linc_cv\main.py,fallback_nested,12,54,3,0,0,True,linc_cv/modality_cv/train.py:113 np.load [matched np.load],True,linc_cv/modality_cv/train.py:44 sklearn.model_selection.train_test_split [matched train_test_split],True,linc_cv/modality_cv/train.py:64 nn.nn.AvgPool2d [matched nn.AvgPool2d],True,linc_cv/modality_cv/train.py:121 clf.fit [matched clf.fit],True,linc_cv/modality_cv/train.py:124 sklearn.metrics.classification_report [matched classification_report],True,linc_cv/modality_cv/train.py:67 model.eval [matched model.eval],verified: all 6 stages present
https://github.com/open-data-science/Introspect_hackathon,no_dockerfile,False,0,0,0,,,0,0,0,0,0,False,,False,,False,,False,,False,,False,,no Dockerfile and no fallback entry point found
https://github.com/darren-huang/SmartStartContinuous,no_dockerfile,False,0,0,0,,,0,0,0,0,0,False,,False,,False,,False,,False,,False,,no Dockerfile and no fallback entry point found
https://github.com/ml-libs/mlserve,ok,False,2,0,1,mlserve\__main__.py,fallback_nested,11,39,4,0,0,True,mlserve/utils.py:66 yaml.safe_load [matched yaml.safe_load],False,,False,,False,,False,,True,mlserve/worker.py:67 model.predict_proba [matched model.predict_proba],"unverified: missing stages: data_preparation, modeling, training, evaluation"
https://github.com/200502002/ml-class,no_dockerfile,False,0,0,0,,,0,0,0,0,0,False,,False,,False,,False,,False,,False,,no Dockerfile and no fallback entry point found
https://github.com/Totoketchup/Adaptive-MultiSpeaker-Separation,no_dockerfile,False,0,0,0,,,0,0,0,0,0,False,,False,,False,,False,,False,,False,,no Dockerfile and no fallback entry point found
https://github.com/VPanjeta/Deep-Learning-Models,no_dockerfile,False,0,0,0,,,0,0,0,0,0,False,,False,,False,,False,,False,,False,,no Dockerfile and no fallback entry point found
https://github.com/Anihilakos/RNN-LSTM-Network-Intrusion,no_dockerfile,False,0,0,0,,,0,0,0,0,0,False,,False,,False,,False,,False,,False,,no Dockerfile and no fallback entry point found
https://github.com/apuayush/sm_medikit,no_dockerfile,False,0,0,0,,,0,0,0,0,0,False,,False,,False,,False,,False,,False,,no Dockerfile and no fallback entry point found
https://github.com/ola-owo/bf-seizure-detection,ok,False,0,0,1,bf-seizure-detection\train.py,fallback_nested,1,1,0,0,0,False,,False,,False,,False,,False,,False,,"unverified: missing stages: data_acquisition, data_preparation, modeling, training, evaluation, inference"
https://github.com/Novacer/alpharithmic-trading,no_dockerfile,False,0,0,0,,,0,0,0,0,0,False,,False,,False,,False,,False,,False,,no Dockerfile and no fallback entry point found
https://github.com/Murphydbuffalo/smile-o-meter,no_dockerfile,False,0,0,0,,,0,0,0,0,0,False,,False,,False,,False,,False,,False,,no Dockerfile and no fallback entry point found
https://github.com/SoirhcaZ/nlp-tutorial-master,no_dockerfile,False,0,0,0,,,0,0,0,0,0,False,,False,,False,,False,,False,,False,,no Dockerfile and no fallback entry point found
https://github.com/GustGon/TCC,no_entry,False,0,2,0,,,0,0,0,0,0,False,,False,,False,,False,,False,,False,,Dockerfile(s) found but no Python entry point could be resolved
https://github.com/jingxi1975/Udacity_DeepLearning,no_dockerfile,False,0,0,0,,,0,0,0,0,0,False,,False,,False,,False,,False,,False,,no Dockerfile and no fallback entry point found
https://github.com/ps3stephen/Face,no_dockerfile,False,0,0,0,,,0,0,0,0,0,False,,False,,False,,False,,False,,False,,no Dockerfile and no fallback entry point found
https://github.com/gperakis/research-paper-category-classifier,no_dockerfile,False,0,0,0,,,0,0,0,0,0,False,,False,,False,,False,,False,,False,,no Dockerfile and no fallback entry point found
https://github.com/gmontamat/gentun,no_dockerfile,False,0,0,0,,,0,0,0,0,0,False,,False,,False,,False,,False,,False,,no Dockerfile and no fallback entry point found
https://github.com/TVlaic/Mozgalo,ok,False,0,0,1,scripts\train.py,fallback_nested,1,0,0,0,2,False,,False,,False,,False,,False,,False,,"unverified: missing stages: data_acquisition, data_preparation, modeling, training, evaluation, inference"
https://github.com/sumanthd17/Face-Recognition,no_dockerfile,False,0,0,0,,,0,0,0,0,0,False,,False,,False,,False,,False,,False,,no Dockerfile and no fallback entry point found
https://github.com/youfengx/deep-learning,no_dockerfile,False,0,0,0,,,0,0,0,0,0,False,,False,,False,,False,,False,,False,,no Dockerfile and no fallback entry point found
https://github.com/gafung/CIML,no_dockerfile,False,0,0,0,,,0,0,0,0,0,False,,False,,False,,False,,False,,False,,no Dockerfile and no fallback entry point found
https://github.com/bharnats/Mortgage_Masters,no_dockerfile,False,0,0,0,,,0,0,0,0,0,False,,False,,False,,False,,False,,False,,no Dockerfile and no fallback entry point found
https://github.com/SuyashLakhotia/RottenTomatoesCNN,no_dockerfile,False,0,0,0,,,0,0,0,0,0,False,,False,,False,,False,,False,,False,,no Dockerfile and no fallback entry point found
https://github.com/eoglethorpe/DEEPL,no_entry,False,0,1,0,,,0,0,0,0,0,False,,False,,False,,False,,False,,False,,Dockerfile(s) found but no Python entry point could be resolved
https://github.com/zenio/ipredictor,no_dockerfile,False,0,0,0,,,0,0,0,0,0,False,,False,,False,,False,,False,,False,,no Dockerfile and no fallback entry point found
https://github.com/samarthbhargav/unsupervised-language-learning,no_dockerfile,False,0,0,0,,,0,0,0,0,0,False,,False,,False,,False,,False,,False,,no Dockerfile and no fallback entry point found
https://github.com/kozistr/Awesome-GANs,no_dockerfile,False,0,0,0,,,0,0,0,0,0,False,,False,,False,,False,,False,,False,,no Dockerfile and no fallback entry point found
https://github.com/DIRECT-Energy-Storage/ELA,no_dockerfile,False,0,0,0,,,0,0,0,0,0,False,,False,,False,,False,,False,,False,,no Dockerfile and no fallback entry point found
https://github.com/Serafim-End/bearAI,no_dockerfile,False,0,0,0,,,0,0,0,0,0,False,,False,,False,,False,,False,,False,,no Dockerfile and no fallback entry point found
https://github.com/tmills/uda,no_dockerfile,False,0,0,0,,,0,0,0,0,0,False,,False,,False,,False,,False,,False,,no Dockerfile and no fallback entry point found
https://github.com/titipata/science_concierge,no_dockerfile,False,0,0,0,,,0,0,0,0,0,False,,False,,False,,False,,False,,False,,no Dockerfile and no fallback entry point found
https://github.com/tydpan/EASE-Project,no_dockerfile,False,0,0,0,,,0,0,0,0,0,False,,False,,False,,False,,False,,False,,no Dockerfile and no fallback entry point found
https://github.com/MiguelRodRic/Gestor-de-Hemeroteca,no_dockerfile,False,0,0,0,,,0,0,0,0,0,False,,False,,False,,False,,False,,False,,no Dockerfile and no fallback entry point found
https://github.com/cosanlab/nltools,no_dockerfile,False,0,0,0,,,0,0,0,0,0,False,,False,,False,,False,,False,,False,,no Dockerfile and no fallback entry point found
https://github.com/cahya-wirawan/phase-classification,no_dockerfile,False,0,0,0,,,0,0,0,0,0,False,,False,,False,,False,,False,,False,,no Dockerfile and no fallback entry point found
https://github.com/titipata/paper-reviewer-matcher,no_dockerfile,False,0,0,0,,,0,0,0,0,0,False,,False,,False,,False,,False,,False,,no Dockerfile and no fallback entry point found
https://github.com/ajm/pulp,no_dockerfile,False,0,0,0,,,0,0,0,0,0,False,,False,,False,,False,,False,,False,,no Dockerfile and no fallback entry point found
https://github.com/diorge-zz/CDenStream,no_dockerfile,False,0,0,0,,,0,0,0,0,0,False,,False,,False,,False,,False,,False,,no Dockerfile and no fallback entry point found
https://github.com/colladou/hbb_generator,no_dockerfile,False,0,0,0,,,0,0,0,0,0,False,,False,,False,,False,,False,,False,,no Dockerfile and no fallback entry point found
https://github.com/pyoceans/ioos_tools,no_dockerfile,False,0,0,0,,,0,0,0,0,0,False,,False,,False,,False,,False,,False,,no Dockerfile and no fallback entry point found
https://github.com/luungoc2005/stocksman_react,no_dockerfile,False,0,0,0,,,0,0,0,0,0,False,,False,,False,,False,,False,,False,,no Dockerfile and no fallback entry point found
https://github.com/sdpython/lightmlboard,no_dockerfile,False,0,0,0,,,0,0,0,0,0,False,,False,,False,,False,,False,,False,,no Dockerfile and no fallback entry point found
https://github.com/lace/blmath,no_dockerfile,False,0,0,0,,,0,0,0,0,0,False,,False,,False,,False,,False,,False,,no Dockerfile and no fallback entry point found
https://github.com/Arun-Singh-Chauhan-09/Chatbot_Retrival,no_dockerfile,False,0,0,0,,,0,0,0,0,0,False,,False,,False,,False,,False,,False,,no Dockerfile and no fallback entry point found
https://github.com/semitable/ev-advise,no_dockerfile,False,0,0,0,,,0,0,0,0,0,False,,False,,False,,False,,False,,False,,no Dockerfile and no fallback entry point found
https://github.com/rajikaimal/emma,no_dockerfile,False,0,0,0,,,0,0,0,0,0,False,,False,,False,,False,,False,,False,,no Dockerfile and no fallback entry point found
https://github.com/imatge-upc/detection-2016-nipsws,no_dockerfile,False,0,0,0,,,0,0,0,0,0,False,,False,,False,,False,,False,,False,,no Dockerfile and no fallback entry point found
https://github.com/darkreactions/DRP,no_dockerfile,False,0,0,0,,,0,0,0,0,0,False,,False,,False,,False,,False,,False,,no Dockerfile and no fallback entry point found
https://github.com/thunder-project/thunder-extraction,no_dockerfile,False,0,0,0,,,0,0,0,0,0,False,,False,,False,,False,,False,,False,,no Dockerfile and no fallback entry point found
https://github.com/laike9m/Graduate,ok,False,4,0,1,infer\train.py,fallback_nested,1,5,0,0,0,True,infer/train.py:17 pymongo.MongoClient [matched pymongo.MongoClient],False,,True,infer/train.py:89 sklearn.svm.SVC [matched SVC],True,infer/train.py:174 sklearn.grid_search.GridSearchCV [matched GridSearchCV],True,infer/train.py:95 sklearn.cross_validation.cross_val_score [matched cross_val_score],False,,"unverified: missing stages: data_preparation, inference"
https://github.com/RyanMcG/authorate,ok,False,2,0,1,authorate\__main__.py,fallback_nested,4,49,2,0,0,True,authorate/__init__.py:227 sqlalchemy.create_engine [matched sqlalchemy.create_engine],False,,True,authorate/model.py:0 class Path [matched <class subclasses model base>],False,,False,,False,,"unverified: missing stages: data_preparation, training, evaluation, inference"
https://github.com/tgsmith61591/skoot,no_dockerfile,False,0,0,0,,,0,0,0,0,0,False,,False,,False,,False,,False,,False,,no Dockerfile and no fallback entry point found
https://github.com/alexarnimueller/LSTM_peptides,no_dockerfile,False,0,0,0,,,0,0,0,0,0,False,,False,,False,,False,,False,,False,,no Dockerfile and no fallback entry point found
https://github.com/stevengriffin/cohere_proj,no_dockerfile,False,0,0,0,,,0,0,0,0,0,False,,False,,False,,False,,False,,False,,no Dockerfile and no fallback entry point found
https://github.com/yankang18/deep-learning-study,no_dockerfile,False,0,0,0,,,0,0,0,0,0,False,,False,,False,,False,,False,,False,,no Dockerfile and no fallback entry point found
https://github.com/tttthomasssss/wort,no_dockerfile,False,0,0,0,,,0,0,0,0,0,False,,False,,False,,False,,False,,False,,no Dockerfile and no fallback entry point found
https://github.com/Hidysabc/iceburger,ok,False,3,2,1,iceburger\train.py,fallback_nested,6,35,1,0,0,True,iceburger/io.py:189 pd.read_json [matched pd.read_json],False,,True,iceburger/conv.py:49 keras.layers.Input [matched keras.layers.*],True,iceburger/train.py:204 model.fit_generator [matched model.fit_generator],False,,False,,"unverified: missing stages: data_preparation, evaluation, inference"
https://github.com/charanpald/sandbox,no_dockerfile,False,0,0,0,,,0,0,0,0,0,False,,False,,False,,False,,False,,False,,no Dockerfile and no fallback entry point found
https://github.com/SEL-Columbia/infrastructure-planning,no_dockerfile,False,0,0,0,,,0,0,0,0,0,False,,False,,False,,False,,False,,False,,no Dockerfile and no fallback entry point found
https://github.com/hero9968/scikit-neuralnetwork,no_dockerfile,False,0,0,0,,,0,0,0,0,0,False,,False,,False,,False,,False,,False,,no Dockerfile and no fallback entry point found
https://github.com/Le-Bot/cerebro,no_dockerfile,False,0,0,0,,,0,0,0,0,0,False,,False,,False,,False,,False,,False,,no Dockerfile and no fallback entry point found
https://github.com/gmum/pykernels,no_dockerfile,False,0,0,0,,,0,0,0,0,0,False,,False,,False,,False,,False,,False,,no Dockerfile and no fallback entry point found
https://github.com/keiserlab/e3fp-paper,no_dockerfile,False,0,0,0,,,0,0,0,0,0,False,,False,,False,,False,,False,,False,,no Dockerfile and no fallback entry point found
https://github.com/ibayer/fastFM,no_dockerfile,False,0,0,0,,,0,0,0,0,0,False,,False,,False,,False,,False,,False,,no Dockerfile and no fallback entry point found
https://github.com/cjekel/tindetheus,no_entry,False,0,1,0,,,0,0,0,0,0,False,,False,,False,,False,,False,,False,,Dockerfile(s) found but no Python entry point could be resolved
https://github.com/ListerLab/HOME,no_dockerfile,False,0,0,0,,,0,0,0,0,0,False,,False,,False,,False,,False,,False,,no Dockerfile and no fallback entry point found
https://github.com/OpenWIM/pywim,no_dockerfile,False,0,0,0,,,0,0,0,0,0,False,,False,,False,,False,,False,,False,,no Dockerfile and no fallback entry point found
https://github.com/EKami/Torchlite,no_dockerfile,False,0,0,0,,,0,0,0,0,0,False,,False,,False,,False,,False,,False,,no Dockerfile and no fallback entry point found
https://github.com/sakitox/BVanalytics,no_dockerfile,False,0,0,0,,,0,0,0,0,0,False,,False,,False,,False,,False,,False,,no Dockerfile and no fallback entry point found
https://github.com/ronakjhanwar/ML_full_course,no_entry,False,0,2,0,,,0,0,0,0,0,False,,False,,False,,False,,False,,False,,Dockerfile(s) found but no Python entry point could be resolved
https://github.com/rodrigobaron/quick-deploy,no_entry,False,0,2,0,,,0,0,0,0,0,False,,False,,False,,False,,False,,False,,Dockerfile(s) found but no Python entry point could be resolved
https://github.com/Abith619/LearnTensorFlow,no_dockerfile,False,0,0,0,,,0,0,0,0,0,False,,False,,False,,False,,False,,False,,no Dockerfile and no fallback entry point found
https://github.com/sebasman15/gmv_docker_test,no_dockerfile,False,0,0,0,,,0,0,0,0,0,False,,False,,False,,False,,False,,False,,no Dockerfile and no fallback entry point found
https://github.com/LinJ123/HKMask,no_dockerfile,False,0,0,0,,,0,0,0,0,0,False,,False,,False,,False,,False,,False,,no Dockerfile and no fallback entry point found
https://github.com/nadiabrachemi96/MaskRcnn,no_dockerfile,False,0,0,0,,,0,0,0,0,0,False,,False,,False,,False,,False,,False,,no Dockerfile and no fallback entry point found
https://github.com/shishank2311/Handwritten-Digit-And-Character-Recognition,no_dockerfile,False,0,0,0,,,0,0,0,0,0,False,,False,,False,,False,,False,,False,,no Dockerfile and no fallback entry point found
https://github.com/r-ybarra/climate_change_gp,no_dockerfile,False,0,0,0,,,0,0,0,0,0,False,,False,,False,,False,,False,,False,,no Dockerfile and no fallback entry point found
https://github.com/LBJ-Wade/flowpm,no_dockerfile,False,0,0,0,,,0,0,0,0,0,False,,False,,False,,False,,False,,False,,no Dockerfile and no fallback entry point found
https://github.com/ElsayedMustafaM/Machine-Deep-Learning,no_dockerfile,False,0,0,0,,,0,0,0,0,0,False,,False,,False,,False,,False,,False,,no Dockerfile and no fallback entry point found
https://github.com/FGbitsandbytes/bitsandbytes,no_entry,False,0,6,0,,,0,0,0,0,0,False,,False,,False,,False,,False,,False,,Dockerfile(s) found but no Python entry point could be resolved
https://github.com/briankbng/roaddefect,no_entry,False,0,6,0,,,0,0,0,0,0,False,,False,,False,,False,,False,,False,,Dockerfile(s) found but no Python entry point could be resolved
https://github.com/AkshaymShende/Mask_RCNN_Matterport,no_dockerfile,False,0,0,0,,,0,0,0,0,0,False,,False,,False,,False,,False,,False,,no Dockerfile and no fallback entry point found
https://github.com/Adhithan007/Higgs-boson-machine-learning-Challenge,no_dockerfile,False,0,0,0,,,0,0,0,0,0,False,,False,,False,,False,,False,,False,,no Dockerfile and no fallback entry point found
https://github.com/youmebangbang/deepvoice-model-utilities,no_dockerfile,False,0,0,0,,,0,0,0,0,0,False,,False,,False,,False,,False,,False,,no Dockerfile and no fallback entry point found
https://github.com/LynneSalvs/TrainYourOwnYolo,no_dockerfile,False,0,0,0,,,0,0,0,0,0,False,,False,,False,,False,,False,,False,,no Dockerfile and no fallback entry point found
https://github.com/ZoeyZZYcode/try,no_dockerfile,False,0,0,0,,,0,0,0,0,0,False,,False,,False,,False,,False,,False,,no Dockerfile and no fallback entry point found
https://github.com/yifancui/bert-package,no_dockerfile,False,0,0,0,,,0,0,0,0,0,False,,False,,False,,False,,False,,False,,no Dockerfile and no fallback entry point found
https://github.com/rayaburong/mit-news-classify,no_dockerfile,False,0,0,0,,,0,0,0,0,0,False,,False,,False,,False,,False,,False,,no Dockerfile and no fallback entry point found
https://github.com/mlcommons/mlcube_examples,no_entry,False,0,8,0,,,0,0,0,0,0,False,,False,,False,,False,,False,,False,,Dockerfile(s) found but no Python entry point could be resolved
https://github.com/e-remington-lee/record_video,no_dockerfile,False,0,0,0,,,0,0,0,0,0,False,,False,,False,,False,,False,,False,,no Dockerfile and no fallback entry point found
https://github.com/siddharth-maddali/Phaser,no_dockerfile,False,0,0,0,,,0,0,0,0,0,False,,False,,False,,False,,False,,False,,no Dockerfile and no fallback entry point found
https://github.com/tirtharajghosh/TableDetection,no_entry,False,0,4,0,,,0,0,0,0,0,False,,False,,False,,False,,False,,False,,Dockerfile(s) found but no Python entry point could be resolved
https://github.com/arn4/connect4,no_dockerfile,False,0,0,0,,,0,0,0,0,0,False,,False,,False,,False,,False,,False,,no Dockerfile and no fallback entry point found
https://github.com/debjani-bhowmick/p1-drl-navigation,no_dockerfile,False,0,0,0,,,0,0,0,0,0,False,,False,,False,,False,,False,,False,,no Dockerfile and no fallback entry point found
https://github.com/hongrachel/rvr,no_dockerfile,False,0,0,0,,,0,0,0,0,0,False,,False,,False,,False,,False,,False,,no Dockerfile and no fallback entry point found
https://github.com/labmlai/labml,no_dockerfile,False,0,0,0,,,0,0,0,0,0,False,,False,,False,,False,,False,,False,,no Dockerfile and no fallback entry point found
https://github.com/twixupmysleeve/Posture,no_dockerfile,False,0,0,0,,,0,0,0,0,0,False,,False,,False,,False,,False,,False,,no Dockerfile and no fallback entry point found
https://github.com/cwfparsonson/trafpy,no_dockerfile,False,0,0,0,,,0,0,0,0,0,False,,False,,False,,False,,False,,False,,no Dockerfile and no fallback entry point found
https://github.com/brianbob12/FlowerRecognition,no_dockerfile,False,0,0,0,,,0,0,0,0,0,False,,False,,False,,False,,False,,False,,no Dockerfile and no fallback entry point found
https://github.com/stnava/ANTsPyT1w,no_entry,False,0,1,0,,,0,0,0,0,0,False,,False,,False,,False,,False,,False,,Dockerfile(s) found but no Python entry point could be resolved
https://github.com/KrishArul26/Live-Face-Mask-Detection-Using-Faster_rcnn,no_dockerfile,False,0,0,0,,,0,0,0,0,0,False,,False,,False,,False,,False,,False,,no Dockerfile and no fallback entry point found
https://github.com/Hanifan12/Food-Calories,no_dockerfile,False,0,0,0,,,0,0,0,0,0,False,,False,,False,,False,,False,,False,,no Dockerfile and no fallback entry point found
https://github.com/callmeGoldenboy/Deep-Learning-Project,no_dockerfile,False,0,0,0,,,0,0,0,0,0,False,,False,,False,,False,,False,,False,,no Dockerfile and no fallback entry point found
https://github.com/TDILSHAN/TheAlgorithms-Python,no_dockerfile,False,0,0,0,,,0,0,0,0,0,False,,False,,False,,False,,False,,False,,no Dockerfile and no fallback entry point found
https://github.com/bmspr1502/covid19cnn,no_dockerfile,False,0,0,0,,,0,0,0,0,0,False,,False,,False,,False,,False,,False,,no Dockerfile and no fallback entry point found
https://github.com/goodgodgd/detlec,no_dockerfile,False,0,0,0,,,0,0,0,0,0,False,,False,,False,,False,,False,,False,,no Dockerfile and no fallback entry point found
https://github.com/IsmaelMekene/meteor-realtime-object-tracking,no_dockerfile,False,0,0,0,,,0,0,0,0,0,False,,False,,False,,False,,False,,False,,no Dockerfile and no fallback entry point found
https://github.com/mkwarman/Active-Passive-Attention-3DCNN-Classification,no_dockerfile,False,0,0,0,,,0,0,0,0,0,False,,False,,False,,False,,False,,False,,no Dockerfile and no fallback entry point found
https://github.com/mdhsieh/cmpe-258-deep-learning,no_dockerfile,False,0,0,0,,,0,0,0,0,0,False,,False,,False,,False,,False,,False,,no Dockerfile and no fallback entry point found
https://github.com/museum4punkt0/Ping-Backend,no_entry,False,0,8,0,,,0,0,0,0,0,False,,False,,False,,False,,False,,False,,Dockerfile(s) found but no Python entry point could be resolved
https://github.com/JDiChiacchio/Spoticry,no_dockerfile,False,0,0,0,,,0,0,0,0,0,False,,False,,False,,False,,False,,False,,no Dockerfile and no fallback entry point found
https://github.com/MighTy-Weaver/COVID19-NER,no_dockerfile,False,0,0,0,,,0,0,0,0,0,False,,False,,False,,False,,False,,False,,no Dockerfile and no fallback entry point found
https://github.com/MichalCervenansky/Automatic-Image-Annotation-for-Microstock-Sites,no_dockerfile,False,0,0,0,,,0,0,0,0,0,False,,False,,False,,False,,False,,False,,no Dockerfile and no fallback entry point found
https://github.com/ivankapivanka/Deep_learning_cuni,no_dockerfile,False,0,0,0,,,0,0,0,0,0,False,,False,,False,,False,,False,,False,,no Dockerfile and no fallback entry point found
https://github.com/congchan/nnnlp,no_dockerfile,False,0,0,0,,,0,0,0,0,0,False,,False,,False,,False,,False,,False,,no Dockerfile and no fallback entry point found
https://github.com/jnalbert/Chroma,no_dockerfile,False,0,0,0,,,0,0,0,0,0,False,,False,,False,,False,,False,,False,,no Dockerfile and no fallback entry point found
https://github.com/joewilaj/nbaGNNs,no_dockerfile,False,0,0,0,,,0,0,0,0,0,False,,False,,False,,False,,False,,False,,no Dockerfile and no fallback entry point found
https://github.com/datawhalechina/team-learning-data-mining,no_dockerfile,False,0,0,0,,,0,0,0,0,0,False,,False,,False,,False,,False,,False,,no Dockerfile and no fallback entry point found
https://github.com/kkaruna9/stanford-tensorflow-tutorials,no_dockerfile,False,0,0,0,,,0,0,0,0,0,False,,False,,False,,False,,False,,False,,no Dockerfile and no fallback entry point found
https://github.com/MikhaelMIEM/WebRTC-Streaming-Server,no_entry,False,0,2,0,,,0,0,0,0,0,False,,False,,False,,False,,False,,False,,Dockerfile(s) found but no Python entry point could be resolved
https://github.com/yiren-liu/retailer-search,no_dockerfile,False,0,0,0,,,0,0,0,0,0,False,,False,,False,,False,,False,,False,,no Dockerfile and no fallback entry point found
https://github.com/hayashikun/mygan,no_entry,False,0,1,0,,,0,0,0,0,0,False,,False,,False,,False,,False,,False,,Dockerfile(s) found but no Python entry point could be resolved
https://github.com/imnitishng/muse,no_dockerfile,False,0,0,0,,,0,0,0,0,0,False,,False,,False,,False,,False,,False,,no Dockerfile and no fallback entry point found
https://github.com/broadinstitute/rl_reasoner,no_entry,False,0,2,2,,dockerfile,0,0,0,0,0,False,,False,,False,,False,,False,,False,,no resolved entry point yielded a usable call graph
https://github.com/emylincon/video_analysis,no_dockerfile,False,0,0,0,,,0,0,0,0,0,False,,False,,False,,False,,False,,False,,no Dockerfile and no fallback entry point found
https://github.com/LG-UofT-project/WIP-safe-transfer-RL,no_dockerfile,False,0,0,0,,,0,0,0,0,0,False,,False,,False,,False,,False,,False,,no Dockerfile and no fallback entry point found
https://github.com/Cathyttt/ucas-text-summarization,no_dockerfile,False,0,0,0,,,0,0,0,0,0,False,,False,,False,,False,,False,,False,,no Dockerfile and no fallback entry point found
https://github.com/qurator-spk/eynollah,no_entry,False,0,2,0,,,0,0,0,0,0,False,,False,,False,,False,,False,,False,,Dockerfile(s) found but no Python entry point could be resolved
https://github.com/IBM/automation-of-image-data-preprocessing,no_dockerfile,False,0,0,0,,,0,0,0,0,0,False,,False,,False,,False,,False,,False,,no Dockerfile and no fallback entry point found
https://github.com/skoltech-nlp/diachronic-wordnets,no_dockerfile,False,0,0,0,,,0,0,0,0,0,False,,False,,False,,False,,False,,False,,no Dockerfile and no fallback entry point found
https://github.com/Ascend/tools,no_dockerfile,False,0,0,0,,,0,0,0,0,0,False,,False,,False,,False,,False,,False,,no Dockerfile and no fallback entry point found
https://github.com/eddyod/ActiveBrainAtlasAdmin,no_dockerfile,False,0,0,0,,,0,0,0,0,0,False,,False,,False,,False,,False,,False,,no Dockerfile and no fallback entry point found
https://github.com/JackDemeter/QueensRoboMaster,no_dockerfile,False,0,0,0,,,0,0,0,0,0,False,,False,,False,,False,,False,,False,,no Dockerfile and no fallback entry point found
https://github.com/juntang-zhuang/Adabelief-Optimizer,no_dockerfile,False,0,0,0,,,0,0,0,0,0,False,,False,,False,,False,,False,,False,,no Dockerfile and no fallback entry point found
https://github.com/skidambi3/sdc,no_entry,False,0,6,0,,,0,0,0,0,0,False,,False,,False,,False,,False,,False,,Dockerfile(s) found but no Python entry point could be resolved
https://github.com/Denbergvanthijs/imbDRL,no_dockerfile,False,0,0,0,,,0,0,0,0,0,False,,False,,False,,False,,False,,False,,no Dockerfile and no fallback entry point found
https://github.com/roman-aguilera/sgillen_research,no_dockerfile,False,0,0,0,,,0,0,0,0,0,False,,False,,False,,False,,False,,False,,no Dockerfile and no fallback entry point found
https://github.com/vgkortsas/Online_courses,no_dockerfile,False,0,0,0,,,0,0,0,0,0,False,,False,,False,,False,,False,,False,,no Dockerfile and no fallback entry point found
https://github.com/chail/InterpretableBayesianUncertainty,no_dockerfile,False,0,0,0,,,0,0,0,0,0,False,,False,,False,,False,,False,,False,,no Dockerfile and no fallback entry point found
https://github.com/maltaweel/ImageComparison,no_dockerfile,False,0,0,0,,,0,0,0,0,0,False,,False,,False,,False,,False,,False,,no Dockerfile and no fallback entry point found
https://github.com/roeiherz/RelationMaskRCNN,no_dockerfile,False,0,0,0,,,0,0,0,0,0,False,,False,,False,,False,,False,,False,,no Dockerfile and no fallback entry point found
https://github.com/robbycostales/live-trojans,no_dockerfile,False,0,0,0,,,0,0,0,0,0,False,,False,,False,,False,,False,,False,,no Dockerfile and no fallback entry point found
https://github.com/ayushdabra/stanford-dogs-dataset-classification,no_dockerfile,False,0,0,0,,,0,0,0,0,0,False,,False,,False,,False,,False,,False,,no Dockerfile and no fallback entry point found
https://github.com/vivaan-park/gomoku,no_dockerfile,False,0,0,0,,,0,0,0,0,0,False,,False,,False,,False,,False,,False,,no Dockerfile and no fallback entry point found
https://github.com/steven-mi/tfx-gpt2,no_dockerfile,False,0,0,0,,,0,0,0,0,0,False,,False,,False,,False,,False,,False,,no Dockerfile and no fallback entry point found
https://github.com/aisandovalm/aerialnet,no_dockerfile,False,0,0,0,,,0,0,0,0,0,False,,False,,False,,False,,False,,False,,no Dockerfile and no fallback entry point found
https://github.com/ntakouris/fluent-tfx,no_dockerfile,False,0,0,0,,,0,0,0,0,0,False,,False,,False,,False,,False,,False,,no Dockerfile and no fallback entry point found
https://github.com/kaylani2/machineLearning,no_dockerfile,False,0,0,0,,,0,0,0,0,0,False,,False,,False,,False,,False,,False,,no Dockerfile and no fallback entry point found
https://github.com/dhsong95/kaggle-kkbox-music-recommendation-challenge,no_dockerfile,False,0,0,0,,,0,0,0,0,0,False,,False,,False,,False,,False,,False,,no Dockerfile and no fallback entry point found
https://github.com/keie/API_PYTHON,no_dockerfile,False,0,0,0,,,0,0,0,0,0,False,,False,,False,,False,,False,,False,,no Dockerfile and no fallback entry point found
https://github.com/valentinchelle/kerasOnSpark,no_dockerfile,False,0,0,0,,,0,0,0,0,0,False,,False,,False,,False,,False,,False,,no Dockerfile and no fallback entry point found
https://github.com/masoudhassani/river_raid,no_dockerfile,False,0,0,0,,,0,0,0,0,0,False,,False,,False,,False,,False,,False,,no Dockerfile and no fallback entry point found
https://github.com/wcwatson/origami,no_dockerfile,False,0,0,0,,,0,0,0,0,0,False,,False,,False,,False,,False,,False,,no Dockerfile and no fallback entry point found
https://github.com/aimakerspace/goldenretriever,no_entry,False,0,3,0,,,0,0,0,0,0,False,,False,,False,,False,,False,,False,,Dockerfile(s) found but no Python entry point could be resolved
https://github.com/markus-flicke/face_recognition,no_dockerfile,False,0,0,0,,,0,0,0,0,0,False,,False,,False,,False,,False,,False,,no Dockerfile and no fallback entry point found
https://github.com/ddvika/SEM_segmentation,no_dockerfile,False,0,0,0,,,0,0,0,0,0,False,,False,,False,,False,,False,,False,,no Dockerfile and no fallback entry point found
https://github.com/HuangLongji/DCRNN_pyTorch,no_dockerfile,False,0,0,0,,,0,0,0,0,0,False,,False,,False,,False,,False,,False,,no Dockerfile and no fallback entry point found
https://github.com/Strong-AI-Lab/emotion,no_dockerfile,False,0,0,0,,,0,0,0,0,0,False,,False,,False,,False,,False,,False,,no Dockerfile and no fallback entry point found
https://github.com/Esbella1314/BloodRBC-Detection,no_dockerfile,False,0,0,0,,,0,0,0,0,0,False,,False,,False,,False,,False,,False,,no Dockerfile and no fallback entry point found
https://github.com/lattice-ai/DeepLabV3-Plus,no_dockerfile,False,0,0,0,,,0,0,0,0,0,False,,False,,False,,False,,False,,False,,no Dockerfile and no fallback entry point found
https://github.com/lobe/lobe-python,no_dockerfile,False,0,0,0,,,0,0,0,0,0,False,,False,,False,,False,,False,,False,,no Dockerfile and no fallback entry point found
https://github.com/SuperBruceJia/EEG-DL,no_dockerfile,False,0,0,0,,,0,0,0,0,0,False,,False,,False,,False,,False,,False,,no Dockerfile and no fallback entry point found
https://github.com/jiwidi/time-series-forecasting-with-python,no_dockerfile,False,0,0,0,,,0,0,0,0,0,False,,False,,False,,False,,False,,False,,no Dockerfile and no fallback entry point found
https://github.com/danielmserna/-B-W-DanielS_ObjectDetection_Repository,no_dockerfile,False,0,0,0,,,0,0,0,0,0,False,,False,,False,,False,,False,,False,,no Dockerfile and no fallback entry point found
https://github.com/tonymazn/Object-Detection,no_dockerfile,False,0,0,0,,,0,0,0,0,0,False,,False,,False,,False,,False,,False,,no Dockerfile and no fallback entry point found
https://github.com/lkmklsmn/insct,no_dockerfile,False,0,0,0,,,0,0,0,0,0,False,,False,,False,,False,,False,,False,,no Dockerfile and no fallback entry point found
https://github.com/INVESTAR/StockAnalysisInPython,no_dockerfile,False,0,0,0,,,0,0,0,0,0,False,,False,,False,,False,,False,,False,,no Dockerfile and no fallback entry point found
https://github.com/brettob716/Usiigaci,no_dockerfile,False,0,0,0,,,0,0,0,0,0,False,,False,,False,,False,,False,,False,,no Dockerfile and no fallback entry point found
https://github.com/hangulu/dvm,no_dockerfile,False,0,0,0,,,0,0,0,0,0,False,,False,,False,,False,,False,,False,,no Dockerfile and no fallback entry point found
https://github.com/hubbs5/or-gym,no_dockerfile,False,0,0,0,,,0,0,0,0,0,False,,False,,False,,False,,False,,False,,no Dockerfile and no fallback entry point found
https://github.com/tab10/Med3DResNet,no_dockerfile,False,0,0,0,,,0,0,0,0,0,False,,False,,False,,False,,False,,False,,no Dockerfile and no fallback entry point found
https://github.com/rychoo2/facetrack-bench,no_dockerfile,False,0,0,0,,,0,0,0,0,0,False,,False,,False,,False,,False,,False,,no Dockerfile and no fallback entry point found
https://github.com/tonirodriguez/HSE-intro-to-dl,no_entry,False,0,1,0,,,0,0,0,0,0,False,,False,,False,,False,,False,,False,,Dockerfile(s) found but no Python entry point could be resolved
https://github.com/theBraindonor/DSC672,no_dockerfile,False,0,0,0,,,0,0,0,0,0,False,,False,,False,,False,,False,,False,,no Dockerfile and no fallback entry point found
https://github.com/Virtusa-vLife/Use-Cases,no_dockerfile,False,0,0,0,,,0,0,0,0,0,False,,False,,False,,False,,False,,False,,no Dockerfile and no fallback entry point found
https://github.com/Hadjubuntu/baby_env,no_dockerfile,False,0,0,0,,,0,0,0,0,0,False,,False,,False,,False,,False,,False,,no Dockerfile and no fallback entry point found
https://github.com/knielbo/kartina,no_dockerfile,False,0,0,0,,,0,0,0,0,0,False,,False,,False,,False,,False,,False,,no Dockerfile and no fallback entry point found
https://github.com/elyall/ScalingTL,no_entry,False,0,1,0,,,0,0,0,0,0,False,,False,,False,,False,,False,,False,,Dockerfile(s) found but no Python entry point could be resolved
https://github.com/zebatus/sxvrs,no_dockerfile,False,0,0,0,,,0,0,0,0,0,False,,False,,False,,False,,False,,False,,no Dockerfile and no fallback entry point found
https://github.com/jordi2224/DQNavigator,no_dockerfile,False,0,0,0,,,0,0,0,0,0,False,,False,,False,,False,,False,,False,,no Dockerfile and no fallback entry point found
https://github.com/smita6-ai/object-detection-tensorflow,no_dockerfile,False,0,0,0,,,0,0,0,0,0,False,,False,,False,,False,,False,,False,,no Dockerfile and no fallback entry point found
https://github.com/FookieMonster/news-classification-bert,no_dockerfile,False,0,0,0,,,0,0,0,0,0,False,,False,,False,,False,,False,,False,,no Dockerfile and no fallback entry point found
https://github.com/knagadevara/PythonScripts,no_entry,False,0,8,0,,,0,0,0,0,0,False,,False,,False,,False,,False,,False,,Dockerfile(s) found but no Python entry point could be resolved
https://github.com/FLming/CRNN.tf2,no_entry,False,0,1,0,,,0,0,0,0,0,False,,False,,False,,False,,False,,False,,Dockerfile(s) found but no Python entry point could be resolved
https://github.com/cudaczek/emorobot-django,no_dockerfile,False,0,0,0,,,0,0,0,0,0,False,,False,,False,,False,,False,,False,,no Dockerfile and no fallback entry point found
https://github.com/KIC/pandas_ml_utils,no_dockerfile,False,0,0,0,,,0,0,0,0,0,False,,False,,False,,False,,False,,False,,no Dockerfile and no fallback entry point found
https://github.com/Anduron/FYS-STK4155,no_dockerfile,False,0,0,0,,,0,0,0,0,0,False,,False,,False,,False,,False,,False,,no Dockerfile and no fallback entry point found
https://github.com/Chinawat475/make,no_dockerfile,False,0,0,0,,,0,0,0,0,0,False,,False,,False,,False,,False,,False,,no Dockerfile and no fallback entry point found
https://github.com/bsridatta/Rethinking-Binarized-Neural-Network-Optimization,no_dockerfile,False,0,0,0,,,0,0,0,0,0,False,,False,,False,,False,,False,,False,,no Dockerfile and no fallback entry point found
https://github.com/dochixson/handson-ml2,no_entry,False,0,2,0,,,0,0,0,0,0,False,,False,,False,,False,,False,,False,,Dockerfile(s) found but no Python entry point could be resolved
https://github.com/Phoutsakhone/Lao-License-recognition,no_dockerfile,False,0,0,0,,,0,0,0,0,0,False,,False,,False,,False,,False,,False,,no Dockerfile and no fallback entry point found
https://github.com/eduribeirocampos/CarND_Capstone,no_entry,False,0,1,0,,,0,0,0,0,0,False,,False,,False,,False,,False,,False,,Dockerfile(s) found but no Python entry point could be resolved
https://github.com/daviddexter/wrangle-mirror,no_dockerfile,False,0,0,0,,,0,0,0,0,0,False,,False,,False,,False,,False,,False,,no Dockerfile and no fallback entry point found
https://github.com/zhaozhen1002/Maskrcnn,no_dockerfile,False,0,0,0,,,0,0,0,0,0,False,,False,,False,,False,,False,,False,,no Dockerfile and no fallback entry point found
https://github.com/jg10545/decepticon,no_dockerfile,False,0,0,0,,,0,0,0,0,0,False,,False,,False,,False,,False,,False,,no Dockerfile and no fallback entry point found
https://github.com/TianChenjiang/Networker,no_entry,False,0,4,0,,,0,0,0,0,0,False,,False,,False,,False,,False,,False,,Dockerfile(s) found but no Python entry point could be resolved
https://github.com/yunabe/codelab,no_entry,False,0,2,0,,,0,0,0,0,0,False,,False,,False,,False,,False,,False,,Dockerfile(s) found but no Python entry point could be resolved
https://github.com/kzinmr/bert-ner-ja,no_dockerfile,False,0,0,0,,,0,0,0,0,0,False,,False,,False,,False,,False,,False,,no Dockerfile and no fallback entry point found
https://github.com/sonia-auv/airflow-etl,no_entry,False,0,1,0,,,0,0,0,0,0,False,,False,,False,,False,,False,,False,,Dockerfile(s) found but no Python entry point could be resolved
https://github.com/xiaocuigit/sementic_server,no_dockerfile,False,0,0,0,,,0,0,0,0,0,False,,False,,False,,False,,False,,False,,no Dockerfile and no fallback entry point found
https://github.com/meitetsu3/RecursionTeamCell,no_entry,False,0,1,0,,,0,0,0,0,0,False,,False,,False,,False,,False,,False,,Dockerfile(s) found but no Python entry point could be resolved
https://github.com/BlaHaws/Thinkful,no_dockerfile,False,0,0,0,,,0,0,0,0,0,False,,False,,False,,False,,False,,False,,no Dockerfile and no fallback entry point found
https://github.com/agrawal-rohit/twitter-sentiment-analysis-web-app,no_entry,False,0,2,0,,,0,0,0,0,0,False,,False,,False,,False,,False,,False,,Dockerfile(s) found but no Python entry point could be resolved
https://github.com/tam-borine/GEExarray,no_dockerfile,False,0,0,0,,,0,0,0,0,0,False,,False,,False,,False,,False,,False,,no Dockerfile and no fallback entry point found
https://github.com/OMAR8663/object_detection,no_dockerfile,False,0,0,0,,,0,0,0,0,0,False,,False,,False,,False,,False,,False,,no Dockerfile and no fallback entry point found
https://github.com/gnd/cancer-works,no_dockerfile,False,0,0,0,,,0,0,0,0,0,False,,False,,False,,False,,False,,False,,no Dockerfile and no fallback entry point found
https://github.com/zepen/chat_bot,no_entry,False,0,1,0,,,0,0,0,0,0,False,,False,,False,,False,,False,,False,,Dockerfile(s) found but no Python entry point could be resolved
https://github.com/ktatarnikov/time-series,no_dockerfile,False,0,0,0,,,0,0,0,0,0,False,,False,,False,,False,,False,,False,,no Dockerfile and no fallback entry point found
https://github.com/TobiasBrx/AlphaToe,no_dockerfile,False,0,0,0,,,0,0,0,0,0,False,,False,,False,,False,,False,,False,,no Dockerfile and no fallback entry point found
https://github.com/ourownstory/controller_ev_charging,no_dockerfile,False,0,0,0,,,0,0,0,0,0,False,,False,,False,,False,,False,,False,,no Dockerfile and no fallback entry point found
https://github.com/sharadmv/domain-randomization,no_entry,False,0,1,0,,,0,0,0,0,0,False,,False,,False,,False,,False,,False,,Dockerfile(s) found but no Python entry point could be resolved
https://github.com/hmcol/sisyphus,no_dockerfile,False,0,0,0,,,0,0,0,0,0,False,,False,,False,,False,,False,,False,,no Dockerfile and no fallback entry point found
https://github.com/SharadRawat/System_integration,no_entry,False,0,1,0,,,0,0,0,0,0,False,,False,,False,,False,,False,,False,,Dockerfile(s) found but no Python entry point could be resolved
https://github.com/DevAzbn/nn,no_dockerfile,False,0,0,0,,,0,0,0,0,0,False,,False,,False,,False,,False,,False,,no Dockerfile and no fallback entry point found
https://github.com/vanvibig/RL-Chatbot,no_dockerfile,False,0,0,0,,,0,0,0,0,0,False,,False,,False,,False,,False,,False,,no Dockerfile and no fallback entry point found
https://github.com/art28/tensorflow-eager-papers,no_dockerfile,False,0,0,0,,,0,0,0,0,0,False,,False,,False,,False,,False,,False,,no Dockerfile and no fallback entry point found
https://github.com/BingoRakuten/bert_ja,no_dockerfile,False,0,0,0,,,0,0,0,0,0,False,,False,,False,,False,,False,,False,,no Dockerfile and no fallback entry point found
https://github.com/maanykan/Tensorflow_lab,no_dockerfile,False,0,0,0,,,0,0,0,0,0,False,,False,,False,,False,,False,,False,,no Dockerfile and no fallback entry point found
https://github.com/cabincabin/MLRobustClassifier,no_dockerfile,False,0,0,0,,,0,0,0,0,0,False,,False,,False,,False,,False,,False,,no Dockerfile and no fallback entry point found
https://github.com/discovershu/Constrainted-GCN,no_dockerfile,False,0,0,0,,,0,0,0,0,0,False,,False,,False,,False,,False,,False,,no Dockerfile and no fallback entry point found
https://github.com/kratenko/HIOB,no_dockerfile,False,0,0,0,,,0,0,0,0,0,False,,False,,False,,False,,False,,False,,no Dockerfile and no fallback entry point found
https://github.com/hector-sab/2018-09_DeepLearning,no_dockerfile,False,0,0,0,,,0,0,0,0,0,False,,False,,False,,False,,False,,False,,no Dockerfile and no fallback entry point found
https://github.com/florianblume/flowerpower_nn,no_dockerfile,False,0,0,0,,,0,0,0,0,0,False,,False,,False,,False,,False,,False,,no Dockerfile and no fallback entry point found
https://github.com/badr4php/appengine-pipelines-example,no_entry,False,0,7,0,,,0,0,0,0,0,False,,False,,False,,False,,False,,False,,Dockerfile(s) found but no Python entry point could be resolved
https://github.com/ankitAMD/Darkflow-object-detection,no_dockerfile,False,0,0,0,,,0,0,0,0,0,False,,False,,False,,False,,False,,False,,no Dockerfile and no fallback entry point found
https://github.com/cristianmtr/udacity-deeplearning-nanodegree,no_dockerfile,False,0,0,0,,,0,0,0,0,0,False,,False,,False,,False,,False,,False,,no Dockerfile and no fallback entry point found
https://github.com/ciandt-d1/lenna,no_dockerfile,False,0,0,0,,,0,0,0,0,0,False,,False,,False,,False,,False,,False,,no Dockerfile and no fallback entry point found
https://github.com/DanielMorales9/tfdiv,no_dockerfile,False,0,0,0,,,0,0,0,0,0,False,,False,,False,,False,,False,,False,,no Dockerfile and no fallback entry point found
https://github.com/bdinarte/PredictorVotaciones,no_dockerfile,False,0,0,0,,,0,0,0,0,0,False,,False,,False,,False,,False,,False,,no Dockerfile and no fallback entry point found
https://github.com/jorgeraujo/NeuralCarBackend,no_dockerfile,False,0,0,0,,,0,0,0,0,0,False,,False,,False,,False,,False,,False,,no Dockerfile and no fallback entry point found
https://github.com/neonopen/aquila,no_dockerfile,False,0,0,0,,,0,0,0,0,0,False,,False,,False,,False,,False,,False,,no Dockerfile and no fallback entry point found
https://github.com/rjt10/udacity_deeplearning,no_dockerfile,False,0,0,0,,,0,0,0,0,0,False,,False,,False,,False,,False,,False,,no Dockerfile and no fallback entry point found
https://github.com/mawright/trafficgraphnn,no_dockerfile,False,0,0,0,,,0,0,0,0,0,False,,False,,False,,False,,False,,False,,no Dockerfile and no fallback entry point found
https://github.com/JakeUrban/mlhoops,no_dockerfile,False,0,0,0,,,0,0,0,0,0,False,,False,,False,,False,,False,,False,,no Dockerfile and no fallback entry point found
https://github.com/KonstNor/TensorFlow,no_dockerfile,False,0,0,0,,,0,0,0,0,0,False,,False,,False,,False,,False,,False,,no Dockerfile and no fallback entry point found
https://github.com/sauloal/tf,no_dockerfile,False,0,0,0,,,0,0,0,0,0,False,,False,,False,,False,,False,,False,,no Dockerfile and no fallback entry point found
https://github.com/nandakishorkoka/deep-learning-nd,no_dockerfile,False,0,0,0,,,0,0,0,0,0,False,,False,,False,,False,,False,,False,,no Dockerfile and no fallback entry point found
https://github.com/MahmoodMahmood/chromeSummary,no_dockerfile,False,0,0,0,,,0,0,0,0,0,False,,False,,False,,False,,False,,False,,no Dockerfile and no fallback entry point found
https://github.com/pierluigiferrari/sdc_system_integration,no_entry,False,0,1,0,,,0,0,0,0,0,False,,False,,False,,False,,False,,False,,Dockerfile(s) found but no Python entry point could be resolved
https://github.com/LinDong123a/2017-2018-computing-thinking,no_entry,False,0,2,0,,,0,0,0,0,0,False,,False,,False,,False,,False,,False,,Dockerfile(s) found but no Python entry point could be resolved
https://github.com/ividal/TransferLearning,no_dockerfile,False,0,0,0,,,0,0,0,0,0,False,,False,,False,,False,,False,,False,,no Dockerfile and no fallback entry point found
https://github.com/TheCacophonyProject-archive/cptv-classify,no_dockerfile,False,0,0,0,,,0,0,0,0,0,False,,False,,False,,False,,False,,False,,no Dockerfile and no fallback entry point found
https://github.com/luketjohnston/optimism_training,no_dockerfile,False,0,0,0,,,0,0,0,0,0,False,,False,,False,,False,,False,,False,,no Dockerfile and no fallback entry point found
https://github.com/livingbio/syntaxnet_wrapper,no_entry,False,0,1,0,,,0,0,0,0,0,False,,False,,False,,False,,False,,False,,Dockerfile(s) found but no Python entry point could be resolved
https://github.com/NTMC-Community/MatchZoo,no_dockerfile,False,0,0,0,,,0,0,0,0,0,False,,False,,False,,False,,False,,False,,no Dockerfile and no fallback entry point found
https://github.com/ryanjdillon/smartmove,no_dockerfile,False,0,0,0,,,0,0,0,0,0,False,,False,,False,,False,,False,,False,,no Dockerfile and no fallback entry point found
https://github.com/joshua-lee/ML-kaggle,no_dockerfile,False,0,0,0,,,0,0,0,0,0,False,,False,,False,,False,,False,,False,,no Dockerfile and no fallback entry point found
https://github.com/slinderman/pyhawkes,no_dockerfile,False,0,0,0,,,0,0,0,0,0,False,,False,,False,,False,,False,,False,,no Dockerfile and no fallback entry point found
https://github.com/joshterrell805-historic/CPE466-KDD,no_dockerfile,False,0,0,0,,,0,0,0,0,0,False,,False,,False,,False,,False,,False,,no Dockerfile and no fallback entry point found
https://github.com/rajatsen91/CCIT,no_dockerfile,False,0,0,0,,,0,0,0,0,0,False,,False,,False,,False,,False,,False,,no Dockerfile and no fallback entry point found
https://github.com/juditacs/dsl,no_dockerfile,False,0,0,0,,,0,0,0,0,0,False,,False,,False,,False,,False,,False,,no Dockerfile and no fallback entry point found
https://github.com/pavelkomarov/projection-pursuit,no_dockerfile,False,0,0,0,,,0,0,0,0,0,False,,False,,False,,False,,False,,False,,no Dockerfile and no fallback entry point found
https://github.com/itsmeludo/PhylOligo,no_dockerfile,False,0,0,0,,,0,0,0,0,0,False,,False,,False,,False,,False,,False,,no Dockerfile and no fallback entry point found
https://github.com/nicococo/AdaScreen,no_dockerfile,False,0,0,0,,,0,0,0,0,0,False,,False,,False,,False,,False,,False,,no Dockerfile and no fallback entry point found
https://github.com/Nikolay-Lysenko/dsawl,no_dockerfile,False,0,0,0,,,0,0,0,0,0,False,,False,,False,,False,,False,,False,,no Dockerfile and no fallback entry point found
https://github.com/JEF1056/sum-everything,no_dockerfile,False,0,0,0,,,0,0,0,0,0,False,,False,,False,,False,,False,,False,,no Dockerfile and no fallback entry point found
https://github.com/djvaroli/this-album-cover-doesnt-exist,no_dockerfile,False,0,0,0,,,0,0,0,0,0,False,,False,,False,,False,,False,,False,,no Dockerfile and no fallback entry point found
https://github.com/ramymohamed-sudo/ml-docker-2021,no_entry,False,0,5,0,,,0,0,0,0,0,False,,False,,False,,False,,False,,False,,Dockerfile(s) found but no Python entry point could be resolved
https://github.com/jnheo1216/rugi,no_entry,False,0,3,0,,,0,0,0,0,0,False,,False,,False,,False,,False,,False,,Dockerfile(s) found but no Python entry point could be resolved
https://github.com/ShashidharJGowda/Ase_project,no_dockerfile,False,0,0,0,,,0,0,0,0,0,False,,False,,False,,False,,False,,False,,no Dockerfile and no fallback entry point found
https://github.com/BupyeongHealer/Mask_RCNN_tf_2.x,no_dockerfile,False,0,0,0,,,0,0,0,0,0,False,,False,,False,,False,,False,,False,,no Dockerfile and no fallback entry point found
https://github.com/jkclaar/idc-backend,no_entry,False,0,1,0,,,0,0,0,0,0,False,,False,,False,,False,,False,,False,,Dockerfile(s) found but no Python entry point could be resolved
https://github.com/arpitvaghela/autoNet,no_entry,False,0,5,0,,,0,0,0,0,0,False,,False,,False,,False,,False,,False,,Dockerfile(s) found but no Python entry point could be resolved
https://github.com/jpburgess/Solar-Panel-Potential-Energy,no_dockerfile,False,0,0,0,,,0,0,0,0,0,False,,False,,False,,False,,False,,False,,no Dockerfile and no fallback entry point found
https://github.com/moreshiny/solar_berlin,no_dockerfile,False,0,0,0,,,0,0,0,0,0,False,,False,,False,,False,,False,,False,,no Dockerfile and no fallback entry point found
https://github.com/henry-prior/jax-rl,no_dockerfile,False,0,0,0,,,0,0,0,0,0,False,,False,,False,,False,,False,,False,,no Dockerfile and no fallback entry point found
https://github.com/YunxuanMao/CS285,no_dockerfile,False,0,0,0,,,0,0,0,0,0,False,,False,,False,,False,,False,,False,,no Dockerfile and no fallback entry point found
https://github.com/tlc-pack/relax,no_entry,False,0,23,0,,,0,0,0,0,0,False,,False,,False,,False,,False,,False,,Dockerfile(s) found but no Python entry point could be resolved
https://github.com/harshit37/MS333_Ciao_Bella,no_entry,False,0,1,0,,,0,0,0,0,0,False,,False,,False,,False,,False,,False,,Dockerfile(s) found but no Python entry point could be resolved
https://github.com/umd-fire-coml/2021-Music-Generation,no_dockerfile,False,0,0,0,,,0,0,0,0,0,False,,False,,False,,False,,False,,False,,no Dockerfile and no fallback entry point found
https://github.com/imhuay/studies,no_dockerfile,False,0,0,0,,,0,0,0,0,0,False,,False,,False,,False,,False,,False,,no Dockerfile and no fallback entry point found
https://github.com/builong1999/Traffic-Monitoring,no_dockerfile,False,0,0,0,,,0,0,0,0,0,False,,False,,False,,False,,False,,False,,no Dockerfile and no fallback entry point found
https://github.com/crushedmonster/Detection_of_Bus_Number_in_Bus_Panel,no_entry,False,0,2,0,,,0,0,0,0,0,False,,False,,False,,False,,False,,False,,Dockerfile(s) found but no Python entry point could be resolved
https://github.com/Rishit-dagli/Fast-Transformer,no_entry,False,0,1,0,,,0,0,0,0,0,False,,False,,False,,False,,False,,False,,Dockerfile(s) found but no Python entry point could be resolved
https://github.com/kurushiidrive/auto-timestamper,no_dockerfile,False,0,0,0,,,0,0,0,0,0,False,,False,,False,,False,,False,,False,,no Dockerfile and no fallback entry point found
https://github.com/chinhho/nlp_fake_corona,no_entry,False,0,1,0,,,0,0,0,0,0,False,,False,,False,,False,,False,,False,,Dockerfile(s) found but no Python entry point could be resolved
https://github.com/samneogi/ml-design-patterns,no_entry,False,0,1,0,,,0,0,0,0,0,False,,False,,False,,False,,False,,False,,Dockerfile(s) found but no Python entry point could be resolved
https://github.com/abdullahalzubaer/Deep-Learning,no_dockerfile,False,0,0,0,,,0,0,0,0,0,False,,False,,False,,False,,False,,False,,no Dockerfile and no fallback entry point found
https://github.com/creatoryue/Streamlit-test,no_dockerfile,False,0,0,0,,,0,0,0,0,0,False,,False,,False,,False,,False,,False,,no Dockerfile and no fallback entry point found
https://github.com/LayerFolding/Layer-Folding,no_dockerfile,False,0,0,0,,,0,0,0,0,0,False,,False,,False,,False,,False,,False,,no Dockerfile and no fallback entry point found
https://github.com/samysweb/nnequiv-experiments,no_entry,False,0,1,0,,,0,0,0,0,0,False,,False,,False,,False,,False,,False,,Dockerfile(s) found but no Python entry point could be resolved
https://github.com/Daminhao/stream.fishfresh,no_dockerfile,False,0,0,0,,,0,0,0,0,0,False,,False,,False,,False,,False,,False,,no Dockerfile and no fallback entry point found
https://github.com/Balajanovski/comp9417-project,no_dockerfile,False,0,0,0,,,0,0,0,0,0,False,,False,,False,,False,,False,,False,,no Dockerfile and no fallback entry point found
https://github.com/shan-srini/fishing-derby,no_dockerfile,False,0,0,0,,,0,0,0,0,0,False,,False,,False,,False,,False,,False,,no Dockerfile and no fallback entry point found
https://github.com/aniketkt/TomoEncoders,no_dockerfile,False,0,0,0,,,0,0,0,0,0,False,,False,,False,,False,,False,,False,,no Dockerfile and no fallback entry point found
https://github.com/a1rishav/ds_ml,no_dockerfile,False,0,0,0,,,0,0,0,0,0,False,,False,,False,,False,,False,,False,,no Dockerfile and no fallback entry point found
https://github.com/evgenyneu/ASP5020_data_analysis_problem_sets,no_dockerfile,False,0,0,0,,,0,0,0,0,0,False,,False,,False,,False,,False,,False,,no Dockerfile and no fallback entry point found
https://github.com/AlvinDMartin/backend-website-chatbot,no_dockerfile,False,0,0,0,,,0,0,0,0,0,False,,False,,False,,False,,False,,False,,no Dockerfile and no fallback entry point found
https://github.com/YeongHyeon/white-box-layer,no_dockerfile,False,0,0,0,,,0,0,0,0,0,False,,False,,False,,False,,False,,False,,no Dockerfile and no fallback entry point found
https://github.com/shch8909/handson-ml2,no_entry,False,0,1,0,,,0,0,0,0,0,False,,False,,False,,False,,False,,False,,Dockerfile(s) found but no Python entry point could be resolved
https://github.com/shl418/world-models-latest,no_entry,False,0,3,0,,,0,0,0,0,0,False,,False,,False,,False,,False,,False,,Dockerfile(s) found but no Python entry point could be resolved
https://github.com/hafid34bba/AI-for-online-exams,no_dockerfile,False,0,0,0,,,0,0,0,0,0,False,,False,,False,,False,,False,,False,,no Dockerfile and no fallback entry point found
https://github.com/AhmedYounes94/bert_experimental,no_dockerfile,False,0,0,0,,,0,0,0,0,0,False,,False,,False,,False,,False,,False,,no Dockerfile and no fallback entry point found
https://github.com/kaelynn-rose/Earthquake_Detection,no_entry,False,0,4,0,,,0,0,0,0,0,False,,False,,False,,False,,False,,False,,Dockerfile(s) found but no Python entry point could be resolved
https://github.com/LasalJayawardena/CNN-Projects,no_dockerfile,False,0,0,0,,,0,0,0,0,0,False,,False,,False,,False,,False,,False,,no Dockerfile and no fallback entry point found
https://github.com/GreenGrasshopper28/major,no_dockerfile,False,0,0,0,,,0,0,0,0,0,False,,False,,False,,False,,False,,False,,no Dockerfile and no fallback entry point found
https://github.com/jackyxuebin/IS5006_Project,no_dockerfile,False,0,0,0,,,0,0,0,0,0,False,,False,,False,,False,,False,,False,,no Dockerfile and no fallback entry point found
https://github.com/SoftwareEngineeringCovidDetector/CovidDetector,no_dockerfile,False,0,0,0,,,0,0,0,0,0,False,,False,,False,,False,,False,,False,,no Dockerfile and no fallback entry point found
https://github.com/MavenCode/KubeflowTraining,no_entry,False,0,17,0,,,0,0,0,0,0,False,,False,,False,,False,,False,,False,,Dockerfile(s) found but no Python entry point could be resolved
https://github.com/Ayushri/lva_rocket,no_entry,False,0,19,0,,,0,0,0,0,0,False,,False,,False,,False,,False,,False,,Dockerfile(s) found but no Python entry point could be resolved
https://github.com/CPS-TUWien/racing_dreamer,no_entry,False,0,15,0,,,0,0,0,0,0,False,,False,,False,,False,,False,,False,,Dockerfile(s) found but no Python entry point could be resolved
https://github.com/njszym/XRD-AutoAnalyzer,no_dockerfile,False,0,0,0,,,0,0,0,0,0,False,,False,,False,,False,,False,,False,,no Dockerfile and no fallback entry point found
https://github.com/bloominstituteoftechnology/DS-Unit-4-Sprint-2-Neural-Networks,no_dockerfile,False,0,0,0,,,0,0,0,0,0,False,,False,,False,,False,,False,,False,,no Dockerfile and no fallback entry point found
https://github.com/DragnEmperor/Electrothon_3.0,no_dockerfile,False,0,0,0,,,0,0,0,0,0,False,,False,,False,,False,,False,,False,,no Dockerfile and no fallback entry point found
https://github.com/NCAR/aiml-utils,no_dockerfile,False,0,0,0,,,0,0,0,0,0,False,,False,,False,,False,,False,,False,,no Dockerfile and no fallback entry point found
https://github.com/mizolotu/smart_mantsinen,no_dockerfile,False,0,0,0,,,0,0,0,0,0,False,,False,,False,,False,,False,,False,,no Dockerfile and no fallback entry point found
https://github.com/Shinyh29/stockAnalysis_dashin,no_dockerfile,False,0,0,0,,,0,0,0,0,0,False,,False,,False,,False,,False,,False,,no Dockerfile and no fallback entry point found
https://github.com/Benemrxr/toolkits-architectures,no_entry,False,0,1,0,,,0,0,0,0,0,False,,False,,False,,False,,False,,False,,Dockerfile(s) found but no Python entry point could be resolved
https://github.com/AzizRaies/testsafetystarteragent,no_dockerfile,False,0,0,0,,,0,0,0,0,0,False,,False,,False,,False,,False,,False,,no Dockerfile and no fallback entry point found
https://github.com/annaraysk/MaskRCNN,no_dockerfile,False,0,0,0,,,0,0,0,0,0,False,,False,,False,,False,,False,,False,,no Dockerfile and no fallback entry point found
https://github.com/Nonthakorn/Project,no_dockerfile,False,0,0,0,,,0,0,0,0,0,False,,False,,False,,False,,False,,False,,no Dockerfile and no fallback entry point found
https://github.com/1computerguy/secure-threat-monitor,no_entry,False,0,13,0,,,0,0,0,0,0,False,,False,,False,,False,,False,,False,,Dockerfile(s) found but no Python entry point could be resolved
https://github.com/SarahBA/KTH_DL_Proj,no_dockerfile,False,0,0,0,,,0,0,0,0,0,False,,False,,False,,False,,False,,False,,no Dockerfile and no fallback entry point found
https://github.com/2runo/korean_polisher,no_dockerfile,False,0,0,0,,,0,0,0,0,0,False,,False,,False,,False,,False,,False,,no Dockerfile and no fallback entry point found
https://github.com/Helloworld10011/Class-projects,no_dockerfile,False,0,0,0,,,0,0,0,0,0,False,,False,,False,,False,,False,,False,,no Dockerfile and no fallback entry point found
https://github.com/DaniellePotts/Masters-Dissertation,no_dockerfile,False,0,0,0,,,0,0,0,0,0,False,,False,,False,,False,,False,,False,,no Dockerfile and no fallback entry point found
https://github.com/tensorflow/recommenders,no_dockerfile,False,0,0,0,,,0,0,0,0,0,False,,False,,False,,False,,False,,False,,no Dockerfile and no fallback entry point found
https://github.com/Rigo74/autonomous-driving-car-to-car,no_dockerfile,False,0,0,0,,,0,0,0,0,0,False,,False,,False,,False,,False,,False,,no Dockerfile and no fallback entry point found
https://github.com/Sandeep-Yadav2/Fashion-MNIST-dataset-classification,no_dockerfile,False,0,0,0,,,0,0,0,0,0,False,,False,,False,,False,,False,,False,,no Dockerfile and no fallback entry point found
https://github.com/okitouni/MoDe,no_dockerfile,False,0,0,0,,,0,0,0,0,0,False,,False,,False,,False,,False,,False,,no Dockerfile and no fallback entry point found
https://github.com/rachitsaksena/Multilingual-Agression-Classification,no_dockerfile,False,0,0,0,,,0,0,0,0,0,False,,False,,False,,False,,False,,False,,no Dockerfile and no fallback entry point found
https://github.com/Ben7z-Cohen/Image-Processing,no_dockerfile,False,0,0,0,,,0,0,0,0,0,False,,False,,False,,False,,False,,False,,no Dockerfile and no fallback entry point found
https://github.com/ad-freiburg/tokenization-repair,no_entry,False,0,1,0,,,0,0,0,0,0,False,,False,,False,,False,,False,,False,,Dockerfile(s) found but no Python entry point could be resolved
https://github.com/MulongXie/UI2CODE,no_dockerfile,False,0,0,0,,,0,0,0,0,0,False,,False,,False,,False,,False,,False,,no Dockerfile and no fallback entry point found
https://github.com/pkhdipraja/joint-multimodal-embeddings,no_entry,False,0,1,0,,,0,0,0,0,0,False,,False,,False,,False,,False,,False,,Dockerfile(s) found but no Python entry point could be resolved
https://github.com/nohayassin/Denoise-Autoencoder,no_dockerfile,False,0,0,0,,,0,0,0,0,0,False,,False,,False,,False,,False,,False,,no Dockerfile and no fallback entry point found
https://github.com/CurtinIC/fireballs,no_dockerfile,False,0,0,0,,,0,0,0,0,0,False,,False,,False,,False,,False,,False,,no Dockerfile and no fallback entry point found
https://github.com/parrt/tensor-sensor,no_dockerfile,False,0,0,0,,,0,0,0,0,0,False,,False,,False,,False,,False,,False,,no Dockerfile and no fallback entry point found
https://github.com/nutanix/karbon-platform-services,no_entry,False,0,12,0,,,0,0,0,0,0,False,,False,,False,,False,,False,,False,,Dockerfile(s) found but no Python entry point could be resolved
https://github.com/yossi1118ubi/tensorflow_pra,no_entry,False,0,1,0,,,0,0,0,0,0,False,,False,,False,,False,,False,,False,,Dockerfile(s) found but no Python entry point could be resolved
https://github.com/aymgal/SLITronomy,no_dockerfile,False,0,0,0,,,0,0,0,0,0,False,,False,,False,,False,,False,,False,,no Dockerfile and no fallback entry point found
https://github.com/graykode/matorage,no_dockerfile,False,0,0,0,,,0,0,0,0,0,False,,False,,False,,False,,False,,False,,no Dockerfile and no fallback entry point found
https://github.com/KnightZhang625/TESLA,no_dockerfile,False,0,0,0,,,0,0,0,0,0,False,,False,,False,,False,,False,,False,,no Dockerfile and no fallback entry point found
https://github.com/AlexanderNeuwirth/DiscoveryWorldPongAIExhibit,no_dockerfile,False,0,0,0,,,0,0,0,0,0,False,,False,,False,,False,,False,,False,,no Dockerfile and no fallback entry point found
https://github.com/KoalaV2/K.A.I,no_dockerfile,False,0,0,0,,,0,0,0,0,0,False,,False,,False,,False,,False,,False,,no Dockerfile and no fallback entry point found
https://github.com/sandeepnair2812/book-Hands-on-Machine-Learning-with-Scikit-Learn-Keras-and-TensorFlow-,no_entry,False,0,1,0,,,0,0,0,0,0,False,,False,,False,,False,,False,,False,,Dockerfile(s) found but no Python entry point could be resolved
https://github.com/SamuelMarks/ml-params-tensorflow,no_dockerfile,False,0,0,0,,,0,0,0,0,0,False,,False,,False,,False,,False,,False,,no Dockerfile and no fallback entry point found
https://github.com/deel-ai/deel-lip,no_dockerfile,False,0,0,0,,,0,0,0,0,0,False,,False,,False,,False,,False,,False,,no Dockerfile and no fallback entry point found
https://github.com/dertilo/reinforcement-learning,no_dockerfile,False,0,0,0,,,0,0,0,0,0,False,,False,,False,,False,,False,,False,,no Dockerfile and no fallback entry point found
https://github.com/alexEpis/Deep-Learning-and-the-Game-of-Go,no_entry,False,0,1,0,,,0,0,0,0,0,False,,False,,False,,False,,False,,False,,Dockerfile(s) found but no Python entry point could be resolved
https://github.com/storypku/cuda-support-for-bazel,no_dockerfile,False,0,0,0,,,0,0,0,0,0,False,,False,,False,,False,,False,,False,,no Dockerfile and no fallback entry point found
https://github.com/pdigese/CarND-Capstone-team-5-june20,no_entry,False,0,1,0,,,0,0,0,0,0,False,,False,,False,,False,,False,,False,,Dockerfile(s) found but no Python entry point could be resolved
https://github.com/zisest/nutrition,no_dockerfile,False,0,0,0,,,0,0,0,0,0,False,,False,,False,,False,,False,,False,,no Dockerfile and no fallback entry point found
https://github.com/atharvacc/MachineChurning,no_entry,False,0,1,0,,,0,0,0,0,0,False,,False,,False,,False,,False,,False,,Dockerfile(s) found but no Python entry point could be resolved
https://github.com/felntc/MTLO,no_dockerfile,False,0,0,0,,,0,0,0,0,0,False,,False,,False,,False,,False,,False,,no Dockerfile and no fallback entry point found
https://github.com/kangjlk/tensorflow,no_entry,False,0,1,0,,,0,0,0,0,0,False,,False,,False,,False,,False,,False,,Dockerfile(s) found but no Python entry point could be resolved
https://github.com/josephbwagner/LS-DS-Unit-4,no_dockerfile,False,0,0,0,,,0,0,0,0,0,False,,False,,False,,False,,False,,False,,no Dockerfile and no fallback entry point found
https://github.com/tarekkhaled/detect-social-distance,no_dockerfile,False,0,0,0,,,0,0,0,0,0,False,,False,,False,,False,,False,,False,,no Dockerfile and no fallback entry point found
https://github.com/ALAMAO/pencil-interview-task,no_entry,False,0,2,0,,,0,0,0,0,0,False,,False,,False,,False,,False,,False,,Dockerfile(s) found but no Python entry point could be resolved
https://github.com/leehanchung/btc_dash,no_entry,False,0,3,0,,,0,0,0,0,0,False,,False,,False,,False,,False,,False,,Dockerfile(s) found but no Python entry point could be resolved
https://github.com/Hackactivistas/CovidNet-Peru,no_dockerfile,False,0,0,0,,,0,0,0,0,0,False,,False,,False,,False,,False,,False,,no Dockerfile and no fallback entry point found
https://github.com/shevious/webstudy,no_entry,False,0,2,0,,,0,0,0,0,0,False,,False,,False,,False,,False,,False,,Dockerfile(s) found but no Python entry point could be resolved
https://github.com/paul841029/BadgerFIT,no_entry,False,0,5,0,,,0,0,0,0,0,False,,False,,False,,False,,False,,False,,Dockerfile(s) found but no Python entry point could be resolved
https://github.com/CSCI4850/S20-team8-project,no_dockerfile,False,0,0,0,,,0,0,0,0,0,False,,False,,False,,False,,False,,False,,no Dockerfile and no fallback entry point found
https://github.com/Meghna-Talari/code2vec,no_dockerfile,False,0,0,0,,,0,0,0,0,0,False,,False,,False,,False,,False,,False,,no Dockerfile and no fallback entry point found
https://github.com/JiKook31/DL_project,no_entry,False,0,1,0,,,0,0,0,0,0,False,,False,,False,,False,,False,,False,,Dockerfile(s) found but no Python entry point could be resolved
https://github.com/hoangtnm/deep-learning,no_dockerfile,False,0,0,0,,,0,0,0,0,0,False,,False,,False,,False,,False,,False,,no Dockerfile and no fallback entry point found
https://github.com/intuit/fawkes,no_dockerfile,False,0,0,0,,,0,0,0,0,0,False,,False,,False,,False,,False,,False,,no Dockerfile and no fallback entry point found
https://github.com/kunalrye/financialsummary,no_dockerfile,False,0,0,0,,,0,0,0,0,0,False,,False,,False,,False,,False,,False,,no Dockerfile and no fallback entry point found
https://github.com/hklchung/GAN-GenerativeAdversarialNetwork,no_dockerfile,False,0,0,0,,,0,0,0,0,0,False,,False,,False,,False,,False,,False,,no Dockerfile and no fallback entry point found
https://github.com/TimLucaTuran/sasa_stacker,no_dockerfile,False,0,0,0,,,0,0,0,0,0,False,,False,,False,,False,,False,,False,,no Dockerfile and no fallback entry point found
https://github.com/StephanRhode/py-algorithms-4-automotive-engineering,no_dockerfile,False,0,0,0,,,0,0,0,0,0,False,,False,,False,,False,,False,,False,,no Dockerfile and no fallback entry point found
https://github.com/johnnytorres/recsys_twconv_s2s,no_entry,False,0,1,0,,,0,0,0,0,0,False,,False,,False,,False,,False,,False,,Dockerfile(s) found but no Python entry point could be resolved
https://github.com/roscisz/dnn_training_benchmarks,no_entry,False,0,2,0,,,0,0,0,0,0,False,,False,,False,,False,,False,,False,,Dockerfile(s) found but no Python entry point could be resolved
https://github.com/thomasjo/nemo,no_entry,False,0,1,0,,,0,0,0,0,0,False,,False,,False,,False,,False,,False,,Dockerfile(s) found but no Python entry point could be resolved
https://github.com/rionehome/spr-16th,no_dockerfile,False,0,0,0,,,0,0,0,0,0,False,,False,,False,,False,,False,,False,,no Dockerfile and no fallback entry point found
https://github.com/niehusst/FakeBlock,no_dockerfile,False,0,0,0,,,0,0,0,0,0,False,,False,,False,,False,,False,,False,,no Dockerfile and no fallback entry point found
https://github.com/georgefridrich/Domino-with-Jupyter,no_dockerfile,False,0,0,0,,,0,0,0,0,0,False,,False,,False,,False,,False,,False,,no Dockerfile and no fallback entry point found
https://github.com/haohaowasky/SmartReply,no_entry,False,0,1,0,,,0,0,0,0,0,False,,False,,False,,False,,False,,False,,Dockerfile(s) found but no Python entry point could be resolved
https://github.com/saijana/ml,no_dockerfile,False,0,0,0,,,0,0,0,0,0,False,,False,,False,,False,,False,,False,,no Dockerfile and no fallback entry point found
https://github.com/ParkJH1/TensorFlow-for-DeepLearning,no_dockerfile,False,0,0,0,,,0,0,0,0,0,False,,False,,False,,False,,False,,False,,no Dockerfile and no fallback entry point found
https://github.com/jxzhanggg/nonparaSeq2seqVC_code,no_dockerfile,False,0,0,0,,,0,0,0,0,0,False,,False,,False,,False,,False,,False,,no Dockerfile and no fallback entry point found
https://github.com/mathemage/drl-mff-uk-2018-winter-semester,no_dockerfile,False,0,0,0,,,0,0,0,0,0,False,,False,,False,,False,,False,,False,,no Dockerfile and no fallback entry point found
https://github.com/soft-top-notch/Automation-Shop,no_entry,False,0,1,0,,,0,0,0,0,0,False,,False,,False,,False,,False,,False,,Dockerfile(s) found but no Python entry point could be resolved
https://github.com/criteo/tf-collective-all-reduce,no_entry,False,0,1,0,,,0,0,0,0,0,False,,False,,False,,False,,False,,False,,Dockerfile(s) found but no Python entry point could be resolved
https://github.com/ancasag/ensembleObjectDetection,no_dockerfile,False,0,0,0,,,0,0,0,0,0,False,,False,,False,,False,,False,,False,,no Dockerfile and no fallback entry point found
https://github.com/magenta/magenta,no_dockerfile,False,0,0,0,,,0,0,0,0,0,False,,False,,False,,False,,False,,False,,no Dockerfile and no fallback entry point found
https://github.com/ducandu/surreal,no_entry,False,0,2,0,,,0,0,0,0,0,False,,False,,False,,False,,False,,False,,Dockerfile(s) found but no Python entry point could be resolved
https://github.com/oliver-austin/BotFighter,no_dockerfile,False,0,0,0,,,0,0,0,0,0,False,,False,,False,,False,,False,,False,,no Dockerfile and no fallback entry point found
https://github.com/Young-won/deepbiome,no_dockerfile,False,0,0,0,,,0,0,0,0,0,False,,False,,False,,False,,False,,False,,no Dockerfile and no fallback entry point found
https://github.com/LucaCappelletti94/keras_ding,no_dockerfile,False,0,0,0,,,0,0,0,0,0,False,,False,,False,,False,,False,,False,,no Dockerfile and no fallback entry point found
https://github.com/vivekvivs42/DarkflowTry,no_dockerfile,False,0,0,0,,,0,0,0,0,0,False,,False,,False,,False,,False,,False,,no Dockerfile and no fallback entry point found
https://github.com/Echanging/Python,no_dockerfile,False,0,0,0,,,0,0,0,0,0,False,,False,,False,,False,,False,,False,,no Dockerfile and no fallback entry point found
https://github.com/hzm2016/option-critic-pytorch,no_entry,False,0,1,0,,,0,0,0,0,0,False,,False,,False,,False,,False,,False,,Dockerfile(s) found but no Python entry point could be resolved
https://github.com/nwpu-dev9/topaz,no_dockerfile,False,0,0,0,,,0,0,0,0,0,False,,False,,False,,False,,False,,False,,no Dockerfile and no fallback entry point found
https://github.com/akanyaani/gpt-2-tensorflow2.0,no_dockerfile,False,0,0,0,,,0,0,0,0,0,False,,False,,False,,False,,False,,False,,no Dockerfile and no fallback entry point found
https://github.com/ZSyed350/TensorFlow-Tutorials,no_dockerfile,False,0,0,0,,,0,0,0,0,0,False,,False,,False,,False,,False,,False,,no Dockerfile and no fallback entry point found
https://github.com/andraskohlmann/s4,no_entry,False,0,1,0,,,0,0,0,0,0,False,,False,,False,,False,,False,,False,,Dockerfile(s) found but no Python entry point could be resolved
https://github.com/kubesecurity/openshift-probable-vulnerabilities,no_entry,False,0,3,0,,,0,0,0,0,0,False,,False,,False,,False,,False,,False,,Dockerfile(s) found but no Python entry point could be resolved
https://github.com/Osobarako/alduswarrensewell,no_dockerfile,False,0,0,0,,,0,0,0,0,0,False,,False,,False,,False,,False,,False,,no Dockerfile and no fallback entry point found
https://github.com/zaaabik/face-fecognition,no_dockerfile,False,0,0,0,,,0,0,0,0,0,False,,False,,False,,False,,False,,False,,no Dockerfile and no fallback entry point found
https://github.com/bhacquin/pytorch_bert_addons,no_entry,False,0,1,0,,,0,0,0,0,0,False,,False,,False,,False,,False,,False,,Dockerfile(s) found but no Python entry point could be resolved
https://github.com/luozhouyang/transformers-keras,no_dockerfile,False,0,0,0,,,0,0,0,0,0,False,,False,,False,,False,,False,,False,,no Dockerfile and no fallback entry point found
https://github.com/ychen1030/Mask_RCNN_concrete,no_dockerfile,False,0,0,0,,,0,0,0,0,0,False,,False,,False,,False,,False,,False,,no Dockerfile and no fallback entry point found
https://github.com/lixiuliang/tensorflow-without-a-phd,no_dockerfile,False,0,0,0,,,0,0,0,0,0,False,,False,,False,,False,,False,,False,,no Dockerfile and no fallback entry point found
https://github.com/jbromley/mle,no_dockerfile,False,0,0,0,,,0,0,0,0,0,False,,False,,False,,False,,False,,False,,no Dockerfile and no fallback entry point found
https://github.com/SFU-VC-NeuralOne/mask_rcnn,no_dockerfile,False,0,0,0,,,0,0,0,0,0,False,,False,,False,,False,,False,,False,,no Dockerfile and no fallback entry point found
https://github.com/13031995nail/chess,no_dockerfile,False,0,0,0,,,0,0,0,0,0,False,,False,,False,,False,,False,,False,,no Dockerfile and no fallback entry point found
https://github.com/kylemath/DeepEEG,no_dockerfile,False,0,0,0,,,0,0,0,0,0,False,,False,,False,,False,,False,,False,,no Dockerfile and no fallback entry point found
https://github.com/mehdimashayekhi/Some-RL-Implementation,no_dockerfile,False,0,0,0,,,0,0,0,0,0,False,,False,,False,,False,,False,,False,,no Dockerfile and no fallback entry point found
https://github.com/CODAIT/graph_def_editor,no_dockerfile,False,0,0,0,,,0,0,0,0,0,False,,False,,False,,False,,False,,False,,no Dockerfile and no fallback entry point found
https://github.com/paultnylund/lace-server,no_entry,False,0,1,0,,,0,0,0,0,0,False,,False,,False,,False,,False,,False,,Dockerfile(s) found but no Python entry point could be resolved
https://github.com/InFact-coop/create-refresh,no_dockerfile,False,0,0,0,,,0,0,0,0,0,False,,False,,False,,False,,False,,False,,no Dockerfile and no fallback entry point found
https://github.com/xiaopingzhong/Bert_Fine_Tune_For_Classfier,no_dockerfile,False,0,0,0,,,0,0,0,0,0,False,,False,,False,,False,,False,,False,,no Dockerfile and no fallback entry point found
https://github.com/takatoy/marl,no_dockerfile,False,0,0,0,,,0,0,0,0,0,False,,False,,False,,False,,False,,False,,no Dockerfile and no fallback entry point found
https://github.com/noxouille/rt-mrcnn,no_dockerfile,False,0,0,0,,,0,0,0,0,0,False,,False,,False,,False,,False,,False,,no Dockerfile and no fallback entry point found
https://github.com/4c697361/e-commerce,no_dockerfile,False,0,0,0,,,0,0,0,0,0,False,,False,,False,,False,,False,,False,,no Dockerfile and no fallback entry point found
https://github.com/Yt-trium/DeepSeg3D,no_dockerfile,False,0,0,0,,,0,0,0,0,0,False,,False,,False,,False,,False,,False,,no Dockerfile and no fallback entry point found
https://github.com/isaacmg/model_agnostic_prediction,no_dockerfile,False,0,0,0,,,0,0,0,0,0,False,,False,,False,,False,,False,,False,,no Dockerfile and no fallback entry point found
https://github.com/autonomio/wrangle,no_dockerfile,False,0,0,0,,,0,0,0,0,0,False,,False,,False,,False,,False,,False,,no Dockerfile and no fallback entry point found
https://github.com/nearai/program_synthesis,no_dockerfile,False,0,0,0,,,0,0,0,0,0,False,,False,,False,,False,,False,,False,,no Dockerfile and no fallback entry point found
https://github.com/thtroyer/simple-text-generator,no_dockerfile,False,0,0,0,,,0,0,0,0,0,False,,False,,False,,False,,False,,False,,no Dockerfile and no fallback entry point found
https://github.com/MicaiahReid/VinylPlayer-Server,no_dockerfile,False,0,0,0,,,0,0,0,0,0,False,,False,,False,,False,,False,,False,,no Dockerfile and no fallback entry point found
https://github.com/WillBux/Crash-Course-CarND-Capstone,no_entry,False,0,1,0,,,0,0,0,0,0,False,,False,,False,,False,,False,,False,,Dockerfile(s) found but no Python entry point could be resolved
https://github.com/escoboard/dqn,no_dockerfile,False,0,0,0,,,0,0,0,0,0,False,,False,,False,,False,,False,,False,,no Dockerfile and no fallback entry point found
https://github.com/AkshitKumar/EE6132,no_dockerfile,False,0,0,0,,,0,0,0,0,0,False,,False,,False,,False,,False,,False,,no Dockerfile and no fallback entry point found
https://github.com/dangraf/PycharmProjects,no_dockerfile,False,0,0,0,,,0,0,0,0,0,False,,False,,False,,False,,False,,False,,no Dockerfile and no fallback entry point found
https://github.com/lanPN85/deep-caption,no_dockerfile,False,0,0,0,,,0,0,0,0,0,False,,False,,False,,False,,False,,False,,no Dockerfile and no fallback entry point found
https://github.com/viktormelker/openai.gym.challanges,no_entry,False,0,1,0,,,0,0,0,0,0,False,,False,,False,,False,,False,,False,,Dockerfile(s) found but no Python entry point could be resolved
https://github.com/nelhage/tf-experiments,no_entry,False,0,2,0,,,0,0,0,0,0,False,,False,,False,,False,,False,,False,,Dockerfile(s) found but no Python entry point could be resolved
https://github.com/mramshaw/Intro-to-ML,no_dockerfile,False,0,0,0,,,0,0,0,0,0,False,,False,,False,,False,,False,,False,,no Dockerfile and no fallback entry point found
https://github.com/avrabe/CarND-Behavioral-Cloning-P3,no_dockerfile,False,0,0,0,,,0,0,0,0,0,False,,False,,False,,False,,False,,False,,no Dockerfile and no fallback entry point found
https://github.com/wookayin/tensorflow-plot,no_dockerfile,False,0,0,0,,,0,0,0,0,0,False,,False,,False,,False,,False,,False,,no Dockerfile and no fallback entry point found
https://github.com/bgfurfeature/cs213n,no_dockerfile,False,0,0,0,,,0,0,0,0,0,False,,False,,False,,False,,False,,False,,no Dockerfile and no fallback entry point found
https://github.com/keven425/robot-learn,no_dockerfile,False,0,0,0,,,0,0,0,0,0,False,,False,,False,,False,,False,,False,,no Dockerfile and no fallback entry point found
https://github.com/UFAL-DSG/tgen,no_dockerfile,False,0,0,0,,,0,0,0,0,0,False,,False,,False,,False,,False,,False,,no Dockerfile and no fallback entry point found
https://github.com/vecxoz/vecstack,no_dockerfile,False,0,0,0,,,0,0,0,0,0,False,,False,,False,,False,,False,,False,,no Dockerfile and no fallback entry point found
https://github.com/kgullikson88/General,no_dockerfile,False,0,0,0,,,0,0,0,0,0,False,,False,,False,,False,,False,,False,,no Dockerfile and no fallback entry point found
https://github.com/linnarsson-lab/BackSPIN,no_dockerfile,False,0,0,0,,,0,0,0,0,0,False,,False,,False,,False,,False,,False,,no Dockerfile and no fallback entry point found
https://github.com/trislett/TFCE_mediation,no_dockerfile,False,0,0,0,,,0,0,0,0,0,False,,False,,False,,False,,False,,False,,no Dockerfile and no fallback entry point found
https://github.com/asajadi/wikisim,no_dockerfile,False,0,0,0,,,0,0,0,0,0,False,,False,,False,,False,,False,,False,,no Dockerfile and no fallback entry point found
https://github.com/marvinf95/vtna,no_dockerfile,False,0,0,0,,,0,0,0,0,0,False,,False,,False,,False,,False,,False,,no Dockerfile and no fallback entry point found
https://github.com/taspinar/siml,no_dockerfile,False,0,0,0,,,0,0,0,0,0,False,,False,,False,,False,,False,,False,,no Dockerfile and no fallback entry point found
https://github.com/henrysky/astroNN,no_dockerfile,False,0,0,0,,,0,0,0,0,0,False,,False,,False,,False,,False,,False,,no Dockerfile and no fallback entry point found
https://github.com/pafoster/pyitlib,no_dockerfile,False,0,0,0,,,0,0,0,0,0,False,,False,,False,,False,,False,,False,,no Dockerfile and no fallback entry point found
https://github.com/pdoren/DeepEnsemble,no_dockerfile,False,0,0,0,,,0,0,0,0,0,False,,False,,False,,False,,False,,False,,no Dockerfile and no fallback entry point found
https://github.com/wangqing2018/tensorflow-lucid,no_dockerfile,False,0,0,0,,,0,0,0,0,0,False,,False,,False,,False,,False,,False,,no Dockerfile and no fallback entry point found
https://github.com/oliveradk/rl-teacher,no_dockerfile,False,0,0,0,,,0,0,0,0,0,False,,False,,False,,False,,False,,False,,no Dockerfile and no fallback entry point found
https://github.com/sillsdev/machine.py,no_entry,False,0,3,0,,,0,0,0,0,0,False,,False,,False,,False,,False,,False,,Dockerfile(s) found but no Python entry point could be resolved
https://github.com/rising1/Mask-RCNN,no_dockerfile,False,0,0,0,,,0,0,0,0,0,False,,False,,False,,False,,False,,False,,no Dockerfile and no fallback entry point found
https://github.com/rohithravin/ECBM4040-NuroSEED-Proj,no_dockerfile,False,0,0,0,,,0,0,0,0,0,False,,False,,False,,False,,False,,False,,no Dockerfile and no fallback entry point found
https://github.com/umd-fire-coml/2021-Speaker-Recognition,no_dockerfile,False,0,0,0,,,0,0,0,0,0,False,,False,,False,,False,,False,,False,,no Dockerfile and no fallback entry point found
https://github.com/bertilio/Aprendizaje,no_dockerfile,False,0,0,0,,,0,0,0,0,0,False,,False,,False,,False,,False,,False,,no Dockerfile and no fallback entry point found
https://github.com/bhjeong-goldenplanet/automl,no_entry,False,0,24,0,,,0,0,0,0,0,False,,False,,False,,False,,False,,False,,Dockerfile(s) found but no Python entry point could be resolved
https://github.com/DavidMetzIMT/eit_ai,no_dockerfile,False,0,0,0,,,0,0,0,0,0,False,,False,,False,,False,,False,,False,,no Dockerfile and no fallback entry point found
https://github.com/GohNgeeJuay/AIAssistedOnlinePsychotherapyPortal,no_dockerfile,False,0,0,0,,,0,0,0,0,0,False,,False,,False,,False,,False,,False,,no Dockerfile and no fallback entry point found
https://github.com/jamesdolezal/slideflow,no_entry,False,0,2,0,,,0,0,0,0,0,False,,False,,False,,False,,False,,False,,Dockerfile(s) found but no Python entry point could be resolved
https://github.com/Amirosimani/Machine_Learning_Pratt,no_dockerfile,False,0,0,0,,,0,0,0,0,0,False,,False,,False,,False,,False,,False,,no Dockerfile and no fallback entry point found
https://github.com/huihanl/acme-huihan,no_dockerfile,False,0,0,0,,,0,0,0,0,0,False,,False,,False,,False,,False,,False,,no Dockerfile and no fallback entry point found
https://github.com/Abdullah-Alrefaey/Automatic-CaScoring-From-Chest-CT,no_dockerfile,False,0,0,0,,,0,0,0,0,0,False,,False,,False,,False,,False,,False,,no Dockerfile and no fallback entry point found
https://github.com/Kali-Hac/SPC-MGR,no_dockerfile,False,0,0,0,,,0,0,0,0,0,False,,False,,False,,False,,False,,False,,no Dockerfile and no fallback entry point found
https://github.com/silverstar0727/k8s_mlops,no_entry,False,0,9,0,,,0,0,0,0,0,False,,False,,False,,False,,False,,False,,Dockerfile(s) found but no Python entry point could be resolved
https://github.com/roballsopp/tensorflow-classifier-nn,no_dockerfile,False,0,0,0,,,0,0,0,0,0,False,,False,,False,,False,,False,,False,,no Dockerfile and no fallback entry point found
https://github.com/juniorcoders123/polybit-apps-streamlit,no_dockerfile,False,0,0,0,,,0,0,0,0,0,False,,False,,False,,False,,False,,False,,no Dockerfile and no fallback entry point found
https://github.com/miniautonomous/engine_ai,no_dockerfile,False,0,0,0,,,0,0,0,0,0,False,,False,,False,,False,,False,,False,,no Dockerfile and no fallback entry point found
https://github.com/4PT5/PersonalTraining-for-Visually-Impaired,no_dockerfile,False,0,0,0,,,0,0,0,0,0,False,,False,,False,,False,,False,,False,,no Dockerfile and no fallback entry point found
https://github.com/golmschenk/ml4a,no_dockerfile,False,0,0,0,,,0,0,0,0,0,False,,False,,False,,False,,False,,False,,no Dockerfile and no fallback entry point found
https://github.com/ryersonburdick/sparse_rewards_transformer_games,no_dockerfile,False,0,0,0,,,0,0,0,0,0,False,,False,,False,,False,,False,,False,,no Dockerfile and no fallback entry point found
https://github.com/Nomannoman/rasa-rocketchat,no_entry,False,0,2,0,,,0,0,0,0,0,False,,False,,False,,False,,False,,False,,Dockerfile(s) found but no Python entry point could be resolved
https://github.com/mengsong16/garage,no_entry,False,0,1,0,,,0,0,0,0,0,False,,False,,False,,False,,False,,False,,Dockerfile(s) found but no Python entry point could be resolved
https://github.com/konst8888/ml-utils,no_dockerfile,False,0,0,0,,,0,0,0,0,0,False,,False,,False,,False,,False,,False,,no Dockerfile and no fallback entry point found
https://github.com/aduyphm/Remove-Background,no_dockerfile,False,0,0,0,,,0,0,0,0,0,False,,False,,False,,False,,False,,False,,no Dockerfile and no fallback entry point found
https://github.com/Flora-Ge/Deepface,no_dockerfile,False,0,0,0,,,0,0,0,0,0,False,,False,,False,,False,,False,,False,,no Dockerfile and no fallback entry point found
https://github.com/jukrb0x/SOF106-Project,no_dockerfile,False,0,0,0,,,0,0,0,0,0,False,,False,,False,,False,,False,,False,,no Dockerfile and no fallback entry point found
https://github.com/acse-zrw20/DD-GAN-AE,no_dockerfile,False,0,0,0,,,0,0,0,0,0,False,,False,,False,,False,,False,,False,,no Dockerfile and no fallback entry point found
https://github.com/AleksZhuravlyov/covid_plot,no_dockerfile,False,0,0,0,,,0,0,0,0,0,False,,False,,False,,False,,False,,False,,no Dockerfile and no fallback entry point found
https://github.com/j-bernardi/pessimistic-agents,no_dockerfile,False,0,0,0,,,0,0,0,0,0,False,,False,,False,,False,,False,,False,,no Dockerfile and no fallback entry point found
https://github.com/otokatli/pbdlib-python,no_dockerfile,False,0,0,0,,,0,0,0,0,0,False,,False,,False,,False,,False,,False,,no Dockerfile and no fallback entry point found
https://github.com/DaffRazan/Lunion,no_dockerfile,False,0,0,0,,,0,0,0,0,0,False,,False,,False,,False,,False,,False,,no Dockerfile and no fallback entry point found
https://github.com/ika-rwth-aachen/EviLOG,no_dockerfile,False,0,0,0,,,0,0,0,0,0,False,,False,,False,,False,,False,,False,,no Dockerfile and no fallback entry point found
https://github.com/matiaslindgren/robotini-ddpg,no_dockerfile,False,0,0,0,,,0,0,0,0,0,False,,False,,False,,False,,False,,False,,no Dockerfile and no fallback entry point found
https://github.com/HaoyuanDu12854396/42028-Deep-Learning-Assignment-2,no_dockerfile,False,0,0,0,,,0,0,0,0,0,False,,False,,False,,False,,False,,False,,no Dockerfile and no fallback entry point found
https://github.com/Shikanime/bepeka,no_dockerfile,False,0,0,0,,,0,0,0,0,0,False,,False,,False,,False,,False,,False,,no Dockerfile and no fallback entry point found
https://github.com/pantelis-classes/world-models-latest,no_entry,False,0,3,0,,,0,0,0,0,0,False,,False,,False,,False,,False,,False,,Dockerfile(s) found but no Python entry point could be resolved
https://github.com/Sapphirine/202105-12-AI-Trader,no_dockerfile,False,0,0,0,,,0,0,0,0,0,False,,False,,False,,False,,False,,False,,no Dockerfile and no fallback entry point found
https://github.com/efea-umich/SI-206-Final,no_dockerfile,False,0,0,0,,,0,0,0,0,0,False,,False,,False,,False,,False,,False,,no Dockerfile and no fallback entry point found
https://github.com/learningOrchestra/mlToolKits,no_entry,False,0,12,0,,,0,0,0,0,0,False,,False,,False,,False,,False,,False,,Dockerfile(s) found but no Python entry point could be resolved
https://github.com/doktorov/tensorpack,no_dockerfile,False,0,0,0,,,0,0,0,0,0,False,,False,,False,,False,,False,,False,,no Dockerfile and no fallback entry point found
https://github.com/dclark18/MSDS_Capstone,no_entry,False,0,1,0,,,0,0,0,0,0,False,,False,,False,,False,,False,,False,,Dockerfile(s) found but no Python entry point could be resolved
https://github.com/google/scaaml,no_dockerfile,False,0,0,0,,,0,0,0,0,0,False,,False,,False,,False,,False,,False,,no Dockerfile and no fallback entry point found
https://github.com/chiphuyen/stanford-tensorflow-tutorials,no_dockerfile,False,0,0,0,,,0,0,0,0,0,False,,False,,False,,False,,False,,False,,no Dockerfile and no fallback entry point found
https://github.com/ubipo/paddy,no_dockerfile,False,0,0,0,,,0,0,0,0,0,False,,False,,False,,False,,False,,False,,no Dockerfile and no fallback entry point found
https://github.com/hwanheelee1993/ViLBERTScore,no_dockerfile,False,0,0,0,,,0,0,0,0,0,False,,False,,False,,False,,False,,False,,no Dockerfile and no fallback entry point found
https://github.com/claudiacorreia60/Okapi,no_entry,False,0,7,0,,,0,0,0,0,0,False,,False,,False,,False,,False,,False,,Dockerfile(s) found but no Python entry point could be resolved
https://github.com/tensordiffeq/TensorDiffEq,no_entry,False,0,1,0,,,0,0,0,0,0,False,,False,,False,,False,,False,,False,,Dockerfile(s) found but no Python entry point could be resolved
https://github.com/hutgun11/muti_object_tracking_re3,no_dockerfile,False,0,0,0,,,0,0,0,0,0,False,,False,,False,,False,,False,,False,,no Dockerfile and no fallback entry point found
https://github.com/thiagolrpinho/nlp-similarity-models,no_dockerfile,False,0,0,0,,,0,0,0,0,0,False,,False,,False,,False,,False,,False,,no Dockerfile and no fallback entry point found
https://github.com/jsngalloway/night-trader,no_dockerfile,False,0,0,0,,,0,0,0,0,0,False,,False,,False,,False,,False,,False,,no Dockerfile and no fallback entry point found
https://github.com/Roller23/FriML,no_dockerfile,False,0,0,0,,,0,0,0,0,0,False,,False,,False,,False,,False,,False,,no Dockerfile and no fallback entry point found
https://github.com/glorfindel20/nanodegrees_deep_RL,no_dockerfile,False,0,0,0,,,0,0,0,0,0,False,,False,,False,,False,,False,,False,,no Dockerfile and no fallback entry point found
https://github.com/mingjunwang88/tensor_ikasov,no_dockerfile,False,0,0,0,,,0,0,0,0,0,False,,False,,False,,False,,False,,False,,no Dockerfile and no fallback entry point found
https://github.com/yslahoti/Molecular-Dynamics-AI,no_dockerfile,False,0,0,0,,,0,0,0,0,0,False,,False,,False,,False,,False,,False,,no Dockerfile and no fallback entry point found
https://github.com/Winkielek/projekt_interdyscyplinarny_arimr,no_entry,False,0,1,0,,,0,0,0,0,0,False,,False,,False,,False,,False,,False,,Dockerfile(s) found but no Python entry point could be resolved
https://github.com/paatrycjaa/wedt-toxic-span-detection,no_dockerfile,False,0,0,0,,,0,0,0,0,0,False,,False,,False,,False,,False,,False,,no Dockerfile and no fallback entry point found
https://github.com/tenkeyless/image-keras,no_entry,False,0,1,0,,,0,0,0,0,0,False,,False,,False,,False,,False,,False,,Dockerfile(s) found but no Python entry point could be resolved
https://github.com/imguru-mooc/deep_learning_nlp,no_dockerfile,False,0,0,0,,,0,0,0,0,0,False,,False,,False,,False,,False,,False,,no Dockerfile and no fallback entry point found
https://github.com/aryan096/Liszt-Comprehension,no_dockerfile,False,0,0,0,,,0,0,0,0,0,False,,False,,False,,False,,False,,False,,no Dockerfile and no fallback entry point found
https://github.com/tedwatters/swish-project,no_dockerfile,False,0,0,0,,,0,0,0,0,0,False,,False,,False,,False,,False,,False,,no Dockerfile and no fallback entry point found
https://github.com/NiallJeffrey/MomentNetworks,no_dockerfile,False,0,0,0,,,0,0,0,0,0,False,,False,,False,,False,,False,,False,,no Dockerfile and no fallback entry point found
https://github.com/itsShnik/adaptively-finetuning-transformers,no_dockerfile,False,0,0,0,,,0,0,0,0,0,False,,False,,False,,False,,False,,False,,no Dockerfile and no fallback entry point found
https://github.com/eric-erki/tensorflow-speech-recognition,no_dockerfile,False,0,0,0,,,0,0,0,0,0,False,,False,,False,,False,,False,,False,,no Dockerfile and no fallback entry point found
https://github.com/jonathandunn/text_analytics,no_dockerfile,False,0,0,0,,,0,0,0,0,0,False,,False,,False,,False,,False,,False,,no Dockerfile and no fallback entry point found
https://github.com/ross-rotordynamics/ross-ml,no_dockerfile,False,0,0,0,,,0,0,0,0,0,False,,False,,False,,False,,False,,False,,no Dockerfile and no fallback entry point found
https://github.com/lucasvenez/mult,no_dockerfile,False,0,0,0,,,0,0,0,0,0,False,,False,,False,,False,,False,,False,,no Dockerfile and no fallback entry point found
https://github.com/aidoop/object-tracker-python,no_dockerfile,False,0,0,0,,,0,0,0,0,0,False,,False,,False,,False,,False,,False,,no Dockerfile and no fallback entry point found
https://github.com/najann/CV-training-assets,no_entry,False,0,5,0,,,0,0,0,0,0,False,,False,,False,,False,,False,,False,,Dockerfile(s) found but no Python entry point could be resolved
https://github.com/zhugeyicixin/CS285_DeepRL,no_dockerfile,False,0,0,0,,,0,0,0,0,0,False,,False,,False,,False,,False,,False,,no Dockerfile and no fallback entry point found
https://github.com/N3PDF/evolutionary_keras,no_dockerfile,False,0,0,0,,,0,0,0,0,0,False,,False,,False,,False,,False,,False,,no Dockerfile and no fallback entry point found
https://github.com/lethrez/9321_a3,no_dockerfile,False,0,0,0,,,0,0,0,0,0,False,,False,,False,,False,,False,,False,,no Dockerfile and no fallback entry point found
https://github.com/ankitd3/Athena-Virtual-Classroom,no_dockerfile,False,0,0,0,,,0,0,0,0,0,False,,False,,False,,False,,False,,False,,no Dockerfile and no fallback entry point found
https://github.com/anwar1103/bertprojet,no_dockerfile,False,0,0,0,,,0,0,0,0,0,False,,False,,False,,False,,False,,False,,no Dockerfile and no fallback entry point found
https://github.com/intel-nrc-ecosystem/models,no_dockerfile,False,0,0,0,,,0,0,0,0,0,False,,False,,False,,False,,False,,False,,no Dockerfile and no fallback entry point found
https://github.com/mcgovey/KerasTools,no_dockerfile,False,0,0,0,,,0,0,0,0,0,False,,False,,False,,False,,False,,False,,no Dockerfile and no fallback entry point found
https://github.com/theislab/trVAE,no_dockerfile,False,0,0,0,,,0,0,0,0,0,False,,False,,False,,False,,False,,False,,no Dockerfile and no fallback entry point found
https://github.com/learnerPhan/python_toward_deeplearning,no_dockerfile,False,0,0,0,,,0,0,0,0,0,False,,False,,False,,False,,False,,False,,no Dockerfile and no fallback entry point found
https://github.com/kevinngn99/Fur-Finder-Backend,no_dockerfile,False,0,0,0,,,0,0,0,0,0,False,,False,,False,,False,,False,,False,,no Dockerfile and no fallback entry point found
https://github.com/azalya-green/DFU2020,no_dockerfile,False,0,0,0,,,0,0,0,0,0,False,,False,,False,,False,,False,,False,,no Dockerfile and no fallback entry point found
https://github.com/tiennvcs/CS114.K21.KHTN,no_dockerfile,False,0,0,0,,,0,0,0,0,0,False,,False,,False,,False,,False,,False,,no Dockerfile and no fallback entry point found
https://github.com/ferenc-acs/udacity-deep-reinforcement-learning,no_dockerfile,False,0,0,0,,,0,0,0,0,0,False,,False,,False,,False,,False,,False,,no Dockerfile and no fallback entry point found
https://github.com/TheDim0n/AudioRec,no_dockerfile,False,0,0,0,,,0,0,0,0,0,False,,False,,False,,False,,False,,False,,no Dockerfile and no fallback entry point found
https://github.com/amaarquadri/perfect-information-game,no_dockerfile,False,0,0,0,,,0,0,0,0,0,False,,False,,False,,False,,False,,False,,no Dockerfile and no fallback entry point found
https://github.com/MegEngine/Models,no_dockerfile,False,0,0,0,,,0,0,0,0,0,False,,False,,False,,False,,False,,False,,no Dockerfile and no fallback entry point found
https://github.com/noahtren/Cooperative-Communication-Networks,no_dockerfile,False,0,0,0,,,0,0,0,0,0,False,,False,,False,,False,,False,,False,,no Dockerfile and no fallback entry point found
https://github.com/amos3vt/ASWW2,no_dockerfile,False,0,0,0,,,0,0,0,0,0,False,,False,,False,,False,,False,,False,,no Dockerfile and no fallback entry point found
https://github.com/ricardordb/bert,no_dockerfile,False,0,0,0,,,0,0,0,0,0,False,,False,,False,,False,,False,,False,,no Dockerfile and no fallback entry point found
https://github.com/MadeByLeine/FVD-Models,no_dockerfile,False,0,0,0,,,0,0,0,0,0,False,,False,,False,,False,,False,,False,,no Dockerfile and no fallback entry point found
https://github.com/mederrata/spmf,no_entry,False,0,1,0,,,0,0,0,0,0,False,,False,,False,,False,,False,,False,,Dockerfile(s) found but no Python entry point could be resolved
https://github.com/uqam-project/REN,no_dockerfile,False,0,0,0,,,0,0,0,0,0,False,,False,,False,,False,,False,,False,,no Dockerfile and no fallback entry point found
https://github.com/akarshkumar0101/DSProject,no_dockerfile,False,0,0,0,,,0,0,0,0,0,False,,False,,False,,False,,False,,False,,no Dockerfile and no fallback entry point found
https://github.com/tarrade/proj_multilingual_text_classification,no_entry,False,0,3,0,,,0,0,0,0,0,False,,False,,False,,False,,False,,False,,Dockerfile(s) found but no Python entry point could be resolved
https://github.com/Build-Week-Spotify-Song-Recommender/data-science,no_dockerfile,False,0,0,0,,,0,0,0,0,0,False,,False,,False,,False,,False,,False,,no Dockerfile and no fallback entry point found
https://github.com/eric-erki/Python,no_dockerfile,False,0,0,0,,,0,0,0,0,0,False,,False,,False,,False,,False,,False,,no Dockerfile and no fallback entry point found
https://github.com/gniehaus/NLP-Earning-Transcripts,no_dockerfile,False,0,0,0,,,0,0,0,0,0,False,,False,,False,,False,,False,,False,,no Dockerfile and no fallback entry point found
https://github.com/matthiaspfenninger/odsc-simplify-ml-workflows,no_dockerfile,False,0,0,0,,,0,0,0,0,0,False,,False,,False,,False,,False,,False,,no Dockerfile and no fallback entry point found
https://github.com/trekhleb/machine-learning-experiments,no_dockerfile,False,0,0,0,,,0,0,0,0,0,False,,False,,False,,False,,False,,False,,no Dockerfile and no fallback entry point found
https://github.com/kristalys47/Examples_Book,no_entry,False,0,2,0,,,0,0,0,0,0,False,,False,,False,,False,,False,,False,,Dockerfile(s) found but no Python entry point could be resolved
https://github.com/yosibekkerheusler/aws,no_entry,False,0,31,1,,dockerfile,0,0,0,0,0,False,,False,,False,,False,,False,,False,,no resolved entry point yielded a usable call graph
https://github.com/sratgh/CarND-Capstone,no_entry,False,0,1,0,,,0,0,0,0,0,False,,False,,False,,False,,False,,False,,Dockerfile(s) found but no Python entry point could be resolved
https://github.com/JoseSoto9305/Agricultural-Irrigation-Ponds-Detection,no_dockerfile,False,0,0,0,,,0,0,0,0,0,False,,False,,False,,False,,False,,False,,no Dockerfile and no fallback entry point found
https://github.com/jiahenghuang/machine-learning-heng,no_dockerfile,False,0,0,0,,,0,0,0,0,0,False,,False,,False,,False,,False,,False,,no Dockerfile and no fallback entry point found
https://github.com/EmptyJackson/video-super-resolution,no_dockerfile,False,0,0,0,,,0,0,0,0,0,False,,False,,False,,False,,False,,False,,no Dockerfile and no fallback entry point found
https://github.com/jackhhchan/fact-verification-system,no_entry,False,0,1,0,,,0,0,0,0,0,False,,False,,False,,False,,False,,False,,Dockerfile(s) found but no Python entry point could be resolved
https://github.com/KChen-lab/Cyclum,no_dockerfile,False,0,0,0,,,0,0,0,0,0,False,,False,,False,,False,,False,,False,,no Dockerfile and no fallback entry point found
https://github.com/rajakumar05032000/Anti-theiving-Transport-system,no_dockerfile,False,0,0,0,,,0,0,0,0,0,False,,False,,False,,False,,False,,False,,no Dockerfile and no fallback entry point found
https://github.com/dmitryduev/kowalski,no_entry,False,0,3,0,,,0,0,0,0,0,False,,False,,False,,False,,False,,False,,Dockerfile(s) found but no Python entry point could be resolved
https://github.com/alexdaniel654/Renal_Segmentor,no_dockerfile,False,0,0,0,,,0,0,0,0,0,False,,False,,False,,False,,False,,False,,no Dockerfile and no fallback entry point found
https://github.com/iantheconway/network_width_and_transfer_learning,no_dockerfile,False,0,0,0,,,0,0,0,0,0,False,,False,,False,,False,,False,,False,,no Dockerfile and no fallback entry point found
https://github.com/emsal0/pkmn_doesnotexist,no_dockerfile,False,0,0,0,,,0,0,0,0,0,False,,False,,False,,False,,False,,False,,no Dockerfile and no fallback entry point found
https://github.com/coreyjadams/CosmicTagger,no_dockerfile,False,0,0,0,,,0,0,0,0,0,False,,False,,False,,False,,False,,False,,no Dockerfile and no fallback entry point found
https://github.com/DottD/Masterprint-attempt,no_dockerfile,False,0,0,0,,,0,0,0,0,0,False,,False,,False,,False,,False,,False,,no Dockerfile and no fallback entry point found
https://github.com/yan-roo/Mask_RCNN-TinyVOC,no_dockerfile,False,0,0,0,,,0,0,0,0,0,False,,False,,False,,False,,False,,False,,no Dockerfile and no fallback entry point found
https://github.com/BrianOfrim/recyclops,no_dockerfile,False,0,0,0,,,0,0,0,0,0,False,,False,,False,,False,,False,,False,,no Dockerfile and no fallback entry point found
https://github.com/sebdei/deep_nlp_clustering,no_entry,False,0,3,0,,,0,0,0,0,0,False,,False,,False,,False,,False,,False,,Dockerfile(s) found but no Python entry point could be resolved
https://github.com/gaphex/bert_experimental,no_dockerfile,False,0,0,0,,,0,0,0,0,0,False,,False,,False,,False,,False,,False,,no Dockerfile and no fallback entry point found
https://github.com/roccqqck/news_bert,no_dockerfile,False,0,0,0,,,0,0,0,0,0,False,,False,,False,,False,,False,,False,,no Dockerfile and no fallback entry point found
https://github.com/derlem/kanarya,no_dockerfile,False,0,0,0,,,0,0,0,0,0,False,,False,,False,,False,,False,,False,,no Dockerfile and no fallback entry point found
https://github.com/Golden007Credentials/https-github.com-TheAlgorithms-Python,no_dockerfile,False,0,0,0,,,0,0,0,0,0,False,,False,,False,,False,,False,,False,,no Dockerfile and no fallback entry point found
https://github.com/mboudiaf/Mutual-Information-Variational-Bounds,no_dockerfile,False,0,0,0,,,0,0,0,0,0,False,,False,,False,,False,,False,,False,,no Dockerfile and no fallback entry point found
https://github.com/sweetpand/streamlit.io,no_entry,False,0,2,0,,,0,0,0,0,0,False,,False,,False,,False,,False,,False,,Dockerfile(s) found but no Python entry point could be resolved
https://github.com/SmirnovAlexander/JBCoreSamples,no_dockerfile,False,0,0,0,,,0,0,0,0,0,False,,False,,False,,False,,False,,False,,no Dockerfile and no fallback entry point found
https://github.com/Ahish9009/CarAI,no_dockerfile,False,0,0,0,,,0,0,0,0,0,False,,False,,False,,False,,False,,False,,no Dockerfile and no fallback entry point found
https://github.com/dbis-uibk/MediaEval2019,no_dockerfile,False,0,0,0,,,0,0,0,0,0,False,,False,,False,,False,,False,,False,,no Dockerfile and no fallback entry point found
https://github.com/eric-erki/Mask-R-CNN,no_dockerfile,False,0,0,0,,,0,0,0,0,0,False,,False,,False,,False,,False,,False,,no Dockerfile and no fallback entry point found
https://github.com/openvinotoolkit/open_model_zoo,no_dockerfile,False,0,0,0,,,0,0,0,0,0,False,,False,,False,,False,,False,,False,,no Dockerfile and no fallback entry point found
https://github.com/amansrivastava17/embedding-as-service,no_entry,False,0,1,0,,,0,0,0,0,0,False,,False,,False,,False,,False,,False,,Dockerfile(s) found but no Python entry point could be resolved
https://github.com/gergely-flamich/miracle-compression,no_dockerfile,False,0,0,0,,,0,0,0,0,0,False,,False,,False,,False,,False,,False,,no Dockerfile and no fallback entry point found
https://github.com/verivital/nnvmt,no_dockerfile,False,0,0,0,,,0,0,0,0,0,False,,False,,False,,False,,False,,False,,no Dockerfile and no fallback entry point found
https://github.com/syin3/cs224w-traffic,no_dockerfile,False,0,0,0,,,0,0,0,0,0,False,,False,,False,,False,,False,,False,,no Dockerfile and no fallback entry point found
https://github.com/gmalivenko/onnx2keras,no_dockerfile,False,0,0,0,,,0,0,0,0,0,False,,False,,False,,False,,False,,False,,no Dockerfile and no fallback entry point found
https://github.com/epigen/KPNN,no_dockerfile,False,0,0,0,,,0,0,0,0,0,False,,False,,False,,False,,False,,False,,no Dockerfile and no fallback entry point found
https://github.com/puneethshankar/slum-segmentation,no_dockerfile,False,0,0,0,,,0,0,0,0,0,False,,False,,False,,False,,False,,False,,no Dockerfile and no fallback entry point found
https://github.com/google-research/tensor2robot,no_dockerfile,False,0,0,0,,,0,0,0,0,0,False,,False,,False,,False,,False,,False,,no Dockerfile and no fallback entry point found
https://github.com/sethdumaguin/datax-spotify,no_dockerfile,False,0,0,0,,,0,0,0,0,0,False,,False,,False,,False,,False,,False,,no Dockerfile and no fallback entry point found
https://github.com/MartinEliasQ/DeepStyleTransfer,no_entry,False,0,1,0,,,0,0,0,0,0,False,,False,,False,,False,,False,,False,,Dockerfile(s) found but no Python entry point could be resolved
https://github.com/pborczyk/CNN-FER,no_dockerfile,False,0,0,0,,,0,0,0,0,0,False,,False,,False,,False,,False,,False,,no Dockerfile and no fallback entry point found
https://github.com/rudesh/Machine-Learning,no_dockerfile,False,0,0,0,,,0,0,0,0,0,False,,False,,False,,False,,False,,False,,no Dockerfile and no fallback entry point found
https://github.com/NCAR/goes16ci,no_entry,False,0,1,0,,,0,0,0,0,0,False,,False,,False,,False,,False,,False,,Dockerfile(s) found but no Python entry point could be resolved
https://github.com/klmilam/columbia-ad-17,no_dockerfile,False,0,0,0,,,0,0,0,0,0,False,,False,,False,,False,,False,,False,,no Dockerfile and no fallback entry point found
https://github.com/Winaway/System_integration_project,no_entry,False,0,1,0,,,0,0,0,0,0,False,,False,,False,,False,,False,,False,,Dockerfile(s) found but no Python entry point could be resolved
https://github.com/markmoses/GPflow_mm_ver1,no_entry,False,0,1,0,,,0,0,0,0,0,False,,False,,False,,False,,False,,False,,Dockerfile(s) found but no Python entry point could be resolved
https://github.com/ai-game-lincoln-uni/ai-game,no_dockerfile,False,0,0,0,,,0,0,0,0,0,False,,False,,False,,False,,False,,False,,no Dockerfile and no fallback entry point found
https://github.com/ilseokoh/custom-vision-iot-edge,no_entry,False,0,12,0,,,0,0,0,0,0,False,,False,,False,,False,,False,,False,,Dockerfile(s) found but no Python entry point could be resolved
https://github.com/gabrielgarza/Mask_RCNN,no_entry,False,0,2,0,,,0,0,0,0,0,False,,False,,False,,False,,False,,False,,Dockerfile(s) found but no Python entry point could be resolved
https://github.com/incredelous/bert_reader,no_dockerfile,False,0,0,0,,,0,0,0,0,0,False,,False,,False,,False,,False,,False,,no Dockerfile and no fallback entry point found
https://github.com/saurabhgupta17888/deep-learning,clone_failed,False,0,0,0,,,0,0,0,0,0,False,,False,,False,,False,,False,,False,,error: could not lock config file D:/scan_tmp/scan_b0xsrnx1/repo/.git/config: No space left on device
https://github.com/NikhilSinha0/NBA-Game-Predictions,no_dockerfile,False,0,0,0,,,0,0,0,0,0,False,,False,,False,,False,,False,,False,,no Dockerfile and no fallback entry point found
https://github.com/innodatalabs/tbert,no_dockerfile,False,0,0,0,,,0,0,0,0,0,False,,False,,False,,False,,False,,False,,no Dockerfile and no fallback entry point found
https://github.com/linked0/deep-rl,no_dockerfile,False,0,0,0,,,0,0,0,0,0,False,,False,,False,,False,,False,,False,,no Dockerfile and no fallback entry point found
https://github.com/levkovalenko/finance-ml,no_dockerfile,False,0,0,0,,,0,0,0,0,0,False,,False,,False,,False,,False,,False,,no Dockerfile and no fallback entry point found
https://github.com/leonhardrocha/tensorflow_cs20,no_dockerfile,False,0,0,0,,,0,0,0,0,0,False,,False,,False,,False,,False,,False,,no Dockerfile and no fallback entry point found
https://github.com/ntaylorwss/pavlov,no_entry,False,0,1,0,,,0,0,0,0,0,False,,False,,False,,False,,False,,False,,Dockerfile(s) found but no Python entry point could be resolved
https://github.com/pengzhao99/fast_ai_study,clone_failed,False,0,0,0,,,0,0,0,0,0,False,,False,,False,,False,,False,,False,,error: unable to write file deeplearning2/neural-sr.ipynb
https://github.com/JoergFranke/ADNC,clone_failed,False,0,0,0,,,0,0,0,0,0,False,,False,,False,,False,,False,,False,,fatal: write error: No space left on device
https://github.com/nasty-bos/machine_learning,no_dockerfile,False,0,0,0,,,0,0,0,0,0,False,,False,,False,,False,,False,,False,,no Dockerfile and no fallback entry point found
https://github.com/HackQC18-XVI/snaptrash-server,clone_failed,False,0,0,0,,,0,0,0,0,0,False,,False,,False,,False,,False,,False,,fatal: write error: No space left on device
https://github.com/nvmoyar/dl--lab,no_dockerfile,False,0,0,0,,,0,0,0,0,0,False,,False,,False,,False,,False,,False,,no Dockerfile and no fallback entry point found
https://github.com/kyper999/tensorflow-ocr,no_dockerfile,False,0,0,0,,,0,0,0,0,0,False,,False,,False,,False,,False,,False,,no Dockerfile and no fallback entry point found
https://github.com/thtrieu/darkflow,clone_failed,False,0,0,0,,,0,0,0,0,0,False,,False,,False,,False,,False,,False,,fatal: write error: No space left on device
https://github.com/DavidSchott/ChatBot,clone_failed,False,0,0,0,,,0,0,0,0,0,False,,False,,False,,False,,False,,False,,fatal: write error: No space left on device
https://github.com/debajyotidatta/multiNLI_mod,no_dockerfile,False,0,0,0,,,0,0,0,0,0,False,,False,,False,,False,,False,,False,,no Dockerfile and no fallback entry point found
https://github.com/mmsarode/CarND-Capstone,clone_failed,False,0,0,0,,,0,0,0,0,0,False,,False,,False,,False,,False,,False,,error: unable to write file imgs/open_simulator.png
https://github.com/drjerry/cve-score,no_dockerfile,False,0,0,0,,,0,0,0,0,0,False,,False,,False,,False,,False,,False,,no Dockerfile and no fallback entry point found
https://github.com/rickyHong/DQN-good-case-02,no_dockerfile,False,0,0,0,,,0,0,0,0,0,False,,False,,False,,False,,False,,False,,no Dockerfile and no fallback entry point found
https://github.com/sordonia120446/cs256_hw3,no_dockerfile,False,0,0,0,,,0,0,0,0,0,False,,False,,False,,False,,False,,False,,no Dockerfile and no fallback entry point found
https://github.com/huangshunliang/deep-learning-tf-stanford,clone_failed,False,0,0,0,,,0,0,0,0,0,False,,False,,False,,False,,False,,False,,error: could not lock config file D:/scan_tmp/scan_xprji4qj/repo/.git/config: No space left on device
https://github.com/owenlss/darkflow,clone_failed,False,0,0,0,,,0,0,0,0,0,False,,False,,False,,False,,False,,False,,fatal: write error: No space left on device
https://github.com/igolas0/Real-Self-Driving-Car-Capstone-Project,clone_failed,False,0,0,0,,,0,0,0,0,0,False,,False,,False,,False,,False,,False,,fatal: write error: No space left on device
https://github.com/veniversum/baselines-old,clone_failed,False,0,0,0,,,0,0,0,0,0,False,,False,,False,,False,,False,,False,,fatal: write error: No space left on device
https://github.com/sepmein/turtle,clone_failed,False,0,0,0,,,0,0,0,0,0,False,,False,,False,,False,,False,,False,,error: unable to write file data/generated/gen_feature_data_cv.csv
https://github.com/triagemd/keras-eval,clone_failed,False,0,0,0,,,0,0,0,0,0,False,,False,,False,,False,,False,,False,,fatal: write error: No space left on device
https://github.com/jfloff/pywFM,no_entry,False,0,2,0,,,0,0,0,0,0,False,,False,,False,,False,,False,,False,,Dockerfile(s) found but no Python entry point could be resolved
https://github.com/r3kall/ADMM-NeuralNetwork,no_dockerfile,False,0,0,0,,,0,0,0,0,0,False,,False,,False,,False,,False,,False,,no Dockerfile and no fallback entry point found
https://github.com/luyang1210/recordL,clone_failed,False,0,0,0,,,0,0,0,0,0,False,,False,,False,,False,,False,,False,,error: unable to write file recordlinkage/datasets/febrl/dataset2.csv
https://github.com/sklearn-theano/sklearn-theano,clone_failed,False,0,0,0,,,0,0,0,0,0,False,,False,,False,,False,,False,,False,,fatal: write error: No space left on device
https://github.com/biocore/calour,clone_failed,False,0,0,0,,,0,0,0,0,0,False,,False,,False,,False,,False,,False,,fatal: write error: No space left on device
https://github.com/dbuscombe-usgs/PyHum,clone_failed,False,0,0,0,,,0,0,0,0,0,False,,False,,False,,False,,False,,False,,fatal: write error: No space left on device
https://github.com/Mogeng/IOHMM,clone_failed,False,0,0,0,,,0,0,0,0,0,False,,False,,False,,False,,False,,False,,fatal: write error: No space left on device
https://github.com/visualfabriq/portalytics,clone_failed,False,0,0,0,,,0,0,0,0,0,False,,False,,False,,False,,False,,False,,error: copy-fd: write returned: No space left on device
https://github.com/kbmlab/BioFeatureFinder,clone_failed,False,0,0,0,,,0,0,0,0,0,False,,False,,False,,False,,False,,False,,fatal: write error: No space left on device
https://github.com/jehung/universal_portfolio,clone_failed,False,0,0,0,,,0,0,0,0,0,False,,False,,False,,False,,False,,False,,fatal: write error: No space left on device
https://github.com/am1tyadav/teal,clone_failed,False,0,0,0,,,0,0,0,0,0,False,,False,,False,,False,,False,,False,,fatal: write error: No space left on device
https://github.com/ZanzyTHEbar/UFO-Detector,clone_failed,False,0,0,0,,,0,0,0,0,0,False,,False,,False,,False,,False,,False,,fatal: write error: No space left on device
https://github.com/GoogleCloudPlatform/python-docs-samples,clone_failed,False,0,0,0,,,0,0,0,0,0,False,,False,,False,,False,,False,,False,,fatal: write error: No space left on device
https://github.com/mikepapadim/collage-non-tvm-fork,clone_failed,False,0,0,0,,,0,0,0,0,0,False,,False,,False,,False,,False,,False,,fatal: write error: No space left on device
https://github.com/BYU-PRISM/Seeq,clone_failed,False,0,0,0,,,0,0,0,0,0,False,,False,,False,,False,,False,,False,,error: copy-fd: write returned: No space left on device
https://github.com/ZAKAUDD/pytorch-tutorial,clone_failed,False,0,0,0,,,0,0,0,0,0,False,,False,,False,,False,,False,,False,,fatal: write error: No space left on device
https://github.com/jieqicao/ML2,clone_failed,False,0,0,0,,,0,0,0,0,0,False,,False,,False,,False,,False,,False,,error: copy-fd: write returned: No space left on device
https://github.com/VestiDev/building-machine-learning-pipelines-book,clone_failed,False,0,0,0,,,0,0,0,0,0,False,,False,,False,,False,,False,,False,,error: copy-fd: write returned: No space left on device
https://github.com/boxiangliu/enformer-pytorch,clone_failed,False,0,0,0,,,0,0,0,0,0,False,,False,,False,,False,,False,,False,,fatal: write error: No space left on device
https://github.com/1sTeam/all-knu-ml,clone_failed,False,0,0,0,,,0,0,0,0,0,False,,False,,False,,False,,False,,False,,error: copy-fd: write returned: No space left on device
https://github.com/keepsimpler/replicator,clone_failed,False,0,0,0,,,0,0,0,0,0,False,,False,,False,,False,,False,,False,,error: copy-fd: write returned: No space left on device
https://github.com/avidito/dmt-share-ws-nlp,clone_failed,False,0,0,0,,,0,0,0,0,0,False,,False,,False,,False,,False,,False,,error: copy-fd: write returned: No space left on device
https://github.com/AframGakk/GAN_pipe,clone_failed,False,0,0,0,,,0,0,0,0,0,False,,False,,False,,False,,False,,False,,error: unable to write file ControllerService/tests/unit/test_JobService.py
https://github.com/ddxygq/PyCode,clone_failed,False,0,0,0,,,0,0,0,0,0,False,,False,,False,,False,,False,,False,,error: copy-fd: write returned: No space left on device
https://github.com/tcoln/tfmodels,clone_failed,False,0,0,0,,,0,0,0,0,0,False,,False,,False,,False,,False,,False,,error: copy-fd: write returned: No space left on device
https://github.com/AppliedDynamicMechanics/Deterministic-Policy-Gradient-Cell-Migration,clone_failed,False,0,0,0,,,0,0,0,0,0,False,,False,,False,,False,,False,,False,,error: copy-fd: write returned: No space left on device
https://github.com/newera-001/motor-system,clone_failed,False,0,0,0,,,0,0,0,0,0,False,,False,,False,,False,,False,,False,,error: copy-fd: write returned: No space left on device
https://github.com/PoCInnovation/Sharkticon,clone_failed,False,0,0,0,,,0,0,0,0,0,False,,False,,False,,False,,False,,False,,fatal: write error: No space left on device
https://github.com/keti-dp/OpenESS,clone_failed,False,0,0,0,,,0,0,0,0,0,False,,False,,False,,False,,False,,False,,error: copy-fd: write returned: No space left on device
https://github.com/Nauheimer/swtp-ocr,clone_failed,False,0,0,0,,,0,0,0,0,0,False,,False,,False,,False,,False,,False,,fatal: cannot copy 'C:/Program Files/Git/mingw64/share/git-core/templates/hooks/pre-commit.sample' to 'D:/scan_tmp/scan_3qfp8xoh/repo/.git/hooks/pre-commit.sample': No space left on device
https://github.com/Ronak0310/Traffic-Sign-Detection-and-Classification,clone_failed,False,0,0,0,,,0,0,0,0,0,False,,False,,False,,False,,False,,False,,fatal: write error: No space left on device
https://github.com/yashshrivastavaa/Mask-Detection-Security,clone_failed,False,0,0,0,,,0,0,0,0,0,False,,False,,False,,False,,False,,False,,error: copy-fd: write returned: No space left on device
https://github.com/juanse1608/AST-ImageCaptioning,clone_failed,False,0,0,0,,,0,0,0,0,0,False,,False,,False,,False,,False,,False,,error: copy-fd: write returned: No space left on device
https://github.com/Piyushak/Mask-RCNN,clone_failed,False,0,0,0,,,0,0,0,0,0,False,,False,,False,,False,,False,,False,,error: copy-fd: write returned: No space left on device
https://github.com/leondgarse/keras_efficientnet_v2,clone_failed,False,0,0,0,,,0,0,0,0,0,False,,False,,False,,False,,False,,False,,error: copy-fd: write returned: No space left on device
https://github.com/tunthunchawin/covid19-radiography,clone_failed,False,0,0,0,,,0,0,0,0,0,False,,False,,False,,False,,False,,False,,error: copy-fd: write returned: No space left on device
https://github.com/adtak/ikuta-ml,clone_failed,False,0,0,0,,,0,0,0,0,0,False,,False,,False,,False,,False,,False,,error: copy-fd: write returned: No space left on device
https://github.com/19522224/CS114.L21,clone_failed,False,0,0,0,,,0,0,0,0,0,False,,False,,False,,False,,False,,False,,error: copy-fd: write returned: No space left on device
https://github.com/thedivyanshuyadav/ISENW,clone_failed,False,0,0,0,,,0,0,0,0,0,False,,False,,False,,False,,False,,False,,fatal: write error: No space left on device
https://github.com/WorksApplications/SudachiTra,clone_failed,False,0,0,0,,,0,0,0,0,0,False,,False,,False,,False,,False,,False,,fatal: write error: No space left on device
https://github.com/AtrejuArtax/aironsuit,clone_failed,False,0,0,0,,,0,0,0,0,0,False,,False,,False,,False,,False,,False,,fatal: write error: No space left on device
https://github.com/teticio/Discogs,clone_failed,False,0,0,0,,,0,0,0,0,0,False,,False,,False,,False,,False,,False,,fatal: write error: No space left on device
https://github.com/charlottesuaud/birds,clone_failed,False,0,0,0,,,0,0,0,0,0,False,,False,,False,,False,,False,,False,,error: copy-fd: write returned: No space left on device
https://github.com/alckasoc/LearningML-Projects,clone_failed,False,0,0,0,,,0,0,0,0,0,False,,False,,False,,False,,False,,False,,error: copy-fd: write returned: No space left on device
https://github.com/dltmdgh1994/Driver-Protection-Service,clone_failed,False,0,0,0,,,0,0,0,0,0,False,,False,,False,,False,,False,,False,,error: copy-fd: write returned: No space left on device
https://github.com/RansML/wut_temp_dev,clone_failed,False,0,0,0,,,0,0,0,0,0,False,,False,,False,,False,,False,,False,,error: copy-fd: write returned: No space left on device
https://github.com/romulofff/gym-hero,clone_failed,False,0,0,0,,,0,0,0,0,0,False,,False,,False,,False,,False,,False,,error: copy-fd: write returned: No space left on device
https://github.com/shl418/World-Model,clone_failed,False,0,0,0,,,0,0,0,0,0,False,,False,,False,,False,,False,,False,,error: copy-fd: write returned: No space left on device
https://github.com/pathikg/Real-Time-Sign-Language-Recognition,clone_failed,False,0,0,0,,,0,0,0,0,0,False,,False,,False,,False,,False,,False,,fatal: write error: No space left on device
https://github.com/irenedepacina/final_project,clone_failed,False,0,0,0,,,0,0,0,0,0,False,,False,,False,,False,,False,,False,,error: copy-fd: write returned: No space left on device
https://github.com/GlaIZier/ml-experiments,clone_failed,False,0,0,0,,,0,0,0,0,0,False,,False,,False,,False,,False,,False,,fatal: write error: No space left on device
https://github.com/aws-samples/amazon-sagemaker-script-mode,clone_failed,False,0,0,0,,,0,0,0,0,0,False,,False,,False,,False,,False,,False,,error: copy-fd: write returned: No space left on device
https://github.com/Sonal778/spinner,clone_failed,False,0,0,0,,,0,0,0,0,0,False,,False,,False,,False,,False,,False,,fatal: write error: No space left on device
https://github.com/CircuitLaunch/colab_reachy_ros,clone_failed,False,0,0,0,,,0,0,0,0,0,False,,False,,False,,False,,False,,False,,fatal: write error: No space left on device
https://github.com/ucfai/team-cvlearn,clone_failed,False,0,0,0,,,0,0,0,0,0,False,,False,,False,,False,,False,,False,,error: copy-fd: write returned: No space left on device
https://github.com/BbChip0103/keras_application_3D,clone_failed,False,0,0,0,,,0,0,0,0,0,False,,False,,False,,False,,False,,False,,error: copy-fd: write returned: No space left on device
https://github.com/dhandl/mask_rcnn_tf2,clone_failed,False,0,0,0,,,0,0,0,0,0,False,,False,,False,,False,,False,,False,,error: copy-fd: write returned: No space left on device
https://github.com/deep-oc-test/benchmarks_cnn_api,clone_failed,False,0,0,0,,,0,0,0,0,0,False,,False,,False,,False,,False,,False,,error: copy-fd: write returned: No space left on device
https://github.com/DarkXenoZ/infer-backend,clone_failed,False,0,0,0,,,0,0,0,0,0,False,,False,,False,,False,,False,,False,,fatal: write error: No space left on device
https://github.com/theQuert/inlpfun,clone_failed,False,0,0,0,,,0,0,0,0,0,False,,False,,False,,False,,False,,False,,fatal: write error: No space left on device
https://github.com/lucialaforgia/deep_comedy,clone_failed,False,0,0,0,,,0,0,0,0,0,False,,False,,False,,False,,False,,False,,fatal: write error: No space left on device
https://github.com/shawnhung0714/Mask_RCNN_IVD,clone_failed,False,0,0,0,,,0,0,0,0,0,False,,False,,False,,False,,False,,False,,fatal: write error: No space left on device
https://github.com/rakehsaleem/Crack-Detection-TF-1.x.x,clone_failed,False,0,0,0,,,0,0,0,0,0,False,,False,,False,,False,,False,,False,,error: copy-fd: write returned: No space left on device
https://github.com/sri28vignesh/Automated-Sudoku-Solver,clone_failed,False,0,0,0,,,0,0,0,0,0,False,,False,,False,,False,,False,,False,,error: copy-fd: write returned: No space left on device
https://github.com/minjaelee0727/stock-trading-bot,clone_failed,False,0,0,0,,,0,0,0,0,0,False,,False,,False,,False,,False,,False,,error: copy-fd: write returned: No space left on device
https://github.com/Grusinator/personal-data-api,clone_failed,False,0,0,0,,,0,0,0,0,0,False,,False,,False,,False,,False,,False,,error: copy-fd: write returned: No space left on device
https://github.com/Mudit7/Face-Recognition-based-Attendance-System,clone_failed,False,0,0,0,,,0,0,0,0,0,False,,False,,False,,False,,False,,False,,fatal: write error: No space left on device
https://github.com/NCATSTranslator/Explanatory-Agent,clone_failed,False,0,0,0,,,0,0,0,0,0,False,,False,,False,,False,,False,,False,,error: copy-fd: write returned: No space left on device
https://github.com/deep-life/fbGAN,clone_failed,False,0,0,0,,,0,0,0,0,0,False,,False,,False,,False,,False,,False,,error: copy-fd: write returned: No space left on device
https://github.com/kwonmha/bert-multigpu-fp16-tf1,clone_failed,False,0,0,0,,,0,0,0,0,0,False,,False,,False,,False,,False,,False,,error: copy-fd: write returned: No space left on device
https://github.com/Johyeonje/TrackPerformerAlgorism,clone_failed,False,0,0,0,,,0,0,0,0,0,False,,False,,False,,False,,False,,False,,error: copy-fd: write returned: No space left on device
https://github.com/Denbergvanthijs/imbDRLAppendix,clone_failed,False,0,0,0,,,0,0,0,0,0,False,,False,,False,,False,,False,,False,,error: could not lock config file D:/scan_tmp/scan_yl2npwgl/repo/.git/config: No space left on device
https://github.com/piyushy1/AdaptiveVidWindows,clone_failed,False,0,0,0,,,0,0,0,0,0,False,,False,,False,,False,,False,,False,,error: could not lock config file D:/scan_tmp/scan_ddc6b1cv/repo/.git/config: No space left on device
https://github.com/cmu-transparency/lib-attribution,clone_failed,False,0,0,0,,,0,0,0,0,0,False,,False,,False,,False,,False,,False,,error: could not lock config file D:/scan_tmp/scan_wkg728m7/repo/.git/config: No space left on device
https://github.com/aporia3517/tensorflow-models,clone_failed,False,0,0,0,,,0,0,0,0,0,False,,False,,False,,False,,False,,False,,error: copy-fd: write returned: No space left on device
https://github.com/julescarpentier/classifii,clone_failed,False,0,0,0,,,0,0,0,0,0,False,,False,,False,,False,,False,,False,,error: copy-fd: write returned: No space left on device
https://github.com/WM-SEMERU/SecureReqNet,clone_failed,False,0,0,0,,,0,0,0,0,0,False,,False,,False,,False,,False,,False,,error: copy-fd: write returned: No space left on device
https://github.com/Prot78/Deep-learning-for-glioblastoma-tumor-volume-segmentation-in-mouse,clone_failed,False,0,0,0,,,0,0,0,0,0,False,,False,,False,,False,,False,,False,,error: could not lock config file D:/scan_tmp/scan_pm8ou2n2/repo/.git/config: No space left on device
https://github.com/Visual-modelling/visual_modelling,clone_failed,False,0,0,0,,,0,0,0,0,0,False,,False,,False,,False,,False,,False,,error: could not lock config file D:/scan_tmp/scan_mzenqhb3/repo/.git/config: No space left on device
https://github.com/MIT-AI-Accelerator/neurips-2020-sevir,clone_failed,False,0,0,0,,,0,0,0,0,0,False,,False,,False,,False,,False,,False,,error: could not lock config file D:/scan_tmp/scan_gv4wnkx2/repo/.git/config: No space left on device
https://github.com/ayoolaolafenwa/PixelLib,clone_failed,False,0,0,0,,,0,0,0,0,0,False,,False,,False,,False,,False,,False,,fatal: write error: No space left on device
https://github.com/zeidspex/f2019-dm,clone_failed,False,0,0,0,,,0,0,0,0,0,False,,False,,False,,False,,False,,False,,error: could not lock config file D:/scan_tmp/scan_l3yrmfch/repo/.git/config: No space left on device
https://github.com/faruba/DRAGAN-keras,clone_failed,False,0,0,0,,,0,0,0,0,0,False,,False,,False,,False,,False,,False,,error: could not lock config file D:/scan_tmp/scan_19slgiq8/repo/.git/config: No space left on device
https://github.com/masayoshi64/brutus-web,clone_failed,False,0,0,0,,,0,0,0,0,0,False,,False,,False,,False,,False,,False,,error: could not lock config file D:/scan_tmp/scan_c0r23s2x/repo/.git/config: No space left on device
https://github.com/git-davi/EyeOnArt,clone_failed,False,0,0,0,,,0,0,0,0,0,False,,False,,False,,False,,False,,False,,error: could not lock config file D:/scan_tmp/scan_hf26z8b9/repo/.git/config: No space left on device
https://github.com/IGITUGraz/eligibility_propagation,clone_failed,False,0,0,0,,,0,0,0,0,0,False,,False,,False,,False,,False,,False,,fatal: write error: No space left on device
https://github.com/haivanka/Image-Colorization,clone_failed,False,0,0,0,,,0,0,0,0,0,False,,False,,False,,False,,False,,False,,error: could not lock config file D:/scan_tmp/scan_2boslkg2/repo/.git/config: No space left on device
https://github.com/DanielhCarranza/MedSearch,clone_failed,False,0,0,0,,,0,0,0,0,0,False,,False,,False,,False,,False,,False,,error: could not lock config file D:/scan_tmp/scan__4w1ok7b/repo/.git/config: No space left on device
https://github.com/StatML-dAI/dnn-inference,clone_failed,False,0,0,0,,,0,0,0,0,0,False,,False,,False,,False,,False,,False,,error: could not lock config file D:/scan_tmp/scan_grk4adn9/repo/.git/config: No space left on device
https://github.com/pegasystems/nlp-model-containers,clone_failed,False,0,0,0,,,0,0,0,0,0,False,,False,,False,,False,,False,,False,,error: copy-fd: write returned: No space left on device
https://github.com/jizh4220/CS230,clone_failed,False,0,0,0,,,0,0,0,0,0,False,,False,,False,,False,,False,,False,,error: copy-fd: write returned: No space left on device
https://github.com/johndpope/FundamentalsDLBook,clone_failed,False,0,0,0,,,0,0,0,0,0,False,,False,,False,,False,,False,,False,,error: copy-fd: write returned: No space left on device
https://github.com/smousavi05/EQTransformer,clone_failed,False,0,0,0,,,0,0,0,0,0,False,,False,,False,,False,,False,,False,,error: copy-fd: write returned: No space left on device
https://github.com/Louis-Bernier/Weeding-project-with-deep-learning,clone_failed,False,0,0,0,,,0,0,0,0,0,False,,False,,False,,False,,False,,False,,error: copy-fd: write returned: No space left on device
https://github.com/LuchnikovI/QGOpt,clone_failed,False,0,0,0,,,0,0,0,0,0,False,,False,,False,,False,,False,,False,,error: could not lock config file D:/scan_tmp/scan_034eemhz/repo/.git/config: No space left on device
https://github.com/Mantis-3DP/ESRES,clone_failed,False,0,0,0,,,0,0,0,0,0,False,,False,,False,,False,,False,,False,,error: copy-fd: write returned: No space left on device
https://github.com/juliuserbach/Semantic-Features,clone_failed,False,0,0,0,,,0,0,0,0,0,False,,False,,False,,False,,False,,False,,error: copy-fd: write returned: No space left on device
https://github.com/odococo/bioinformatica,clone_failed,False,0,0,0,,,0,0,0,0,0,False,,False,,False,,False,,False,,False,,error: could not lock config file D:/scan_tmp/scan_1e1qdktx/repo/.git/config: No space left on device
https://github.com/narendernani5/Car-Body-Damage-Detection,clone_failed,False,0,0,0,,,0,0,0,0,0,False,,False,,False,,False,,False,,False,,error: copy-fd: write returned: No space left on device
https://github.com/DavidDB33/drling,clone_failed,False,0,0,0,,,0,0,0,0,0,False,,False,,False,,False,,False,,False,,error: copy-fd: write returned: No space left on device
https://github.com/yangchaohua/Mask_RCNN,clone_failed,False,0,0,0,,,0,0,0,0,0,False,,False,,False,,False,,False,,False,,error: copy-fd: write returned: No space left on device
https://github.com/hero9968/TheAlgorithms-python,clone_failed,False,0,0,0,,,0,0,0,0,0,False,,False,,False,,False,,False,,False,,error: could not lock config file D:/scan_tmp/scan_smpwji1u/repo/.git/config: No space left on device
https://github.com/sagniknitr/DNN-Hub,clone_failed,False,0,0,0,,,0,0,0,0,0,False,,False,,False,,False,,False,,False,,error: could not lock config file D:/scan_tmp/scan_zi66swvj/repo/.git/config: No space left on device
https://github.com/ovilella14/TensorNetworkStuff,clone_failed,False,0,0,0,,,0,0,0,0,0,False,,False,,False,,False,,False,,False,,error: could not lock config file D:/scan_tmp/scan_7r53hqi2/repo/.git/config: No space left on device
https://github.com/Albertdemian/rex-gym,clone_failed,False,0,0,0,,,0,0,0,0,0,False,,False,,False,,False,,False,,False,,error: could not lock config file D:/scan_tmp/scan_6gz_xeqj/repo/.git/config: No space left on device
https://github.com/JonasFreibur/ledebruiteur,clone_failed,False,0,0,0,,,0,0,0,0,0,False,,False,,False,,False,,False,,False,,error: could not lock config file D:/scan_tmp/scan_gzzq5mve/repo/.git/config: No space left on device
https://github.com/jimenaRL/ultra-sonic-vocalizations,clone_failed,False,0,0,0,,,0,0,0,0,0,False,,False,,False,,False,,False,,False,,error: could not lock config file D:/scan_tmp/scan_ltldtqas/repo/.git/config: No space left on device
https://github.com/ProjetECM-S8/Face-detection,clone_failed,False,0,0,0,,,0,0,0,0,0,False,,False,,False,,False,,False,,False,,error: could not lock config file D:/scan_tmp/scan_n3iq6dfb/repo/.git/config: No space left on device
https://github.com/reinforcement-learning-explorations/stanford-rl,clone_failed,False,0,0,0,,,0,0,0,0,0,False,,False,,False,,False,,False,,False,,error: could not lock config file D:/scan_tmp/scan_5e1aob80/repo/.git/config: No space left on device
https://github.com/SpaceCowboy113/hf-trader,clone_failed,False,0,0,0,,,0,0,0,0,0,False,,False,,False,,False,,False,,False,,error: copy-fd: write returned: No space left on device
https://github.com/sabiinsearch/learnings,clone_failed,False,0,0,0,,,0,0,0,0,0,False,,False,,False,,False,,False,,False,,error: could not lock config file D:/scan_tmp/scan_7qx4771n/repo/.git/config: No space left on device
https://github.com/TVSjoberg/gan-thesis,clone_failed,False,0,0,0,,,0,0,0,0,0,False,,False,,False,,False,,False,,False,,error: could not lock config file D:/scan_tmp/scan_wv4hnzh6/repo/.git/config: No space left on device
https://github.com/yagyapandeya/Transfer-Learning-TF-VGGish,clone_failed,False,0,0,0,,,0,0,0,0,0,False,,False,,False,,False,,False,,False,,error: copy-fd: write returned: No space left on device
https://github.com/aditipurandare/circuitRouting,clone_failed,False,0,0,0,,,0,0,0,0,0,False,,False,,False,,False,,False,,False,,error: copy-fd: write returned: No space left on device
https://github.com/luca-ant/rubbish_detection,clone_failed,False,0,0,0,,,0,0,0,0,0,False,,False,,False,,False,,False,,False,,error: copy-fd: write returned: No space left on device
https://github.com/gasteigerjo/dimenet,clone_failed,False,0,0,0,,,0,0,0,0,0,False,,False,,False,,False,,False,,False,,error: copy-fd: write returned: No space left on device
https://github.com/PacktWorkshops/The-Applied-Artificial-Intelligence-Workshop,clone_failed,False,0,0,0,,,0,0,0,0,0,False,,False,,False,,False,,False,,False,,fatal: cannot copy 'C:/Program Files/Git/mingw64/share/git-core/templates/hooks/pre-commit.sample' to 'D:/scan_tmp/scan_6wf1g1uu/repo/.git/hooks/pre-commit.sample': No space left on device
https://github.com/jimmy-io/Insight_project,clone_failed,False,0,0,0,,,0,0,0,0,0,False,,False,,False,,False,,False,,False,,error: copy-fd: write returned: No space left on device
https://github.com/fabioiuri/DRecPy,clone_failed,False,0,0,0,,,0,0,0,0,0,False,,False,,False,,False,,False,,False,,error: copy-fd: write returned: No space left on device
https://github.com/Fyy10/ML-DL_Practice,clone_failed,False,0,0,0,,,0,0,0,0,0,False,,False,,False,,False,,False,,False,,error: copy-fd: write returned: No space left on device
https://github.com/developmentseed/divdet,clone_failed,False,0,0,0,,,0,0,0,0,0,False,,False,,False,,False,,False,,False,,error: copy-fd: write returned: No space left on device
https://github.com/QMIND-Team/Cyber_Security,clone_failed,False,0,0,0,,,0,0,0,0,0,False,,False,,False,,False,,False,,False,,error: copy-fd: write returned: No space left on device
https://github.com/OCR-D/ocrd_anybaseocr,clone_failed,False,0,0,0,,,0,0,0,0,0,False,,False,,False,,False,,False,,False,,fatal: cannot copy 'C:/Program Files/Git/mingw64/share/git-core/templates/hooks/pre-commit.sample' to 'D:/scan_tmp/scan_3n4raw5t/repo/.git/hooks/pre-commit.sample': No space left on device
https://github.com/ttbrunner/alphasheep,clone_failed,False,0,0,0,,,0,0,0,0,0,False,,False,,False,,False,,False,,False,,error: copy-fd: write returned: No space left on device
https://github.com/WeiHuang05/Mean-field-theory-for-deep-dropout-networks,clone_failed,False,0,0,0,,,0,0,0,0,0,False,,False,,False,,False,,False,,False,,error: copy-fd: write returned: No space left on device
https://github.com/guo408066634/aaaa,clone_failed,False,0,0,0,,,0,0,0,0,0,False,,False,,False,,False,,False,,False,,error: copy-fd: write returned: No space left on device
https://github.com/OleguerCanal/RL-algorithms,clone_failed,False,0,0,0,,,0,0,0,0,0,False,,False,,False,,False,,False,,False,,error: copy-fd: write returned: No space left on device
https://github.com/pchataignier/masters,clone_failed,False,0,0,0,,,0,0,0,0,0,False,,False,,False,,False,,False,,False,,fatal: cannot copy 'C:/Program Files/Git/mingw64/share/git-core/templates/hooks/pre-commit.sample' to 'D:/scan_tmp/scan_6hiz70o4/repo/.git/hooks/pre-commit.sample': No space left on device
https://github.com/shih29242890/handson-ml2,clone_failed,False,0,0,0,,,0,0,0,0,0,False,,False,,False,,False,,False,,False,,error: copy-fd: write returned: No space left on device
https://github.com/jiafeng5513/EvisionNet,clone_failed,False,0,0,0,,,0,0,0,0,0,False,,False,,False,,False,,False,,False,,error: copy-fd: write returned: No space left on device
https://github.com/dermatologist/nlp-qrmine,clone_failed,False,0,0,0,,,0,0,0,0,0,False,,False,,False,,False,,False,,False,,error: copy-fd: write returned: No space left on device
https://github.com/SJSUFall2019-CMPE272/SarcasmDetect,clone_failed,False,0,0,0,,,0,0,0,0,0,False,,False,,False,,False,,False,,False,,error: copy-fd: write returned: No space left on device
https://github.com/pangzx1/FATE1.1,clone_failed,False,0,0,0,,,0,0,0,0,0,False,,False,,False,,False,,False,,False,,error: copy-fd: write returned: No space left on device
https://github.com/FiendChain/SoccerBot,clone_failed,False,0,0,0,,,0,0,0,0,0,False,,False,,False,,False,,False,,False,,error: copy-fd: write returned: No space left on device
https://github.com/tiff-wang/ModifiedMNIST,clone_failed,False,0,0,0,,,0,0,0,0,0,False,,False,,False,,False,,False,,False,,error: copy-fd: write returned: No space left on device
https://github.com/OverLordGoldDragon/dummy,clone_failed,False,0,0,0,,,0,0,0,0,0,False,,False,,False,,False,,False,,False,,error: copy-fd: write returned: No space left on device
https://github.com/wbhelloo/TheAlgorithms-Python,clone_failed,False,0,0,0,,,0,0,0,0,0,False,,False,,False,,False,,False,,False,,error: copy-fd: write returned: No space left on device
https://github.com/nachiketaa/bert,clone_failed,False,0,0,0,,,0,0,0,0,0,False,,False,,False,,False,,False,,False,,error: copy-fd: write returned: No space left on device
https://github.com/pentium3/mlsys,clone_failed,False,0,0,0,,,0,0,0,0,0,False,,False,,False,,False,,False,,False,,error: copy-fd: write returned: No space left on device
https://github.com/probhakarroy/tcs_humain_challenge,clone_failed,False,0,0,0,,,0,0,0,0,0,False,,False,,False,,False,,False,,False,,error: copy-fd: write returned: No space left on device
https://github.com/anoop600/Learn-Python,clone_failed,False,0,0,0,,,0,0,0,0,0,False,,False,,False,,False,,False,,False,,error: copy-fd: write returned: No space left on device
https://github.com/helloeve/mre-in-one-pass,clone_failed,False,0,0,0,,,0,0,0,0,0,False,,False,,False,,False,,False,,False,,error: copy-fd: write returned: No space left on device
https://github.com/JNapoli/autoencoda,clone_failed,False,0,0,0,,,0,0,0,0,0,False,,False,,False,,False,,False,,False,,error: copy-fd: write returned: No space left on device
https://github.com/Eslsamu/MarbleBot,clone_failed,False,0,0,0,,,0,0,0,0,0,False,,False,,False,,False,,False,,False,,error: copy-fd: write returned: No space left on device
https://github.com/Jroosterman/MaskedStyleCameraApp,clone_failed,False,0,0,0,,,0,0,0,0,0,False,,False,,False,,False,,False,,False,,error: copy-fd: write returned: No space left on device
https://github.com/RazLandau/NLP,clone_failed,False,0,0,0,,,0,0,0,0,0,False,,False,,False,,False,,False,,False,,error: copy-fd: write returned: No space left on device
https://github.com/hasbegun/mask_rcnn,clone_failed,False,0,0,0,,,0,0,0,0,0,False,,False,,False,,False,,False,,False,,fatal: cannot copy 'C:/Program Files/Git/mingw64/share/git-core/templates/hooks/pre-commit.sample' to 'D:/scan_tmp/scan_49vkltff/repo/.git/hooks/pre-commit.sample': No space left on device
https://github.com/lain-m21/inference-performance-test,clone_failed,False,0,0,0,,,0,0,0,0,0,False,,False,,False,,False,,False,,False,,fatal: cannot copy 'C:/Program Files/Git/mingw64/share/git-core/templates/hooks/pre-commit.sample' to 'D:/scan_tmp/scan_tciaerqb/repo/.git/hooks/pre-commit.sample': No space left on device
https://github.com/fau-masters-collected-works-cgarbin/cot6930-natural-language-processing,clone_failed,False,0,0,0,,,0,0,0,0,0,False,,False,,False,,False,,False,,False,,error: copy-fd: write returned: No space left on device
https://github.com/Nstats/bert_MRC,clone_failed,False,0,0,0,,,0,0,0,0,0,False,,False,,False,,False,,False,,False,,fatal: cannot copy 'C:/Program Files/Git/mingw64/share/git-core/templates/hooks/pre-commit.sample' to 'D:/scan_tmp/scan_deqrugoi/repo/.git/hooks/pre-commit.sample': No space left on device
https://github.com/kirilcvetkov92/ScorpionDrive-System-Integration,clone_failed,False,0,0,0,,,0,0,0,0,0,False,,False,,False,,False,,False,,False,,error: copy-fd: write returned: No space left on device
https://github.com/Gaozhen0816/BERT_QA_For_AILaw,clone_failed,False,0,0,0,,,0,0,0,0,0,False,,False,,False,,False,,False,,False,,fatal: cannot copy 'C:/Program Files/Git/mingw64/share/git-core/templates/hooks/pre-commit.sample' to 'D:/scan_tmp/scan_x9ewie5u/repo/.git/hooks/pre-commit.sample': No space left on device
https://github.com/SwapneelM/TrackingNtuples,clone_failed,False,0,0,0,,,0,0,0,0,0,False,,False,,False,,False,,False,,False,,error: copy-fd: write returned: No space left on device
https://github.com/Shivamagrawal2014/tf_base,clone_failed,False,0,0,0,,,0,0,0,0,0,False,,False,,False,,False,,False,,False,,error: copy-fd: write returned: No space left on device
https://github.com/freedombenLiu/MatchZoo,clone_failed,False,0,0,0,,,0,0,0,0,0,False,,False,,False,,False,,False,,False,,error: copy-fd: write returned: No space left on device
https://github.com/zmr227/Deep-Learning-Nanodegree,clone_failed,False,0,0,0,,,0,0,0,0,0,False,,False,,False,,False,,False,,False,,error: copy-fd: write returned: No space left on device
https://github.com/sliderSun/pynlp,clone_failed,False,0,0,0,,,0,0,0,0,0,False,,False,,False,,False,,False,,False,,error: copy-fd: write returned: No space left on device
https://github.com/ageron/handson-ml2,clone_failed,False,0,0,0,,,0,0,0,0,0,False,,False,,False,,False,,False,,False,,error: copy-fd: write returned: No space left on device
https://github.com/scikit-multilearn/scikit-multilearn,clone_failed,False,0,0,0,,,0,0,0,0,0,False,,False,,False,,False,,False,,False,,fatal: write error: No space left on device
https://github.com/tyxr/bert,clone_failed,False,0,0,0,,,0,0,0,0,0,False,,False,,False,,False,,False,,False,,error: copy-fd: write returned: No space left on device
https://github.com/Sebastianvarv/rl-homework,clone_failed,False,0,0,0,,,0,0,0,0,0,False,,False,,False,,False,,False,,False,,error: copy-fd: write returned: No space left on device
https://github.com/PhotoTagger/django-initial,clone_failed,False,0,0,0,,,0,0,0,0,0,False,,False,,False,,False,,False,,False,,error: copy-fd: write returned: No space left on device
https://github.com/vevurka/mt-lob,clone_failed,False,0,0,0,,,0,0,0,0,0,False,,False,,False,,False,,False,,False,,error: copy-fd: write returned: No space left on device
https://github.com/PreferredAI/cornac,clone_failed,False,0,0,0,,,0,0,0,0,0,False,,False,,False,,False,,False,,False,,error: copy-fd: write returned: No space left on device
https://github.com/wzulfikar/lab,clone_failed,False,0,0,0,,,0,0,0,0,0,False,,False,,False,,False,,False,,False,,error: copy-fd: write returned: No space left on device
https://github.com/rickyHong/Joint-3D-Face-Reconstruction-Network,clone_failed,False,0,0,0,,,0,0,0,0,0,False,,False,,False,,False,,False,,False,,error: copy-fd: write returned: No space left on device
https://github.com/JaggerWu/Deep-Contact,clone_failed,False,0,0,0,,,0,0,0,0,0,False,,False,,False,,False,,False,,False,,error: copy-fd: write returned: No space left on device
https://github.com/MichaelCurrin/machine-learning-server,clone_failed,False,0,0,0,,,0,0,0,0,0,False,,False,,False,,False,,False,,False,,error: copy-fd: write returned: No space left on device
https://github.com/johnPertoft/smile,clone_failed,False,0,0,0,,,0,0,0,0,0,False,,False,,False,,False,,False,,False,,error: copy-fd: write returned: No space left on device
https://github.com/nyu-mll/multiNLI,clone_failed,False,0,0,0,,,0,0,0,0,0,False,,False,,False,,False,,False,,False,,error: copy-fd: write returned: No space left on device
https://github.com/cindyloo/rockstar-ai,clone_failed,False,0,0,0,,,0,0,0,0,0,False,,False,,False,,False,,False,,False,,error: copy-fd: write returned: No space left on device
https://github.com/ganqianjun/personalized-news-feed,clone_failed,False,0,0,0,,,0,0,0,0,0,False,,False,,False,,False,,False,,False,,error: copy-fd: write returned: No space left on device
https://github.com/rusty1s/embedded_gcnn,clone_failed,False,0,0,0,,,0,0,0,0,0,False,,False,,False,,False,,False,,False,,error: copy-fd: write returned: No space left on device
https://github.com/SJSU272Lab/SmartIDE,clone_failed,False,0,0,0,,,0,0,0,0,0,False,,False,,False,,False,,False,,False,,fatal: write error: No space left on device
https://github.com/svebk/DeepSentiBank_memex,clone_failed,False,0,0,0,,,0,0,0,0,0,False,,False,,False,,False,,False,,False,,error: copy-fd: write returned: No space left on device
https://github.com/funkey/mala,clone_failed,False,0,0,0,,,0,0,0,0,0,False,,False,,False,,False,,False,,False,,error: copy-fd: write returned: No space left on device
https://github.com/ifestus/rl,clone_failed,False,0,0,0,,,0,0,0,0,0,False,,False,,False,,False,,False,,False,,error: copy-fd: write returned: No space left on device
https://github.com/felipessalvatore/self_driving_pi_car,clone_failed,False,0,0,0,,,0,0,0,0,0,False,,False,,False,,False,,False,,False,,error: copy-fd: write returned: No space left on device
https://github.com/oscarmore2/deep-learning-study,clone_failed,False,0,0,0,,,0,0,0,0,0,False,,False,,False,,False,,False,,False,,error: copy-fd: write returned: No space left on device
https://github.com/FisherKK/F1sherKK-MyRoadToAI,clone_failed,False,0,0,0,,,0,0,0,0,0,False,,False,,False,,False,,False,,False,,error: copy-fd: write returned: No space left on device
https://github.com/jd-13/TFHelpers,clone_failed,False,0,0,0,,,0,0,0,0,0,False,,False,,False,,False,,False,,False,,error: copy-fd: write returned: No space left on device
https://github.com/spring01/drlbox,clone_failed,False,0,0,0,,,0,0,0,0,0,False,,False,,False,,False,,False,,False,,error: copy-fd: write returned: No space left on device
https://github.com/Savahi/tnn,clone_failed,False,0,0,0,,,0,0,0,0,0,False,,False,,False,,False,,False,,False,,error: copy-fd: write returned: No space left on device
https://github.com/studiawan/pygraphc,clone_failed,False,0,0,0,,,0,0,0,0,0,False,,False,,False,,False,,False,,False,,error: copy-fd: write returned: No space left on device
https://github.com/yandexdataschool/modelgym,clone_failed,False,0,0,0,,,0,0,0,0,0,False,,False,,False,,False,,False,,False,,error: copy-fd: write returned: No space left on device
https://github.com/brown-ccv/georeg,clone_failed,False,0,0,0,,,0,0,0,0,0,False,,False,,False,,False,,False,,False,,error: copy-fd: write returned: No space left on device
https://github.com/oicr-ibc/cssscl,clone_failed,False,0,0,0,,,0,0,0,0,0,False,,False,,False,,False,,False,,False,,error: copy-fd: write returned: No space left on device
https://github.com/dssg/eights,clone_failed,False,0,0,0,,,0,0,0,0,0,False,,False,,False,,False,,False,,False,,error: copy-fd: write returned: No space left on device
https://github.com/arogozhnikov/infiniteboost,clone_failed,False,0,0,0,,,0,0,0,0,0,False,,False,,False,,False,,False,,False,,error: copy-fd: write returned: No space left on device
https://github.com/sdpython/papierstat,clone_failed,False,0,0,0,,,0,0,0,0,0,False,,False,,False,,False,,False,,False,,error: copy-fd: write returned: No space left on device
https://github.com/dshulchevskii/risksutils,clone_failed,False,0,0,0,,,0,0,0,0,0,False,,False,,False,,False,,False,,False,,error: copy-fd: write returned: No space left on device
https://github.com/EpistasisLab/scikit-mdr,clone_failed,False,0,0,0,,,0,0,0,0,0,False,,False,,False,,False,,False,,False,,error: copy-fd: write returned: No space left on device
https://github.com/MieszkoP/signal_separation,clone_failed,False,0,0,0,,,0,0,0,0,0,False,,False,,False,,False,,False,,False,,error: could not lock config file D:/scan_tmp/scan_1ibgfkad/repo/.git/config: No space left on device
https://github.com/pyemeli/mchn_learn_1,clone_failed,False,0,0,0,,,0,0,0,0,0,False,,False,,False,,False,,False,,False,,error: copy-fd: write returned: No space left on device
https://github.com/francescogrillea/AnomalyDetectionTFLite,clone_failed,False,0,0,0,,,0,0,0,0,0,False,,False,,False,,False,,False,,False,,error: copy-fd: write returned: No space left on device
https://github.com/arasHi87/NCKU_HOMEWORK,clone_failed,False,0,0,0,,,0,0,0,0,0,False,,False,,False,,False,,False,,False,,error: copy-fd: write returned: No space left on device
https://github.com/maximmoroz/innopolis-datascience,clone_failed,False,0,0,0,,,0,0,0,0,0,False,,False,,False,,False,,False,,False,,error: copy-fd: write returned: No space left on device
https://github.com/Jayeshshekhada/TFOD-2.0,clone_failed,False,0,0,0,,,0,0,0,0,0,False,,False,,False,,False,,False,,False,,error: copy-fd: write returned: No space left on device
https://github.com/M4rukku/impact_of_non_iid_data_in_federated_learning,clone_failed,False,0,0,0,,,0,0,0,0,0,False,,False,,False,,False,,False,,False,,error: copy-fd: write returned: No space left on device
https://github.com/k4kakarot/MaskRCNN,clone_failed,False,0,0,0,,,0,0,0,0,0,False,,False,,False,,False,,False,,False,,error: copy-fd: write returned: No space left on device
https://github.com/carloradice/depth-and-motion-learning,clone_failed,False,0,0,0,,,0,0,0,0,0,False,,False,,False,,False,,False,,False,,error: copy-fd: write returned: No space left on device
https://github.com/Xinrihui/DeepLearningApp,clone_failed,False,0,0,0,,,0,0,0,0,0,False,,False,,False,,False,,False,,False,,error: copy-fd: write returned: No space left on device
https://github.com/zzk0910/Emotion-based-Chatbot,clone_failed,False,0,0,0,,,0,0,0,0,0,False,,False,,False,,False,,False,,False,,error: copy-fd: write returned: No space left on device
https://github.com/ByeonUi-Hyeok/HuPoE,clone_failed,False,0,0,0,,,0,0,0,0,0,False,,False,,False,,False,,False,,False,,error: copy-fd: write returned: No space left on device
https://github.com/ML-Bioinfo-CEITEC/genomic_benchmarks,clone_failed,False,0,0,0,,,0,0,0,0,0,False,,False,,False,,False,,False,,False,,error: copy-fd: write returned: No space left on device
https://github.com/klarh/geometric_algebra_attention,clone_failed,False,0,0,0,,,0,0,0,0,0,False,,False,,False,,False,,False,,False,,error: copy-fd: write returned: No space left on device
https://github.com/prathimacode-hub/PyAlgo-Tree,clone_failed,False,0,0,0,,,0,0,0,0,0,False,,False,,False,,False,,False,,False,,error: copy-fd: write returned: No space left on device
https://github.com/AlcorLu/Pandas,clone_failed,False,0,0,0,,,0,0,0,0,0,False,,False,,False,,False,,False,,False,,error: copy-fd: write returned: No space left on device
https://github.com/yangxue0827/RotationDetection,clone_failed,False,0,0,0,,,0,0,0,0,0,False,,False,,False,,False,,False,,False,,error: copy-fd: write returned: No space left on device
https://github.com/ksvarma86/Hands-On-Machine-Learning-with-Scikit-Learn-and-TensorFlow,clone_failed,False,0,0,0,,,0,0,0,0,0,False,,False,,False,,False,,False,,False,,error: copy-fd: write returned: No space left on device
https://github.com/kim1339/sensus,clone_failed,False,0,0,0,,,0,0,0,0,0,False,,False,,False,,False,,False,,False,,error: copy-fd: write returned: No space left on device
https://github.com/achillesrasquinha/deeply,clone_failed,False,0,0,0,,,0,0,0,0,0,False,,False,,False,,False,,False,,False,,error: copy-fd: write returned: No space left on device
https://github.com/ArtificialIfElse/AIC-COMPFEST13,clone_failed,False,0,0,0,,,0,0,0,0,0,False,,False,,False,,False,,False,,False,,error: copy-fd: write returned: No space left on device
https://github.com/mizolotu/metsa_group,clone_failed,False,0,0,0,,,0,0,0,0,0,False,,False,,False,,False,,False,,False,,error: copy-fd: write returned: No space left on device
https://github.com/OpenStockDataShop/Athena_Stocks,clone_failed,False,0,0,0,,,0,0,0,0,0,False,,False,,False,,False,,False,,False,,error: copy-fd: write returned: No space left on device
https://github.com/akthammomani/MAXELLA-APP-Movies-Tensorflow-Recommenders-TFRS,clone_failed,False,0,0,0,,,0,0,0,0,0,False,,False,,False,,False,,False,,False,,error: copy-fd: write returned: No space left on device
https://github.com/xu-zhiwei/easyrec,clone_failed,False,0,0,0,,,0,0,0,0,0,False,,False,,False,,False,,False,,False,,error: copy-fd: write returned: No space left on device
https://github.com/steffincodes/data-scribbles,clone_failed,False,0,0,0,,,0,0,0,0,0,False,,False,,False,,False,,False,,False,,error: copy-fd: write returned: No space left on device
https://github.com/nandhukumar86/CapstonePneumoniaDetection,clone_failed,False,0,0,0,,,0,0,0,0,0,False,,False,,False,,False,,False,,False,,error: copy-fd: write returned: No space left on device
https://github.com/mamo3gr/partial_label_masking,clone_failed,False,0,0,0,,,0,0,0,0,0,False,,False,,False,,False,,False,,False,,error: copy-fd: write returned: No space left on device
https://github.com/fernandoherran/master-thesis,clone_failed,False,0,0,0,,,0,0,0,0,0,False,,False,,False,,False,,False,,False,,error: copy-fd: write returned: No space left on device
https://github.com/GabrieleSgroi/hierarchical-VQ-VAE,clone_failed,False,0,0,0,,,0,0,0,0,0,False,,False,,False,,False,,False,,False,,error: copy-fd: write returned: No space left on device
https://github.com/jack-norrie/bayesian_deep_learning_for_audio_classification,clone_failed,False,0,0,0,,,0,0,0,0,0,False,,False,,False,,False,,False,,False,,error: copy-fd: write returned: No space left on device
https://github.com/psuwuxian/rl_adv_valuediff,clone_failed,False,0,0,0,,,0,0,0,0,0,False,,False,,False,,False,,False,,False,,error: copy-fd: write returned: No space left on device
https://github.com/HMK-projects/Text-Classifier,clone_failed,False,0,0,0,,,0,0,0,0,0,False,,False,,False,,False,,False,,False,,error: copy-fd: write returned: No space left on device
https://github.com/gitbhushan/python,clone_failed,False,0,0,0,,,0,0,0,0,0,False,,False,,False,,False,,False,,False,,error: copy-fd: write returned: No space left on device
https://github.com/sayapakailinuxpak/Coral-ID,clone_failed,False,0,0,0,,,0,0,0,0,0,False,,False,,False,,False,,False,,False,,error: copy-fd: write returned: No space left on device
https://github.com/coldenheart/123,clone_failed,False,0,0,0,,,0,0,0,0,0,False,,False,,False,,False,,False,,False,,error: copy-fd: write returned: No space left on device
https://github.com/shevdan/OCR_DataBases,clone_failed,False,0,0,0,,,0,0,0,0,0,False,,False,,False,,False,,False,,False,,error: copy-fd: write returned: No space left on device
https://github.com/Hazuwall/RoboticVUI,clone_failed,False,0,0,0,,,0,0,0,0,0,False,,False,,False,,False,,False,,False,,fatal: write error: No space left on device
https://github.com/bartooo/mask-detector,clone_failed,False,0,0,0,,,0,0,0,0,0,False,,False,,False,,False,,False,,False,,error: copy-fd: write returned: No space left on device
https://github.com/luckyjaiswaal/FaceMaskCheckApp,clone_failed,False,0,0,0,,,0,0,0,0,0,False,,False,,False,,False,,False,,False,,error: copy-fd: write returned: No space left on device
https://github.com/wangok666/LearnPytorch,clone_failed,False,0,0,0,,,0,0,0,0,0,False,,False,,False,,False,,False,,False,,error: copy-fd: write returned: No space left on device
https://github.com/eric-erki/TensorFlowOnSpark,clone_failed,False,0,0,0,,,0,0,0,0,0,False,,False,,False,,False,,False,,False,,error: copy-fd: write returned: No space left on device
https://github.com/yjl450/DRL-EGC,clone_failed,False,0,0,0,,,0,0,0,0,0,False,,False,,False,,False,,False,,False,,fatal: cannot copy 'C:/Program Files/Git/mingw64/share/git-core/templates/hooks/pre-commit.sample' to 'D:/scan_tmp/scan_7fpzsz9t/repo/.git/hooks/pre-commit.sample': No space left on device
https://github.com/xadrianzetx/coral-deeplab,clone_failed,False,0,0,0,,,0,0,0,0,0,False,,False,,False,,False,,False,,False,,error: copy-fd: write returned: No space left on device
https://github.com/karimkohel/Kiwi,clone_failed,False,0,0,0,,,0,0,0,0,0,False,,False,,False,,False,,False,,False,,fatal: write error: No space left on device
https://github.com/niralalmeida/virusSafe-Agro,clone_failed,False,0,0,0,,,0,0,0,0,0,False,,False,,False,,False,,False,,False,,error: copy-fd: write returned: No space left on device
https://github.com/ForeverZyh/A3T,clone_failed,False,0,0,0,,,0,0,0,0,0,False,,False,,False,,False,,False,,False,,error: copy-fd: write returned: No space left on device
https://github.com/amoretti86/phylo,clone_failed,False,0,0,0,,,0,0,0,0,0,False,,False,,False,,False,,False,,False,,fatal: write error: No space left on device
https://github.com/sobomax/g729_to_dtmf.ai,clone_failed,False,0,0,0,,,0,0,0,0,0,False,,False,,False,,False,,False,,False,,error: copy-fd: write returned: No space left on device
https://github.com/bobo19870225/StyleTransferApp,clone_failed,False,0,0,0,,,0,0,0,0,0,False,,False,,False,,False,,False,,False,,error: copy-fd: write returned: No space left on device
https://github.com/sedihub/deep_learning_research,clone_failed,False,0,0,0,,,0,0,0,0,0,False,,False,,False,,False,,False,,False,,fatal: write error: No space left on device
https://github.com/OliviaRodri/CEA_DEEP_LEARNING,clone_failed,False,0,0,0,,,0,0,0,0,0,False,,False,,False,,False,,False,,False,,error: copy-fd: write returned: No space left on device
https://github.com/zekeriyyaa/MaskRCNN-Modanet-Fashion-Segmentation-and-Classification,clone_failed,False,0,0,0,,,0,0,0,0,0,False,,False,,False,,False,,False,,False,,error: copy-fd: write returned: No space left on device
https://github.com/chrismcgale/Handwritten-Equation-Solver,clone_failed,False,0,0,0,,,0,0,0,0,0,False,,False,,False,,False,,False,,False,,error: copy-fd: write returned: No space left on device
https://github.com/Kohulan/DECIMER-Image-Segmentation,clone_failed,False,0,0,0,,,0,0,0,0,0,False,,False,,False,,False,,False,,False,,error: copy-fd: write returned: No space left on device
https://github.com/rxhuang/Streamlit-COVID-19-Mask-Analysis,clone_failed,False,0,0,0,,,0,0,0,0,0,False,,False,,False,,False,,False,,False,,error: copy-fd: write returned: No space left on device
https://github.com/trisongz/file_io,clone_failed,False,0,0,0,,,0,0,0,0,0,False,,False,,False,,False,,False,,False,,error: copy-fd: write returned: No space left on device
https://github.com/yefeza/music-generator,clone_failed,False,0,0,0,,,0,0,0,0,0,False,,False,,False,,False,,False,,False,,error: copy-fd: write returned: No space left on device
https://github.com/Sahmwell/G15_Capstone,clone_failed,False,0,0,0,,,0,0,0,0,0,False,,False,,False,,False,,False,,False,,error: copy-fd: write returned: No space left on device
https://github.com/LDiana22/NLP,clone_failed,False,0,0,0,,,0,0,0,0,0,False,,False,,False,,False,,False,,False,,error: copy-fd: write returned: No space left on device
https://github.com/PatrickC05/twitter-sentiment,clone_failed,False,0,0,0,,,0,0,0,0,0,False,,False,,False,,False,,False,,False,,fatal: write error: No space left on device
https://github.com/birdtianyu/CricleCI_Test,clone_failed,False,0,0,0,,,0,0,0,0,0,False,,False,,False,,False,,False,,False,,error: copy-fd: write returned: No space left on device
https://github.com/rnlima8/handson,clone_failed,False,0,0,0,,,0,0,0,0,0,False,,False,,False,,False,,False,,False,,error: copy-fd: write returned: No space left on device
https://github.com/dwiel/streamlit,clone_failed,False,0,0,0,,,0,0,0,0,0,False,,False,,False,,False,,False,,False,,error: copy-fd: write returned: No space left on device
https://github.com/mrcsfltchr/MaskFastRCNN4GUVs,clone_failed,False,0,0,0,,,0,0,0,0,0,False,,False,,False,,False,,False,,False,,error: copy-fd: write returned: No space left on device
https://github.com/HwangSangDu/SmartGlasses,clone_failed,False,0,0,0,,,0,0,0,0,0,False,,False,,False,,False,,False,,False,,error: copy-fd: write returned: No space left on device
https://github.com/saimadhu-polamuri/DataAspirant_codes,clone_failed,False,0,0,0,,,0,0,0,0,0,False,,False,,False,,False,,False,,False,,error: copy-fd: write returned: No space left on device
https://github.com/lingpy/pybor,clone_failed,False,0,0,0,,,0,0,0,0,0,False,,False,,False,,False,,False,,False,,error: copy-fd: write returned: No space left on device
https://github.com/aura-reality/deep-image-matting,clone_failed,False,0,0,0,,,0,0,0,0,0,False,,False,,False,,False,,False,,False,,error: copy-fd: write returned: No space left on device
https://github.com/amartya321/Mask-RCNN,clone_failed,False,0,0,0,,,0,0,0,0,0,False,,False,,False,,False,,False,,False,,error: copy-fd: write returned: No space left on device
https://github.com/ololo123321/nlu,clone_failed,False,0,0,0,,,0,0,0,0,0,False,,False,,False,,False,,False,,False,,error: copy-fd: write returned: No space left on device
https://github.com/Wangyao1997-sdu/MastRCNNTest,clone_failed,False,0,0,0,,,0,0,0,0,0,False,,False,,False,,False,,False,,False,,error: copy-fd: write returned: No space left on device
https://github.com/lerhshong/GAN_lookaround,clone_failed,False,0,0,0,,,0,0,0,0,0,False,,False,,False,,False,,False,,False,,error: copy-fd: write returned: No space left on device
https://github.com/suryarasp/tonyODRev1,clone_failed,False,0,0,0,,,0,0,0,0,0,False,,False,,False,,False,,False,,False,,error: copy-fd: write returned: No space left on device
https://github.com/benediktdietz/EHRanalysis,clone_failed,False,0,0,0,,,0,0,0,0,0,False,,False,,False,,False,,False,,False,,error: copy-fd: write returned: No space left on device
https://github.com/stelaago/pyslam,clone_failed,False,0,0,0,,,0,0,0,0,0,False,,False,,False,,False,,False,,False,,error: copy-fd: write returned: No space left on device
https://github.com/PennyLaneAI/pennylane-sf,clone_failed,False,0,0,0,,,0,0,0,0,0,False,,False,,False,,False,,False,,False,,error: copy-fd: write returned: No space left on device
https://github.com/HelmchenLabSoftware/Cascade,clone_failed,False,0,0,0,,,0,0,0,0,0,False,,False,,False,,False,,False,,False,,error: copy-fd: write returned: No space left on device
https://github.com/Mohan-Zhang-u/mzutils,clone_failed,False,0,0,0,,,0,0,0,0,0,False,,False,,False,,False,,False,,False,,error: copy-fd: write returned: No space left on device
https://github.com/idanbeck/junkbox,clone_failed,False,0,0,0,,,0,0,0,0,0,False,,False,,False,,False,,False,,False,,fatal: cannot copy 'C:/Program Files/Git/mingw64/share/git-core/templates/hooks/pre-commit.sample' to 'D:/scan_tmp/scan_1gmgx38x/repo/.git/hooks/pre-commit.sample': No space left on device
https://github.com/phunc20/rlcomp2020,clone_failed,False,0,0,0,,,0,0,0,0,0,False,,False,,False,,False,,False,,False,,error: copy-fd: write returned: No space left on device
https://github.com/thunlp/OpenAttack,clone_failed,False,0,0,0,,,0,0,0,0,0,False,,False,,False,,False,,False,,False,,error: copy-fd: write returned: No space left on device
https://github.com/Skillerde6de/Minor-AI-2019_2020,clone_failed,False,0,0,0,,,0,0,0,0,0,False,,False,,False,,False,,False,,False,,error: copy-fd: write returned: No space left on device
https://github.com/anamulmb/Hands-on-ML-2nd-Edition,clone_failed,False,0,0,0,,,0,0,0,0,0,False,,False,,False,,False,,False,,False,,error: copy-fd: write returned: No space left on device
https://github.com/dimitry-ishenko-ml/open-speech,clone_failed,False,0,0,0,,,0,0,0,0,0,False,,False,,False,,False,,False,,False,,error: copy-fd: write returned: No space left on device
https://github.com/mohit1997/JIND,clone_failed,False,0,0,0,,,0,0,0,0,0,False,,False,,False,,False,,False,,False,,error: copy-fd: write returned: No space left on device
https://github.com/ikatsov/tensor-house,clone_failed,False,0,0,0,,,0,0,0,0,0,False,,False,,False,,False,,False,,False,,error: copy-fd: write returned: No space left on device
https://github.com/memorylorry/nn_code,clone_failed,False,0,0,0,,,0,0,0,0,0,False,,False,,False,,False,,False,,False,,error: copy-fd: write returned: No space left on device
https://github.com/bikhilall/search_engine,clone_failed,False,0,0,0,,,0,0,0,0,0,False,,False,,False,,False,,False,,False,,error: copy-fd: write returned: No space left on device
https://github.com/Mohammedabdalqader/DRL,clone_failed,False,0,0,0,,,0,0,0,0,0,False,,False,,False,,False,,False,,False,,error: copy-fd: write returned: No space left on device
https://github.com/Ayazdi/Track_the_feedback,clone_failed,False,0,0,0,,,0,0,0,0,0,False,,False,,False,,False,,False,,False,,error: copy-fd: write returned: No space left on device
https://github.com/albertwilcox/procgen-182,clone_failed,False,0,0,0,,,0,0,0,0,0,False,,False,,False,,False,,False,,False,,error: copy-fd: write returned: No space left on device
https://github.com/jjs9241/Anomaly-Action-Finder,clone_failed,False,0,0,0,,,0,0,0,0,0,False,,False,,False,,False,,False,,False,,error: copy-fd: write returned: No space left on device
https://github.com/KIMSH17/studying,clone_failed,False,0,0,0,,,0,0,0,0,0,False,,False,,False,,False,,False,,False,,error: copy-fd: write returned: No space left on device
https://github.com/eivindeb/fixed-wing-gym,clone_failed,False,0,0,0,,,0,0,0,0,0,False,,False,,False,,False,,False,,False,,error: copy-fd: write returned: No space left on device
https://github.com/prazwalchhabra/Face-Recognition-based-Attendance-System,clone_failed,False,0,0,0,,,0,0,0,0,0,False,,False,,False,,False,,False,,False,,error: copy-fd: write returned: No space left on device
https://github.com/lkk12014402/Bert-Annotations-and-Applications,clone_failed,False,0,0,0,,,0,0,0,0,0,False,,False,,False,,False,,False,,False,,error: copy-fd: write returned: No space left on device
https://github.com/softmaterialslab/RNN-MD,clone_failed,False,0,0,0,,,0,0,0,0,0,False,,False,,False,,False,,False,,False,,error: copy-fd: write returned: No space left on device
https://github.com/tao-pr/52-challenges,clone_failed,False,0,0,0,,,0,0,0,0,0,False,,False,,False,,False,,False,,False,,fatal: write error: No space left on device
https://github.com/neurodata/ProgLearn,clone_failed,False,0,0,0,,,0,0,0,0,0,False,,False,,False,,False,,False,,False,,error: copy-fd: write returned: No space left on device
https://github.com/socialdistancingdashboard/SDD-Webcam,clone_failed,False,0,0,0,,,0,0,0,0,0,False,,False,,False,,False,,False,,False,,fatal: write error: No space left on device
https://github.com/zhaofeng-shu33/nn_activation_function_property,clone_failed,False,0,0,0,,,0,0,0,0,0,False,,False,,False,,False,,False,,False,,error: copy-fd: write returned: No space left on device
https://github.com/tacocrepe/handson-ml2,clone_failed,False,0,0,0,,,0,0,0,0,0,False,,False,,False,,False,,False,,False,,fatal: write error: No space left on device
https://github.com/merplumander/bnn-thesis,clone_failed,False,0,0,0,,,0,0,0,0,0,False,,False,,False,,False,,False,,False,,error: copy-fd: write returned: No space left on device
https://github.com/pingali/enrich-acme,clone_failed,False,0,0,0,,,0,0,0,0,0,False,,False,,False,,False,,False,,False,,error: copy-fd: write returned: No space left on device
https://github.com/JoachimDublineau/robust-neural-nets,clone_failed,False,0,0,0,,,0,0,0,0,0,False,,False,,False,,False,,False,,False,,fatal: write error: No space left on device
https://github.com/INFLUENCEorg/influence-aware-memory,clone_failed,False,0,0,0,,,0,0,0,0,0,False,,False,,False,,False,,False,,False,,error: copy-fd: write returned: No space left on device
https://github.com/AndPotap/igr,clone_failed,False,0,0,0,,,0,0,0,0,0,False,,False,,False,,False,,False,,False,,error: copy-fd: write returned: No space left on device
https://github.com/lewisfish/dolphin-counter,clone_failed,False,0,0,0,,,0,0,0,0,0,False,,False,,False,,False,,False,,False,,error: copy-fd: write returned: No space left on device
https://github.com/HanxunH/COMP90051-2019S2-Project1,clone_failed,False,0,0,0,,,0,0,0,0,0,False,,False,,False,,False,,False,,False,,error: copy-fd: write returned: No space left on device
https://github.com/rickyHong/Deepmind-research-alphafold-repl,clone_failed,False,0,0,0,,,0,0,0,0,0,False,,False,,False,,False,,False,,False,,error: copy-fd: write returned: No space left on device
https://github.com/jskracht/MultiTimeModeling,clone_failed,False,0,0,0,,,0,0,0,0,0,False,,False,,False,,False,,False,,False,,error: copy-fd: write returned: No space left on device
https://github.com/picmetric/data-science,clone_failed,False,0,0,0,,,0,0,0,0,0,False,,False,,False,,False,,False,,False,,error: copy-fd: write returned: No space left on device
https://github.com/guildai/issue-resolution,clone_failed,False,0,0,0,,,0,0,0,0,0,False,,False,,False,,False,,False,,False,,error: copy-fd: write returned: No space left on device
https://github.com/rklepov/hse-cs-ml-2018-2019-grad-work,clone_failed,False,0,0,0,,,0,0,0,0,0,False,,False,,False,,False,,False,,False,,fatal: write error: No space left on device
https://github.com/otiliastr/coper,clone_failed,False,0,0,0,,,0,0,0,0,0,False,,False,,False,,False,,False,,False,,error: copy-fd: write returned: No space left on device
https://github.com/dashdeckers/Machine-Learning,clone_failed,False,0,0,0,,,0,0,0,0,0,False,,False,,False,,False,,False,,False,,error: copy-fd: write returned: No space left on device
https://github.com/Ethanzyn/AI_explainability,clone_failed,False,0,0,0,,,0,0,0,0,0,False,,False,,False,,False,,False,,False,,error: copy-fd: write returned: No space left on device
https://github.com/Walterkd/Research-and-Projects,clone_failed,False,0,0,0,,,0,0,0,0,0,False,,False,,False,,False,,False,,False,,error: copy-fd: write returned: No space left on device
https://github.com/dynastes-team/dynastes,clone_failed,False,0,0,0,,,0,0,0,0,0,False,,False,,False,,False,,False,,False,,error: copy-fd: write returned: No space left on device
https://github.com/alekhyam94/DDL-Project,clone_failed,False,0,0,0,,,0,0,0,0,0,False,,False,,False,,False,,False,,False,,error: copy-fd: write returned: No space left on device
https://github.com/weberlab-hhu/Helixer,clone_failed,False,0,0,0,,,0,0,0,0,0,False,,False,,False,,False,,False,,False,,error: copy-fd: write returned: No space left on device
https://github.com/talbotmd/doodle,clone_failed,False,0,0,0,,,0,0,0,0,0,False,,False,,False,,False,,False,,False,,fatal: cannot copy 'C:/Program Files/Git/mingw64/share/git-core/templates/hooks/pre-commit.sample' to 'D:/scan_tmp/scan__emq4uy5/repo/.git/hooks/pre-commit.sample': No space left on device
https://github.com/vyhuholl/infosearch_hw,clone_failed,False,0,0,0,,,0,0,0,0,0,False,,False,,False,,False,,False,,False,,error: copy-fd: write returned: No space left on device
https://github.com/openpharma/pypharma_nlp,clone_failed,False,0,0,0,,,0,0,0,0,0,False,,False,,False,,False,,False,,False,,error: copy-fd: write returned: No space left on device
https://github.com/OverLordGoldDragon/keras-adamw,clone_failed,False,0,0,0,,,0,0,0,0,0,False,,False,,False,,False,,False,,False,,error: copy-fd: write returned: No space left on device
https://github.com/LinkGeoML/LGM-SimilarityLearning,clone_failed,False,0,0,0,,,0,0,0,0,0,False,,False,,False,,False,,False,,False,,error: copy-fd: write returned: No space left on device
https://github.com/faizansuhail89/BERT_classification,clone_failed,False,0,0,0,,,0,0,0,0,0,False,,False,,False,,False,,False,,False,,error: copy-fd: write returned: No space left on device
https://github.com/AlekseiPol/imageai_fork,clone_failed,False,0,0,0,,,0,0,0,0,0,False,,False,,False,,False,,False,,False,,fatal: write error: No space left on device
https://github.com/starbucksdolcelatte/FittingroomAnywhere,clone_failed,False,0,0,0,,,0,0,0,0,0,False,,False,,False,,False,,False,,False,,error: copy-fd: write returned: No space left on device
https://github.com/okawo80085/bigBoiTalkBot,clone_failed,False,0,0,0,,,0,0,0,0,0,False,,False,,False,,False,,False,,False,,error: copy-fd: write returned: No space left on device
https://github.com/nagen01/Machine-Learning-prectice,clone_failed,False,0,0,0,,,0,0,0,0,0,False,,False,,False,,False,,False,,False,,error: copy-fd: write returned: No space left on device
https://github.com/AIcrowd/neurips2019_disentanglement_challenge_starter_kit,clone_failed,False,0,0,0,,,0,0,0,0,0,False,,False,,False,,False,,False,,False,,error: copy-fd: write returned: No space left on device
https://github.com/FlamTeam/flamedisx,clone_failed,False,0,0,0,,,0,0,0,0,0,False,,False,,False,,False,,False,,False,,fatal: write error: No space left on device
https://github.com/gabemagee/gunshot_detection,clone_failed,False,0,0,0,,,0,0,0,0,0,False,,False,,False,,False,,False,,False,,error: copy-fd: write returned: No space left on device
https://github.com/camera-analytics/camera-analytics-official,clone_failed,False,0,0,0,,,0,0,0,0,0,False,,False,,False,,False,,False,,False,,error: copy-fd: write returned: No space left on device
https://github.com/ZouJoshua/dl_project,clone_failed,False,0,0,0,,,0,0,0,0,0,False,,False,,False,,False,,False,,False,,fatal: write error: No space left on device
https://github.com/masih84/CarND-Capstone,clone_failed,False,0,0,0,,,0,0,0,0,0,False,,False,,False,,False,,False,,False,,error: copy-fd: write returned: No space left on device
https://github.com/srini31/SDCar_t2_CarND-Capstone,clone_failed,False,0,0,0,,,0,0,0,0,0,False,,False,,False,,False,,False,,False,,fatal: write error: No space left on device
https://github.com/seyuboglu/genome-attention,clone_failed,False,0,0,0,,,0,0,0,0,0,False,,False,,False,,False,,False,,False,,error: copy-fd: write returned: No space left on device
https://github.com/dnguyengithub/MultitaskAIS,clone_failed,False,0,0,0,,,0,0,0,0,0,False,,False,,False,,False,,False,,False,,fatal: write error: No space left on device
https://github.com/raejoon/cs230-bnr,clone_failed,False,0,0,0,,,0,0,0,0,0,False,,False,,False,,False,,False,,False,,error: copy-fd: write returned: No space left on device
https://github.com/daming-lu/Piotr,clone_failed,False,0,0,0,,,0,0,0,0,0,False,,False,,False,,False,,False,,False,,fatal: write error: No space left on device
https://github.com/sunnys-lab/2019-6thD2CF-Image-Cluster,clone_failed,False,0,0,0,,,0,0,0,0,0,False,,False,,False,,False,,False,,False,,error: copy-fd: write returned: No space left on device
https://github.com/j3ffyang/ai,clone_failed,False,0,0,0,,,0,0,0,0,0,False,,False,,False,,False,,False,,False,,error: copy-fd: write returned: No space left on device
https://github.com/hippoandy/UN_Research_Image_Classification_for_Gender,clone_failed,False,0,0,0,,,0,0,0,0,0,False,,False,,False,,False,,False,,False,,error: copy-fd: write returned: No space left on device
https://github.com/MarioBonse/MachineLearningProject,clone_failed,False,0,0,0,,,0,0,0,0,0,False,,False,,False,,False,,False,,False,,error: copy-fd: write returned: No space left on device
https://github.com/nmfisher/bert-modified,clone_failed,False,0,0,0,,,0,0,0,0,0,False,,False,,False,,False,,False,,False,,error: copy-fd: write returned: No space left on device
https://github.com/fedjo/aat,clone_failed,False,0,0,0,,,0,0,0,0,0,False,,False,,False,,False,,False,,False,,error: copy-fd: write returned: No space left on device
https://github.com/zhaoyingjun/TensorFlow-Coding,clone_failed,False,0,0,0,,,0,0,0,0,0,False,,False,,False,,False,,False,,False,,fatal: write error: No space left on device
https://github.com/mlbench/mlbench-core,clone_failed,False,0,0,0,,,0,0,0,0,0,False,,False,,False,,False,,False,,False,,error: copy-fd: write returned: No space left on device
https://github.com/MichaelDDennis/aerl,clone_failed,False,0,0,0,,,0,0,0,0,0,False,,False,,False,,False,,False,,False,,error: copy-fd: write returned: No space left on device
https://github.com/aghbit/BIT_AI,clone_failed,False,0,0,0,,,0,0,0,0,0,False,,False,,False,,False,,False,,False,,error: copy-fd: write returned: No space left on device
https://github.com/huan/python-concise-chitchat,clone_failed,False,0,0,0,,,0,0,0,0,0,False,,False,,False,,False,,False,,False,,fatal: write error: No space left on device
https://github.com/hereismari/ajna,clone_failed,False,0,0,0,,,0,0,0,0,0,False,,False,,False,,False,,False,,False,,error: copy-fd: write returned: No space left on device
https://github.com/Gerryflap/RL_project_common,clone_failed,False,0,0,0,,,0,0,0,0,0,False,,False,,False,,False,,False,,False,,error: copy-fd: write returned: No space left on device
https://github.com/SpikeKing/keras-yolo3-detection,clone_failed,False,0,0,0,,,0,0,0,0,0,False,,False,,False,,False,,False,,False,,error: copy-fd: write returned: No space left on device
https://github.com/Andcircle/Final_Proj_Capstone_Team,clone_failed,False,0,0,0,,,0,0,0,0,0,False,,False,,False,,False,,False,,False,,error: copy-fd: write returned: No space left on device
https://github.com/khanna-vijay/GCP-Python-Custom-Metrics,clone_failed,False,0,0,0,,,0,0,0,0,0,False,,False,,False,,False,,False,,False,,error: copy-fd: write returned: No space left on device
https://github.com/wesselb/wbml,clone_failed,False,0,0,0,,,0,0,0,0,0,False,,False,,False,,False,,False,,False,,error: copy-fd: write returned: No space left on device
https://github.com/autonomio/talos,clone_failed,False,0,0,0,,,0,0,0,0,0,False,,False,,False,,False,,False,,False,,error: copy-fd: write returned: No space left on device
https://github.com/rxl194/dlhse,clone_failed,False,0,0,0,,,0,0,0,0,0,False,,False,,False,,False,,False,,False,,error: copy-fd: write returned: No space left on device
https://github.com/nytud/emLam,clone_failed,False,0,0,0,,,0,0,0,0,0,False,,False,,False,,False,,False,,False,,error: copy-fd: write returned: No space left on device
https://github.com/zyxue/stanford-cs224n,clone_failed,False,0,0,0,,,0,0,0,0,0,False,,False,,False,,False,,False,,False,,fatal: cannot copy 'C:/Program Files/Git/mingw64/share/git-core/templates/hooks/pre-commit.sample' to 'D:/scan_tmp/scan_opeyifgq/repo/.git/hooks/pre-commit.sample': No space left on device
https://github.com/jmshoun/braintree,clone_failed,False,0,0,0,,,0,0,0,0,0,False,,False,,False,,False,,False,,False,,error: copy-fd: write returned: No space left on device
https://github.com/gdikov/adversarial-variational-bayes,clone_failed,False,0,0,0,,,0,0,0,0,0,False,,False,,False,,False,,False,,False,,fatal: write error: No space left on device
https://github.com/tioans/Mavericks,clone_failed,False,0,0,0,,,0,0,0,0,0,False,,False,,False,,False,,False,,False,,error: copy-fd: write returned: No space left on device
https://github.com/iratao/deep-learning,clone_failed,False,0,0,0,,,0,0,0,0,0,False,,False,,False,,False,,False,,False,,error: copy-fd: write returned: No space left on device
https://github.com/shapeandshare/dicebox.core,clone_failed,False,0,0,0,,,0,0,0,0,0,False,,False,,False,,False,,False,,False,,error: copy-fd: write returned: No space left on device
https://github.com/viking-sudo-rm/draftnet,clone_failed,False,0,0,0,,,0,0,0,0,0,False,,False,,False,,False,,False,,False,,fatal: cannot copy 'C:/Program Files/Git/mingw64/share/git-core/templates/hooks/pre-commit.sample' to 'D:/scan_tmp/scan__syaoy9y/repo/.git/hooks/pre-commit.sample': No space left on device
https://github.com/boscoybarra/Deep-Learning,clone_failed,False,0,0,0,,,0,0,0,0,0,False,,False,,False,,False,,False,,False,,error: copy-fd: write returned: No space left on device
https://github.com/Hvass-Labs/TensorFlow-Tutorials,clone_failed,False,0,0,0,,,0,0,0,0,0,False,,False,,False,,False,,False,,False,,error: copy-fd: write returned: No space left on device
https://github.com/USCSoftwareEngineeringClub/pyceratOpsRecs,clone_failed,False,0,0,0,,,0,0,0,0,0,False,,False,,False,,False,,False,,False,,error: copy-fd: write returned: No space left on device
https://github.com/rnaidu02/CarND-Capstone_sk,clone_failed,False,0,0,0,,,0,0,0,0,0,False,,False,,False,,False,,False,,False,,error: copy-fd: write returned: No space left on device
https://github.com/bethgelab/decompose,clone_failed,False,0,0,0,,,0,0,0,0,0,False,,False,,False,,False,,False,,False,,error: copy-fd: write returned: No space left on device
https://github.com/etalab/calculette-impots-exemples,clone_failed,False,0,0,0,,,0,0,0,0,0,False,,False,,False,,False,,False,,False,,error: copy-fd: write returned: No space left on device
https://github.com/romainmartinez/synchro,clone_failed,False,0,0,0,,,0,0,0,0,0,False,,False,,False,,False,,False,,False,,error: copy-fd: write returned: No space left on device
https://github.com/RobColeman/data_science_and_engineering_ipython_notebooks,clone_failed,False,0,0,0,,,0,0,0,0,0,False,,False,,False,,False,,False,,False,,fatal: write error: No space left on device
https://github.com/manuel-calzolari/sklearn-genetic,clone_failed,False,0,0,0,,,0,0,0,0,0,False,,False,,False,,False,,False,,False,,error: copy-fd: write returned: No space left on device
https://github.com/scikit-learn-contrib/boruta_py,clone_failed,False,0,0,0,,,0,0,0,0,0,False,,False,,False,,False,,False,,False,,error: copy-fd: write returned: No space left on device
https://github.com/YeoLab/flotilla,clone_failed,False,0,0,0,,,0,0,0,0,0,False,,False,,False,,False,,False,,False,,error: copy-fd: write returned: No space left on device
https://github.com/losonczylab/sima,clone_failed,False,0,0,0,,,0,0,0,0,0,False,,False,,False,,False,,False,,False,,fatal: write error: No space left on device
https://github.com/grst/pygenesig,clone_failed,False,0,0,0,,,0,0,0,0,0,False,,False,,False,,False,,False,,False,,error: copy-fd: write returned: No space left on device
https://github.com/xiaoleitw/v2c,clone_failed,False,0,0,0,,,0,0,0,0,0,False,,False,,False,,False,,False,,False,,error: copy-fd: write returned: No space left on device
https://github.com/tudo-astroparticlephysics/pydisteval,clone_failed,False,0,0,0,,,0,0,0,0,0,False,,False,,False,,False,,False,,False,,error: copy-fd: write returned: No space left on device
https://github.com/Kensuke-Mitsuzawa/DocumentFeatureSelection,clone_failed,False,0,0,0,,,0,0,0,0,0,False,,False,,False,,False,,False,,False,,error: copy-fd: write returned: No space left on device
https://github.com/nn-students-2021h2/Colorization_of_photos_12,clone_failed,False,0,0,0,,,0,0,0,0,0,False,,False,,False,,False,,False,,False,,error: copy-fd: write returned: No space left on device
https://github.com/FuNNNk/Structured-Sentiment-Analysis,clone_failed,False,0,0,0,,,0,0,0,0,0,False,,False,,False,,False,,False,,False,,error: copy-fd: write returned: No space left on device
https://github.com/legacyai/tf-transformers,clone_failed,False,0,0,0,,,0,0,0,0,0,False,,False,,False,,False,,False,,False,,error: copy-fd: write returned: No space left on device
https://github.com/cypherics/IVU,clone_failed,False,0,0,0,,,0,0,0,0,0,False,,False,,False,,False,,False,,False,,error: copy-fd: write returned: No space left on device
https://github.com/CS-433/ml-project-2-patricks,clone_failed,False,0,0,0,,,0,0,0,0,0,False,,False,,False,,False,,False,,False,,error: copy-fd: write returned: No space left on device
https://github.com/glejdis/ATML-Generalization-in-RL,clone_failed,False,0,0,0,,,0,0,0,0,0,False,,False,,False,,False,,False,,False,,error: copy-fd: write returned: No space left on device
https://github.com/AndreasAvgou/Convolution-Neural-Network-code,clone_failed,False,0,0,0,,,0,0,0,0,0,False,,False,,False,,False,,False,,False,,error: copy-fd: write returned: No space left on device
https://github.com/bukanrahasia/MaskRCNN-RGBD,clone_failed,False,0,0,0,,,0,0,0,0,0,False,,False,,False,,False,,False,,False,,error: copy-fd: write returned: No space left on device
https://github.com/rish-16/gpt2client,clone_failed,False,0,0,0,,,0,0,0,0,0,False,,False,,False,,False,,False,,False,,error: copy-fd: write returned: No space left on device
https://github.com/Randon-Myntra-HackerRamp-21/Skyn,clone_failed,False,0,0,0,,,0,0,0,0,0,False,,False,,False,,False,,False,,False,,error: copy-fd: write returned: No space left on device
https://github.com/Nam-SW/TFTrainer,clone_failed,False,0,0,0,,,0,0,0,0,0,False,,False,,False,,False,,False,,False,,error: copy-fd: write returned: No space left on device
https://github.com/cgerum/tvm_tutorial,clone_failed,False,0,0,0,,,0,0,0,0,0,False,,False,,False,,False,,False,,False,,error: copy-fd: write returned: No space left on device
https://github.com/checko/tensorflowexample,clone_failed,False,0,0,0,,,0,0,0,0,0,False,,False,,False,,False,,False,,False,,error: copy-fd: write returned: No space left on device
https://github.com/Bo-Yuan-Huang/3la-tvm-exact,clone_failed,False,0,0,0,,,0,0,0,0,0,False,,False,,False,,False,,False,,False,,error: copy-fd: write returned: No space left on device
https://github.com/Jjaramil/verbose-octo-spoon,clone_failed,False,0,0,0,,,0,0,0,0,0,False,,False,,False,,False,,False,,False,,error: copy-fd: write returned: No space left on device
https://github.com/jmcginn/McGANn,clone_failed,False,0,0,0,,,0,0,0,0,0,False,,False,,False,,False,,False,,False,,fatal: write error: No space left on device
https://github.com/brianmanderson/Data_Generators,clone_failed,False,0,0,0,,,0,0,0,0,0,False,,False,,False,,False,,False,,False,,error: copy-fd: write returned: No space left on device
https://github.com/xwshi/vggish-models,clone_failed,False,0,0,0,,,0,0,0,0,0,False,,False,,False,,False,,False,,False,,error: copy-fd: write returned: No space left on device
https://github.com/AndoverWindowCleaners/WindowCleaningProject,clone_failed,False,0,0,0,,,0,0,0,0,0,False,,False,,False,,False,,False,,False,,error: copy-fd: write returned: No space left on device
https://github.com/Nouvellie/django-mlops-docker,clone_failed,False,0,0,0,,,0,0,0,0,0,False,,False,,False,,False,,False,,False,,error: copy-fd: write returned: No space left on device
https://github.com/wesselb/oilmm,clone_failed,False,0,0,0,,,0,0,0,0,0,False,,False,,False,,False,,False,,False,,error: copy-fd: write returned: No space left on device
https://github.com/sirzzang/Lecture-Multicampus,clone_failed,False,0,0,0,,,0,0,0,0,0,False,,False,,False,,False,,False,,False,,error: copy-fd: write returned: No space left on device
https://github.com/ABCSquad/tracr,clone_failed,False,0,0,0,,,0,0,0,0,0,False,,False,,False,,False,,False,,False,,error: copy-fd: write returned: No space left on device
https://github.com/sidn19/Stock-price-prediction,clone_failed,False,0,0,0,,,0,0,0,0,0,False,,False,,False,,False,,False,,False,,error: copy-fd: write returned: No space left on device
https://github.com/0rC0/WMHpypes,clone_failed,False,0,0,0,,,0,0,0,0,0,False,,False,,False,,False,,False,,False,,error: copy-fd: write returned: No space left on device
https://github.com/Bumstriker112/AI_apprenticeship_project,clone_failed,False,0,0,0,,,0,0,0,0,0,False,,False,,False,,False,,False,,False,,error: copy-fd: write returned: No space left on device
https://github.com/IndraP24/Basic-Keras-Web-App,clone_failed,False,0,0,0,,,0,0,0,0,0,False,,False,,False,,False,,False,,False,,error: copy-fd: write returned: No space left on device
https://github.com/smrfeld/phys_dbd,clone_failed,False,0,0,0,,,0,0,0,0,0,False,,False,,False,,False,,False,,False,,error: copy-fd: write returned: No space left on device
https://github.com/fvergaracontesse/hyperion_solar_net,clone_failed,False,0,0,0,,,0,0,0,0,0,False,,False,,False,,False,,False,,False,,error: copy-fd: write returned: No space left on device
https://github.com/B21-CAP0411/Capstone_Project,clone_failed,False,0,0,0,,,0,0,0,0,0,False,,False,,False,,False,,False,,False,,error: copy-fd: write returned: No space left on device
https://github.com/gaurxvreddy/food-vision,clone_failed,False,0,0,0,,,0,0,0,0,0,False,,False,,False,,False,,False,,False,,error: copy-fd: write returned: No space left on device
https://github.com/r0han99/Covid19-ML-Application,clone_failed,False,0,0,0,,,0,0,0,0,0,False,,False,,False,,False,,False,,False,,error: copy-fd: write returned: No space left on device
https://github.com/ML-Privacy/Privacy-Protected-Learning,clone_failed,False,0,0,0,,,0,0,0,0,0,False,,False,,False,,False,,False,,False,,error: copy-fd: write returned: No space left on device
https://github.com/vrsivananda/CS205_FinalProject,clone_failed,False,0,0,0,,,0,0,0,0,0,False,,False,,False,,False,,False,,False,,error: copy-fd: write returned: No space left on device
https://github.com/amielf/RakerOne,clone_failed,False,0,0,0,,,0,0,0,0,0,False,,False,,False,,False,,False,,False,,fatal: write error: No space left on device
https://github.com/Nkonovalenko/GoAI,clone_failed,False,0,0,0,,,0,0,0,0,0,False,,False,,False,,False,,False,,False,,error: copy-fd: write returned: No space left on device
https://github.com/arnavgarg123/COMP90024-ClusterAndCloudComputing-Assignment2,clone_failed,False,0,0,0,,,0,0,0,0,0,False,,False,,False,,False,,False,,False,,fatal: write error: No space left on device
https://github.com/alsdk3586/pocketFish,clone_failed,False,0,0,0,,,0,0,0,0,0,False,,False,,False,,False,,False,,False,,error: copy-fd: write returned: No space left on device
https://github.com/DIAGNijmegen/pathology-he-auto-augment,clone_failed,False,0,0,0,,,0,0,0,0,0,False,,False,,False,,False,,False,,False,,fatal: write error: No space left on device
https://github.com/taichicode1/pbdlib-python,clone_failed,False,0,0,0,,,0,0,0,0,0,False,,False,,False,,False,,False,,False,,error: copy-fd: write returned: No space left on device
https://github.com/dsc-itsu/freeloaders-recognition,clone_failed,False,0,0,0,,,0,0,0,0,0,False,,False,,False,,False,,False,,False,,fatal: write error: No space left on device
https://github.com/InigoMoreno/deep_ga,clone_failed,False,0,0,0,,,0,0,0,0,0,False,,False,,False,,False,,False,,False,,error: copy-fd: write returned: No space left on device
https://github.com/cl-tohoku/bert-japanese,clone_failed,False,0,0,0,,,0,0,0,0,0,False,,False,,False,,False,,False,,False,,error: copy-fd: write returned: No space left on device
https://github.com/IsmaelMekene/meteor-east-detector,clone_failed,False,0,0,0,,,0,0,0,0,0,False,,False,,False,,False,,False,,False,,error: copy-fd: write returned: No space left on device
https://github.com/alvarobartt/serving-tensorflow-models,clone_failed,False,0,0,0,,,0,0,0,0,0,False,,False,,False,,False,,False,,False,,error: copy-fd: write returned: No space left on device
https://github.com/DavidDarlington/ImageAI,clone_failed,False,0,0,0,,,0,0,0,0,0,False,,False,,False,,False,,False,,False,,fatal: write error: No space left on device
https://github.com/MichaelCullen2011/NSTBackend,clone_failed,False,0,0,0,,,0,0,0,0,0,False,,False,,False,,False,,False,,False,,error: copy-fd: write returned: No space left on device
https://github.com/KonduitAI/ImportTests,clone_failed,False,0,0,0,,,0,0,0,0,0,False,,False,,False,,False,,False,,False,,fatal: write error: No space left on device
https://github.com/reekithak/English-Proficiency-Tester-Modules,clone_failed,False,0,0,0,,,0,0,0,0,0,False,,False,,False,,False,,False,,False,,error: copy-fd: write returned: No space left on device
https://github.com/smartdolphin/shopping-classification-task,clone_failed,False,0,0,0,,,0,0,0,0,0,False,,False,,False,,False,,False,,False,,error: copy-fd: write returned: No space left on device
https://github.com/SamieSparks/gh-repo-clone-magenta-magenta,clone_failed,False,0,0,0,,,0,0,0,0,0,False,,False,,False,,False,,False,,False,,error: copy-fd: write returned: No space left on device
https://github.com/YigitGunduc/Spectrum,clone_failed,False,0,0,0,,,0,0,0,0,0,False,,False,,False,,False,,False,,False,,error: copy-fd: write returned: No space left on device
https://github.com/logictensornetworks/logictensornetworks,clone_failed,False,0,0,0,,,0,0,0,0,0,False,,False,,False,,False,,False,,False,,fatal: write error: No space left on device
https://github.com/samprasgit/Learn_ML_in_Python,clone_failed,False,0,0,0,,,0,0,0,0,0,False,,False,,False,,False,,False,,False,,error: copy-fd: write returned: No space left on device
https://github.com/djaney/ml-studies,clone_failed,False,0,0,0,,,0,0,0,0,0,False,,False,,False,,False,,False,,False,,error: copy-fd: write returned: No space left on device
https://github.com/kevinyao93/CS245-Project-1,clone_failed,False,0,0,0,,,0,0,0,0,0,False,,False,,False,,False,,False,,False,,fatal: write error: No space left on device
https://github.com/simo-cava/Mask_RCNN,clone_failed,False,0,0,0,,,0,0,0,0,0,False,,False,,False,,False,,False,,False,,error: copy-fd: write returned: No space left on device
https://github.com/matchms/ms2deepscore,clone_failed,False,0,0,0,,,0,0,0,0,0,False,,False,,False,,False,,False,,False,,fatal: write error: No space left on device
https://github.com/pbaut002/EduGAN,clone_failed,False,0,0,0,,,0,0,0,0,0,False,,False,,False,,False,,False,,False,,error: copy-fd: write returned: No space left on device
https://github.com/rickyHong/Mask-RCNN-repl,clone_failed,False,0,0,0,,,0,0,0,0,0,False,,False,,False,,False,,False,,False,,error: copy-fd: write returned: No space left on device
https://github.com/joaquimgomez/BachelorsThesis-TextSimilarityMeasures,clone_failed,False,0,0,0,,,0,0,0,0,0,False,,False,,False,,False,,False,,False,,error: copy-fd: write returned: No space left on device
https://github.com/cifkao/groove2groove,clone_failed,False,0,0,0,,,0,0,0,0,0,False,,False,,False,,False,,False,,False,,error: copy-fd: write returned: No space left on device
https://github.com/fabrylab/Deformation_Cytometer,clone_failed,False,0,0,0,,,0,0,0,0,0,False,,False,,False,,False,,False,,False,,error: copy-fd: write returned: No space left on device
https://github.com/schandrachary/models,clone_failed,False,0,0,0,,,0,0,0,0,0,False,,False,,False,,False,,False,,False,,error: copy-fd: write returned: No space left on device
https://github.com/ShogoAkiyama/AnimalAI-Olympics,clone_failed,False,0,0,0,,,0,0,0,0,0,False,,False,,False,,False,,False,,False,,error: copy-fd: write returned: No space left on device
https://github.com/cc20002002/Neural-Networks,clone_failed,False,0,0,0,,,0,0,0,0,0,False,,False,,False,,False,,False,,False,,fatal: write error: No space left on device
https://github.com/y33-j3T/Machine-Learning-Archive,clone_failed,False,0,0,0,,,0,0,0,0,0,False,,False,,False,,False,,False,,False,,error: copy-fd: write returned: No space left on device
https://github.com/pcesar-costa/portfolio,clone_failed,False,0,0,0,,,0,0,0,0,0,False,,False,,False,,False,,False,,False,,error: copy-fd: write returned: No space left on device
https://github.com/Enigma7761/HeartRateVariability,clone_failed,False,0,0,0,,,0,0,0,0,0,False,,False,,False,,False,,False,,False,,fatal: write error: No space left on device
https://github.com/rinagalperin/umls_contextual_relevance_model,clone_failed,False,0,0,0,,,0,0,0,0,0,False,,False,,False,,False,,False,,False,,error: copy-fd: write returned: No space left on device
https://github.com/mehmaniayaz/Object-Counter,clone_failed,False,0,0,0,,,0,0,0,0,0,False,,False,,False,,False,,False,,False,,fatal: write error: No space left on device
https://github.com/angelogro/NI-Project---RL---Catan,clone_failed,False,0,0,0,,,0,0,0,0,0,False,,False,,False,,False,,False,,False,,error: copy-fd: write returned: No space left on device
https://github.com/tud-ccc/compy-learn,clone_failed,False,0,0,0,,,0,0,0,0,0,False,,False,,False,,False,,False,,False,,fatal: write error: No space left on device
https://github.com/The-crucified/Flask_TF_SSD,clone_failed,False,0,0,0,,,0,0,0,0,0,False,,False,,False,,False,,False,,False,,error: copy-fd: write returned: No space left on device
https://github.com/mtaruno/eve-bot,clone_failed,False,0,0,0,,,0,0,0,0,0,False,,False,,False,,False,,False,,False,,fatal: write error: No space left on device
https://github.com/adambelniak/WindForecast,clone_failed,False,0,0,0,,,0,0,0,0,0,False,,False,,False,,False,,False,,False,,error: copy-fd: write returned: No space left on device
https://github.com/mattmcd/PyBayes,clone_failed,False,0,0,0,,,0,0,0,0,0,False,,False,,False,,False,,False,,False,,fatal: write error: No space left on device
https://github.com/wildoctopus/DRLND,clone_failed,False,0,0,0,,,0,0,0,0,0,False,,False,,False,,False,,False,,False,,error: copy-fd: write returned: No space left on device
https://github.com/all-of-us/workbench-snippets,clone_failed,False,0,0,0,,,0,0,0,0,0,False,,False,,False,,False,,False,,False,,fatal: write error: No space left on device
https://github.com/artusoma/prinPy,clone_failed,False,0,0,0,,,0,0,0,0,0,False,,False,,False,,False,,False,,False,,error: copy-fd: write returned: No space left on device
https://github.com/AvisekNaug/ah_deployment,clone_failed,False,0,0,0,,,0,0,0,0,0,False,,False,,False,,False,,False,,False,,error: copy-fd: write returned: No space left on device
https://github.com/linklab/link_rl_book_codes,clone_failed,False,0,0,0,,,0,0,0,0,0,False,,False,,False,,False,,False,,False,,fatal: write error: No space left on device
https://github.com/milliams/intro_deep_learning,clone_failed,False,0,0,0,,,0,0,0,0,0,False,,False,,False,,False,,False,,False,,error: copy-fd: write returned: No space left on device
https://github.com/togakyo/f3pixel,clone_failed,False,0,0,0,,,0,0,0,0,0,False,,False,,False,,False,,False,,False,,fatal: write error: No space left on device
https://github.com/nccr-itmo/FEDOT,clone_failed,False,0,0,0,,,0,0,0,0,0,False,,False,,False,,False,,False,,False,,error: copy-fd: write returned: No space left on device
https://github.com/ruanvdmerwe/workplace_screening,clone_failed,False,0,0,0,,,0,0,0,0,0,False,,False,,False,,False,,False,,False,,error: copy-fd: write returned: No space left on device
https://github.com/ahooper2-school/Broadway-Classifier,clone_failed,False,0,0,0,,,0,0,0,0,0,False,,False,,False,,False,,False,,False,,error: copy-fd: write returned: No space left on device
https://github.com/ekraka/SSnet,clone_failed,False,0,0,0,,,0,0,0,0,0,False,,False,,False,,False,,False,,False,,fatal: write error: No space left on device
https://github.com/jdubpark/beetect,clone_failed,False,0,0,0,,,0,0,0,0,0,False,,False,,False,,False,,False,,False,,error: copy-fd: write returned: No space left on device
https://github.com/votamvan/project3,clone_failed,False,0,0,0,,,0,0,0,0,0,False,,False,,False,,False,,False,,False,,fatal: write error: No space left on device
https://github.com/BloomTech-Labs/allay-ds,clone_failed,False,0,0,0,,,0,0,0,0,0,False,,False,,False,,False,,False,,False,,error: copy-fd: write returned: No space left on device
https://github.com/MSBeni/tensorflow-without-a-phd,clone_failed,False,0,0,0,,,0,0,0,0,0,False,,False,,False,,False,,False,,False,,error: copy-fd: write returned: No space left on device
https://github.com/horoshenkih/harbour-space-text-mining-course,clone_failed,False,0,0,0,,,0,0,0,0,0,False,,False,,False,,False,,False,,False,,fatal: write error: No space left on device
https://github.com/rgmyr/corebreakout,clone_failed,False,0,0,0,,,0,0,0,0,0,False,,False,,False,,False,,False,,False,,error: copy-fd: write returned: No space left on device
https://github.com/Pit-Storm/rl-pong,clone_failed,False,0,0,0,,,0,0,0,0,0,False,,False,,False,,False,,False,,False,,error: copy-fd: write returned: No space left on device
https://github.com/alshedivat/meta-blocks,clone_failed,False,0,0,0,,,0,0,0,0,0,False,,False,,False,,False,,False,,False,,error: copy-fd: write returned: No space left on device
https://github.com/stephandooper/dam_detection,clone_failed,False,0,0,0,,,0,0,0,0,0,False,,False,,False,,False,,False,,False,,error: copy-fd: write returned: No space left on device
https://github.com/msmtctaiwan/CustomVisionDocker,clone_failed,False,0,0,0,,,0,0,0,0,0,False,,False,,False,,False,,False,,False,,error: copy-fd: write returned: No space left on device
https://github.com/gradientzero/dq0-sdk,clone_failed,False,0,0,0,,,0,0,0,0,0,False,,False,,False,,False,,False,,False,,fatal: write error: No space left on device
https://github.com/khaledAIVR/Rooaa,clone_failed,False,0,0,0,,,0,0,0,0,0,False,,False,,False,,False,,False,,False,,error: copy-fd: write returned: No space left on device
https://github.com/hukim1112/meta-vision,clone_failed,False,0,0,0,,,0,0,0,0,0,False,,False,,False,,False,,False,,False,,error: copy-fd: write returned: No space left on device
https://github.com/j-karls/P10-ExoskeletonTransferLearning,clone_failed,False,0,0,0,,,0,0,0,0,0,False,,False,,False,,False,,False,,False,,fatal: write error: No space left on device
https://github.com/koolvn/docker_ml,clone_failed,False,0,0,0,,,0,0,0,0,0,False,,False,,False,,False,,False,,False,,error: copy-fd: write returned: No space left on device
https://github.com/jpgard/dro,clone_failed,False,0,0,0,,,0,0,0,0,0,False,,False,,False,,False,,False,,False,,error: copy-fd: write returned: No space left on device
https://github.com/saahiluppal/langdet,clone_failed,False,0,0,0,,,0,0,0,0,0,False,,False,,False,,False,,False,,False,,fatal: write error: No space left on device
https://github.com/zwang2019/Skymapping_Tools,clone_failed,False,0,0,0,,,0,0,0,0,0,False,,False,,False,,False,,False,,False,,error: copy-fd: write returned: No space left on device
https://github.com/safijari/jack-of-some-rl-journey,clone_failed,False,0,0,0,,,0,0,0,0,0,False,,False,,False,,False,,False,,False,,error: copy-fd: write returned: No space left on device
https://github.com/sbrml/pilco,clone_failed,False,0,0,0,,,0,0,0,0,0,False,,False,,False,,False,,False,,False,,error: copy-fd: write returned: No space left on device
https://github.com/MightyAlex200/DiscordDungeon,clone_failed,False,0,0,0,,,0,0,0,0,0,False,,False,,False,,False,,False,,False,,error: copy-fd: write returned: No space left on device
https://github.com/LP-CDF/AMi_Image_Analysis,clone_failed,False,0,0,0,,,0,0,0,0,0,False,,False,,False,,False,,False,,False,,error: copy-fd: write returned: No space left on device
https://github.com/monocongo/cvdata,clone_failed,False,0,0,0,,,0,0,0,0,0,False,,False,,False,,False,,False,,False,,error: copy-fd: write returned: No space left on device
https://github.com/brash99/phys441,clone_failed,False,0,0,0,,,0,0,0,0,0,False,,False,,False,,False,,False,,False,,error: copy-fd: write returned: No space left on device
https://github.com/polochinoc/Internship,clone_failed,False,0,0,0,,,0,0,0,0,0,False,,False,,False,,False,,False,,False,,error: copy-fd: write returned: No space left on device
https://github.com/FinnZC/Stock-AI,clone_failed,False,0,0,0,,,0,0,0,0,0,False,,False,,False,,False,,False,,False,,fatal: write error: No space left on device
https://github.com/x65han/FYDP,clone_failed,False,0,0,0,,,0,0,0,0,0,False,,False,,False,,False,,False,,False,,error: copy-fd: write returned: No space left on device
https://github.com/karvla/topic-guest-classifier,clone_failed,False,0,0,0,,,0,0,0,0,0,False,,False,,False,,False,,False,,False,,fatal: write error: No space left on device
https://github.com/aicroe/sacnn,clone_failed,False,0,0,0,,,0,0,0,0,0,False,,False,,False,,False,,False,,False,,error: copy-fd: write returned: No space left on device
https://github.com/mr-shoxruxbek/Face_recognition,clone_failed,False,0,0,0,,,0,0,0,0,0,False,,False,,False,,False,,False,,False,,fatal: write error: No space left on device
https://github.com/huridocs/classification-utils,clone_failed,False,0,0,0,,,0,0,0,0,0,False,,False,,False,,False,,False,,False,,fatal: cannot copy 'C:/Program Files/Git/mingw64/share/git-core/templates/hooks/pre-commit.sample' to 'D:/scan_tmp/scan_cimpx0_x/repo/.git/hooks/pre-commit.sample': No space left on device
https://github.com/longphungtuan94/ALPR_System,clone_failed,False,0,0,0,,,0,0,0,0,0,False,,False,,False,,False,,False,,False,,error: copy-fd: write returned: No space left on device
https://github.com/phamnam95/channel,clone_failed,False,0,0,0,,,0,0,0,0,0,False,,False,,False,,False,,False,,False,,error: copy-fd: write returned: No space left on device
https://github.com/ChineseGLUE/ChineseGLUE,clone_failed,False,0,0,0,,,0,0,0,0,0,False,,False,,False,,False,,False,,False,,fatal: write error: No space left on device
https://github.com/justadudewhohacks/colabsnippets,clone_failed,False,0,0,0,,,0,0,0,0,0,False,,False,,False,,False,,False,,False,,error: copy-fd: write returned: No space left on device
https://github.com/zhouyong1234/TheAlgorithms-Python,clone_failed,False,0,0,0,,,0,0,0,0,0,False,,False,,False,,False,,False,,False,,fatal: write error: No space left on device
https://github.com/bethanylindberg/SMU_Data_Science,clone_failed,False,0,0,0,,,0,0,0,0,0,False,,False,,False,,False,,False,,False,,error: copy-fd: write returned: No space left on device
https://github.com/SenthilCaesar/CNN-Sematic-Segmentation,clone_failed,False,0,0,0,,,0,0,0,0,0,False,,False,,False,,False,,False,,False,,fatal: write error: No space left on device
https://github.com/NathanBWaters/bug_buddy,clone_failed,False,0,0,0,,,0,0,0,0,0,False,,False,,False,,False,,False,,False,,error: copy-fd: write returned: No space left on device
https://github.com/PythonCharmers/QuantFinance,clone_failed,False,0,0,0,,,0,0,0,0,0,False,,False,,False,,False,,False,,False,,fatal: write error: No space left on device
https://github.com/coach-ml/coach-python,clone_failed,False,0,0,0,,,0,0,0,0,0,False,,False,,False,,False,,False,,False,,error: copy-fd: write returned: No space left on device
https://github.com/chutien/zpp-mem,clone_failed,False,0,0,0,,,0,0,0,0,0,False,,False,,False,,False,,False,,False,,error: copy-fd: write returned: No space left on device
https://github.com/ltskinner/critical-path-nlp,clone_failed,False,0,0,0,,,0,0,0,0,0,False,,False,,False,,False,,False,,False,,fatal: write error: No space left on device
https://github.com/Andreimdvn/Crypto_LSTM,clone_failed,False,0,0,0,,,0,0,0,0,0,False,,False,,False,,False,,False,,False,,error: copy-fd: write returned: No space left on device
https://github.com/wylswz/twitter_pride_vanity,clone_failed,False,0,0,0,,,0,0,0,0,0,False,,False,,False,,False,,False,,False,,error: copy-fd: write returned: No space left on device
https://github.com/macy111/CarND-Capstone,clone_failed,False,0,0,0,,,0,0,0,0,0,False,,False,,False,,False,,False,,False,,fatal: write error: No space left on device
https://github.com/McKaneAndrus/IRLD,clone_failed,False,0,0,0,,,0,0,0,0,0,False,,False,,False,,False,,False,,False,,error: copy-fd: write returned: No space left on device
https://github.com/debelyoo/physio-posenet,clone_failed,False,0,0,0,,,0,0,0,0,0,False,,False,,False,,False,,False,,False,,error: copy-fd: write returned: No space left on device
https://github.com/joepvdbogaert/fire.ai,clone_failed,False,0,0,0,,,0,0,0,0,0,False,,False,,False,,False,,False,,False,,fatal: write error: No space left on device
https://github.com/smartenv/smartcan,clone_failed,False,0,0,0,,,0,0,0,0,0,False,,False,,False,,False,,False,,False,,fatal: write error: No space left on device
https://github.com/sewerynzalupka/tensorflow-tutorial,clone_failed,False,0,0,0,,,0,0,0,0,0,False,,False,,False,,False,,False,,False,,fatal: write error: No space left on device
https://github.com/2860166/Tensorflow_tutorial_Persian,clone_failed,False,0,0,0,,,0,0,0,0,0,False,,False,,False,,False,,False,,False,,fatal: write error: No space left on device
https://github.com/titu1994/tfdiffeq,clone_failed,False,0,0,0,,,0,0,0,0,0,False,,False,,False,,False,,False,,False,,fatal: write error: No space left on device
https://github.com/eichitakaya/self_study,clone_failed,False,0,0,0,,,0,0,0,0,0,False,,False,,False,,False,,False,,False,,fatal: write error: No space left on device
https://github.com/gitboyzorro5/cloudml-samples,clone_failed,False,0,0,0,,,0,0,0,0,0,False,,False,,False,,False,,False,,False,,fatal: write error: No space left on device
https://github.com/orgoro/style-vae,clone_failed,False,0,0,0,,,0,0,0,0,0,False,,False,,False,,False,,False,,False,,fatal: write error: No space left on device
https://github.com/VegB/Text_Infilling,clone_failed,False,0,0,0,,,0,0,0,0,0,False,,False,,False,,False,,False,,False,,fatal: write error: No space left on device
https://github.com/dcdanko/gimmebio,clone_failed,False,0,0,0,,,0,0,0,0,0,False,,False,,False,,False,,False,,False,,fatal: write error: No space left on device
https://github.com/cbsudux/Mumbai-slum-segmentation,clone_failed,False,0,0,0,,,0,0,0,0,0,False,,False,,False,,False,,False,,False,,fatal: write error: No space left on device
https://github.com/ralf-meyer/NNpotentials,clone_failed,False,0,0,0,,,0,0,0,0,0,False,,False,,False,,False,,False,,False,,fatal: write error: No space left on device
https://github.com/yassineb/mercari-hackathon-2018,clone_failed,False,0,0,0,,,0,0,0,0,0,False,,False,,False,,False,,False,,False,,fatal: write error: No space left on device
https://github.com/bio-ontology-research-group/deepgo,clone_failed,False,0,0,0,,,0,0,0,0,0,False,,False,,False,,False,,False,,False,,fatal: write error: No space left on device
https://github.com/hclhkbu/dlbench,clone_failed,False,0,0,0,,,0,0,0,0,0,False,,False,,False,,False,,False,,False,,fatal: write error: No space left on device
https://github.com/twcmchang/DLCV2018SPRING,clone_failed,False,0,0,0,,,0,0,0,0,0,False,,False,,False,,False,,False,,False,,fatal: write error: No space left on device
https://github.com/ab9bhatia/PythonScripts,clone_failed,False,0,0,0,,,0,0,0,0,0,False,,False,,False,,False,,False,,False,,fatal: write error: No space left on device
https://github.com/matwilso/reinforce,clone_failed,False,0,0,0,,,0,0,0,0,0,False,,False,,False,,False,,False,,False,,fatal: write error: No space left on device
https://github.com/MaybeShewill-CV/lanenet-lane-detection,clone_failed,False,0,0,0,,,0,0,0,0,0,False,,False,,False,,False,,False,,False,,fatal: write error: No space left on device
https://github.com/ZM-BAD/ACSclassifier,clone_failed,False,0,0,0,,,0,0,0,0,0,False,,False,,False,,False,,False,,False,,fatal: write error: No space left on device
https://github.com/BE-PROJECTS2018/GroupNo1-Vehicular-Traffic-Abatement,clone_failed,False,0,0,0,,,0,0,0,0,0,False,,False,,False,,False,,False,,False,,fatal: write error: No space left on device
https://github.com/mbachm/CarND-Capstone,clone_failed,False,0,0,0,,,0,0,0,0,0,False,,False,,False,,False,,False,,False,,fatal: write error: No space left on device
https://github.com/wmikolajczyk/complex-network-analysis,clone_failed,False,0,0,0,,,0,0,0,0,0,False,,False,,False,,False,,False,,False,,fatal: write error: No space left on device
https://github.com/iamfaisalkhan/CarND-Capstone,clone_failed,False,0,0,0,,,0,0,0,0,0,False,,False,,False,,False,,False,,False,,fatal: write error: No space left on device
https://github.com/LqNoob/tensorflow_cookbook,clone_failed,False,0,0,0,,,0,0,0,0,0,False,,False,,False,,False,,False,,False,,fatal: write error: No space left on device
https://github.com/dreyk/speech-demo,clone_failed,False,0,0,0,,,0,0,0,0,0,False,,False,,False,,False,,False,,False,,fatal: write error: No space left on device
https://github.com/edublancas/neural-clustering,clone_failed,False,0,0,0,,,0,0,0,0,0,False,,False,,False,,False,,False,,False,,fatal: write error: No space left on device
https://github.com/damilo/project.ml,clone_failed,False,0,0,0,,,0,0,0,0,0,False,,False,,False,,False,,False,,False,,fatal: write error: No space left on device
https://github.com/hasan-ally/learning,clone_failed,False,0,0,0,,,0,0,0,0,0,False,,False,,False,,False,,False,,False,,fatal: write error: No space left on device
https://github.com/psnx/CarND-Capstone,clone_failed,False,0,0,0,,,0,0,0,0,0,False,,False,,False,,False,,False,,False,,fatal: write error: No space left on device
https://github.com/alex-n-braun/carla.hal,clone_failed,False,0,0,0,,,0,0,0,0,0,False,,False,,False,,False,,False,,False,,fatal: write error: No space left on device
https://github.com/xasopheno/WhoYouAre,clone_failed,False,0,0,0,,,0,0,0,0,0,False,,False,,False,,False,,False,,False,,fatal: write error: No space left on device
https://github.com/silverguo/koroker,clone_failed,False,0,0,0,,,0,0,0,0,0,False,,False,,False,,False,,False,,False,,fatal: write error: No space left on device
https://github.com/aarontuor/antk,clone_failed,False,0,0,0,,,0,0,0,0,0,False,,False,,False,,False,,False,,False,,fatal: write error: No space left on device
