repo,status,verified,stages_present,dockerfiles_found,entry_points_resolved,entry_files,entry_route,reachable_files,total_functions,max_depth,parse_errors,dynamic_imports,data_acquisition,data_acquisition_evidence,data_preparation,data_preparation_evidence,modeling,modeling_evidence,training,training_evidence,evaluation,evaluation_evidence,inference,inference_evidence,detail
https://github.com/neuromodulation/py_neuromodulation,ok,True,6,0,1,py_neuromodulation\run_gui.py,fallback_console_script,51,401,5,0,2,True,py_neuromodulation/stream/settings.py:281 json.load [matched json.load],True,py_neuromodulation/stream/data_processor.py:255 np.nan_to_num [matched np.nan_to_num],True,py_neuromodulation/analysis/decode.py:121 sklearn.linear_model.LinearRegression [matched LinearRegression],True,py_neuromodulation/analysis/decode.py:563 model.fit [matched model.fit],True,py_neuromodulation/analysis/decode.py:462 sklearn.metrics.confusion_matrix [matched confusion_matrix],True,py_neuromodulation/analysis/decode.py:52 self.model.predict_proba [matched model.predict_proba],verified: all 6 stages present
https://github.com/m-beau/NeuroPyxels,ok,True,6,0,1,npyx\c4\predict_cell_types.py,fallback_console_script,37,823,3,0,0,True,npyx/c4/predict_cell_types.py:214 pd.read_csv [matched pd.read_csv],True,npyx/corr.py:938 np.nan_to_num [matched np.nan_to_num],True,npyx/c4/dl_utils.py:0 class ConvEncoderResize [matched <class subclasses model base>],True,npyx/c4/run_deep_classifier.py:292 optimizer.zero_grad [matched optimizer.zero_grad],True,npyx/c4/plots_functions.py:215 sklearn.metrics.confusion_matrix [matched confusion_matrix],True,npyx/c4/run_deep_classifier.py:305 torch.no_grad [matched torch.no_grad],verified: all 6 stages present
https://github.com/selflein/MA-EBM,ok,True,6,0,1,uncertainty_est\train.py,fallback_nested,58,505,5,0,0,True,uncertainty_est/models/__init__.py:81 yaml.load [matched yaml.load],True,uncertainty_est/data/dataloaders.py:80 torchvision.transforms.Resize [matched torchvision.transforms.*],True,uncertainty_est/models/normalizing_flow/image_flows.py:95 nn.ModuleList [matched nn.ModuleList],True,uncertainty_est/train.py:148 trainer.fit [matched trainer.fit],True,uncertainty_est/train.py:151 trainer.test [matched trainer.test],True,uncertainty_est/train.py:151 trainer.test [matched trainer.test],verified: all 6 stages present
https://github.com/javabudd/jtrader,ok,True,6,1,1,jtrader\main.py,fallback_nested,49,210,6,0,0,True,jtrader/core/ml.py:72 pd.read_pickle [matched pd.read_pickle],True,jtrader/core/backtester.py:33 pd.to_datetime [matched pd.to_datetime],True,jtrader/core/trader/pairs.py:60 sklearn.linear_model.LinearRegression [matched LinearRegression],True,jtrader/core/trader/pairs.py:70 regr.fit [matched regr.fit],True,jtrader/core/trader/pairs.py:74 sklearn.metrics.r2_score [matched r2_score],True,jtrader/core/ml.py:254 model.predict [matched model.predict],verified: all 6 stages present
https://github.com/Jingnan-Jia/ssc_scoring,ok,True,6,0,1,ssc_scoring\run.py,fallback_nested,16,167,3,0,0,True,ssc_scoring/mymodules/tool.py:151 pd.read_csv [matched pd.read_csv],True,ssc_scoring/mymodules/mydata.py:123 sklearn.model_selection.KFold [matched KFold],True,ssc_scoring/mymodules/myloss.py:0 class MSEHigher [matched <class subclasses model base>],True,ssc_scoring/run.py:176 loss.backward [matched loss.backward],True,ssc_scoring/run.py:186 mlflow.log_metric [matched mlflow.log_metric],True,ssc_scoring/run.py:130 torch.no_grad [matched torch.no_grad],verified: all 6 stages present
https://github.com/MIC-DKFZ/nnDetection,ok,True,6,2,1,scripts\train.py,fallback_nested,95,631,6,0,2,True,nndet/utils/config.py:53 json.load [matched json.load],True,nndet/io/datamodule/base.py:126 sklearn.model_selection.KFold [matched KFold],True,nndet/ptmodule/base_module.py:0 class LightningBaseModule [matched <class subclasses model base>],True,scripts/train.py:290 trainer.fit [matched trainer.fit],True,nndet/utils/analysis.py:212 sklearn.metrics.confusion_matrix [matched confusion_matrix],True,nndet/inference/ensembler/base.py:116 torch.no_grad [matched torch.no_grad],verified: all 6 stages present
https://github.com/jdonzallaz/solarnet,ok,True,6,0,1,solarnet\main.py,fallback_nested,42,223,4,0,0,True,solarnet/tasks/dataset.py:281 pd.read_parquet [matched pd.read_parquet],True,solarnet/tasks/dataset.py:342 df.astype [matched df.astype],True,solarnet/models/backbone.py:29 nn.Sequential [matched nn.Sequential],True,solarnet/tasks/train.py:54 solarnet.utils.trainer.train [matched trainer.train],True,solarnet/tasks/test.py:60 trainer.test [matched trainer.test],True,solarnet/tasks/test.py:60 trainer.test [matched trainer.test],verified: all 6 stages present
https://github.com/UCA-Datalab/nilm-thresholding,ok,True,6,0,1,nilmth\train.py,fallback_nested,16,96,4,0,0,True,nilmth/utils/model.py:44 nilmth.data.dataloader.DataLoader [matched DataLoader],True,nilmth/data/threshold.py:150 np.nan_to_num [matched np.nan_to_num],True,nilmth/model/conv.py:0 class Encoder [matched <class subclasses model base>],True,nilmth/model/pytorch.py:181 self.optimizer.zero_grad [matched optimizer.zero_grad],True,nilmth/utils/scores.py:51 sklearn.metrics.mean_squared_error [matched mean_squared_error],True,nilmth/model/pytorch.py:198 self.model.eval [matched model.eval],verified: all 6 stages present
https://github.com/sahilmodi/CheXpert-FewShot-Learning,ok,True,6,0,1,chexpert_specific\train.py,fallback_nested,7,21,2,0,0,True,chexpert_specific/model/dataloader.py:18 pd.read_csv [matched pd.read_csv],True,utils/transforms.py:5 torchvision.transforms.Compose [matched torchvision.transforms.*],True,chexpert_specific/model/net.py:0 class Net [matched <class subclasses model base>],True,chexpert_specific/train.py:88 trainer.train [matched trainer.train],True,chexpert_specific/model/trainer.py:129 self.writer.add_scalar [matched writer.add_scalar],True,chexpert_specific/model/trainer.py:97 torch.no_grad [matched torch.no_grad],verified: all 6 stages present
https://github.com/rwiatr/aggets,ok,True,6,0,1,aggets\main.py,fallback_nested,16,191,3,0,0,True,aggets/util.py:12 pickle.load [matched pickle.load],True,aggets/ds/aggregators.py:59 np.nan_to_num [matched np.nan_to_num],True,aggets/main.py:34 nn.Sequential [matched nn.Sequential],True,aggets/train.py:41 self.optimizer.zero_grad [matched optimizer.zero_grad],True,aggets/ds/plotters.py:13 sklearn.metrics.roc_auc_score [matched roc_auc_score],True,aggets/train.py:90 torch.no_grad [matched torch.no_grad],verified: all 6 stages present
https://github.com/barahona-research-group/hcga,ok,True,6,0,1,hcga\app.py,fallback_nested,11,92,3,0,1,True,hcga/app.py:114 hcga.io.load_dataset [matched load_dataset],True,hcga/extraction.py:240 pd.concat [matched pd.concat],True,hcga/analysis.py:161 sklearn.ensemble.RandomForestClassifier [matched RandomForestClassifier],True,hcga/analysis.py:394 model.fit [matched model.fit],True,hcga/analysis.py:397 sklearn.metrics.accuracy_score [matched accuracy_score],True,hcga/analysis.py:397 model.predict [matched model.predict],verified: all 6 stages present
https://github.com/CAMBI-tech/BciPy,ok,True,6,0,1,bcipy\main.py,fallback_nested,62,680,6,0,2,True,bcipy/io/load.py:73 json.load [matched json.load],True,bcipy/signal/model/pca_rda_kde/pca_rda_kde.py:50 bcipy.signal.model.pipeline.Pipeline [matched Pipeline],True,bcipy/signal/model/gaussian_mixture/gaussian_mixture.py:185 sklearn.mixture.GaussianMixture [matched GaussianMixture],True,bcipy/signal/model/gaussian_mixture/gaussian_mixture.py:187 model.fit [matched model.fit],True,bcipy/signal/model/cross_validation.py:72 sklearn.metrics.roc_curve [matched roc_curve],True,bcipy/signal/model/gaussian_mixture/gaussian_mixture.py:232 self.model.predict_proba [matched model.predict_proba],verified: all 6 stages present
https://github.com/jingquan-wang/mrp7pred,ok,True,6,0,1,mrp7pred\train.py,fallback_nested,13,67,5,0,0,True,mrp7pred/preprocess.py:49 pd.read_csv [matched pd.read_csv],True,mrp7pred/train.py:54 sklearn.pipeline.Pipeline [matched sklearn.pipeline.Pipeline],True,mrp7pred/grid.py:14 sklearn.ensemble.RandomForestClassifier [matched RandomForestClassifier],True,mrp7pred/train.py:62 sklearn.model_selection.GridSearchCV [matched GridSearchCV],True,mrp7pred/utils.py:131 sklearn.metrics.average_precision_score [matched average_precision_score],True,mrp7pred/utils.py:271 self.estimator.predict [matched estimator.predict],verified: all 6 stages present
https://github.com/ThanosPAS/gent2-predictor,ok,True,6,0,1,gent2_predictor\__main__.py,fallback_nested,9,41,2,0,0,True,gent2_predictor/data_parser/data_parser.py:22 pd.read_excel [matched pd.read_excel],True,gent2_predictor/data_parser/data_parser.py:33 pd.concat [matched pd.concat],True,gent2_predictor/__main__.py:93 nn.Transformer [matched nn.Transformer],True,gent2_predictor/predictor/ffn_trainer.py:74 self.optimizer.zero_grad [matched optimizer.zero_grad],True,gent2_predictor/predictor/ffn_trainer.py:210 sklearn.metrics.classification_report [matched classification_report],True,gent2_predictor/__main__.py:70 trainer.predict [matched trainer.predict],verified: all 6 stages present
https://github.com/nmichlo/disent,ok,True,6,0,1,experiment\run.py,fallback_nested,127,953,7,0,1,True,experiment/util/hydra_data.py:138 def prepare_data [matched <lightning hook prepare_data>],True,disent/util/visualize/vis_util.py:257 np.nan_to_num [matched np.nan_to_num],True,experiment/run.py:72 hydra.utils.instantiate [matched hydra.utils.instantiate],True,experiment/run.py:362 lightning.Trainer [matched lightning.Trainer],True,disent/frameworks/_framework.py:208 def validation_step [matched <lightning hook validation_step>],True,disent/util/lightning/callbacks/_callback_vis_latents.py:152 torch.no_grad [matched torch.no_grad],verified: all 6 stages present
https://github.com/Xingbaji/rasa_bert_nlu,ok,True,6,0,1,rasa_nlu\run.py,fallback_nested,55,529,5,0,2,True,rasa_nlu/persistor.py:132 tarfile.open [matched tarfile.open],True,rasa_nlu/classifiers/sklearn_intent_classifier.py:91 sklearn.preprocessing.LabelEncoder [matched LabelEncoder],True,rasa_nlu/classifiers/bert_intent_classifier.py:102 keras.layers.Input [matched keras.layers.*],True,rasa_nlu/classifiers/bert_intent_classifier.py:174 self.model.fit [matched model.fit],True,rasa_nlu/classifiers/bert_intent_classifier.py:182 self.model.evaluate [matched model.evaluate],True,rasa_nlu/classifiers/bert_intent_classifier.py:200 self.model.predict [matched model.predict],verified: all 6 stages present
https://github.com/voidful/TFkit,ok,True,6,1,1,tfkit\train.py,fallback_nested,15,81,3,0,1,True,tfkit/train.py:227 torch.utils.data.DataLoader [matched DataLoader],True,tfkit/utility/tok.py:55 transformers.AutoTokenizer.from_pretrained [matched AutoTokenizer.from_pretrained],True,tfkit/train.py:125 model_class.Model [matched Model],True,tfkit/utility/logger.py:18 torch.utils.tensorboard.SummaryWriter [matched tensorboard.SummaryWriter],True,tfkit/utility/eval_metric.py:219 nlgeval.compute_metrics [matched compute_metrics],True,tfkit/utility/training_utils.py:177 model.eval [matched model.eval],verified: all 6 stages present
https://github.com/ddpoe/emt_project,ok,True,6,0,1,source\main.py,fallback_nested,1,5,0,0,0,True,source/main.py:33 pd.read_csv [matched pd.read_csv],True,source/main.py:205 PCA [matched PCA],True,source/main.py:121 KMeans [matched KMeans],True,source/main.py:9 model.fit [matched model.fit],True,source/main.py:293 sklearn.metrics.mean_squared_error [matched mean_squared_error],True,source/main.py:276 model.predict [matched model.predict],verified: all 6 stages present
https://github.com/doraadong/MESSI,ok,True,6,0,1,messi\messi.py,fallback_console_script,6,63,2,0,0,True,messi/data_processing.py:97 pd.read_csv [matched pd.read_csv],True,messi/data_processing.py:961 sklearn.preprocessing.PolynomialFeatures [matched PolynomialFeatures],True,messi/messi.py:433 sklearn.cluster.AgglomerativeClustering [matched AgglomerativeClustering],True,messi/messi.py:437 model.fit [matched model.fit],True,messi/hme.py:269 sklearn.metrics.log_loss [matched log_loss],True,messi/messi.py:467 model.predict [matched model.predict],verified: all 6 stages present
https://github.com/GiuliaLanzillotta/Econobox-SA,ok,True,6,0,1,classifier\main.py,fallback_nested,29,180,3,0,0,True,classifier/pipeline.py:998 np.load [matched np.load],True,classifier/pipeline.py:884 sklearn.model_selection.KFold [matched KFold],True,BERT_NN.py:135 tf.keras.layers.Input [matched tf.keras.layers.*],True,classifier/vanilla_NN.py:64 self.model.fit [matched model.fit],True,classifier/vanilla_NN.py:79 self.model.evaluate [matched model.evaluate],True,classifier/pipeline.py:844 model.model.predict [matched model.predict],verified: all 6 stages present
https://github.com/pikvic/sgm-python,ok,True,6,2,1,app\main.py,fallback_nested,32,88,3,0,0,True,app/core/tasks.py:28 requests.get [matched requests.get],True,app/methods/legacy/tasks.py:149 sklearn.preprocessing.StandardScaler [matched StandardScaler],True,app/methods/legacy/tasks.py:39 sklearn.linear_model.LinearRegression [matched LinearRegression],True,app/methods/legacy/tasks.py:229 kmeans.fit_predict [matched .fit_predict],True,app/methods/legacy/tasks.py:45 sklearn.metrics.mean_squared_error [matched mean_squared_error],True,app/main.py:28 fastapi.FastAPI [matched FastAPI],verified: all 6 stages present
https://github.com/QData/TextAttack,ok,True,6,0,1,textattack\__main__.py,fallback_nested,158,690,8,0,1,True,textattack/model_args.py:279 json.load [matched json.load],True,textattack/model_args.py:224 transformers.AutoTokenizer.from_pretrained [matched AutoTokenizer.from_pretrained],True,textattack/model_args.py:221 transformers.AutoModelForSequenceClassification.from_pretrained [matched AutoModelForSequenceClassification.from_pretrained],True,textattack/trainer.py:489 def training_step [matched <lightning hook training_step>],True,textattack/trainer.py:325 wandb.log [matched wandb.log],True,textattack/trainer.py:716 model.eval [matched model.eval],verified: all 6 stages present
https://github.com/allegro/allRank,ok,True,6,1,1,allrank\main.py,fallback_nested,28,117,3,0,1,True,allrank/config.py:83 json.load [matched json.load],True,allrank/data/dataset_loading.py:194 torchvision.transforms.Compose [matched torchvision.transforms.*],True,allrank/models/model.py:0 class FCModel [matched <class subclasses model base>],True,allrank/training/train_utils.py:23 loss.backward [matched loss.backward],True,allrank/training/train_utils.py:99 compute_metrics [matched compute_metrics],True,allrank/training/train_utils.py:101 model.eval [matched model.eval],verified: all 6 stages present
https://github.com/MartinXPN/word2morph,ok,True,6,0,1,word2morph\train.py,fallback_nested,19,98,3,0,0,True,word2morph/training/gym.py:48 word2morph.data.loaders.DataLoader [matched DataLoader],True,word2morph/util/metrics.py:14 sklearn.preprocessing.LabelBinarizer [matched LabelBinarizer],True,word2morph/models/cnn.py:0 class CNNModel [matched <class subclasses model base>],True,word2morph/training/gym.py:131 self.model.fit_generator [matched model.fit_generator],True,word2morph/util/metrics.py:18 sklearn.metrics.roc_auc_score [matched roc_auc_score],True,word2morph/util/metrics.py:77 self.model.predict [matched model.predict],verified: all 6 stages present
https://github.com/grahammorehead/gmutils,ok,True,6,0,1,gmutils\run.py,fallback_nested,5,114,2,0,0,True,gmutils/utils.py:775 pickle.load [matched pickle.load],True,gmutils/dataset.py:402 sklearn.model_selection.train_test_split [matched train_test_split],True,gmutils/run.py:49 model.Model [matched Model],True,gmutils/model.py:124 self.model.fit [matched model.fit],True,gmutils/utils.py:1313 sklearn.metrics.roc_curve [matched roc_curve],True,gmutils/model.py:163 self.model.predict [matched model.predict],verified: all 6 stages present
https://github.com/Arzik1987/prelim,ok,True,6,0,1,experiments\run.py,fallback_nested,19,136,3,0,3,True,experiments/data/loader.py:16 pd.read_csv [matched pd.read_csv],True,experiments/data/preparation.py:25 sklearn.preprocessing.StandardScaler [matched StandardScaler],True,experiments/evaluation/baselines.py:63 sklearn.tree.DecisionTreeClassifier [matched DecisionTreeClassifier],True,experiments/evaluation/baselines.py:61 sklearn.model_selection.GridSearchCV [matched GridSearchCV],True,experiments/evaluation/baselines.py:76 sklearn.metrics.balanced_accuracy_score [matched balanced_accuracy_score],True,experiments/evaluation/strategies.py:49 model.predict [matched model.predict],verified: all 6 stages present
https://github.com/Michaeljurado24/Scrape-and-Classify,ok,True,6,0,1,app\app.py,fallback_nested,4,27,2,0,0,True,app/app.py:63 PIL.Image.open [matched Image.open],True,transfer_learning.py:57 sklearn.model_selection.model_selection.train_test_split [matched train_test_split],True,utils/keras_vis_helper.py:35 tf.keras.Sequential [matched keras.Sequential],True,transfer_learning.py:190 model.fit [matched model.fit],True,transfer_learning.py:192 model.evaluate [matched model.evaluate],True,app/app.py:43 flask.Flask [matched Flask],verified: all 6 stages present
https://github.com/language-brainscore/langbrainscore,ok,True,6,1,1,langbrainscore\__main__.py,fallback_nested,29,114,5,0,0,True,langbrainscore/benchmarks/pereira2018.py:18 pd.read_csv [matched pd.read_csv],True,langbrainscore/encoder/ann.py:77 transformers.AutoTokenizer.from_pretrained [matched AutoTokenizer.from_pretrained],True,langbrainscore/encoder/ann.py:80 transformers.AutoModel.from_pretrained [matched AutoModel.from_pretrained],True,langbrainscore/mapping/mapping.py:367 self.model.fit [matched model.fit],True,langbrainscore/metrics/metric.py:67 sklearn.metrics.mean_squared_error [matched mean_squared_error],True,langbrainscore/encoder/ann.py:147 self.model.eval [matched model.eval],verified: all 6 stages present
https://github.com/predictive-analytics-lab/positive-action-framework,ok,True,6,0,1,paf\main.py,fallback_nested,29,211,4,0,0,True,paf/base_templates/base_module.py:110 def train_dataloader [matched <lightning hook train_dataloader>],True,paf/main.py:331 sklearn.preprocessing.StandardScaler [matched StandardScaler],True,paf/main.py:169 hydra.utils.instantiate [matched hydra.utils.instantiate],True,paf/main.py:166 hydra.main [matched hydra.main],True,paf/main.py:556 ethicml.Accuracy [matched Accuracy],True,paf/scoring.py:45 clf.predict [matched clf.predict],verified: all 6 stages present
https://github.com/mrstelmach/Deploy-ML-Model-on-Heroku-with-FastAPI,ok,True,6,0,1,starter\main.py,fallback_nested,3,7,1,0,0,True,starter/main.py:24 pickle.load [matched pickle.load],True,starter/starter/ml/data.py:63 sklearn.preprocessing.OneHotEncoder [matched OneHotEncoder],True,starter/starter/ml/model.py:50 sklearn.ensemble.GradientBoostingClassifier [matched GradientBoostingClassifier],True,starter/starter/ml/model.py:57 sklearn.model_selection.RandomizedSearchCV [matched RandomizedSearchCV],True,starter/starter/ml/model.py:87 sklearn.metrics.fbeta_score [matched fbeta_score],True,starter/main.py:66 fastapi.FastAPI [matched FastAPI],verified: all 6 stages present
https://github.com/stanfordmlgroup/methane-gapfill-ml,ok,True,6,0,1,fluxgapfill\main.py,fallback_nested,22,69,5,0,0,True,fluxgapfill/train/train.py:85 pd.read_csv [matched pd.read_csv],True,fluxgapfill/preprocess/preprocess.py:137 sklearn.model_selection.train_test_split [matched train_test_split],True,fluxgapfill/models/models.py:41 sklearn.neural_network.MLPRegressor [matched MLPRegressor],True,fluxgapfill/models/models.py:30 self.model.fit [matched model.fit],True,fluxgapfill/metrics/metrics.py:19 sklearn.metrics.mean_absolute_error [matched mean_absolute_error],True,fluxgapfill/models/ensemble.py:59 model.predict [matched model.predict],verified: all 6 stages present
https://github.com/paquolalab/dRFEtools,ok,True,6,0,1,dRFEtools\cli.py,fallback_console_script,12,47,3,0,0,True,dRFEtools/cli.py:31 pd.read_csv [matched pd.read_csv],True,dRFEtools/scoring/dev.py:149 sklearn.model_selection.train_test_split [matched train_test_split],True,dRFEtools/cli.py:90 sklearn.ensemble.RandomForestClassifier [matched RandomForestClassifier],True,dRFEtools/scoring/dev.py:153 estimator.fit [matched estimator.fit],True,dRFEtools/scoring/dev.py:65 sklearn.metrics.roc_auc_score [matched roc_auc_score],True,dRFEtools/scoring/dev.py:63 estimator.predict [matched estimator.predict],verified: all 6 stages present
https://github.com/biasvariancelabs/aitlas,ok,True,6,0,1,aitlas\run.py,fallback_nested,28,280,4,0,1,True,aitlas/run.py:44 json.load [matched json.load],True,aitlas/base/transforms.py:39 torchvision.transforms.Compose [matched torchvision.transforms.*],True,aitlas/base/adapters.py:0 class BaseInputAdapter [matched <class subclasses model base>],True,aitlas/base/change_detection.py:110 optimizer.zero_grad [matched optimizer.zero_grad],True,aitlas/base/metrics.py:198 sklearn.metrics.average_precision_score [matched average_precision_score],True,aitlas/base/change_detection.py:144 self.model.eval [matched model.eval],verified: all 6 stages present
https://github.com/nidhaloff/igel,ok,True,6,1,1,igel\__main__.py,fallback_nested,12,69,3,0,0,True,igel/utils.py:27 yaml.safe_load [matched yaml.safe_load],True,igel/igel.py:371 pd.concat [matched pd.concat],True,igel/extras/kmedoids.py:0 class KMedoids [matched <class subclasses model base>],True,igel/igel.py:521 self.model.fit [matched model.fit],True,igel/igel.py:490 sklearn.model_selection.cross_validate [matched cross_validate],True,igel/igel.py:546 self.model.predict [matched model.predict],verified: all 6 stages present
https://github.com/appleparan/mise.py,ok,True,6,0,1,mise\__main__.py,fallback_nested,21,459,3,0,0,True,mise/dl/mlp_mul_ms.py:1001 def train_dataloader [matched <lightning hook train_dataloader>],True,mise/dl/mlp_mul_ms.py:860 pd.concat [matched pd.concat],True,mise/dl/dt_xgboost.py:328 xgb.XGBRegressor [matched XGBRegressor],True,mise/dl/mlp_mul_ms.py:704 def configure_optimizers [matched <lightning hook configure_optimizers>],True,mise/dl/mlp_mul_ms.py:765 def validation_step [matched <lightning hook validation_step>],True,mise/dl/mlp_mul_ms.py:584 trainer.test [matched trainer.test],verified: all 6 stages present
https://github.com/ThatFlint/FLTK-Testbed-Group-4,ok,True,6,1,1,fltk\__main__.py,fallback_nested,33,255,4,0,0,True,fltk/__main__.py:28 yaml.load [matched yaml.load],True,fltk/datasets/distributed/fashion_mnist.py:25 torchvision.transforms.Normalize [matched torchvision.transforms.*],True,fltk/nets/cifar_10_cnn.py:0 class Cifar10CNN [matched <class subclasses model base>],True,fltk/federator.py:84 torch.utils.tensorboard.SummaryWriter [matched tensorboard.SummaryWriter],True,fltk/client.py:260 sklearn.metrics.confusion_matrix [matched confusion_matrix],True,fltk/client.py:245 torch.no_grad [matched torch.no_grad],verified: all 6 stages present
https://github.com/made-ml-in-prod-2021/panda06,ok,True,6,6,1,ml_project\train.py,fallback_nested,14,22,4,0,0,True,ml_project/data/make_dataset.py:10 pd.read_csv [matched pd.read_csv],True,ml_project/data/make_dataset.py:17 sklearn.model_selection.train_test_split [matched train_test_split],True,ml_project/train.py:23 hydra.utils.instantiate [matched hydra.utils.instantiate],True,ml_project/train.py:19 hydra.main [matched hydra.main],True,ml_project/models/model.py:27 sklearn.metrics.mean_squared_error [matched mean_squared_error],True,ml_project/train.py:45 model.predict [matched model.predict],verified: all 6 stages present
https://github.com/BorgwardtLab/graphkernels-review,ok,True,6,0,1,src\train.py,fallback_nested,1,3,0,0,0,True,src/train.py:359 np.load [matched np.load],True,src/train.py:127 sklearn.model_selection.StratifiedKFold [matched StratifiedKFold],True,src/train.py:211 sklearn.svm.SVC [matched SVC],True,src/train.py:226 clf.fit [matched clf.fit],True,src/train.py:234 sklearn.metrics.accuracy_score [matched accuracy_score],True,src/train.py:230 clf.predict [matched clf.predict],verified: all 6 stages present
https://github.com/realzza/Presento,ok,True,6,0,1,pose\main.py,fallback_nested,5,52,2,0,0,True,pose/trainer.py:53 torch.utils.data.DataLoader [matched DataLoader],True,pose/trainer.py:75 sklearn.preprocessing.MinMaxScaler [matched MinMaxScaler],True,pose/utils.py:0 class SequentialLoss [matched <class subclasses model base>],True,pose/trainer.py:174 self.optimizer.zero_grad [matched optimizer.zero_grad],True,pose/trainer.py:214 sklearn.metrics.precision_recall_fscore_support [matched precision_recall_fscore_support],True,pose/trainer.py:198 torch.no_grad [matched torch.no_grad],verified: all 6 stages present
https://github.com/WilliamZipanHe/CMPT733-Fishing-Activity-Detection,ok,True,6,0,1,src\train.py,fallback_nested,1,13,0,0,0,True,src/train.py:159 pd.read_csv [matched pd.read_csv],True,src/train.py:161 sklearn.model_selection.train_test_split [matched train_test_split],True,src/train.py:37 lgb.Dataset [matched lgb.Dataset],True,src/train.py:43 lgb.train [matched lgb.train],True,src/train.py:24 sklearn.metrics.roc_auc_score [matched roc_auc_score],True,src/train.py:175 model.predict [matched model.predict],verified: all 6 stages present
https://github.com/AlonEirew/cross-doc-event-coref,ok,True,6,0,1,src\train.py,fallback_nested,10,86,3,0,0,True,src/utils/embed_utils.py:107 pickle.load [matched pickle.load],True,src/utils/embed_utils.py:19 transformers.RobertaTokenizer.from_pretrained [matched RobertaTokenizer.from_pretrained],True,src/utils/embed_utils.py:17 transformers.RobertaModel.from_pretrained [matched RobertaModel.from_pretrained],True,src/train.py:60 optimizer.zero_grad [matched optimizer.zero_grad],True,src/utils/eval_utils.py:5 sklearn.metrics.confusion_matrix [matched confusion_matrix],True,src/utils/embed_utils.py:36 torch.no_grad [matched torch.no_grad],verified: all 6 stages present
https://github.com/aildnont/water-forecast,ok,True,6,0,1,src\train.py,fallback_nested,9,81,2,0,0,True,src/train.py:36 pd.read_csv [matched pd.read_csv],True,src/train.py:40 pd.to_datetime [matched pd.to_datetime],True,src/models/prophet.py:39 prophet.Prophet [matched Prophet],True,src/train.py:81 model.fit [matched model.fit],True,src/train.py:88 model.evaluate [matched model.evaluate],True,src/models/prophet.py:69 self.model.predict [matched model.predict],verified: all 6 stages present
https://github.com/ranjita-naik/allennlp,ok,True,6,2,1,allennlp\run.py,fallback_nested,383,2176,8,0,4,True,allennlp/commands/elmo.py:345 h5py.File [matched h5py.File],True,allennlp/common/util.py:289 spacy.load [matched spacy.load],True,allennlp/nn/util.py:1410 nn.ModuleList [matched nn.ModuleList],True,allennlp/commands/fine_tune.py:318 trainer.train [matched trainer.train],True,allennlp/training/metrics/auc.py:73 sklearn.metrics.roc_curve [matched roc_curve],True,allennlp/commands/elmo.py:389 torch.no_grad [matched torch.no_grad],verified: all 6 stages present
https://github.com/yliess86/PaintsTorch2,ok,True,6,1,1,paintstorch\train.py,fallback_nested,3,49,1,0,0,True,paintstorch/train.py:147 torch.utils.data.DataLoader [matched DataLoader],True,paintstorch/data.py:390 torchvision.transforms.Normalize [matched torchvision.transforms.*],True,paintstorch/train.py:0 class GradientPenalty [matched <class subclasses model base>],True,paintstorch/train.py:180 torch.utils.tensorboard.SummaryWriter [matched tensorboard.SummaryWriter],True,paintstorch/train.py:261 writer.add_scalar [matched writer.add_scalar],True,paintstorch/train.py:76 torch.no_grad [matched torch.no_grad],verified: all 6 stages present
https://github.com/alanying/london-emotions,ok,True,6,0,1,LondonEmotions\main.py,fallback_nested,5,18,2,0,0,True,LondonEmotions/data.py:31 pd.read_csv [matched pd.read_csv],True,LondonEmotions/data.py:74 nltk.stem.WordNetLemmatizer [matched nltk.stem.WordNetLemmatizer],True,LondonEmotions/utils.py:36 tf.keras.layers.Embedding [matched tf.keras.layers.*],True,LondonEmotions/trainer.py:144 model.fit [matched model.fit],True,LondonEmotions/trainer.py:166 sklearn.metrics.f1_score [matched f1_score],True,LondonEmotions/trainer.py:160 self.pipeline.predict [matched pipeline.predict],verified: all 6 stages present
https://github.com/uio-bmi/immuneML,ok,True,6,1,1,immuneML\app\ImmuneMLApp.py,fallback_console_script,210,1183,8,0,3,True,immuneML/dsl/ImmuneMLParser.py:109 yaml.safe_load [matched yaml.safe_load],True,immuneML/IO/dataset_import/DataImport.py:226 pd.concat [matched pd.concat],True,immuneML/encodings/protein_embedding/TCRBertEncoder.py:107 transformers.BertModel.from_pretrained [matched BertModel.from_pretrained],True,immuneML/ml_methods/classifiers/SklearnMethod.py:186 sklearn.model_selection.RandomizedSearchCV [matched RandomizedSearchCV],True,immuneML/encodings/motif_encoding/MotifEncoder.py:409 sklearn.metrics.confusion_matrix [matched confusion_matrix],True,immuneML/encodings/protein_embedding/ESMCEncoder.py:120 torch.no_grad [matched torch.no_grad],verified: all 6 stages present
https://github.com/matkalinowski/EfficientNet-on-Stanford-Cars-Dataset,ok,True,6,0,1,training\train.py,fallback_nested,23,77,2,0,0,True,datasets/stanford/stanford_cars_data_module.py:99 def train_dataloader [matched <lightning hook train_dataloader>],True,datasets/stanford/stanford_cars_data_module.py:37 torchvision.transforms.Resize [matched torchvision.transforms.*],True,models/efficient_net/efficient_net.py:27 nn.BatchNorm2d [matched nn.BatchNorm2d],True,training/train.py:59 trainer.fit [matched trainer.fit],True,training/cars_dataset_callback.py:86 sklearn.metrics.classification_report [matched classification_report],True,training/cars_dataset_callback.py:28 model.eval [matched model.eval],verified: all 6 stages present
https://github.com/GenoML/genoml2,ok,True,6,0,1,genoml\__main__.py,fallback_nested,27,143,4,0,0,True,genoml/preprocessing/harmonizing.py:36 pickle.load [matched pickle.load],True,genoml/discrete/supervised/training.py:42 sklearn.model_selection.train_test_split [matched train_test_split],True,genoml/models.py:27 sklearn.ensemble.AdaBoostClassifier [matched AdaBoostClassifier],True,genoml/preprocessing/featureselection.py:40 clf.fit [matched clf.fit],True,genoml/discrete/utils.py:60 sklearn.metrics.roc_curve [matched roc_curve],True,genoml/preprocessing/adjuster.py:116 model.predict [matched model.predict],verified: all 6 stages present
https://github.com/flomock/vidhop,ok,True,6,0,1,vidhop\cli.py,fallback_console_script,6,50,2,0,0,True,vidhop/training/make_datasets.py:30 pd.read_csv [matched pd.read_csv],True,vidhop/training/train_new_model.py:455 sklearn.preprocessing.LabelEncoder [matched LabelEncoder],True,vidhop/training/train_new_model.py:599 tf.keras.layers.GRU [matched tf.keras.layers.*],True,vidhop/training/train_new_model.py:754 model.fit [matched model.fit],True,vidhop/training/train_new_model.py:159 sklearn.metrics.accuracy_score [matched accuracy_score],True,vidhop/training/train_new_model.py:153 self.model.predict [matched model.predict],verified: all 6 stages present
https://github.com/dicaso/sina,ok,True,6,0,1,sina\paperwork\neuroblastoma.py,fallback_console_script,3,38,2,0,0,True,sina/documents/__init__.py:156 json.load [matched json.load],True,sina/documents/__init__.py:563 sklearn.model_selection.train_test_split [matched train_test_split],True,sina/documents/__init__.py:904 sklearn.naive_bayes.MultinomialNB [matched MultinomialNB],True,sina/documents/__init__.py:911 model.fit [matched model.fit],True,sina/documents/__init__.py:914 sklearn.metrics.accuracy_score [matched accuracy_score],True,sina/documents/__init__.py:912 model.predict [matched model.predict],verified: all 6 stages present
https://github.com/Daanielvb/text-extractor,ok,True,6,0,1,src\main.py,fallback_nested,19,217,7,0,0,True,src/main.py:81 pd.read_csv [matched pd.read_csv],True,src/main.py:32 train_test_split [matched train_test_split],True,src/main.py:37 sklearn.svm.SVC [matched SVC],True,src/main.py:38 clf.fit [matched clf.fit],True,src/classifiers/NeuralNetwork.py:99 self.model.evaluate [matched model.evaluate],True,src/main.py:39 clf.predict [matched clf.predict],verified: all 6 stages present
https://github.com/matthew-sochor/transfer,ok,True,6,0,1,transfer\__main__.py,fallback_nested,11,45,2,0,0,True,transfer/project.py:32 yaml.load [matched yaml.load],True,transfer/model.py:107 sklearn.model_selection.StratifiedKFold [matched StratifiedKFold],True,transfer/resnet50.py:31 keras.layers.Input [matched keras.layers.*],True,transfer/model.py:200 model.fit_generator [matched model.fit_generator],True,transfer/model.py:253 sklearn.metrics.confusion_matrix [matched confusion_matrix],True,transfer/model.py:248 model.predict [matched model.predict],verified: all 6 stages present
https://github.com/PaddlePaddle/ERNIE,ok,True,6,1,1,erniekit\cli.py,fallback_console_script,139,1146,9,0,0,True,erniekit/eval/eval.py:168 json.load [matched json.load],True,ernie/tokenizer.py:99 sentencepiece.SentencePieceProcessor [matched sentencepiece.SentencePieceProcessor],True,ernie/modeling_moe.py:1180 paddle.nn.Embedding [matched nn.Embedding],True,erniekit/train/dpo/workflow.py:602 trainer.train [matched trainer.train],True,erniekit/eval/eval.py:513 trainer.evaluate [matched trainer.evaluate],True,erniekit/train/sft/trainer.py:590 model.eval [matched model.eval],verified: all 6 stages present
https://github.com/clinfo/kGCN,ok,True,6,1,1,gcn.py,fallback_console_script,10,142,2,0,2,True,gcn.py:737 json.load [matched json.load],True,gcn.py:362 sklearn.model_selection.StratifiedKFold [matched StratifiedKFold],True,kgcn/make_plots.py:139 sklearn.linear_model.LinearRegression [matched LinearRegression],True,gcn.py:284 model.fit [matched model.fit],True,gcn.py:205 sklearn.metrics.r2_score [matched r2_score],True,kgcn/make_plots.py:141 regr.predict [matched regr.predict],verified: all 6 stages present
https://github.com/asalomatov/variants,ok,True,6,0,1,variants\train.py,fallback_nested,2,24,1,0,0,True,variants/train.py:343 pd.read_csv [matched pd.read_csv],True,variants/train.py:132 df.apply [matched df.apply],True,variants/train.py:760 sklearn.ensemble.GradientBoostingClassifier [matched GradientBoostingClassifier],True,variants/train.py:502 self.model.fit [matched model.fit],True,variants/train.py:589 sklearn.metrics.confusion_matrix [matched confusion_matrix],True,variants/train.py:576 self.model.predict_proba [matched model.predict_proba],verified: all 6 stages present
https://github.com/danmar3/hate-detector,ok,True,6,0,1,nlp516\main.py,fallback_nested,11,121,3,0,0,True,nlp516/lstm/character_lstm.py:78 pickle.load [matched pickle.load],True,nlp516/main.py:43 nlp516.lstm.word2vec_lstm.data.Tokenizer [matched Tokenizer],True,nlp516/main.py:150 sklearn.ensemble.linear_model.LogisticRegression [matched LogisticRegression],True,nlp516/main.py:93 model.fit [matched model.fit],True,nlp516/main.py:96 model.precision_score [matched precision_score],True,nlp516/lstm/word2vec_lstm.py:143 self.estimator.predict [matched estimator.predict],verified: all 6 stages present
https://github.com/marl/l3embedding,ok,True,6,0,1,classifier\train.py,fallback_nested,16,95,3,0,0,True,data/usc/features.py:22 soundfile.read [matched soundfile.read],True,classifier/train.py:302 sklearn.preprocessing.OneHotEncoder [matched OneHotEncoder],True,classifier/train.py:121 sklearn.svm.SVC [matched SVC],True,classifier/train.py:126 clf.fit [matched clf.fit],True,classifier/train.py:135 classifier.metrics.compute_metrics [matched compute_metrics],True,classifier/train.py:131 clf.predict [matched clf.predict],verified: all 6 stages present
https://github.com/pennmem/ram_utils,ok,True,6,0,1,ramutils\cli\expconf.py,fallback_console_script,37,422,4,0,1,True,ramutils/utils.py:42 json.load [matched json.load],True,ramutils/tasks/behavioral_analysis.py:40 pd.concat [matched pd.concat],True,ramutils/tasks/classifier.py:66 sklearn.linear_model.logistic.LogisticRegression [matched LogisticRegression],True,ramutils/bayesian_optimization.py:111 model.fit [matched model.fit],True,ramutils/tasks/classifier.py:172 sklearn.metrics.roc_auc_score [matched roc_auc_score],True,ramutils/bayesian_optimization.py:112 model.predict [matched model.predict],verified: all 6 stages present
https://github.com/jbdel/vilmedic,ok,True,6,0,1,bin\train.py,fallback_nested,73,457,7,0,4,True,vilmedic/executors/utils.py:192 torch.utils.data.DataLoader [matched DataLoader],True,vilmedic/blocks/scorers/post_processing.py:46 torchvision.transforms.ToPILImage [matched torchvision.transforms.*],True,vilmedic/models/mvqa/MVQA.py:0 class MVQA [matched <class subclasses model base>],True,vilmedic/executors/trainor.py:111 self.optimizer.zero_grad [matched optimizer.zero_grad],True,vilmedic/blocks/scorers/scores.py:100 Rouge [matched Rouge],True,vilmedic/executors/trainor_accelerate.py:185 self.model.eval [matched model.eval],verified: all 6 stages present
https://github.com/cstenkamp/derive_conceptualspaces,ok,True,6,2,1,derive_conceptualspace\__main__.py,fallback_nested,38,323,4,0,0,True,misc_util/telegram_notifier.py:15 requests.get [matched requests.get],True,derive_conceptualspace/util/desc_object.py:280 sklearn.pipeline.Pipeline [matched sklearn.pipeline.Pipeline],True,derive_conceptualspace/semantic_directions/create_candidate_svm.py:225 sklearn.svm.svm.LinearSVC [matched LinearSVC],True,derive_conceptualspace/evaluate/shallow_trees.py:181 clf.fit [matched clf.fit],True,derive_conceptualspace/semantic_directions/create_candidate_svm.py:37 sklearn.metrics.cohen_kappa_score [matched cohen_kappa_score],True,derive_conceptualspace/evaluate/shallow_trees.py:183 clf.predict [matched clf.predict],verified: all 6 stages present
https://github.com/lowe-lab-ucl/cellx-predict,ok,True,6,1,1,cellxpredict\train.py,fallback_nested,7,32,2,0,0,True,cellxpredict/models.py:141 np.load [matched np.load],True,cellxpredict/train.py:98 sklearn.decomposition.PCA [matched PCA],True,cellxpredict/models.py:154 tf.keras.layers.Input [matched tf.keras.layers.*],True,cellxpredict/train.py:59 model.fit [matched model.fit],True,cellxpredict/models.py:163 tf.keras.metrics.SparseCategoricalAccuracy [matched tf.keras.metrics.*],True,cellxpredict/train.py:92 model.predict [matched model.predict],verified: all 6 stages present
https://github.com/xudallas/Water-Consumption-Projection,ok,True,6,0,1,src\train.py,fallback_nested,9,81,2,0,0,True,src/train.py:36 pd.read_csv [matched pd.read_csv],True,src/train.py:40 pd.to_datetime [matched pd.to_datetime],True,src/models/prophet.py:39 fbprophet.Prophet [matched Prophet],True,src/train.py:81 model.fit [matched model.fit],True,src/train.py:88 model.evaluate [matched model.evaluate],True,src/models/prophet.py:69 self.model.predict [matched model.predict],verified: all 6 stages present
https://github.com/Living-with-machines/MapReader,ok,True,6,1,1,mapreader\__main__.py,fallback_nested,25,277,3,0,0,True,mapreader/download/sheet_downloader.py:504 pd.read_csv [matched pd.read_csv],True,mapreader/download/sheet_downloader.py:222 pd.concat [matched pd.concat],True,mapreader/classify/classifier.py:162 transformers.AutoModelForImageClassification.from_pretrained [matched AutoModelForImageClassification.from_pretrained],True,mapreader/classify/classifier.py:933 torch.utils.tensorboard.SummaryWriter [matched tensorboard.SummaryWriter],True,mapreader/classify/classifier.py:1239 sklearn.metrics.precision_recall_fscore_support [matched precision_recall_fscore_support],True,mapreader/classify/classifier.py:965 self.model.eval [matched model.eval],verified: all 6 stages present
https://github.com/manhhv87/densenet_bottleneck,ok,True,6,0,1,finetuning\train.py,fallback_nested,7,54,2,0,0,True,finetuning/utils.py:237 pd.read_csv [matched pd.read_csv],True,finetuning/train.py:141 finetuning.utils.train_test_split [matched train_test_split],True,finetuning/train.py:41 tf.keras.layers.Dense [matched tf.keras.layers.*],True,finetuning/train.py:315 model.fit [matched model.fit],True,finetuning/train.py:186 tf.keras.metrics.BinaryAccuracy [matched tf.keras.metrics.*],True,finetuning/train.py:333 model.predict [matched model.predict],verified: all 6 stages present
https://github.com/uncbiag/OAI_analysis,ok,True,6,0,1,segmentation\train.py,fallback_nested,12,194,2,0,0,True,segmentation/train.py:312 torch.utils.data.DataLoader [matched DataLoader],True,segmentation/train.py:303 torchvision.transforms.Compose [matched torchvision.transforms.*],True,segmentation/networks.py:0 class UNet [matched <class subclasses model base>],True,segmentation/train.py:43 tensorboardX.SummaryWriter [matched SummaryWriter],True,segmentation/train.py:99 writer.add_scalar [matched writer.add_scalar],True,segmentation/train.py:114 torch.no_grad [matched torch.no_grad],verified: all 6 stages present
https://github.com/felixbur/nkululeko,ok,True,6,0,1,nkululeko\train.py,fallback_nested,90,597,7,0,2,True,nkululeko/experiment.py:63 pickle.load [matched pickle.load],True,nkululeko/experiment.py:187 pd.concat [matched pd.concat],True,nkululeko/feat_extract/feats_analyser.py:189 sklearn.naive_bayes.GaussianNB [matched GaussianNB],True,nkululeko/feat_extract/feats_analyser.py:71 model.fit [matched model.fit],True,nkululeko/reporting/reporter.py:64 sklearn.metrics.roc_curve [matched roc_curve],True,nkululeko/testing_predictor.py:63 self.model.predict [matched model.predict],verified: all 6 stages present
https://github.com/nltk/nltk,ok,True,6,0,1,nltk\cli.py,fallback_console_script,231,4918,6,0,1,True,nltk/data.py:1626 yaml.safe_load [matched yaml.safe_load],True,nltk/text.py:631 nltk.tokenize.sent_tokenize [matched nltk.tokenize.sent_tokenize],True,nltk/classify/decisiontree.py:191 DecisionTreeClassifier [matched DecisionTreeClassifier],True,nltk/text.py:611 model.fit [matched model.fit],True,nltk/translate/bleu_score.py:132 corpus_bleu [matched corpus_bleu],True,nltk/parse/transitionparser.py:686 model.predict_proba [matched model.predict_proba],verified: all 6 stages present
https://github.com/TeamGenerAid/GANerAid,ok,True,6,0,1,GANerAid\main.py,fallback_nested,10,48,3,0,0,True,GANerAid/main.py:9 pd.read_csv [matched pd.read_csv],True,GANerAid/data_preprocessor.py:40 sklearn.preprocessing.MinMaxScaler [matched MinMaxScaler],True,GANerAid/evaluation_report.py:101 sklearn.ensemble.RandomForestClassifier [matched RandomForestClassifier],True,GANerAid/evaluation_report.py:102 clf.fit [matched clf.fit],True,GANerAid/evaluation_report.py:55 sklearn.metrics.mean_squared_error [matched mean_squared_error],True,GANerAid/evaluation_report.py:105 clf.predict [matched clf.predict],verified: all 6 stages present
https://github.com/Giulianini/image-alterations-detector,ok,True,6,0,1,image_alterations_detector\main.py,fallback_nested,38,128,5,0,0,True,image_alterations_detector/app/controller/controller.py:34 cv2.imread [matched cv2.imread],True,image_alterations_detector/dataset/altered_dataset/altered_dataset_utils.py:8 A.Compose [matched A.Compose],True,image_alterations_detector/classifiers/mlp.py:28 tf.python.keras.layers.Dense [matched layers.Dense],True,image_alterations_detector/classifiers/mlp.py:41 self.model.fit [matched model.fit],True,image_alterations_detector/classifiers/mlp.py:45 sklearn.metrics.accuracy_score [matched accuracy_score],True,image_alterations_detector/segmentation/lite_model.py:8 tf.lite.Interpreter [matched tf.lite.Interpreter],verified: all 6 stages present
https://github.com/deb-intel/LPOTtest,ok,True,6,9,1,lpot\ux\lpot_ux.py,fallback_console_script,117,1065,11,0,10,True,lpot/ux/utils/utils.py:186 json.load [matched json.load],True,lpot/experimental/data/transforms/transform.py:348 torchvision.transforms.functional.crop [matched torchvision.transforms.*],True,lpot/adaptor/pytorch.py:0 class DequantQuantWrapper [matched <class subclasses model base>],True,lpot/adaptor/pytorch.py:1153 torch.utils.tensorboard.SummaryWriter [matched tensorboard.SummaryWriter],True,lpot/experimental/metric/metric.py:294 sklearn.metrics.accuracy_score [matched accuracy_score],True,lpot/ux/web/server.py:41 flask.Flask [matched Flask],verified: all 6 stages present
https://github.com/lulivi/dgp-lib,ok,True,6,1,1,dgp\__main__.py,fallback_nested,9,38,2,0,0,True,dgp/utils.py:51 pd.read_csv [matched pd.read_csv],True,dgp/utils.py:53 pd.get_dummies [matched pd.get_dummies],True,dgp/ga_optimizer/toolbox.py:90 keras.layers.Dense.from_config [matched keras.layers.*],True,dgp/ga_optimizer/toolbox.py:100 model.fit [matched model.fit],True,dgp/dgp_logger.py:45 self.log [matched self.log],True,dgp/ga_optimizer/toolbox.py:103 model.predict_classes [matched model.predict_classes],verified: all 6 stages present
https://github.com/HaoyeTianCoder/BATS,ok,True,6,0,1,experiment\main.py,fallback_nested,19,238,3,0,0,True,experiment/main.py:37 pickle.load [matched pickle.load],True,representation/word2vector.py:226 nltk.tokenize.word_tokenize [matched nltk.tokenize.word_tokenize],True,experiment/cluster.py:55 sklearn.cluster.KMeans [matched KMeans],True,experiment/cluster.py:57 kmeans.fit_predict [matched .fit_predict],True,experiment/evaluate.py:1165 sklearn.metrics.roc_curve [matched roc_curve],True,representation/code2vector.py:22 self.model.predict [matched model.predict],verified: all 6 stages present
https://github.com/IG-AI/Aichemy,ok,True,6,0,1,aichemy\__main__.py,fallback_nested,8,131,3,0,2,True,aichemy/utils.py:210 gzip.open [matched gzip.open],True,aichemy/preprocessing.py:83 pd.concat [matched pd.concat],True,aichemy/classifiers.py:123 nn.ModuleList [matched nn.ModuleList],True,aichemy/models.py:163 model.fit [matched model.fit],True,aichemy/models.py:534 sklearn.metrics.balanced_accuracy_score [matched balanced_accuracy_score],True,aichemy/operator.py:106 model.predict [matched model.predict],verified: all 6 stages present
https://github.com/lukapecnik/NiaAML,ok,True,6,0,1,niaaml\cli.py,fallback_console_script,65,258,5,0,0,True,niaaml/data/csv_data_reader.py:45 pd.read_csv [matched pd.read_csv],True,niaaml/pipeline_optimizer.py:426 niaaml.pipeline.Pipeline [matched Pipeline],True,niaaml/classifiers/random_forest.py:55 sklearn.ensemble.RandomForestClassifier [matched RandomForestClassifier],True,niaaml/classifiers/regression_linear_model.py:69 self.model.fit [matched model.fit],True,niaaml/utilities.py:171 sklearn.metrics.accuracy_score [matched accuracy_score],True,niaaml/classifiers/regression_linear_model.py:80 self.model.predict [matched model.predict],verified: all 6 stages present
https://github.com/StephAO/olfmlm,ok,True,6,0,1,evaluate\main.py,fallback_nested,49,670,4,0,0,True,evaluate/models.py:376 json.load [matched json.load],True,evaluate/preprocess.py:565 pytorch_pretrained_bert.BertTokenizer.from_pretrained [matched BertTokenizer.from_pretrained],True,evaluate/models.py:0 class MultiTaskModel [matched <class subclasses model base>],True,evaluate/main.py:549 trainer.train [matched trainer.train],True,evaluate/tasks/tasks.py:369 sklearn.metrics.mean_squared_error [matched mean_squared_error],True,evaluate/trainer.py:823 torch.no_grad [matched torch.no_grad],verified: all 6 stages present
https://github.com/julian-risch/PatentMatch-FARM,ok,True,6,1,1,farm\train.py,fallback_nested,21,405,4,0,5,True,farm/utils.py:311 pd.read_csv [matched pd.read_csv],True,farm/eval.py:87 sklearn.preprocessing.MultiLabelBinarizer [matched MultiLabelBinarizer],True,farm/modeling/adaptive_model.py:0 class AdaptiveModel [matched <class subclasses model base>],True,farm/train.py:327 loss.backward [matched loss.backward],True,farm/utils.py:137 mlflow.log_metrics [matched mlflow.log_metrics],True,farm/eval.py:51 model.eval [matched model.eval],verified: all 6 stages present
https://github.com/AtrCheema/AI4Water,ok,True,6,0,1,ai4water\main.py,fallback_nested,94,1613,6,0,4,True,ai4water/main.py:947 torch.utils.data.DataLoader [matched DataLoader],True,ai4water/_main.py:656 ai4water.backend.np.nan_to_num [matched np.nan_to_num],True,ai4water/tf_attributes.py:63 keras.layers.LeakyReLU [matched keras.layers.*],True,ai4water/_main.py:760 ai4water.backend.wandb.init [matched wandb.init],True,ai4water/models/_tensorflow/custom_training.py:37 def test_step [matched <lightning hook test_step>],True,ai4water/postprocessing/_sa.py:282 model.predict [matched model.predict],verified: all 6 stages present
https://github.com/wojtek11530/song_lyric_classification,ok,True,6,0,1,backend_app\app.py,fallback_nested,12,53,4,0,0,True,backend_app/results.py:16 pd.read_csv [matched pd.read_csv],True,models/label_encoder.py:5 sklearn.preprocessing.LabelEncoder [matched LabelEncoder],True,models/base.py:0 class BaseModel [matched <class subclasses model base>],True,models/conv_net/conv_net_model.py:95 def configure_optimizers [matched <lightning hook configure_optimizers>],True,models/conv_net/conv_net_model.py:162 def validation_step [matched <lightning hook validation_step>],True,backend_app/app.py:10 flask.Flask [matched Flask],verified: all 6 stages present
https://github.com/lebrice/Sequoia,ok,True,6,2,1,sequoia\main.py,fallback_nested,208,1505,7,0,0,True,sequoia/settings/base/bases.py:120 def prepare_data [matched <lightning hook prepare_data>],True,sequoia/settings/base/setting.py:212 sequoia.common.transforms.Compose [matched transforms.Compose],True,sequoia/methods/experience_replay.py:0 class Buffer [matched <class subclasses model base>],True,sequoia/methods/base_method.py:293 self.trainer.fit [matched trainer.fit],True,sequoia/common/config/wandb_config.py:36 wandb.log [matched wandb.log],True,sequoia/methods/base_method.py:316 self.model.eval [matched model.eval],verified: all 6 stages present
https://github.com/sandrich/classifying_digits_mnist,ok,True,6,0,1,mnist_classifier\predict.py,fallback_console_script,6,29,3,0,0,True,mnist_classifier/algorithm_meta.py:97 pickle.load [matched pickle.load],True,mnist_classifier/algorithm_meta.py:245 pd.concat [matched pd.concat],True,mnist_classifier/random_forest.py:55 sklearn.ensemble.RandomForestClassifier [matched RandomForestClassifier],True,mnist_classifier/algorithm_meta.py:67 self.model.fit [matched model.fit],True,mnist_classifier/visualizer.py:15 sklearn.metrics.confusion_matrix [matched confusion_matrix],True,mnist_classifier/algorithm_meta.py:85 self.model.predict [matched model.predict],verified: all 6 stages present
https://github.com/AlaaBejaoui/AberdeenProject,ok,True,6,0,1,AberdeenProject\main.py,fallback_nested,8,40,2,0,0,True,AberdeenProject/main.py:35 pickle.load [matched pickle.load],True,AberdeenProject/core/dataframeCreator.py:80 pd.concat [matched pd.concat],True,AberdeenProject/main.py:61 core.modelFitting.Model [matched Model],True,AberdeenProject/main.py:65 model.fit [matched model.fit],True,AberdeenProject/core/modelFitting.py:142 sklearn.model_selection.cross_val_score [matched cross_val_score],True,AberdeenProject/core/dataPipelines.py:212 pipeline [matched pipeline],verified: all 6 stages present
https://github.com/phucdev/TL_Bio_RE,ok,True,6,0,1,tlbiore\main.py,fallback_nested,5,34,2,0,0,True,tlbiore/trainers/trainers.py:43 torch.utils.data.DataLoader [matched DataLoader],True,tlbiore/utils.py:19 transformers.tokenization_bert.BertTokenizer.from_pretrained [matched BertTokenizer.from_pretrained],True,tlbiore/models/models.py:0 class FCLayer [matched <class subclasses model base>],True,tlbiore/main.py:30 trainer.train [matched trainer.train],True,tlbiore/main.py:34 trainer.evaluate [matched trainer.evaluate],True,tlbiore/main.py:38 trainer.predict [matched trainer.predict],verified: all 6 stages present
https://github.com/abhinavkashyap/sciwing,ok,True,6,0,1,sciwing\commands\sciwing_group.py,fallback_console_script,73,408,6,0,1,True,sciwing/infer/classification/classification_inference.py:80 torch.utils.data.DataLoader [matched DataLoader],True,sciwing/utils/common.py:465 sklearn.model_selection.ShuffleSplit [matched ShuffleSplit],True,sciwing/models/neural_parscit.py:0 class NeuralParscit [matched <class subclasses model base>],True,sciwing/engine/engine.py:152 tensorboardX.SummaryWriter [matched SummaryWriter],True,sciwing/engine/engine.py:420 wandb.log [matched wandb.log],True,sciwing/infer/classification/classification_inference.py:142 torch.no_grad [matched torch.no_grad],verified: all 6 stages present
https://github.com/rcdilorenzo/abfs,ok,True,6,1,1,abfs\__main__.py,fallback_nested,19,113,4,0,0,True,abfs/cli.py:73 boto3.resource [matched boto3.resource],True,abfs/data.py:65 self.df.groupby [matched df.groupby],True,abfs/keras/u_net.py:172 Model [matched Model],True,abfs/keras/u_net.py:51 self.model.fit_generator [matched model.fit_generator],True,abfs/keras/metrics.py:20 fbeta_score [matched fbeta_score],True,abfs/keras/u_net.py:196 self.model.predict [matched model.predict],verified: all 6 stages present
https://github.com/LokiLuciferase/phenotrex,ok,True,6,1,1,phenotrex\cli\main.py,fallback_console_script,31,117,6,0,0,True,phenotrex/io/flat.py:22 gzip.open [matched gzip.open],True,phenotrex/ml/prediction.py:82 pd.concat [matched pd.concat],True,phenotrex/ml/clf/svm.py:55 sklearn.svm.LinearSVC [matched LinearSVC],True,phenotrex/ml/trex_classifier.py:201 sklearn.model_selection.RandomizedSearchCV [matched RandomizedSearchCV],True,phenotrex/ml/trex_classifier.py:28 sklearn.metrics.recall_score [matched recall_score],True,phenotrex/ml/prediction.py:90 model.predict [matched model.predict],verified: all 6 stages present
https://github.com/penguinarmy94/AirSafe,ok,True,6,0,1,AirQualityApp\train.py,fallback_nested,1,3,0,0,0,True,AirQualityApp/train.py:23 pd.read_csv [matched pd.read_csv],True,AirQualityApp/train.py:34 sklearn.model_selection.train_test_split [matched train_test_split],True,AirQualityApp/train.py:36 sklearn.ensemble.RandomForestRegressor [matched RandomForestRegressor],True,AirQualityApp/train.py:38 model.fit [matched model.fit],True,AirQualityApp/train.py:44 sklearn.metrics.mean_squared_error [matched mean_squared_error],True,AirQualityApp/train.py:40 model.predict [matched model.predict],verified: all 6 stages present
https://github.com/sdpython/mlprodict,ok,True,6,0,1,mlprodict\__main__.py,fallback_nested,296,2064,9,0,3,True,mlprodict/cli/validate.py:116 pd.read_csv [matched pd.read_csv],True,mlprodict/cli/validate.py:120 pd.concat [matched pd.concat],True,mlprodict/onnxrt/validate/validate_scenarios.py:76 sklearn.linear_model.LogisticRegression [matched LogisticRegression],True,mlprodict/asv_benchmark/common_asv_skl.py:178 model.fit [matched model.fit],True,mlprodict/asv_benchmark/common_asv_skl.py:263 sklearn.metrics.accuracy_score [matched accuracy_score],True,mlprodict/cli/optimize.py:32 onnx.load [matched onnx.load],verified: all 6 stages present
https://github.com/francescoignaziore/Sentiment_Analysis_Classification,ok,True,6,0,1,classifier\main.py,fallback_nested,29,180,3,0,0,True,classifier/pipeline.py:998 np.load [matched np.load],True,classifier/pipeline.py:884 sklearn.model_selection.KFold [matched KFold],True,BERT_NN.py:135 tf.keras.layers.Input [matched tf.keras.layers.*],True,classifier/vanilla_NN.py:64 self.model.fit [matched model.fit],True,classifier/vanilla_NN.py:79 self.model.evaluate [matched model.evaluate],True,classifier/pipeline.py:844 model.model.predict [matched model.predict],verified: all 6 stages present
https://github.com/intelkevinputnam/lpot-docs,ok,True,6,9,1,lpot\ux\lpot_ux.py,fallback_console_script,151,1402,9,0,12,True,lpot/ux/web/configuration.py:75 json.load [matched json.load],True,lpot/experimental/data/transforms/transform.py:355 torchvision.transforms.functional.crop [matched torchvision.transforms.*],True,lpot/utils/utility.py:281 lpot.experimental.common.Model [matched Model],True,lpot/adaptor/pytorch.py:1030 optimizer.zero_grad [matched optimizer.zero_grad],True,lpot/ux/utils/workload/evaluation.py:159 Accuracy [matched Accuracy],True,lpot/ux/web/server.py:36 flask.Flask [matched Flask],verified: all 6 stages present
https://github.com/Daryl-PSH/us_traffic,ok,True,6,0,1,src\train.py,fallback_nested,9,37,4,0,0,True,src/train.py:57 yaml.safe_load [matched yaml.safe_load],True,src/data_pipeline/datapipeline.py:55 sklearn.preprocessing.StandardScaler [matched StandardScaler],True,src/models/model.py:0 class RandomForest [matched <class subclasses model base>],True,src/models/model.py:110 self.model.fit [matched model.fit],True,src/train.py:42 model.evaluate [matched model.evaluate],True,src/train.py:38 model.predict [matched model.predict],verified: all 6 stages present
https://github.com/JMGaljaard/fltk-testbed,ok,True,6,1,1,fltk\__main__.py,fallback_nested,87,349,7,0,0,True,fltk/util/config/learner_config.py:191 yaml.load [matched yaml.load],True,fltk/datasets/federated/cifar10.py:24 torchvision.transforms.Normalize [matched torchvision.transforms.*],True,fltk/nets/cifar_100_resnet.py:0 class BasicBlock [matched <class subclasses model base>],True,fltk/core/distributed/client.py:72 nn.parallel.DistributedDataParallel [matched DistributedDataParallel],True,fltk/core/distributed/client.py:191 sklearn.metrics.confusion_matrix [matched confusion_matrix],True,fltk/core/distributed/client.py:174 torch.no_grad [matched torch.no_grad],verified: all 6 stages present
https://github.com/deepbreathe-ai/ab-line-classifier,ok,True,6,0,1,src\train.py,fallback_nested,3,32,1,0,0,True,src/train.py:77 pd.read_csv [matched pd.read_csv],True,src/train.py:80 sklearn.model_selection.train_test_split [matched train_test_split],True,src/models/models.py:75 tf.keras.layers.Input [matched tf.keras.layers.*],True,src/train.py:222 model.fit [matched model.fit],True,src/train.py:195 tf.keras.metrics.AUC [matched tf.keras.metrics.*],True,src/train.py:108 model.predict [matched model.predict],verified: all 6 stages present
https://github.com/WadhwaniAI/cough-against-covid,ok,True,6,3,1,training\train.py,fallback_nested,48,479,6,0,0,True,cac/utils/io.py:34 yaml.load [matched yaml.load],True,cac/data/transforms.py:1488 sklearn.decomposition.PCA [matched PCA],True,cac/models/classification.py:0 class ClassificationModel [matched <class subclasses model base>],True,training/train.py:50 model.fit [matched model.fit],True,cac/models/classification.py:442 confusion_matrix [matched confusion_matrix],True,cac/models/classification.py:581 torch.no_grad [matched torch.no_grad],verified: all 6 stages present
https://github.com/tkim135/allennlp,ok,True,6,2,1,allennlp\run.py,fallback_nested,381,2176,8,0,3,True,allennlp/commands/elmo.py:345 h5py.File [matched h5py.File],True,allennlp/common/util.py:289 spacy.load [matched spacy.load],True,allennlp/nn/util.py:1412 nn.ModuleList [matched nn.ModuleList],True,allennlp/commands/fine_tune.py:318 trainer.train [matched trainer.train],True,allennlp/training/metrics/auc.py:73 sklearn.metrics.roc_curve [matched roc_curve],True,allennlp/commands/elmo.py:389 torch.no_grad [matched torch.no_grad],verified: all 6 stages present
https://github.com/xmuyulab/DAISM-XMBD,ok,True,6,1,1,daism\daism.py,fallback_console_script,4,19,1,0,0,True,daism/daism.py:110 pd.read_csv [matched pd.read_csv],True,daism/modules/simulation.py:193 pd.concat [matched pd.concat],True,daism/modules/training.py:0 class MLP [matched <class subclasses model base>],True,daism/modules/training.py:181 optimizer.zero_grad [matched optimizer.zero_grad],True,daism/modules/prediction.py:82 sklearn.metrics.mean_squared_error [matched mean_squared_error],True,daism/modules/training.py:126 model.eval [matched model.eval],verified: all 6 stages present
https://github.com/microsoft/torchgeo,ok,True,6,0,1,torchgeo\__main__.py,fallback_nested,284,1665,6,0,1,True,torchgeo/datamodules/geo.py:81 def prepare_data [matched <lightning hook prepare_data>],True,torchgeo/datamodules/agrifieldnet.py:51 kornia.augmentation.AugmentationSequential [matched kornia.augmentation.*],True,torchgeo/tasks/base.py:0 class BaseTask [matched <class subclasses model base>],True,torchgeo/tasks/base.py:56 def configure_optimizers [matched <lightning hook configure_optimizers>],True,torchgeo/tasks/byol.py:421 def validation_step [matched <lightning hook validation_step>],True,torchgeo/tasks/byol.py:429 def predict_step [matched <lightning hook predict_step>],verified: all 6 stages present
https://github.com/LukasHedegaard/ride,ok,True,6,0,1,ride\main.py,fallback_nested,20,236,3,0,0,True,ride/core.py:289 def train_dataloader [matched <lightning hook train_dataloader>],True,ride/feature_visualisation.py:71 sklearn.decomposition.PCA [matched PCA],True,ride/utils/discriminative_lr.py:0 class Module [matched <class subclasses model base>],True,ride/hparamsearch.py:126 ray.tune.run [matched ray.tune.run],True,ride/runner.py:161 self.trainer.test [matched trainer.test],True,ride/runner.py:161 self.trainer.test [matched trainer.test],verified: all 6 stages present
https://github.com/TerenceDumartin/ocular-disease-recognition,ok,True,6,0,1,package\main.py,fallback_nested,6,33,1,0,0,True,package/data.py:110 pd.read_csv [matched pd.read_csv],True,package/data.py:87 pd.concat [matched pd.concat],True,package/model.py:16 tf.keras.layers.Dense [matched tf.keras.layers.*],True,package/main.py:156 self.model.fit [matched model.fit],True,package/plot.py:11 sklearn.metrics.confusion_matrix [matched confusion_matrix],True,package/main.py:119 self.model.predict [matched model.predict],verified: all 6 stages present
https://github.com/LakshyaMalhotra/Salary-prediction-based-on-job-descriptions,ok,True,6,0,1,src\main.py,fallback_nested,1,21,0,0,0,True,src/main.py:416 json.load [matched json.load],True,src/main.py:434 sklearn.compose.ColumnTransformer [matched ColumnTransformer],True,src/main.py:432 lgb.LGBMRegressor [matched LGBMRegressor],True,src/main.py:178 model.fit [matched model.fit],True,src/main.py:479 model.cross_validate [matched cross_validate],True,src/main.py:179 model.predict [matched model.predict],verified: all 6 stages present
https://github.com/WildflowerSchools/wf-process-cuwb-data,ok,True,6,0,1,process_cuwb_data\__main__.py,fallback_nested,39,208,6,0,0,True,process_cuwb_data/cli.py:304 pd.read_pickle [matched pd.read_pickle],True,process_cuwb_data/cli.py:187 df.assign [matched df.assign],True,process_cuwb_data/uwb_predict_tray_centroids.py:189 sklearn.mixture.GaussianMixture [matched GaussianMixture],True,process_cuwb_data/uwb_predict_tray_centroids.py:190 model.fit [matched model.fit],True,process_cuwb_data/uwb_motion_classifier_random_forest.py:151 sklearn.model_selection.metrics.confusion_matrix [matched confusion_matrix],True,process_cuwb_data/uwb_predict_tray_centroids.py:194 model.predict [matched model.predict],verified: all 6 stages present
https://github.com/YttriLab/B-SOID,ok,True,6,0,1,bsoid_py\main.py,fallback_nested,9,31,2,0,0,True,bsoid_py/main.py:71 pd.read_csv [matched pd.read_csv],True,bsoid_py/main.py:106 pd.concat [matched pd.concat],True,bsoid_py/train.py:146 sklearn.mixture.GaussianMixture [matched GaussianMixture],True,bsoid_py/train.py:220 clf.fit [matched clf.fit],True,bsoid_py/train.py:190 sklearn.model_selection.cross_val_score [matched cross_val_score],True,bsoid_py/classify.py:108 model.predict [matched model.predict],verified: all 6 stages present
https://github.com/netr0m/katatasso,ok,True,6,0,1,katatasso\__main__.py,fallback_nested,9,26,4,0,0,True,katatasso/helpers/extraction.py:43 sqlite3.connect [matched sqlite3.connect],True,katatasso/modules/trainer.py:50 sklearn.model_selection.train_test_split [matched train_test_split],True,katatasso/modules/trainer.py:57 sklearn.naive_bayes.MultinomialNB [matched MultinomialNB],True,katatasso/modules/trainer.py:62 model.fit [matched model.fit],True,katatasso/modules/trainer.py:66 sklearn.metrics.accuracy_score [matched accuracy_score],True,katatasso/modules/classifier.py:47 clf.predict [matched clf.predict],verified: all 6 stages present
https://github.com/PNLPUOS/PNLPUOS,ok,True,6,0,1,pnlp\__main__.py,fallback_nested,9,60,2,0,0,True,pnlp/__main__.py:23 json.load [matched json.load],True,pnlp/src/topic_modeling/topic_modeling.py:62 transformers.BertTokenizer.from_pretrained [matched BertTokenizer.from_pretrained],True,pnlp/src/topic_modeling/topic_modeling.py:82 transformers.BertModel.from_pretrained [matched BertModel.from_pretrained],True,pnlp/src/topic_modeling/topic_modeling.py:597 fit_predict [matched .fit_predict],True,pnlp/src/sentiment_classifier/rnn_sentiment.py:239 model.evaluate [matched model.evaluate],True,pnlp/src/topic_modeling/topic_modeling.py:84 model.eval [matched model.eval],verified: all 6 stages present
https://github.com/TRI-AMDD/CAMD,ok,True,6,1,1,camd\campaigns\worker.py,fallback_console_script,13,164,2,0,0,True,camd/campaigns/worker.py:137 boto3.resource [matched boto3.resource],True,camd/agent/base.py:100 sklearn.preprocessing.StandardScaler [matched StandardScaler],True,camd/campaigns/structure_discovery.py:107 sklearn.neural_network.MLPRegressor [matched MLPRegressor],True,camd/agent/base.py:104 model.fit [matched model.fit],True,camd/agent/base.py:116 sklearn.model_selection.cross_val_score [matched cross_val_score],True,camd/agent/base.py:141 model.predict [matched model.predict],verified: all 6 stages present
https://github.com/mathdoug/Project_ML2,ok,True,6,0,1,src\main.py,fallback_nested,8,34,2,0,0,True,src/GetData.py:16 pd.read_csv [matched pd.read_csv],True,src/main.py:38 sklearn.model_selection.StratifiedKFold [matched StratifiedKFold],True,src/FeatureEngineering.py:299 sklearn.ensemble.RandomForestClassifier [matched RandomForestClassifier],True,src/TuningHyperparameters.py:30 sklearn.model_selection.RandomizedSearchCV [matched RandomizedSearchCV],True,src/Evaluation.py:36 sklearn.metrics.confusion_matrix [matched confusion_matrix],True,src/NeuralClassifier.py:35 self.model.predict [matched model.predict],verified: all 6 stages present
https://github.com/anguyen8/sam,ok,True,6,0,1,madry_files\train.py,fallback_nested,5,24,2,0,0,True,utils.py:50 PIL.Image.open [matched Image.open],True,utils.py:369 torchvision.transforms.transforms.Compose [matched torchvision.transforms.*],True,utils.py:129 nn.Sequential [matched nn.Sequential],True,madry_files/train.py:470 loss.backward [matched loss.backward],True,madry_files/train.py:497 writer.add_scalar [matched writer.add_scalar],True,madry_files/train.py:289 torch.no_grad [matched torch.no_grad],verified: all 6 stages present
https://github.com/arsfutura/face-recognition,ok,True,6,1,1,training\train.py,fallback_nested,4,13,2,0,0,True,training/train.py:41 PIL.Image.open [matched Image.open],True,training/train.py:32 torchvision.transforms.Compose [matched torchvision.transforms.*],True,training/train.py:66 sklearn.linear_model.LogisticRegression [matched LogisticRegression],True,training/train.py:68 sklearn.model_selection.GridSearchCV [matched GridSearchCV],True,training/train.py:90 sklearn.metrics.classification_report [matched classification_report],True,training/train.py:90 clf.predict [matched clf.predict],verified: all 6 stages present
https://github.com/dfdazac/mpqe,ok,True,6,0,1,mpqe\train.py,fallback_nested,9,145,2,0,0,True,mpqe/train.py:150 pickle.load [matched pickle.load],True,mpqe/utils.py:65 np.nan_to_num [matched np.nan_to_num],True,mpqe/data_utils.py:31 nn.Embedding [matched nn.Embedding],True,mpqe/train_helpers.py:78 optimizer.zero_grad [matched optimizer.zero_grad],True,mpqe/utils.py:65 sklearn.metrics.roc_auc_score [matched roc_auc_score],True,mpqe/train_helpers.py:31 model.eval [matched model.eval],verified: all 6 stages present
https://github.com/JakubBartoszewicz/DeePaC,ok,True,6,3,1,deepac\__main__.py,fallback_nested,36,224,4,0,0,True,deepac/predict.py:38 np.load [matched np.load],True,deepac/preproc.py:50 tf.keras.preprocessing.text.Tokenizer [matched Tokenizer],True,deepac/predict.py:54 tf.keras.Model [matched keras.Model],True,deepac/nn_train.py:1587 self.model.fit [matched model.fit],True,deepac/eval/eval.py:257 sklearn.metrics.confusion_matrix [matched confusion_matrix],True,deepac/predict.py:63 model.predict [matched model.predict],verified: all 6 stages present
https://github.com/domi385/Histo,ok,True,6,0,1,histo\main.py,fallback_nested,11,119,3,0,0,True,histo/dataset.py:92 h5py.File [matched h5py.File],True,histo/dataset.py:14 torchvision.transforms.Compose [matched torchvision.transforms.*],True,histo/models.py:28 nn.Linear [matched nn.Linear],True,histo/train.py:132 loss.backward [matched loss.backward],True,histo/experiments/base_experiment.py:153 sklearn.metrics.roc_auc_score [matched roc_auc_score],True,histo/train.py:108 model.eval [matched model.eval],verified: all 6 stages present
https://github.com/yurilq/rasa01,ok,True,6,1,1,rasa\__main__.py,fallback_nested,96,1499,6,0,5,True,rasa/utils/io.py:128 json.load [matched json.load],True,rasa/nlu/test.py:772 sklearn.model_selection.StratifiedKFold [matched StratifiedKFold],True,rasa/core/policies/keras_policy.py:128 tf.keras.layers.Masking [matched tf.keras.layers.*],True,rasa/nlu/train.py:91 trainer.train [matched trainer.train],True,rasa/test.py:139 rasa.nlu.test.cross_validate [matched cross_validate],True,rasa/core/policies/keras_policy.py:255 self.model.predict [matched model.predict],verified: all 6 stages present
https://github.com/jvs/autom8,ok,True,6,0,1,autom8\main.py,fallback_nested,17,209,2,0,0,True,autom8/formats.py:29 csv.reader [matched csv.reader],True,autom8/context.py:111 categories.LabelEncoder [matched LabelEncoder],True,autom8/main.py:145 lgb.LGBMRegressor [matched LGBMRegressor],True,autom8/context.py:244 estimator.fit [matched estimator.fit],True,autom8/candidate.py:115 sklearn.metrics.metrics.confusion_matrix [matched confusion_matrix],True,autom8/pipeline.py:64 self.estimator.predict [matched estimator.predict],verified: all 6 stages present
https://github.com/NLPatVCU/medaCy,ok,True,6,0,1,medacy\__main__.py,fallback_nested,46,207,4,0,2,True,medacy/__main__.py:31 json.load [matched json.load],True,medacy/__main__.py:48 Pipeline [matched Pipeline],True,medacy/__main__.py:59 medacy.model.model.Model [matched Model],True,medacy/__main__.py:73 model.fit [matched model.fit],True,medacy/__main__.py:101 model.cross_validate [matched cross_validate],True,medacy/__main__.py:88 model.predict [matched model.predict],verified: all 6 stages present
https://github.com/e2crawfo/dps,ok,True,6,0,1,dps\train.py,fallback_nested,15,633,4,0,1,True,dps/train.py:980 pd.read_csv [matched pd.read_csv],True,dps/train.py:984 pd.concat [matched pd.concat],True,dps/utils/pytorch.py:0 class ParameterizedModule [matched <class subclasses model base>],True,dps/pytorch/train.py:36 torch.utils.tensorboard.SummaryWriter [matched tensorboard.SummaryWriter],True,dps/pytorch/train.py:379 self.model.evaluate [matched model.evaluate],True,dps/pytorch/train.py:396 self.model.eval [matched model.eval],verified: all 6 stages present
https://github.com/rkcosmos/deepcut,ok,True,6,1,1,deepcut\train.py,fallback_nested,3,10,1,0,0,True,deepcut/train.py:125 pd.read_csv [matched pd.read_csv],True,deepcut/train.py:92 sklearn.model_selection.train_test_split [matched train_test_split],True,deepcut/model.py:11 tf.keras.layers.Conv1D [matched tf.keras.layers.*],True,deepcut/train.py:191 model.fit [matched model.fit],True,deepcut/train.py:213 sklearn.metrics.f1_score [matched f1_score],True,deepcut/train.py:210 model.predict [matched model.predict],verified: all 6 stages present
https://github.com/yzhao062/pyod,ok,True,6,0,1,pyod\cli.py,fallback_console_script,19,153,5,0,3,True,pyod/utils/knowledge/__init__.py:39 json.load [matched json.load],True,pyod/models/base.py:217 sklearn.preprocessing.MinMaxScaler [matched MinMaxScaler],True,pyod/models/base.py:0 class BaseDetector [matched <class subclasses model base>],True,pyod/utils/ad_engine.py:701 clf.fit [matched clf.fit],True,pyod/utils/_quality_metrics.py:401 sklearn.metrics.precision_recall_fscore_support [matched precision_recall_fscore_support],True,pyod/utils/ad_engine.py:731 clf.predict [matched clf.predict],verified: all 6 stages present
https://github.com/GeoscienceAustralia/uncover-ml,ok,True,6,0,1,uncoverml\scripts\uncoverml.py,fallback_console_script,29,412,3,0,0,True,uncoverml/scripts/uncoverml.py:82 json.load [matched json.load],True,uncoverml/validate.py:393 sklearn.model_selection.GroupKFold [matched GroupKFold],True,uncoverml/scripts/uncoverml.py:309 uncoverml.cluster.KMeans [matched KMeans],True,uncoverml/models.py:608 self.clf.fit [matched clf.fit],True,uncoverml/validate.py:41 sklearn.metrics.r2_score [matched r2_score],True,uncoverml/cluster.py:724 model.predict [matched model.predict],verified: all 6 stages present
https://github.com/thunlp/BERT-KPE,ok,True,6,0,1,scripts\train.py,fallback_nested,63,1000,5,0,0,True,scripts/train.py:171 torch.utils.data.DataLoader [matched DataLoader],True,bertkpe/transformers/tokenization_auto.py:107 tokenization_roberta.RobertaTokenizer.from_pretrained [matched RobertaTokenizer.from_pretrained],True,bertkpe/transformers/modeling_utils.py:0 class PreTrainedModel [matched <class subclasses model base>],True,scripts/train.py:267 tensorboardX.SummaryWriter [matched SummaryWriter],True,scripts/train.py:63 writer.add_scalar [matched writer.add_scalar],True,bertkpe/transformers/modeling_utils.py:465 model.eval [matched model.eval],verified: all 6 stages present
https://github.com/nadyashanarova/about_mne,ok,True,6,0,1,mne\__main__.py,fallback_nested,245,3732,8,0,8,True,mne/bem.py:1190 nibabel.load [matched nibabel.load],True,mne/annotations.py:934 pd.to_datetime [matched pd.to_datetime],True,mne/cov.py:0 class _RegCovariance [matched <class subclasses model base>],True,mne/cov.py:1112 sklearn.model_selection.GridSearchCV [matched GridSearchCV],True,mne/cov.py:1184 sklearn.model_selection.cross_val_score [matched cross_val_score],True,mne/decoding/base.py:163 self.model.predict [matched model.predict],verified: all 6 stages present
https://github.com/ChristianBirchler/sdc-scissor,ok,True,6,2,1,sdc_scissor\cli.py,fallback_console_script,51,288,5,0,0,True,sdc_scissor/cli.py:72 yaml.safe_load [matched yaml.safe_load],True,sdc_scissor/feature_extraction_api/feature_extraction.py:98 pd.concat [matched pd.concat],True,sdc_scissor/cli.py:358 sklearn.svm.LinearSVC [matched LinearSVC],True,sdc_scissor/machine_learning_api/model_evaluator.py:99 clf.fit [matched clf.fit],True,sdc_scissor/machine_learning_api/cost_effectiveness_evaluator.py:89 sklearn.metrics.classification_report [matched classification_report],True,sdc_scissor/machine_learning_api/model_evaluator.py:209 model.predict [matched model.predict],verified: all 6 stages present
https://github.com/sofa566/rasa-for-botfront-origin,ok,True,6,13,1,rasa\__main__.py,fallback_nested,197,2844,8,0,4,True,rasa/telemetry.py:258 json.load [matched json.load],True,rasa/nlu/test.py:1508 sklearn.model_selection.StratifiedKFold [matched StratifiedKFold],True,rasa/nlu/classifiers/sklearn_intent_classifier.py:160 sklearn.svm.SVC [matched SVC],True,rasa/nlu/train.py:116 trainer.train [matched trainer.train],True,rasa/test.py:281 rasa.nlu.test.cross_validate [matched cross_validate],True,rasa/nlu/classifiers/diet_classifier.py:854 self.model.predict [matched model.predict],verified: all 6 stages present
https://github.com/tinkoff-ai/etna,ok,True,6,2,1,etna\commands\__main__.py,fallback_console_script,141,1009,10,0,0,True,etna/commands/backtest_command.py:76 pd.read_csv [matched pd.read_csv],True,etna/datasets/datasets_generation.py:48 df.melt [matched .melt],True,etna/models/base.py:0 class DeepBaseNet [matched <class subclasses model base>],True,etna/pipeline/autoregressive_pipeline.py:98 self.model.fit [matched model.fit],True,etna/models/base.py:455 def validation_step [matched <lightning hook validation_step>],True,etna/models/base.py:632 torch.no_grad [matched torch.no_grad],verified: all 6 stages present
https://github.com/botfront/rasa-for-botfront,ok,True,6,10,1,rasa\__main__.py,fallback_nested,197,2844,8,0,4,True,rasa/telemetry.py:258 json.load [matched json.load],True,rasa/nlu/test.py:1508 sklearn.model_selection.StratifiedKFold [matched StratifiedKFold],True,rasa/nlu/classifiers/sklearn_intent_classifier.py:160 sklearn.svm.SVC [matched SVC],True,rasa/nlu/train.py:116 trainer.train [matched trainer.train],True,rasa/test.py:281 rasa.nlu.test.cross_validate [matched cross_validate],True,rasa/nlu/classifiers/diet_classifier.py:854 self.model.predict [matched model.predict],verified: all 6 stages present
https://github.com/HastingsGreer/OAI_analysis,ok,True,6,0,1,segmentation\train.py,fallback_nested,12,194,2,0,0,True,segmentation/train.py:312 torch.utils.data.DataLoader [matched DataLoader],True,segmentation/train.py:303 torchvision.transforms.Compose [matched torchvision.transforms.*],True,segmentation/networks.py:0 class UNet [matched <class subclasses model base>],True,segmentation/train.py:43 tensorboardX.SummaryWriter [matched SummaryWriter],True,segmentation/train.py:99 writer.add_scalar [matched writer.add_scalar],True,segmentation/train.py:114 torch.no_grad [matched torch.no_grad],verified: all 6 stages present
https://github.com/almonds0166/BCN,ok,True,6,0,1,bcn\__main__.py,fallback_nested,6,44,4,0,0,True,bcn/bcn.py:128 torch.utils.data.DataLoader [matched DataLoader],True,bcn/bcn.py:120 torchvision.transforms.Compose [matched torchvision.transforms.*],True,bcn/bcn.py:0 class BCNLayer [matched <class subclasses model base>],True,bcn/bcn.py:748 loss.backward [matched loss.backward],True,bcn/bcn.py:780 sklearn.metrics.precision_recall_fscore_support [matched precision_recall_fscore_support],True,bcn/bcn.py:767 torch.no_grad [matched torch.no_grad],verified: all 6 stages present
https://github.com/djeada/Kaggle-Titanic,ok,True,6,0,1,src\main.py,fallback_nested,10,43,2,0,0,True,src/main.py:33 pd.read_csv [matched pd.read_csv],True,src/models/gradient_boost.py:24 sklearn.preprocessing.LabelEncoder [matched LabelEncoder],True,src/models/gradient_boost.py:25 sklearn.ensemble.GradientBoostingClassifier [matched GradientBoostingClassifier],True,src/main.py:72 model.fit [matched model.fit],True,src/main.py:83 sklearn.metrics.accuracy_score [matched accuracy_score],True,src/main.py:82 model.predict [matched model.predict],verified: all 6 stages present
https://github.com/deep-voice/soundbay,ok,True,6,1,1,soundbay\train.py,fallback_nested,12,136,3,0,1,True,soundbay/train.py:143 torch.utils.data.DataLoader [matched DataLoader],True,soundbay/models.py:55 transformers.AutoProcessor.from_pretrained [matched AutoProcessor.from_pretrained],True,soundbay/models.py:0 class AST [matched <class subclasses model base>],True,soundbay/train.py:196 hydra.main [matched hydra.main],True,soundbay/utils/logging.py:145 wandb.plot.roc_curve [matched roc_curve],True,soundbay/trainers.py:145 self.model.eval [matched model.eval],verified: all 6 stages present
https://github.com/CBICA/GaNDLF,ok,True,6,1,1,GANDLF\entrypoints\cli_tool.py,fallback_console_script,162,799,9,0,0,True,GANDLF/entrypoints/anonymizer.py:25 yaml.safe_load [matched yaml.safe_load],True,GANDLF/entrypoints/collect_stats.py:157 pd.concat [matched pd.concat],True,GANDLF/models/lightning_module.py:0 class GandlfLightningModule [matched <class subclasses model base>],True,GANDLF/training_manager.py:181 trainer.fit [matched trainer.fit],True,GANDLF/cli/generate_metrics.py:420 GANDLF.metrics.mean_squared_error [matched mean_squared_error],True,GANDLF/utils/modelio.py:77 torch.no_grad [matched torch.no_grad],verified: all 6 stages present
https://github.com/sgm-projects/sgm-analysis-computing-node,ok,True,6,2,1,app\main.py,fallback_nested,32,88,3,0,0,True,app/core/tasks.py:28 requests.get [matched requests.get],True,app/methods/legacy/tasks.py:149 sklearn.preprocessing.StandardScaler [matched StandardScaler],True,app/methods/legacy/tasks.py:39 sklearn.linear_model.LinearRegression [matched LinearRegression],True,app/methods/legacy/tasks.py:229 kmeans.fit_predict [matched .fit_predict],True,app/methods/legacy/tasks.py:45 sklearn.metrics.mean_squared_error [matched mean_squared_error],True,app/main.py:28 fastapi.FastAPI [matched FastAPI],verified: all 6 stages present
https://github.com/YaqiangCao/cLoops2,ok,True,6,0,1,cLoops2\cLoops2.py,fallback_console_script,26,262,2,0,0,True,cLoops2/qc.py:52 gzip.open [matched gzip.open],True,cLoops2/est.py:356 sklearn.model_selection.train_test_split [matched train_test_split],True,cLoops2/est.py:82 sklearn.mixture.GaussianMixture [matched GaussianMixture],True,cLoops2/est.py:421 model.fit [matched model.fit],True,cLoops2/est.py:370 sklearn.metrics.mean_absolute_error [matched mean_absolute_error],True,cLoops2/est.py:93 clf.predict [matched clf.predict],verified: all 6 stages present
https://github.com/voxel51/fiftyone,ok,True,6,6,1,fiftyone\core\cli.py,fallback_console_script,320,8558,8,0,5,True,fiftyone/core/cli.py:510 fiftyone.core.dataset.load_dataset [matched load_dataset],True,fiftyone/utils/torch.py:1035 torchvision.transforms.Resize [matched torchvision.transforms.*],True,fiftyone/zoo/models/__init__.py:0 class ZooModel [matched <class subclasses model base>],True,fiftyone/core/plots/utils.py:220 model.fit [matched model.fit],True,fiftyone/operators/executor.py:1407 self.log [matched self.log],True,fiftyone/core/models.py:375 model.predict [matched model.predict],verified: all 6 stages present
https://github.com/tanvig14/Phishy,ok,True,6,0,1,src\train.py,fallback_nested,1,0,0,0,0,True,src/train.py:29 scipy.io.arff.loadarff [matched scipy.io.arff.loadarff],True,src/train.py:43 sklearn.model_selection.train_test_split [matched train_test_split],True,src/train.py:46 sklearn.svm.SVC [matched SVC],True,src/train.py:47 model.fit [matched model.fit],True,src/train.py:53 accuracy_score [matched accuracy_score],True,src/train.py:50 model.predict [matched model.predict],verified: all 6 stages present
https://github.com/alonemanuel/twitter-author-predictor,ok,True,6,0,1,src\main.py,fallback_nested,5,34,1,0,0,True,src/data_getter.py:64 pd.read_csv [matched pd.read_csv],True,src/main.py:35 data_prep.train_test_split [matched train_test_split],True,src/main.py:46 sklearn.svm.LinearSVC [matched LinearSVC],True,src/learner_wrapper.py:37 self.model.fit [matched model.fit],True,src/garcon.py:23 self.log [matched self.log],True,src/learner_wrapper.py:48 self.model.predict [matched model.predict],verified: all 6 stages present
https://github.com/aildnont/HIFIS-model,ok,True,6,0,1,src\train.py,fallback_nested,5,45,2,0,0,True,src/train.py:66 pd.read_csv [matched pd.read_csv],True,src/train.py:38 imblearn.over_sampling.RandomOverSampler [matched RandomOverSampler],True,src/models/models.py:53 tf.keras.Sequential [matched keras.Sequential],True,src/train.py:257 model.fit [matched model.fit],True,src/train.py:234 tf.keras.metrics.BinaryAccuracy [matched tf.keras.metrics.*],True,src/train.py:553 model.predict [matched model.predict],verified: all 6 stages present
https://github.com/oliviermirat/ZebraZoom,ok,True,6,0,1,zebrazoom\__main__.py,fallback_nested,135,1097,6,0,0,True,zebrazoom/_subcommands.py:102 pd.read_excel [matched pd.read_excel],True,zebrazoom/code/dataPostProcessing/findSleepVsMoving.py:59 pd.concat [matched pd.concat],True,zebrazoom/dataAnalysis/dataanalysis/applyClustering.py:200 sklearn.cluster.KMeans [matched KMeans],True,zebrazoom/dataAnalysis/dataanalysis/applyClustering.py:205 model.fit [matched model.fit],True,zebrazoom/dataAnalysis/dataanalysis/reapplyClustering.py:163 sklearn.metrics.silhouette_score [matched silhouette_score],True,zebrazoom/dataAnalysis/dataanalysis/applyClustering.py:207 model.predict [matched model.predict],verified: all 6 stages present
https://github.com/willywsm1013/transformers-for-question-generation,ok,True,6,6,1,transformers\commands\transformers_cli.py,fallback_console_script,150,2361,5,0,4,True,transformers/convert_transfo_xl_original_tf_checkpoint_to_pytorch.py:53 pickle.load [matched pickle.load],True,transformers/commands/download.py:32 transformers.AutoTokenizer.from_pretrained [matched AutoTokenizer.from_pretrained],True,transformers/commands/download.py:31 transformers.AutoModel.from_pretrained [matched AutoModel.from_pretrained],True,transformers/trainer.py:199 tensorboardX.SummaryWriter [matched SummaryWriter],True,transformers/trainer.py:604 wandb.log [matched wandb.log],True,transformers/commands/run.py:26 transformers.pipelines.pipeline [matched pipeline],verified: all 6 stages present
https://github.com/tlawrence3/amPEPpy,ok,True,6,0,1,amPEPpy\amPEP.py,fallback_console_script,2,5,1,0,0,True,amPEPpy/amPEP.py:131 pickle.load [matched pickle.load],True,amPEPpy/amPEP.py:89 pd.concat [matched pd.concat],True,amPEPpy/amPEP.py:94 sklearn.ensemble.RandomForestClassifier [matched RandomForestClassifier],True,amPEPpy/amPEP.py:97 clf.fit [matched clf.fit],True,amPEPpy/amPEP.py:100 sklearn.metrics.balanced_accuracy_score [matched balanced_accuracy_score],True,amPEPpy/amPEP.py:168 clf.predict [matched clf.predict],verified: all 6 stages present
https://github.com/THUDM/cogdl,ok,True,6,0,1,scripts\train.py,fallback_nested,54,628,6,0,8,True,cogdl/datasets/rec_data.py:13 np.loadtxt [matched np.loadtxt],True,cogdl/datasets/customized_data.py:31 sklearn.preprocessing.StandardScaler [matched StandardScaler],True,cogdl/utils/utils.py:177 nn.LayerNorm [matched nn.LayerNorm],True,cogdl/experiments.py:68 study.optimize [matched study.optimize],True,cogdl/utils/evaluator.py:15 Accuracy [matched Accuracy],True,cogdl/pipelines.py:241 self.model.eval [matched model.eval],verified: all 6 stages present
https://github.com/clara-parabricks/AtacWorks,ok,True,6,1,1,scripts\main.py,fallback_nested,21,158,4,0,0,True,scripts/main.py:72 h5py.File [matched h5py.File],True,atacworks/io/bedgraphio.py:94 pd.concat [matched pd.concat],True,atacworks/dl4atac/custom_losses.py:0 class PearsonLoss [matched <class subclasses model base>],True,atacworks/dl4atac/models/model_utils.py:178 nn.parallel.DistributedDataParallel [matched DistributedDataParallel],True,scripts/worker.py:101 atacworks.dl4atac.metrics.Recall [matched Recall],True,atacworks/dl4atac/evaluate.py:40 model.eval [matched model.eval],verified: all 6 stages present
https://github.com/KevinMenden/scaden,ok,True,6,1,1,scaden\__main__.py,fallback_nested,13,38,3,0,0,True,scaden/simulation/bulk_simulator.py:104 self.load_dataset [matched load_dataset],True,scaden/model/functions.py:39 sklearn.preprocessing.MinMaxScaler [matched MinMaxScaler],True,scaden/model/scaden.py:62 tf.keras.Sequential [matched keras.Sequential],True,scaden/model/scaden.py:315 tf.GradientTape [matched tf.GradientTape],True,scaden/model/scaden.py:127 tf.compat.v1.metrics.root_mean_squared_error [matched root_mean_squared_error],True,scaden/model/scaden.py:355 self.model.predict [matched model.predict],verified: all 6 stages present
https://github.com/ludwig-ai/ludwig,ok,True,6,5,1,ludwig\train.py,fallback_nested,260,3401,7,0,3,True,ludwig/api.py:1182 ludwig.utils.data_utils.load_dataset [matched load_dataset],True,ludwig/api.py:1269 pd.concat [matched pd.concat],True,ludwig/utils/llm_utils.py:101 transformers.AutoModelForVision2Seq.from_pretrained [matched AutoModelForVision2Seq.from_pretrained],True,ludwig/api.py:510 trainer.train [matched trainer.train],True,ludwig/features/anomaly_feature.py:357 sklearn.metrics.roc_auc_score [matched roc_auc_score],True,ludwig/api.py:888 torch.no_grad [matched torch.no_grad],verified: all 6 stages present
https://github.com/DeepLabCut/DeepLabCut,ok,True,6,1,1,deeplabcut\__main__.py,fallback_nested,296,2282,10,0,6,True,deeplabcut/generate_training_dataset/metadata.py:84 pickle.load [matched pickle.load],True,deeplabcut/generate_training_dataset/trainingsetmanipulation.py:520 pd.concat [matched pd.concat],True,deeplabcut/refine_training_dataset/outlier_frames.py:528 sm.tsa.statespace.SARIMAX [matched SARIMAX],True,deeplabcut/pose_estimation_pytorch/runners/logger.py:307 wandb.init [matched wandb.init],True,deeplabcut/pose_estimation_pytorch/apis/evaluation.py:199 deeplabcut.core.metrics.compute_metrics [matched compute_metrics],True,deeplabcut/pose_estimation_pytorch/runners/inference.py:57 torch.no_grad [matched torch.no_grad],verified: all 6 stages present
https://github.com/emanjavacas/pie,ok,True,6,0,1,pie\scripts\group.py,fallback_console_script,32,273,5,0,0,True,pie/utils.py:200 gzip.open [matched gzip.open],True,pie/data/dataset.py:313 LabelEncoder [matched LabelEncoder],True,pie/models/base_model.py:0 class BaseModel [matched <class subclasses model base>],True,pie/trainer.py:158 self.lr_scheduler.step [matched lr_scheduler.step],True,pie/scripts/evaluate.py:57 model.evaluate [matched model.evaluate],True,pie/scripts/train.py:158 model.eval [matched model.eval],verified: all 6 stages present
https://github.com/soaxelbrooke/ptclf,ok,True,6,0,1,ptclf\__main__.py,fallback_nested,10,68,3,0,0,True,ptclf/hyperopt.py:15 json.load [matched json.load],True,ptclf/tokenizer.py:251 Tokenizer [matched Tokenizer],True,ptclf/models.py:0 class WordRnn [matched <class subclasses model base>],True,ptclf/train.py:98 comet_ml.Experiment [matched comet_ml.Experiment],True,ptclf/train.py:173 comet_experiment.log_loss [matched log_loss],True,ptclf/train.py:122 model.eval [matched model.eval],verified: all 6 stages present
https://github.com/linc-lion/linc-cv,ok,True,6,0,1,linc_cv\main.py,fallback_nested,12,54,3,0,0,True,linc_cv/modality_cv/train.py:113 np.load [matched np.load],True,linc_cv/modality_cv/train.py:44 sklearn.model_selection.train_test_split [matched train_test_split],True,linc_cv/modality_cv/train.py:64 nn.nn.AvgPool2d [matched nn.AvgPool2d],True,linc_cv/modality_cv/train.py:121 clf.fit [matched clf.fit],True,linc_cv/modality_cv/train.py:124 sklearn.metrics.classification_report [matched classification_report],True,linc_cv/modality_cv/train.py:67 model.eval [matched model.eval],verified: all 6 stages present
https://github.com/davidtangGT/ALIGNN,ok,True,6,0,1,alignn\train.py,fallback_nested,14,84,2,0,0,True,alignn/train.py:82 pickle.load [matched pickle.load],True,alignn/data.py:390 sklearn.preprocessing.StandardScaler [matched StandardScaler],True,alignn/models/alignn.py:0 class EdgeGatedGraphConv [matched <class subclasses model base>],True,alignn/train.py:273 nn.parallel.DistributedDataParallel [matched DistributedDataParallel],True,alignn/train.py:343 ignite.metrics.Accuracy [matched Accuracy],True,alignn/train.py:519 torch.no_grad [matched torch.no_grad],verified: all 6 stages present
https://github.com/btmartin721/PG-SUI,ok,True,6,1,1,pgsui\cli.py,fallback_console_script,32,438,4,0,0,True,pgsui/cli.py:184 json.load [matched json.load],True,pgsui/impute/deterministic/imputers/mode.py:531 df.astype [matched df.astype],True,pgsui/impute/supervised/imputers/hist_gradient_boosting.py:238 self.Model [matched Model],True,pgsui/cli.py:658 model.fit [matched model.fit],True,pgsui/impute/deterministic/imputers/mode.py:742 sklearn.metrics.classification_report [matched classification_report],True,pgsui/impute/unsupervised/imputers/autoencoder.py:1333 model.eval [matched model.eval],verified: all 6 stages present
https://github.com/caillonantoine/RAVE,ok,True,6,0,1,scripts\train.py,fallback_nested,10,238,2,0,0,True,scripts/train.py:177 torch.utils.data.DataLoader [matched DataLoader],True,rave/dataset.py:252 transforms.Compose [matched transforms.Compose],True,rave/core.py:0 class MelScale [matched <class subclasses model base>],True,scripts/train.py:268 trainer.fit [matched trainer.fit],True,rave/model.py:426 def validation_step [matched <lightning hook validation_step>],True,rave/core.py:183 model.eval [matched model.eval],verified: all 6 stages present
https://github.com/Ascensiony/nlp-gpu,ok,True,6,0,1,bin\train.py,fallback_nested,20,53,7,0,0,True,model/executors/utils.py:101 torch.utils.data.DataLoader [matched DataLoader],True,model/datasets/base/TextDataset.py:33 transformers.AutoTokenizer.from_pretrained [matched AutoTokenizer.from_pretrained],True,model/networks/models/rrs/SumHugMono.py:0 class SumHugMono [matched <class subclasses model base>],True,model/executors/trainor.py:83 loss.backward [matched loss.backward],True,model/scorers/scores.py:49 sklearn.metrics.classification_report [matched classification_report],True,model/executors/validator.py:45 torch.no_grad [matched torch.no_grad],verified: all 6 stages present
https://github.com/doraadong/UNIFAN,ok,True,6,0,1,unifan\main.py,fallback_nested,8,62,2,0,0,True,unifan/main.py:239 np.load [matched np.load],True,unifan/trainer.py:394 sklearn.model_selection.train_test_split [matched train_test_split],True,unifan/annocluster.py:0 class AnnoCluster [matched <class subclasses model base>],True,unifan/main.py:256 trainer.train [matched trainer.train],True,unifan/trainer.py:400 sklearn.metrics.cluster.adjusted_rand_score [matched adjusted_rand_score],True,unifan/trainer.py:175 torch.no_grad [matched torch.no_grad],verified: all 6 stages present
https://github.com/jofa974/nlp-tweets,ok,True,6,0,1,src\train.py,fallback_nested,16,91,4,0,0,True,src/dataset.py:27 pd.read_csv [matched pd.read_csv],True,src/dataset.py:39 sklearn.model_selection.train_test_split [matched train_test_split],True,src/models/SKLogisticRegression.py:0 class SKLogisticRegression [matched <class subclasses model base>],True,src/train.py:32 model.fit [matched model.fit],True,src/train.py:35 sklearn.metrics.f1_score [matched f1_score],True,src/models/SKLogisticRegression.py:20 self.model.predict_proba [matched model.predict_proba],verified: all 6 stages present
https://github.com/sonjaremmer/icdcoder,ok,True,6,0,1,scripts\train.py,fallback_nested,4,18,1,0,0,True,scripts/preprocess.py:17 pd.read_csv [matched pd.read_csv],True,scripts/train.py:43 sklearn.model_selection.train_test_split [matched train_test_split],True,scripts/train.py:49 Model.Model [matched Model],True,scripts/train.py:61 trainer.train [matched trainer.train],True,Utilities.py:77 sklearn.metrics.f1_score [matched f1_score],True,Utilities.py:92 self.model.eval [matched model.eval],verified: all 6 stages present
https://github.com/DMAgit/INFOMAIR-Group30-2021,ok,True,6,0,1,src\main.py,fallback_nested,12,59,3,0,0,True,src/main.py:139 json.load [matched json.load],True,src/ml/models.py:21 nltk.stem.PorterStemmer [matched nltk.stem.PorterStemmer],True,src/ml/models.py:133 sklearn.tree.DecisionTreeClassifier [matched DecisionTreeClassifier],True,src/ml/classifiers/bagging.py:12 self.model.fit [matched model.fit],True,src/ml/models.py:108 sklearn.metrics.classification_report [matched classification_report],True,src/ml/models.py:184 clf.predict [matched clf.predict],verified: all 6 stages present
https://github.com/stepp1/protera-stability,ok,True,6,0,1,protera_stability\train.py,fallback_nested,18,84,4,0,0,True,protera_stability/data/dataset.py:23 h5py.File [matched h5py.File],True,protera_stability/data/dataset.py:20 sklearn.preprocessing.StandardScaler [matched StandardScaler],True,protera_stability/models.py:0 class ProteinMLP [matched <class subclasses model base>],True,protera_stability/train.py:157 trainer.fit [matched trainer.fit],True,protera_stability/engine/default.py:115 self.trainer.test [matched trainer.test],True,protera_stability/engine/default.py:115 self.trainer.test [matched trainer.test],verified: all 6 stages present
https://github.com/frankier/skelshop,ok,True,6,1,1,skelshop\__main__.py,fallback_nested,93,594,6,0,0,True,skelshop/cmd/aplot.py:59 h5py.File [matched h5py.File],True,skelshop/cmd/calibrate.py:327 df.groupby [matched df.groupby],True,skelshop/cmd/iden/clus.py:497 sklearn.cluster.DBSCAN [matched DBSCAN],True,skelshop/cmd/iden/clus.py:552 clus_alg.fit_predict [matched .fit_predict],True,skelshop/cluster/score.py:17 sklearn.metrics.silhouette_score [matched silhouette_score],True,skelshop/cmd/dump.py:54 pipeline [matched pipeline],verified: all 6 stages present
https://github.com/ethz-asl/object_keypoints,ok,True,6,0,1,scripts\train.py,fallback_nested,12,120,4,0,0,True,scripts/train.py:143 def train_dataloader [matched <lightning hook train_dataloader>],True,perception/datasets/video.py:98 A.Compose [matched A.Compose],True,scripts/train.py:0 class KeypointModule [matched <class subclasses model base>],True,scripts/train.py:61 def training_step [matched <lightning hook training_step>],True,scripts/train.py:77 def validation_step [matched <lightning hook validation_step>],True,perception/corner_net_lite/core/nnet/py_factory.py:101 torch.no_grad [matched torch.no_grad],verified: all 6 stages present
https://github.com/cy-xu/cosmic-conn,ok,True,6,0,1,cosmic_conn\train.py,fallback_nested,9,132,3,0,0,True,cosmic_conn/dl_framework/dataloader.py:114 torch.utils.data.DataLoader [matched DataLoader],True,cosmic_conn/dl_framework/utils_ml.py:30 np.nan_to_num [matched np.nan_to_num],True,cosmic_conn/dl_framework/cosmic_conn.py:0 class Cosmic_CoNN [matched <class subclasses model base>],True,cosmic_conn/dl_framework/cosmic_conn.py:184 self.lr_scheduler.step [matched lr_scheduler.step],True,cosmic_conn/dl_framework/cosmic_conn.py:510 self.writer.add_scalar [matched writer.add_scalar],True,cosmic_conn/dl_framework/cosmic_conn.py:247 torch.no_grad [matched torch.no_grad],verified: all 6 stages present
https://github.com/AugF/optimize-pygs,ok,True,6,0,1,neuroc_pygs\train.py,fallback_nested,23,168,4,0,0,True,neuroc_pygs/options.py:144 np.load [matched np.load],True,neuroc_pygs/utils/utils.py:72 torch_geometric.transforms.Compose [matched transforms.Compose],True,neuroc_pygs/models/gaan.py:0 class GaAN [matched <class subclasses model base>],True,neuroc_pygs/sec4_time/epoch_utils.py:11 optimizer.zero_grad [matched optimizer.zero_grad],True,neuroc_pygs/utils/evaluator.py:14 sklearn.metrics.f1_score [matched f1_score],True,neuroc_pygs/sec4_time/epoch_utils.py:19 model.eval [matched model.eval],verified: all 6 stages present
https://github.com/kkrismer/seqgra,ok,True,6,0,1,seqgra\seqgra.py,fallback_console_script,87,685,4,0,0,True,seqgra/learner/learner.py:224 pd.read_csv [matched pd.read_csv],True,seqgra/evaluator/evaluator.py:440 df.groupby [matched df.groupby],True,seqgra/learner/tensorflow/kerashelper.py:66 tf.keras.Sequential [matched keras.Sequential],True,seqgra/learner/tensorflow/kerashelper.py:220 learner.model.fit [matched model.fit],True,seqgra/evaluator/prevaluator.py:57 sklearn.metrics.precision_recall_curve [matched precision_recall_curve],True,seqgra/learner/tensorflow/kerashelper.py:256 learner.model.predict [matched model.predict],verified: all 6 stages present
https://github.com/tangming2008/Project_ShortImmersive_Classification,ok,True,6,0,1,app\app.py,fallback_nested,1,1,0,0,0,True,app/app.py:37 pd.read_pickle [matched pd.read_pickle],True,app/app.py:48 sklearn.model_selection.train_test_split [matched train_test_split],True,app/app.py:52 sklearn.linear_model.LogisticRegression [matched LogisticRegression],True,app/app.py:53 model.fit [matched model.fit],True,app/app.py:78 sklearn.metrics.accuracy_score [matched accuracy_score],True,app/app.py:55 model.predict_proba [matched model.predict_proba],verified: all 6 stages present
https://github.com/slatex/stexls,ok,True,6,0,1,stexls\__main__.py,fallback_nested,48,652,4,0,0,True,stexls/trefier/models/seq2seq.py:276 zipfile.ZipFile [matched zipfile.ZipFile],True,stexls/trefier/models/seq2seq.py:59 sklearn.model_selection.train_test_split [matched train_test_split],True,stexls/trefier/models/seq2seq.py:0 class Seq2SeqModel [matched <class subclasses model base>],True,stexls/trefier/models/seq2seq.py:224 self.model.fit [matched model.fit],True,stexls/trefier/models/seq2seq.py:239 self.model.evaluate [matched model.evaluate],True,stexls/trefier/models/seq2seq.py:271 self.model.predict [matched model.predict],verified: all 6 stages present
https://github.com/zudi-lin/pytorch_connectomics,ok,True,6,6,4,scripts\main.py;connectomics\runtime\dispim_benchmark.py;tutorials\liconn_ingest\ingest.py;connectomics\runtime\snemi_benchmark.py,dockerfile,178,1627,7,0,6,True,connectomics/runtime/cache_resolver.py:152 def test_dataloader [matched <lightning hook test_dataloader>],True,connectomics/data/processing/build.py:213 monai.transforms.Compose [matched transforms.Compose],True,connectomics/training/lightning/model.py:0 class ConnectomicsModule [matched <class subclasses model base>],True,connectomics/runtime/dispatch.py:171 trainer.fit [matched trainer.fit],True,connectomics/runtime/dispatch.py:270 trainer.test [matched trainer.test],True,connectomics/runtime/dispatch.py:270 trainer.test [matched trainer.test],verified: all 6 stages present
https://github.com/usnistgov/alignn,ok,True,6,0,1,alignn\train.py,fallback_nested,11,87,2,0,0,True,alignn/train.py:776 pickle.load [matched pickle.load],True,alignn/data.py:302 sklearn.preprocessing.StandardScaler [matched StandardScaler],True,alignn/models/alignn_atomwise.py:0 class EdgeGatedGraphConv [matched <class subclasses model base>],True,alignn/train.py:207 nn.parallel.DistributedDataParallel [matched DistributedDataParallel],True,alignn/train.py:755 sklearn.metrics.roc_auc_score [matched roc_auc_score],True,alignn/train.py:730 torch.no_grad [matched torch.no_grad],verified: all 6 stages present
https://github.com/PaddlePaddle/PaddleClas,ok,True,6,0,1,tools\train.py,fallback_nested,199,2377,6,0,2,True,ppcls/utils/config.py:68 yaml.load [matched yaml.load],True,ppcls/metric/face_metrics.py:83 sklearn.model_selection.KFold [matched KFold],True,ppcls/arch/distill/afd_attention.py:24 paddle.nn.Linear [matched nn.Linear],True,ppcls/utils/amp.py:49 optimizer.step [matched optimizer.step],True,ppcls/utils/metrics.py:46 sklearn.metrics.hamming_loss [matched hamming_loss],True,ppcls/engine/engine.py:496 self.model.eval [matched model.eval],verified: all 6 stages present
https://github.com/handal95/hiper-analysis-network,ok,True,6,0,1,model\run.py,fallback_nested,16,46,3,0,0,True,model/data/prepare.py:12 def prepare_data [matched <lightning hook prepare_data>],True,model/feature/encoding.py:11 sklearn.preprocessing.StandardScaler [matched StandardScaler],True,model/model.py:33 sklearn.linear_model.Lasso [matched Lasso],True,model/model.py:92 model.fit [matched model.fit],True,model/model.py:117 sklearn.metrics.accuracy_score [matched accuracy_score],True,model/model.py:93 model.predict [matched model.predict],verified: all 6 stages present
https://github.com/ezeeEric/DiVAE,ok,True,6,0,1,scripts\run.py,fallback_nested,40,244,4,0,1,True,data/dataManager.py:110 np.load [matched np.load],True,data/mnist.py:42 torchvision.transforms.ToTensor [matched torchvision.transforms.*],True,scripts/run.py:109 hydra.utils.instantiate [matched hydra.utils.instantiate],True,scripts/run.py:50 wandb.init [matched wandb.init],True,engine/engine.py:80 wandb.log [matched wandb.log],True,engine/engine.py:90 torch.no_grad [matched torch.no_grad],verified: all 6 stages present
https://github.com/aprox13/ml,ok,True,6,0,1,ada\main.py,fallback_nested,3,39,1,0,0,True,ada/main.py:21 pd.read_csv [matched pd.read_csv],True,utils/data_set.py:49 sklearn.model_selection.train_test_split [matched train_test_split],True,ada/main.py:51 sklearn.tree.DecisionTreeClassifier [matched DecisionTreeClassifier],True,ada/main.py:126 clf.fit [matched clf.fit],True,ada/main.py:139 sklearn.metrics.accuracy_score [matched accuracy_score],True,ada/main.py:76 clf.predict [matched clf.predict],verified: all 6 stages present
https://github.com/samsledje/D-SCRIPT,ok,True,6,0,1,dscript\__main__.py,fallback_nested,24,120,3,0,0,True,dscript/commands/evaluate.py:192 json.load [matched json.load],True,dscript/commands/train.py:567 pd.concat [matched pd.concat],True,dscript/models/interaction.py:0 class LogisticActivation [matched <class subclasses model base>],True,dscript/commands/train.py:438 loss.backward [matched loss.backward],True,dscript/commands/evaluate.py:128 sklearn.metrics.precision_recall_curve [matched precision_recall_curve],True,dscript/commands/evaluate.py:231 model.eval [matched model.eval],verified: all 6 stages present
https://github.com/chemprop/chemprop,ok,True,6,1,1,chemprop\cli\main.py,fallback_console_script,68,556,4,0,0,True,chemprop/cli/predict.py:517 pd.read_csv [matched pd.read_csv],True,chemprop/cli/predict.py:445 np.nan_to_num [matched np.nan_to_num],True,chemprop/nn/transforms.py:0 class _ScaleTransformMixin [matched <class subclasses model base>],True,chemprop/cli/hpopt.py:434 trainer.fit [matched trainer.fit],True,chemprop/models/model.py:170 def validation_step [matched <lightning hook validation_step>],True,chemprop/cli/fingerprint.py:90 model.eval [matched model.eval],verified: all 6 stages present
https://github.com/ryh95/low_dim_numeracy,ok,True,6,0,1,axis_mag_exp\main.py,fallback_nested,7,27,3,0,0,True,axis_mag_exp/main.py:16 np.load [matched np.load],True,axis_mag_exp/main.py:22 sklearn.model_selection.train_test_split [matched train_test_split],True,axis_mag_exp/experiments.py:101 thundersvm.SVC [matched SVC],True,axis_mag_exp/experiments.py:135 model.fit [matched model.fit],True,axis_mag_exp/experiments.py:139 sklearn.metrics.mean_squared_error [matched mean_squared_error],True,axis_mag_exp/experiments.py:138 model.predict [matched model.predict],verified: all 6 stages present
https://github.com/wellcometrust/grants_tagger,ok,True,6,3,1,grants_tagger\__main__.py,fallback_nested,27,97,5,0,0,True,grants_tagger/preprocess_mesh.py:78 pd.read_csv [matched pd.read_csv],True,grants_tagger/predict.py:38 transformers.AutoTokenizer.from_pretrained [matched AutoTokenizer.from_pretrained],True,grants_tagger/predict.py:39 transformers.AutoModel.from_pretrained [matched AutoModel.from_pretrained],True,grants_tagger/pretrain.py:37 model.fit [matched model.fit],True,grants_tagger/evaluate_human.py:21 sklearn.metrics.f1_score [matched f1_score],True,grants_tagger/evaluate_mesh_on_grants.py:79 model.predict [matched model.predict],verified: all 6 stages present
https://github.com/winedarksea/AutoTS,ok,True,6,0,1,autots\mcp\server.py,fallback_console_script,113,2370,7,0,0,True,autots/mcp/data_utils.py:74 pd.read_csv [matched pd.read_csv],True,autots/mcp/data_utils.py:76 pd.to_datetime [matched pd.to_datetime],True,autots/evaluator/auto_ts.py:5145 sklearn.ensemble.ExtraTreesRegressor [matched ExtraTreesRegressor],True,autots/evaluator/auto_ts.py:2392 self.model.fit [matched model.fit],True,autots/tools/mlflow.py:143 mlflow.log_metric [matched mlflow.log_metric],True,autots/evaluator/auto_ts.py:2395 self.model.predict [matched model.predict],verified: all 6 stages present
https://github.com/apollomok/allennlp,ok,True,6,2,1,allennlp\run.py,fallback_nested,380,2161,8,0,3,True,allennlp/commands/elmo.py:345 h5py.File [matched h5py.File],True,allennlp/common/util.py:289 spacy.load [matched spacy.load],True,allennlp/nn/util.py:1410 nn.ModuleList [matched nn.ModuleList],True,allennlp/commands/fine_tune.py:318 trainer.train [matched trainer.train],True,allennlp/training/metrics/auc.py:73 sklearn.metrics.roc_curve [matched roc_curve],True,allennlp/commands/elmo.py:389 torch.no_grad [matched torch.no_grad],verified: all 6 stages present
https://github.com/cutright/DVH-Analytics,ok,True,6,0,1,dvha\main.py,fallback_nested,42,1732,3,0,0,True,dvha/db/sql_connector.py:65 sqlite3.connect [matched sqlite3.connect],True,dvha/models/machine_learning.py:1344 sklearn.model_selection.train_test_split [matched train_test_split],True,dvha/tools/stats.py:752 sklearn.linear_model.LinearRegression [matched LinearRegression],True,dvha/models/machine_learning.py:1363 self.model.fit [matched model.fit],True,dvha/models/plot.py:3165 sklearn.metrics.mean_squared_error [matched mean_squared_error],True,dvha/models/machine_learning.py:1372 self.model.predict [matched model.predict],verified: all 6 stages present
https://github.com/esteinig/achilles,ok,True,6,1,1,achilles\terminal\client.py,fallback_console_script,28,127,4,0,0,True,achilles/terminal/utils.py:111 json.load [matched json.load],True,achilles/dataset.py:347 sklearn.model_selection.train_test_split [matched train_test_split],True,achilles/model.py:45 keras.layers.Input [matched keras.layers.*],True,achilles/model.py:186 self.model.fit [matched model.fit],True,achilles/experiment.py:362 sklearn.metrics.confusion_matrix [matched confusion_matrix],True,achilles/model.py:250 self.model.predict [matched model.predict],verified: all 6 stages present
https://github.com/Merck/deepbgc,ok,True,6,0,1,deepbgc\main.py,fallback_nested,31,196,3,0,0,True,deepbgc/util.py:425 urllib.request.urlretrieve [matched urllib.request.urlretrieve],True,deepbgc/util.py:557 pd.concat [matched pd.concat],True,deepbgc/models/wrapper.py:0 class SequenceModelWrapper [matched <class subclasses model base>],True,deepbgc/models/wrapper.py:69 self.model.fit [matched model.fit],True,deepbgc/output/evaluation/pr_plot.py:29 sklearn.metrics.precision_recall_curve [matched precision_recall_curve],True,deepbgc/pipeline/detector.py:63 self.model.predict [matched model.predict],verified: all 6 stages present
https://github.com/newsgac/platform,ok,True,6,3,1,newsgac\app.py,fallback_nested,67,217,5,0,0,True,newsgac/data_sources/parsers/csv.py:12 pd.read_csv [matched pd.read_csv],True,newsgac/pipelines/views.py:131 newsgac.pipelines.models.Pipeline [matched Pipeline],True,newsgac/learners/models/nb.py:17 sklearn.naive_bayes.MultinomialNB [matched MultinomialNB],True,newsgac/pipelines/grid_search.py:108 sklearn.model_selection.GridSearchCV [matched GridSearchCV],True,newsgac/pipelines/models.py:47 sklearn.metrics.confusion_matrix [matched confusion_matrix],True,newsgac/app.py:25 flask.Flask [matched Flask],verified: all 6 stages present
https://github.com/rmill040/citrees,ok,True,6,1,1,paper\benchmark\api\worker.py,dockerfile,32,624,5,0,0,True,paper/benchmark/adapters/store.py:97 boto3.client [matched boto3.client],True,paper/benchmark/pipeline/validation.py:576 pd.to_numeric [matched pd.to_numeric],True,paper/benchmark/pipeline/stage2.py:79 sklearn.linear_model.LogisticRegression [matched LogisticRegression],True,paper/benchmark/pipeline/stage1.py:281 model.fit [matched model.fit],True,paper/benchmark/pipeline/stage2.py:128 sklearn.metrics.roc_auc_score [matched roc_auc_score],True,paper/benchmark/pipeline/stage2.py:250 model.predict [matched model.predict],verified: all 6 stages present
https://github.com/ScottfreeLLC/AlphaPy,ok,True,6,0,1,alphapy\__main__.py,fallback_nested,13,116,3,0,3,True,alphapy/data.py:429 requests.get [matched requests.get],True,alphapy/__main__.py:145 sklearn.model_selection.train_test_split [matched train_test_split],True,alphapy/__main__.py:503 alphapy.model.Model [matched Model],True,alphapy/model.py:977 clf.fit [matched clf.fit],True,alphapy/model.py:690 sklearn.model_selection.cross_val_score [matched cross_val_score],True,alphapy/model.py:979 clf.predict [matched clf.predict],verified: all 6 stages present
