repo,status,verified,stages_present,dockerfiles_found,entry_points_resolved,entry_files,reachable_files,total_functions,max_depth,parse_errors,dynamic_imports,data_acquisition,data_acquisition_evidence,data_preparation,data_preparation_evidence,modeling,modeling_evidence,training,training_evidence,evaluation,evaluation_evidence,inference,inference_evidence,detail,scan_source,pass2_status,entry_route,pass1_status
https://github.com/glev1/credit-service,ok,True,6,0,1,app.py,5,13,2,0,0,True,src\utils\config.py:27 json.load [matched json.load],True,src\main\mlib.py:46 sklearn.pipeline.Pipeline [matched sklearn.pipeline.Pipeline],True,src\main\mlib.py:75 xgb.XGBClassifier [matched XGBClassifier],True,src\main\mlib.py:84 model.fit [matched model.fit],True,src\main\mlib.py:87 sklearn.metrics.roc_auc_score [matched roc_auc_score],True,app.py:8 flask.Flask [matched Flask],verified: all 6 stages present,_archive,,fallback_root,
https://github.com/zhouqibing0000m/saif-mahmudd,ok,True,6,0,1,main.py,23,69,4,0,0,True,main.py:24 yaml.load [matched yaml.load],True,preprocess\uschad\data_loader.py:14 df.apply [matched df.apply],True,model\har_model.py:10 tf.keras.layers.Input [matched tf.keras.layers.*],True,utils\train.py:34 model.fit [matched model.fit],True,utils\result.py:16 sklearn.metrics.classification_report [matched classification_report],True,utils\test.py:18 model.predict [matched model.predict],verified: all 6 stages present,_archive,,fallback_root,
https://github.com/hagairavid18/OCT_project,ok,True,6,0,1,train.py,7,40,1,0,0,True,train.py:120 torch.utils.data.DataLoader [matched DataLoader],True,data.py:13 torchvision.transforms.Compose [matched torchvision.transforms.*],True,train.py:63 timm.create_model [matched timm.create_model],True,train.py:24 wandb.init [matched wandb.init],True,train.py:103 wandb.log [matched wandb.log],True,model_running.py:67 torch.no_grad [matched torch.no_grad],verified: all 6 stages present,_archive,,fallback_root,
https://github.com/ChristianDjurhuus/mlops_g27,ok,True,6,3,1,src\models\predict_model.py,3,16,1,0,0,True,src\data\load_data.py:58 def prepare_data [matched <lightning hook prepare_data>],True,src\data\load_data.py:26 transformers.AutoTokenizer.from_pretrained [matched AutoTokenizer.from_pretrained],True,src\models\model.py:0 class ImdbTransformer [matched <class subclasses model base>],True,src\models\predict_model.py:10 hydra.main [matched hydra.main],True,src\models\model.py:43 def validation_step [matched <lightning hook validation_step>],True,src\models\predict_model.py:39 model.eval [matched model.eval],verified: all 6 stages present,_archive,,dockerfile?,
https://github.com/songwan/HTPPs,ok,True,6,0,1,app.py,10,36,3,0,0,True,utils\ui.py:25 pd.read_csv [matched pd.read_csv],True,app.py:229 pd.concat [matched pd.concat],True,models\Regression.py:9 sklearn.linear_model.LinearRegression [matched LinearRegression],True,utils\functions.py:234 model.fit [matched model.fit],True,utils\functions.py:96 sklearn.metrics.confusion_matrix [matched confusion_matrix],True,app.py:87 st.write [matched st.write],verified: all 6 stages present,_archive,,fallback_root,
https://github.com/neuromodulation/py_neuromodulation,ok,True,6,0,1,py_neuromodulation\run_gui.py,51,401,5,0,2,True,py_neuromodulation/stream/settings.py:281 json.load [matched json.load],True,py_neuromodulation/stream/data_processor.py:255 np.nan_to_num [matched np.nan_to_num],True,py_neuromodulation/analysis/decode.py:121 sklearn.linear_model.LinearRegression [matched LinearRegression],True,py_neuromodulation/analysis/decode.py:563 model.fit [matched model.fit],True,py_neuromodulation/analysis/decode.py:462 sklearn.metrics.confusion_matrix [matched confusion_matrix],True,py_neuromodulation/analysis/decode.py:52 self.model.predict_proba [matched model.predict_proba],verified: all 6 stages present,pass2,,fallback_console_script,no_dockerfile
https://github.com/hailuteju/deploying-ml-model,ok,True,6,0,1,main.py,5,16,2,0,0,True,main.py:73 pickle.load [matched pickle.load],True,starter\model_slice.py:23 sklearn.model_selection.train_test_split [matched train_test_split],True,starter\ml\model.py:25 sklearn.ensemble.AdaBoostClassifier [matched AdaBoostClassifier],True,starter\ml\model.py:45 clf.fit [matched clf.fit],True,starter\ml\model.py:69 sklearn.metrics.fbeta_score [matched fbeta_score],True,main.py:61 fastapi.FastAPI [matched FastAPI],verified: all 6 stages present,_archive,,fallback_root,
https://github.com/keyjhk/ABSA,ok,True,6,0,1,train.py,8,105,3,0,0,True,train.py:148 torch.utils.data.DataLoader [matched DataLoader],True,data_utils.py:146 Tokenizer [matched Tokenizer],True,models\cvt_model.py:0 class CVTModel [matched <class subclasses model base>],True,train.py:417 self.optimizer.zero_grad [matched optimizer.zero_grad],True,train.py:227 sklearn.metrics.f1_score [matched f1_score],True,train.py:205 self.model.eval [matched model.eval],verified: all 6 stages present,_archive,,fallback_root,
https://github.com/vita-epfl/looking,ok,True,6,0,1,train.py,5,114,3,0,0,True,utils\trainer.py:372 DataLoader [matched DataLoader],True,utils\trainer.py:67 transforms.Compose [matched transforms.Compose],True,utils\network.py:0 class Binarize [matched <class subclasses model base>],True,train.py:19 trainer.train [matched trainer.train],True,utils\dataset.py:233 average_precision_score [matched average_precision_score],True,utils\trainer.py:310 self.model.eval [matched model.eval],verified: all 6 stages present,_archive,,fallback_root,
https://github.com/Youcef9797/CNN,ok,True,6,1,1,main.py,5,80,2,0,0,True,main.py:379 torch.utils.data.DataLoader [matched DataLoader],True,main.py:346 sklearn.model_selection.preprocessing.StandardScaler [matched StandardScaler],True,main.py:326 sklearn.model_selection.svm.SVC [matched SVC],True,main.py:327 sklearn.model_selection.model_selection.GridSearchCV [matched GridSearchCV],True,utils.py:353 sklearn.metrics.confusion_matrix [matched confusion_matrix],True,main.py:332 clf.predict [matched clf.predict],verified: all 6 stages present,_archive,,dockerfile?,
https://github.com/timfronteau/SAMproject,ok,True,6,0,1,main.py,13,65,3,0,0,True,utils.py:60 np.load [matched np.load],True,dataReader.py:16 sklearn.preprocessing.LabelEncoder [matched LabelEncoder],True,imageModel.py:0 class ImageModel [matched <class subclasses model base>],True,main.py:47 model.fit [matched model.fit],True,main.py:49 model.evaluate [matched model.evaluate],True,model.py:42 self.model.predict [matched model.predict],verified: all 6 stages present,_archive,,fallback_root,
https://github.com/Supreeth-Shetty/Projectathon---Simplified-AI,ok,True,6,0,1,app.py,29,261,2,0,0,True,app.py:228 pd.read_csv [matched pd.read_csv],True,app.py:1113 df.groupby [matched df.groupby],True,src\routes\routes_training.py:653 nn.Linear [matched nn.Linear],True,src\routes\routes_training.py:799 optimizer.zero_grad [matched optimizer.zero_grad],True,src\routes\routes_training.py:244 sklearn.metrics.r2_score [matched r2_score],True,app.py:71 flask.Flask [matched Flask],verified: all 6 stages present,_archive,,fallback_root,
https://github.com/jbdel/vilmedic,ok,True,6,0,1,bin\train.py,73,457,7,0,4,True,vilmedic/executors/utils.py:192 torch.utils.data.DataLoader [matched DataLoader],True,vilmedic/blocks/scorers/post_processing.py:46 torchvision.transforms.ToPILImage [matched torchvision.transforms.*],True,vilmedic/models/mvqa/MVQA.py:0 class MVQA [matched <class subclasses model base>],True,vilmedic/executors/trainor.py:111 self.optimizer.zero_grad [matched optimizer.zero_grad],True,vilmedic/blocks/scorers/scores.py:100 Rouge [matched Rouge],True,vilmedic/executors/trainor_accelerate.py:185 self.model.eval [matched model.eval],verified: all 6 stages present,pass2,,fallback_nested,no_dockerfile
https://github.com/uoo723/PMGT,ok,True,6,1,1,main.py,23,195,5,0,0,True,hp_tuning.py:27 json.load [matched json.load],True,pmgt\ncf\trainer.py:49 sklearn.model_selection.train_test_split [matched train_test_split],True,pmgt\base_trainer.py:0 class BaseTrainerModel [matched <class subclasses model base>],True,train.py:328 pmgt.dcn.trainer.train [matched trainer.train],True,train.py:339 pmgt.dcn.trainer.test [matched trainer.test],True,pmgt\base_trainer.py:366 trainer.test [matched trainer.test],verified: all 6 stages present,_archive,,dockerfile?,
https://github.com/ankitsharma6652/Scania-Truck-Failures,ok,True,6,0,1,app.py,12,79,2,0,0,True,src\utils\email_sender\email_sender.py:29 requests.get [matched requests.get],True,src\training\stage_02_data_preprocessing.py:54 sklearn.preprocessing.Normalizer [matched Normalizer],True,src\training\stage_03_model_training.py:29 sklearn.ensemble.RandomForestClassifier [matched RandomForestClassifier],True,src\training\stage_03_model_training.py:85 sklearn.model_selection.GridSearchCV [matched GridSearchCV],True,src\training\stage_03_model_training.py:191 sklearn.metrics.confusion_matrix [matched confusion_matrix],True,app.py:30 flask.Flask [matched Flask],verified: all 6 stages present,_archive,,fallback_root,
https://github.com/cstenkamp/derive_conceptualspaces,ok,True,6,2,1,derive_conceptualspace\__main__.py,38,323,4,0,0,True,misc_util/telegram_notifier.py:15 requests.get [matched requests.get],True,derive_conceptualspace/util/desc_object.py:280 sklearn.pipeline.Pipeline [matched sklearn.pipeline.Pipeline],True,derive_conceptualspace/semantic_directions/create_candidate_svm.py:225 sklearn.svm.svm.LinearSVC [matched LinearSVC],True,derive_conceptualspace/evaluate/shallow_trees.py:181 clf.fit [matched clf.fit],True,derive_conceptualspace/semantic_directions/create_candidate_svm.py:37 sklearn.metrics.cohen_kappa_score [matched cohen_kappa_score],True,derive_conceptualspace/evaluate/shallow_trees.py:183 clf.predict [matched clf.predict],verified: all 6 stages present,pass2,,fallback_nested,no_entry
https://github.com/vcsrot/Project03_MLOps,ok,True,6,0,1,main.py,4,10,2,0,0,True,starter\train_model.py:15 pd.read_csv [matched pd.read_csv],True,starter\train_model.py:18 sklearn.model_selection.train_test_split [matched train_test_split],True,starter\ml\model.py:22 sklearn.ensemble.RandomForestClassifier [matched RandomForestClassifier],True,starter\ml\model.py:24 clf.fit [matched clf.fit],True,starter\ml\model.py:44 sklearn.metrics.fbeta_score [matched fbeta_score],True,main.py:8 fastapi.FastAPI [matched FastAPI],verified: all 6 stages present,_archive,,fallback_root,
https://github.com/davidtangGT/ALIGNN,ok,True,6,0,1,alignn\train.py,14,84,2,0,0,True,alignn/train.py:82 pickle.load [matched pickle.load],True,alignn/data.py:390 sklearn.preprocessing.StandardScaler [matched StandardScaler],True,alignn/models/alignn.py:0 class EdgeGatedGraphConv [matched <class subclasses model base>],True,alignn/train.py:273 nn.parallel.DistributedDataParallel [matched DistributedDataParallel],True,alignn/train.py:343 ignite.metrics.Accuracy [matched Accuracy],True,alignn/train.py:519 torch.no_grad [matched torch.no_grad],verified: all 6 stages present,pass2,,fallback_nested,no_dockerfile
https://github.com/jasma-balasangameshwara/Publish-an-ML-on-Heroku-with-FastAPI,ok,True,6,0,1,main.py,3,9,2,0,0,True,starter\train_model.py:17 pd.read_csv [matched pd.read_csv],True,starter\train_model.py:18 sklearn.model_selection.train_test_split [matched train_test_split],True,starter\train_model.py:111 sklearn.ensemble.RandomForestClassifier [matched RandomForestClassifier],True,starter\train_model.py:113 model.fit [matched model.fit],True,starter\train_model.py:141 sklearn.metrics.fbeta_score [matched fbeta_score],True,main.py:13 fastapi.FastAPI [matched FastAPI],verified: all 6 stages present,_archive,,fallback_root,
https://github.com/CS-433/ml-project-2-abs,ok,True,6,0,1,main.py,4,32,1,0,0,True,main.py:69 torch.utils.data.DataLoader [matched DataLoader],True,dataset.py:59 torchvision.transforms.functional.resize [matched torchvision.transforms.*],True,model.py:0 class UNet [matched <class subclasses model base>],True,main.py:132 optimizer.zero_grad [matched optimizer.zero_grad],True,utils.py:140 sklearn.metrics.f1_score [matched f1_score],True,main.py:165 model.eval [matched model.eval],verified: all 6 stages present,_archive,,fallback_root,
https://github.com/boostcampaitech2/final-project-level3-nlp-12,ok,True,6,0,1,train.py,20,123,3,0,0,True,data_loader\data_loaders.py:81 datasets.load_dataset [matched datasets.load_dataset],True,train.py:42 transformers.AutoTokenizer.from_pretrained [matched AutoTokenizer.from_pretrained],True,model\model.py:0 class BeepKcElectraResMLayer [matched <class subclasses model base>],True,train.py:38 wandb.init [matched wandb.init],True,model\metric.py:33 sklearn.metrics.f1_score [matched f1_score],True,model\metric.py:13 torch.no_grad [matched torch.no_grad],verified: all 6 stages present,_archive,,fallback_root,
https://github.com/lowe-lab-ucl/cellx-predict,ok,True,6,1,1,cellxpredict\train.py,7,32,2,0,0,True,cellxpredict/models.py:141 np.load [matched np.load],True,cellxpredict/train.py:98 sklearn.decomposition.PCA [matched PCA],True,cellxpredict/models.py:154 tf.keras.layers.Input [matched tf.keras.layers.*],True,cellxpredict/train.py:59 model.fit [matched model.fit],True,cellxpredict/models.py:163 tf.keras.metrics.SparseCategoricalAccuracy [matched tf.keras.metrics.*],True,cellxpredict/train.py:92 model.predict [matched model.predict],verified: all 6 stages present,pass2,,fallback_nested,no_entry
https://github.com/btmartin721/PG-SUI,ok,True,6,1,1,pgsui\cli.py,32,438,4,0,0,True,pgsui/cli.py:184 json.load [matched json.load],True,pgsui/impute/deterministic/imputers/mode.py:531 df.astype [matched df.astype],True,pgsui/impute/supervised/imputers/hist_gradient_boosting.py:238 self.Model [matched Model],True,pgsui/cli.py:658 model.fit [matched model.fit],True,pgsui/impute/deterministic/imputers/mode.py:742 sklearn.metrics.classification_report [matched classification_report],True,pgsui/impute/unsupervised/imputers/autoencoder.py:1333 model.eval [matched model.eval],verified: all 6 stages present,pass2,,fallback_console_script,no_entry
https://github.com/leouchoa/deploy_bureau_census_classifier_with_fastAPI,ok,True,6,0,1,app.py,8,16,2,0,0,True,modeling_pipeline\ml\evaluate_model.py:71 pickle.load [matched pickle.load],True,modeling_pipeline\ml\data.py:76 sklearn.preprocessing.OneHotEncoder [matched OneHotEncoder],True,modeling_pipeline\ml\model.py:29 sklearn.ensemble.RandomForestClassifier [matched RandomForestClassifier],True,modeling_pipeline\ml\model.py:30 clf.fit [matched clf.fit],True,modeling_pipeline\ml\evaluate_model.py:35 sklearn.metrics.fbeta_score [matched fbeta_score],True,app.py:30 fastapi.FastAPI [matched FastAPI],verified: all 6 stages present,_archive,,fallback_root,
https://github.com/rgwoodiii/heroku_api,ok,True,6,0,1,main.py,2,7,1,0,0,True,main.py:77 pd.read_csv [matched pd.read_csv],True,starter\model_building\training.py:35 pd.get_dummies [matched pd.get_dummies],True,starter\model_building\training.py:40 sklearn.ensemble.RandomForestClassifier [matched RandomForestClassifier],True,starter\model_building\training.py:42 model.fit [matched model.fit],True,starter\model_building\training.py:126 sklearn.metrics.fbeta_score [matched fbeta_score],True,main.py:15 fastapi.FastAPI [matched FastAPI],verified: all 6 stages present,_archive,,fallback_root,
https://github.com/xudallas/Water-Consumption-Projection,ok,True,6,0,1,src\train.py,9,81,2,0,0,True,src/train.py:36 pd.read_csv [matched pd.read_csv],True,src/train.py:40 pd.to_datetime [matched pd.to_datetime],True,src/models/prophet.py:39 fbprophet.Prophet [matched Prophet],True,src/train.py:81 model.fit [matched model.fit],True,src/train.py:88 model.evaluate [matched model.evaluate],True,src/models/prophet.py:69 self.model.predict [matched model.predict],verified: all 6 stages present,pass2,,fallback_nested,no_dockerfile
https://github.com/KasperSkytte/ASMC-prediction,ok,True,6,1,1,main.py,10,79,2,0,0,True,main.py:648 json.load [matched json.load],True,main.py:200 sklearn.preprocessing.StandardScaler [matched StandardScaler],True,main.py:0 class nconv [matched <class subclasses model base>],True,idec\IDEC.py:109 kmeans.fit_predict [matched .fit_predict],True,main.py:469 sklearn.metrics.r2_score [matched r2_score],True,main.py:468 model.predict [matched model.predict],verified: all 6 stages present,_archive,,dockerfile?,
https://github.com/kaist-dmlab/Time-CAD,ok,True,6,0,1,main.py,10,79,3,0,0,True,utils\data_loader.py:147 pd.read_csv [matched pd.read_csv],True,utils\data_loader.py:64 pd.get_dummies [matched pd.get_dummies],True,model.py:0 class VAE [matched <class subclasses model base>],True,model.py:27 model.fit [matched model.fit],True,train.py:153 utils.evaluator_seg.compute_metrics [matched compute_metrics],True,train.py:51 model.predict [matched model.predict],verified: all 6 stages present,_archive,,fallback_root,
https://github.com/LemengDai/Final_Project,ok,True,6,0,1,main.py,5,35,2,0,0,True,visualization.py:20 urllib.request.urlopen [matched urllib.request.urlopen],True,prediction.py:37 sklearn.model_selection.train_test_split [matched train_test_split],True,prediction.py:40 sklearn.tree.DecisionTreeRegressor [matched DecisionTreeRegressor],True,prediction.py:42 model.fit [matched model.fit],True,prediction.py:44 sklearn.metrics.mean_squared_error [matched mean_squared_error],True,prediction.py:43 model.predict [matched model.predict],verified: all 6 stages present,_archive,,fallback_root,
https://github.com/jhammarstedt/SLN-on-Sound,ok,True,6,0,1,train.py,15,91,3,0,0,True,training_helpers.py:42 torch.utils.data.DataLoader [matched DataLoader],True,data.py:22 torchvision.transforms.Compose [matched torchvision.transforms.*],True,network.py:0 class wide_block [matched <class subclasses model base>],True,training_loops.py:27 optimizer.zero_grad [matched optimizer.zero_grad],True,train.py:82 test_step [matched test_step],True,training_helpers.py:120 torch.no_grad [matched torch.no_grad],verified: all 6 stages present,_archive,,fallback_root,
https://github.com/zhaoyanpeng/vipant,ok,True,6,1,1,train.py,51,510,7,0,0,True,cvap\monitor\cvalp.py:71 json.load [matched json.load],True,clip\clip.py:61 torchvision.transforms.Compose [matched torchvision.transforms.*],True,cvap\module\__init__.py:0 class DummyHead [matched <class subclasses model base>],True,train.py:66 hydra.main [matched hydra.main],True,cvap\module\decoder\loss_more.py:96 sklearn.metrics.average_precision_score [matched average_precision_score],True,cvap\monitor\audioset_clf.py:154 torch.no_grad [matched torch.no_grad],verified: all 6 stages present,_archive,,dockerfile?,
https://github.com/happyfuntimegroup/machinelearning,ok,True,6,0,1,main.py,23,32,2,0,0,True,main.py:56 pd.read_json [matched pd.read_json],True,main.py:110 pd.get_dummies [matched pd.get_dummies],True,CODE\models\regression.py:16 sklearn.linear_model.LinearRegression [matched LinearRegression],True,main.py:351 model.fit [matched model.fit],True,CODE\models\regression.py:19 sklearn.metrics.r2_score [matched r2_score],True,main.py:363 model.predict [matched model.predict],verified: all 6 stages present,_archive,,fallback_root,
https://github.com/A-F-V/XAI-Cancer-Diagnosis,ok,True,6,0,1,train.py,41,290,6,0,0,True,src\deep_learning\trainers\gnn_trainer.py:71 torch_geometric.loader.dataloader.DataLoader [matched DataLoader],True,src\deep_learning\trainers\gnn_trainer.py:33 torch_geometric.transforms.Compose [matched transforms.Compose],True,src\transforms\image_processing\augmentation.py:0 class Normalize [matched <class subclasses model base>],True,train.py:79 trainer.train [matched trainer.train],True,src\deep_learning\trainers\gnn_trainer.py:272 cross_validate [matched cross_validate],True,src\transforms\cell_segmentation\hovernet_post_processing.py:133 model.eval [matched model.eval],verified: all 6 stages present,_archive,,fallback_root,
https://github.com/caillonantoine/RAVE,ok,True,6,0,1,scripts\train.py,10,238,2,0,0,True,scripts/train.py:177 torch.utils.data.DataLoader [matched DataLoader],True,rave/dataset.py:252 transforms.Compose [matched transforms.Compose],True,rave/core.py:0 class MelScale [matched <class subclasses model base>],True,scripts/train.py:268 trainer.fit [matched trainer.fit],True,rave/model.py:426 def validation_step [matched <lightning hook validation_step>],True,rave/core.py:183 model.eval [matched model.eval],verified: all 6 stages present,pass2,,fallback_nested,no_dockerfile
https://github.com/thunlp/BERT-KPE,ok,True,6,0,1,scripts\train.py,63,1000,5,0,0,True,scripts/train.py:171 torch.utils.data.DataLoader [matched DataLoader],True,bertkpe/transformers/tokenization_auto.py:107 tokenization_roberta.RobertaTokenizer.from_pretrained [matched RobertaTokenizer.from_pretrained],True,bertkpe/transformers/modeling_utils.py:0 class PreTrainedModel [matched <class subclasses model base>],True,scripts/train.py:267 tensorboardX.SummaryWriter [matched SummaryWriter],True,scripts/train.py:63 writer.add_scalar [matched writer.add_scalar],True,bertkpe/transformers/modeling_utils.py:465 model.eval [matched model.eval],verified: all 6 stages present,pass2,,fallback_nested,no_dockerfile
https://github.com/Larkinnjm1/GLCM_svm_model,ok,True,6,0,1,train.py,4,41,1,0,0,True,train.py:218 np.load [matched np.load],True,train.py:273 imblearn.combine.SMOTETomek [matched SMOTETomek],True,train.py:327 sklearn.ensemble.RandomForestClassifier [matched RandomForestClassifier],True,train.py:328 model.fit [matched model.fit],True,train.py:343 sklearn.metrics.precision_score [matched precision_score],True,train.py:342 model.predict [matched model.predict],verified: all 6 stages present,_archive,,fallback_root,
https://github.com/mandiehyewon/goodviews_ecg,ok,True,6,0,1,train.py,16,82,5,0,0,True,config.py:71 yaml.safe_load [matched yaml.safe_load],True,data\data.py:34 pd.cut [matched pd.cut],True,train.py:28 nn.Linear [matched nn.Linear],True,train.py:55 optimizer.zero_grad [matched optimizer.zero_grad],True,train.py:139 sklearn.metrics.roc_auc_score [matched roc_auc_score],True,train.py:74 model.eval [matched model.eval],verified: all 6 stages present,_archive,,fallback_root,
https://github.com/spyroot/shapenet,ok,True,6,0,1,main.py,24,277,3,0,0,True,main.py:153 torch.utils.data.DataLoader [matched DataLoader],True,shapegnet\rnn_generator.py:554 torchvision.transforms.ToTensor [matched torchvision.transforms.*],True,shapegnet\models\GraphGru.py:0 class GraphGRU [matched <class subclasses model base>],True,main.py:436 trainer.train [matched trainer.train],True,shapegnet\model_config.py:804 self.writer.add_scalar [matched writer.add_scalar],True,shapegnet\models\NetGanModified.py:84 torch.no_grad [matched torch.no_grad],verified: all 6 stages present,_archive,,fallback_root,
https://github.com/Arzik1987/prelim,ok,True,6,0,1,experiments\run.py,19,136,3,0,3,True,experiments/data/loader.py:16 pd.read_csv [matched pd.read_csv],True,experiments/data/preparation.py:25 sklearn.preprocessing.StandardScaler [matched StandardScaler],True,experiments/evaluation/baselines.py:63 sklearn.tree.DecisionTreeClassifier [matched DecisionTreeClassifier],True,experiments/evaluation/baselines.py:61 sklearn.model_selection.GridSearchCV [matched GridSearchCV],True,experiments/evaluation/baselines.py:76 sklearn.metrics.balanced_accuracy_score [matched balanced_accuracy_score],True,experiments/evaluation/strategies.py:49 model.predict [matched model.predict],verified: all 6 stages present,pass2,,fallback_nested,no_dockerfile
https://github.com/Ascensiony/nlp-gpu,ok,True,6,0,1,bin\train.py,20,53,7,0,0,True,model/executors/utils.py:101 torch.utils.data.DataLoader [matched DataLoader],True,model/datasets/base/TextDataset.py:33 transformers.AutoTokenizer.from_pretrained [matched AutoTokenizer.from_pretrained],True,model/networks/models/rrs/SumHugMono.py:0 class SumHugMono [matched <class subclasses model base>],True,model/executors/trainor.py:83 loss.backward [matched loss.backward],True,model/scorers/scores.py:49 sklearn.metrics.classification_report [matched classification_report],True,model/executors/validator.py:45 torch.no_grad [matched torch.no_grad],verified: all 6 stages present,pass2,,fallback_nested,no_dockerfile
https://github.com/PanyiDong/My_AutoML,ok,True,6,1,1,main.py,78,778,12,0,0,True,InsurAutoML\base.py:213 pd.read_csv [matched pd.read_csv],True,main.py:276 InsurAutoML.train_test_split [matched train_test_split],True,InsurAutoML\utils\eda.py:181 sklearn.linear_model.LinearRegression [matched LinearRegression],True,main.py:315 model.fit [matched model.fit],True,InsurAutoML\utils\stats.py:350 sklearn.metrics.r2_score [matched r2_score],True,main.py:323 model.predict [matched model.predict],verified: all 6 stages present,_archive,,dockerfile?,
https://github.com/ITU-AI-ML-in-5G-Challenge/fedipc-spatial-reuse,ok,True,6,0,1,main.py,25,111,3,0,0,True,mapper.py:67 torch.utils.data.DataLoader [matched DataLoader],True,dataset.py:184 sklearn.model_selection.train_test_split [matched train_test_split],True,nn_models\mlp.py:0 class MLP [matched <class subclasses model base>],True,main.py:33 trainer.train [matched trainer.train],True,evaluator.py:40 sklearn.metrics.mean_squared_error [matched mean_squared_error],True,main.py:48 trainer.predict [matched trainer.predict],verified: all 6 stages present,_archive,,fallback_root,
https://github.com/Michaeljurado24/Scrape-and-Classify,ok,True,6,0,1,app\app.py,4,27,2,0,0,True,app/app.py:63 PIL.Image.open [matched Image.open],True,transfer_learning.py:57 sklearn.model_selection.model_selection.train_test_split [matched train_test_split],True,utils/keras_vis_helper.py:35 tf.keras.Sequential [matched keras.Sequential],True,transfer_learning.py:190 model.fit [matched model.fit],True,transfer_learning.py:192 model.evaluate [matched model.evaluate],True,app/app.py:43 flask.Flask [matched Flask],verified: all 6 stages present,pass2,,fallback_nested,no_dockerfile
https://github.com/francescoignaziore/Sentiment_Analysis_Classification,ok,True,6,0,1,classifier\main.py,29,180,3,0,0,True,classifier/pipeline.py:998 np.load [matched np.load],True,classifier/pipeline.py:884 sklearn.model_selection.KFold [matched KFold],True,BERT_NN.py:135 tf.keras.layers.Input [matched tf.keras.layers.*],True,classifier/vanilla_NN.py:64 self.model.fit [matched model.fit],True,classifier/vanilla_NN.py:79 self.model.evaluate [matched model.evaluate],True,classifier/pipeline.py:844 model.model.predict [matched model.predict],verified: all 6 stages present,pass2,,fallback_nested,no_dockerfile
https://github.com/kolxy/cyber-security-analysis,ok,True,6,0,1,main.py,4,32,2,0,0,True,util.py:102 pd.read_hdf [matched pd.read_hdf],True,util.py:120 df.dropna [matched df.dropna],True,util.py:283 sklearn.ensemble.RandomForestClassifier [matched RandomForestClassifier],True,util.py:284 clf.fit [matched clf.fit],True,util.py:318 sklearn.metrics.confusion_matrix [matched confusion_matrix],True,util.py:315 clf.predict [matched clf.predict],verified: all 6 stages present,_archive,,fallback_root,
https://github.com/Shaza-Is/Re-IDOL,ok,True,6,1,1,main.py,14,42,3,0,0,True,app\utils\initializers.py:55 pd.read_feather [matched pd.read_feather],True,app\utils\initializers.py:65 pd.concat [matched pd.concat],True,app\nn_models\nn_orient.py:27 tf.keras.layers.Concatenate [matched tf.keras.layers.*],True,app\services\orient_trainer.py:171 self.model.fit [matched model.fit],True,app\services\orient_trainer.py:210 self.model.evaluate [matched model.evaluate],True,app\api\command.py:90 trainer.predict [matched trainer.predict],verified: all 6 stages present,_archive,,dockerfile?,
https://github.com/ptigas/geoeffectivenet,ok,True,6,0,1,train.py,10,74,3,0,0,True,train.py:70 pickle.load [matched pickle.load],True,utils\data_utils.py:46 pd.concat [matched pd.concat],True,models\geoeffectivenet.py:50 nn.GRU [matched nn.GRU],True,train.py:114 trainer.fit [matched trainer.fit],True,models\base.py:120 def validation_step [matched <lightning hook validation_step>],True,models\geoeffectivenet.py:153 torch.no_grad [matched torch.no_grad],verified: all 6 stages present,_archive,,fallback_root,
https://github.com/nadyashanarova/about_mne,ok,True,6,0,1,mne\__main__.py,245,3732,8,0,8,True,mne/bem.py:1190 nibabel.load [matched nibabel.load],True,mne/annotations.py:934 pd.to_datetime [matched pd.to_datetime],True,mne/cov.py:0 class _RegCovariance [matched <class subclasses model base>],True,mne/cov.py:1112 sklearn.model_selection.GridSearchCV [matched GridSearchCV],True,mne/cov.py:1184 sklearn.model_selection.cross_val_score [matched cross_val_score],True,mne/decoding/base.py:163 self.model.predict [matched model.predict],verified: all 6 stages present,pass2,,fallback_nested,no_dockerfile
https://github.com/hansen1416/football-prediction,ok,True,6,0,1,main.py,5,20,2,0,0,True,classification.py:63 pd.read_csv [matched pd.read_csv],True,classification.py:147 sklearn.model_selection.train_test_split [matched train_test_split],True,classification.py:331 sklearn.svm.SVC [matched SVC],True,feature_selection.py:143 clf.fit [matched clf.fit],True,classification.py:226 sklearn.metrics.accuracy_score [matched accuracy_score],True,feature_selection.py:145 clf.predict [matched clf.predict],verified: all 6 stages present,_archive,,fallback_root,
https://github.com/Living-with-machines/MapReader,ok,True,6,1,1,mapreader\__main__.py,25,277,3,0,0,True,mapreader/download/sheet_downloader.py:504 pd.read_csv [matched pd.read_csv],True,mapreader/download/sheet_downloader.py:222 pd.concat [matched pd.concat],True,mapreader/classify/classifier.py:162 transformers.AutoModelForImageClassification.from_pretrained [matched AutoModelForImageClassification.from_pretrained],True,mapreader/classify/classifier.py:933 torch.utils.tensorboard.SummaryWriter [matched tensorboard.SummaryWriter],True,mapreader/classify/classifier.py:1239 sklearn.metrics.precision_recall_fscore_support [matched precision_recall_fscore_support],True,mapreader/classify/classifier.py:965 self.model.eval [matched model.eval],verified: all 6 stages present,pass2,,fallback_nested,no_entry
https://github.com/Simplified-Artificial-Intelligence/SimplifiedAI,ok,True,6,0,1,app.py,29,261,2,0,0,True,app.py:228 pd.read_csv [matched pd.read_csv],True,app.py:1113 df.groupby [matched df.groupby],True,src\routes\routes_training.py:653 nn.Linear [matched nn.Linear],True,src\routes\routes_training.py:799 optimizer.zero_grad [matched optimizer.zero_grad],True,src\routes\routes_training.py:244 sklearn.metrics.r2_score [matched r2_score],True,app.py:71 flask.Flask [matched Flask],verified: all 6 stages present,_archive,,fallback_root,
https://github.com/bgauzere/deep-ged,ok,True,6,0,1,main.py,11,61,2,0,0,True,main.py:221 load_dataset [matched load_dataset],True,deepged\dataset.py:18 sklearn.model_selection.train_test_split [matched train_test_split],True,deepged\inference.py:16 sklearn.neighbors.KNeighborsRegressor [matched KNeighborsRegressor],True,deepged\inference.py:27 sklearn.model_selection.GridSearchCV [matched GridSearchCV],True,deepged\learning.py:74 writer.add_scalar [matched writer.add_scalar],True,deepged\inference.py:31 clf.predict [matched clf.predict],verified: all 6 stages present,_archive,,fallback_root,
https://github.com/joren015/MercariProject,ok,True,6,0,1,main.py,7,45,2,0,0,True,main.py:21 pd.read_csv [matched pd.read_csv],True,main.py:49 sklearn.model_selection.train_test_split [matched train_test_split],True,app\light_gbm_model.py:0 class LightGBMModel [matched <class subclasses model base>],True,main.py:40 model.fit [matched model.fit],True,app\light_gbm_model.py:154 sklearn.model_selection.cross_validate [matched cross_validate],True,main.py:42 model.predict [matched model.predict],verified: all 6 stages present,_archive,,fallback_root,
https://github.com/ChristianBirchler/sdc-scissor,ok,True,6,2,1,sdc_scissor\cli.py,51,288,5,0,0,True,sdc_scissor/cli.py:72 yaml.safe_load [matched yaml.safe_load],True,sdc_scissor/feature_extraction_api/feature_extraction.py:98 pd.concat [matched pd.concat],True,sdc_scissor/cli.py:358 sklearn.svm.LinearSVC [matched LinearSVC],True,sdc_scissor/machine_learning_api/model_evaluator.py:99 clf.fit [matched clf.fit],True,sdc_scissor/machine_learning_api/cost_effectiveness_evaluator.py:89 sklearn.metrics.classification_report [matched classification_report],True,sdc_scissor/machine_learning_api/model_evaluator.py:209 model.predict [matched model.predict],verified: all 6 stages present,pass2,,fallback_console_script,no_entry
https://github.com/ThatOneGoat/sidewalk-cv-2021,ok,True,6,0,1,train.py,9,70,4,0,0,True,train.py:85 torch.utils.data.DataLoader [matched DataLoader],True,train.py:48 torchvision.transforms.Compose [matched torchvision.transforms.*],True,utils\training_utils.py:29 nn.Linear [matched nn.Linear],True,utils\training_utils.py:165 optimizer.zero_grad [matched optimizer.zero_grad],True,utils\training_utils.py:324 sklearn.metrics.confusion_matrix [matched confusion_matrix],True,utils\training_utils.py:138 model.eval [matched model.eval],verified: all 6 stages present,_archive,,fallback_root,
https://github.com/juneskiafc/bert-probing,ok,True,6,0,1,train.py,26,291,4,0,0,True,train.py:297 torch.utils.data.DataLoader [matched DataLoader],True,mt_dnn\model.py:157 transformers.AutoTokenizer.from_pretrained [matched AutoTokenizer.from_pretrained],True,module\san_model.py:0 class SanLayer [matched <class subclasses model base>],True,train.py:533 wandb.init [matched wandb.init],True,train.py:563 wandb.log [matched wandb.log],True,utils.py:96 torch.no_grad [matched torch.no_grad],verified: all 6 stages present,_archive,,fallback_root,
https://github.com/simonamtoft/generative-convergence,ok,True,6,0,1,train.py,24,186,3,0,0,True,train.py:179 torchvision.datasets.MNIST [matched torchvision.datasets.*],True,train.py:171 torchvision.transforms.ToTensor [matched torchvision.transforms.*],True,train.py:88 nn.Sequential [matched nn.Sequential],True,trainers\train_draw.py:26 wandb.init [matched wandb.init],True,lib\train_utils.py:45 wandb.log [matched wandb.log],True,models\transforms.py:106 torch.no_grad [matched torch.no_grad],verified: all 6 stages present,_archive,,fallback_root,
https://github.com/gaylordmarville/MLDOPS-P4,ok,True,6,0,1,main.py,4,11,2,0,0,True,src\ml\data.py:34 pd.read_csv [matched pd.read_csv],True,src\ml\data.py:100 sklearn.preprocessing.OneHotEncoder [matched OneHotEncoder],True,src\ml\model.py:54 sklearn.ensemble.RandomForestClassifier [matched RandomForestClassifier],True,src\ml\model.py:57 sklearn.model_selection.GridSearchCV [matched GridSearchCV],True,src\ml\model.py:134 sklearn.metrics.fbeta_score [matched fbeta_score],True,main.py:32 fastapi.FastAPI [matched FastAPI],verified: all 6 stages present,_archive,,fallback_root,
https://github.com/navidstuv/self_path,ok,True,6,0,1,main.py,14,113,3,0,0,True,data\data_loader.py:30 torch.utils.data.DataLoader [matched DataLoader],True,data\datasets.py:40 data.stainNorm_Reinhard.Normalizer [matched Normalizer],True,models\model.py:0 class MultiTaskCNN [matched <class subclasses model base>],True,main.py:40 wandb.init [matched wandb.init],True,utils\utils.py:167 sklearn.metrics.accuracy_score [matched accuracy_score],True,models\all_models.py:317 self.model.eval [matched model.eval],verified: all 6 stages present,_archive,,fallback_root,
https://github.com/georgii-nigm/Improvements-to-ML-algorithms,ok,True,6,0,1,main.py,11,14,2,0,0,True,preprocessing\data_preprocessing.py:82 pd.read_csv [matched pd.read_csv],True,encoding_models\encoding_categorical.py:19 pd.get_dummies [matched pd.get_dummies],True,regression_models\regression_model.py:9 lgb.LGBMRegressor [matched LGBMRegressor],True,regression_models\regression_model.py:21 model.fit [matched model.fit],True,regression_models\regression_model.py:15 sklearn.model_selection.cross_validate [matched cross_validate],True,outliers_detection_models\outliers_detection_choose.py:23 clf.predict [matched clf.predict],verified: all 6 stages present,_archive,,fallback_root,
https://github.com/intelkevinputnam/lpot-docs,ok,True,6,9,1,lpot\ux\lpot_ux.py,151,1402,9,0,12,True,lpot/ux/web/configuration.py:75 json.load [matched json.load],True,lpot/experimental/data/transforms/transform.py:355 torchvision.transforms.functional.crop [matched torchvision.transforms.*],True,lpot/utils/utility.py:281 lpot.experimental.common.Model [matched Model],True,lpot/adaptor/pytorch.py:1030 optimizer.zero_grad [matched optimizer.zero_grad],True,lpot/ux/utils/workload/evaluation.py:159 Accuracy [matched Accuracy],True,lpot/ux/web/server.py:36 flask.Flask [matched Flask],verified: all 6 stages present,pass2,,fallback_console_script,no_entry
https://github.com/z404/reviewzon-backend,ok,True,6,0,1,app.py,7,60,2,0,0,True,app.py:23 json.load [matched json.load],True,handler.py:185 pd.to_numeric [matched pd.to_numeric],True,sentiment_analysis\LocalSentimentAnalysis.py:579 sklearn.linear_model.LogisticRegression [matched LogisticRegression],True,sentiment_analysis\LocalSentimentAnalysis.py:591 model.fit [matched model.fit],True,handler.py:138 model.accuracy_score [matched accuracy_score],True,app.py:12 fastapi.FastAPI [matched FastAPI],verified: all 6 stages present,_archive,,fallback_root,
https://github.com/doraadong/UNIFAN,ok,True,6,0,1,unifan\main.py,8,62,2,0,0,True,unifan/main.py:239 np.load [matched np.load],True,unifan/trainer.py:394 sklearn.model_selection.train_test_split [matched train_test_split],True,unifan/annocluster.py:0 class AnnoCluster [matched <class subclasses model base>],True,unifan/main.py:256 trainer.train [matched trainer.train],True,unifan/trainer.py:400 sklearn.metrics.cluster.adjusted_rand_score [matched adjusted_rand_score],True,unifan/trainer.py:175 torch.no_grad [matched torch.no_grad],verified: all 6 stages present,pass2,,fallback_nested,no_dockerfile
https://github.com/boostcampaitech2/klue-level2-nlp-04,ok,True,6,0,1,train.py,5,31,2,0,0,True,load_data.py:115 pd.read_csv [matched pd.read_csv],True,train.py:18 transformers.AutoTokenizer.from_pretrained [matched AutoTokenizer.from_pretrained],True,train.py:46 transformers.AutoModelForSequenceClassification.from_pretrained [matched AutoModelForSequenceClassification.from_pretrained],True,train.py:85 trainer.train [matched trainer.train],True,train.py:90 trainer.evaluate [matched trainer.evaluate],True,loss.py:17 torch.no_grad [matched torch.no_grad],verified: all 6 stages present,_archive,,fallback_root,
https://github.com/NouamaneTazi/ml_project_example,ok,True,6,0,1,app.py,9,32,3,0,0,True,src\train.py:148 pd.read_csv [matched pd.read_csv],True,src\preprocessing.py:89 sklearn.preprocessing.PolynomialFeatures [matched PolynomialFeatures],True,src\model_dispatcher.py:51 sklearn.svm.LinearSVC [matched LinearSVC],True,src\train.py:57 model.fit [matched model.fit],True,src\train.py:60 sklearn.metrics.accuracy_score [matched accuracy_score],True,app.py:29 gr.Interface [matched gr.Interface],verified: all 6 stages present,_archive,,fallback_root,
https://github.com/apoorvjha/SmokeFireDetection,ok,True,6,0,1,train.py,2,20,1,0,0,True,utility.py:150 cv2.imread [matched cv2.imread],True,utility.py:247 sklearn.model_selection.train_test_split [matched train_test_split],True,utility.py:42 tf.keras.layers.Flatten [matched tf.keras.layers.*],True,train.py:33 model.fit [matched model.fit],True,utility.py:89 tf.keras.metrics.AUC [matched tf.keras.metrics.*],True,train.py:41 model.predict [matched model.predict],verified: all 6 stages present,_archive,,fallback_root,
https://github.com/DavidMachajewski/fer_fmpn_pytorch,ok,True,6,0,1,main.py,17,294,2,0,0,True,lib\dataloader\datasets.py:43 cv2.imread [matched cv2.imread],True,lib\featurevisualization\deepdream.py:57 torchvision.transforms.Compose [matched torchvision.transforms.*],True,lib\featurevisualization\activation_map.py:0 class ModifyInceptionv3 [matched <class subclasses model base>],True,lib\featurevisualization\deepdream.py:118 loss.backward [matched loss.backward],True,lib\agents\fmpn_agent.py:616 lib.eval.eval_utils.roc_auc_score [matched roc_auc_score],True,lib\agents\fmpn_agent.py:452 torch.no_grad [matched torch.no_grad],verified: all 6 stages present,_archive,,fallback_root,
https://github.com/language-brainscore/langbrainscore,ok,True,6,1,1,langbrainscore\__main__.py,29,114,5,0,0,True,langbrainscore/benchmarks/pereira2018.py:18 pd.read_csv [matched pd.read_csv],True,langbrainscore/encoder/ann.py:77 transformers.AutoTokenizer.from_pretrained [matched AutoTokenizer.from_pretrained],True,langbrainscore/encoder/ann.py:80 transformers.AutoModel.from_pretrained [matched AutoModel.from_pretrained],True,langbrainscore/mapping/mapping.py:367 self.model.fit [matched model.fit],True,langbrainscore/metrics/metric.py:67 sklearn.metrics.mean_squared_error [matched mean_squared_error],True,langbrainscore/encoder/ann.py:147 self.model.eval [matched model.eval],verified: all 6 stages present,pass2,,fallback_nested,no_entry
https://github.com/diascarolina/project-insurance-forecast,ok,True,6,1,1,train.py,1,1,0,0,0,True,train.py:40 pd.read_csv [matched pd.read_csv],True,train.py:52 sklearn.model_selection.train_test_split [matched train_test_split],True,train.py:56 sklearn.ensemble.RandomForestRegressor [matched RandomForestRegressor],True,train.py:23 model.fit [matched model.fit],True,train.py:25 sklearn.metrics.mean_absolute_error [matched mean_absolute_error],True,train.py:24 model.predict [matched model.predict],verified: all 6 stages present,_archive,,dockerfile?,
https://github.com/jofa974/nlp-tweets,ok,True,6,0,1,src\train.py,16,91,4,0,0,True,src/dataset.py:27 pd.read_csv [matched pd.read_csv],True,src/dataset.py:39 sklearn.model_selection.train_test_split [matched train_test_split],True,src/models/SKLogisticRegression.py:0 class SKLogisticRegression [matched <class subclasses model base>],True,src/train.py:32 model.fit [matched model.fit],True,src/train.py:35 sklearn.metrics.f1_score [matched f1_score],True,src/models/SKLogisticRegression.py:20 self.model.predict_proba [matched model.predict_proba],verified: all 6 stages present,pass2,,fallback_nested,no_dockerfile
https://github.com/Zukang-Liao/ML4ML-invariance-testing,ok,True,6,0,1,train.py,4,46,1,0,0,True,train.py:178 torchvision.datasets.CIFAR10 [matched torchvision.datasets.*],True,train.py:119 torchvision.transforms.functional.rotate [matched torchvision.transforms.*],True,model.py:0 class Net [matched <class subclasses model base>],True,train.py:226 torch.utils.tensorboard.SummaryWriter [matched tensorboard.SummaryWriter],True,train.py:271 writer.add_scalar [matched writer.add_scalar],True,train.py:272 torch.no_grad [matched torch.no_grad],verified: all 6 stages present,_archive,,fallback_root,
https://github.com/predictive-analytics-lab/positive-action-framework,ok,True,6,0,1,paf\main.py,29,211,4,0,0,True,paf/base_templates/base_module.py:110 def train_dataloader [matched <lightning hook train_dataloader>],True,paf/main.py:331 sklearn.preprocessing.StandardScaler [matched StandardScaler],True,paf/main.py:169 hydra.utils.instantiate [matched hydra.utils.instantiate],True,paf/main.py:166 hydra.main [matched hydra.main],True,paf/main.py:556 ethicml.Accuracy [matched Accuracy],True,paf/scoring.py:45 clf.predict [matched clf.predict],verified: all 6 stages present,pass2,,fallback_nested,no_dockerfile
https://github.com/nikmall/MTT-Sentiment-Classification,ok,True,6,0,1,main.py,12,101,2,0,0,True,data_process.py:54 torch.utils.data.DataLoader [matched DataLoader],True,data_process.py:70 sklearn.preprocessing.MinMaxScaler [matched MinMaxScaler],True,mctn_rnn\modules_seq.py:0 class Encoder [matched <class subclasses model base>],True,mctn_rnn\mctn.py:104 optimizer.zero_grad [matched optimizer.zero_grad],True,score_metrics.py:35 sklearn.metrics.f1_score [matched f1_score],True,mctn_rnn\mctn.py:130 model.eval [matched model.eval],verified: all 6 stages present,_archive,,fallback_root,
https://github.com/sethusaim/Wafer-Fault-Prediction-using-MlFlow,ok,True,6,1,1,main.py,24,107,3,0,0,True,utils\read_params.py:19 yaml.safe_load [matched yaml.safe_load],True,wafer\data_preprocessing\preprocessing.py:171 sklearn.impute.KNNImputer [matched KNNImputer],True,wafer\data_preprocessing\clustering.py:65 sklearn.cluster.KMeans [matched KMeans],True,utils\model_utils.py:114 sklearn.model_selection.GridSearchCV [matched GridSearchCV],True,utils\logger.py:60 self.log [matched self.log],True,main.py:17 fastapi.FastAPI [matched FastAPI],verified: all 6 stages present,_archive,,dockerfile?,
https://github.com/mrstelmach/Deploy-ML-Model-on-Heroku-with-FastAPI,ok,True,6,0,1,starter\main.py,3,7,1,0,0,True,starter/main.py:24 pickle.load [matched pickle.load],True,starter/starter/ml/data.py:63 sklearn.preprocessing.OneHotEncoder [matched OneHotEncoder],True,starter/starter/ml/model.py:50 sklearn.ensemble.GradientBoostingClassifier [matched GradientBoostingClassifier],True,starter/starter/ml/model.py:57 sklearn.model_selection.RandomizedSearchCV [matched RandomizedSearchCV],True,starter/starter/ml/model.py:87 sklearn.metrics.fbeta_score [matched fbeta_score],True,starter/main.py:66 fastapi.FastAPI [matched FastAPI],verified: all 6 stages present,pass2,,fallback_nested,no_dockerfile
https://github.com/nananana-Banana/2021-nh-bigdata-competition,ok,True,6,0,1,run.py,5,29,2,0,0,True,model\XGBoost.py:29 pd.read_csv [matched pd.read_csv],True,model\XGBoost.py:30 pd.merge [matched pd.merge],True,model\XGBoost.py:79 xgb.XGBRegressor [matched XGBRegressor],True,model\XGBoost.py:81 model.fit [matched model.fit],True,model\XGBoost.py:87 sklearn.metrics.mean_squared_error [matched mean_squared_error],True,run.py:20 self.model.predict [matched model.predict],verified: all 6 stages present,_archive,,fallback_root,
https://github.com/paras2612/CauseBox,ok,True,6,0,1,main.py,67,616,4,0,0,True,CFRNet\evaluate.py:100 np.load [matched np.load],True,SITE\propensity.py:20 sklearn.model_selection.train_test_split [matched train_test_split],True,PM\gradientboosted.py:30 sklearn.ensemble.GradientBoostingClassifier [matched GradientBoostingClassifier],True,PM\main.py:264 model.fit_generator [matched model.fit_generator],True,PM\model_eval.py:139 sklearn.metrics.roc_curve [matched roc_curve],True,PM\main.py:321 model.predict [matched model.predict],verified: all 6 stages present,_archive,,fallback_root,
https://github.com/YefanZhou/dispersion-score,ok,True,6,0,1,train.py,29,280,5,0,0,True,auxiliary\my_utils.py:106 yaml.load [matched yaml.load],True,training\trainer_iteration.py:78 torchvision.transforms.ToPILImage [matched torchvision.transforms.*],True,model\model.py:0 class EncoderDecoder [matched <class subclasses model base>],True,auxiliary\argument_parser.py:232 tensorboardX.SummaryWriter [matched SummaryWriter],True,auxiliary\meter.py:73 writer.add_scalar [matched writer.add_scalar],True,train.py:23 torch.no_grad [matched torch.no_grad],verified: all 6 stages present,_archive,,fallback_root,
https://github.com/sofa566/rasa-for-botfront-origin,ok,True,6,13,1,rasa\__main__.py,197,2844,8,0,4,True,rasa/telemetry.py:258 json.load [matched json.load],True,rasa/nlu/test.py:1508 sklearn.model_selection.StratifiedKFold [matched StratifiedKFold],True,rasa/nlu/classifiers/sklearn_intent_classifier.py:160 sklearn.svm.SVC [matched SVC],True,rasa/nlu/train.py:116 trainer.train [matched trainer.train],True,rasa/test.py:281 rasa.nlu.test.cross_validate [matched cross_validate],True,rasa/nlu/classifiers/diet_classifier.py:854 self.model.predict [matched model.predict],verified: all 6 stages present,pass2,,fallback_nested,no_entry
https://github.com/linhlt-it-ee/wiki_builder,ok,True,6,0,1,main.py,24,62,4,0,0,True,utils\file_utils.py:23 pickle.load [matched pickle.load],True,utils\encode_utils.py:19 sklearn.preprocessing.MultiLabelBinarizer [matched MultiLabelBinarizer],True,model\rgat.py:0 class RGAT [matched <class subclasses model base>],True,train\train.py:80 optimizer.zero_grad [matched optimizer.zero_grad],True,train\train.py:159 metrics.compute_metrics [matched compute_metrics],True,train\train.py:154 model.eval [matched model.eval],verified: all 6 stages present,_archive,,fallback_root,
https://github.com/DFKI-SignLanguage/EASIER-EkmanClassifier,ok,True,6,0,1,train.py,20,112,3,0,1,True,data_loader\data_loaders.py:69 pd.read_csv [matched pd.read_csv],True,data_loader\data_loaders.py:95 torchvision.transforms.ToTensor [matched torchvision.transforms.*],True,model\model.py:21 nn.Sequential [matched nn.Sequential],True,train.py:81 trainer.train [matched trainer.train],True,model\metric.py:31 sklearn.metrics.balanced_accuracy_score [matched balanced_accuracy_score],True,evaluator\evaluator.py:84 model.eval [matched model.eval],verified: all 6 stages present,_archive,,fallback_root,
https://github.com/wenqi006/SlideGraph,ok,True,6,0,1,train.py,4,29,2,0,0,True,train.py:30 pickle.load [matched pickle.load],True,train.py:79 sklearn.model_selection.StratifiedKFold [matched StratifiedKFold],True,GNN_pr.py:0 class GNN [matched <class subclasses model base>],True,GNN_pr.py:270 optimizer.zero_grad [matched optimizer.zero_grad],True,train.py:132 roc_auc_score [matched roc_auc_score],True,GNN_pr.py:189 model.eval [matched model.eval],verified: all 6 stages present,_archive,,fallback_root,
https://github.com/StevRamos/video_summarization,ok,True,6,1,1,app.py,24,123,4,0,0,True,app.py:202 pickle.load [matched pickle.load],True,src\models\CNN3D.py:27 torchvision.transforms.Compose [matched torchvision.transforms.*],True,src\models\CNN.py:0 class ResNet [matched <class subclasses model base>],True,src\models\vsm.py:36 wandb.watch [matched wandb.watch],True,src\models\vsm.py:399 wandb.log [matched wandb.log],True,app.py:28 fastapi.FastAPI [matched FastAPI],verified: all 6 stages present,_archive,,dockerfile?,
https://github.com/esvs2202/Concrete-Compressive-Strength-Prediction,ok,True,6,0,1,main.py,6,26,1,0,0,True,data_ingestion\data_loader.py:34 pd.read_csv [matched pd.read_csv],True,data_preprocessing\data_preprocessing.py:54 pd.concat [matched pd.concat],True,main.py:173 algorithms.linear_models.Lasso [matched Lasso],True,algorithms\tree_models.py:63 sklearn.model_selection.RandomizedSearchCV [matched RandomizedSearchCV],True,main.py:136 metrics.r2_score [matched r2_score],True,algorithms\tree_models.py:399 model.predict [matched model.predict],verified: all 6 stages present,_archive,,fallback_root,
https://github.com/stanfordmlgroup/methane-gapfill-ml,ok,True,6,0,1,fluxgapfill\main.py,22,69,5,0,0,True,fluxgapfill/train/train.py:85 pd.read_csv [matched pd.read_csv],True,fluxgapfill/preprocess/preprocess.py:137 sklearn.model_selection.train_test_split [matched train_test_split],True,fluxgapfill/models/models.py:41 sklearn.neural_network.MLPRegressor [matched MLPRegressor],True,fluxgapfill/models/models.py:30 self.model.fit [matched model.fit],True,fluxgapfill/metrics/metrics.py:19 sklearn.metrics.mean_absolute_error [matched mean_absolute_error],True,fluxgapfill/models/ensemble.py:59 model.predict [matched model.predict],verified: all 6 stages present,pass2,,fallback_nested,no_dockerfile
https://github.com/rurusasu/OrigNet,ok,True,6,0,1,run.py,42,173,5,0,0,True,run.py:141 yaml.safe_load [matched yaml.safe_load],True,lib\datasets\transforms.py:59 torchvision.transforms.append [matched torchvision.transforms.*],True,lib\models\make_network.py:132 nn.Linear [matched nn.Linear],True,OptunaTrain.py:112 study.optimize [matched study.optimize],True,lib\train\recorder.py:102 self.writer.add_scalar [matched writer.add_scalar],True,lib\utils\net_utils.py:346 torch.no_grad [matched torch.no_grad],verified: all 6 stages present,_archive,,fallback_root,
https://github.com/binaybehera/test-model,ok,True,6,1,1,runmodel.py,2,10,1,0,0,True,runmodel.py:29 pickle.load [matched pickle.load],True,model.py:68 pd.merge [matched pd.merge],True,model.py:22 fbprophet.Prophet [matched Prophet],True,model.py:23 model.fit [matched model.fit],True,model.py:71 sklearn.metrics.r2_score [matched r2_score],True,runmodel.py:33 model.predict [matched model.predict],verified: all 6 stages present,_archive,,dockerfile?,
https://github.com/Alok589/thesis_project,ok,True,6,0,1,train.py,5,42,1,0,0,True,train.py:40 np.load [matched np.load],True,train.py:55 sklearn.model_selection.train_test_split [matched train_test_split],True,Deep_Res_SE_Unet.py:0 class SELayer [matched <class subclasses model base>],True,train.py:106 torch.utils.tensorboard.SummaryWriter [matched tensorboard.SummaryWriter],True,train.py:137 writer.add_scalar [matched writer.add_scalar],True,engine.py:59 model.eval [matched model.eval],verified: all 6 stages present,_archive,,fallback_root,
https://github.com/kangzh015/zhongguoyikeda,ok,True,6,0,1,run.py,29,224,5,0,0,True,GUI\easylearn_main_run.py:120 requests.get [matched requests.get],True,base.py:384 sklearn.pipeline.Pipeline [matched sklearn.pipeline.Pipeline],True,machine_learning\neural_network\eeg\el_eeg_training.py:78 tf.keras.layers.Conv2D [matched tf.keras.layers.*],True,base.py:450 sklearn.model_selection.GridSearchCV [matched GridSearchCV],True,machine_learning\neural_network\eeg\run.py:87 self.trainer.test [matched trainer.test],True,machine_learning\classification\_base_classification.py:80 model.predict [matched model.predict],verified: all 6 stages present,_archive,,fallback_root,
https://github.com/sonjaremmer/icdcoder,ok,True,6,0,1,scripts\train.py,4,18,1,0,0,True,scripts/preprocess.py:17 pd.read_csv [matched pd.read_csv],True,scripts/train.py:43 sklearn.model_selection.train_test_split [matched train_test_split],True,scripts/train.py:49 Model.Model [matched Model],True,scripts/train.py:61 trainer.train [matched trainer.train],True,Utilities.py:77 sklearn.metrics.f1_score [matched f1_score],True,Utilities.py:92 self.model.eval [matched model.eval],verified: all 6 stages present,pass2,,fallback_nested,no_dockerfile
https://github.com/manhhv87/densenet_bottleneck,ok,True,6,0,1,finetuning\train.py,7,54,2,0,0,True,finetuning/utils.py:237 pd.read_csv [matched pd.read_csv],True,finetuning/train.py:141 finetuning.utils.train_test_split [matched train_test_split],True,finetuning/train.py:41 tf.keras.layers.Dense [matched tf.keras.layers.*],True,finetuning/train.py:315 model.fit [matched model.fit],True,finetuning/train.py:186 tf.keras.metrics.BinaryAccuracy [matched tf.keras.metrics.*],True,finetuning/train.py:333 model.predict [matched model.predict],verified: all 6 stages present,pass2,,fallback_nested,no_dockerfile
https://github.com/flowerpot-ai/stabilizer,ok,True,6,0,1,main.py,7,16,1,0,0,True,main.py:139 pd.read_json [matched pd.read_json],True,main.py:169 transformers.AutoTokenizer.from_pretrained [matched AutoTokenizer.from_pretrained],True,main.py:170 transformers.AutoModel.from_pretrained [matched AutoModel.from_pretrained],True,stabilizer\trainer.py:10 optimizer.zero_grad [matched optimizer.zero_grad],True,main.py:128 sklearn.metrics.matthews_corrcoef [matched matthews_corrcoef],True,stabilizer\trainer.py:18 model.eval [matched model.eval],verified: all 6 stages present,_archive,,fallback_root,
https://github.com/soni-ratnesh/Deploying-a-Machine-Learning-Model-on-Heroku-with-FastAPI,ok,True,6,0,1,main.py,5,10,2,0,0,True,main.py:17 yaml.load [matched yaml.load],True,starter\ml\data.py:11 df.replace [matched df.replace],True,starter\ml\model.py:31 sklearn.ensemble.RandomForestClassifier [matched RandomForestClassifier],True,starter\ml\model.py:32 model.fit [matched model.fit],True,starter\ml\model.py:33 sklearn.model_selection.cross_val_score [matched cross_val_score],True,main.py:19 fastapi.FastAPI [matched FastAPI],verified: all 6 stages present,_archive,,fallback_root,
https://github.com/uncbiag/OAI_analysis,ok,True,6,0,1,segmentation\train.py,12,194,2,0,0,True,segmentation/train.py:312 torch.utils.data.DataLoader [matched DataLoader],True,segmentation/train.py:303 torchvision.transforms.Compose [matched torchvision.transforms.*],True,segmentation/networks.py:0 class UNet [matched <class subclasses model base>],True,segmentation/train.py:43 tensorboardX.SummaryWriter [matched SummaryWriter],True,segmentation/train.py:99 writer.add_scalar [matched writer.add_scalar],True,segmentation/train.py:114 torch.no_grad [matched torch.no_grad],verified: all 6 stages present,pass2,,fallback_nested,no_dockerfile
https://github.com/IAbda/FORESEE_ETHZ,ok,True,6,2,2,train_traffic_intensity_RF_model.py;train_traffic_intensity_RF_model.py,11,18,1,0,0,True,import_dataset.py:26 pd.read_csv [matched pd.read_csv],True,train_traffic_intensity_RF_model.py:94 sklearn.model_selection.train_test_split [matched train_test_split],True,train_traffic_intensity_RF_model.py:129 sklearn.ensemble.RandomForestRegressor [matched RandomForestRegressor],True,train_traffic_intensity_RF_model.py:303 sklearn.model_selection.RandomizedSearchCV [matched RandomizedSearchCV],True,train_traffic_intensity_RF_model.py:225 sklearn.model_selection.cross_validate [matched cross_validate],True,train_traffic_intensity_RF_model.py:65 model.predict [matched model.predict],verified: all 6 stages present,_archive,,dockerfile?,
https://github.com/DMAgit/INFOMAIR-Group30-2021,ok,True,6,0,1,src\main.py,12,59,3,0,0,True,src/main.py:139 json.load [matched json.load],True,src/ml/models.py:21 nltk.stem.PorterStemmer [matched nltk.stem.PorterStemmer],True,src/ml/models.py:133 sklearn.tree.DecisionTreeClassifier [matched DecisionTreeClassifier],True,src/ml/classifiers/bagging.py:12 self.model.fit [matched model.fit],True,src/ml/models.py:108 sklearn.metrics.classification_report [matched classification_report],True,src/ml/models.py:184 clf.predict [matched clf.predict],verified: all 6 stages present,pass2,,fallback_nested,no_dockerfile
https://github.com/TCC-joaorobson-ViniciusBernardo/backend,ok,True,6,3,2,run_time_series_handler.py;run_training_handler.py,18,49,4,0,0,True,sigeml\services\time_series_handler.py:24 pickle.load [matched pickle.load],True,sigeml\services\time_series_handler.py:47 pd.to_datetime [matched pd.to_datetime],True,sigeml\models\load_curves\model.py:85 xgb.XGBRegressor [matched XGBRegressor],True,sigeml\models\time_series\model.py:22 self.model.fit [matched model.fit],True,sigeml\models\load_curves\model.py:78 sklearn.metrics.mean_absolute_error [matched mean_absolute_error],True,sigeml\services\time_series_handler.py:63 self.model.predict [matched model.predict],verified: all 6 stages present,_archive,,dockerfile?,
https://github.com/Daryl-PSH/us_traffic,ok,True,6,0,1,src\train.py,9,37,4,0,0,True,src/train.py:57 yaml.safe_load [matched yaml.safe_load],True,src/data_pipeline/datapipeline.py:55 sklearn.preprocessing.StandardScaler [matched StandardScaler],True,src/models/model.py:0 class RandomForest [matched <class subclasses model base>],True,src/models/model.py:110 self.model.fit [matched model.fit],True,src/train.py:42 model.evaluate [matched model.evaluate],True,src/train.py:38 model.predict [matched model.predict],verified: all 6 stages present,pass2,,fallback_nested,no_dockerfile
https://github.com/m-beau/NeuroPyxels,ok,True,6,0,1,npyx\c4\predict_cell_types.py,37,823,3,0,0,True,npyx/c4/predict_cell_types.py:214 pd.read_csv [matched pd.read_csv],True,npyx/corr.py:938 np.nan_to_num [matched np.nan_to_num],True,npyx/c4/dl_utils.py:0 class ConvEncoderResize [matched <class subclasses model base>],True,npyx/c4/run_deep_classifier.py:292 optimizer.zero_grad [matched optimizer.zero_grad],True,npyx/c4/plots_functions.py:215 sklearn.metrics.confusion_matrix [matched confusion_matrix],True,npyx/c4/run_deep_classifier.py:305 torch.no_grad [matched torch.no_grad],verified: all 6 stages present,pass2,,fallback_console_script,no_dockerfile
https://github.com/LerysG/Project_7_OC_dashboard,ok,True,6,0,1,app.py,2,5,1,0,0,True,app.py:281 pickle.load [matched pickle.load],True,my_functions\functions_cached.py:29 pd.to_numeric [matched pd.to_numeric],True,app.py:179 lgb.LGBMClassifier [matched LGBMClassifier],True,app.py:210 model.fit [matched model.fit],True,app.py:193 sklearn.model_selection.cross_validate [matched cross_validate],True,app.py:104 st.write [matched st.write],verified: all 6 stages present,_archive,,fallback_root,
https://github.com/Baukmeister/stefanos_angels,ok,True,6,0,1,main.py,12,30,2,0,0,True,data_exploration\data_loading.py:21 pd.read_csv [matched pd.read_csv],True,main.py:41 pd.concat [matched pd.concat],True,machine_learning\train.py:38 sklearn.neighbors.KNeighborsClassifier [matched KNeighborsClassifier],True,machine_learning\train.py:25 model.fit [matched model.fit],True,machine_learning\eval.py:22 sklearn.metrics.accuracy_score [matched accuracy_score],True,dash_app\app.py:200 model.predict [matched model.predict],verified: all 6 stages present,_archive,,fallback_root,
https://github.com/JMGaljaard/fltk-testbed,ok,True,6,1,1,fltk\__main__.py,87,349,7,0,0,True,fltk/util/config/learner_config.py:191 yaml.load [matched yaml.load],True,fltk/datasets/federated/cifar10.py:24 torchvision.transforms.Normalize [matched torchvision.transforms.*],True,fltk/nets/cifar_100_resnet.py:0 class BasicBlock [matched <class subclasses model base>],True,fltk/core/distributed/client.py:72 nn.parallel.DistributedDataParallel [matched DistributedDataParallel],True,fltk/core/distributed/client.py:191 sklearn.metrics.confusion_matrix [matched confusion_matrix],True,fltk/core/distributed/client.py:174 torch.no_grad [matched torch.no_grad],verified: all 6 stages present,pass2,,fallback_nested,no_entry
https://github.com/jeetv/GMVD,ok,True,6,0,1,main.py,12,84,3,0,0,True,main.py:302 torch.utils.data.DataLoader [matched DataLoader],True,main.py:284 torchvision.transforms.Normalize [matched torchvision.transforms.*],True,loss.py:0 class Loss [matched <class subclasses model base>],True,main.py:83 optimizer.zero_grad [matched optimizer.zero_grad],True,main.py:100 sklearn.metrics.accuracy_score [matched accuracy_score],True,main.py:121 model.eval [matched model.eval],verified: all 6 stages present,_archive,,fallback_root,
https://github.com/tinkoff-ai/etna,ok,True,6,2,1,etna\commands\__main__.py,141,1009,10,0,0,True,etna/commands/backtest_command.py:76 pd.read_csv [matched pd.read_csv],True,etna/datasets/datasets_generation.py:48 df.melt [matched .melt],True,etna/models/base.py:0 class DeepBaseNet [matched <class subclasses model base>],True,etna/pipeline/autoregressive_pipeline.py:98 self.model.fit [matched model.fit],True,etna/models/base.py:455 def validation_step [matched <lightning hook validation_step>],True,etna/models/base.py:632 torch.no_grad [matched torch.no_grad],verified: all 6 stages present,pass2,,fallback_console_script,no_entry
https://github.com/adeshkin/road_segment,ok,True,6,0,1,main.py,3,22,1,0,0,True,main.py:25 pd.read_csv [matched pd.read_csv],True,main.py:113 sklearn.model_selection.StratifiedKFold [matched StratifiedKFold],True,main.py:134 nn.Linear [matched nn.Linear],True,main.py:53 self.optimizer.zero_grad [matched optimizer.zero_grad],True,main.py:156 wandb.log [matched wandb.log],True,main.py:71 self.model.eval [matched model.eval],verified: all 6 stages present,_archive,,fallback_root,
https://github.com/christinalchang/take-a-hike,ok,True,6,1,1,run.py,7,21,1,0,0,True,run.py:63 yaml.load [matched yaml.load],True,src\featurize.py:32 pd.get_dummies [matched pd.get_dummies],True,src\model.py:48 sklearn.ensemble.RandomForestClassifier [matched RandomForestClassifier],True,src\model.py:50 clf.fit [matched clf.fit],True,src\model.py:92 sklearn.model_selection.cross_val_score [matched cross_val_score],True,src\model.py:88 clf.predict [matched clf.predict],verified: all 6 stages present,_archive,,dockerfile?,
https://github.com/paquolalab/dRFEtools,ok,True,6,0,1,dRFEtools\cli.py,12,47,3,0,0,True,dRFEtools/cli.py:31 pd.read_csv [matched pd.read_csv],True,dRFEtools/scoring/dev.py:149 sklearn.model_selection.train_test_split [matched train_test_split],True,dRFEtools/cli.py:90 sklearn.ensemble.RandomForestClassifier [matched RandomForestClassifier],True,dRFEtools/scoring/dev.py:153 estimator.fit [matched estimator.fit],True,dRFEtools/scoring/dev.py:65 sklearn.metrics.roc_auc_score [matched roc_auc_score],True,dRFEtools/scoring/dev.py:63 estimator.predict [matched estimator.predict],verified: all 6 stages present,pass2,,fallback_console_script,no_dockerfile
https://github.com/deepbreathe-ai/ab-line-classifier,ok,True,6,0,1,src\train.py,3,32,1,0,0,True,src/train.py:77 pd.read_csv [matched pd.read_csv],True,src/train.py:80 sklearn.model_selection.train_test_split [matched train_test_split],True,src/models/models.py:75 tf.keras.layers.Input [matched tf.keras.layers.*],True,src/train.py:222 model.fit [matched model.fit],True,src/train.py:195 tf.keras.metrics.AUC [matched tf.keras.metrics.*],True,src/train.py:108 model.predict [matched model.predict],verified: all 6 stages present,pass2,,fallback_nested,no_dockerfile
https://github.com/khalld/trashbin-classifier,ok,True,6,0,1,app.py,6,49,3,0,0,True,libs\TDContainer.py:50 torch.utils.data.DataLoader [matched DataLoader],True,app.py:30 torchvision.transforms.Compose [matched torchvision.transforms.*],True,libs\PretrainedModels.py:163 nn.Linear [matched nn.Linear],True,libs\Training.py:44 torch.utils.tensorboard.SummaryWriter [matched tensorboard.SummaryWriter],True,libs\PretrainedModels.py:73 sklearn.metrics.accuracy_score [matched accuracy_score],True,app.py:42 gr.Interface [matched gr.Interface],verified: all 6 stages present,_archive,,fallback_root,
https://github.com/anonymous-nips2021/ASRGLUE,ok,True,6,0,1,run.py,5,145,1,0,0,True,run.py:75 csv.reader [matched csv.reader],True,run.py:547 pytorch_pretrained_bert.tokenization.BertTokenizer.from_pretrained [matched BertTokenizer.from_pretrained],True,pytorch_pretrained_bert\modeling.py:0 class BertEmbeddings [matched <class subclasses model base>],True,run.py:580 tensorboardX.SummaryWriter [matched SummaryWriter],True,run.py:358 sklearn.metrics.f1_score [matched f1_score],True,run.py:429 torch.no_grad [matched torch.no_grad],verified: all 6 stages present,_archive,,fallback_root,
https://github.com/uhh-lt/neural-coref,ok,True,6,1,1,run.py,9,106,2,0,0,True,tensorize.py:33 pickle.load [matched pickle.load],True,tensorize.py:94 transformers.AutoTokenizer.from_pretrained [matched AutoTokenizer.from_pretrained],True,model.py:0 class CorefModel [matched <class subclasses model base>],True,run.py:83 torch.utils.tensorboard.SummaryWriter [matched tensorboard.SummaryWriter],True,run_mentions.py:201 sklearn.metrics.metrics.precision_recall_curve [matched precision_recall_curve],True,run.py:215 model.eval [matched model.eval],verified: all 6 stages present,_archive,,dockerfile?,
https://github.com/fundsan/census_project,ok,True,6,0,1,main.py,3,7,1,0,0,True,main.py:20 pickle.load [matched pickle.load],True,starter\ml\data.py:58 sklearn.preprocessing.OneHotEncoder [matched OneHotEncoder],True,starter\ml\model.py:34 sklearn.ensemble.RandomForestClassifier [matched RandomForestClassifier],True,starter\ml\model.py:34 sklearn.model_selection.GridSearchCV [matched GridSearchCV],True,starter\ml\model.py:55 sklearn.metrics.fbeta_score [matched fbeta_score],True,main.py:19 fastapi.FastAPI [matched FastAPI],verified: all 6 stages present,_archive,,fallback_root,
https://github.com/lamartine-sl/census-app-mlops,ok,True,6,0,1,main.py,3,7,1,0,0,True,main.py:29 yaml.safe_load [matched yaml.safe_load],True,starter\ml\data.py:53 sklearn.preprocessing.OneHotEncoder [matched OneHotEncoder],True,starter\ml\model.py:32 catboost.CatBoostClassifier [matched CatBoostClassifier],True,starter\ml\model.py:33 model.fit [matched model.fit],True,starter\ml\model.py:52 sklearn.metrics.fbeta_score [matched fbeta_score],True,main.py:17 fastapi.FastAPI [matched FastAPI],verified: all 6 stages present,_archive,,fallback_root,
https://github.com/WadhwaniAI/cough-against-covid,ok,True,6,3,1,training\train.py,48,479,6,0,0,True,cac/utils/io.py:34 yaml.load [matched yaml.load],True,cac/data/transforms.py:1488 sklearn.decomposition.PCA [matched PCA],True,cac/models/classification.py:0 class ClassificationModel [matched <class subclasses model base>],True,training/train.py:50 model.fit [matched model.fit],True,cac/models/classification.py:442 confusion_matrix [matched confusion_matrix],True,cac/models/classification.py:581 torch.no_grad [matched torch.no_grad],verified: all 6 stages present,pass2,,fallback_nested,no_entry
https://github.com/JeffWang0325/Image-Identification-for-Self-Driving-Cars,ok,True,6,2,1,train.py,15,278,2,0,0,True,train.py:76 yaml.safe_load [matched yaml.safe_load],True,utils\augmentations.py:22 A.Compose [matched A.Compose],True,train.py:123 models.yolo.Model [matched Model],True,train.py:100 torch.utils.tensorboard.SummaryWriter [matched tensorboard.SummaryWriter],True,utils\wandb_logging\wandb_utils.py:173 wandb.log [matched wandb.log],True,test.py:90 model.eval [matched model.eval],verified: all 6 stages present,_archive,,dockerfile?,
https://github.com/stepp1/protera-stability,ok,True,6,0,1,protera_stability\train.py,18,84,4,0,0,True,protera_stability/data/dataset.py:23 h5py.File [matched h5py.File],True,protera_stability/data/dataset.py:20 sklearn.preprocessing.StandardScaler [matched StandardScaler],True,protera_stability/models.py:0 class ProteinMLP [matched <class subclasses model base>],True,protera_stability/train.py:157 trainer.fit [matched trainer.fit],True,protera_stability/engine/default.py:115 self.trainer.test [matched trainer.test],True,protera_stability/engine/default.py:115 self.trainer.test [matched trainer.test],verified: all 6 stages present,pass2,,fallback_nested,no_dockerfile
https://github.com/LuciaHrovatin/AML-3D_object_classification,ok,True,6,0,1,main.py,5,32,1,0,0,True,main.py:53 pd.read_pickle [matched pd.read_pickle],True,data_splitter.py:56 sklearn.model_selection.train_test_split [matched train_test_split],True,model.py:0 class TNet3 [matched <class subclasses model base>],True,main.py:69 wandb.init [matched wandb.init],True,solver.py:113 def test_step [matched <lightning hook test_step>],True,solver.py:103 model.eval [matched model.eval],verified: all 6 stages present,_archive,,fallback_root,
https://github.com/ChelseaGuan/Improving-Phishing-Detection-Models,ok,True,6,0,1,train.py,12,191,2,0,0,True,train.py:294 np.loadtxt [matched np.loadtxt],True,train.py:89 sklearn.compose.ColumnTransformer [matched ColumnTransformer],True,model.py:57 sklearn.tree.DecisionTreeClassifier [matched DecisionTreeClassifier],True,model.py:59 clf.fit [matched clf.fit],True,model.py:44 cross_val_score [matched cross_val_score],True,predict.py:155 clf.predict [matched clf.predict],verified: all 6 stages present,_archive,,fallback_root,
https://github.com/f-castellanos/lbp-pyramid,ok,True,6,0,1,main.py,5,44,1,0,0,True,main.py:257 pd.read_pickle [matched pd.read_pickle],True,main.py:222 pd.concat [matched pd.concat],True,main.py:171 sklearn.naive_bayes.MultinomialNB [matched MultinomialNB],True,main.py:134 clf.fit [matched clf.fit],True,main.py:103 sklearn.metrics.f1_score [matched f1_score],True,main.py:359 clf.predict [matched clf.predict],verified: all 6 stages present,_archive,,fallback_root,
https://github.com/alekseyen/ScoringWebServer,ok,True,6,1,1,main.py,3,8,2,0,0,True,main.py:77 pd.read_csv [matched pd.read_csv],True,modeling\run_model.py:113 sklearn.model_selection.train_test_split [matched train_test_split],True,modeling\run_model.py:88 catboost.CatBoostClassifier [matched CatBoostClassifier],True,modeling\run_model.py:98 model.fit [matched model.fit],True,modeling\run_model.py:61 sklearn.metrics.roc_auc_score [matched roc_auc_score],True,main.py:22 flask.Flask [matched Flask],verified: all 6 stages present,_archive,,dockerfile?,
https://github.com/waterwheel31/scalableMLpipeline,ok,True,6,0,1,main.py,2,8,1,0,0,True,src\train_model.py:165 pd.read_csv [matched pd.read_csv],True,src\train_model.py:51 sklearn.preprocessing.LabelEncoder [matched LabelEncoder],True,src\train_model.py:82 sklearn.ensemble.RandomForestClassifier [matched RandomForestClassifier],True,src\train_model.py:83 clf.fit [matched clf.fit],True,src\train_model.py:119 sklearn.metrics.accuracy_score [matched accuracy_score],True,main.py:25 fastapi.FastAPI [matched FastAPI],verified: all 6 stages present,_archive,,fallback_root,
https://github.com/hiimmuc/Speaker-verification-pytorch,ok,True,6,0,1,main.py,13,87,5,0,6,True,inference.py:185 np.load [matched np.load],True,utils.py:80 np.nan_to_num [matched np.nan_to_num],True,utils.py:0 class PreEmphasis [matched <class subclasses model base>],True,main.py:23 trainer.train [matched trainer.train],True,inference.py:284 sklearn.metrics.roc_curve [matched roc_curve],True,inference.py:64 model.eval [matched model.eval],verified: all 6 stages present,_archive,,fallback_root,
https://github.com/biasvariancelabs/aitlas,ok,True,6,0,1,aitlas\run.py,28,280,4,0,1,True,aitlas/run.py:44 json.load [matched json.load],True,aitlas/base/transforms.py:39 torchvision.transforms.Compose [matched torchvision.transforms.*],True,aitlas/base/adapters.py:0 class BaseInputAdapter [matched <class subclasses model base>],True,aitlas/base/change_detection.py:110 optimizer.zero_grad [matched optimizer.zero_grad],True,aitlas/base/metrics.py:198 sklearn.metrics.average_precision_score [matched average_precision_score],True,aitlas/base/change_detection.py:144 self.model.eval [matched model.eval],verified: all 6 stages present,pass2,,fallback_nested,no_dockerfile
https://github.com/peymanrasouli/CARE,ok,True,6,0,1,main.py,17,55,3,0,0,True,prepare_datasets.py:10 pd.read_csv [matched pd.read_csv],True,main.py:50 sklearn.model_selection.train_test_split [matched train_test_split],True,create_model.py:53 tf.keras.Sequential [matched keras.Sequential],True,care\care.py:560 model.fit [matched model.fit],True,create_model.py:16 sklearn.metrics.accuracy_score [matched accuracy_score],True,care\care.py:561 model.predict [matched model.predict],verified: all 6 stages present,_archive,,fallback_root,
https://github.com/gsq7474741/Paddle-NCR,ok,True,6,0,1,main.py,12,112,2,0,0,True,data_loaders\DataLoader.py:95 pd.read_csv [matched pd.read_csv],True,data_loaders\DataLoader.py:192 pd.concat [matched pd.concat],True,models\BaseModel.py:153 paddle.nn.Linear [matched nn.Linear],True,runners\BaseRunner.py:186 model.optimizer.zero_grad [matched optimizer.zero_grad],True,models\BaseModel.py:77 mean_squared_error [matched mean_squared_error],True,runners\BaseRunner.py:155 model.eval [matched model.eval],verified: all 6 stages present,_archive,,fallback_root,
https://github.com/tkim135/allennlp,ok,True,6,2,1,allennlp\run.py,381,2176,8,0,3,True,allennlp/commands/elmo.py:345 h5py.File [matched h5py.File],True,allennlp/common/util.py:289 spacy.load [matched spacy.load],True,allennlp/nn/util.py:1412 nn.ModuleList [matched nn.ModuleList],True,allennlp/commands/fine_tune.py:318 trainer.train [matched trainer.train],True,allennlp/training/metrics/auc.py:73 sklearn.metrics.roc_curve [matched roc_curve],True,allennlp/commands/elmo.py:389 torch.no_grad [matched torch.no_grad],verified: all 6 stages present,pass2,,fallback_nested,no_entry
https://github.com/felixbur/nkululeko,ok,True,6,0,1,nkululeko\train.py,90,597,7,0,2,True,nkululeko/experiment.py:63 pickle.load [matched pickle.load],True,nkululeko/experiment.py:187 pd.concat [matched pd.concat],True,nkululeko/feat_extract/feats_analyser.py:189 sklearn.naive_bayes.GaussianNB [matched GaussianNB],True,nkululeko/feat_extract/feats_analyser.py:71 model.fit [matched model.fit],True,nkululeko/reporting/reporter.py:64 sklearn.metrics.roc_curve [matched roc_curve],True,nkululeko/testing_predictor.py:63 self.model.predict [matched model.predict],verified: all 6 stages present,pass2,,fallback_nested,no_dockerfile
https://github.com/botfront/rasa-for-botfront,ok,True,6,10,1,rasa\__main__.py,197,2844,8,0,4,True,rasa/telemetry.py:258 json.load [matched json.load],True,rasa/nlu/test.py:1508 sklearn.model_selection.StratifiedKFold [matched StratifiedKFold],True,rasa/nlu/classifiers/sklearn_intent_classifier.py:160 sklearn.svm.SVC [matched SVC],True,rasa/nlu/train.py:116 trainer.train [matched trainer.train],True,rasa/test.py:281 rasa.nlu.test.cross_validate [matched cross_validate],True,rasa/nlu/classifiers/diet_classifier.py:854 self.model.predict [matched model.predict],verified: all 6 stages present,pass2,,fallback_nested,no_entry
https://github.com/selflein/MA-EBM,ok,True,6,0,1,uncertainty_est\train.py,58,505,5,0,0,True,uncertainty_est/models/__init__.py:81 yaml.load [matched yaml.load],True,uncertainty_est/data/dataloaders.py:80 torchvision.transforms.Resize [matched torchvision.transforms.*],True,uncertainty_est/models/normalizing_flow/image_flows.py:95 nn.ModuleList [matched nn.ModuleList],True,uncertainty_est/train.py:148 trainer.fit [matched trainer.fit],True,uncertainty_est/train.py:151 trainer.test [matched trainer.test],True,uncertainty_est/train.py:151 trainer.test [matched trainer.test],verified: all 6 stages present,pass2,,fallback_nested,no_dockerfile
https://github.com/eduard357/car-price-estimation,ok,True,6,0,1,main.py,1,0,0,0,0,True,main.py:35 pd.read_csv [matched pd.read_csv],True,main.py:78 sklearn.preprocessing.LabelEncoder [matched LabelEncoder],True,main.py:83 xgb.XGBRegressor [matched XGBRegressor],True,main.py:97 model.fit [matched model.fit],True,main.py:91 sklearn.model_selection.cross_val_score [matched cross_val_score],True,main.py:143 model.predict [matched model.predict],verified: all 6 stages present,_archive,,fallback_root,
https://github.com/kyshel/ich,ok,True,6,0,1,train.py,4,60,1,0,0,True,train.py:295 torch.utils.data.DataLoader [matched DataLoader],True,train.py:83 torchvision.transforms.functional.pad [matched torchvision.transforms.*],True,models.py:0 class Net [matched <class subclasses model base>],True,train.py:780 torch.utils.tensorboard.SummaryWriter [matched tensorboard.SummaryWriter],True,train.py:927 writer.add_scalar [matched writer.add_scalar],True,train.py:171 model.eval [matched model.eval],verified: all 6 stages present,_archive,,fallback_root,
https://github.com/alimirzazadeh/SemisupervisedAttention,ok,True,6,0,1,main.py,20,102,4,0,0,True,main.py:69 json.load [matched json.load],True,data_loader\new_pascal_runner.py:72 torchvision.transforms.Compose [matched torchvision.transforms.*],True,main.py:156 nn.Linear [matched nn.Linear],True,train.py:184 optimizer.zero_grad [matched optimizer.zero_grad],True,metrics\SupervisedMetrics.py:104 sklearn.metrics.average_precision_score [matched average_precision_score],True,main.py:274 torch.no_grad [matched torch.no_grad],verified: all 6 stages present,_archive,,fallback_root,
https://github.com/3neutronstar/criminal-cargo-detection,ok,True,6,0,1,main.py,19,100,4,0,0,True,Utils\params.py:6 json.load [matched json.load],True,DataProcessing\gen_data.py:77 sklearn.preprocessing.OneHotEncoder [matched OneHotEncoder],True,Learner\xgboost.py:32 xgb.XGBClassifier [matched XGBClassifier],True,Learner\indlearner.py:31 torch.utils.tensorboard.SummaryWriter [matched tensorboard.SummaryWriter],True,Learner\xgboost.py:14 sklearn.metrics.confusion_matrix [matched confusion_matrix],True,Learner\indlearner.py:124 self.model.eval [matched model.eval],verified: all 6 stages present,_archive,,fallback_root,
https://github.com/frankier/skelshop,ok,True,6,1,1,skelshop\__main__.py,93,594,6,0,0,True,skelshop/cmd/aplot.py:59 h5py.File [matched h5py.File],True,skelshop/cmd/calibrate.py:327 df.groupby [matched df.groupby],True,skelshop/cmd/iden/clus.py:497 sklearn.cluster.DBSCAN [matched DBSCAN],True,skelshop/cmd/iden/clus.py:552 clus_alg.fit_predict [matched .fit_predict],True,skelshop/cluster/score.py:17 sklearn.metrics.silhouette_score [matched silhouette_score],True,skelshop/cmd/dump.py:54 pipeline [matched pipeline],verified: all 6 stages present,pass2,,fallback_nested,no_entry
https://github.com/sallyqiansun/network-eval,ok,True,6,0,1,run.py,14,64,2,0,0,True,run.py:39 json.load [matched json.load],True,grarep.py:47 sklearn.decomposition.TruncatedSVD [matched TruncatedSVD],True,line.py:76 Model [matched Model],True,graphsage.py:317 optimizer.zero_grad [matched optimizer.zero_grad],True,NodeClassification.py:63 sklearn.metrics.f1_score [matched f1_score],True,LinkPrediction.py:128 clf.predict [matched clf.predict],verified: all 6 stages present,_archive,,fallback_root,
https://github.com/Tawfiqh/ML-Model-Comparison,ok,True,6,0,1,main.py,10,37,2,0,0,True,data\car_data.py:8 pd.read_csv [matched pd.read_csv],True,data\get_data.py:21 sklearn.model_selection.train_test_split [matched train_test_split],True,models\k_nearest.py:60 sklearn.neighbors.KNeighborsRegressor [matched KNeighborsRegressor],True,main.py:40 model.fit [matched model.fit],True,models\BaseModel.py:25 sklearn.metrics.mean_squared_error [matched mean_squared_error],True,main.py:62 model.model.predict [matched model.predict],verified: all 6 stages present,_archive,,fallback_root,
https://github.com/Tawfiqh/Car-Regression,ok,True,6,0,1,main.py,9,32,2,0,0,True,data\car_data.py:8 pd.read_csv [matched pd.read_csv],True,data\get_data.py:20 sklearn.model_selection.train_test_split [matched train_test_split],True,models\k_nearest.py:60 sklearn.neighbors.KNeighborsRegressor [matched KNeighborsRegressor],True,main.py:34 model.fit [matched model.fit],True,models\BaseModel.py:25 sklearn.metrics.mean_squared_error [matched mean_squared_error],True,main.py:56 model.model.predict [matched model.predict],verified: all 6 stages present,_archive,,fallback_root,
https://github.com/MIR-MU/regemt,ok,True,6,0,1,main.py,15,144,2,0,0,True,common.py:231 pd.read_csv [matched pd.read_csv],True,ood_metrics.py:78 spacy.load [matched spacy.load],True,ensemble.py:142 sklearn.linear_model.LinearRegression [matched LinearRegression],True,ensemble.py:217 sklearn.model_selection.GridSearchCV [matched GridSearchCV],True,conventional_metrics.py:18 sacrebleu.corpus_bleu [matched sacrebleu.corpus_bleu],True,main.py:167 metric.model.predict [matched model.predict],verified: all 6 stages present,_archive,,fallback_root,
https://github.com/xmuyulab/DAISM-XMBD,ok,True,6,1,1,daism\daism.py,4,19,1,0,0,True,daism/daism.py:110 pd.read_csv [matched pd.read_csv],True,daism/modules/simulation.py:193 pd.concat [matched pd.concat],True,daism/modules/training.py:0 class MLP [matched <class subclasses model base>],True,daism/modules/training.py:181 optimizer.zero_grad [matched optimizer.zero_grad],True,daism/modules/prediction.py:82 sklearn.metrics.mean_squared_error [matched mean_squared_error],True,daism/modules/training.py:126 model.eval [matched model.eval],verified: all 6 stages present,pass2,,fallback_console_script,no_entry
https://github.com/mariusbock/dl-for-har,ok,True,6,0,1,main.py,10,48,2,0,0,True,main.py:208 data_processing.preprocess_data.load_dataset [matched load_dataset],True,main.py:247 sklearn.model_selection.train_test_split [matched train_test_split],True,model\train.py:0 class Maxup [matched <class subclasses model base>],True,model\train.py:468 lr_scheduler.step [matched lr_scheduler.step],True,model\validation.py:131 sklearn.metrics.jaccard_score [matched jaccard_score],True,model\train.py:403 torch.no_grad [matched torch.no_grad],verified: all 6 stages present,_archive,,fallback_root,
https://github.com/VineetKT/ML_fastapi_on_Heroku_CI-CD,ok,True,6,0,1,main.py,4,8,2,0,0,True,starter\train_model.py:14 pd.read_csv [matched pd.read_csv],True,starter\train_model.py:17 sklearn.model_selection.train_test_split [matched train_test_split],True,starter\ml\model.py:25 sklearn.ensemble.RandomForestClassifier [matched RandomForestClassifier],True,starter\ml\model.py:27 clf.fit [matched clf.fit],True,starter\ml\model.py:48 sklearn.metrics.fbeta_score [matched fbeta_score],True,starter\ml\model.py:70 model.predict [matched model.predict],verified: all 6 stages present,_archive,,fallback_root,
https://github.com/nltk/nltk,ok,True,6,0,1,nltk\cli.py,231,4918,6,0,1,True,nltk/data.py:1626 yaml.safe_load [matched yaml.safe_load],True,nltk/text.py:631 nltk.tokenize.sent_tokenize [matched nltk.tokenize.sent_tokenize],True,nltk/classify/decisiontree.py:191 DecisionTreeClassifier [matched DecisionTreeClassifier],True,nltk/text.py:611 model.fit [matched model.fit],True,nltk/translate/bleu_score.py:132 corpus_bleu [matched corpus_bleu],True,nltk/parse/transitionparser.py:686 model.predict_proba [matched model.predict_proba],verified: all 6 stages present,pass2,,fallback_console_script,no_dockerfile
https://github.com/kdziedzic66/hate_speech,ok,True,6,1,1,deployment\app.py,13,44,3,0,0,True,pipeline.py:70 data.dataloader.DataLoader [matched DataLoader],True,pipeline_steps\text_encoding.py:11 transformers.BertTokenizer.from_pretrained [matched BertTokenizer.from_pretrained],True,pipeline_steps\bert_classifier_module.py:0 class BertHateClassifier [matched <class subclasses model base>],True,pipeline.py:99 trainer.train [matched trainer.train],True,model_training\trainer.py:78 sklearn.metrics.f1_score [matched f1_score],True,deployment\app.py:15 flask.Flask [matched Flask],verified: all 6 stages present,_archive,,dockerfile?,
https://github.com/cyfronet-fid/recommender-system,ok,True,6,1,1,app.py,161,438,7,0,1,True,recommender\engines\rl\ml_components\reward_mapping.py:55 pd.read_csv [matched pd.read_csv],True,recommender\engines\autoencoders\inference\embedding_component.py:23 recommender.engines.autoencoders.ml_components.normalizer.Normalizer [matched Normalizer],True,recommender\engines\autoencoders\ml_components\autoencoder.py:0 class AutoEncoder [matched <class subclasses model base>],True,recommender\engines\autoencoders\training\model_training_step.py:162 loss.backward [matched loss.backward],True,recommender\engines\ncf\training\model_evaluation_step.py:105 sklearn.metrics.classification_report [matched classification_report],True,recommender\__init__.py:37 flask.Flask [matched Flask],verified: all 6 stages present,_archive,,dockerfile?,
https://github.com/ethz-asl/object_keypoints,ok,True,6,0,1,scripts\train.py,12,120,4,0,0,True,scripts/train.py:143 def train_dataloader [matched <lightning hook train_dataloader>],True,perception/datasets/video.py:98 A.Compose [matched A.Compose],True,scripts/train.py:0 class KeypointModule [matched <class subclasses model base>],True,scripts/train.py:61 def training_step [matched <lightning hook training_step>],True,scripts/train.py:77 def validation_step [matched <lightning hook validation_step>],True,perception/corner_net_lite/core/nnet/py_factory.py:101 torch.no_grad [matched torch.no_grad],verified: all 6 stages present,pass2,,fallback_nested,no_dockerfile
https://github.com/Jokoe66/TianchiTrafficEstimation,ok,True,6,0,1,train.py,15,157,2,0,0,True,train.py:215 torch.utils.data.DataLoader [matched DataLoader],True,train.py:191 sklearn.model_selection.StratifiedKFold [matched StratifiedKFold],True,lib\models\classifier.py:0 class Classifier [matched <class subclasses model base>],True,train.py:111 optimizer.zero_grad [matched optimizer.zero_grad],True,train.py:57 sklearn.metrics.confusion_matrix [matched confusion_matrix],True,train.py:43 torch.no_grad [matched torch.no_grad],verified: all 6 stages present,_archive,,fallback_root,
https://github.com/RAraghavarora/DFTB,ok,True,6,0,1,train.py,1,10,0,0,0,True,train.py:71 def prepare_data [matched <lightning hook prepare_data>],True,train.py:166 sklearn.preprocessing.StandardScaler [matched StandardScaler],True,train.py:186 tf.keras.layers.Dense [matched tf.keras.layers.*],True,train.py:203 model.fit [matched model.fit],True,train.py:221 sklearn.metrics.mean_absolute_error [matched mean_absolute_error],True,train.py:219 model.predict [matched model.predict],verified: all 6 stages present,_archive,,fallback_root,
https://github.com/ogunlao/saint,ok,True,6,0,1,main.py,16,73,4,0,0,True,src\dataloader.py:22 torch.utils.data.DataLoader [matched DataLoader],True,src\dataset.py:125 sklearn.preprocessing.LabelEncoder [matched LabelEncoder],True,src\train.py:21 nn.Linear [matched nn.Linear],True,main.py:11 hydra.main [matched hydra.main],True,src\train.py:45 trainer.test [matched trainer.test],True,src\trainer.py:63 torch.no_grad [matched torch.no_grad],verified: all 6 stages present,_archive,,fallback_root,
https://github.com/microsoft/torchgeo,ok,True,6,0,1,torchgeo\__main__.py,284,1665,6,0,1,True,torchgeo/datamodules/geo.py:81 def prepare_data [matched <lightning hook prepare_data>],True,torchgeo/datamodules/agrifieldnet.py:51 kornia.augmentation.AugmentationSequential [matched kornia.augmentation.*],True,torchgeo/tasks/base.py:0 class BaseTask [matched <class subclasses model base>],True,torchgeo/tasks/base.py:56 def configure_optimizers [matched <lightning hook configure_optimizers>],True,torchgeo/tasks/byol.py:421 def validation_step [matched <lightning hook validation_step>],True,torchgeo/tasks/byol.py:429 def predict_step [matched <lightning hook predict_step>],verified: all 6 stages present,pass2,,fallback_nested,no_dockerfile
https://github.com/johnmatzakos/detect-covid-19-in-xray-images,ok,True,6,0,1,main.py,5,14,1,0,0,True,data_preprocessing.py:42 cv2.imread [matched cv2.imread],True,main.py:30 sklearn.model_selection.train_test_split [matched train_test_split],True,data_mining.py:26 tf.keras.layers.Dropout [matched tf.keras.layers.*],True,data_mining.py:137 model.fit [matched model.fit],True,evaluation.py:17 sklearn.metrics.classification_report [matched classification_report],True,evaluation.py:11 model.predict [matched model.predict],verified: all 6 stages present,_archive,,fallback_root,
https://github.com/takeru1205/AutoEncoderForClassification,ok,True,6,1,1,main.py,5,34,2,0,0,True,load_data.py:28 torchvision.datasets.CIFAR10 [matched torchvision.datasets.*],True,main.py:28 torchvision.transforms.Compose [matched torchvision.transforms.*],True,model.py:0 class Encoder [matched <class subclasses model base>],True,main.py:51 torch.utils.tensorboard.SummaryWriter [matched tensorboard.SummaryWriter],True,main.py:72 trainer.test [matched trainer.test],True,trainer.py:208 torch.no_grad [matched torch.no_grad],verified: all 6 stages present,_archive,,dockerfile?,
https://github.com/iamraymondlow/poi-conflation-tool,ok,True,6,0,1,main.py,8,68,1,0,0,True,main.py:26 json.load [matched json.load],True,main.py:63 pd.concat [matched pd.concat],True,main.py:140 model.Model [matched Model],True,model.py:330 sklearn.model_selection.GridSearchCV [matched GridSearchCV],True,model.py:108 sklearn.metrics.accuracy_score [matched accuracy_score],True,main.py:396 model.predict_proba [matched model.predict_proba],verified: all 6 stages present,_archive,,fallback_root,
https://github.com/Pit-CL/footprintwifi,ok,True,6,0,1,main.py,1,16,0,0,0,True,main.py:204 geopandas.read_file [matched geopandas.read_file],True,main.py:569 pyspark.ml.feature.MinMaxScaler [matched MinMaxScaler],True,main.py:677 lgb.LGBMClassifier [matched LGBMClassifier],True,main.py:678 clf.fit [matched clf.fit],True,main.py:687 sklearn.metrics.accuracy_score [matched accuracy_score],True,main.py:681 clf.predict [matched clf.predict],verified: all 6 stages present,_archive,,fallback_root,
https://github.com/Alexhaoge/MLSR,ok,True,6,0,1,main.py,6,47,2,0,0,True,MLSR\data.py:27 pd.read_csv [matched pd.read_csv],True,MLSR\data.py:65 pd.concat [matched pd.concat],True,MLSR\primary.py:165 sklearn.tree.DecisionTreeClassifier [matched DecisionTreeClassifier],True,MLSR\primary.py:100 sklearn.model_selection.GridSearchCV [matched GridSearchCV],True,MLSR\primary.py:124 sklearn.metrics.accuracy_score [matched accuracy_score],True,MLSR\tsvm.py:81 self.clf.predict [matched clf.predict],verified: all 6 stages present,_archive,,fallback_root,
https://github.com/rvorias/ind_knn_ad,ok,True,6,0,1,run.py,4,44,1,0,0,True,indad\data.py:51 tarfile.open [matched tarfile.open],True,indad\data.py:69 torchvision.transforms.Compose [matched torchvision.transforms.*],True,indad\models.py:0 class KNNExtractor [matched <class subclasses model base>],True,run.py:51 model.fit [matched model.fit],True,run.py:53 model.evaluate [matched model.evaluate],True,indad\models.py:53 torch.no_grad [matched torch.no_grad],verified: all 6 stages present,_archive,,fallback_root,
https://github.com/joepalermo/dm_math_solvers,ok,True,6,0,1,train.py,15,180,5,0,0,True,train.py:77 torch.utils.data.DataLoader [matched DataLoader],True,environment\envs\math_env.py:85 sentencepiece.SentencePieceProcessor [matched sentencepiece.SentencePieceProcessor],True,modelling\transformer_encoder.py:0 class PositionalEncoding [matched <class subclasses model base>],True,train.py:21 torch.utils.tensorboard.SummaryWriter [matched tensorboard.SummaryWriter],True,modelling\train_utils.py:324 writer.add_scalar [matched writer.add_scalar],True,modelling\train_utils.py:172 torch.no_grad [matched torch.no_grad],verified: all 6 stages present,_archive,,fallback_root,
https://github.com/Raghuveer1997/Sentiment_Analysis,ok,True,6,0,1,app.py,4,25,2,0,0,True,model\library\cnn_lstm.py:46 np.load [matched np.load],True,model\library\cnn_lstm.py:107 sklearn.model_selection.train_test_split [matched train_test_split],True,model\library\cnn_lstm.py:58 keras.layers.Embedding [matched layers.Embedding],True,model\library\cnn_lstm.py:114 self.model.fit [matched model.fit],True,model\library\cnn_lstm.py:122 self.model.evaluate [matched model.evaluate],True,app.py:16 flask.Flask [matched Flask],verified: all 6 stages present,_archive,,fallback_root,
https://github.com/javabudd/jtrader,ok,True,6,1,1,jtrader\main.py,49,210,6,0,0,True,jtrader/core/ml.py:72 pd.read_pickle [matched pd.read_pickle],True,jtrader/core/backtester.py:33 pd.to_datetime [matched pd.to_datetime],True,jtrader/core/trader/pairs.py:60 sklearn.linear_model.LinearRegression [matched LinearRegression],True,jtrader/core/trader/pairs.py:70 regr.fit [matched regr.fit],True,jtrader/core/trader/pairs.py:74 sklearn.metrics.r2_score [matched r2_score],True,jtrader/core/ml.py:254 model.predict [matched model.predict],verified: all 6 stages present,pass2,,fallback_nested,no_entry
https://github.com/elenamer/ecg_classification_DL,ok,True,6,0,1,run.py,23,212,3,0,0,True,datasets\arr10000dataset.py:80 pd.read_excel [matched pd.read_excel],True,models\ptb2020wavelet.py:128 sklearn.preprocessing.StandardScaler [matched StandardScaler],True,models\rtacnn.py:32 tf.keras.layers.Conv1D [matched tf.keras.layers.*],True,models\ptb2020wavelet.py:120 clf.fit [matched clf.fit],True,evaluation\experiment.py:303 sklearn.metrics.roc_auc_score [matched roc_auc_score],True,models\ptb2020wavelet.py:167 model.predict [matched model.predict],verified: all 6 stages present,_archive,,fallback_root,
https://github.com/Jingnan-Jia/ssc_scoring,ok,True,6,0,1,ssc_scoring\run.py,16,167,3,0,0,True,ssc_scoring/mymodules/tool.py:151 pd.read_csv [matched pd.read_csv],True,ssc_scoring/mymodules/mydata.py:123 sklearn.model_selection.KFold [matched KFold],True,ssc_scoring/mymodules/myloss.py:0 class MSEHigher [matched <class subclasses model base>],True,ssc_scoring/run.py:176 loss.backward [matched loss.backward],True,ssc_scoring/run.py:186 mlflow.log_metric [matched mlflow.log_metric],True,ssc_scoring/run.py:130 torch.no_grad [matched torch.no_grad],verified: all 6 stages present,pass2,,fallback_nested,no_dockerfile
https://github.com/tomerkeren42/MetabolicRate,ok,True,6,0,1,main.py,6,38,2,0,0,True,dataset_prepare.py:17 pd.read_csv [matched pd.read_csv],True,dataset_prepare.py:29 self.df.dropna [matched df.dropna],True,optuna_search.py:16 nn.Linear [matched nn.Linear],True,optuna_search.py:69 optimizer.zero_grad [matched optimizer.zero_grad],True,optuna_search.py:86 sklearn.metrics.r2_score [matched r2_score],True,optuna_search.py:76 torch.no_grad [matched torch.no_grad],verified: all 6 stages present,_archive,,fallback_root,
https://github.com/imanefarah/ocp-heroku,ok,True,6,0,1,main.py,1,8,0,0,0,True,main.py:43 pd.read_csv [matched pd.read_csv],True,main.py:123 sklearn.model_selection.train_test_split [matched train_test_split],True,main.py:107 xgb.XGBRegressor [matched XGBRegressor],True,main.py:158 model.fit [matched model.fit],True,main.py:160 sklearn.metrics.r2_score [matched r2_score],True,main.py:126 st.write [matched st.write],verified: all 6 stages present,_archive,,fallback_root,
https://github.com/GiuliaLanzillotta/CausalAE,ok,True,6,0,1,main.py,41,526,5,0,0,True,experiments\EvaluationManager.py:205 pickle.load [matched pickle.load],True,experiments\EvaluationManager.py:554 pd.concat [matched pd.concat],True,experiments\BaseManager.py:0 class BaseVisualExperiment [matched <class subclasses model base>],True,main.py:122 ray.tune.run [matched ray.tune.run],True,experiments\ModelsManager.py:58 def validation_step [matched <lightning hook validation_step>],True,experiments\EvaluationManager.py:37 self.model.eval [matched model.eval],verified: all 6 stages present,_archive,,fallback_root,
https://github.com/ZhaoqingLiu/FuzzyTrees,ok,True,6,0,1,run.py,10,83,2,0,0,True,fuzzytrees\fdt_base.py:969 pd.read_csv [matched pd.read_csv],True,run.py:32 sklearn.model_selection.train_test_split [matched train_test_split],True,fuzzytrees\util_preprocessing_funcs.py:60 sklearn.cluster.KMeans [matched KMeans],True,run.py:45 clf.fit [matched clf.fit],True,run.py:58 sklearn.metrics.accuracy_score [matched accuracy_score],True,run.py:62 clf.predict [matched clf.predict],verified: all 6 stages present,_archive,,fallback_root,
https://github.com/ML4ITS/mtad-gat-pytorch,ok,True,6,0,1,train.py,9,114,3,0,0,True,utils.py:82 pickle.load [matched pickle.load],True,utils.py:14 np.nan_to_num [matched np.nan_to_num],True,mtad_gat.py:0 class MTAD_GAT [matched <class subclasses model base>],True,train.py:115 trainer.fit [matched trainer.fit],True,train.py:120 trainer.evaluate [matched trainer.evaluate],True,prediction.py:47 self.model.eval [matched model.eval],verified: all 6 stages present,_archive,,fallback_root,
https://github.com/marcobenito/hipf,ok,True,6,0,1,run.py,15,119,3,0,0,True,app\__init__.py:57 json.load [matched json.load],True,app\src\utils\utils.py:303 pd.concat [matched pd.concat],True,app\src\features\feature_engineering.py:0 class DropFeatures [matched <class subclasses model base>],True,app\src\models\train_model.py:105 clf.fit [matched clf.fit],True,app\src\evaluation\evaluate_model.py:46 sklearn.metrics.confusion_matrix [matched confusion_matrix],True,run.py:63 flask.Flask [matched Flask],verified: all 6 stages present,_archive,,fallback_root,
https://github.com/cy-xu/cosmic-conn,ok,True,6,0,1,cosmic_conn\train.py,9,132,3,0,0,True,cosmic_conn/dl_framework/dataloader.py:114 torch.utils.data.DataLoader [matched DataLoader],True,cosmic_conn/dl_framework/utils_ml.py:30 np.nan_to_num [matched np.nan_to_num],True,cosmic_conn/dl_framework/cosmic_conn.py:0 class Cosmic_CoNN [matched <class subclasses model base>],True,cosmic_conn/dl_framework/cosmic_conn.py:184 self.lr_scheduler.step [matched lr_scheduler.step],True,cosmic_conn/dl_framework/cosmic_conn.py:510 self.writer.add_scalar [matched writer.add_scalar],True,cosmic_conn/dl_framework/cosmic_conn.py:247 torch.no_grad [matched torch.no_grad],verified: all 6 stages present,pass2,,fallback_nested,no_dockerfile
https://github.com/Keredu/Intracranial-Hemorrhage-Detection,ok,True,6,0,1,main.py,13,34,3,0,0,True,src\config.py:107 yaml.safe_load [matched yaml.safe_load],True,src\config.py:22 torchvision.transforms.Compose [matched torchvision.transforms.*],True,src\model.py:0 class EfficientClassification [matched <class subclasses model base>],True,src\training.py:74 optimizer.zero_grad [matched optimizer.zero_grad],True,src\metrics.py:13 sklearn.metrics.roc_curve [matched roc_curve],True,src\training.py:58 model.eval [matched model.eval],verified: all 6 stages present,_archive,,fallback_root,
https://github.com/AugF/optimize-pygs,ok,True,6,0,1,neuroc_pygs\train.py,23,168,4,0,0,True,neuroc_pygs/options.py:144 np.load [matched np.load],True,neuroc_pygs/utils/utils.py:72 torch_geometric.transforms.Compose [matched transforms.Compose],True,neuroc_pygs/models/gaan.py:0 class GaAN [matched <class subclasses model base>],True,neuroc_pygs/sec4_time/epoch_utils.py:11 optimizer.zero_grad [matched optimizer.zero_grad],True,neuroc_pygs/utils/evaluator.py:14 sklearn.metrics.f1_score [matched f1_score],True,neuroc_pygs/sec4_time/epoch_utils.py:19 model.eval [matched model.eval],verified: all 6 stages present,pass2,,fallback_nested,no_dockerfile
https://github.com/Hydrospheredata/hydro-visualization,ok,True,6,1,1,hydro_viz\run.py,13,69,4,0,0,True,hydro_viz\utils\conf.py:47 pymongo.MongoClient [matched pymongo.MongoClient],True,hydro_viz\ml_transformers\autoembeddings.py:55 sklearn.preprocessing.OneHotEncoder [matched OneHotEncoder],True,hydro_viz\ml_transformers\metrics.py:51 sklearn.svm.SVC [matched SVC],True,hydro_viz\ml_transformers\metrics.py:57 sklearn.model_selection.GridSearchCV [matched GridSearchCV],True,hydro_viz\ml_transformers\metrics.py:65 sklearn.metrics.roc_auc_score [matched roc_auc_score],True,hydro_viz\app.py:22 flask.Flask [matched Flask],verified: all 6 stages present,_archive,,dockerfile?,
https://github.com/JeroendenBoef/GraphPOPE,ok,True,6,0,1,main.py,2,35,1,0,0,True,main.py:85 def prepare_data [matched <lightning hook prepare_data>],True,utils.py:153 sklearn.preprocessing.MinMaxScaler [matched MinMaxScaler],True,main.py:0 class SAGE [matched <class subclasses model base>],True,main.py:213 def training_step [matched <lightning hook training_step>],True,main.py:224 def validation_step [matched <lightning hook validation_step>],True,main.py:293 trainer.test [matched trainer.test],verified: all 6 stages present,_archive,,fallback_root,
https://github.com/viramya-shah/Improving-Customer-Experience,ok,True,6,0,1,app.py,7,35,1,0,0,True,app.py:86 pickle.load [matched pickle.load],True,churn_helper\churn_analysis.py:86 pd.cut [matched pd.cut],True,churn_helper\churn_analysis.py:366 sklearn.linear_model.LogisticRegression [matched LogisticRegression],True,churn_helper\churn_analysis.py:385 estimator.fit [matched estimator.fit],True,churn_helper\churn_analysis.py:397 sklearn.metrics.classification_report [matched classification_report],True,app.py:61 st.write [matched st.write],verified: all 6 stages present,_archive,,fallback_root,
https://github.com/SeiyaMatsuda/LIFont,ok,True,6,0,1,main.py,15,150,3,0,0,True,main.py:33 np.load [matched np.load],True,dataset.py:219 torchvision.transforms.Compose [matched torchvision.transforms.*],True,models\PGmodel.py:0 class Mapping_net [matched <class subclasses model base>],True,main.py:98 torch.utils.tensorboard.SummaryWriter [matched tensorboard.SummaryWriter],True,trainer\train.py:220 writer.add_scalar [matched writer.add_scalar],True,utils\metrics.py:192 model.eval [matched model.eval],verified: all 6 stages present,_archive,,fallback_root,
https://github.com/icik251/HWR_group_5,ok,True,6,0,1,main.py,9,69,2,0,0,True,utils.py:81 cv2.imread [matched cv2.imread],True,character_style_recognition\data_prep_tensor.py:41 torchvision.transforms.Compose [matched torchvision.transforms.*],True,main.py:93 character_style_recognition.model.Model [matched Model],True,character_style_recognition\model.py:262 optimizer.zero_grad [matched optimizer.zero_grad],True,character_style_recognition\model.py:209 sklearn.metrics.confusion_matrix [matched confusion_matrix],True,character_style_recognition\model.py:155 self.model.eval [matched model.eval],verified: all 6 stages present,_archive,,fallback_root,
https://github.com/DrFab1/va_explainable_ai,ok,True,6,0,1,app.py,1,12,0,0,0,True,app.py:38 pd.read_csv [matched pd.read_csv],True,app.py:837 sklearn.model_selection.train_test_split [matched train_test_split],True,app.py:39 sklearn.linear_model.LinearRegression [matched LinearRegression],True,app.py:841 model.fit [matched model.fit],True,app.py:850 sklearn.metrics.mean_absolute_error [matched mean_absolute_error],True,app.py:844 model.predict [matched model.predict],verified: all 6 stages present,_archive,,fallback_root,
https://github.com/nidhaloff/igel,ok,True,6,1,1,igel\__main__.py,12,69,3,0,0,True,igel/utils.py:27 yaml.safe_load [matched yaml.safe_load],True,igel/igel.py:371 pd.concat [matched pd.concat],True,igel/extras/kmedoids.py:0 class KMedoids [matched <class subclasses model base>],True,igel/igel.py:521 self.model.fit [matched model.fit],True,igel/igel.py:490 sklearn.model_selection.cross_validate [matched cross_validate],True,igel/igel.py:546 self.model.predict [matched model.predict],verified: all 6 stages present,pass2,,fallback_nested,no_entry
https://github.com/UVA-MCPS-Lab/CARNA,ok,True,6,0,1,main.py,3,39,1,0,0,True,MVDD\MVDD_Generator.py:542 pickle.load [matched pickle.load],True,MVDD\MVDD_Generator.py:78 sklearn.model_selection.StratifiedKFold [matched StratifiedKFold],True,MVDD\MVDD_Generator.py:57 sklearn.tree.DecisionTreeClassifier [matched DecisionTreeClassifier],True,MVDD\MVDD_Generator.py:550 sklearn.model_selection.GridSearchCV [matched GridSearchCV],True,MVDD\MVDD_Generator.py:120 sklearn.metrics.confusion_matrix [matched confusion_matrix],True,MVDD\MVDD.py:122 self.model.predict [matched model.predict],verified: all 6 stages present,_archive,,fallback_root,
https://github.com/jozieLamp/CARNA,ok,True,6,0,1,main.py,3,39,1,0,0,True,MVDD\MVDD_Generator.py:596 pickle.load [matched pickle.load],True,MVDD\MVDD_Generator.py:78 sklearn.model_selection.StratifiedKFold [matched StratifiedKFold],True,MVDD\MVDD_Generator.py:57 sklearn.tree.DecisionTreeClassifier [matched DecisionTreeClassifier],True,MVDD\MVDD_Generator.py:604 sklearn.model_selection.GridSearchCV [matched GridSearchCV],True,MVDD\MVDD_Generator.py:120 sklearn.metrics.confusion_matrix [matched confusion_matrix],True,MVDD\MVDD.py:122 self.model.predict [matched model.predict],verified: all 6 stages present,_archive,,fallback_root,
https://github.com/paragrapharamus/msdp,ok,True,6,1,1,run.py,26,266,3,0,0,True,run.py:163 load_dataset [matched load_dataset],True,attacks.py:350 sklearn.model_selection.train_test_split [matched train_test_split],True,models.py:0 class MSDPBase [matched <class subclasses model base>],True,models.py:37 def training_step [matched <lightning hook training_step>],True,dp_stages.py:145 self.log [matched self.log],True,dp_stages.py:139 torch.no_grad [matched torch.no_grad],verified: all 6 stages present,_archive,,dockerfile?,
https://github.com/HastingsGreer/OAI_analysis,ok,True,6,0,1,segmentation\train.py,12,194,2,0,0,True,segmentation/train.py:312 torch.utils.data.DataLoader [matched DataLoader],True,segmentation/train.py:303 torchvision.transforms.Compose [matched torchvision.transforms.*],True,segmentation/networks.py:0 class UNet [matched <class subclasses model base>],True,segmentation/train.py:43 tensorboardX.SummaryWriter [matched SummaryWriter],True,segmentation/train.py:99 writer.add_scalar [matched writer.add_scalar],True,segmentation/train.py:114 torch.no_grad [matched torch.no_grad],verified: all 6 stages present,pass2,,fallback_nested,no_dockerfile
https://github.com/pelekhs/RiskML,ok,True,6,3,1,train.py,8,34,1,0,0,True,utils.py:56 zipfile.ZipFile [matched zipfile.ZipFile],True,train.py:119 sklearn.pipeline.Pipeline [matched sklearn.pipeline.Pipeline],True,explanation\explainers.py:24 lgb.Dataset [matched lgb.Dataset],True,train.py:339 mlflow.start_run [matched mlflow.start_run],True,train.py:159 mlflow.log_metrics [matched mlflow.log_metrics],True,train.py:138 model.predict_proba [matched model.predict_proba],verified: all 6 stages present,_archive,,dockerfile?,
https://github.com/sanghyeonp/MP-Net,ok,True,6,2,1,main.py,55,188,6,0,0,True,main.py:203 torch.utils.data.DataLoader [matched DataLoader],True,src\functional\preprocess.py:14 torchvision.transforms.transforms.Normalize [matched torchvision.transforms.*],True,main.py:178 nn.Conv2d [matched nn.Conv2d],True,src\functional\fit_unet.py:15 optimizer.zero_grad [matched optimizer.zero_grad],True,main.py:127 src.segmentation_models.segmentation_models_pytorch.utils.metrics.Accuracy [matched Accuracy],True,src\functional\fit_unet.py:83 model.eval [matched model.eval],verified: all 6 stages present,_archive,,dockerfile?,
https://github.com/almonds0166/BCN,ok,True,6,0,1,bcn\__main__.py,6,44,4,0,0,True,bcn/bcn.py:128 torch.utils.data.DataLoader [matched DataLoader],True,bcn/bcn.py:120 torchvision.transforms.Compose [matched torchvision.transforms.*],True,bcn/bcn.py:0 class BCNLayer [matched <class subclasses model base>],True,bcn/bcn.py:748 loss.backward [matched loss.backward],True,bcn/bcn.py:780 sklearn.metrics.precision_recall_fscore_support [matched precision_recall_fscore_support],True,bcn/bcn.py:767 torch.no_grad [matched torch.no_grad],verified: all 6 stages present,pass2,,fallback_nested,no_dockerfile
https://github.com/jckuri/Heroku_FastAPI,ok,True,6,0,1,main.py,4,31,2,0,0,True,starter\starter\train_model.py:32 pd.read_csv [matched pd.read_csv],True,starter\starter\train_model.py:40 sklearn.model_selection.model_selection.train_test_split [matched train_test_split],True,starter\starter\ml\model.py:26 sklearn.metrics.ensemble.RandomForestClassifier [matched RandomForestClassifier],True,starter\starter\ml\model.py:33 sklearn.metrics.model_selection.GridSearchCV [matched GridSearchCV],True,starter\starter\ml\model.py:56 sklearn.metrics.metrics.fbeta_score [matched fbeta_score],True,main.py:20 fastapi.FastAPI [matched FastAPI],verified: all 6 stages present,_archive,,fallback_root,
https://github.com/PowerLineSeg/PointCAD,ok,True,6,5,1,train.py,61,700,8,0,2,True,torch_points3d\datasets\base_dataset.py:339 def train_dataloader [matched <lightning hook train_dataloader>],True,torch_points3d\datasets\base_dataset.py:112 torch_geometric.transforms.Compose [matched transforms.Compose],True,torch_points3d\models\base_model.py:0 class BaseModel [matched <class subclasses model base>],True,train.py:14 trainer.train [matched trainer.train],True,torch_points3d\metrics\base_tracker.py:100 wandb.log [matched wandb.log],True,torch_points3d\trainer.py:288 torch.no_grad [matched torch.no_grad],verified: all 6 stages present,_archive,,dockerfile?,
https://github.com/TeamGenerAid/GANerAid,ok,True,6,0,1,GANerAid\main.py,10,48,3,0,0,True,GANerAid/main.py:9 pd.read_csv [matched pd.read_csv],True,GANerAid/data_preprocessor.py:40 sklearn.preprocessing.MinMaxScaler [matched MinMaxScaler],True,GANerAid/evaluation_report.py:101 sklearn.ensemble.RandomForestClassifier [matched RandomForestClassifier],True,GANerAid/evaluation_report.py:102 clf.fit [matched clf.fit],True,GANerAid/evaluation_report.py:55 sklearn.metrics.mean_squared_error [matched mean_squared_error],True,GANerAid/evaluation_report.py:105 clf.predict [matched clf.predict],verified: all 6 stages present,pass2,,fallback_nested,no_dockerfile
https://github.com/kkrismer/seqgra,ok,True,6,0,1,seqgra\seqgra.py,87,685,4,0,0,True,seqgra/learner/learner.py:224 pd.read_csv [matched pd.read_csv],True,seqgra/evaluator/evaluator.py:440 df.groupby [matched df.groupby],True,seqgra/learner/tensorflow/kerashelper.py:66 tf.keras.Sequential [matched keras.Sequential],True,seqgra/learner/tensorflow/kerashelper.py:220 learner.model.fit [matched model.fit],True,seqgra/evaluator/prevaluator.py:57 sklearn.metrics.precision_recall_curve [matched precision_recall_curve],True,seqgra/learner/tensorflow/kerashelper.py:256 learner.model.predict [matched model.predict],verified: all 6 stages present,pass2,,fallback_console_script,no_dockerfile
https://github.com/cassiahh/TCC,ok,True,6,1,1,main.py,4,26,1,0,0,True,src\predictor.py:102 def prepare_data [matched <lightning hook prepare_data>],True,main.py:83 pd.to_numeric [matched pd.to_numeric],True,src\predictor.py:166 keras.layers.LSTM [matched layers.LSTM],True,src\predictor.py:180 model.fit [matched model.fit],True,src\predictor.py:181 model.evaluate [matched model.evaluate],True,main.py:61 st.write [matched st.write],verified: all 6 stages present,_archive,,dockerfile?,
https://github.com/kavko8/jiant_slovene,ok,True,6,0,1,main.py,149,1186,6,0,1,True,main.py:127 json.load [matched json.load],True,jiant\proj\main\tokenize_and_cache.py:152 transformers.AutoTokenizer.from_pretrained [matched AutoTokenizer.from_pretrained],True,jiant\proj\main\modeling\model_setup.py:55 transformers.AutoModel.from_pretrained [matched AutoModel.from_pretrained],True,jiant\proj\main\runner.py:117 self.optimizer_scheduler.optimizer.zero_grad [matched optimizer.zero_grad],True,jiant\tasks\evaluate\core.py:294 sklearn.metrics.f1_score [matched f1_score],True,jiant\proj\main\runner.py:324 torch.no_grad [matched torch.no_grad],verified: all 6 stages present,_archive,,fallback_root,
https://github.com/KostyaRyabov/phishDetect,ok,True,6,0,1,main.py,6,297,2,0,0,True,main.py:82 pd.read_csv [matched pd.read_csv],True,main.py:113 pd.concat [matched pd.concat],True,feature_extractor.py:406 sklearn.svm.SVC [matched SVC],True,ml_algs.py:553 model.fit [matched model.fit],True,ml_algs.py:564 model.evaluate [matched model.evaluate],True,ml_algs.py:570 model.predict [matched model.predict],verified: all 6 stages present,_archive,,fallback_root,
https://github.com/appleparan/mise.py,ok,True,6,0,1,mise\__main__.py,21,459,3,0,0,True,mise/dl/mlp_mul_ms.py:1001 def train_dataloader [matched <lightning hook train_dataloader>],True,mise/dl/mlp_mul_ms.py:860 pd.concat [matched pd.concat],True,mise/dl/dt_xgboost.py:328 xgb.XGBRegressor [matched XGBRegressor],True,mise/dl/mlp_mul_ms.py:704 def configure_optimizers [matched <lightning hook configure_optimizers>],True,mise/dl/mlp_mul_ms.py:765 def validation_step [matched <lightning hook validation_step>],True,mise/dl/mlp_mul_ms.py:584 trainer.test [matched trainer.test],verified: all 6 stages present,pass2,,fallback_nested,no_dockerfile
https://github.com/tdeng-zuel/scRNA-FeatureSelection,ok,True,6,0,1,main.py,21,112,3,0,0,True,selection\utils.py:81 pd.read_csv [matched pd.read_csv],True,data_loader\dataset.py:114 sklearn.model_selection.StratifiedKFold [matched StratifiedKFold],True,selection\methods.py:251 sklearn.ensemble.RandomForestClassifier [matched RandomForestClassifier],True,selection\methods.py:313 sklearn.model_selection.GridSearchCV [matched GridSearchCV],True,experiments\metrics.py:62 sklearn.metrics.classification_report [matched classification_report],True,other_steps\classification.py:88 clf.predict [matched clf.predict],verified: all 6 stages present,_archive,,fallback_root,
https://github.com/joaopedromattos/GNEE,ok,True,6,0,1,main.py,6,31,3,0,0,True,utils.py:34 pd.read_csv [matched pd.read_csv],True,train.py:252 df.dropna [matched df.dropna],True,models.py:0 class GAT [matched <class subclasses model base>],True,train.py:160 optimizer.zero_grad [matched optimizer.zero_grad],True,main.py:110 sklearn.metrics.f1_score [matched f1_score],True,train.py:70 self.model.eval [matched model.eval],verified: all 6 stages present,_archive,,fallback_root,
https://github.com/AnetaKaczynska/ProtoPNet,ok,True,6,0,1,main.py,21,157,2,0,0,True,main.py:327 torch.utils.data.utils.data.DataLoader [matched DataLoader],True,datasets\colon_dataset.py:33 torchvision.transforms.RandomHorizontalFlip [matched torchvision.transforms.*],True,model.py:0 class LossAttentionLayer [matched <class subclasses model base>],True,main.py:318 torch.utils.tensorboard.SummaryWriter [matched tensorboard.SummaryWriter],True,train_and_test.py:160 sklearn.metrics.multilabel_confusion_matrix [matched multilabel_confusion_matrix],True,analysis.py:45 torch.no_grad [matched torch.no_grad],verified: all 6 stages present,_archive,,fallback_root,
https://github.com/hcw-00/STPM_anomaly_detection,ok,True,6,0,1,train.py,1,32,0,0,0,True,train.py:307 def train_dataloader [matched <lightning hook train_dataloader>],True,train.py:214 torchvision.transforms.Compose [matched torchvision.transforms.*],True,train.py:0 class STPM [matched <class subclasses model base>],True,train.py:304 def configure_optimizers [matched <lightning hook configure_optimizers>],True,train.py:353 def test_step [matched <lightning hook test_step>],True,train.py:436 trainer.test [matched trainer.test],verified: all 6 stages present,_archive,,fallback_root,
https://github.com/MIC-DKFZ/nnDetection,ok,True,6,2,1,scripts\train.py,95,631,6,0,2,True,nndet/utils/config.py:53 json.load [matched json.load],True,nndet/io/datamodule/base.py:126 sklearn.model_selection.KFold [matched KFold],True,nndet/ptmodule/base_module.py:0 class LightningBaseModule [matched <class subclasses model base>],True,scripts/train.py:290 trainer.fit [matched trainer.fit],True,nndet/utils/analysis.py:212 sklearn.metrics.confusion_matrix [matched confusion_matrix],True,nndet/inference/ensembler/base.py:116 torch.no_grad [matched torch.no_grad],verified: all 6 stages present,pass2,,fallback_nested,no_entry
https://github.com/gauravbajodia/SynGen,ok,True,6,0,1,app.py,2,42,1,0,0,True,app.py:28 yaml.load [matched yaml.load],True,SynGen.py:459 sklearn.model_selection.train_test_split [matched train_test_split],True,SynGen.py:461 sklearn.linear_model.LinearRegression [matched LinearRegression],True,SynGen.py:424 model.fit [matched model.fit],True,SynGen.py:464 sklearn.metrics.r2_score [matched r2_score],True,app.py:16 flask.Flask [matched Flask],verified: all 6 stages present,_archive,,fallback_root,
https://github.com/EastGit0/JITNet_segmentation,ok,True,6,0,1,train.py,38,285,6,0,0,True,train.py:58 json.load [matched json.load],True,trainer.py:23 torchvision.transforms.Compose [matched torchvision.transforms.*],True,models\fcn.py:25 nn.Sequential [matched nn.Sequential],True,train.py:45 trainer.train [matched trainer.train],True,trainer.py:88 self.writer.add_scalar [matched writer.add_scalar],True,trainer.py:122 self.model.eval [matched model.eval],verified: all 6 stages present,_archive,,fallback_root,
https://github.com/bohniti/jigsaw-puzzle-solver,ok,True,6,0,1,main.py,6,37,3,0,0,True,langdon\core.py:41 torch.utils.data.utils.data.DataLoader [matched DataLoader],True,langdon\core.py:15 torchvision.transforms.Compose [matched torchvision.transforms.*],True,langdon\models\siamese_resnet\core.py:0 class SiameseNetwork [matched <class subclasses model base>],True,langdon\core.py:84 trainer.fit [matched trainer.fit],True,langdon\core.py:93 trainer.test [matched trainer.test],True,langdon\layers\core.py:51 torch.no_grad [matched torch.no_grad],verified: all 6 stages present,_archive,,fallback_root,
https://github.com/anisurahaman/First,ok,True,6,1,1,train.py,2,38,1,0,0,True,ascends.py:99 pd.read_csv [matched pd.read_csv],True,ascends.py:414 sklearn.pipeline.Pipeline [matched sklearn.pipeline.Pipeline],True,ascends.py:415 sklearn.linear_model.LogisticRegression [matched LogisticRegression],True,ascends.py:585 model.fit [matched model.fit],True,train.py:353 sklearn.metrics.classification_report [matched classification_report],True,ascends.py:590 model.predict_classes [matched model.predict_classes],verified: all 6 stages present,_archive,,dockerfile?,
https://github.com/skywalker0803r/Tomofun-Dog-Voice-Recognition-AI-Million-Challenge,ok,True,6,0,1,run.py,4,34,3,0,0,True,run.py:90 librosa.load [matched librosa.load],True,run.py:101 sklearn.preprocessing.OneHotEncoder [matched OneHotEncoder],True,run.py:167 nn.Conv2d [matched nn.Conv2d],True,run.py:182 loss.backward [matched loss.backward],True,run.py:290 sklearn.metrics.confusion_matrix [matched confusion_matrix],True,run.py:189 model.eval [matched model.eval],verified: all 6 stages present,_archive,,fallback_root,
https://github.com/ThatFlint/FLTK-Testbed-Group-4,ok,True,6,1,1,fltk\__main__.py,33,255,4,0,0,True,fltk/__main__.py:28 yaml.load [matched yaml.load],True,fltk/datasets/distributed/fashion_mnist.py:25 torchvision.transforms.Normalize [matched torchvision.transforms.*],True,fltk/nets/cifar_10_cnn.py:0 class Cifar10CNN [matched <class subclasses model base>],True,fltk/federator.py:84 torch.utils.tensorboard.SummaryWriter [matched tensorboard.SummaryWriter],True,fltk/client.py:260 sklearn.metrics.confusion_matrix [matched confusion_matrix],True,fltk/client.py:245 torch.no_grad [matched torch.no_grad],verified: all 6 stages present,pass2,,fallback_nested,no_entry
https://github.com/mehrdadep/deep-learning-nids,ok,True,6,0,1,run.py,9,24,2,0,0,True,services\process.py:461 np.loadtxt [matched np.loadtxt],True,services\process.py:641 sklearn.model_selection.train_test_split [matched train_test_split],True,models\classic.py:28 sklearn.linear_model.LogisticRegression [matched LogisticRegression],True,models\classic.py:29 model.fit [matched model.fit],True,models\classic.py:33 sklearn.metrics.accuracy_score [matched accuracy_score],True,models\classic.py:32 model.predict [matched model.predict],verified: all 6 stages present,_archive,,fallback_root,
https://github.com/micqu/hotel-challenge,ok,True,6,0,1,main.py,4,36,1,0,0,True,main.py:34 pd.read_csv [matched pd.read_csv],True,main.py:54 torchvision.transforms.Normalize [matched torchvision.transforms.*],True,utility.py:236 nn.Sequential [matched nn.Sequential],True,trainer.py:43 optimizer.zero_grad [matched optimizer.zero_grad],True,trainer.py:81 wandb.log [matched wandb.log],True,trainer.py:54 model.eval [matched model.eval],verified: all 6 stages present,_archive,,fallback_root,
https://github.com/tyiannak/readys,ok,True,6,0,1,app.py,18,191,5,0,0,True,app.py:174 json.load [matched json.load],True,models\utils.py:304 sklearn.preprocessing.LabelEncoder [matched LabelEncoder],True,models\utils.py:115 transformers.BertModel.from_pretrained [matched BertModel.from_pretrained],True,models\utils.py:543 sklearn.model_selection.GridSearchCV [matched GridSearchCV],True,models\utils.py:551 sklearn.metrics.f1_score [matched f1_score],True,models\feature_extraction.py:96 torch.no_grad [matched torch.no_grad],verified: all 6 stages present,_archive,,fallback_root,
https://github.com/VumBleBot/odqa_baseline_code,ok,True,6,0,1,run.py,35,194,5,0,0,True,utils\tools.py:80 json.load [matched json.load],True,utils\prepare.py:98 transformers.AutoTokenizer.from_pretrained [matched AutoTokenizer.from_pretrained],True,utils\prepare.py:101 transformers.AutoModel.from_pretrained [matched AutoModel.from_pretrained],True,run.py:21 wandb.init [matched wandb.init],True,run.py:52 trainer.evaluate [matched trainer.evaluate],True,retrieval\dense\dense_base.py:85 torch.no_grad [matched torch.no_grad],verified: all 6 stages present,_archive,,fallback_root,
https://github.com/made-ml-in-prod-2021/panda06,ok,True,6,6,1,ml_project\train.py,14,22,4,0,0,True,ml_project/data/make_dataset.py:10 pd.read_csv [matched pd.read_csv],True,ml_project/data/make_dataset.py:17 sklearn.model_selection.train_test_split [matched train_test_split],True,ml_project/train.py:23 hydra.utils.instantiate [matched hydra.utils.instantiate],True,ml_project/train.py:19 hydra.main [matched hydra.main],True,ml_project/models/model.py:27 sklearn.metrics.mean_squared_error [matched mean_squared_error],True,ml_project/train.py:45 model.predict [matched model.predict],verified: all 6 stages present,pass2,,fallback_nested,no_entry
https://github.com/QVPR/Patch-NetVLAD,ok,True,6,0,1,train.py,11,39,2,0,0,True,train.py:166 h5py.File [matched h5py.File],True,patchnetvlad\tools\datasets.py:41 torchvision.transforms.Compose [matched torchvision.transforms.*],True,patchnetvlad\models\models_generic.py:0 class Flatten [matched <class subclasses model base>],True,train.py:212 tensorboardX.SummaryWriter [matched SummaryWriter],True,patchnetvlad\training_tools\train_epoch.py:107 writer.add_scalar [matched writer.add_scalar],True,patchnetvlad\training_tools\val.py:55 model.eval [matched model.eval],verified: all 6 stages present,_archive,,fallback_root,
https://github.com/Giulianini/image-alterations-detector,ok,True,6,0,1,image_alterations_detector\main.py,38,128,5,0,0,True,image_alterations_detector/app/controller/controller.py:34 cv2.imread [matched cv2.imread],True,image_alterations_detector/dataset/altered_dataset/altered_dataset_utils.py:8 A.Compose [matched A.Compose],True,image_alterations_detector/classifiers/mlp.py:28 tf.python.keras.layers.Dense [matched layers.Dense],True,image_alterations_detector/classifiers/mlp.py:41 self.model.fit [matched model.fit],True,image_alterations_detector/classifiers/mlp.py:45 sklearn.metrics.accuracy_score [matched accuracy_score],True,image_alterations_detector/segmentation/lite_model.py:8 tf.lite.Interpreter [matched tf.lite.Interpreter],verified: all 6 stages present,pass2,,fallback_nested,no_dockerfile
https://github.com/JonasStankevicius/ConvPoint_Keras,ok,True,6,0,1,train.py,12,317,3,0,0,True,dataTool.py:204 pd.read_csv [matched pd.read_csv],True,dataTool.py:1946 sklearn.decomposition.PCA [matched PCA],True,models.py:170 tf.keras.layers.BatchNormalization [matched tf.keras.layers.*],True,train.py:270 model.fit [matched model.fit],True,train.py:303 wandb.log [matched wandb.log],True,train.py:110 model.predict [matched model.predict],verified: all 6 stages present,_archive,,fallback_root,
https://github.com/BorgwardtLab/graphkernels-review,ok,True,6,0,1,src\train.py,1,3,0,0,0,True,src/train.py:359 np.load [matched np.load],True,src/train.py:127 sklearn.model_selection.StratifiedKFold [matched StratifiedKFold],True,src/train.py:211 sklearn.svm.SVC [matched SVC],True,src/train.py:226 clf.fit [matched clf.fit],True,src/train.py:234 sklearn.metrics.accuracy_score [matched accuracy_score],True,src/train.py:230 clf.predict [matched clf.predict],verified: all 6 stages present,pass2,,fallback_nested,no_dockerfile
https://github.com/saadabbasi/anomoly-detection,ok,True,6,0,1,main.py,3,25,1,0,0,True,mimii_dataset.py:22 np.load [matched np.load],True,mimii_dataset.py:42 sklearn.utils.preprocessing.StandardScaler [matched StandardScaler],True,tf_models.py:24 tf.keras.layers.MaxPool2D [matched tf.keras.layers.*],True,main.py:107 model.fit [matched model.fit],True,main.py:37 sklearn.metrics.roc_auc_score [matched roc_auc_score],True,main.py:102 model.predict [matched model.predict],verified: all 6 stages present,_archive,,fallback_root,
https://github.com/LukasHedegaard/ride,ok,True,6,0,1,ride\main.py,20,236,3,0,0,True,ride/core.py:289 def train_dataloader [matched <lightning hook train_dataloader>],True,ride/feature_visualisation.py:71 sklearn.decomposition.PCA [matched PCA],True,ride/utils/discriminative_lr.py:0 class Module [matched <class subclasses model base>],True,ride/hparamsearch.py:126 ray.tune.run [matched ray.tune.run],True,ride/runner.py:161 self.trainer.test [matched trainer.test],True,ride/runner.py:161 self.trainer.test [matched trainer.test],verified: all 6 stages present,pass2,,fallback_nested,no_dockerfile
https://github.com/phykn/xai_tree,ok,True,6,0,1,main.py,29,56,4,0,0,True,src\dataloader\load.py:24 pd.read_csv [matched pd.read_csv],True,src\model\split_data.py:20 sklearn.model_selection.KFold [matched KFold],True,src\model\tree_models.py:23 lgb.LGBMRegressor [matched LGBMRegressor],True,src\model\tree_models.py:24 model.fit [matched model.fit],True,src\graph\evaluation.py:74 sklearn.metrics.confusion_matrix [matched confusion_matrix],True,main.py:377 st.write [matched st.write],verified: all 6 stages present,_archive,,fallback_root,
https://github.com/ryanpram/indonlu-facqa,ok,True,6,0,1,main.py,9,134,3,0,0,True,utils\data_utils.py:41 self.load_dataset [matched load_dataset],True,main.py:207 pd.concat [matched pd.concat],True,modules\word_classification.py:45 nn.Dropout [matched nn.Dropout],True,main.py:89 optimizer.zero_grad [matched optimizer.zero_grad],True,utils\metrics.py:7 sklearn.metrics.accuracy_score [matched accuracy_score],True,main.py:42 model.eval [matched model.eval],verified: all 6 stages present,_archive,,fallback_root,
https://github.com/tangming2008/Project_ShortImmersive_Classification,ok,True,6,0,1,app\app.py,1,1,0,0,0,True,app/app.py:37 pd.read_pickle [matched pd.read_pickle],True,app/app.py:48 sklearn.model_selection.train_test_split [matched train_test_split],True,app/app.py:52 sklearn.linear_model.LogisticRegression [matched LogisticRegression],True,app/app.py:53 model.fit [matched model.fit],True,app/app.py:78 sklearn.metrics.accuracy_score [matched accuracy_score],True,app/app.py:55 model.predict_proba [matched model.predict_proba],verified: all 6 stages present,pass2,,fallback_nested,no_dockerfile
https://github.com/slatex/stexls,ok,True,6,0,1,stexls\__main__.py,48,652,4,0,0,True,stexls/trefier/models/seq2seq.py:276 zipfile.ZipFile [matched zipfile.ZipFile],True,stexls/trefier/models/seq2seq.py:59 sklearn.model_selection.train_test_split [matched train_test_split],True,stexls/trefier/models/seq2seq.py:0 class Seq2SeqModel [matched <class subclasses model base>],True,stexls/trefier/models/seq2seq.py:224 self.model.fit [matched model.fit],True,stexls/trefier/models/seq2seq.py:239 self.model.evaluate [matched model.evaluate],True,stexls/trefier/models/seq2seq.py:271 self.model.predict [matched model.predict],verified: all 6 stages present,pass2,,fallback_nested,no_dockerfile
https://github.com/heinrichreimer/modern-talking,ok,True,6,1,1,main.py,23,206,2,0,0,True,modern_talking\data\__init__.py:42 urllib.request.urlretrieve [matched urllib.request.urlretrieve],True,main.py:201 modern_talking.pipeline.Pipeline [matched Pipeline],True,modern_talking\matchers\bert.py:64 tf.keras.layers.Dense [matched tf.keras.layers.*],True,modern_talking\matchers\bert.py:232 self.model.fit [matched model.fit],True,main.py:153 modern_talking.evaluation.precision.Precision [matched Precision],True,modern_talking\matchers\bert.py:247 self.model.predict [matched model.predict],verified: all 6 stages present,_archive,,dockerfile?,
https://github.com/Protein-Engineering-Framework/PyPEF,ok,True,6,1,1,run.py,32,278,7,0,0,True,pypef\ml\regression.py:986 pickle.load [matched pickle.load],True,pypef\ml\regression.py:355 sklearn.model_selection.LeaveOneOut [matched LeaveOneOut],True,pypef\ml\regression.py:417 sklearn.ensemble.RandomForestRegressor [matched RandomForestRegressor],True,pypef\ml\regression.py:408 sklearn.model_selection.GridSearchCV [matched GridSearchCV],True,pypef\ml\regression.py:380 sklearn.metrics.mean_squared_error [matched mean_squared_error],True,pypef\llm\esm_lora_tune.py:101 torch.no_grad [matched torch.no_grad],verified: all 6 stages present,_archive,,dockerfile?,
https://github.com/Venky0892/NLP_APP,ok,True,6,0,1,app.py,5,45,2,0,0,True,app.py:75 pd.read_csv [matched pd.read_csv],True,neural.py:104 pd.to_datetime [matched pd.to_datetime],True,neural.py:246 tf.keras.layers.Dense [matched tf.keras.layers.*],True,neural.py:266 model.fit [matched model.fit],True,neural.py:269 model.evaluate [matched model.evaluate],True,app.py:228 st.write [matched st.write],verified: all 6 stages present,_archive,,fallback_root,
https://github.com/galikatz/phd_2021_new,ok,True,6,0,1,train.py,5,33,2,0,0,True,classify.py:251 PIL.Image.open [matched Image.open],True,classify.py:267 sklearn.model_selection.train_test_split [matched train_test_split],True,train.py:94 keras.layers.Input [matched keras.layers.*],True,train.py:226 model.fit [matched model.fit],True,classify.py:82 model.evaluate [matched model.evaluate],True,visualize_image_presentation.py:28 model.predict [matched model.predict],verified: all 6 stages present,_archive,,fallback_root,
https://github.com/Pex2892/PEAK,ok,True,6,0,1,main.py,7,32,1,0,0,True,dataset.py:20 pd.read_csv [matched pd.read_csv],True,dataset.py:62 sklearn.preprocessing.MinMaxScaler [matched MinMaxScaler],True,regression.py:48 sklearn.linear_model.LinearRegression [matched LinearRegression],True,regression.py:55 sklearn.model_selection.GridSearchCV [matched GridSearchCV],True,regression.py:182 sklearn.metrics.r2_score [matched r2_score],True,regression.py:164 model.predict [matched model.predict],verified: all 6 stages present,_archive,,fallback_root,
https://github.com/DuoJiang/Importance-Weighting-in-Deep-Learning,ok,True,6,0,1,run.py,6,21,1,0,0,True,src\data\get_dataloaders.py:61 torchvision.datasets.CIFAR10 [matched torchvision.datasets.*],True,src\data\get_dataloaders.py:58 torchvision.transforms.Compose [matched torchvision.transforms.*],True,src\models\models.py:0 class CustomCNN [matched <class subclasses model base>],True,src\training\training.py:37 optimizer.zero_grad [matched optimizer.zero_grad],True,src\training\training.py:92 sklearn.metrics.classification_report [matched classification_report],True,src\training\training.py:82 model.eval [matched model.eval],verified: all 6 stages present,_archive,,fallback_root,
https://github.com/realzza/Presento,ok,True,6,0,1,pose\main.py,5,52,2,0,0,True,pose/trainer.py:53 torch.utils.data.DataLoader [matched DataLoader],True,pose/trainer.py:75 sklearn.preprocessing.MinMaxScaler [matched MinMaxScaler],True,pose/utils.py:0 class SequentialLoss [matched <class subclasses model base>],True,pose/trainer.py:174 self.optimizer.zero_grad [matched optimizer.zero_grad],True,pose/trainer.py:214 sklearn.metrics.precision_recall_fscore_support [matched precision_recall_fscore_support],True,pose/trainer.py:198 torch.no_grad [matched torch.no_grad],verified: all 6 stages present,pass2,,fallback_nested,no_dockerfile
https://github.com/deep-wind/miniproject,ok,True,6,0,1,app.py,1,16,0,0,0,True,app.py:23 sqlite3.connect [matched sqlite3.connect],True,app.py:297 sklearn.preprocessing.MinMaxScaler [matched MinMaxScaler],True,app.py:327 tf.keras.layers.Bidirectional [matched tf.keras.layers.*],True,app.py:330 model.fit [matched model.fit],True,app.py:341 sklearn.metrics.mean_squared_error [matched mean_squared_error],True,app.py:216 st.write [matched st.write],verified: all 6 stages present,_archive,,fallback_root,
https://github.com/anik-jha/tnp,ok,True,6,1,1,main.py,37,295,4,0,0,True,model\model.py:242 torch.utils.data.DataLoader [matched DataLoader],True,model\Tracking\import_data.py:38 sklearn.model_selection.train_test_split [matched train_test_split],True,model\Prediction\traphic.py:0 class traphicNet [matched <class subclasses model base>],True,model\Prediction\sganTrain.py:399 loss.backward [matched loss.backward],True,control\trainThread.py:136 self.model.evaluate [matched model.evaluate],True,model\Prediction\sganTrain.py:481 torch.no_grad [matched torch.no_grad],verified: all 6 stages present,_archive,,dockerfile?,
https://github.com/aj-naik/Women-Diabetes-Detector,ok,True,6,1,1,app.py,1,5,0,0,0,True,app.py:26 pd.read_csv [matched pd.read_csv],True,app.py:33 sklearn.model_selection.train_test_split [matched train_test_split],True,app.py:117 sklearn.linear_model.LogisticRegression [matched LogisticRegression],True,app.py:118 model.fit [matched model.fit],True,app.py:122 sklearn.metrics.precision_score [matched precision_score],True,app.py:120 model.predict [matched model.predict],verified: all 6 stages present,_archive,,dockerfile?,
https://github.com/zudi-lin/pytorch_connectomics,ok,True,6,6,4,scripts\main.py;connectomics\runtime\dispim_benchmark.py;tutorials\liconn_ingest\ingest.py;connectomics\runtime\snemi_benchmark.py,178,1627,7,0,6,True,connectomics/runtime/cache_resolver.py:152 def test_dataloader [matched <lightning hook test_dataloader>],True,connectomics/data/processing/build.py:213 monai.transforms.Compose [matched transforms.Compose],True,connectomics/training/lightning/model.py:0 class ConnectomicsModule [matched <class subclasses model base>],True,connectomics/runtime/dispatch.py:171 trainer.fit [matched trainer.fit],True,connectomics/runtime/dispatch.py:270 trainer.test [matched trainer.test],True,connectomics/runtime/dispatch.py:270 trainer.test [matched trainer.test],verified: all 6 stages present,pass2,,dockerfile,no_entry
https://github.com/worldtaboonpong/datast,ok,True,6,1,1,app.py,9,15,1,0,0,True,app.py:80 pd.read_excel [matched pd.read_excel],True,app.py:81 df.fillna [matched df.fillna],True,utils\func_clustering.py:60 sklearn.cluster.KMeans [matched KMeans],True,utils\func_clustering.py:62 kmeans.fit_predict [matched .fit_predict],True,utils\func_clustering.py:63 sklearn.metrics.silhouette_score [matched silhouette_score],True,app.py:23 flask.Flask [matched Flask],verified: all 6 stages present,_archive,,dockerfile?,
https://github.com/Bosti07/Financial_fraud_detection,ok,True,6,0,1,app.py,2,6,1,0,0,True,app.py:116 pd.read_csv [matched pd.read_csv],True,app.py:201 sklearn.preprocessing.StandardScaler [matched StandardScaler],True,app.py:236 lgb.LGBMClassifier [matched LGBMClassifier],True,app.py:238 model.fit [matched model.fit],True,app.py:247 sklearn.metrics.roc_auc_score [matched roc_auc_score],True,app.py:99 st.write [matched st.write],verified: all 6 stages present,_archive,,fallback_root,
https://github.com/amalolan/vehicle-counter,ok,True,6,0,1,main.py,18,144,3,0,0,True,main.py:20 json.load [matched json.load],True,main.py:181 df.groupby [matched df.groupby],True,main.py:0 class DetectionModule [matched <class subclasses model base>],True,deep_sort\tracker.py:90 self.metric.partial_fit [matched .partial_fit],True,counter\Track.py:170 sklearn.metrics.silhouette_score [matched silhouette_score],True,roi_object_tracker.py:61 tf.saved_model.load [matched tf.saved_model.load],verified: all 6 stages present,_archive,,fallback_root,
https://github.com/A6a7H/Rich,ok,True,6,0,1,train.py,13,68,4,0,0,True,train.py:41 torch.utils.data.DataLoader [matched DataLoader],True,models\wgan.py:280 sklearn.model_selection.train_test_split [matched train_test_split],True,models\differentialtrees.py:0 class ClassificationDifferentialTree [matched <class subclasses model base>],True,train.py:21 neptune.init [matched neptune.init],True,models\wgan.py:258 def validation_step [matched <lightning hook validation_step>],True,trainer.py:50 torch.no_grad [matched torch.no_grad],verified: all 6 stages present,_archive,,fallback_root,
https://github.com/flawnson/Ouroboros,ok,True,6,0,1,main.py,32,258,3,0,0,True,main.py:41 json.load [matched json.load],True,data\data_preprocessing.py:31 torchvision.transforms.Compose [matched torchvision.transforms.*],True,models\standard\graph_model.py:0 class AbstractGNNModel [matched <class subclasses model base>],True,main.py:146 ops.tune.Tuner [matched tune.Tuner],True,utils\scores.py:38 sklearn.metrics.precision_score [matched precision_score],True,models\augmented\quine.py:81 torch.no_grad [matched torch.no_grad],verified: all 6 stages present,_archive,,fallback_root,
https://github.com/usnistgov/alignn,ok,True,6,0,1,alignn\train.py,11,87,2,0,0,True,alignn/train.py:776 pickle.load [matched pickle.load],True,alignn/data.py:302 sklearn.preprocessing.StandardScaler [matched StandardScaler],True,alignn/models/alignn_atomwise.py:0 class EdgeGatedGraphConv [matched <class subclasses model base>],True,alignn/train.py:207 nn.parallel.DistributedDataParallel [matched DistributedDataParallel],True,alignn/train.py:755 sklearn.metrics.roc_auc_score [matched roc_auc_score],True,alignn/train.py:730 torch.no_grad [matched torch.no_grad],verified: all 6 stages present,pass2,,fallback_nested,no_dockerfile
https://github.com/cheesama/shopee-product-matching,ok,True,6,0,1,train.py,6,14,2,0,0,True,train.py:64 pd.read_csv [matched pd.read_csv],True,train.py:198 df.apply [matched df.apply],True,models\product_feature_network.py:0 class ProductFeatureNet [matched <class subclasses model base>],True,train.py:120 trainer.fit [matched trainer.fit],True,train.py:198 metric.f1.f1_score [matched f1_score],True,train.py:139 torch.no_grad [matched torch.no_grad],verified: all 6 stages present,_archive,,fallback_root,
https://github.com/julsunny/darthradar,ok,True,6,0,1,train.py,11,101,3,0,0,True,train.py:67 torch.utils.data.DataLoader [matched DataLoader],True,libs\transformations.py:142 A.Compose [matched A.Compose],True,libs\faster_RCNN.py:0 class FasterRCNN_lightning [matched <class subclasses model base>],True,train.py:121 trainer.fit [matched trainer.fit],True,train.py:125 trainer.test [matched trainer.test],True,libs\faster_RCNN.py:92 torch.no_grad [matched torch.no_grad],verified: all 6 stages present,_archive,,fallback_root,
https://github.com/princeton-nlp/SimCSE,ok,True,6,0,1,train.py,3,25,1,0,0,True,train.py:309 datasets.load_dataset [matched datasets.load_dataset],True,train.py:341 transformers.AutoTokenizer.from_pretrained [matched AutoTokenizer.from_pretrained],True,simcse\models.py:0 class MLPLayer [matched <class subclasses model base>],True,train.py:550 trainer.train [matched trainer.train],True,train.py:568 trainer.evaluate [matched trainer.evaluate],True,simcse\trainers.py:114 torch.no_grad [matched torch.no_grad],verified: all 6 stages present,_archive,,fallback_root,
https://github.com/PaddlePaddle/PaddleClas,ok,True,6,0,1,tools\train.py,199,2377,6,0,2,True,ppcls/utils/config.py:68 yaml.load [matched yaml.load],True,ppcls/metric/face_metrics.py:83 sklearn.model_selection.KFold [matched KFold],True,ppcls/arch/distill/afd_attention.py:24 paddle.nn.Linear [matched nn.Linear],True,ppcls/utils/amp.py:49 optimizer.step [matched optimizer.step],True,ppcls/utils/metrics.py:46 sklearn.metrics.hamming_loss [matched hamming_loss],True,ppcls/engine/engine.py:496 self.model.eval [matched model.eval],verified: all 6 stages present,pass2,,fallback_nested,no_dockerfile
https://github.com/adblackx/ODR,ok,True,6,0,1,main.py,17,73,3,0,1,True,utils\util.py:18 json.load [matched json.load],True,data_loader\data_loaders.py:27 torchvision.transforms.Compose [matched torchvision.transforms.*],True,model\model_mult.py:56 nn.Linear [matched nn.Linear],True,main.py:78 trainer.train [matched trainer.train],True,utils\util.py:79 self.writer.add_scalar [matched writer.add_scalar],True,model\metric.py:11 torch.no_grad [matched torch.no_grad],verified: all 6 stages present,_archive,,fallback_root,
https://github.com/karthikbhamidipati/multi-task-speech-classification,ok,True,6,0,1,main.py,14,55,4,0,0,True,models\train.py:27 pickle.load [matched pickle.load],True,utils\preprocess.py:63 pd.concat [matched pd.concat],True,models\loss_func.py:0 class MultiTaskLossWrapper [matched <class subclasses model base>],True,models\train.py:20 wandb.init [matched wandb.init],True,models\test.py:50 models.train.compute_metrics [matched compute_metrics],True,models\inference.py:27 model.eval [matched model.eval],verified: all 6 stages present,_archive,,fallback_root,
https://github.com/jdonzallaz/solarnet,ok,True,6,0,1,solarnet\main.py,42,223,4,0,0,True,solarnet/tasks/dataset.py:281 pd.read_parquet [matched pd.read_parquet],True,solarnet/tasks/dataset.py:342 df.astype [matched df.astype],True,solarnet/models/backbone.py:29 nn.Sequential [matched nn.Sequential],True,solarnet/tasks/train.py:54 solarnet.utils.trainer.train [matched trainer.train],True,solarnet/tasks/test.py:60 trainer.test [matched trainer.test],True,solarnet/tasks/test.py:60 trainer.test [matched trainer.test],verified: all 6 stages present,pass2,,fallback_nested,no_dockerfile
https://github.com/AtlantixJJ/LinearGAN,ok,True,6,1,1,train.py,36,423,4,0,0,True,lib\dataset.py:32 def train_dataloader [matched <lightning hook train_dataloader>],True,predictors\scene_segmenter.py:27 torchvision.transforms.Normalize [matched torchvision.transforms.*],True,models\semantic_extractor.py:0 class SEFewShotLearner [matched <class subclasses model base>],True,train.py:78 trainer.fit [matched trainer.fit],True,models\semantic_extractor.py:145 self.log [matched self.log],True,lib\callback.py:64 torch.no_grad [matched torch.no_grad],verified: all 6 stages present,_archive,,dockerfile?,
https://github.com/nayeemrizve/invariance-equivariance,ok,True,6,0,1,train.py,14,82,2,0,0,True,dataloader.py:31 torch.utils.data.DataLoader [matched DataLoader],True,dataset\transform_cfg.py:10 torchvision.transforms.Normalize [matched torchvision.transforms.*],True,util.py:0 class LabelSmoothing [matched <class subclasses model base>],True,train.py:142 wandb.init [matched wandb.init],True,train.py:225 wandb.log [matched wandb.log],True,util.py:77 torch.no_grad [matched torch.no_grad],verified: all 6 stages present,_archive,,fallback_root,
https://github.com/jforbis/make-that-bread,ok,True,6,0,1,app.py,3,11,1,0,0,True,StockData.py:15 pd.read_html [matched pd.read_html],True,predict_2.py:77 sklearn.preprocessing.MinMaxScaler [matched MinMaxScaler],True,predict_2.py:154 tf.keras.layers.Bidirectional [matched tf.keras.layers.*],True,predict_2.py:265 model.fit [matched model.fit],True,predict_2.py:371 model.evaluate [matched model.evaluate],True,app.py:12 flask.Flask [matched Flask],verified: all 6 stages present,_archive,,fallback_root,
https://github.com/ASUS-AICS/LibMultiLabel,ok,True,6,0,1,main.py,18,183,3,0,0,True,main.py:257 yaml.load [matched yaml.load],True,torch_trainer.py:51 transformers.AutoTokenizer.from_pretrained [matched AutoTokenizer.from_pretrained],True,libmultilabel\nn\model.py:0 class MultiLabelModel [matched <class subclasses model base>],True,main.py:323 trainer.train [matched trainer.train],True,main.py:326 trainer.test [matched trainer.test],True,torch_trainer.py:281 self.trainer.test [matched trainer.test],verified: all 6 stages present,_archive,,fallback_root,
https://github.com/angusev/SCGAN,ok,True,6,0,1,train.py,13,67,2,0,3,True,dataset\InpaintDataset.py:128 def train_dataloader [matched <lightning hook train_dataloader>],True,dataset\InpaintDataset.py:55 torchvision.transforms.Compose [matched torchvision.transforms.*],True,train.py:0 class DeepFillV2 [matched <class subclasses model base>],True,train.py:51 def configure_optimizers [matched <lightning hook configure_optimizers>],True,train.py:132 def validation_step [matched <lightning hook validation_step>],True,util\loss.py:61 torch.jit.load [matched torch.jit.load],verified: all 6 stages present,_archive,,fallback_root,
https://github.com/infinityAJ/stock_smart,ok,True,6,0,1,app.py,3,12,1,0,0,True,app.py:48 pd.read_csv [matched pd.read_csv],True,model.py:18 sklearn.model_selection.train_test_split [matched train_test_split],True,app.py:69 model.Model [matched Model],True,model.py:59 self.model.fit [matched model.fit],True,model.py:88 sklearn.metrics.r2_score [matched r2_score],True,app.py:51 st.write [matched st.write],verified: all 6 stages present,_archive,,fallback_root,
https://github.com/fedem96/predict-cancer-variables,ok,True,6,0,1,train.py,16,257,3,0,1,True,utils\dataset.py:25 pd.read_csv [matched pd.read_csv],True,utils\dataset.py:44 tokenizing.tokenizer.Tokenizer [matched Tokenizer],True,train.py:184 Model [matched Model],True,train.py:242 model.fit [matched model.fit],True,train.py:245 model.evaluate [matched model.evaluate],True,utils\dataset.py:76 pipeline [matched pipeline],verified: all 6 stages present,_archive,,fallback_root,
https://github.com/jpmcd/jiant-v1-legacy,ok,True,6,1,1,main.py,52,772,5,0,0,True,jiant\models.py:430 json.load [matched json.load],True,jiant\preprocess.py:693 transformers.BertTokenizer.from_pretrained [matched BertTokenizer.from_pretrained],True,jiant\models.py:0 class MultiTaskModel [matched <class subclasses model base>],True,jiant\__main__.py:604 trainer.train [matched trainer.train],True,jiant\allennlp_mods\correlation.py:34 sklearn.metrics.confusion_matrix [matched confusion_matrix],True,jiant\trainer.py:854 torch.no_grad [matched torch.no_grad],verified: all 6 stages present,_archive,,dockerfile?,
https://github.com/UCA-Datalab/nilm-thresholding,ok,True,6,0,1,nilmth\train.py,16,96,4,0,0,True,nilmth/utils/model.py:44 nilmth.data.dataloader.DataLoader [matched DataLoader],True,nilmth/data/threshold.py:150 np.nan_to_num [matched np.nan_to_num],True,nilmth/model/conv.py:0 class Encoder [matched <class subclasses model base>],True,nilmth/model/pytorch.py:181 self.optimizer.zero_grad [matched optimizer.zero_grad],True,nilmth/utils/scores.py:51 sklearn.metrics.mean_squared_error [matched mean_squared_error],True,nilmth/model/pytorch.py:198 self.model.eval [matched model.eval],verified: all 6 stages present,pass2,,fallback_nested,no_dockerfile
https://github.com/AhmedAbouzaid1/Medical-Question-Answering-System,ok,True,6,0,1,train.py,1,8,0,0,0,True,train.py:16 pd.read_csv [matched pd.read_csv],True,train.py:99 transformers.BertTokenizer.from_pretrained [matched BertTokenizer.from_pretrained],True,train.py:149 tf.keras.layers.Input [matched tf.keras.layers.*],True,train.py:222 model.fit [matched model.fit],True,train.py:284 model.evaluate [matched model.evaluate],True,train.py:293 model.predict [matched model.predict],verified: all 6 stages present,_archive,,fallback_root,
https://github.com/iloveslowfood/RelationExtraction,ok,True,6,0,1,train.py,10,57,2,0,0,True,train.py:53 torch.utils.data.DataLoader [matched DataLoader],True,dataset.py:71 LabelEncoder [matched LabelEncoder],True,models.py:0 class VanillaXLMSeqClf [matched <class subclasses model base>],True,train.py:113 optimizer.zero_grad [matched optimizer.zero_grad],True,train.py:140 wandb.log [matched wandb.log],True,train.py:251 model.eval [matched model.eval],verified: all 6 stages present,_archive,,fallback_root,
https://github.com/WilliamZipanHe/CMPT733-Fishing-Activity-Detection,ok,True,6,0,1,src\train.py,1,13,0,0,0,True,src/train.py:159 pd.read_csv [matched pd.read_csv],True,src/train.py:161 sklearn.model_selection.train_test_split [matched train_test_split],True,src/train.py:37 lgb.Dataset [matched lgb.Dataset],True,src/train.py:43 lgb.train [matched lgb.train],True,src/train.py:24 sklearn.metrics.roc_auc_score [matched roc_auc_score],True,src/train.py:175 model.predict [matched model.predict],verified: all 6 stages present,pass2,,fallback_nested,no_dockerfile
https://github.com/sahilmodi/CheXpert-FewShot-Learning,ok,True,6,0,1,chexpert_specific\train.py,7,21,2,0,0,True,chexpert_specific/model/dataloader.py:18 pd.read_csv [matched pd.read_csv],True,utils/transforms.py:5 torchvision.transforms.Compose [matched torchvision.transforms.*],True,chexpert_specific/model/net.py:0 class Net [matched <class subclasses model base>],True,chexpert_specific/train.py:88 trainer.train [matched trainer.train],True,chexpert_specific/model/trainer.py:129 self.writer.add_scalar [matched writer.add_scalar],True,chexpert_specific/model/trainer.py:97 torch.no_grad [matched torch.no_grad],verified: all 6 stages present,pass2,,fallback_nested,no_dockerfile
https://github.com/AlonEirew/cross-doc-event-coref,ok,True,6,0,1,src\train.py,10,86,3,0,0,True,src/utils/embed_utils.py:107 pickle.load [matched pickle.load],True,src/utils/embed_utils.py:19 transformers.RobertaTokenizer.from_pretrained [matched RobertaTokenizer.from_pretrained],True,src/utils/embed_utils.py:17 transformers.RobertaModel.from_pretrained [matched RobertaModel.from_pretrained],True,src/train.py:60 optimizer.zero_grad [matched optimizer.zero_grad],True,src/utils/eval_utils.py:5 sklearn.metrics.confusion_matrix [matched confusion_matrix],True,src/utils/embed_utils.py:36 torch.no_grad [matched torch.no_grad],verified: all 6 stages present,pass2,,fallback_nested,no_dockerfile
https://github.com/justinhchae/stocks,ok,True,6,0,1,main.py,14,39,3,0,0,True,src\utilities\get_data.py:21 json.load [matched json.load],True,src\runners\run_main.py:114 pd.concat [matched pd.concat],True,src\runners\run_experiment.py:239 src.model.LSTM.Model [matched Model],True,src\stages\stage_lstm.py:218 loss.backward [matched loss.backward],True,src\utilities\evaluate_model.py:36 sklearn.metrics.mean_absolute_percentage_error [matched mean_absolute_percentage_error],True,src\stages\stage_lstm.py:179 torch.no_grad [matched torch.no_grad],verified: all 6 stages present,_archive,,fallback_root,
https://github.com/TheJorseman/EmotionNeuralInterface,ok,True,6,1,1,run.py,24,233,4,0,0,True,workbench.py:79 yaml.load [matched yaml.load],True,workbench.py:121 EmotionNeuralInterface.data.tokenizer.Tokenizer [matched Tokenizer],True,EmotionNeuralInterface\model\loss.py:0 class ContrastiveLossSameZero [matched <class subclasses model base>],True,workbench.py:293 nn.parallel.DistributedDataParallel [matched DistributedDataParallel],True,workbench.py:387 self.writer.add_scalar [matched writer.add_scalar],True,workbench.py:756 self.model.eval [matched model.eval],verified: all 6 stages present,_archive,,dockerfile?,
https://github.com/deb-intel/LPOTtest,ok,True,6,9,1,lpot\ux\lpot_ux.py,117,1065,11,0,10,True,lpot/ux/utils/utils.py:186 json.load [matched json.load],True,lpot/experimental/data/transforms/transform.py:348 torchvision.transforms.functional.crop [matched torchvision.transforms.*],True,lpot/adaptor/pytorch.py:0 class DequantQuantWrapper [matched <class subclasses model base>],True,lpot/adaptor/pytorch.py:1153 torch.utils.tensorboard.SummaryWriter [matched tensorboard.SummaryWriter],True,lpot/experimental/metric/metric.py:294 sklearn.metrics.accuracy_score [matched accuracy_score],True,lpot/ux/web/server.py:41 flask.Flask [matched Flask],verified: all 6 stages present,pass2,,fallback_console_script,no_entry
https://github.com/Yunnglin/GeoQA,ok,True,6,0,1,train.py,12,75,2,0,0,True,train.py:40 torch.utils.data.DataLoader [matched DataLoader],True,train.py:27 transformers.BertTokenizer.from_pretrained [matched BertTokenizer.from_pretrained],True,model\crf.py:0 class CRF [matched <class subclasses model base>],True,train.py:106 loss.backward [matched loss.backward],True,metrics.py:74 seqeval.metrics.sequence_labeling.precision_recall_fscore_support [matched precision_recall_fscore_support],True,evaluate.py:86 model.eval [matched model.eval],verified: all 6 stages present,_archive,,fallback_root,
https://github.com/AlexKay28/MedConcNorm,ok,True,6,0,1,run.py,20,119,5,0,0,True,run.py:130 pd.read_pickle [matched pd.read_pickle],True,src\data\sentence_vectorizer.py:51 src.data.tokenizer.Tokenizer [matched Tokenizer],True,src\data\sentence_vectorizer.py:184 transformers.BertModel.from_pretrained [matched BertModel.from_pretrained],True,src\purpose_models\trainer.py:66 self.model.fit [matched model.fit],True,src\features\metrics.py:26 sklearn.metrics.precision_score [matched precision_score],True,src\purpose_models\trainer.py:45 self.model.predict [matched model.predict],verified: all 6 stages present,_archive,,fallback_root,
https://github.com/ShengtianSang/SemaTyP,ok,True,6,0,1,main.py,4,19,3,0,0,True,experimental_data.py:210 pickle.load [matched pickle.load],True,main.py:29 imblearn.under_sampling.RandomUnderSampler [matched RandomUnderSampler],True,main.py:34 sklearn.tree.DecisionTreeClassifier [matched DecisionTreeClassifier],True,main.py:93 sklearn.model_selection.GridSearchCV [matched GridSearchCV],True,main.py:144 sklearn.metrics.roc_curve [matched roc_curve],True,main.py:112 model.predict [matched model.predict],verified: all 6 stages present,_archive,,fallback_root,
https://github.com/onurbil/emotion_from_speech,ok,True,6,0,1,main.py,6,25,1,0,0,True,download.py:66 zipfile.ZipFile [matched zipfile.ZipFile],True,training.py:34 sklearn.preprocessing.LabelEncoder [matched LabelEncoder],True,models.py:0 class RecurrentModel [matched <class subclasses model base>],True,training.py:146 optimizer.zero_grad [matched optimizer.zero_grad],True,training.py:200 sklearn.metrics.confusion_matrix [matched confusion_matrix],True,models.py:87 model.eval [matched model.eval],verified: all 6 stages present,_archive,,fallback_root,
https://github.com/yyh0806/Ameme_public,ok,True,6,0,1,main.py,115,1429,4,0,0,True,data_loader\data_loaders.py:18 pd.read_csv [matched pd.read_csv],True,data_loader\data_loaders.py:36 torchvision.transforms.transforms.Compose [matched torchvision.transforms.*],True,model\models\byobnet.py:0 class DownsampleAvg [matched <class subclasses model base>],True,main.py:49 trainer.train [matched trainer.train],True,model\metric.py:29 sklearn.metrics.roc_auc_score [matched roc_auc_score],True,model\metric.py:16 torch.no_grad [matched torch.no_grad],verified: all 6 stages present,_archive,,fallback_root,
https://github.com/djeada/Kaggle-Titanic,ok,True,6,0,1,src\main.py,10,43,2,0,0,True,src/main.py:33 pd.read_csv [matched pd.read_csv],True,src/models/gradient_boost.py:24 sklearn.preprocessing.LabelEncoder [matched LabelEncoder],True,src/models/gradient_boost.py:25 sklearn.ensemble.GradientBoostingClassifier [matched GradientBoostingClassifier],True,src/main.py:72 model.fit [matched model.fit],True,src/main.py:83 sklearn.metrics.accuracy_score [matched accuracy_score],True,src/main.py:82 model.predict [matched model.predict],verified: all 6 stages present,pass2,,fallback_nested,no_dockerfile
https://github.com/BitLab16/Machine-learning,ok,True,6,1,1,app.py,20,40,4,0,0,True,flaskr\repository\FileReader.py:12 pd.read_csv [matched pd.read_csv],True,flaskr\ml\Trainer.py:7 sklearn.model_selection.train_test_split [matched train_test_split],True,flaskr\ml\DecisionTree.py:18 sklearn.tree.DecisionTreeRegressor [matched DecisionTreeRegressor],True,app.py:49 trainer.train [matched trainer.train],True,app.py:28 sklearn.metrics.r2_score [matched r2_score],True,app.py:20 flask.Flask [matched Flask],verified: all 6 stages present,_archive,,dockerfile?,
https://github.com/handal95/hiper-analysis-network,ok,True,6,0,1,model\run.py,16,46,3,0,0,True,model/data/prepare.py:12 def prepare_data [matched <lightning hook prepare_data>],True,model/feature/encoding.py:11 sklearn.preprocessing.StandardScaler [matched StandardScaler],True,model/model.py:33 sklearn.linear_model.Lasso [matched Lasso],True,model/model.py:92 model.fit [matched model.fit],True,model/model.py:117 sklearn.metrics.accuracy_score [matched accuracy_score],True,model/model.py:93 model.predict [matched model.predict],verified: all 6 stages present,pass2,,fallback_nested,no_dockerfile
https://github.com/tim-inzitari/Hearthstone-Deck-Clusterer,ok,True,6,0,1,main.py,11,49,2,0,0,True,main.py:490 pd.read_csv [matched pd.read_csv],True,clusters.py:281 sklearn.preprocessing.StandardScaler [matched StandardScaler],True,clusters.py:387 sklearn.cluster.KMeans [matched KMeans],True,testClassify.py:65 model.fit [matched model.fit],True,testClassify.py:68 sklearn.metrics.accuracy_score [matched accuracy_score],True,testClassify.py:66 model.predict [matched model.predict],verified: all 6 stages present,_archive,,fallback_root,
https://github.com/andreapdr/gFun,ok,True,6,0,1,main.py,25,340,3,0,0,True,src\data\dataset_builder.py:47 pickle.load [matched pickle.load],True,src\data\dataset_builder.py:206 sklearn.preprocessing.MultiLabelBinarizer [matched MultiLabelBinarizer],True,src\funnelling.py:80 SVC [matched SVC],True,src\view_generators.py:297 trainer.fit [matched trainer.fit],True,src\view_generators.py:298 trainer.test [matched trainer.test],True,src\view_generators.py:318 self.model.eval [matched model.eval],verified: all 6 stages present,_archive,,fallback_root,
https://github.com/indobenchmark/indonlu,ok,True,6,0,1,main.py,9,134,3,0,0,True,utils\data_utils.py:41 self.load_dataset [matched load_dataset],True,main.py:207 pd.concat [matched pd.concat],True,modules\word_classification.py:41 nn.Dropout [matched nn.Dropout],True,main.py:89 optimizer.zero_grad [matched optimizer.zero_grad],True,utils\metrics.py:7 sklearn.metrics.accuracy_score [matched accuracy_score],True,main.py:42 model.eval [matched model.eval],verified: all 6 stages present,_archive,,fallback_root,
https://github.com/samantamrityunjay/Automatic-assignment-of-ICD10-codes,ok,True,6,0,1,main.py,22,48,2,0,0,True,main.py:39 pd.read_csv [matched pd.read_csv],True,src\bert\bert_dataset.py:16 transformers.BertTokenizer.from_pretrained [matched BertTokenizer.from_pretrained],True,src\bert\bert_model.py:0 class BERTclassifier [matched <class subclasses model base>],True,src\bert\bert_train.py:33 optimizer.zero_grad [matched optimizer.zero_grad],True,src\ovr\mlmodel_result.py:6 sklearn.metrics.accuracy_score [matched accuracy_score],True,src\bert\bert_train.py:45 model.eval [matched model.eval],verified: all 6 stages present,_archive,,fallback_root,
https://github.com/deep-voice/soundbay,ok,True,6,1,1,soundbay\train.py,12,136,3,0,1,True,soundbay/train.py:143 torch.utils.data.DataLoader [matched DataLoader],True,soundbay/models.py:55 transformers.AutoProcessor.from_pretrained [matched AutoProcessor.from_pretrained],True,soundbay/models.py:0 class AST [matched <class subclasses model base>],True,soundbay/train.py:196 hydra.main [matched hydra.main],True,soundbay/utils/logging.py:145 wandb.plot.roc_curve [matched roc_curve],True,soundbay/trainers.py:145 self.model.eval [matched model.eval],verified: all 6 stages present,pass2,,fallback_nested,no_entry
https://github.com/saif-mahmud/self-attention-HAR,ok,True,6,0,1,main.py,23,69,4,0,0,True,main.py:24 yaml.load [matched yaml.load],True,preprocess\uschad\data_loader.py:14 df.apply [matched df.apply],True,model\har_model.py:10 tf.keras.layers.Input [matched tf.keras.layers.*],True,utils\train.py:34 model.fit [matched model.fit],True,utils\result.py:16 sklearn.metrics.classification_report [matched classification_report],True,utils\test.py:18 model.predict [matched model.predict],verified: all 6 stages present,_archive,,fallback_root,
https://github.com/dastronmighty/dl-project,ok,True,6,0,1,main.py,23,152,4,0,0,True,src\Data\Preprocessor.py:32 pd.read_csv [matched pd.read_csv],True,src\Data\Preprocessor.py:29 torchvision.transforms.Resize [matched torchvision.transforms.*],True,src\models\BasicCNN.py:0 class BasicCNN [matched <class subclasses model base>],True,src\experiments\utils.py:98 loss.backward [matched loss.backward],True,src\utils\Metrics.py:9 sklearn.metrics.roc_curve [matched roc_curve],True,src\utils\testmodelutils.py:20 torch.no_grad [matched torch.no_grad],verified: all 6 stages present,_archive,,fallback_root,
https://github.com/tayebiarasteh/retweet,ok,True,6,0,1,main.py,7,55,1,0,0,True,main.py:206 pd.read_csv [matched pd.read_csv],True,main.py:209 spacy.load [matched spacy.load],True,models\biLSTM.py:0 class biLSTM [matched <class subclasses model base>],True,Train_Test_Valid.py:57 tensorboardX.SummaryWriter [matched SummaryWriter],True,Train_Test_Valid.py:258 sklearn.metrics.accuracy_score [matched accuracy_score],True,Train_Test_Valid.py:282 self.model.eval [matched model.eval],verified: all 6 stages present,_archive,,fallback_root,
https://github.com/mikitachab/deepfake-detection,ok,True,6,0,1,main.py,11,51,3,0,0,True,main.py:85 requests.post [matched requests.post],True,main.py:94 sklearn.model_selection.StratifiedKFold [matched StratifiedKFold],True,deepfake_detection\rcnn.py:0 class RCNN [matched <class subclasses model base>],True,deepfake_detection\learner.py:39 self.optimizer.zero_grad [matched optimizer.zero_grad],True,main.py:95 deepfake_detection.cross_validation.cross_val_score [matched cross_val_score],True,deepfake_detection\learner.py:60 self.model.eval [matched model.eval],verified: all 6 stages present,_archive,,fallback_root,
https://github.com/TerenceDumartin/ocular-disease-recognition,ok,True,6,0,1,package\main.py,6,33,1,0,0,True,package/data.py:110 pd.read_csv [matched pd.read_csv],True,package/data.py:87 pd.concat [matched pd.concat],True,package/model.py:16 tf.keras.layers.Dense [matched tf.keras.layers.*],True,package/main.py:156 self.model.fit [matched model.fit],True,package/plot.py:11 sklearn.metrics.confusion_matrix [matched confusion_matrix],True,package/main.py:119 self.model.predict [matched model.predict],verified: all 6 stages present,pass2,,fallback_nested,no_dockerfile
https://github.com/mhezarei/ai-bot,ok,True,6,0,1,main.py,30,89,4,0,0,True,aryana.py:32 requests.post [matched requests.post],True,aibot.py:50 transformers.AutoTokenizer.from_pretrained [matched AutoTokenizer.from_pretrained],True,aibot.py:52 transformers.AutoModelForTokenClassification.from_pretrained [matched AutoModelForTokenClassification.from_pretrained],True,learning.py:48 model.fit [matched model.fit],True,learning.py:49 model.evaluate [matched model.evaluate],True,learning.py:73 model.predict [matched model.predict],verified: all 6 stages present,_archive,,fallback_root,
https://github.com/TakeruEndo/kaggle_Cassava,ok,True,6,0,1,train.py,8,74,2,0,0,True,train.py:65 torch.utils.data.DataLoader [matched DataLoader],True,train.py:215 sklearn.model_selection.StratifiedKFold [matched StratifiedKFold],True,model\nn_model.py:0 class CustomEfficientNet [matched <class subclasses model base>],True,train.py:118 optimizer.zero_grad [matched optimizer.zero_grad],True,utils.py:122 sklearn.metrics.accuracy_score [matched accuracy_score],True,train.py:142 model.eval [matched model.eval],verified: all 6 stages present,_archive,,fallback_root,
https://github.com/bahtman/Adv_ML_Lira,ok,True,6,0,1,main.py,9,38,2,0,0,True,vrae\vrae.py:411 torch.utils.data.DataLoader [matched DataLoader],True,vrae\utils.py:32 sklearn.decomposition.TruncatedSVD [matched TruncatedSVD],True,vrae\vrae.py:0 class Encoder [matched <class subclasses model base>],True,main.py:34 wandb.init [matched wandb.init],True,main.py:107 wandb.log [matched wandb.log],True,main.py:95 torch.no_grad [matched torch.no_grad],verified: all 6 stages present,_archive,,fallback_root,
https://github.com/mb010/EquivariantSelfAttention,ok,True,6,0,1,train.py,19,137,3,0,0,True,utils\utils.py:58 pd.read_csv [matched pd.read_csv],True,utils\data.py:76 torchvision.transforms.functional.rotate [matched torchvision.transforms.*],True,utils\attention.py:0 class HookBasedFeatureExtractor [matched <class subclasses model base>],True,utils\train.py:107 optimizer.zero_grad [matched optimizer.zero_grad],True,utils\evaluation.py:123 sklearn.metrics.roc_curve [matched roc_curve],True,utils\utils.py:70 model.eval [matched model.eval],verified: all 6 stages present,_archive,,fallback_root,
https://github.com/CBICA/GaNDLF,ok,True,6,1,1,GANDLF\entrypoints\cli_tool.py,162,799,9,0,0,True,GANDLF/entrypoints/anonymizer.py:25 yaml.safe_load [matched yaml.safe_load],True,GANDLF/entrypoints/collect_stats.py:157 pd.concat [matched pd.concat],True,GANDLF/models/lightning_module.py:0 class GandlfLightningModule [matched <class subclasses model base>],True,GANDLF/training_manager.py:181 trainer.fit [matched trainer.fit],True,GANDLF/cli/generate_metrics.py:420 GANDLF.metrics.mean_squared_error [matched mean_squared_error],True,GANDLF/utils/modelio.py:77 torch.no_grad [matched torch.no_grad],verified: all 6 stages present,pass2,,fallback_console_script,no_entry
https://github.com/leebebeto/Missing-children,ok,True,6,0,1,train.py,13,187,4,0,0,True,learner.py:295 PIL.Image.open [matched Image.open],True,learner.py:296 torchvision.transforms.ToTensor [matched torchvision.transforms.*],True,model.py:0 class Flatten [matched <class subclasses model base>],True,learner.py:57 wandb.init [matched wandb.init],True,learner.py:264 self.writer.add_scalar [matched writer.add_scalar],True,learner.py:272 self.model.eval [matched model.eval],verified: all 6 stages present,_archive,,fallback_root,
https://github.com/victor-basisai/credit-scoring,ok,True,6,1,1,train.py,2,13,1,0,0,True,train.py:128 utils.credit.load_dataset [matched load_dataset],True,utils\credit.py:38 df.dropna [matched df.dropna],True,utils\credit.py:86 sklearn.linear_model.LogisticRegression [matched LogisticRegression],True,utils\credit.py:87 model.fit [matched model.fit],True,train.py:66 sklearn.metrics.accuracy_score [matched accuracy_score],True,train.py:63 model.predict_proba [matched model.predict_proba],verified: all 6 stages present,_archive,,dockerfile?,
https://github.com/samsudinng/speech_accent_recognition,ok,True,6,0,1,train.py,19,83,3,0,1,True,data_loader\data_loaders.py:80 torchvision.datasets.ImageFolder [matched torchvision.datasets.*],True,data_loader\data_loaders.py:43 torchvision.transforms.Compose [matched torchvision.transforms.*],True,model\model.py:0 class AlexNetFinetuning [matched <class subclasses model base>],True,train.py:55 trainer.train [matched trainer.train],True,utils\util.py:58 self.writer.add_scalar [matched writer.add_scalar],True,model\metric.py:5 torch.no_grad [matched torch.no_grad],verified: all 6 stages present,_archive,,fallback_root,
https://github.com/aildnont/water-forecast,ok,True,6,0,1,src\train.py,9,81,2,0,0,True,src/train.py:36 pd.read_csv [matched pd.read_csv],True,src/train.py:40 pd.to_datetime [matched pd.to_datetime],True,src/models/prophet.py:39 prophet.Prophet [matched Prophet],True,src/train.py:81 model.fit [matched model.fit],True,src/train.py:88 model.evaluate [matched model.evaluate],True,src/models/prophet.py:69 self.model.predict [matched model.predict],verified: all 6 stages present,pass2,,fallback_nested,no_dockerfile
https://github.com/bastianatte/StockRegr,ok,True,6,0,1,main.py,7,79,1,0,0,True,main.py:48 pd.read_csv [matched pd.read_csv],True,main.py:58 pd.concat [matched pd.concat],True,classes\RegressorModels.py:30 sklearn.ensemble.RandomForestRegressor [matched RandomForestRegressor],True,classes\RegressorModels.py:31 model.fit [matched model.fit],True,main.py:202 sklearn.metrics.mean_squared_error [matched mean_squared_error],True,classes\RegressorModels.py:32 model.predict [matched model.predict],verified: all 6 stages present,_archive,,fallback_root,
https://github.com/sting1000/generator,ok,True,6,0,1,train.py,6,55,3,0,0,True,src\Pipeline.py:119 json.load [matched json.load],True,src\Pipeline.py:27 src.Normalizer.Normalizer [matched Normalizer],True,src\Classifier.py:97 transformers.AutoModelForTokenClassification.from_pretrained [matched AutoModelForTokenClassification.from_pretrained],True,src\Classifier.py:138 trainer.train [matched trainer.train],True,src\Classifier.py:166 src.utils.confusion_matrix [matched confusion_matrix],True,src\Classifier.py:230 trainer.predict [matched trainer.predict],verified: all 6 stages present,_archive,,fallback_root,
https://github.com/jaymody/misinformation-detection-with-transformers,ok,True,6,1,1,pipeline.py,7,124,1,0,0,True,valerie\data.py:229 json.load [matched json.load],True,pipeline.py:55 spacy.load [matched spacy.load],True,valerie\modeling.py:224 transformers.AutoModelForSequenceClassification.from_pretrained [matched AutoModelForSequenceClassification.from_pretrained],True,valerie\modeling.py:177 trainer.train [matched trainer.train],True,valerie\modeling.py:287 sklearn.metrics.classification_report [matched classification_report],True,pipeline.py:72 model.predict [matched model.predict],verified: all 6 stages present,_archive,,dockerfile?,
https://github.com/TatianaMoteuN/flair,ok,True,6,0,1,train.py,29,1035,3,0,0,True,flair\data.py:105 pickle.load [matched pickle.load],True,flair\tokenization.py:36 spacy.load [matched spacy.load],True,flair\embeddings\base.py:0 class Embeddings [matched <class subclasses model base>],True,train.py:57 trainer.train [matched trainer.train],True,flair\training_utils.py:199 sklearn.metrics.mean_squared_error [matched mean_squared_error],True,flair\embeddings\token.py:612 torch.no_grad [matched torch.no_grad],verified: all 6 stages present,_archive,,fallback_root,
https://github.com/Murali-group/supervised-grns,ok,True,6,0,1,main.py,9,54,3,0,0,True,SGRN\__init__.py:139 yaml.load [matched yaml.load],True,SGRN\makeInputs.py:178 sklearn.model_selection.KFold [matched KFold],True,SGRN\CNNCRunner.py:0 class CNNCNet [matched <class subclasses model base>],True,SGRN\GAERunner.py:57 optimizer.zero_grad [matched optimizer.zero_grad],True,SGRN\GAERunner.py:249 writer.add_scalar [matched writer.add_scalar],True,SGRN\GAERunner.py:65 model.eval [matched model.eval],verified: all 6 stages present,_archive,,fallback_root,
https://github.com/human-analysis/pytorchnet,ok,True,6,0,1,main.py,50,507,6,0,2,True,hal\datasets\cifar.py:40 def train_dataloader [matched <lightning hook train_dataloader>],True,hal\datasets\cifar.py:22 torchvision.transforms.Compose [matched torchvision.transforms.*],True,main.py:51 model.Model [matched Model],True,main.py:76 trainer.fit [matched trainer.fit],True,model.py:51 def validation_step [matched <lightning hook validation_step>],True,main.py:77 trainer.predict [matched trainer.predict],verified: all 6 stages present,_archive,,fallback_root,
https://github.com/sgm-projects/sgm-analysis-computing-node,ok,True,6,2,1,app\main.py,32,88,3,0,0,True,app/core/tasks.py:28 requests.get [matched requests.get],True,app/methods/legacy/tasks.py:149 sklearn.preprocessing.StandardScaler [matched StandardScaler],True,app/methods/legacy/tasks.py:39 sklearn.linear_model.LinearRegression [matched LinearRegression],True,app/methods/legacy/tasks.py:229 kmeans.fit_predict [matched .fit_predict],True,app/methods/legacy/tasks.py:45 sklearn.metrics.mean_squared_error [matched mean_squared_error],True,app/main.py:28 fastapi.FastAPI [matched FastAPI],verified: all 6 stages present,pass2,,fallback_nested,no_entry
https://github.com/mpoiitis/iSpine,ok,True,6,0,1,main.py,33,210,3,0,0,True,algorithms\agc\agc.py:41 scipy.io.loadmat [matched scipy.io.loadmat],True,utils\utils.py:145 sklearn.preprocessing.MinMaxScaler [matched MinMaxScaler],True,algorithms\agc\agc.py:85 sklearn.cluster.KMeans [matched KMeans],True,algorithms\gcn\gcn.py:66 tf.GradientTape [matched tf.GradientTape],True,utils\metrics.py:89 sklearn.metrics.accuracy_score [matched accuracy_score],True,algorithms\pointspectrum\pointspectrum.py:142 torch.no_grad [matched torch.no_grad],verified: all 6 stages present,_archive,,fallback_root,
https://github.com/rwiatr/aggets,ok,True,6,0,1,aggets\main.py,16,191,3,0,0,True,aggets/util.py:12 pickle.load [matched pickle.load],True,aggets/ds/aggregators.py:59 np.nan_to_num [matched np.nan_to_num],True,aggets/main.py:34 nn.Sequential [matched nn.Sequential],True,aggets/train.py:41 self.optimizer.zero_grad [matched optimizer.zero_grad],True,aggets/ds/plotters.py:13 sklearn.metrics.roc_auc_score [matched roc_auc_score],True,aggets/train.py:90 torch.no_grad [matched torch.no_grad],verified: all 6 stages present,pass2,,fallback_nested,no_dockerfile
https://github.com/YaqiangCao/cLoops2,ok,True,6,0,1,cLoops2\cLoops2.py,26,262,2,0,0,True,cLoops2/qc.py:52 gzip.open [matched gzip.open],True,cLoops2/est.py:356 sklearn.model_selection.train_test_split [matched train_test_split],True,cLoops2/est.py:82 sklearn.mixture.GaussianMixture [matched GaussianMixture],True,cLoops2/est.py:421 model.fit [matched model.fit],True,cLoops2/est.py:370 sklearn.metrics.mean_absolute_error [matched mean_absolute_error],True,cLoops2/est.py:93 clf.predict [matched clf.predict],verified: all 6 stages present,pass2,,fallback_console_script,no_dockerfile
https://github.com/talha12981/sahte,ok,True,6,0,1,app.py,6,25,2,0,0,True,Face_dectection.py:8 cv2.imread [matched cv2.imread],True,SVM.py:61 sklearn.model_selection.train_test_split [matched train_test_split],True,CNN.py:62 tf.keras.layers.experimental.preprocessing.Rescaling [matched tf.keras.layers.*],True,SVM.py:65 clf.fit [matched clf.fit],True,SVM.py:72 sklearn.metrics.precision_score [matched precision_score],True,app.py:17 flask.Flask [matched Flask],verified: all 6 stages present,_archive,,fallback_root,
https://github.com/liqing-ustc/ANS,ok,True,6,0,1,train.py,12,123,4,0,0,True,train.py:162 torch.utils.data.DataLoader [matched DataLoader],True,utils.py:24 torchvision.transforms.Compose [matched torchvision.transforms.*],True,perception\perception.py:0 class SymbolNet [matched <class subclasses model base>],True,perception\perception.py:147 self.optimizer.zero_grad [matched optimizer.zero_grad],True,train.py:91 sklearn.metrics.classification_report [matched classification_report],True,train.py:54 model.eval [matched model.eval],verified: all 6 stages present,_archive,,fallback_root,
https://github.com/tarkantemizoz/Cost-Sensitive-Learning,ok,True,6,0,1,train.py,22,104,2,0,0,True,data_formatters\bank.py:36 pickle.load [matched pickle.load],True,data_formatters\base.py:35 sklearn.model_selection.StratifiedKFold [matched StratifiedKFold],True,Models\ml.py:88 sklearn.tree.DecisionTreeClassifier [matched DecisionTreeClassifier],True,Models\ml.py:119 clf.fit [matched clf.fit],True,utils\utils.py:19 sklearn.metrics.accuracy_score [matched accuracy_score],True,Models\ml.py:234 model.predict [matched model.predict],verified: all 6 stages present,_archive,,fallback_root,
https://github.com/Hethsron/deepmwoo,ok,True,6,1,1,main.py,6,22,2,0,0,True,deepmwoo\core\capture.py:79 cv2.VideoCapture [matched cv2.VideoCapture],True,deepmwoo\core\train.py:242 sklearn.preprocessing.LabelEncoder [matched LabelEncoder],True,deepmwoo\core\train.py:273 keras.layers.Flatten [matched keras.layers.*],True,deepmwoo\core\train.py:407 model.fit [matched model.fit],True,deepmwoo\core\train.py:420 model.evaluate [matched model.evaluate],True,deepmwoo\core\recognize.py:179 model.predict [matched model.predict],verified: all 6 stages present,_archive,,dockerfile?,
https://github.com/voxel51/fiftyone,ok,True,6,6,1,fiftyone\core\cli.py,320,8558,8,0,5,True,fiftyone/core/cli.py:510 fiftyone.core.dataset.load_dataset [matched load_dataset],True,fiftyone/utils/torch.py:1035 torchvision.transforms.Resize [matched torchvision.transforms.*],True,fiftyone/zoo/models/__init__.py:0 class ZooModel [matched <class subclasses model base>],True,fiftyone/core/plots/utils.py:220 model.fit [matched model.fit],True,fiftyone/operators/executor.py:1407 self.log [matched self.log],True,fiftyone/core/models.py:375 model.predict [matched model.predict],verified: all 6 stages present,pass2,,fallback_console_script,no_entry
https://github.com/dfdazac/blp,ok,True,6,0,1,train.py,4,48,1,0,0,True,train.py:284 torch.utils.data.DataLoader [matched DataLoader],True,train.py:274 transformers.BertTokenizer.from_pretrained [matched BertTokenizer.from_pretrained],True,train.py:449 sklearn.linear_model.LogisticRegression [matched LogisticRegression],True,train.py:346 optimizer.zero_grad [matched optimizer.zero_grad],True,train.py:454 sklearn.metrics.accuracy_score [matched accuracy_score],True,train.py:58 torch.no_grad [matched torch.no_grad],verified: all 6 stages present,_archive,,fallback_root,
https://github.com/reach1dev/api-ml-web-tool,ok,True,6,0,1,app.py,8,89,2,0,0,True,app.py:77 pd.read_csv [matched pd.read_csv],True,engine.py:85 sklearn.decomposition.PCA [matched PCA],True,engine.py:116 sklearn.neighbors.KNeighborsClassifier [matched KNeighborsClassifier],True,engine.py:167 sklearn.model_selection.GridSearchCV [matched GridSearchCV],True,engine.py:96 sklearn.metrics.confusion_matrix [matched confusion_matrix],True,app.py:25 flask.Flask [matched Flask],verified: all 6 stages present,_archive,,fallback_root,
https://github.com/lulivi/dgp-lib,ok,True,6,1,1,dgp\__main__.py,9,38,2,0,0,True,dgp/utils.py:51 pd.read_csv [matched pd.read_csv],True,dgp/utils.py:53 pd.get_dummies [matched pd.get_dummies],True,dgp/ga_optimizer/toolbox.py:90 keras.layers.Dense.from_config [matched keras.layers.*],True,dgp/ga_optimizer/toolbox.py:100 model.fit [matched model.fit],True,dgp/dgp_logger.py:45 self.log [matched self.log],True,dgp/ga_optimizer/toolbox.py:103 model.predict_classes [matched model.predict_classes],verified: all 6 stages present,pass2,,fallback_nested,no_entry
https://github.com/barahona-research-group/hcga,ok,True,6,0,1,hcga\app.py,11,92,3,0,1,True,hcga/app.py:114 hcga.io.load_dataset [matched load_dataset],True,hcga/extraction.py:240 pd.concat [matched pd.concat],True,hcga/analysis.py:161 sklearn.ensemble.RandomForestClassifier [matched RandomForestClassifier],True,hcga/analysis.py:394 model.fit [matched model.fit],True,hcga/analysis.py:397 sklearn.metrics.accuracy_score [matched accuracy_score],True,hcga/analysis.py:397 model.predict [matched model.predict],verified: all 6 stages present,pass2,,fallback_nested,no_dockerfile
https://github.com/ialab-puc/segmentation_guided_attention,ok,True,6,0,1,train.py,18,84,2,0,0,True,train.py:112 torch.utils.data.DataLoader [matched DataLoader],True,train.py:68 torchvision.transforms.Compose [matched torchvision.transforms.*],True,nets\sscnn.py:0 class SsCnn [matched <class subclasses model base>],True,train.py:193 comet_ml.Experiment [matched comet_ml.Experiment],True,train_scripts\sscnn.py:69 ignite.metrics.Accuracy [matched Accuracy],True,train_scripts\sscnn.py:48 torch.no_grad [matched torch.no_grad],verified: all 6 stages present,_archive,,fallback_root,
https://github.com/CAMBI-tech/BciPy,ok,True,6,0,1,bcipy\main.py,62,680,6,0,2,True,bcipy/io/load.py:73 json.load [matched json.load],True,bcipy/signal/model/pca_rda_kde/pca_rda_kde.py:50 bcipy.signal.model.pipeline.Pipeline [matched Pipeline],True,bcipy/signal/model/gaussian_mixture/gaussian_mixture.py:185 sklearn.mixture.GaussianMixture [matched GaussianMixture],True,bcipy/signal/model/gaussian_mixture/gaussian_mixture.py:187 model.fit [matched model.fit],True,bcipy/signal/model/cross_validation.py:72 sklearn.metrics.roc_curve [matched roc_curve],True,bcipy/signal/model/gaussian_mixture/gaussian_mixture.py:232 self.model.predict_proba [matched model.predict_proba],verified: all 6 stages present,pass2,,fallback_nested,no_dockerfile
https://github.com/hojunroks/label2vec,ok,True,6,0,1,train.py,6,48,2,0,0,True,dm.py:53 def train_dataloader [matched <lightning hook train_dataloader>],True,dm.py:54 torchvision.transforms.Compose [matched torchvision.transforms.*],True,src\model.py:0 class BYOL_Pre [matched <class subclasses model base>],True,train.py:108 trainer.fit [matched trainer.fit],True,src\model.py:47 def validation_step [matched <lightning hook validation_step>],True,src\model.py:261 torch.no_grad [matched torch.no_grad],verified: all 6 stages present,_archive,,fallback_root,
https://github.com/mslovett21/decaf-pegasus-covid,ok,True,6,0,1,main.py,11,56,3,0,0,True,utils\util.py:102 json.load [matched json.load],True,data_loader\covidxdataset.py:13 torchvision.transforms.Normalize [matched torchvision.transforms.*],True,model\model.py:0 class Flatten [matched <class subclasses model base>],True,main.py:94 scheduler.step [matched scheduler.step],True,utils\util.py:15 writer.add_scalar [matched writer.add_scalar],True,utils\util.py:214 torch.no_grad [matched torch.no_grad],verified: all 6 stages present,_archive,,fallback_root,
https://github.com/DevMilk/AutoNLP-CLSF,ok,True,6,0,1,app.py,8,39,4,0,0,True,models\dataset\dataset.py:15 pd.read_csv [matched pd.read_csv],True,models\models\basic_bow_models.py:56 sklearn.pipeline.Pipeline [matched sklearn.pipeline.Pipeline],True,models\models\basic_bow_models.py:21 sklearn.svm.LinearSVC [matched LinearSVC],True,models\models\basic_bow_models.py:44 self.model.fit [matched model.fit],True,models\models\basic_bow_models.py:14 sklearn.metrics.confusion_matrix [matched confusion_matrix],True,app.py:10 flask.Flask [matched Flask],verified: all 6 stages present,_archive,,fallback_root,
https://github.com/mengtinglll/deepke,ok,True,6,0,1,main.py,26,106,4,0,0,True,main.py:64 torch.utils.data.DataLoader [matched DataLoader],True,preprocess.py:73 transformers.BertTokenizer.from_pretrained [matched BertTokenizer.from_pretrained],True,models\BasicModule.py:0 class BasicModule [matched <class subclasses model base>],True,main.py:81 torch.utils.tensorboard.SummaryWriter [matched tensorboard.SummaryWriter],True,trainer.py:52 writer.add_scalar [matched writer.add_scalar],True,trainer.py:58 model.eval [matched model.eval],verified: all 6 stages present,_archive,,fallback_root,
https://github.com/RayRuizhiLiao/resnet_chestxray,ok,True,6,1,1,test_inference.py,8,84,2,0,0,True,resnet_chestxray\model_utils.py:57 np.load [matched np.load],True,resnet_chestxray\main_utils.py:39 torchvision.transforms.Compose [matched torchvision.transforms.*],True,resnet_chestxray\model.py:0 class BasicBlock [matched <class subclasses model base>],True,resnet_chestxray\main_utils.py:168 optimizer.zero_grad [matched optimizer.zero_grad],True,eval_metrics.py:34 sklearn.metrics.roc_curve [matched roc_curve],True,resnet_chestxray\main_utils.py:226 self.model.eval [matched model.eval],verified: all 6 stages present,_archive,,dockerfile?,
https://github.com/elBichon/online_machine_learning,ok,True,6,0,1,app.py,2,22,1,0,0,True,utils.py:79 requests.get [matched requests.get],True,app.py:84 spacy.load [matched spacy.load],True,app.py:73 sklearn.neighbors.KNeighborsClassifier [matched KNeighborsClassifier],True,app.py:99 sklearn.model_selection.GridSearchCV [matched GridSearchCV],True,utils.py:227 sklearn.metrics.confusion_matrix [matched confusion_matrix],True,app.py:40 flask.Flask [matched Flask],verified: all 6 stages present,_archive,,fallback_root,
https://github.com/mcps5601/TimeGAN-tensorflow2,ok,True,6,0,1,main.py,18,66,3,0,0,True,main.py:87 pickle.load [matched pickle.load],True,hider\timegan\timegan.py:238 modules.model_utils.MinMaxScaler [matched MinMaxScaler],True,hider\timegan\timegan.py:0 class TimeGAN [matched <class subclasses model base>],True,hider\timegan\timegan.py:26 tf.GradientTape [matched tf.GradientTape],True,main.py:178 sklearn.metrics.confusion_matrix [matched confusion_matrix],True,hider\timegan\timegan.py:399 model.generate [matched model.generate],verified: all 6 stages present,_archive,,fallback_root,
https://github.com/EricPostMaster/market-research-cluster-analysis,ok,True,6,0,1,app.py,1,2,0,0,0,True,app.py:327 pd.read_csv [matched pd.read_csv],True,app.py:237 pd.concat [matched pd.concat],True,app.py:204 sklearn.cluster.KMeans [matched KMeans],True,app.py:216 fit_predict [matched .fit_predict],True,app.py:219 sklearn.metrics.silhouette_score [matched silhouette_score],True,app.py:70 st.write [matched st.write],verified: all 6 stages present,_archive,,fallback_root,
https://github.com/tanvig14/Phishy,ok,True,6,0,1,src\train.py,1,0,0,0,0,True,src/train.py:29 scipy.io.arff.loadarff [matched scipy.io.arff.loadarff],True,src/train.py:43 sklearn.model_selection.train_test_split [matched train_test_split],True,src/train.py:46 sklearn.svm.SVC [matched SVC],True,src/train.py:47 model.fit [matched model.fit],True,src/train.py:53 accuracy_score [matched accuracy_score],True,src/train.py:50 model.predict [matched model.predict],verified: all 6 stages present,pass2,,fallback_nested,no_dockerfile
https://github.com/ezeeEric/DiVAE,ok,True,6,0,1,scripts\run.py,40,244,4,0,1,True,data/dataManager.py:110 np.load [matched np.load],True,data/mnist.py:42 torchvision.transforms.ToTensor [matched torchvision.transforms.*],True,scripts/run.py:109 hydra.utils.instantiate [matched hydra.utils.instantiate],True,scripts/run.py:50 wandb.init [matched wandb.init],True,engine/engine.py:80 wandb.log [matched wandb.log],True,engine/engine.py:90 torch.no_grad [matched torch.no_grad],verified: all 6 stages present,pass2,,fallback_nested,no_dockerfile
https://github.com/LakshyaMalhotra/Salary-prediction-based-on-job-descriptions,ok,True,6,0,1,src\main.py,1,21,0,0,0,True,src/main.py:416 json.load [matched json.load],True,src/main.py:434 sklearn.compose.ColumnTransformer [matched ColumnTransformer],True,src/main.py:432 lgb.LGBMRegressor [matched LGBMRegressor],True,src/main.py:178 model.fit [matched model.fit],True,src/main.py:479 model.cross_validate [matched cross_validate],True,src/main.py:179 model.predict [matched model.predict],verified: all 6 stages present,pass2,,fallback_nested,no_dockerfile
https://github.com/Javihaus/Auto-ML-app-with-dash,ok,True,6,0,1,app.py,1,20,0,0,0,True,app.py:41 pd.read_csv [matched pd.read_csv],True,app.py:48 sklearn.preprocessing.MinMaxScaler [matched MinMaxScaler],True,app.py:108 sklearn.linear_model.LogisticRegression [matched LogisticRegression],True,app.py:1092 clf.fit [matched clf.fit],True,app.py:1170 sklearn.metrics.accuracy_score [matched accuracy_score],True,app.py:35 flask.Flask [matched Flask],verified: all 6 stages present,_archive,,fallback_root,
https://github.com/uoo723/M2m_text,ok,True,6,1,1,main.py,21,292,3,0,0,True,main.py:348 yaml.load [matched yaml.load],True,m2m_text\datasets\_base.py:89 sklearn.model_selection.train_test_split [matched train_test_split],True,m2m_text\networks.py:0 class Network [matched <class subclasses model base>],True,main.py:363 mlflow.start_run [matched mlflow.start_run],True,m2m_text\metrics.py:25 sklearn.metrics.confusion_matrix [matched confusion_matrix],True,m2m_text\optimizers.py:172 torch.no_grad [matched torch.no_grad],verified: all 6 stages present,_archive,,dockerfile?,
https://github.com/silencedsre/Fusemachines-AI-Training,ok,True,6,1,1,app.py,6,15,1,0,0,True,app.py:62 pickle.load [matched pickle.load],True,src\data\preprocess_data.py:41 nltk.stem.WordNetLemmatizer [matched nltk.stem.WordNetLemmatizer],True,src\models\baseline.py:13 sklearn.naive_bayes.MultinomialNB [matched MultinomialNB],True,app.py:80 mlflow.start_run [matched mlflow.start_run],True,src\models\baseline.py:16 sklearn.metrics.f1_score [matched f1_score],True,app.py:16 flask.Flask [matched Flask],verified: all 6 stages present,_archive,,dockerfile?,
https://github.com/jingquan-wang/mrp7pred,ok,True,6,0,1,mrp7pred\train.py,13,67,5,0,0,True,mrp7pred/preprocess.py:49 pd.read_csv [matched pd.read_csv],True,mrp7pred/train.py:54 sklearn.pipeline.Pipeline [matched sklearn.pipeline.Pipeline],True,mrp7pred/grid.py:14 sklearn.ensemble.RandomForestClassifier [matched RandomForestClassifier],True,mrp7pred/train.py:62 sklearn.model_selection.GridSearchCV [matched GridSearchCV],True,mrp7pred/utils.py:131 sklearn.metrics.average_precision_score [matched average_precision_score],True,mrp7pred/utils.py:271 self.estimator.predict [matched estimator.predict],verified: all 6 stages present,pass2,,fallback_nested,no_dockerfile
https://github.com/ranjita-naik/allennlp,ok,True,6,2,1,allennlp\run.py,383,2176,8,0,4,True,allennlp/commands/elmo.py:345 h5py.File [matched h5py.File],True,allennlp/common/util.py:289 spacy.load [matched spacy.load],True,allennlp/nn/util.py:1410 nn.ModuleList [matched nn.ModuleList],True,allennlp/commands/fine_tune.py:318 trainer.train [matched trainer.train],True,allennlp/training/metrics/auc.py:73 sklearn.metrics.roc_curve [matched roc_curve],True,allennlp/commands/elmo.py:389 torch.no_grad [matched torch.no_grad],verified: all 6 stages present,pass2,,fallback_nested,no_entry
https://github.com/delinhquent/unnatural-reviews-detector,ok,True,6,0,1,main.py,25,156,5,0,0,True,utils\config.py:13 json.load [matched json.load],True,pipeline\trainer.py:55 pd.merge [matched pd.merge],True,pipeline\trainer.py:163 trainers.models.Model [matched Model],True,main.py:68 comet_ml.Experiment [matched comet_ml.Experiment],True,trainers\models.py:135 sklearn.metrics.f1_score [matched f1_score],True,trainers\models.py:118 self.model.predict [matched model.predict],verified: all 6 stages present,_archive,,fallback_root,
https://github.com/CRJoshuaa/Data-Mining-Project,ok,True,6,0,1,app.py,1,19,0,0,0,True,app.py:23 pd.read_csv [matched pd.read_csv],True,app.py:26 df.fillna [matched df.fillna],True,app.py:209 sklearn.cluster.KMeans [matched KMeans],True,app.py:257 clf.fit [matched clf.fit],True,app.py:260 sklearn.metrics.multilabel_confusion_matrix [matched multilabel_confusion_matrix],True,app.py:132 st.write [matched st.write],verified: all 6 stages present,_archive,,fallback_root,
https://github.com/mastrHyperion98/CNN-Music-Classifier,ok,True,6,0,1,main.py,1,11,0,0,0,True,main.py:20 pd.read_csv [matched pd.read_csv],True,main.py:219 sklearn.preprocessing.LabelEncoder [matched LabelEncoder],True,main.py:142 sklearn.ensemble.RandomForestClassifier [matched RandomForestClassifier],True,main.py:144 clf.fit [matched clf.fit],True,main.py:46 pytorch_lightning.metrics.functional.classification.confusion_matrix [matched confusion_matrix],True,main.py:210 model.eval [matched model.eval],verified: all 6 stages present,_archive,,fallback_root,
https://github.com/alexchungio/Multi-Lable-Classification-Planet,ok,True,6,0,1,train.py,13,109,4,0,0,True,train.py:83 torch.utils.data.DataLoader [matched DataLoader],True,data\transform.py:162 torchvision.transforms.transforms.Compose [matched torchvision.transforms.*],True,models\resnet.py:0 class BasicBlock [matched <class subclasses model base>],True,train.py:53 torch.utils.tensorboard.SummaryWriter [matched tensorboard.SummaryWriter],True,train.py:201 writer.add_scalar [matched writer.add_scalar],True,train.py:401 model.eval [matched model.eval],verified: all 6 stages present,_archive,,fallback_root,
https://github.com/Zerkles/SRUDA,ok,True,6,0,1,main.py,6,38,2,0,0,True,src\model_builder\model_builder.py:41 def prepare_data [matched <lightning hook prepare_data>],True,src\model_builder\model_builder.py:185 sklearn.model_selection.train_test_split [matched train_test_split],True,src\model_builder\model_builder.py:89 xgb.XGBClassifier [matched XGBClassifier],True,src\model_builder\model_builder.py:144 model.fit [matched model.fit],True,src\model_builder\model_builder.py:181 sklearn.metrics.confusion_matrix [matched confusion_matrix],True,src\model_builder\model_builder.py:149 model.predict [matched model.predict],verified: all 6 stages present,_archive,,fallback_root,
https://github.com/oddeirikigland/ist-data-science,ok,True,6,0,1,main.py,18,91,3,0,0,True,modules\classification\all_models.py:86 pd.read_csv [matched pd.read_csv],True,modules\preprocessing\preprocessing_report.py:25 df.groupby [matched df.groupby],True,modules\preprocessing\feature_selection.py:46 sklearn.linear_model.LogisticRegression [matched LogisticRegression],True,modules\classification\naive_bayes.py:11 clf.fit [matched clf.fit],True,main.py:24 modules.classification.classification_report.classification_report [matched classification_report],True,modules\functions.py:168 model.predict [matched model.predict],verified: all 6 stages present,_archive,,fallback_root,
https://github.com/9DemonFox/simpleLearning,ok,True,6,0,1,main.py,38,362,3,0,0,True,UI\Controler.py:204 PIL.Image.open [matched Image.open],True,mert\mert.py:119 pd.concat [matched pd.concat],True,ahp\AHP.py:0 class AHPModel [matched <class subclasses model base>],True,ahp\AHP.py:303 model.fit [matched model.fit],True,gbm\GBM.py:71 sklearn.metrics.mean_squared_error [matched mean_squared_error],True,UI\Modeler.py:130 model.predict [matched model.predict],verified: all 6 stages present,_archive,,fallback_root,
https://github.com/nicoloverardo/master-degree-thesis,ok,True,6,1,1,app.py,6,121,1,0,0,True,app.py:61 pd.read_csv [matched pd.read_csv],True,app.py:447 pd.to_datetime [matched pd.to_datetime],True,app.py:226 fbprophet.Prophet [matched Prophet],True,app.py:241 model.fit [matched model.fit],True,app.py:476 sklearn.metrics.mean_absolute_error [matched mean_absolute_error],True,app.py:251 st.write [matched st.write],verified: all 6 stages present,_archive,,dockerfile?,
https://github.com/CHeffernan087/NBA_Machine_Learning_Model,ok,True,6,0,1,main.py,10,47,3,0,0,True,main.py:59 pd.read_csv [matched pd.read_csv],True,main.py:87 sklearn.pipeline.make_pipeline [matched make_pipeline],True,main.py:83 sklearn.linear_model.LogisticRegression [matched LogisticRegression],True,feature_processing\feature_selector.py:92 estimator.fit [matched estimator.fit],True,main.py:72 helper_functions.cross_validate [matched cross_validate],True,helper_functions.py:77 pipeline.predict [matched pipeline.predict],verified: all 6 stages present,_archive,,fallback_root,
https://github.com/Jason0917/Normalizing-Flow-Based-Defect-Detection,ok,True,6,0,1,main.py,8,68,3,0,0,True,utils.py:139 torch.utils.data.DataLoader [matched DataLoader],True,utils.py:27 torchvision.transforms.functional.crop [matched torchvision.transforms.*],True,model.py:0 class VAE [matched <class subclasses model base>],True,train.py:74 optimizer.zero_grad [matched optimizer.zero_grad],True,train.py:144 sklearn.metrics.roc_auc_score [matched roc_auc_score],True,train.py:119 model.eval [matched model.eval],verified: all 6 stages present,_archive,,fallback_root,
https://github.com/cristianokunas/Sentiment_Analysis,ok,True,6,0,1,main.py,2,5,1,0,0,True,SampleTraining.py:87 def prepare_data [matched <lightning hook prepare_data>],True,SampleTraining.py:101 tf.keras.preprocessing.text.Tokenizer [matched Tokenizer],True,SampleTraining.py:126 tf.keras.layers.Input [matched tf.keras.layers.*],True,SampleTraining.py:146 self.model.fit [matched model.fit],True,SampleTraining.py:164 self.model.evaluate [matched model.evaluate],True,SampleTraining.py:173 self.model.predict [matched model.predict],verified: all 6 stages present,_archive,,fallback_root,
https://github.com/LucaUrban/prova_streamlit,ok,True,6,0,1,app.py,1,0,0,0,0,True,app.py:34 pd.read_csv [matched pd.read_csv],True,app.py:250 pd.merge [matched pd.merge],True,app.py:277 sklearn.linear_model.LinearRegression [matched LinearRegression],True,app.py:343 clf.fit [matched clf.fit],True,app.py:431 sklearn.metrics.mean_squared_error [matched mean_squared_error],True,app.py:27 st.write [matched st.write],verified: all 6 stages present,_archive,,fallback_root,
https://github.com/WildflowerSchools/wf-process-cuwb-data,ok,True,6,0,1,process_cuwb_data\__main__.py,39,208,6,0,0,True,process_cuwb_data/cli.py:304 pd.read_pickle [matched pd.read_pickle],True,process_cuwb_data/cli.py:187 df.assign [matched df.assign],True,process_cuwb_data/uwb_predict_tray_centroids.py:189 sklearn.mixture.GaussianMixture [matched GaussianMixture],True,process_cuwb_data/uwb_predict_tray_centroids.py:190 model.fit [matched model.fit],True,process_cuwb_data/uwb_motion_classifier_random_forest.py:151 sklearn.model_selection.metrics.confusion_matrix [matched confusion_matrix],True,process_cuwb_data/uwb_predict_tray_centroids.py:194 model.predict [matched model.predict],verified: all 6 stages present,pass2,,fallback_nested,no_dockerfile
https://github.com/YttriLab/B-SOID,ok,True,6,0,1,bsoid_py\main.py,9,31,2,0,0,True,bsoid_py/main.py:71 pd.read_csv [matched pd.read_csv],True,bsoid_py/main.py:106 pd.concat [matched pd.concat],True,bsoid_py/train.py:146 sklearn.mixture.GaussianMixture [matched GaussianMixture],True,bsoid_py/train.py:220 clf.fit [matched clf.fit],True,bsoid_py/train.py:190 sklearn.model_selection.cross_val_score [matched cross_val_score],True,bsoid_py/classify.py:108 model.predict [matched model.predict],verified: all 6 stages present,pass2,,fallback_nested,no_dockerfile
https://github.com/rodrigorivera/mds20_returney,ok,True,6,0,1,train.py,10,53,3,0,0,True,data\OCON\dataset.py:231 pd.read_csv [matched pd.read_csv],True,data\OCON\dataset.py:233 sklearn.model_selection.train_test_split [matched train_test_split],True,RNNSM\rnnsm.py:0 class RNNSM [matched <class subclasses model base>],True,train.py:79 optimizer.zero_grad [matched optimizer.zero_grad],True,train.py:26 test_step [matched test_step],True,train.py:24 torch.no_grad [matched torch.no_grad],verified: all 6 stages present,_archive,,fallback_root,
https://github.com/HaoyeTianCoder/BATS,ok,True,6,0,1,experiment\main.py,19,238,3,0,0,True,experiment/main.py:37 pickle.load [matched pickle.load],True,representation/word2vector.py:226 nltk.tokenize.word_tokenize [matched nltk.tokenize.word_tokenize],True,experiment/cluster.py:55 sklearn.cluster.KMeans [matched KMeans],True,experiment/cluster.py:57 kmeans.fit_predict [matched .fit_predict],True,experiment/evaluate.py:1165 sklearn.metrics.roc_curve [matched roc_curve],True,representation/code2vector.py:22 self.model.predict [matched model.predict],verified: all 6 stages present,pass2,,fallback_nested,no_dockerfile
https://github.com/yliess86/PaintsTorch2,ok,True,6,1,1,paintstorch\train.py,3,49,1,0,0,True,paintstorch/train.py:147 torch.utils.data.DataLoader [matched DataLoader],True,paintstorch/data.py:390 torchvision.transforms.Normalize [matched torchvision.transforms.*],True,paintstorch/train.py:0 class GradientPenalty [matched <class subclasses model base>],True,paintstorch/train.py:180 torch.utils.tensorboard.SummaryWriter [matched tensorboard.SummaryWriter],True,paintstorch/train.py:261 writer.add_scalar [matched writer.add_scalar],True,paintstorch/train.py:76 torch.no_grad [matched torch.no_grad],verified: all 6 stages present,pass2,,fallback_nested,no_entry
https://github.com/IG-AI/Aichemy,ok,True,6,0,1,aichemy\__main__.py,8,131,3,0,2,True,aichemy/utils.py:210 gzip.open [matched gzip.open],True,aichemy/preprocessing.py:83 pd.concat [matched pd.concat],True,aichemy/classifiers.py:123 nn.ModuleList [matched nn.ModuleList],True,aichemy/models.py:163 model.fit [matched model.fit],True,aichemy/models.py:534 sklearn.metrics.balanced_accuracy_score [matched balanced_accuracy_score],True,aichemy/operator.py:106 model.predict [matched model.predict],verified: all 6 stages present,pass2,,fallback_nested,no_dockerfile
https://github.com/aprox13/ml,ok,True,6,0,1,ada\main.py,3,39,1,0,0,True,ada/main.py:21 pd.read_csv [matched pd.read_csv],True,utils/data_set.py:49 sklearn.model_selection.train_test_split [matched train_test_split],True,ada/main.py:51 sklearn.tree.DecisionTreeClassifier [matched DecisionTreeClassifier],True,ada/main.py:126 clf.fit [matched clf.fit],True,ada/main.py:139 sklearn.metrics.accuracy_score [matched accuracy_score],True,ada/main.py:76 clf.predict [matched clf.predict],verified: all 6 stages present,pass2,,fallback_nested,no_dockerfile
https://github.com/isabelcachola/ML-Fall2020-Final-Project,ok,True,6,0,1,main.py,4,36,1,0,0,True,data.py:102 pickle.load [matched pickle.load],True,data.py:21 transformers.BertTokenizer.from_pretrained [matched BertTokenizer.from_pretrained],True,main.py:76 models.LogisticRegression [matched LogisticRegression],True,models.py:92 self.model.fit [matched model.fit],True,main.py:136 sklearn.metrics.classification_report [matched classification_report],True,data.py:43 torch.no_grad [matched torch.no_grad],verified: all 6 stages present,_archive,,fallback_root,
https://github.com/nantesmetropole/school_meal_forecast_xgboost,ok,True,6,0,1,main.py,19,59,3,0,0,True,app\preprocess.py:146 pd.read_csv [matched pd.read_csv],True,app\preprocess.py:96 pd.merge [matched pd.merge],True,app\algorithms\xgb_model.py:132 xgb.XGBRegressor [matched XGBRegressor],True,app\algorithms\xgb_model.py:134 model.fit [matched model.fit],True,app\train.py:83 sklearn.metrics.r2_score [matched r2_score],True,app\algorithms\xgb_model.py:142 model.predict [matched model.predict],verified: all 6 stages present,_archive,,fallback_root,
https://github.com/tanmaymane18/AI202513,ok,True,6,0,1,app.py,1,10,0,0,0,True,app.py:123 pickle.load [matched pickle.load],True,app.py:152 nltk.stem.PorterStemmer [matched nltk.stem.PorterStemmer],True,app.py:129 sklearn.svm.SVC [matched SVC],True,app.py:188 clf.fit [matched clf.fit],True,app.py:193 sklearn.metrics.accuracy_score [matched accuracy_score],True,app.py:189 clf.predict [matched clf.predict],verified: all 6 stages present,_archive,,fallback_root,
https://github.com/NawasNaziru/REVENUE-PREDICTION-USING-IBM-AI-ENTERPRISE-WORKFLOW,ok,True,6,1,1,app.py,4,17,2,0,0,True,cslib.py:41 pd.read_json [matched pd.read_json],True,model.py:47 sklearn.model_selection.train_test_split [matched train_test_split],True,model.py:56 sklearn.ensemble.RandomForestRegressor [matched RandomForestRegressor],True,model.py:58 sklearn.model_selection.GridSearchCV [matched GridSearchCV],True,model.py:61 sklearn.metrics.mean_squared_error [matched mean_squared_error],True,app.py:17 flask.Flask [matched Flask],verified: all 6 stages present,_archive,,dockerfile?,
https://github.com/Tinusf/ml_cancer_screening,ok,True,6,0,1,main.py,5,15,1,0,0,True,data_utils.py:27 csv.reader [matched csv.reader],True,main.py:17 sklearn.model_selection.train_test_split [matched train_test_split],True,SkinCancerClassifier.py:30 tf.keras.layers.Activation [matched tf.keras.layers.*],True,SkinCancerClassifier.py:210 self.model.fit [matched model.fit],True,main.py:38 skin_cancer_classifier.model.evaluate [matched model.evaluate],True,main.py:44 skin_cancer_classifier.model.predict [matched model.predict],verified: all 6 stages present,_archive,,fallback_root,
https://github.com/DWhistle/virus-hack,ok,True,6,1,1,main.py,16,73,2,0,0,True,private\config.py:26 yaml.safe_load [matched yaml.safe_load],True,private\service\model.py:90 sklearn.model_selection.KFold [matched KFold],True,private\service\model.py:99 catboost.CatBoostRegressor [matched CatBoostRegressor],True,private\service\model.py:101 self.model.fit [matched model.fit],True,private\service\model.py:29 sklearn.metrics.cohen_kappa_score [matched cohen_kappa_score],True,main.py:12 flask.Flask [matched Flask],verified: all 6 stages present,_archive,,dockerfile?,
https://github.com/adamjstewart/crop_yield_prediction,ok,True,6,0,1,__main__.py,5,23,1,0,0,True,utils\io_tools.py:29 pd.read_csv [matched pd.read_csv],True,utils\data_tools.py:234 sklearn.preprocessing.StandardScaler [matched StandardScaler],True,model\regressor.py:30 sklearn.linear_model.LinearRegression [matched LinearRegression],True,__main__.py:196 model.fit [matched model.fit],True,model\metrics.py:70 sklearn.metrics.mean_squared_error [matched mean_squared_error],True,__main__.py:198 model.predict [matched model.predict],verified: all 6 stages present,_archive,,fallback_root,
https://github.com/mlai-student/Lab2020-21ClusteringCovidData,ok,True,6,0,1,run.py,17,97,4,0,0,True,run.py:133 pd.read_csv [matched pd.read_csv],True,src\data_generation\run_data_generating.py:16 df.groupby [matched df.groupby],True,src\model_training\clusters.py:170 sklearn.cluster.KMeans [matched KMeans],True,src\model_training\clusters.py:16 self.model.fit [matched model.fit],True,src\model_training\clusters.py:98 sklearn.metrics.silhouette_score [matched silhouette_score],True,src\model_training\clusters.py:25 self.model.predict [matched model.predict],verified: all 6 stages present,_archive,,fallback_root,
https://github.com/lukapecnik/NiaAML,ok,True,6,0,1,niaaml\cli.py,65,258,5,0,0,True,niaaml/data/csv_data_reader.py:45 pd.read_csv [matched pd.read_csv],True,niaaml/pipeline_optimizer.py:426 niaaml.pipeline.Pipeline [matched Pipeline],True,niaaml/classifiers/random_forest.py:55 sklearn.ensemble.RandomForestClassifier [matched RandomForestClassifier],True,niaaml/classifiers/regression_linear_model.py:69 self.model.fit [matched model.fit],True,niaaml/utilities.py:171 sklearn.metrics.accuracy_score [matched accuracy_score],True,niaaml/classifiers/regression_linear_model.py:80 self.model.predict [matched model.predict],verified: all 6 stages present,pass2,,fallback_console_script,no_dockerfile
https://github.com/YuhaoCheng/PyAnomaly,ok,True,6,1,1,main.py,85,431,7,0,0,True,pyanomaly\utils\tools.py:36 np.fromfile [matched np.fromfile],True,pyanomaly\datatools\dataclass\sampler\inf_sampler.py:37 torchvision.transforms.Normalize [matched torchvision.transforms.*],True,pyanomaly\networks\meta\stae_networks.py:0 class STAutoEncoderCov3D [matched <class subclasses model base>],True,pyanomaly\utils\recorders.py:97 torch.utils.tensorboard.SummaryWriter [matched tensorboard.SummaryWriter],True,pyanomaly\datatools\evaluate\eval_function.py:114 sklearn.metrics.roc_curve [matched roc_curve],True,pyanomaly\datatools\dataclass\sampler\common.py:249 torch.no_grad [matched torch.no_grad],verified: all 6 stages present,_archive,,dockerfile?,
https://github.com/easylearn-fmri/easylearn_dev,ok,True,6,0,1,run.py,29,224,5,0,0,True,GUI\easylearn_main_run.py:120 requests.get [matched requests.get],True,base.py:384 sklearn.pipeline.Pipeline [matched sklearn.pipeline.Pipeline],True,machine_learning\neural_network\eeg\el_eeg_training.py:78 tf.keras.layers.Conv2D [matched tf.keras.layers.*],True,base.py:450 sklearn.model_selection.GridSearchCV [matched GridSearchCV],True,machine_learning\neural_network\eeg\run.py:87 self.trainer.test [matched trainer.test],True,machine_learning\classification\_base_classification.py:80 model.predict [matched model.predict],verified: all 6 stages present,_archive,,fallback_root,
https://github.com/Fosso/trackdecpred,ok,True,6,0,1,main.py,5,10,2,0,0,True,models\decisiontree\dt.py:75 pd.read_csv [matched pd.read_csv],True,models\decisiontree\dt.py:20 sklearn.model_selection.train_test_split [matched train_test_split],True,models\decisiontree\dt.py:41 sklearn.tree.DecisionTreeClassifier [matched DecisionTreeClassifier],True,models\decisiontree\dt.py:42 clf.fit [matched clf.fit],True,models\decisiontree\dt.py:52 sklearn.model_selection.cross_val_score [matched cross_val_score],True,models\decisiontree\dt.py:50 clf.predict [matched clf.predict],verified: all 6 stages present,_archive,,fallback_root,
https://github.com/alanying/london-emotions,ok,True,6,0,1,LondonEmotions\main.py,5,18,2,0,0,True,LondonEmotions/data.py:31 pd.read_csv [matched pd.read_csv],True,LondonEmotions/data.py:74 nltk.stem.WordNetLemmatizer [matched nltk.stem.WordNetLemmatizer],True,LondonEmotions/utils.py:36 tf.keras.layers.Embedding [matched tf.keras.layers.*],True,LondonEmotions/trainer.py:144 model.fit [matched model.fit],True,LondonEmotions/trainer.py:166 sklearn.metrics.f1_score [matched f1_score],True,LondonEmotions/trainer.py:160 self.pipeline.predict [matched pipeline.predict],verified: all 6 stages present,pass2,,fallback_nested,no_dockerfile
https://github.com/kzinmr/mlflow_bert_ja,ok,True,6,1,1,ner_local.py,1,53,0,0,0,True,ner_local.py:561 def prepare_data [matched <lightning hook prepare_data>],True,ner_local.py:332 transformers.AutoTokenizer.from_pretrained [matched AutoTokenizer.from_pretrained],True,ner_local.py:0 class TokenClassificationModule [matched <class subclasses model base>],True,ner_local.py:777 def training_step [matched <lightning hook training_step>],True,ner_local.py:785 def validation_step [matched <lightning hook validation_step>],True,ner_local.py:831 def predict_step [matched <lightning hook predict_step>],verified: all 6 stages present,_archive,,dockerfile?,
https://github.com/MatthiasJakobs/explainable-interactive-website,ok,True,6,0,1,app.py,4,48,1,0,0,True,dataset\adult.py:19 pd.read_csv [matched pd.read_csv],True,app.py:104 pd.concat [matched pd.concat],True,model.py:0 class BaseModel [matched <class subclasses model base>],True,model.py:135 optimizer.zero_grad [matched optimizer.zero_grad],True,tree_ensemble.py:43 sklearn.metrics.accuracy_score [matched accuracy_score],True,app.py:42 model.predict [matched model.predict],verified: all 6 stages present,_archive,,fallback_root,
https://github.com/anhtuanhsgs/ColorRL,ok,True,6,0,1,main.py,25,189,3,0,0,True,utils.py:76 json.load [matched json.load],True,environment.py:78 A.Compose [matched A.Compose],True,models\models.py:0 class outconv [matched <class subclasses model base>],True,train.py:186 optimizer.step [matched optimizer.step],True,utils.py:48 sklearn.metrics.adjusted_rand_score [matched adjusted_rand_score],True,test.py:87 torch.no_grad [matched torch.no_grad],verified: all 6 stages present,_archive,,fallback_root,
https://github.com/ThanosPAS/gent2-predictor,ok,True,6,0,1,gent2_predictor\__main__.py,9,41,2,0,0,True,gent2_predictor/data_parser/data_parser.py:22 pd.read_excel [matched pd.read_excel],True,gent2_predictor/data_parser/data_parser.py:33 pd.concat [matched pd.concat],True,gent2_predictor/__main__.py:93 nn.Transformer [matched nn.Transformer],True,gent2_predictor/predictor/ffn_trainer.py:74 self.optimizer.zero_grad [matched optimizer.zero_grad],True,gent2_predictor/predictor/ffn_trainer.py:210 sklearn.metrics.classification_report [matched classification_report],True,gent2_predictor/__main__.py:70 trainer.predict [matched trainer.predict],verified: all 6 stages present,pass2,,fallback_nested,no_dockerfile
https://github.com/hmashrique/Car-Price-Prediction,ok,True,6,0,1,app.py,3,23,2,0,0,True,app.py:88 pickle.load [matched pickle.load],True,model_utils.py:276 pd.qcut [matched pd.qcut],True,model_utils.py:30 sklearn.linear_model.LinearRegression [matched LinearRegression],True,model_utils.py:173 clf.fit [matched clf.fit],True,model_utils.py:129 sklearn.metrics.mean_absolute_error [matched mean_absolute_error],True,app.py:12 flask.Flask [matched Flask],verified: all 6 stages present,_archive,,fallback_root,
https://github.com/IShengFang/Digital_Medicine_2020Fall_RSNA_ICH_Detection,ok,True,6,0,1,train.py,9,26,2,0,0,True,train.py:351 json.load [matched json.load],True,train.py:357 torchvision.transforms.RandomHorizontalFlip [matched torchvision.transforms.*],True,train.py:379 model.Model [matched Model],True,train.py:198 optimizer.zero_grad [matched optimizer.zero_grad],True,train.py:234 writer.add_scalar [matched writer.add_scalar],True,train.py:282 torch.no_grad [matched torch.no_grad],verified: all 6 stages present,_archive,,fallback_root,
https://github.com/ebottabi/LiveAI,ok,True,6,0,1,main.py,12,362,1,1,0,True,_.py:277 json.load [matched json.load],True,machine_learning_img.py:75 sklearn.cross_validation.train_test_split [matched train_test_split],True,sql_models.py:0 class SQLModel [matched <class subclasses model base>],True,machine_learning_img.py:112 clf.fit [matched clf.fit],True,machine_learning_img.py:84 sklearn.metrics.accuracy_score [matched accuracy_score],True,machine_learning_img.py:114 clf.predict [matched clf.predict],verified: all 6 stages present,_archive,,fallback_root,
https://github.com/alexaor/tdt4173,ok,True,6,0,1,main.py,12,59,4,0,0,True,utils.py:29 pd.read_csv [matched pd.read_csv],True,preprocessing\preprocessor.py:60 sklearn.model_selection.train_test_split [matched train_test_split],True,methods\models.py:48 sklearn.tree.DecisionTreeClassifier [matched DecisionTreeClassifier],True,methods\dnn.py:93 self.model.fit [matched model.fit],True,evaluation\evaluate.py:38 sklearn.metrics.confusion_matrix [matched confusion_matrix],True,methods\dnn.py:162 self.model.predict [matched model.predict],verified: all 6 stages present,_archive,,fallback_root,
https://github.com/feldlime/X5RetailHeroUplift,ok,True,6,0,1,main.py,10,38,2,0,0,True,main.py:115 pickle.load [matched pickle.load],True,main.py:136 sklearn.model_selection.train_test_split [matched train_test_split],True,main.py:153 lgb.LGBMClassifier [matched LGBMClassifier],True,models\fit_predict.py:21 model.fit [matched model.fit],True,models\metrics.py:33 sklearn.metrics.roc_auc_score [matched roc_auc_score],True,models\fit_predict.py:27 model.predict_proba [matched model.predict_proba],verified: all 6 stages present,_archive,,fallback_root,
https://github.com/Preeti24/Youtube-comments,ok,True,6,0,1,app.py,5,30,2,0,0,True,YoutubeCommentExtractor.py:45 pickle.load [matched pickle.load],True,app.py:52 spacy.load [matched spacy.load],True,Helper.py:0 class TransformInput [matched <class subclasses model base>],True,Helper.py:256 sklearn.model_selection.RandomizedSearchCV [matched RandomizedSearchCV],True,Helper.py:105 sklearn.metrics.confusion_matrix [matched confusion_matrix],True,app.py:284 model.predict [matched model.predict],verified: all 6 stages present,_archive,,fallback_root,
https://github.com/invett/nn.based.intersection.classficator,ok,True,6,0,1,train.py,6,155,2,0,0,True,train.py:78 np.loadtxt [matched np.loadtxt],True,train.py:941 torchvision.transforms.Resize [matched torchvision.transforms.*],True,miscellaneous\utils.py:639 sklearn.svm.LinearSVC [matched LinearSVC],True,train.py:608 wandb.watch [matched wandb.watch],True,train.py:275 wandb.log [matched wandb.log],True,train.py:319 torch.no_grad [matched torch.no_grad],verified: all 6 stages present,_archive,,fallback_root,
https://github.com/StephAO/olfmlm,ok,True,6,0,1,evaluate\main.py,49,670,4,0,0,True,evaluate/models.py:376 json.load [matched json.load],True,evaluate/preprocess.py:565 pytorch_pretrained_bert.BertTokenizer.from_pretrained [matched BertTokenizer.from_pretrained],True,evaluate/models.py:0 class MultiTaskModel [matched <class subclasses model base>],True,evaluate/main.py:549 trainer.train [matched trainer.train],True,evaluate/tasks/tasks.py:369 sklearn.metrics.mean_squared_error [matched mean_squared_error],True,evaluate/trainer.py:823 torch.no_grad [matched torch.no_grad],verified: all 6 stages present,pass2,,fallback_nested,no_dockerfile
https://github.com/samsledje/D-SCRIPT,ok,True,6,0,1,dscript\__main__.py,24,120,3,0,0,True,dscript/commands/evaluate.py:192 json.load [matched json.load],True,dscript/commands/train.py:567 pd.concat [matched pd.concat],True,dscript/models/interaction.py:0 class LogisticActivation [matched <class subclasses model base>],True,dscript/commands/train.py:438 loss.backward [matched loss.backward],True,dscript/commands/evaluate.py:128 sklearn.metrics.precision_recall_curve [matched precision_recall_curve],True,dscript/commands/evaluate.py:231 model.eval [matched model.eval],verified: all 6 stages present,pass2,,fallback_nested,no_dockerfile
https://github.com/unitaryai/detoxify,ok,True,6,0,1,train.py,3,24,1,0,0,True,train.py:177 json.load [matched json.load],True,src\data_loaders.py:39 pd.concat [matched pd.concat],True,train.py:0 class ToxicClassifier [matched <class subclasses model base>],True,train.py:48 def training_step [matched <lightning hook training_step>],True,train.py:55 def validation_step [matched <lightning hook validation_step>],True,train.py:130 torch.no_grad [matched torch.no_grad],verified: all 6 stages present,_archive,,fallback_root,
https://github.com/nyu-mll/online-code-for-edge-probing,ok,True,6,1,1,main.py,52,773,5,0,0,True,jiant\models.py:430 json.load [matched json.load],True,jiant\preprocess.py:699 transformers.BertTokenizer.from_pretrained [matched BertTokenizer.from_pretrained],True,jiant\models.py:0 class MultiTaskModel [matched <class subclasses model base>],True,jiant\__main__.py:611 trainer.train [matched trainer.train],True,jiant\allennlp_mods\correlation.py:34 sklearn.metrics.confusion_matrix [matched confusion_matrix],True,jiant\trainer.py:854 torch.no_grad [matched torch.no_grad],verified: all 6 stages present,_archive,,dockerfile?,
https://github.com/PhilippKrueger/ml-many-body-localization,ok,True,6,0,1,main.py,8,44,2,0,0,True,model_save_train.py:119 np.genfromtxt [matched np.genfromtxt],True,model_save_train.py:17 sklearn.model_selection.train_test_split [matched train_test_split],True,model_save_train.py:24 tf.keras.layers.Conv2D [matched tf.keras.layers.*],True,model_save_train.py:48 self.model.fit [matched model.fit],True,model_save_train.py:40 self.model.evaluate [matched model.evaluate],True,generate_predictions.py:37 model.predict [matched model.predict],verified: all 6 stages present,_archive,,fallback_root,
https://github.com/julian-risch/PatentMatch-FARM,ok,True,6,1,1,farm\train.py,21,405,4,0,5,True,farm/utils.py:311 pd.read_csv [matched pd.read_csv],True,farm/eval.py:87 sklearn.preprocessing.MultiLabelBinarizer [matched MultiLabelBinarizer],True,farm/modeling/adaptive_model.py:0 class AdaptiveModel [matched <class subclasses model base>],True,farm/train.py:327 loss.backward [matched loss.backward],True,farm/utils.py:137 mlflow.log_metrics [matched mlflow.log_metrics],True,farm/eval.py:51 model.eval [matched model.eval],verified: all 6 stages present,pass2,,fallback_nested,no_entry
https://github.com/noycohen100/MARCO-GE,ok,True,6,0,1,main.py,23,87,3,0,0,True,main.py:32 json.load [matched json.load],True,Graph_representation_step.py:38 df.dropna [matched df.dropna],True,Meta_feature_generation_step.py:0 class Classifier [matched <class subclasses model base>],True,Meta_feature_generation_step.py:171 optimizer.zero_grad [matched optimizer.zero_grad],True,Algorithms\single_linkage.py:17 sklearn.metrics.cluster.silhouette_score [matched silhouette_score],True,Meta_feature_generation_step.py:178 model.eval [matched model.eval],verified: all 6 stages present,_archive,,fallback_root,
https://github.com/tmcphee/Hotel-Review-Analyzer,ok,True,6,1,1,main.py,5,44,1,0,0,True,main.py:237 zipfile.ZipFile [matched zipfile.ZipFile],True,model.py:77 sklearn.preprocessing.StandardScaler [matched StandardScaler],True,model.py:47 sklearn.neighbors.KNeighborsClassifier [matched KNeighborsClassifier],True,model.py:107 sklearn.model_selection.GridSearchCV [matched GridSearchCV],True,model.py:151 sklearn.metrics.accuracy_score [matched accuracy_score],True,main.py:22 flask.Flask [matched Flask],verified: all 6 stages present,_archive,,dockerfile?,
https://github.com/AtrCheema/AI4Water,ok,True,6,0,1,ai4water\main.py,94,1613,6,0,4,True,ai4water/main.py:947 torch.utils.data.DataLoader [matched DataLoader],True,ai4water/_main.py:656 ai4water.backend.np.nan_to_num [matched np.nan_to_num],True,ai4water/tf_attributes.py:63 keras.layers.LeakyReLU [matched keras.layers.*],True,ai4water/_main.py:760 ai4water.backend.wandb.init [matched wandb.init],True,ai4water/models/_tensorflow/custom_training.py:37 def test_step [matched <lightning hook test_step>],True,ai4water/postprocessing/_sa.py:282 model.predict [matched model.predict],verified: all 6 stages present,pass2,,fallback_nested,no_dockerfile
https://github.com/netr0m/katatasso,ok,True,6,0,1,katatasso\__main__.py,9,26,4,0,0,True,katatasso/helpers/extraction.py:43 sqlite3.connect [matched sqlite3.connect],True,katatasso/modules/trainer.py:50 sklearn.model_selection.train_test_split [matched train_test_split],True,katatasso/modules/trainer.py:57 sklearn.naive_bayes.MultinomialNB [matched MultinomialNB],True,katatasso/modules/trainer.py:62 model.fit [matched model.fit],True,katatasso/modules/trainer.py:66 sklearn.metrics.accuracy_score [matched accuracy_score],True,katatasso/modules/classifier.py:47 clf.predict [matched clf.predict],verified: all 6 stages present,pass2,,fallback_nested,no_dockerfile
https://github.com/wjensheng/recursion,ok,True,6,0,1,train.py,29,229,4,0,0,True,utils\config.py:118 yaml.load [matched yaml.load],True,utils\metrics.py:38 pd.merge [matched pd.merge],True,models\model_factory.py:0 class AdaptiveConcatPool2d [matched <class subclasses model base>],True,train.py:87 loss.backward [matched loss.backward],True,train.py:197 wandb.log [matched wandb.log],True,train.py:109 model.eval [matched model.eval],verified: all 6 stages present,_archive,,fallback_root,
https://github.com/Allovertom/YouReadAtBranch,ok,True,6,0,1,run.py,7,20,2,0,0,True,models\database.py:7 sqlalchemy.create_engine [matched sqlalchemy.create_engine],True,app\ML.py:17 nltk.tokenize.word_tokenize [matched nltk.tokenize.word_tokenize],True,app\ML.py:35 sklearn.svm.SVC [matched SVC],True,app\ML.py:36 sklearn.model_selection.GridSearchCV [matched GridSearchCV],True,app\ML.py:42 sklearn.metrics.f1_score [matched f1_score],True,app\app.py:13 flask.Flask [matched Flask],verified: all 6 stages present,_archive,,fallback_root,
https://github.com/techblogp/MusicVideoCommentAnalyzer,ok,True,6,0,1,app.py,5,30,2,0,0,True,YoutubeCommentExtractor.py:45 pickle.load [matched pickle.load],True,app.py:52 spacy.load [matched spacy.load],True,Helper.py:0 class TransformInput [matched <class subclasses model base>],True,Helper.py:256 sklearn.model_selection.RandomizedSearchCV [matched RandomizedSearchCV],True,Helper.py:105 sklearn.metrics.confusion_matrix [matched confusion_matrix],True,app.py:284 model.predict [matched model.predict],verified: all 6 stages present,_archive,,fallback_root,
https://github.com/machouz/TextClassificationScript,ok,True,6,0,1,main.py,21,165,2,0,0,True,main.py:166 json.load [matched json.load],True,classification.py:70 sklearn.preprocessing.LabelEncoder [matched LabelEncoder],True,classification.py:40 sklearn.svm.LinearSVC [matched LinearSVC],True,classification.py:85 clf.fit [matched clf.fit],True,classification.py:51 sklearn.metrics.accuracy_score [matched accuracy_score],True,classification.py:91 clf.predict [matched clf.predict],verified: all 6 stages present,_archive,,fallback_root,
https://github.com/microsoft/datadrivenmodel,ok,True,6,1,1,ddm_predictor.py,13,95,2,0,0,True,ddm_predictor.py:114 pd.read_csv [matched pd.read_csv],True,base.py:295 sklearn.preprocessing.StandardScaler [matched StandardScaler],True,ddm_predictor.py:686 Model [matched Model],True,ddm_predictor.py:624 hydra.main [matched hydra.main],True,base.py:822 sklearn.metrics.roc_curve [matched roc_curve],True,ddm_predictor.py:351 preprocess.pipeline [matched pipeline],verified: all 6 stages present,_archive,,dockerfile?,
https://github.com/ben-hawks/pytorch-jet-classify,ok,True,6,1,1,train.py,8,74,1,0,0,True,train.py:105 torch.utils.data.DataLoader [matched DataLoader],True,jet_dataset.py:40 pd.concat [matched pd.concat],True,models.py:0 class three_layer_model_masked [matched <class subclasses model base>],True,training\train_funcs.py:27 optimizer.zero_grad [matched optimizer.zero_grad],True,training\train_funcs.py:58 sklearn.metrics.roc_auc_score [matched roc_auc_score],True,training\train_funcs.py:48 model.eval [matched model.eval],verified: all 6 stages present,_archive,,dockerfile?,
https://github.com/chen-jimmy/AutoBot,ok,True,6,0,1,train.py,1,8,0,0,0,True,train.py:24 pd.read_csv [matched pd.read_csv],True,train.py:98 BertTokenizer.from_pretrained [matched BertTokenizer.from_pretrained],True,train.py:0 class KimCNN [matched <class subclasses model base>],True,train.py:152 loss.backward [matched loss.backward],True,train.py:179 sklearn.metrics.roc_curve [matched roc_curve],True,train.py:148 torch.no_grad [matched torch.no_grad],verified: all 6 stages present,_archive,,fallback_root,
https://github.com/bentanlw/ebacs_plp_project,ok,True,6,0,1,app.py,7,65,2,0,0,True,mdl_classification.py:8 pickle.load [matched pickle.load],True,mdl_classification.py:34 spacy.load [matched spacy.load],True,app.py:0 class intents [matched <class subclasses model base>],True,mdl_classification.py:122 model.fit [matched model.fit],True,mdl_classification.py:128 model.evaluate [matched model.evaluate],True,app.py:13 flask.Flask [matched Flask],verified: all 6 stages present,_archive,,fallback_root,
https://github.com/wojtek11530/song_lyric_classification,ok,True,6,0,1,backend_app\app.py,12,53,4,0,0,True,backend_app/results.py:16 pd.read_csv [matched pd.read_csv],True,models/label_encoder.py:5 sklearn.preprocessing.LabelEncoder [matched LabelEncoder],True,models/base.py:0 class BaseModel [matched <class subclasses model base>],True,models/conv_net/conv_net_model.py:95 def configure_optimizers [matched <lightning hook configure_optimizers>],True,models/conv_net/conv_net_model.py:162 def validation_step [matched <lightning hook validation_step>],True,backend_app/app.py:10 flask.Flask [matched Flask],verified: all 6 stages present,pass2,,fallback_nested,no_dockerfile
https://github.com/YuehuaZhu/ProxyGML,ok,True,6,0,1,train.py,7,37,2,0,0,True,train.py:104 torchvision.datasets.ImageFolder [matched torchvision.datasets.*],True,train.py:101 torchvision.transforms.Normalize [matched torchvision.transforms.*],True,evaluation.py:12 sklearn.cluster.KMeans [matched KMeans],True,train.py:228 optimizer.zero_grad [matched optimizer.zero_grad],True,evaluation.py:13 sklearn.metrics.cluster.normalized_mutual_info_score [matched normalized_mutual_info_score],True,train.py:247 model.eval [matched model.eval],verified: all 6 stages present,_archive,,fallback_root,
https://github.com/e2e-retrieval-in-continuous-space/e2e-retrieval,ok,True,6,0,1,train.py,10,82,3,0,0,True,train_utils.py:199 torch.utils.data.DataLoader [matched DataLoader],True,models\bert_words_embeddings_model.py:37 transformers.AutoTokenizer.from_pretrained [matched AutoTokenizer.from_pretrained],True,models\bert_words_embeddings_model.py:0 class BERTWordsEmbeddingsModel [matched <class subclasses model base>],True,train_utils.py:78 loss.backward [matched loss.backward],True,train_utils.py:315 writer.add_scalar [matched writer.add_scalar],True,train_utils.py:318 model.eval [matched model.eval],verified: all 6 stages present,_archive,,fallback_root,
https://github.com/benjides/MusicGenreClassifier,ok,True,6,0,1,main.py,17,61,4,0,0,True,module\logger.py:20 json.load [matched json.load],True,module\data\split_dataset.py:4 sklearn.model_selection.train_test_split [matched train_test_split],True,module\network\network_builder.py:9 tf.keras.layers.Dense [matched tf.keras.layers.*],True,module\network\network.py:61 self.model.fit_generator [matched model.fit_generator],True,module\genre_classifier.py:104 sklearn.metrics.accuracy_score [matched accuracy_score],True,module\network\network.py:99 self.model.predict [matched model.predict],verified: all 6 stages present,_archive,,fallback_root,
https://github.com/MachineLP/PyTorch_image_classifier,ok,True,6,1,1,train.py,13,46,2,0,0,True,train.py:123 torch.utils.data.DataLoader [matched DataLoader],True,qdnet\dataaug\dataaug.py:14 A.Compose [matched A.Compose],True,qdnet\models\effnet.py:0 class Effnet [matched <class subclasses model base>],True,train.py:56 optimizer.zero_grad [matched optimizer.zero_grad],True,train.py:112 sklearn.metrics.roc_auc_score [matched roc_auc_score],True,train.py:84 model.eval [matched model.eval],verified: all 6 stages present,_archive,,dockerfile?,
https://github.com/paulagd/GCE,ok,True,6,0,1,main.py,21,123,2,0,0,True,main.py:57 torch.utils.data.DataLoader [matched DataLoader],True,main.py:169 df.astype [matched df.astype],True,daisy\model\point\MFRecommender.py:0 class PointMF [matched <class subclasses model base>],True,main.py:95 torch.utils.tensorboard.SummaryWriter [matched tensorboard.SummaryWriter],True,daisy\utils\splitter.py:118 writer.add_scalar [matched writer.add_scalar],True,daisy\utils\splitter.py:54 model.eval [matched model.eval],verified: all 6 stages present,_archive,,fallback_root,
https://github.com/awarenessxz/acoustic-scene-classification,ok,True,6,0,1,app.py,10,83,3,0,0,True,web.py:123 pickle.load [matched pickle.load],True,basemodel.py:163 torchvision.transforms.Compose [matched torchvision.transforms.*],True,mltoolkit.py:105 sklearn.naive_bayes.MultinomialNB [matched MultinomialNB],True,mltoolkit.py:115 self.model.fit [matched model.fit],True,mltoolkit.py:39 sklearn.metrics.confusion_matrix [matched confusion_matrix],True,app.py:10 flask.Flask [matched Flask],verified: all 6 stages present,_archive,,fallback_root,
https://github.com/grant-pittman/ML-FIFA-Stats,ok,True,6,0,1,main.py,1,14,0,0,0,True,main.py:58 pd.read_csv [matched pd.read_csv],True,main.py:108 df.groupby [matched df.groupby],True,main.py:202 sklearn.cluster.KMeans [matched KMeans],True,main.py:222 kmeans.fit_predict [matched .fit_predict],True,main.py:203 sklearn.metrics.silhouette_score [matched silhouette_score],True,main.py:458 model.predict [matched model.predict],verified: all 6 stages present,_archive,,fallback_root,
https://github.com/danifranco/EM_Image_Segmentation,ok,True,6,1,1,main.py,16,251,4,0,8,True,biapy\_biapy.py:183 yaml.safe_load [matched yaml.safe_load],True,biapy\data\data_manipulation.py:582 sklearn.model_selection.train_test_split [matched train_test_split],True,biapy\models\__init__.py:1466 nn.Conv2d [matched nn.Conv2d],True,biapy\utils\misc.py:687 tensorboardX.SummaryWriter [matched SummaryWriter],True,biapy\utils\misc.py:730 self.writer.add_scalar [matched writer.add_scalar],True,biapy\models\__init__.py:437 torch.no_grad [matched torch.no_grad],verified: all 6 stages present,_archive,,dockerfile?,
https://github.com/lebrice/Sequoia,ok,True,6,2,1,sequoia\main.py,208,1505,7,0,0,True,sequoia/settings/base/bases.py:120 def prepare_data [matched <lightning hook prepare_data>],True,sequoia/settings/base/setting.py:212 sequoia.common.transforms.Compose [matched transforms.Compose],True,sequoia/methods/experience_replay.py:0 class Buffer [matched <class subclasses model base>],True,sequoia/methods/base_method.py:293 self.trainer.fit [matched trainer.fit],True,sequoia/common/config/wandb_config.py:36 wandb.log [matched wandb.log],True,sequoia/methods/base_method.py:316 self.model.eval [matched model.eval],verified: all 6 stages present,pass2,,fallback_nested,no_entry
https://github.com/michi-d/bundestweets,ok,True,6,1,1,app.py,15,66,3,0,0,True,app.py:64 json.load [matched json.load],True,bundestweets\vis_helpers.py:117 pd.concat [matched pd.concat],True,bundestweets\nlp.py:200 sklearn.linear_model.LogisticRegression [matched LogisticRegression],True,bundestweets\nlp.py:203 model.fit [matched model.fit],True,bundestweets\nlp.py:206 sklearn.metrics.accuracy_score [matched accuracy_score],True,pages\start.py:11 st.write [matched st.write],verified: all 6 stages present,_archive,,dockerfile?,
https://github.com/sahivy13/clients_from_hell_heroku,ok,True,6,0,1,main.py,4,37,1,0,0,True,main.py:75 PIL.Image.open [matched Image.open],True,clientsfh_preprocessing.py:32 nltk.stem.PorterStemmer [matched nltk.stem.PorterStemmer],True,regression_models.py:63 sklearn.linear_model.LogisticRegression [matched LogisticRegression],True,regression_models.py:170 sklearn.model_selection.GridSearchCV [matched GridSearchCV],True,regression_models.py:85 sklearn.model_selection.cross_validate [matched cross_validate],True,main.py:66 st.write [matched st.write],verified: all 6 stages present,_archive,,fallback_root,
https://github.com/nyu-mll/jiant-v1-legacy,ok,True,6,1,1,main.py,52,772,5,0,0,True,jiant\models.py:430 json.load [matched json.load],True,jiant\preprocess.py:693 transformers.BertTokenizer.from_pretrained [matched BertTokenizer.from_pretrained],True,jiant\models.py:0 class MultiTaskModel [matched <class subclasses model base>],True,jiant\__main__.py:604 trainer.train [matched trainer.train],True,jiant\allennlp_mods\correlation.py:34 sklearn.metrics.confusion_matrix [matched confusion_matrix],True,jiant\trainer.py:854 torch.no_grad [matched torch.no_grad],verified: all 6 stages present,_archive,,dockerfile?,
https://github.com/sandrich/classifying_digits_mnist,ok,True,6,0,1,mnist_classifier\predict.py,6,29,3,0,0,True,mnist_classifier/algorithm_meta.py:97 pickle.load [matched pickle.load],True,mnist_classifier/algorithm_meta.py:245 pd.concat [matched pd.concat],True,mnist_classifier/random_forest.py:55 sklearn.ensemble.RandomForestClassifier [matched RandomForestClassifier],True,mnist_classifier/algorithm_meta.py:67 self.model.fit [matched model.fit],True,mnist_classifier/visualizer.py:15 sklearn.metrics.confusion_matrix [matched confusion_matrix],True,mnist_classifier/algorithm_meta.py:85 self.model.predict [matched model.predict],verified: all 6 stages present,pass2,,fallback_console_script,no_dockerfile
https://github.com/jschiefner/covid19-classification,ok,True,6,0,1,train.py,7,22,1,0,0,True,train.py:109 load_dataset [matched load_dataset],True,utils\data.py:41 sklearn.preprocessing.LabelBinarizer [matched LabelBinarizer],True,train.py:83 tf.keras.layers.Input [matched tf.keras.layers.*],True,train.py:161 model.fit [matched model.fit],True,train.py:183 sklearn.metrics.classification_report [matched classification_report],True,train.py:182 model.predict [matched model.predict],verified: all 6 stages present,_archive,,fallback_root,
https://github.com/nmichlo/disent,ok,True,6,0,1,experiment\run.py,127,953,7,0,1,True,experiment/util/hydra_data.py:138 def prepare_data [matched <lightning hook prepare_data>],True,disent/util/visualize/vis_util.py:257 np.nan_to_num [matched np.nan_to_num],True,experiment/run.py:72 hydra.utils.instantiate [matched hydra.utils.instantiate],True,experiment/run.py:362 lightning.Trainer [matched lightning.Trainer],True,disent/frameworks/_framework.py:208 def validation_step [matched <lightning hook validation_step>],True,disent/util/lightning/callbacks/_callback_vis_latents.py:152 torch.no_grad [matched torch.no_grad],verified: all 6 stages present,pass2,,fallback_nested,no_dockerfile
https://github.com/uio-bmi/immuneML,ok,True,6,1,1,immuneML\app\ImmuneMLApp.py,210,1183,8,0,3,True,immuneML/dsl/ImmuneMLParser.py:109 yaml.safe_load [matched yaml.safe_load],True,immuneML/IO/dataset_import/DataImport.py:226 pd.concat [matched pd.concat],True,immuneML/encodings/protein_embedding/TCRBertEncoder.py:107 transformers.BertModel.from_pretrained [matched BertModel.from_pretrained],True,immuneML/ml_methods/classifiers/SklearnMethod.py:186 sklearn.model_selection.RandomizedSearchCV [matched RandomizedSearchCV],True,immuneML/encodings/motif_encoding/MotifEncoder.py:409 sklearn.metrics.confusion_matrix [matched confusion_matrix],True,immuneML/encodings/protein_embedding/ESMCEncoder.py:120 torch.no_grad [matched torch.no_grad],verified: all 6 stages present,pass2,,fallback_console_script,no_entry
https://github.com/dmcinerney/ehr-extraction-models,ok,True,6,0,1,train.py,20,135,3,0,0,True,processing\dataset.py:18 pd.read_csv [matched pd.read_csv],True,processing\dataset.py:11 pd.to_datetime [matched pd.to_datetime],True,model_loader.py:18 models.code_supervision.model.Model [matched Model],True,train.py:95 trainer.train [matched trainer.train],True,models\code_supervision\postprocessor.py:80 writer.add_scalar [matched writer.add_scalar],True,model_loader.py:91 model.eval [matched model.eval],verified: all 6 stages present,_archive,,fallback_root,
https://github.com/wazeerzulfikar/deep-split-ensembles,ok,True,6,0,1,main.py,8,61,2,0,0,True,main.py:18 dataset.load_dataset [matched load_dataset],True,trainer.py:35 sklearn.model_selection.KFold [matched KFold],True,models.py:59 tf.keras.models.Model [matched Model],True,main.py:59 trainer.train [matched trainer.train],True,main.py:63 trainer.evaluate [matched trainer.evaluate],True,trainer.py:135 model.predict [matched model.predict],verified: all 6 stages present,_archive,,fallback_root,
https://github.com/ashok-arjun/Zero-Shot-Sketch-Based-Image-Retrieval,ok,True,6,0,1,train.py,6,34,1,0,0,True,model\dataloader.py:53 PIL.Image.open [matched Image.open],True,model\dataloader.py:173 torchvision.transforms.Compose [matched torchvision.transforms.*],True,model\net.py:0 class BasicModel [matched <class subclasses model base>],True,train.py:108 optimizer.zero_grad [matched optimizer.zero_grad],True,evaluate.py:84 sklearn.metrics.average_precision_score [matched average_precision_score],True,evaluate.py:35 torch.no_grad [matched torch.no_grad],verified: all 6 stages present,_archive,,fallback_root,
https://github.com/SamujjwalSam/Short-text_GNN,ok,True,6,0,1,main.py,28,179,2,0,0,True,main.py:307 torch.utils.data.DataLoader [matched DataLoader],True,Label_Propagation_PyTorch\label_propagation.py:117 imblearn.under_sampling.RandomUnderSampler [matched RandomUnderSampler],True,Layers\BiLSTM_Classifier.py:0 class BiLSTM_Classifier [matched <class subclasses model base>],True,Trainer\GCN_GAT_trainer.py:78 optimizer.zero_grad [matched optimizer.zero_grad],True,Metrics\metrics.py:40 sklearn.metrics.accuracy_score [matched accuracy_score],True,Utils\utils.py:390 model.eval [matched model.eval],verified: all 6 stages present,_archive,,fallback_root,
https://github.com/fznsakib/great-ape-behaviour-detector,ok,True,6,0,1,train.py,12,84,2,0,0,True,train.py:74 torch.utils.data.DataLoader [matched DataLoader],True,dataset\dataset.py:50 torchvision.transforms.Compose [matched torchvision.transforms.*],True,models\network.py:0 class FusionNet [matched <class subclasses model base>],True,train.py:176 torch.utils.tensorboard.SummaryWriter [matched tensorboard.SummaryWriter],True,utils\metrics.py:85 sklearn.metrics.confusion_matrix [matched confusion_matrix],True,controllers\trainer.py:82 torch.no_grad [matched torch.no_grad],verified: all 6 stages present,_archive,,fallback_root,
https://github.com/Xingbaji/rasa_bert_nlu,ok,True,6,0,1,rasa_nlu\run.py,55,529,5,0,2,True,rasa_nlu/persistor.py:132 tarfile.open [matched tarfile.open],True,rasa_nlu/classifiers/sklearn_intent_classifier.py:91 sklearn.preprocessing.LabelEncoder [matched LabelEncoder],True,rasa_nlu/classifiers/bert_intent_classifier.py:102 keras.layers.Input [matched keras.layers.*],True,rasa_nlu/classifiers/bert_intent_classifier.py:174 self.model.fit [matched model.fit],True,rasa_nlu/classifiers/bert_intent_classifier.py:182 self.model.evaluate [matched model.evaluate],True,rasa_nlu/classifiers/bert_intent_classifier.py:200 self.model.predict [matched model.predict],verified: all 6 stages present,pass2,,fallback_nested,no_dockerfile
https://github.com/ns-rokuyon/kaggle-bengali-classification,ok,True,6,0,1,train.py,16,221,2,0,0,True,train.py:120 torch.utils.data.dataloader.DataLoader [matched DataLoader],True,dataset.py:50 pd.concat [matched pd.concat],True,train.py:255 nn.Sequential [matched nn.Sequential],True,train.py:388 scheduler.step [matched scheduler.step],True,data.py:133 self.log [matched self.log],True,train.py:586 model.eval [matched model.eval],verified: all 6 stages present,_archive,,fallback_root,
https://github.com/AlaaBejaoui/AberdeenProject,ok,True,6,0,1,AberdeenProject\main.py,8,40,2,0,0,True,AberdeenProject/main.py:35 pickle.load [matched pickle.load],True,AberdeenProject/core/dataframeCreator.py:80 pd.concat [matched pd.concat],True,AberdeenProject/main.py:61 core.modelFitting.Model [matched Model],True,AberdeenProject/main.py:65 model.fit [matched model.fit],True,AberdeenProject/core/modelFitting.py:142 sklearn.model_selection.cross_val_score [matched cross_val_score],True,AberdeenProject/core/dataPipelines.py:212 pipeline [matched pipeline],verified: all 6 stages present,pass2,,fallback_nested,no_dockerfile
https://github.com/kumatheworld/niaoge,ok,True,6,0,1,train.py,5,22,2,0,0,True,train.py:19 torch.utils.data.DataLoader [matched DataLoader],True,train.py:31 df.drop_duplicates [matched df.drop_duplicates],True,configure.py:31 Model [matched Model],True,train.py:45 torch.utils.tensorboard.SummaryWriter [matched tensorboard.SummaryWriter],True,train.py:69 writer.add_scalar [matched writer.add_scalar],True,train.py:86 model.eval [matched model.eval],verified: all 6 stages present,_archive,,fallback_root,
https://github.com/PNLPUOS/PNLPUOS,ok,True,6,0,1,pnlp\__main__.py,9,60,2,0,0,True,pnlp/__main__.py:23 json.load [matched json.load],True,pnlp/src/topic_modeling/topic_modeling.py:62 transformers.BertTokenizer.from_pretrained [matched BertTokenizer.from_pretrained],True,pnlp/src/topic_modeling/topic_modeling.py:82 transformers.BertModel.from_pretrained [matched BertModel.from_pretrained],True,pnlp/src/topic_modeling/topic_modeling.py:597 fit_predict [matched .fit_predict],True,pnlp/src/sentiment_classifier/rnn_sentiment.py:239 model.evaluate [matched model.evaluate],True,pnlp/src/topic_modeling/topic_modeling.py:84 model.eval [matched model.eval],verified: all 6 stages present,pass2,,fallback_nested,no_dockerfile
https://github.com/alonemanuel/twitter-author-predictor,ok,True,6,0,1,src\main.py,5,34,1,0,0,True,src/data_getter.py:64 pd.read_csv [matched pd.read_csv],True,src/main.py:35 data_prep.train_test_split [matched train_test_split],True,src/main.py:46 sklearn.svm.LinearSVC [matched LinearSVC],True,src/learner_wrapper.py:37 self.model.fit [matched model.fit],True,src/garcon.py:23 self.log [matched self.log],True,src/learner_wrapper.py:48 self.model.predict [matched model.predict],verified: all 6 stages present,pass2,,fallback_nested,no_dockerfile
https://github.com/lRomul/argus-alaska,ok,True,6,1,1,train.py,15,77,4,0,0,True,train.py:154 torch.utils.data.DataLoader [matched DataLoader],True,src\transforms.py:46 torchvision.transforms.Compose [matched torchvision.transforms.*],True,src\argus_models.py:0 class AlaskaModel [matched <class subclasses model base>],True,train.py:119 nn.parallel.DistributedDataParallel [matched DistributedDataParallel],True,train.py:194 src.metrics.Accuracy [matched Accuracy],True,src\datasets.py:190 torch.no_grad [matched torch.no_grad],verified: all 6 stages present,_archive,,dockerfile?,
https://github.com/lRomul/argus-bengali-ai,ok,True,6,1,1,train.py,22,124,4,0,0,True,train.py:65 json.load [matched json.load],True,src\transforms.py:201 A.Compose [matched A.Compose],True,src\argus_models.py:0 class BengaliAiModel [matched <class subclasses model base>],True,train.py:117 model.fit [matched model.fit],True,src\metrics.py:28 sklearn.metrics.recall_score [matched recall_score],True,src\ema.py:64 torch.no_grad [matched torch.no_grad],verified: all 6 stages present,_archive,,dockerfile?,
https://github.com/gesiscss/sexism_custom_classifier,ok,True,6,0,1,run.py,24,142,3,0,0,True,src\utilities.py:7 pd.read_csv [matched pd.read_csv],True,run.py:113 sklearn.model_selection.StratifiedKFold [matched StratifiedKFold],True,src\model\cnn.py:0 class CNN [matched <class subclasses model base>],True,run.py:114 sklearn.model_selection.GridSearchCV [matched GridSearchCV],True,run.py:339 sklearn.metrics.classification_report [matched classification_report],True,src\model\cnn.py:147 self.estimator.predict [matched estimator.predict],verified: all 6 stages present,_archive,,fallback_root,
https://github.com/aildnont/HIFIS-model,ok,True,6,0,1,src\train.py,5,45,2,0,0,True,src/train.py:66 pd.read_csv [matched pd.read_csv],True,src/train.py:38 imblearn.over_sampling.RandomOverSampler [matched RandomOverSampler],True,src/models/models.py:53 tf.keras.Sequential [matched keras.Sequential],True,src/train.py:257 model.fit [matched model.fit],True,src/train.py:234 tf.keras.metrics.BinaryAccuracy [matched tf.keras.metrics.*],True,src/train.py:553 model.predict [matched model.predict],verified: all 6 stages present,pass2,,fallback_nested,no_dockerfile
https://github.com/a-luengen/anytimeDnn,ok,True,6,0,1,train.py,14,147,3,0,0,True,msdnet\dataloader.py:29 torchvision.datasets.ImageFolder [matched torchvision.datasets.*],True,msdnet\dataloader.py:27 torchvision.transforms.Normalize [matched torchvision.transforms.*],True,densenet\densenet.py:0 class BasicBlock [matched <class subclasses model base>],True,train.py:217 optimizer.zero_grad [matched optimizer.zero_grad],True,utils.py:78 sklearn.metrics.confusion_matrix [matched confusion_matrix],True,train.py:166 torch.no_grad [matched torch.no_grad],verified: all 6 stages present,_archive,,fallback_root,
https://github.com/vndee/ab2sa,ok,True,6,0,1,train.py,5,28,1,0,0,True,train.py:54 torch.utils.data.DataLoader [matched DataLoader],True,data.py:58 transformers.AutoTokenizer.from_pretrained [matched AutoTokenizer.from_pretrained],True,train.py:59 model.Model [matched Model],True,train.py:98 optimizer.zero_grad [matched optimizer.zero_grad],True,train.py:20 sklearn.metrics.classification_report [matched classification_report],True,train.py:143 torch.no_grad [matched torch.no_grad],verified: all 6 stages present,_archive,,fallback_root,
https://github.com/wazeerzulfikar/alzheimers-dementia,ok,True,6,0,1,main.py,8,45,3,0,0,True,dataset.py:95 def prepare_data [matched <lightning hook prepare_data>],True,evaluator.py:160 sklearn.model_selection.KFold [matched KFold],True,evaluator.py:279 sklearn.linear_model.LogisticRegression [matched LogisticRegression],True,trainer.py:142 model.fit [matched model.fit],True,evaluator.py:244 sklearn.metrics.accuracy_score [matched accuracy_score],True,evaluator.py:242 model.predict [matched model.predict],verified: all 6 stages present,_archive,,fallback_root,
https://github.com/vietdung126/BankClassify,ok,True,6,0,1,app.py,13,93,3,0,0,True,btt\views.py:384 csv.reader [matched csv.reader],True,btt\classification.py:179 sklearn.model_selection.train_test_split [matched train_test_split],True,btt\database.py:0 class User [matched <class subclasses model base>],True,btt\classification.py:213 clf.fit [matched clf.fit],True,btt\classification.py:31 sklearn.metrics.accuracy_score [matched accuracy_score],True,btt\__init__.py:38 flask.Flask [matched Flask],verified: all 6 stages present,_archive,,fallback_root,
https://github.com/chemprop/chemprop,ok,True,6,1,1,chemprop\cli\main.py,68,556,4,0,0,True,chemprop/cli/predict.py:517 pd.read_csv [matched pd.read_csv],True,chemprop/cli/predict.py:445 np.nan_to_num [matched np.nan_to_num],True,chemprop/nn/transforms.py:0 class _ScaleTransformMixin [matched <class subclasses model base>],True,chemprop/cli/hpopt.py:434 trainer.fit [matched trainer.fit],True,chemprop/models/model.py:170 def validation_step [matched <lightning hook validation_step>],True,chemprop/cli/fingerprint.py:90 model.eval [matched model.eval],verified: all 6 stages present,pass2,,fallback_console_script,no_entry
https://github.com/ihaeyong/drama-graph,ok,True,6,0,1,train.py,14,77,2,0,0,True,Learner.py:125 PIL.Image.open [matched Image.open],True,config.py:23 torchvision.transforms.Compose [matched torchvision.transforms.*],True,model.py:0 class Flatten [matched <class subclasses model base>],True,Learner.py:32 torch.utils.tensorboard.SummaryWriter [matched tensorboard.SummaryWriter],True,Learner.py:94 self.writer.add_scalar [matched writer.add_scalar],True,Learner.py:102 self.model.eval [matched model.eval],verified: all 6 stages present,_archive,,fallback_root,
https://github.com/shalomma/ToBark,ok,True,6,0,1,main.py,5,54,1,0,0,True,dataset.py:42 librosa.load [matched librosa.load],True,dataset.py:79 pd.concat [matched pd.concat],True,network.py:0 class Residual [matched <class subclasses model base>],True,main.py:54 trainer.train [matched trainer.train],True,trainer.py:69 sklearn.metrics.recall_score [matched recall_score],True,trainer.py:44 self.config.model.eval [matched model.eval],verified: all 6 stages present,_archive,,fallback_root,
https://github.com/voidful/TFkit,ok,True,6,1,1,tfkit\train.py,15,81,3,0,1,True,tfkit/train.py:227 torch.utils.data.DataLoader [matched DataLoader],True,tfkit/utility/tok.py:55 transformers.AutoTokenizer.from_pretrained [matched AutoTokenizer.from_pretrained],True,tfkit/train.py:125 model_class.Model [matched Model],True,tfkit/utility/logger.py:18 torch.utils.tensorboard.SummaryWriter [matched tensorboard.SummaryWriter],True,tfkit/utility/eval_metric.py:219 nlgeval.compute_metrics [matched compute_metrics],True,tfkit/utility/training_utils.py:177 model.eval [matched model.eval],verified: all 6 stages present,pass2,,fallback_nested,no_entry
https://github.com/SwatiSSwain/SwatiSSwain-REP-Project-Three,ok,True,6,0,1,app.py,2,11,1,0,0,True,app.py:32 psycopg2.connect [matched psycopg2.connect],True,model_randomforest.py:61 indicators_df.pivot [matched .pivot],True,model_randomforest.py:150 sklearn.ensemble.RandomForestClassifier [matched RandomForestClassifier],True,model_randomforest.py:219 model.fit [matched model.fit],True,model_randomforest.py:225 sklearn.metrics.classification_report [matched classification_report],True,app.py:19 flask.Flask [matched Flask],verified: all 6 stages present,_archive,,fallback_root,
https://github.com/amirhk/recourse,ok,True,6,0,1,main.py,19,203,2,0,0,True,loadData.py:653 pickle.load [matched pickle.load],True,main.py:2077 pd.concat [matched pd.concat],True,main.py:169 nn.Sequential [matched nn.Sequential],True,main.py:502 sklearn.model_selection.GridSearchCV [matched GridSearchCV],True,loadModel.py:160 sklearn.metrics.accuracy_score [matched accuracy_score],True,_third_party\svm_recourse.py:146 clf.predict [matched clf.predict],verified: all 6 stages present,_archive,,fallback_root,
https://github.com/swapnanildutta/Mushroom-Classification-Web-App,ok,True,6,0,1,app.py,1,4,0,0,0,True,app.py:35 pd.read_csv [matched pd.read_csv],True,app.py:36 sklearn.preprocessing.LabelEncoder [matched LabelEncoder],True,app.py:80 sklearn.svm.SVC [matched SVC],True,app.py:81 model.fit [matched model.fit],True,app.py:85 sklearn.metrics.precision_score [matched precision_score],True,app.py:83 model.predict [matched model.predict],verified: all 6 stages present,_archive,,fallback_root,
https://github.com/guillermoim/deepfakes-policy-optimization,ok,True,6,0,1,train.py,8,76,2,0,0,True,train.py:155 torch.utils.data.DataLoader [matched DataLoader],True,utils.py:109 A.Compose [matched A.Compose],True,models.py:0 class HelperModel [matched <class subclasses model base>],True,train.py:99 apex.parallel.DistributedDataParallel [matched DistributedDataParallel],True,train.py:210 writer.add_scalar [matched writer.add_scalar],True,train.py:133 model.eval [matched model.eval],verified: all 6 stages present,_archive,,fallback_root,
https://github.com/matkalinowski/EfficientNet-on-Stanford-Cars-Dataset,ok,True,6,0,1,training\train.py,23,77,2,0,0,True,datasets/stanford/stanford_cars_data_module.py:99 def train_dataloader [matched <lightning hook train_dataloader>],True,datasets/stanford/stanford_cars_data_module.py:37 torchvision.transforms.Resize [matched torchvision.transforms.*],True,models/efficient_net/efficient_net.py:27 nn.BatchNorm2d [matched nn.BatchNorm2d],True,training/train.py:59 trainer.fit [matched trainer.fit],True,training/cars_dataset_callback.py:86 sklearn.metrics.classification_report [matched classification_report],True,training/cars_dataset_callback.py:28 model.eval [matched model.eval],verified: all 6 stages present,pass2,,fallback_nested,no_dockerfile
https://github.com/ryh95/low_dim_numeracy,ok,True,6,0,1,axis_mag_exp\main.py,7,27,3,0,0,True,axis_mag_exp/main.py:16 np.load [matched np.load],True,axis_mag_exp/main.py:22 sklearn.model_selection.train_test_split [matched train_test_split],True,axis_mag_exp/experiments.py:101 thundersvm.SVC [matched SVC],True,axis_mag_exp/experiments.py:135 model.fit [matched model.fit],True,axis_mag_exp/experiments.py:139 sklearn.metrics.mean_squared_error [matched mean_squared_error],True,axis_mag_exp/experiments.py:138 model.predict [matched model.predict],verified: all 6 stages present,pass2,,fallback_nested,no_dockerfile
https://github.com/AxekA13/ModelTracking,ok,True,6,0,1,train.py,5,26,2,0,0,True,train.py:76 def train_dataloader [matched <lightning hook train_dataloader>],True,train.py:91 sklearn.preprocessing.LabelEncoder [matched LabelEncoder],True,train.py:0 class TrainingModule [matched <class subclasses model base>],True,train.py:62 def training_step [matched <lightning hook training_step>],True,train.py:65 def validation_step [matched <lightning hook validation_step>],True,train.py:198 module.eval [matched module.eval],verified: all 6 stages present,_archive,,fallback_root,
https://github.com/kangakum36/FlowAI,ok,True,6,0,1,main.py,8,28,2,0,0,True,main.py:29 pickle.load [matched pickle.load],True,models\neural_net.py:30 sklearn.model_selection.StratifiedKFold [matched StratifiedKFold],True,models\random_forest_classifier.py:8 sklearn.ensemble.RandomForestClassifier [matched RandomForestClassifier],True,models\random_forest_classifier.py:11 self.model.fit [matched model.fit],True,models\neural_net.py:43 model.evaluate [matched model.evaluate],True,models\xgb.py:23 self.model.predict [matched model.predict],verified: all 6 stages present,_archive,,fallback_root,
https://github.com/iUssel/MiningPersonalityInGerman,ok,True,6,0,1,main.py,29,104,4,0,0,True,helper\configLoader.py:76 yaml.safe_load [matched yaml.safe_load],True,miping\training\features.py:80 sklearn.preprocessing.FunctionTransformer [matched FunctionTransformer],True,miping\models\decisionTree.py:40 sklearn.tree.DecisionTreeRegressor [matched DecisionTreeRegressor],True,miping\training\modelTraining.py:155 sklearn.model_selection.GridSearchCV [matched GridSearchCV],True,miping\training\modelTraining.py:184 sklearn.model_selection.cross_val_score [matched cross_val_score],True,helper\trainingProcess.py:502 model.predict [matched model.predict],verified: all 6 stages present,_archive,,fallback_root,
https://github.com/Maryam-Ah/Insurance-Charges-Prediction-App-with-Azure-and-Streamit,ok,True,6,1,1,app.py,1,6,0,0,0,True,app.py:36 PIL.Image.open [matched Image.open],True,app.py:166 sklearn.model_selection.train_test_split [matched train_test_split],True,app.py:0 class DataFrameSelector [matched <class subclasses model base>],True,app.py:257 sklearn.model_selection.RandomizedSearchCV [matched RandomizedSearchCV],True,app.py:266 sklearn.metrics.mean_squared_error [matched mean_squared_error],True,app.py:49 model.predict [matched model.predict],verified: all 6 stages present,_archive,,dockerfile?,
https://github.com/timvdh123/simula_smarthome,ok,True,6,0,1,main.py,7,56,1,0,0,True,main.py:190 pd.read_csv [matched pd.read_csv],True,discretize.py:25 pd.concat [matched pd.concat],True,models.py:49 tf.keras.layers.GRU [matched tf.keras.layers.*],True,similarity.py:43 clf.fit_predict [matched .fit_predict],True,discretize.py:222 sklearn.metrics.classification_report [matched classification_report],True,training.py:92 model.predict [matched model.predict],verified: all 6 stages present,_archive,,fallback_root,
https://github.com/KIT-ISAS/TrackSort_Neural_Public,ok,True,6,0,1,main.py,8,104,4,0,0,True,data_manager.py:936 pd.read_csv [matched pd.read_csv],True,data_manager.py:317 sklearn.model_selection.train_test_split [matched train_test_split],True,model_manager.py:16 model.Model [matched Model],True,model.py:166 tf.GradientTape [matched tf.GradientTape],True,model.py:174 tf.keras.losses.mean_squared_error [matched mean_squared_error],True,model_manager.py:39 self.model.predict [matched model.predict],verified: all 6 stages present,_archive,,fallback_root,
https://github.com/bindog/nlp-training,ok,True,6,0,1,train.py,41,721,5,0,0,True,utils\config_utils.py:17 yaml.load [matched yaml.load],True,utils\model_utils.py:33 models.tokenization_bert.BertTokenizer.from_pretrained [matched BertTokenizer.from_pretrained],True,models\modeling_nezha.py:0 class NeZhaEmbeddings [matched <class subclasses model base>],True,train.py:81 loss.backward [matched loss.backward],True,train.py:106 wandb.log [matched wandb.log],True,train.py:113 model.eval [matched model.eval],verified: all 6 stages present,_archive,,fallback_root,
https://github.com/oliviermirat/ZebraZoom,ok,True,6,0,1,zebrazoom\__main__.py,135,1097,6,0,0,True,zebrazoom/_subcommands.py:102 pd.read_excel [matched pd.read_excel],True,zebrazoom/code/dataPostProcessing/findSleepVsMoving.py:59 pd.concat [matched pd.concat],True,zebrazoom/dataAnalysis/dataanalysis/applyClustering.py:200 sklearn.cluster.KMeans [matched KMeans],True,zebrazoom/dataAnalysis/dataanalysis/applyClustering.py:205 model.fit [matched model.fit],True,zebrazoom/dataAnalysis/dataanalysis/reapplyClustering.py:163 sklearn.metrics.silhouette_score [matched silhouette_score],True,zebrazoom/dataAnalysis/dataanalysis/applyClustering.py:207 model.predict [matched model.predict],verified: all 6 stages present,pass2,,fallback_nested,no_dockerfile
https://github.com/willywsm1013/transformers-for-question-generation,ok,True,6,6,1,transformers\commands\transformers_cli.py,150,2361,5,0,4,True,transformers/convert_transfo_xl_original_tf_checkpoint_to_pytorch.py:53 pickle.load [matched pickle.load],True,transformers/commands/download.py:32 transformers.AutoTokenizer.from_pretrained [matched AutoTokenizer.from_pretrained],True,transformers/commands/download.py:31 transformers.AutoModel.from_pretrained [matched AutoModel.from_pretrained],True,transformers/trainer.py:199 tensorboardX.SummaryWriter [matched SummaryWriter],True,transformers/trainer.py:604 wandb.log [matched wandb.log],True,transformers/commands/run.py:26 transformers.pipelines.pipeline [matched pipeline],verified: all 6 stages present,pass2,,fallback_console_script,no_entry
https://github.com/ryansteed/learning-appearance-bias,ok,True,6,0,1,main.py,6,46,2,0,0,True,appearance_bias\api.py:142 pickle.load [matched pickle.load],True,appearance_bias\api.py:154 pd.concat [matched pd.concat],True,appearance_bias\feature_extraction.py:136 keras.models.Model [matched Model],True,appearance_bias\interpretation.py:34 self.clf.fit [matched clf.fit],True,appearance_bias\api.py:40 reg.cross_validate [matched cross_validate],True,appearance_bias\feature_extraction.py:125 self.model.predict [matched model.predict],verified: all 6 stages present,_archive,,fallback_root,
https://github.com/vndee/bertvi-sentiment,ok,True,6,0,1,train.py,14,77,3,0,0,True,train.py:60 yaml.load [matched yaml.load],True,models\bert.py:10 transformers.BertTokenizer.from_pretrained [matched BertTokenizer.from_pretrained],True,classifier\model.py:0 class SentimentAnalysisModel [matched <class subclasses model base>],True,train.py:190 optimizer.zero_grad [matched optimizer.zero_grad],True,train.py:89 sklearn.metrics.classification_report [matched classification_report],True,train.py:233 torch.no_grad [matched torch.no_grad],verified: all 6 stages present,_archive,,fallback_root,
https://github.com/GenoML/genoml2,ok,True,6,0,1,genoml\__main__.py,27,143,4,0,0,True,genoml/preprocessing/harmonizing.py:36 pickle.load [matched pickle.load],True,genoml/discrete/supervised/training.py:42 sklearn.model_selection.train_test_split [matched train_test_split],True,genoml/models.py:27 sklearn.ensemble.AdaBoostClassifier [matched AdaBoostClassifier],True,genoml/preprocessing/featureselection.py:40 clf.fit [matched clf.fit],True,genoml/discrete/utils.py:60 sklearn.metrics.roc_curve [matched roc_curve],True,genoml/preprocessing/adjuster.py:116 model.predict [matched model.predict],verified: all 6 stages present,pass2,,fallback_nested,no_dockerfile
https://github.com/sampathkethineedi/bert-topic-sentiment,ok,True,6,0,1,train.py,4,37,1,0,0,True,topicsentiment\dataset.py:25 pickle.load [matched pickle.load],True,train.py:79 pd_dataset.train_test_split [matched train_test_split],True,topicsentiment\model.py:0 class FocalLossLogits [matched <class subclasses model base>],True,train.py:151 trainer.train [matched trainer.train],True,topicsentiment\model.py:113 sklearn.metrics.accuracy_score [matched accuracy_score],True,topicsentiment\model.py:99 self.model.eval [matched model.eval],verified: all 6 stages present,_archive,,fallback_root,
https://github.com/flawnson/Generic_GNN,ok,True,6,1,1,main.py,16,81,3,0,0,True,read\preprocessing.py:36 pd.read_csv [matched pd.read_csv],True,utils\holdout.py:100 utils.helper.StratifiedKFold [matched StratifiedKFold],True,nn\DGL_models.py:0 class GenericGNNModel [matched <class subclasses model base>],True,main.py:52 ops.tune.Tuner [matched tune.Tuner],True,utils\helper.py:73 sklearn.metrics.roc_auc_score [matched roc_auc_score],True,ops\train.py:63 self.model.eval [matched model.eval],verified: all 6 stages present,_archive,,dockerfile?,
https://github.com/mdork/Steganalysis-DeepVision-Project,ok,True,6,0,1,main.py,7,80,3,0,0,True,main.py:204 torch.utils.data.DataLoader [matched DataLoader],True,dataloader.py:49 torchvision.transforms.Compose [matched torchvision.transforms.*],True,network.py:0 class Net [matched <class subclasses model base>],True,main.py:40 optimizer.zero_grad [matched optimizer.zero_grad],True,auxiliaries.py:181 sklearn.metrics.roc_curve [matched roc_curve],True,main.py:103 torch.no_grad [matched torch.no_grad],verified: all 6 stages present,_archive,,fallback_root,
https://github.com/stefanDeveloper/covid-19-neural-network,ok,True,6,0,1,main.py,8,18,2,0,0,True,binary_classifier\binary_network_pytorch.py:28 torch.utils.data.DataLoader [matched DataLoader],True,image_loader.py:11 torchvision.transforms.Compose [matched torchvision.transforms.*],True,binary_classifier\model.py:0 class Net [matched <class subclasses model base>],True,binary_classifier\binary_network_pytorch.py:55 optimizer.zero_grad [matched optimizer.zero_grad],True,binary_classifier\binary_network_pytorch.py:93 sklearn.metrics.roc_auc_score [matched roc_auc_score],True,binary_classifier\binary_network_pytorch.py:69 torch.no_grad [matched torch.no_grad],verified: all 6 stages present,_archive,,fallback_root,
https://github.com/microsoft/robustdg,ok,True,6,0,1,train.py,43,220,7,0,0,True,utils\helper.py:298 torch.utils.data.DataLoader [matched DataLoader],True,data\chestxray_loader_match_eval.py:27 torchvision.transforms.ToPILImage [matched torchvision.transforms.*],True,models\lenet.py:0 class LeNet5 [matched <class subclasses model base>],True,utils\scripts\utils.py:305 optimizer.zero_grad [matched optimizer.zero_grad],True,utils\scripts\utils.py:251 sklearn.metrics.roc_auc_score [matched roc_auc_score],True,utils\match_function.py:174 torch.no_grad [matched torch.no_grad],verified: all 6 stages present,_archive,,fallback_root,
https://github.com/gmftbyGMFTBY/OpenDialog,ok,True,6,0,1,main.py,65,796,5,0,0,True,main.py:28 load_dataset [matched load_dataset],True,dataloader.py:155 BertTokenizer.from_pretrained [matched BertTokenizer.from_pretrained],True,models\model_utils.py:0 class ActorCritic [matched <class subclasses model base>],True,main.py:32 SummaryWriter [matched SummaryWriter],True,metrics\metric.py:44 nltk.translate.bleu_score.sentence_bleu [matched sentence_bleu],True,models\test.py:68 torch.no_grad [matched torch.no_grad],verified: all 6 stages present,_archive,,fallback_root,
https://github.com/shawnd29/eda-webapp,ok,True,6,0,1,app.py,7,173,3,0,0,True,eda_webapp.py:119 pd.read_csv [matched pd.read_csv],True,eda_webapp.py:216 pd.concat [matched pd.concat],True,classification_test.py:1306 sklearn.linear_model.LogisticRegression [matched LogisticRegression],True,classification_test.py:1362 model.fit [matched model.fit],True,classification_test.py:1370 sklearn.metrics.accuracy_score [matched accuracy_score],True,app.py:11 st.write [matched st.write],verified: all 6 stages present,_archive,,fallback_root,
https://github.com/arpanadhikari1/CPLP,ok,True,6,0,1,train.py,1,11,0,0,0,True,train.py:15 pd.read_csv [matched pd.read_csv],True,train.py:91 pd.get_dummies [matched pd.get_dummies],True,train.py:110 sklearn.linear_model.LinearRegression [matched LinearRegression],True,train.py:111 model.fit [matched model.fit],True,train.py:125 sklearn.metrics.roc_curve [matched roc_curve],True,train.py:122 model.predict_proba [matched model.predict_proba],verified: all 6 stages present,_archive,,fallback_root,
https://github.com/arpanadhikari1/FER,ok,True,6,0,1,train.py,1,5,0,0,0,True,train.py:21 torchvision.datasets.ImageFolder [matched torchvision.datasets.*],True,train.py:16 torchvision.transforms.Compose [matched torchvision.transforms.*],True,train.py:0 class Net [matched <class subclasses model base>],True,train.py:60 optimizer.zero_grad [matched optimizer.zero_grad],True,train.py:130 sklearn.metrics.confusion_matrix [matched confusion_matrix],True,train.py:73 model.eval [matched model.eval],verified: all 6 stages present,_archive,,fallback_root,
https://github.com/tlawrence3/amPEPpy,ok,True,6,0,1,amPEPpy\amPEP.py,2,5,1,0,0,True,amPEPpy/amPEP.py:131 pickle.load [matched pickle.load],True,amPEPpy/amPEP.py:89 pd.concat [matched pd.concat],True,amPEPpy/amPEP.py:94 sklearn.ensemble.RandomForestClassifier [matched RandomForestClassifier],True,amPEPpy/amPEP.py:97 clf.fit [matched clf.fit],True,amPEPpy/amPEP.py:100 sklearn.metrics.balanced_accuracy_score [matched balanced_accuracy_score],True,amPEPpy/amPEP.py:168 clf.predict [matched clf.predict],verified: all 6 stages present,pass2,,fallback_console_script,no_dockerfile
https://github.com/anhdhbn/facerec,ok,True,6,0,1,train.py,7,84,2,0,0,True,Learner.py:145 PIL.Image.open [matched Image.open],True,config.py:40 torchvision.transforms.Compose [matched torchvision.transforms.*],True,model.py:0 class Flatten [matched <class subclasses model base>],True,Learner.py:37 tensorboardX.SummaryWriter [matched SummaryWriter],True,Learner.py:106 self.writer.add_scalar [matched writer.add_scalar],True,Learner.py:118 self.model.eval [matched model.eval],verified: all 6 stages present,_archive,,fallback_root,
https://github.com/TienSFU25/983-test,ok,True,6,0,1,train.py,10,41,3,0,0,True,extract_feats\opensmile.py:35 csv.reader [matched csv.reader],True,extract_feats\opensmile.py:62 sklearn.preprocessing.StandardScaler [matched StandardScaler],True,models\ml.py:56 sklearn.svm.SVC [matched SVC],True,models\ml.py:34 self.model.fit [matched model.fit],True,train.py:60 model.evaluate [matched model.evaluate],True,models\ml.py:50 self.model.predict [matched model.predict],verified: all 6 stages present,_archive,,fallback_root,
https://github.com/micts/anomaly-detection-robotic-vehicle,ok,True,6,1,1,main.py,3,16,2,0,0,True,main.py:29 pd.read_csv [matched pd.read_csv],True,main.py:37 sklearn.model_selection.train_test_split [matched train_test_split],True,main.py:57 sklearn.ensemble.RandomForestClassifier [matched RandomForestClassifier],True,main.py:94 model.fit [matched model.fit],True,utils.py:84 sklearn.metrics.recall_score [matched recall_score],True,main.py:105 model.predict_proba [matched model.predict_proba],verified: all 6 stages present,_archive,,dockerfile?,
https://github.com/wellcometrust/grants_tagger,ok,True,6,3,1,grants_tagger\__main__.py,27,97,5,0,0,True,grants_tagger/preprocess_mesh.py:78 pd.read_csv [matched pd.read_csv],True,grants_tagger/predict.py:38 transformers.AutoTokenizer.from_pretrained [matched AutoTokenizer.from_pretrained],True,grants_tagger/predict.py:39 transformers.AutoModel.from_pretrained [matched AutoModel.from_pretrained],True,grants_tagger/pretrain.py:37 model.fit [matched model.fit],True,grants_tagger/evaluate_human.py:21 sklearn.metrics.f1_score [matched f1_score],True,grants_tagger/evaluate_mesh_on_grants.py:79 model.predict [matched model.predict],verified: all 6 stages present,pass2,,fallback_nested,no_entry
https://github.com/nicolasfacchinetti97/progettoBioInf,ok,True,6,1,1,progettobioinf\entry_point.py,9,54,3,0,0,True,progettobioinf\entry_point.py:113 pd.read_json [matched pd.read_json],True,progettobioinf\data_visualization.py:18 pd.concat [matched pd.concat],True,progettobioinf\classifier.py:11 sklearn.tree.DecisionTreeClassifier [matched DecisionTreeClassifier],True,progettobioinf\training_models.py:52 model.fit [matched model.fit],True,progettobioinf\classifier.py:46 tf.keras.metrics.AUC [matched tf.keras.metrics.*],True,progettobioinf\training_models.py:58 model.predict [matched model.predict],verified: all 6 stages present,_archive,,dockerfile?,
https://github.com/flomock/vidhop,ok,True,6,0,1,vidhop\cli.py,6,50,2,0,0,True,vidhop/training/make_datasets.py:30 pd.read_csv [matched pd.read_csv],True,vidhop/training/train_new_model.py:455 sklearn.preprocessing.LabelEncoder [matched LabelEncoder],True,vidhop/training/train_new_model.py:599 tf.keras.layers.GRU [matched tf.keras.layers.*],True,vidhop/training/train_new_model.py:754 model.fit [matched model.fit],True,vidhop/training/train_new_model.py:159 sklearn.metrics.accuracy_score [matched accuracy_score],True,vidhop/training/train_new_model.py:153 self.model.predict [matched model.predict],verified: all 6 stages present,pass2,,fallback_console_script,no_dockerfile
https://github.com/ddpoe/emt_project,ok,True,6,0,1,source\main.py,1,5,0,0,0,True,source/main.py:33 pd.read_csv [matched pd.read_csv],True,source/main.py:205 PCA [matched PCA],True,source/main.py:121 KMeans [matched KMeans],True,source/main.py:9 model.fit [matched model.fit],True,source/main.py:293 sklearn.metrics.mean_squared_error [matched mean_squared_error],True,source/main.py:276 model.predict [matched model.predict],verified: all 6 stages present,pass2,,fallback_nested,no_dockerfile
https://github.com/mystery2828/playwithML,ok,True,6,0,1,app.py,1,17,0,0,0,True,app.py:116 pd.read_excel [matched pd.read_excel],True,app.py:75 sklearn.model_selection.train_test_split [matched train_test_split],True,app.py:238 sklearn.ensemble.RandomForestClassifier [matched RandomForestClassifier],True,app.py:242 sklearn.model_selection.GridSearchCV [matched GridSearchCV],True,app.py:382 sklearn.metrics.accuracy_score [matched accuracy_score],True,app.py:145 st.write [matched st.write],verified: all 6 stages present,_archive,,fallback_root,
https://github.com/kayjanw/test-app,ok,True,6,1,1,app.py,62,237,5,0,0,True,common\components\helper.py:174 pd.read_csv [matched pd.read_csv],True,main\components\change_calculator.py:46 df.dropna [matched df.dropna],True,main\components\mbti.py:340 lgb.LGBMClassifier [matched LGBMClassifier],True,main\components\mbti.py:249 model.fit [matched model.fit],True,main\components\mbti.py:532 sklearn.metrics.accuracy_score [matched accuracy_score],True,main\components\mbti.py:418 model.predict [matched model.predict],verified: all 6 stages present,_archive,,dockerfile?,
https://github.com/THUDM/GCC,ok,True,6,0,1,train.py,12,72,3,0,0,True,train.py:577 torch.utils.data.DataLoader [matched DataLoader],True,train.py:536 sklearn.model_selection.StratifiedKFold [matched StratifiedKFold],True,train.py:641 nn.Linear [matched nn.Linear],True,train.py:224 optimizer.zero_grad [matched optimizer.zero_grad],True,train.py:241 sklearn.metrics.f1_score [matched f1_score],True,train.py:302 model.eval [matched model.eval],verified: all 6 stages present,_archive,,fallback_root,
https://github.com/dicaso/sina,ok,True,6,0,1,sina\paperwork\neuroblastoma.py,3,38,2,0,0,True,sina/documents/__init__.py:156 json.load [matched json.load],True,sina/documents/__init__.py:563 sklearn.model_selection.train_test_split [matched train_test_split],True,sina/documents/__init__.py:904 sklearn.naive_bayes.MultinomialNB [matched MultinomialNB],True,sina/documents/__init__.py:911 model.fit [matched model.fit],True,sina/documents/__init__.py:914 sklearn.metrics.accuracy_score [matched accuracy_score],True,sina/documents/__init__.py:912 model.predict [matched model.predict],verified: all 6 stages present,pass2,,fallback_console_script,no_dockerfile
https://github.com/ptv1p3r/neuralnet_breastcancer,ok,True,6,0,1,app.py,6,14,2,0,0,True,dataset.py:33 pd.read_csv [matched pd.read_csv],True,neuralnet.py:144 sklearn.preprocessing.StandardScaler [matched StandardScaler],True,models.py:17 sklearn.linear_model.LogisticRegression [matched LogisticRegression],True,models.py:71 model.fit [matched model.fit],True,neuralnet.py:69 sklearn.metrics.roc_curve [matched roc_curve],True,models.py:120 model.predict [matched model.predict],verified: all 6 stages present,_archive,,fallback_root,
https://github.com/pyyush/GraphML,ok,True,6,0,1,main.py,4,18,2,0,0,True,utils.py:18 np.load [matched np.load],True,utils.py:68 sklearn.preprocessing.preprocessing.StandardScaler [matched StandardScaler],True,models.py:0 class GCN [matched <class subclasses model base>],True,main.py:34 torch.utils.tensorboard.SummaryWriter [matched tensorboard.SummaryWriter],True,main.py:84 sklearn.metrics.metrics.f1_score [matched f1_score],True,main.py:64 model.eval [matched model.eval],verified: all 6 stages present,_archive,,fallback_root,
https://github.com/hellohaptik/multi-task-NLP,ok,True,6,0,1,train.py,11,71,2,0,0,True,train.py:142 torch.utils.data.DataLoader [matched DataLoader],True,utils\tranform_functions.py:492 sklearn.model_selection.train_test_split [matched train_test_split],True,models\model.py:0 class multiTaskNetwork [matched <class subclasses model base>],True,train.py:197 torch.utils.tensorboard.SummaryWriter [matched tensorboard.SummaryWriter],True,utils\eval_metrics.py:21 sklearn.metrics.accuracy_score [matched accuracy_score],True,train.py:307 torch.no_grad [matched torch.no_grad],verified: all 6 stages present,_archive,,fallback_root,
https://github.com/TRI-AMDD/CAMD,ok,True,6,1,1,camd\campaigns\worker.py,13,164,2,0,0,True,camd/campaigns/worker.py:137 boto3.resource [matched boto3.resource],True,camd/agent/base.py:100 sklearn.preprocessing.StandardScaler [matched StandardScaler],True,camd/campaigns/structure_discovery.py:107 sklearn.neural_network.MLPRegressor [matched MLPRegressor],True,camd/agent/base.py:104 model.fit [matched model.fit],True,camd/agent/base.py:116 sklearn.model_selection.cross_val_score [matched cross_val_score],True,camd/agent/base.py:141 model.predict [matched model.predict],verified: all 6 stages present,pass2,,fallback_console_script,no_entry
https://github.com/leonoravesterbacka/carl-torch,ok,True,6,0,1,train.py,11,79,3,0,0,True,train.py:55 tarfile.open [matched tarfile.open],True,ml\utils\loading.py:173 sklearn.model_selection.train_test_split [matched train_test_split],True,ml\utils\plotting.py:102 sklearn.neural_network.MLPRegressor [matched MLPRegressor],True,ml\ratio.py:195 trainer.train [matched trainer.train],True,ml\base.py:200 accuracy_score [matched accuracy_score],True,ml\base.py:163 onnx.load [matched onnx.load],verified: all 6 stages present,_archive,,fallback_root,
https://github.com/todatech/csda-lab,ok,True,6,1,1,index.py,13,103,2,0,0,True,lab1\movies.py:109 pickle.load [matched pickle.load],True,lab2\spammer.py:115 sklearn.model_selection.train_test_split [matched train_test_split],True,lab2\spammer.py:129 sklearn.svm.LinearSVC [matched LinearSVC],True,lab2\sentiment.py:232 self.model.fit [matched model.fit],True,lab2\spammer.py:132 sklearn.metrics.accuracy_score [matched accuracy_score],True,app.py:11 flask.Flask [matched Flask],verified: all 6 stages present,_archive,,dockerfile?,
https://github.com/DmitriiDenisov/research_oversampling,ok,True,6,0,1,main.py,6,21,2,0,0,True,main.py:58 pd.read_excel [matched pd.read_excel],True,utils\handle_dataset.py:41 sklearn.model_selection.KFold [matched KFold],True,utils\utils_py.py:65 sklearn.tree.DecisionTreeClassifier [matched DecisionTreeClassifier],True,utils\handle_dataset.py:66 clf.fit [matched clf.fit],True,utils\utils_py.py:165 sklearn.metrics.f1_score [matched f1_score],True,utils\handle_dataset.py:71 clf.predict [matched clf.predict],verified: all 6 stages present,_archive,,fallback_root,
https://github.com/svil1502/heroku,ok,True,6,0,1,app.py,1,14,0,0,0,True,app.py:65 def prepare_data [matched <lightning hook prepare_data>],True,app.py:67 pd.to_datetime [matched pd.to_datetime],True,app.py:187 sklearn.linear_model.LinearRegression [matched LinearRegression],True,app.py:242 fit_predict [matched .fit_predict],True,app.py:192 sklearn.metrics.mean_absolute_error [matched mean_absolute_error],True,app.py:33 flask.Flask [matched Flask],verified: all 6 stages present,_archive,,fallback_root,
https://github.com/doraadong/MESSI,ok,True,6,0,1,messi\messi.py,6,63,2,0,0,True,messi/data_processing.py:97 pd.read_csv [matched pd.read_csv],True,messi/data_processing.py:961 sklearn.preprocessing.PolynomialFeatures [matched PolynomialFeatures],True,messi/messi.py:433 sklearn.cluster.AgglomerativeClustering [matched AgglomerativeClustering],True,messi/messi.py:437 model.fit [matched model.fit],True,messi/hme.py:269 sklearn.metrics.log_loss [matched log_loss],True,messi/messi.py:467 model.predict [matched model.predict],verified: all 6 stages present,pass2,,fallback_console_script,no_dockerfile
https://github.com/GiuliaLanzillotta/Econobox-SA,ok,True,6,0,1,classifier\main.py,29,180,3,0,0,True,classifier/pipeline.py:998 np.load [matched np.load],True,classifier/pipeline.py:884 sklearn.model_selection.KFold [matched KFold],True,BERT_NN.py:135 tf.keras.layers.Input [matched tf.keras.layers.*],True,classifier/vanilla_NN.py:64 self.model.fit [matched model.fit],True,classifier/vanilla_NN.py:79 self.model.evaluate [matched model.evaluate],True,classifier/pipeline.py:844 model.model.predict [matched model.predict],verified: all 6 stages present,pass2,,fallback_nested,no_dockerfile
https://github.com/epsilonai/mahmoud-abdelsattar-CeditCardFraud,ok,True,6,0,1,app.py,4,10,3,0,0,True,utils.py:9 pd.read_csv [matched pd.read_csv],True,clf.py:30 sklearn.model_selection.train_test_split [matched train_test_split],True,clf.py:26 sklearn.ensemble.RandomForestClassifier [matched RandomForestClassifier],True,clf.py:35 clf.fit [matched clf.fit],True,clf.py:37 sklearn.metrics.f1_score [matched f1_score],True,routes.py:8 flask.Flask [matched Flask],verified: all 6 stages present,_archive,,fallback_root,
https://github.com/pikvic/sgm-python,ok,True,6,2,1,app\main.py,32,88,3,0,0,True,app/core/tasks.py:28 requests.get [matched requests.get],True,app/methods/legacy/tasks.py:149 sklearn.preprocessing.StandardScaler [matched StandardScaler],True,app/methods/legacy/tasks.py:39 sklearn.linear_model.LinearRegression [matched LinearRegression],True,app/methods/legacy/tasks.py:229 kmeans.fit_predict [matched .fit_predict],True,app/methods/legacy/tasks.py:45 sklearn.metrics.mean_squared_error [matched mean_squared_error],True,app/main.py:28 fastapi.FastAPI [matched FastAPI],verified: all 6 stages present,pass2,,fallback_nested,no_entry
https://github.com/thundersparkf/tweet,ok,True,6,0,1,main.py,6,39,2,0,0,True,pre_proc.py:32 pd.read_csv [matched pd.read_csv],True,pre_model.py:29 sklearn.model_selection.train_test_split [matched train_test_split],True,model.py:30 keras.layers.Input [matched keras.layers.*],True,model.py:45 model.fit [matched model.fit],True,model.py:69 sklearn.metrics.accuracy_score [matched accuracy_score],True,model.py:67 model.predict [matched model.predict],verified: all 6 stages present,_archive,,fallback_root,
https://github.com/PJvanderLaan/IR-user-intent,ok,True,6,0,1,main.py,10,59,2,0,0,True,main.py:50 json.load [matched json.load],True,main.py:114 sklearn.model_selection.KFold [matched KFold],True,classifier\knn.py:10 sklearn.neighbors.KNeighborsClassifier [matched KNeighborsClassifier],True,classifier\knn.py:11 clf.fit [matched clf.fit],True,classifier\random_forest.py:22 sklearn.model_selection.cross_validate [matched cross_validate],True,classifier\knn.py:16 clf.predict [matched clf.predict],verified: all 6 stages present,_archive,,fallback_root,
https://github.com/QData/TextAttack,ok,True,6,0,1,textattack\__main__.py,158,690,8,0,1,True,textattack/model_args.py:279 json.load [matched json.load],True,textattack/model_args.py:224 transformers.AutoTokenizer.from_pretrained [matched AutoTokenizer.from_pretrained],True,textattack/model_args.py:221 transformers.AutoModelForSequenceClassification.from_pretrained [matched AutoModelForSequenceClassification.from_pretrained],True,textattack/trainer.py:489 def training_step [matched <lightning hook training_step>],True,textattack/trainer.py:325 wandb.log [matched wandb.log],True,textattack/trainer.py:716 model.eval [matched model.eval],verified: all 6 stages present,pass2,,fallback_nested,no_dockerfile
https://github.com/FMuenke/structured_segmentation,ok,True,6,0,1,train.py,37,210,5,0,0,True,structured_segmentation\utils\utils.py:31 json.load [matched json.load],True,structured_segmentation\layers\structured\structured_classifier_layer.py:148 sklearn.model_selection.train_test_split [matched train_test_split],True,structured_segmentation\model\ensemble.py:0 class Ensemble [matched <class subclasses model base>],True,train.py:34 model.fit [matched model.fit],True,train.py:39 model.evaluate [matched model.evaluate],True,structured_segmentation\model\model.py:16 self.model.predict [matched model.predict],verified: all 6 stages present,_archive,,fallback_root,
https://github.com/OliverSaarela/ml-probability,ok,True,6,0,1,main.py,4,16,2,0,0,True,data.py:40 pd.read_csv [matched pd.read_csv],True,data.py:43 sklearn.model_selection.train_test_split [matched train_test_split],True,data.py:27 tf.keras.Sequential [matched keras.Sequential],True,data.py:59 model.fit [matched model.fit],True,data.py:61 model.evaluate [matched model.evaluate],True,data.py:117 model.predict [matched model.predict],verified: all 6 stages present,_archive,,fallback_root,
https://github.com/auto-flow/auto-flow,ok,True,6,0,1,main.py,75,642,6,0,8,True,autoflow\resource_manager\base.py:598 h5py.File [matched h5py.File],True,autoflow\core\base.py:225 sklearn.model_selection.ShuffleSplit [matched ShuffleSplit],True,autoflow\core\base.py:0 class AutoFlowEstimator [matched <class subclasses model base>],True,autoflow\evaluation\train_evaluator.py:282 model.fit [matched model.fit],True,autoflow\metrics\__init__.py:361 sklearn.metrics.confusion_matrix [matched confusion_matrix],True,autoflow\core\classifier.py:16 self.estimator.predict [matched estimator.predict],verified: all 6 stages present,_archive,,fallback_root,
https://github.com/ejson03/DWM-Mini-Project,ok,True,6,0,1,app.py,8,31,1,0,0,True,app.py:62 pd.read_csv [matched pd.read_csv],True,modules\lin_regress.py:18 sklearn.model_selection.train_test_split [matched train_test_split],True,modules\lin_regress.py:20 sklearn.linear_model.LinearRegression [matched LinearRegression],True,modules\lin_regress.py:21 self.clf.fit [matched clf.fit],True,modules\lin_regress.py:29 sklearn.metrics.mean_absolute_error [matched mean_absolute_error],True,app.py:17 flask.Flask [matched Flask],verified: all 6 stages present,_archive,,fallback_root,
https://github.com/Frakma/IFT725-Projet,ok,True,6,0,1,train.py,8,53,1,0,0,True,training\ModelTrainer.py:75 torch.utils.data.DataLoader [matched DataLoader],True,train.py:138 sklearn.model_selection.train_test_split [matched train_test_split],True,models\EmbeddingLSTM.py:0 class LSTM [matched <class subclasses model base>],True,training\ModelTrainer.py:30 torch.utils.tensorboard.SummaryWriter [matched tensorboard.SummaryWriter],True,training\ModelTrainer.py:121 self.writer.add_scalar [matched writer.add_scalar],True,training\ModelTrainer.py:135 self.model.eval [matched model.eval],verified: all 6 stages present,_archive,,fallback_root,
https://github.com/iliasprc/COVIDNet,ok,True,6,0,1,main.py,18,102,3,0,1,True,utils\util.py:136 json.load [matched json.load],True,data_loader\cxr8\cxr8_dataset.py:10 torchvision.transforms.Normalize [matched torchvision.transforms.*],True,model\covidnet.py:0 class Flatten [matched <class subclasses model base>],True,main.py:53 torch.utils.tensorboard.SummaryWriter [matched tensorboard.SummaryWriter],True,utils\util.py:19 writer.add_scalar [matched writer.add_scalar],True,trainer\train_utils.py:112 model.eval [matched model.eval],verified: all 6 stages present,_archive,,fallback_root,
https://github.com/mathdoug/Project_ML2,ok,True,6,0,1,src\main.py,8,34,2,0,0,True,src/GetData.py:16 pd.read_csv [matched pd.read_csv],True,src/main.py:38 sklearn.model_selection.StratifiedKFold [matched StratifiedKFold],True,src/FeatureEngineering.py:299 sklearn.ensemble.RandomForestClassifier [matched RandomForestClassifier],True,src/TuningHyperparameters.py:30 sklearn.model_selection.RandomizedSearchCV [matched RandomizedSearchCV],True,src/Evaluation.py:36 sklearn.metrics.confusion_matrix [matched confusion_matrix],True,src/NeuralClassifier.py:35 self.model.predict [matched model.predict],verified: all 6 stages present,pass2,,fallback_nested,no_dockerfile
https://github.com/taylorplumer/classifiers-dash,ok,True,6,0,1,app.py,7,14,2,0,0,True,app.py:38 pd.read_csv [matched pd.read_csv],True,utils\helpers.py:126 pd.concat [matched pd.concat],True,config.py:6 sklearn.ensemble.GradientBoostingClassifier [matched GradientBoostingClassifier],True,utils\helpers.py:51 model.fit [matched model.fit],True,utils\helpers.py:55 sklearn.metrics.classification_report [matched classification_report],True,utils\helpers.py:53 model.predict [matched model.predict],verified: all 6 stages present,_archive,,fallback_root,
https://github.com/AmadouSadouAbihi/Leaf-classification,ok,True,6,0,1,main.py,12,40,4,0,0,True,data_utils\data_preprocessing.py:45 data_loader.DataLoader [matched DataLoader],True,data_utils\data_preprocessing.py:55 sklearn.preprocessing.LabelEncoder [matched LabelEncoder],True,main.py:66 sklearn.tree.DecisionTreeClassifier [matched DecisionTreeClassifier],True,classifiers\abstract_classifier.py:57 self.model.fit [matched model.fit],True,main.py:25 model.evaluate [matched model.evaluate],True,classifiers\abstract_classifier.py:61 self.model.predict [matched model.predict],verified: all 6 stages present,_archive,,fallback_root,
https://github.com/luanps/comex_stat,ok,True,6,0,1,main.py,5,49,1,0,0,True,main.py:67 src.utils.load_dataset [matched load_dataset],True,src\preproc.py:29 pd.merge [matched pd.merge],True,main.py:145 src.model.Model [matched Model],True,main.py:159 sklearn.model_selection.RandomizedSearchCV [matched RandomizedSearchCV],True,src\model.py:35 sklearn.model_selection.cross_val_score [matched cross_val_score],True,src\model.py:31 self.model.predict [matched model.predict],verified: all 6 stages present,_archive,,fallback_root,
https://github.com/anguyen8/sam,ok,True,6,0,1,madry_files\train.py,5,24,2,0,0,True,utils.py:50 PIL.Image.open [matched Image.open],True,utils.py:369 torchvision.transforms.transforms.Compose [matched torchvision.transforms.*],True,utils.py:129 nn.Sequential [matched nn.Sequential],True,madry_files/train.py:470 loss.backward [matched loss.backward],True,madry_files/train.py:497 writer.add_scalar [matched writer.add_scalar],True,madry_files/train.py:289 torch.no_grad [matched torch.no_grad],verified: all 6 stages present,pass2,,fallback_nested,no_dockerfile
https://github.com/luanps/airbnb,ok,True,6,0,1,main.py,5,47,1,0,0,True,main.py:79 src.utils.load_dataset [matched load_dataset],True,src\model.py:79 pd.concat [matched pd.concat],True,main.py:173 src.model.Model [matched Model],True,main.py:186 sklearn.model_selection.RandomizedSearchCV [matched RandomizedSearchCV],True,src\model.py:34 sklearn.model_selection.cross_val_score [matched cross_val_score],True,src\model.py:30 self.model.predict [matched model.predict],verified: all 6 stages present,_archive,,fallback_root,
https://github.com/svenkilian/Financial,ok,True,6,0,1,run.py,10,132,2,0,0,True,run.py:25 json.load [matched json.load],True,core\analysis.py:260 pd.concat [matched pd.concat],True,core\model.py:77 tf.keras.layers.__dict__.items [matched tf.keras.layers.*],True,core\execute.py:197 model.fit [matched model.fit],True,core\execute.py:700 tf.keras.metrics.binary_accuracy [matched tf.keras.metrics.*],True,core\execute.py:187 model.predict [matched model.predict],verified: all 6 stages present,_archive,,fallback_root,
https://github.com/randilu/Impact-Analysis-Module-codebase,ok,True,6,0,1,main.py,13,34,2,0,0,True,deployment\read_from_s3.py:9 boto3.resource [matched boto3.resource],True,src\data\fetch_trend_data_utils.py:15 sklearn.preprocessing.MinMaxScaler [matched MinMaxScaler],True,stock_analysis\prophet_model.py:39 fbprophet.Prophet [matched Prophet],True,stock_analysis\prophet_model.py:40 model.fit [matched model.fit],True,stock_analysis\prophet_model.py:146 sklearn.metrics.r2_score [matched r2_score],True,stock_analysis\prophet_model.py:47 model.predict [matched model.predict],verified: all 6 stages present,_archive,,fallback_root,
https://github.com/Daanielvb/text-extractor,ok,True,6,0,1,src\main.py,19,217,7,0,0,True,src/main.py:81 pd.read_csv [matched pd.read_csv],True,src/main.py:32 train_test_split [matched train_test_split],True,src/main.py:37 sklearn.svm.SVC [matched SVC],True,src/main.py:38 clf.fit [matched clf.fit],True,src/classifiers/NeuralNetwork.py:99 self.model.evaluate [matched model.evaluate],True,src/main.py:39 clf.predict [matched clf.predict],verified: all 6 stages present,pass2,,fallback_nested,no_dockerfile
https://github.com/BloomTech-Labs/omega2020-ds,ok,True,6,1,1,app.py,8,61,2,0,0,True,app.py:56 boto3.client [matched boto3.client],True,ai.py:614 sklearn.model_selection.train_test_split [matched train_test_split],True,schema.py:0 class PuzzleTable [matched <class subclasses model base>],True,ai.py:621 model.fit [matched model.fit],True,model.py:129 sklearn.metrics.classification_report [matched classification_report],True,app.py:40 flask.Flask [matched Flask],verified: all 6 stages present,_archive,,dockerfile?,
https://github.com/phucdev/TL_Bio_RE,ok,True,6,0,1,tlbiore\main.py,5,34,2,0,0,True,tlbiore/trainers/trainers.py:43 torch.utils.data.DataLoader [matched DataLoader],True,tlbiore/utils.py:19 transformers.tokenization_bert.BertTokenizer.from_pretrained [matched BertTokenizer.from_pretrained],True,tlbiore/models/models.py:0 class FCLayer [matched <class subclasses model base>],True,tlbiore/main.py:30 trainer.train [matched trainer.train],True,tlbiore/main.py:34 trainer.evaluate [matched trainer.evaluate],True,tlbiore/main.py:38 trainer.predict [matched trainer.predict],verified: all 6 stages present,pass2,,fallback_nested,no_dockerfile
https://github.com/daniel235/RNAmodificationClassifier,ok,True,6,0,1,main.py,15,63,2,0,0,True,pseudoExtractor.py:57 pd.read_csv [matched pd.read_csv],True,main.py:133 sklearn.preprocessing.LabelEncoder [matched LabelEncoder],True,ml\svm.py:22 sklearn.svm.SVC [matched SVC],True,ml\svm.py:42 self.clf.fit [matched clf.fit],True,ml\svm.py:45 sklearn.metrics.confusion_matrix [matched confusion_matrix],True,ml\svm.py:44 self.clf.predict [matched clf.predict],verified: all 6 stages present,_archive,,fallback_root,
https://github.com/bot-zen/naacl_flp_st,ok,True,6,0,1,run.py,1,27,0,0,0,True,run.py:93 csv.DictReader [matched csv.DictReader],True,run.py:185 sklearn.preprocessing.LabelEncoder [matched LabelEncoder],True,run.py:581 tf.keras.layers.Masking [matched tf.keras.layers.*],True,run.py:645 model.fit [matched model.fit],True,run.py:491 tf.keras.metrics.TruePositives [matched tf.keras.metrics.*],True,run.py:720 model.predict [matched model.predict],verified: all 6 stages present,_archive,,fallback_root,
https://github.com/koukyo1994/kaggle-dsb2019,ok,True,6,1,1,main.py,70,298,5,0,0,True,main.py:71 pd.read_csv [matched pd.read_csv],True,main.py:94 pd.concat [matched pd.concat],True,main.py:243 lgb.Dataset [matched lgb.Dataset],True,main.py:248 lgb.train [matched lgb.train],True,src\utils\visualization.py:29 sklearn.metrics.confusion_matrix [matched confusion_matrix],True,src\models\cat.py:54 model.predict [matched model.predict],verified: all 6 stages present,_archive,,dockerfile?,
https://github.com/omar-mohamed/X-Ray-Report-Generation,ok,True,6,0,1,train.py,16,79,2,0,1,True,medical_w2v_wrapper.py:11 pickle.load [matched pickle.load],True,tokenizer_wrapper.py:27 tf.python.keras.preprocessing.text.Tokenizer [matched Tokenizer],True,models\CNN_encoder.py:0 class CNN_Encoder [matched <class subclasses model base>],True,train.py:71 tf.GradientTape [matched tf.GradientTape],True,caption_evaluation.py:25 n.compute_metrics [matched compute_metrics],True,chexnet_wrapper.py:16 self.model.predict [matched model.predict],verified: all 6 stages present,_archive,,fallback_root,
https://github.com/CIDARLAB/neural-optimizer,ok,True,6,0,1,app.py,34,169,8,0,0,True,app\mod_NN\controllers.py:55 pd.read_csv [matched pd.read_csv],True,app\mod_NN\controllers.py:72 pd.to_datetime [matched pd.to_datetime],True,app\mod_NN\models.py:42 keras.layers.Dense [matched layers.Dense],True,app\mod_NN\controllers.py:241 sklearn.model_selection.GridSearchCV [matched GridSearchCV],True,app\mod_NN\controllers.py:96 sklearn.metrics.accuracy_score [matched accuracy_score],True,app\__init__.py:8 flask.Flask [matched Flask],verified: all 6 stages present,_archive,,fallback_root,
https://github.com/winedarksea/AutoTS,ok,True,6,0,1,autots\mcp\server.py,113,2370,7,0,0,True,autots/mcp/data_utils.py:74 pd.read_csv [matched pd.read_csv],True,autots/mcp/data_utils.py:76 pd.to_datetime [matched pd.to_datetime],True,autots/evaluator/auto_ts.py:5145 sklearn.ensemble.ExtraTreesRegressor [matched ExtraTreesRegressor],True,autots/evaluator/auto_ts.py:2392 self.model.fit [matched model.fit],True,autots/tools/mlflow.py:143 mlflow.log_metric [matched mlflow.log_metric],True,autots/evaluator/auto_ts.py:2395 self.model.predict [matched model.predict],verified: all 6 stages present,pass2,,fallback_console_script,no_dockerfile
https://github.com/teotsi/Data_Mining_project,ok,True,6,0,1,main.py,1,1,0,0,0,True,main.py:20 pd.read_csv [matched pd.read_csv],True,main.py:44 pd.concat [matched pd.concat],True,main.py:74 sklearn.svm.SVC [matched SVC],True,main.py:75 sklearn.model_selection.GridSearchCV [matched GridSearchCV],True,main.py:85 sklearn.metrics.regression.mean_squared_log_error [matched mean_squared_log_error],True,main.py:78 clf.predict [matched clf.predict],verified: all 6 stages present,_archive,,fallback_root,
https://github.com/RicherMans/Speaker-Anti-Spoofing-Classifiers,ok,True,6,0,1,run.py,6,47,2,0,0,True,run.py:80 pd.read_csv [matched pd.read_csv],True,utils.py:112 sklearn.preprocessing.LabelEncoder [matched LabelEncoder],True,utils.py:61 nn.Sequential [matched nn.Sequential],True,run.py:197 scheduler.step [matched scheduler.step],True,run.py:157 ignite.metrics.Precision [matched Precision],True,run.py:276 torch.no_grad [matched torch.no_grad],verified: all 6 stages present,_archive,,fallback_root,
https://github.com/THUDM/cogdl,ok,True,6,0,1,scripts\train.py,54,628,6,0,8,True,cogdl/datasets/rec_data.py:13 np.loadtxt [matched np.loadtxt],True,cogdl/datasets/customized_data.py:31 sklearn.preprocessing.StandardScaler [matched StandardScaler],True,cogdl/utils/utils.py:177 nn.LayerNorm [matched nn.LayerNorm],True,cogdl/experiments.py:68 study.optimize [matched study.optimize],True,cogdl/utils/evaluator.py:15 Accuracy [matched Accuracy],True,cogdl/pipelines.py:241 self.model.eval [matched model.eval],verified: all 6 stages present,pass2,,fallback_nested,no_dockerfile
https://github.com/arsfutura/face-recognition,ok,True,6,1,1,training\train.py,4,13,2,0,0,True,training/train.py:41 PIL.Image.open [matched Image.open],True,training/train.py:32 torchvision.transforms.Compose [matched torchvision.transforms.*],True,training/train.py:66 sklearn.linear_model.LogisticRegression [matched LogisticRegression],True,training/train.py:68 sklearn.model_selection.GridSearchCV [matched GridSearchCV],True,training/train.py:90 sklearn.metrics.classification_report [matched classification_report],True,training/train.py:90 clf.predict [matched clf.predict],verified: all 6 stages present,pass2,,fallback_nested,no_entry
https://github.com/alessiosavi/PyRecognizer,ok,True,6,1,1,main.py,7,59,2,0,0,True,datastructure\Classifier.py:90 pickle.load [matched pickle.load],True,datastructure\Classifier.py:114 sklearn.model_selection.train_test_split [matched train_test_split],True,datastructure\Classifier.py:46 sklearn.neural_network.MLPClassifier [matched MLPClassifier],True,datastructure\Classifier.py:151 sklearn.model_selection.GridSearchCV [matched GridSearchCV],True,datastructure\Classifier.py:179 sklearn.metrics.classification_report [matched classification_report],True,main.py:37 flask.Flask [matched Flask],verified: all 6 stages present,_archive,,dockerfile?,
https://github.com/GinGinWang/MTQ,ok,True,6,0,1,main.py,30,214,4,0,0,True,result_helpers\test_one_class.py:257 torch.utils.data.DataLoader [matched DataLoader],True,datasets\mnist.py:54 torchvision.transforms.Compose [matched torchvision.transforms.*],True,models\LSA_mnist.py:0 class PrintLayer [matched <class subclasses model base>],True,result_helpers\test_one_class.py:267 self.optimizer.zero_grad [matched optimizer.zero_grad],True,result_helpers\test_one_class.py:709 sklearn.metrics.roc_auc_score [matched roc_auc_score],True,result_helpers\test_one_class.py:458 torch.no_grad [matched torch.no_grad],verified: all 6 stages present,_archive,,fallback_root,
https://github.com/dirichletcal/experiments_neurips,ok,True,6,0,1,main.py,13,166,2,0,0,True,calib\utils\summaries.py:38 pd.read_csv [matched pd.read_csv],True,main.py:223 sklearn.model_selection.StratifiedKFold [matched StratifiedKFold],True,main.py:67 sklearn.naive_bayes.GaussianNB [matched GaussianNB],True,calib\models\adaboost.py:27 estimator.fit [matched estimator.fit],True,calib\utils\calibration.py:153 sklearn.metrics.confusion_matrix [matched confusion_matrix],True,calib\models\adaboost.py:29 estimator.predict [matched estimator.predict],verified: all 6 stages present,_archive,,fallback_root,
https://github.com/clara-parabricks/AtacWorks,ok,True,6,1,1,scripts\main.py,21,158,4,0,0,True,scripts/main.py:72 h5py.File [matched h5py.File],True,atacworks/io/bedgraphio.py:94 pd.concat [matched pd.concat],True,atacworks/dl4atac/custom_losses.py:0 class PearsonLoss [matched <class subclasses model base>],True,atacworks/dl4atac/models/model_utils.py:178 nn.parallel.DistributedDataParallel [matched DistributedDataParallel],True,scripts/worker.py:101 atacworks.dl4atac.metrics.Recall [matched Recall],True,atacworks/dl4atac/evaluate.py:40 model.eval [matched model.eval],verified: all 6 stages present,pass2,,fallback_nested,no_entry
https://github.com/matthew-sochor/transfer,ok,True,6,0,1,transfer\__main__.py,11,45,2,0,0,True,transfer/project.py:32 yaml.load [matched yaml.load],True,transfer/model.py:107 sklearn.model_selection.StratifiedKFold [matched StratifiedKFold],True,transfer/resnet50.py:31 keras.layers.Input [matched keras.layers.*],True,transfer/model.py:200 model.fit_generator [matched model.fit_generator],True,transfer/model.py:253 sklearn.metrics.confusion_matrix [matched confusion_matrix],True,transfer/model.py:248 model.predict [matched model.predict],verified: all 6 stages present,pass2,,fallback_nested,no_dockerfile
https://github.com/allegro/allRank,ok,True,6,1,1,allrank\main.py,28,117,3,0,1,True,allrank/config.py:83 json.load [matched json.load],True,allrank/data/dataset_loading.py:194 torchvision.transforms.Compose [matched torchvision.transforms.*],True,allrank/models/model.py:0 class FCModel [matched <class subclasses model base>],True,allrank/training/train_utils.py:23 loss.backward [matched loss.backward],True,allrank/training/train_utils.py:99 compute_metrics [matched compute_metrics],True,allrank/training/train_utils.py:101 model.eval [matched model.eval],verified: all 6 stages present,pass2,,fallback_nested,no_entry
https://github.com/PaddlePaddle/ERNIE,ok,True,6,1,1,erniekit\cli.py,139,1146,9,0,0,True,erniekit/eval/eval.py:168 json.load [matched json.load],True,ernie/tokenizer.py:99 sentencepiece.SentencePieceProcessor [matched sentencepiece.SentencePieceProcessor],True,ernie/modeling_moe.py:1180 paddle.nn.Embedding [matched nn.Embedding],True,erniekit/train/dpo/workflow.py:602 trainer.train [matched trainer.train],True,erniekit/eval/eval.py:513 trainer.evaluate [matched trainer.evaluate],True,erniekit/train/sft/trainer.py:590 model.eval [matched model.eval],verified: all 6 stages present,pass2,,fallback_console_script,no_entry
https://github.com/kasperekt/EnsembleDiversity,ok,True,6,1,1,main.py,51,158,6,0,0,True,data\sets.py:29 load_dataset [matched load_dataset],True,data\Dataset.py:42 sklearn.preprocessing.LabelEncoder [matched LabelEncoder],True,structure\catboost\CatboostEnsemble.py:14 catboost.CatBoostClassifier [matched CatBoostClassifier],True,structure\catboost\CatboostEnsemble.py:23 self.clf.fit [matched clf.fit],True,experiments\diversity\DiversityExperiment.py:30 sklearn.metrics.accuracy_score [matched accuracy_score],True,structure\Ensemble.py:195 self.clf.predict [matched clf.predict],verified: all 6 stages present,_archive,,dockerfile?,
https://github.com/dfdazac/mpqe,ok,True,6,0,1,mpqe\train.py,9,145,2,0,0,True,mpqe/train.py:150 pickle.load [matched pickle.load],True,mpqe/utils.py:65 np.nan_to_num [matched np.nan_to_num],True,mpqe/data_utils.py:31 nn.Embedding [matched nn.Embedding],True,mpqe/train_helpers.py:78 optimizer.zero_grad [matched optimizer.zero_grad],True,mpqe/utils.py:65 sklearn.metrics.roc_auc_score [matched roc_auc_score],True,mpqe/train_helpers.py:31 model.eval [matched model.eval],verified: all 6 stages present,pass2,,fallback_nested,no_dockerfile
https://github.com/aauss/EventEpi,ok,True,6,0,1,main.py,7,78,1,0,0,True,eventepi\embed.py:51 pickle.load [matched pickle.load],True,eventepi\embed.py:23 nltk.stem.WordNetLemmatizer [matched nltk.stem.WordNetLemmatizer],True,eventepi\classification.py:0 class TextNormalizer [matched <class subclasses model base>],True,eventepi\classification.py:309 sklearn.model_selection.GridSearchCV [matched GridSearchCV],True,eventepi\classification.py:340 sklearn.metrics.confusion_matrix [matched confusion_matrix],True,eventepi\classification.py:376 model.predict [matched model.predict],verified: all 6 stages present,_archive,,fallback_root,
https://github.com/abhinavkashyap/sciwing,ok,True,6,0,1,sciwing\commands\sciwing_group.py,73,408,6,0,1,True,sciwing/infer/classification/classification_inference.py:80 torch.utils.data.DataLoader [matched DataLoader],True,sciwing/utils/common.py:465 sklearn.model_selection.ShuffleSplit [matched ShuffleSplit],True,sciwing/models/neural_parscit.py:0 class NeuralParscit [matched <class subclasses model base>],True,sciwing/engine/engine.py:152 tensorboardX.SummaryWriter [matched SummaryWriter],True,sciwing/engine/engine.py:420 wandb.log [matched wandb.log],True,sciwing/infer/classification/classification_inference.py:142 torch.no_grad [matched torch.no_grad],verified: all 6 stages present,pass2,,fallback_console_script,no_dockerfile
https://github.com/apollomok/allennlp,ok,True,6,2,1,allennlp\run.py,380,2161,8,0,3,True,allennlp/commands/elmo.py:345 h5py.File [matched h5py.File],True,allennlp/common/util.py:289 spacy.load [matched spacy.load],True,allennlp/nn/util.py:1410 nn.ModuleList [matched nn.ModuleList],True,allennlp/commands/fine_tune.py:318 trainer.train [matched trainer.train],True,allennlp/training/metrics/auc.py:73 sklearn.metrics.roc_curve [matched roc_curve],True,allennlp/commands/elmo.py:389 torch.no_grad [matched torch.no_grad],verified: all 6 stages present,pass2,,fallback_nested,no_entry
https://github.com/micado-scale/component-optimizer,ok,True,6,1,1,optimizer.py,9,113,3,0,0,True,opt_utils.py:25 pd.read_csv [matched pd.read_csv],True,opt_utils.py:33 df.dropna [matched df.dropna],True,opt_trainer.py:620 sklearn.neural_network.MLPRegressor [matched MLPRegressor],True,opt_trainer.py:984 model.fit [matched model.fit],True,utils.py:186 sklearn.metrics.mean_absolute_error [matched mean_absolute_error],True,opt_rest.py:27 flask.Flask [matched Flask],verified: all 6 stages present,_archive,,dockerfile?,
https://github.com/nestoor22/apartmentML,ok,True,6,0,1,main.py,11,56,3,0,0,True,clean_json_files\prepare_data_about_lviv_apartments.py:8 json.load [matched json.load],True,ml_system.py:21 pd.to_numeric [matched pd.to_numeric],True,ml_system.py:33 tf.keras.Sequential [matched keras.Sequential],True,ml_system.py:62 model.fit [matched model.fit],True,ml_system.py:65 model.evaluate [matched model.evaluate],True,data_analysis\feature_selection.py:52 self.estimator.predict [matched estimator.predict],verified: all 6 stages present,_archive,,fallback_root,
https://github.com/naver/claf,ok,True,6,1,1,train.py,148,709,8,0,0,True,claf\config\utils.py:32 json.load [matched json.load],True,claf\tokens\tokenizer\utils.py:10 spacy.tokenizer.Tokenizer [matched Tokenizer],True,claf\model\base.py:0 class ModelBase [matched <class subclasses model base>],True,claf\learn\experiment.py:140 self.trainer.train [matched trainer.train],True,claf\learn\experiment.py:149 self.trainer.evaluate [matched trainer.evaluate],True,claf\learn\experiment.py:163 self.trainer.predict [matched trainer.predict],verified: all 6 stages present,_archive,,dockerfile?,
https://github.com/ZihengZZH/bipolar-disorder,ok,True,6,0,1,main.py,16,151,2,0,0,True,src\experiment.py:204 np.load [matched np.load],True,src\experiment.py:116 pd.concat [matched pd.concat],True,src\experiment.py:352 sklearn.ensemble.RandomForestClassifier [matched RandomForestClassifier],True,src\experiment.py:362 model.fit [matched model.fit],True,src\experiment.py:575 sklearn.metrics.precision_recall_fscore_support [matched precision_recall_fscore_support],True,src\model\linear_svm.py:100 self.model.predict [matched model.predict],verified: all 6 stages present,_archive,,fallback_root,
https://github.com/stefanoteso/calimocho,ok,True,6,0,1,main.py,7,45,2,0,0,True,calimocho\utils.py:6 pickle.load [matched pickle.load],True,calimocho\experiment.py:24 sklearn.model_selection.StratifiedKFold [matched StratifiedKFold],True,calimocho\colors.py:182 sklearn.linear_model.Ridge [matched Ridge],True,main.py:96 model.fit [matched model.fit],True,main.py:196 sklearn.metrics.precision_recall_fscore_support [matched precision_recall_fscore_support],True,main.py:192 model.predict [matched model.predict],verified: all 6 stages present,_archive,,fallback_root,
https://github.com/xadrianzetx/fullstack.ai,ok,True,6,1,1,app.py,6,18,2,0,0,True,app.py:71 json.load [matched json.load],True,backend\utils.py:86 sklearn.model_selection.KFold [matched KFold],True,backend\utils.py:95 lgb.Dataset [matched lgb.Dataset],True,backend\utils.py:98 lgb.train [matched lgb.train],True,backend\utils.py:111 sklearn.metrics.mean_squared_error [matched mean_squared_error],True,app.py:12 flask.Flask [matched Flask],verified: all 6 stages present,_archive,,dockerfile?,
https://github.com/szymon6927/bio-gen-calc,ok,True,6,1,1,run.py,60,222,5,0,0,True,app\newsletter\views.py:46 requests.post [matched requests.post],True,app\apmc\ds\processing\data_processing.py:40 sklearn.preprocessing.StandardScaler [matched StandardScaler],True,app\userpanel\models.py:0 class Customer [matched <class subclasses model base>],True,app\apmc\ds\models\classification_model_optimizer.py:17 sklearn.model_selection.GridSearchCV [matched GridSearchCV],True,app\apmc\ds\models\pre_model_constructor.py:31 sklearn.metrics.accuracy_score [matched accuracy_score],True,app\__init__.py:34 flask.Flask [matched Flask],verified: all 6 stages present,_archive,,dockerfile?,
https://github.com/dodinhtrung97/stock_data_processor,ok,True,6,1,1,trade-advisor-ws.py,34,129,5,0,0,True,src\web_scrapper\utils\utils.py:38 yaml.safe_load [matched yaml.safe_load],True,src\price_predictor\predictor\linear_regression_predictor.py:114 sklearn.model_selection.train_test_split [matched train_test_split],True,src\price_predictor\predictor\linear_regression_predictor.py:43 sklearn.linear_model.LinearRegression [matched LinearRegression],True,src\price_predictor\predictor\linear_regression_predictor.py:115 self.model.fit [matched model.fit],True,src\price_predictor\predictor\linear_regression_predictor.py:119 sklearn.metrics.mean_absolute_error [matched mean_absolute_error],True,src\__init__.py:12 flask.Flask [matched Flask],verified: all 6 stages present,_archive,,dockerfile?,
https://github.com/Prabhu204/Very-Deep-Convolutional-Networks-for-Large-Scale-Image-Recognition,ok,True,6,0,1,train.py,3,10,1,0,0,True,src\preprocess.py:18 torchvision.datasets.ImageFolder [matched torchvision.datasets.*],True,src\preprocess.py:14 torchvision.transforms.Compose [matched torchvision.transforms.*],True,src\vdcnnIR.py:0 class ConvBlock [matched <class subclasses model base>],True,train.py:111 optimizer.zero_grad [matched optimizer.zero_grad],True,train.py:123 sklearn.metrics.accuracy_score [matched accuracy_score],True,train.py:132 model.eval [matched model.eval],verified: all 6 stages present,_archive,,fallback_root,
https://github.com/Garfounkel/emotion_analysis,ok,True,6,0,1,run.py,11,42,3,0,0,True,src\embeddings.py:33 pickle.load [matched pickle.load],True,src\dataset.py:37 sklearn.pipeline.Pipeline [matched sklearn.pipeline.Pipeline],True,run.py:131 sklearn.linear_model.LogisticRegression [matched LogisticRegression],True,run.py:74 model.fit [matched model.fit],True,src\evaluate.py:94 sklearn.metrics.confusion_matrix [matched confusion_matrix],True,src\evaluate.py:118 model.predict [matched model.predict],verified: all 6 stages present,_archive,,fallback_root,
https://github.com/clinfo/kGCN,ok,True,6,1,1,gcn.py,10,142,2,0,2,True,gcn.py:737 json.load [matched json.load],True,gcn.py:362 sklearn.model_selection.StratifiedKFold [matched StratifiedKFold],True,kgcn/make_plots.py:139 sklearn.linear_model.LinearRegression [matched LinearRegression],True,gcn.py:284 model.fit [matched model.fit],True,gcn.py:205 sklearn.metrics.r2_score [matched r2_score],True,kgcn/make_plots.py:141 regr.predict [matched regr.predict],verified: all 6 stages present,pass2,,fallback_console_script,no_entry
https://github.com/JakubBartoszewicz/DeePaC,ok,True,6,3,1,deepac\__main__.py,36,224,4,0,0,True,deepac/predict.py:38 np.load [matched np.load],True,deepac/preproc.py:50 tf.keras.preprocessing.text.Tokenizer [matched Tokenizer],True,deepac/predict.py:54 tf.keras.Model [matched keras.Model],True,deepac/nn_train.py:1587 self.model.fit [matched model.fit],True,deepac/eval/eval.py:257 sklearn.metrics.confusion_matrix [matched confusion_matrix],True,deepac/predict.py:63 model.predict [matched model.predict],verified: all 6 stages present,pass2,,fallback_nested,no_entry
https://github.com/shitian-taiger/relational-extraction,ok,True,6,0,1,main.py,7,55,3,0,0,True,model_implementation\data_utils.py:61 pd.read_csv [matched pd.read_csv],True,model_implementation\model\utils.py:149 spacy.load [matched spacy.load],True,model_implementation\model\model.py:0 class REModel [matched <class subclasses model base>],True,main.py:87 trainer.train [matched trainer.train],True,model_implementation\trainer.py:255 sklearn.metrics.precision_recall_fscore_support [matched precision_recall_fscore_support],True,main.py:90 trainer.predict [matched trainer.predict],verified: all 6 stages present,_archive,,fallback_root,
https://github.com/cutright/DVH-Analytics,ok,True,6,0,1,dvha\main.py,42,1732,3,0,0,True,dvha/db/sql_connector.py:65 sqlite3.connect [matched sqlite3.connect],True,dvha/models/machine_learning.py:1344 sklearn.model_selection.train_test_split [matched train_test_split],True,dvha/tools/stats.py:752 sklearn.linear_model.LinearRegression [matched LinearRegression],True,dvha/models/machine_learning.py:1363 self.model.fit [matched model.fit],True,dvha/models/plot.py:3165 sklearn.metrics.mean_squared_error [matched mean_squared_error],True,dvha/models/machine_learning.py:1372 self.model.predict [matched model.predict],verified: all 6 stages present,pass2,,fallback_nested,no_dockerfile
https://github.com/jakobzmrzlikar/DataBench,ok,True,6,0,1,main.py,4,9,1,0,0,True,main.py:12 csv.reader [matched csv.reader],True,meta_model.py:61 sklearn.model_selection.StratifiedKFold [matched StratifiedKFold],True,core.py:16 keras.layers.Dense [matched layers.Dense],True,core.py:52 model.fit [matched model.fit],True,core.py:82 model.evaluate [matched model.evaluate],True,meta_model.py:42 model.predict [matched model.predict],verified: all 6 stages present,_archive,,fallback_root,
https://github.com/BUPT-GAMMA/OpenHINE,ok,True,6,0,1,train.py,18,297,2,0,0,True,src\model\Metapath2vec.py:250 torch.utils.data.DataLoader [matched DataLoader],True,src\model\Metapath2vec.py:233 sklearn.model_selection.train_test_split [matched train_test_split],True,src\model\RHINE.py:0 class Model [matched <class subclasses model base>],True,src\model\RHINE.py:459 self.optimizer.zero_grad [matched optimizer.zero_grad],True,src\model\Metapath2vec.py:223 sklearn.metrics.normalized_mutual_info_score [matched normalized_mutual_info_score],True,src\model\DHNE.py:186 self.model.predict [matched model.predict],verified: all 6 stages present,_archive,,fallback_root,
https://github.com/dwidemann/self_supervision_for_transfer_learning,ok,True,6,1,1,train.py,17,86,3,0,1,True,data_loader\data_loaders.py:22 torchvision.datasets.MNIST [matched torchvision.datasets.*],True,data_loader\data_loaders.py:17 torchvision.transforms.Compose [matched torchvision.transforms.*],True,model\model.py:0 class BasicBlock [matched <class subclasses model base>],True,train.py:39 trainer.train [matched trainer.train],True,trainer\trainer.py:30 self.writer.add_scalar [matched writer.add_scalar],True,model\metric.py:5 torch.no_grad [matched torch.no_grad],verified: all 6 stages present,_archive,,dockerfile?,
https://github.com/jtbricker/aidp,ok,True,6,0,1,main.py,9,54,4,0,0,True,aidp\data\reader.py:29 pd.read_excel [matched pd.read_excel],True,aidp\ml\predictors.py:74 imblearn.pipeline.Pipeline [matched Pipeline],True,aidp\ml\predictors.py:76 sklearn.svm.SVC [matched SVC],True,aidp\ml\helpers.py:284 sklearn.model_selection.GridSearchCV [matched GridSearchCV],True,aidp\ml\helpers.py:23 sklearn.metrics.confusion_matrix [matched confusion_matrix],True,aidp\ml\helpers.py:189 model.predict [matched model.predict],verified: all 6 stages present,_archive,,fallback_root,
https://github.com/namisan/mt-dnn,ok,True,6,1,1,train.py,33,375,4,0,1,True,train.py:474 torch.utils.data.DataLoader [matched DataLoader],True,mt_dnn\batcher.py:372 transformers.AutoTokenizer.from_pretrained [matched AutoTokenizer.from_pretrained],True,module\san_model.py:0 class SanLayer [matched <class subclasses model base>],True,train.py:668 tensorboardX.SummaryWriter [matched SummaryWriter],True,data_utils\metrics.py:16 sklearn.metrics.accuracy_score [matched accuracy_score],True,train.py:279 torch.no_grad [matched torch.no_grad],verified: all 6 stages present,_archive,,dockerfile?,
https://github.com/domi385/Histo,ok,True,6,0,1,histo\main.py,11,119,3,0,0,True,histo/dataset.py:92 h5py.File [matched h5py.File],True,histo/dataset.py:14 torchvision.transforms.Compose [matched torchvision.transforms.*],True,histo/models.py:28 nn.Linear [matched nn.Linear],True,histo/train.py:132 loss.backward [matched loss.backward],True,histo/experiments/base_experiment.py:153 sklearn.metrics.roc_auc_score [matched roc_auc_score],True,histo/train.py:108 model.eval [matched model.eval],verified: all 6 stages present,pass2,,fallback_nested,no_dockerfile
https://github.com/pywash/pywash,ok,True,6,0,1,app.py,18,109,5,0,0,True,src\BandC\CSVParser.py:57 pd.read_csv [matched pd.read_csv],True,app.py:365 df.replace [matched df.replace],True,src\BandB\MissingValues.py:193 sklearn.naive_bayes.GaussianNB [matched GaussianNB],True,src\BandA\OutlierDetector.py:103 clf.fit [matched clf.fit],True,src\BandB\MissingValues.py:200 sklearn.model_selection.cross_val_score [matched cross_val_score],True,src\BandA\OutlierDetector.py:104 clf.predict [matched clf.predict],verified: all 6 stages present,_archive,,fallback_root,
https://github.com/szymanskir/SpeechCommands-RNN,ok,True,6,0,1,main.py,10,33,3,0,0,True,rnnhearer\data_manipulation.py:25 scipy.io.wavfile.read [matched scipy.io.wavfile.read],True,rnnhearer\data_manipulation.py:20 sklearn.preprocessing.LabelEncoder [matched LabelEncoder],True,rnnhearer\networks\sample_rnn.py:8 keras.layers.CuDNNLSTM [matched keras.layers.*],True,rnnhearer\api.py:74 model.fit_generator [matched model.fit_generator],True,rnnhearer\visualization.py:70 sklearn.metrics.roc_curve [matched roc_curve],True,rnnhearer\api.py:134 history.model.predict [matched model.predict],verified: all 6 stages present,_archive,,fallback_root,
https://github.com/tjcubing/TJCubing,ok,True,6,0,1,app.py,5,132,2,0,0,True,cube.py:95 requests.get [matched requests.get],True,cube.py:710 pd.to_datetime [matched pd.to_datetime],True,cube.py:398 sklearn.linear_model.LinearRegression [matched LinearRegression],True,cube.py:399 regr.fit [matched regr.fit],True,cube.py:404 sklearn.metrics.r2_score [matched r2_score],True,app.py:32 flask.Flask [matched Flask],verified: all 6 stages present,_archive,,fallback_root,
https://github.com/yurilq/rasa01,ok,True,6,1,1,rasa\__main__.py,96,1499,6,0,5,True,rasa/utils/io.py:128 json.load [matched json.load],True,rasa/nlu/test.py:772 sklearn.model_selection.StratifiedKFold [matched StratifiedKFold],True,rasa/core/policies/keras_policy.py:128 tf.keras.layers.Masking [matched tf.keras.layers.*],True,rasa/nlu/train.py:91 trainer.train [matched trainer.train],True,rasa/test.py:139 rasa.nlu.test.cross_validate [matched cross_validate],True,rasa/core/policies/keras_policy.py:255 self.model.predict [matched model.predict],verified: all 6 stages present,pass2,,fallback_nested,no_entry
https://github.com/TrueWarg/hrmlp,ok,True,6,0,1,main.py,24,69,3,0,0,True,mlmethods\training.py:48 pd.read_csv [matched pd.read_csv],True,mlmethods\training.py:13 sklearn.model_selection.train_test_split [matched train_test_split],True,prediction\predictortors.py:30 xgb.DMatrix [matched xgb.DMatrix],True,mlmethods\decisiontrees.py:23 sklearn.model_selection.GridSearchCV [matched GridSearchCV],True,mlmethods\training.py:28 sklearn.metrics.precision_score [matched precision_score],True,main.py:19 flask.Flask [matched Flask],verified: all 6 stages present,_archive,,fallback_root,
https://github.com/KevinMenden/scaden,ok,True,6,1,1,scaden\__main__.py,13,38,3,0,0,True,scaden/simulation/bulk_simulator.py:104 self.load_dataset [matched load_dataset],True,scaden/model/functions.py:39 sklearn.preprocessing.MinMaxScaler [matched MinMaxScaler],True,scaden/model/scaden.py:62 tf.keras.Sequential [matched keras.Sequential],True,scaden/model/scaden.py:315 tf.GradientTape [matched tf.GradientTape],True,scaden/model/scaden.py:127 tf.compat.v1.metrics.root_mean_squared_error [matched root_mean_squared_error],True,scaden/model/scaden.py:355 self.model.predict [matched model.predict],verified: all 6 stages present,pass2,,fallback_nested,no_entry
https://github.com/kohjingyu/lasagna,ok,True,6,0,1,train.py,5,37,1,0,0,True,train.py:97 np.load [matched np.load],True,train.py:108 torchvision.transforms.Compose [matched torchvision.transforms.*],True,train.py:151 nn.Linear [matched nn.Linear],True,train.py:194 scheduler.step [matched scheduler.step],True,train.py:208 sklearn.metrics.f1_score [matched f1_score],True,train.py:240 torch.no_grad [matched torch.no_grad],verified: all 6 stages present,_archive,,fallback_root,
https://github.com/thomaskuestner/CNNArt,ok,True,6,0,1,main.py,22,92,2,0,2,True,main.py:80 scipy.io.loadmat [matched scipy.io.loadmat],True,utils\Training_Test_Split.py:91 sklearn.model_selection.KFold [matched KFold],True,networks\multiscale\MSnetworks.py:63 keras.layers.Input [matched keras.layers.*],True,networks\multiscale\runMS.py:102 model.fit [matched model.fit],True,networks\multiscale\runMS.py:110 model.evaluate [matched model.evaluate],True,networks\multiscale\runMS.py:112 model.predict [matched model.predict],verified: all 6 stages present,_archive,,fallback_root,
https://github.com/danhlee/squads,ok,True,6,0,1,app.py,5,31,2,0,0,True,app.py:102 requests.get [matched requests.get],True,train.py:139 sklearn.model_selection.train_test_split [matched train_test_split],True,train.py:146 sklearn.ensemble.RandomForestClassifier [matched RandomForestClassifier],True,train.py:206 model.fit [matched model.fit],True,train.py:228 sklearn.metrics.confusion_matrix [matched confusion_matrix],True,app.py:12 flask.Flask [matched Flask],verified: all 6 stages present,_archive,,fallback_root,
https://github.com/ArronHZG/cancer2.0,ok,True,6,0,1,main.py,8,69,2,0,0,True,main.py:29 pd.read_csv [matched pd.read_csv],True,main.py:35 sklearn.model_selection.train_test_split [matched train_test_split],True,models\densenet.py:0 class DenseNet [matched <class subclasses model base>],True,trainer.py:21 tensorboardX.SummaryWriter [matched SummaryWriter],True,trainer.py:107 writer.add_scalar [matched writer.add_scalar],True,trainer.py:121 model.eval [matched model.eval],verified: all 6 stages present,_archive,,fallback_root,
https://github.com/esteinig/achilles,ok,True,6,1,1,achilles\terminal\client.py,28,127,4,0,0,True,achilles/terminal/utils.py:111 json.load [matched json.load],True,achilles/dataset.py:347 sklearn.model_selection.train_test_split [matched train_test_split],True,achilles/model.py:45 keras.layers.Input [matched keras.layers.*],True,achilles/model.py:186 self.model.fit [matched model.fit],True,achilles/experiment.py:362 sklearn.metrics.confusion_matrix [matched confusion_matrix],True,achilles/model.py:250 self.model.predict [matched model.predict],verified: all 6 stages present,pass2,,fallback_console_script,no_entry
https://github.com/felixSchober/ABSA-Transformer,ok,True,6,1,1,main.py,42,322,4,0,0,True,misc\preferences.py:16 json.load [matched json.load],True,data\germeval2017.py:61 torchtext.data.Pipeline [matched Pipeline],True,data\data_loader.py:21 nn.Embedding [matched nn.Embedding],True,misc\experimental_environment.py:176 trainer.train [matched trainer.train],True,trainer\train_evaluator_conll.py:104 sklearn.metrics.confusion_matrix [matched confusion_matrix],True,trainer\train.py:486 self.model.predict [matched model.predict],verified: all 6 stages present,_archive,,dockerfile?,
https://github.com/rcdilorenzo/abfs,ok,True,6,1,1,abfs\__main__.py,19,113,4,0,0,True,abfs/cli.py:73 boto3.resource [matched boto3.resource],True,abfs/data.py:65 self.df.groupby [matched df.groupby],True,abfs/keras/u_net.py:172 Model [matched Model],True,abfs/keras/u_net.py:51 self.model.fit_generator [matched model.fit_generator],True,abfs/keras/metrics.py:20 fbeta_score [matched fbeta_score],True,abfs/keras/u_net.py:196 self.model.predict [matched model.predict],verified: all 6 stages present,pass2,,fallback_nested,no_entry
https://github.com/yusuke0519/constrastive_predictive_coding,ok,True,6,0,1,main.py,6,43,2,0,0,True,main.py:28 torch.utils.data.DataLoader [matched DataLoader],True,datasets.py:113 sklearn.preprocessing.StandardScaler [matched StandardScaler],True,opportunity.py:0 class Flatten [matched <class subclasses model base>],True,main.py:128 optimizer.zero_grad [matched optimizer.zero_grad],True,label_predict.py:112 sklearn.metrics.accuracy_score [matched accuracy_score],True,main.py:26 model.eval [matched model.eval],verified: all 6 stages present,_archive,,fallback_root,
https://github.com/amirrassafi/PFSBS,ok,True,6,0,1,main.py,7,35,2,0,0,True,dataset.py:24 load_dataset [matched load_dataset],True,main.py:47 sklearn.model_selection.train_test_split [matched train_test_split],True,accuracy.py:23 sklearn.tree.DecisionTreeClassifier [matched DecisionTreeClassifier],True,accuracy.py:24 clf.fit [matched clf.fit],True,accuracy.py:26 sklearn.metrics.accuracy_score [matched accuracy_score],True,accuracy.py:25 clf.predict [matched clf.predict],verified: all 6 stages present,_archive,,fallback_root,
https://github.com/national-basketball-association/NPS,ok,True,6,0,1,main.py,7,53,1,0,0,True,csv_cleaner.py:17 pd.read_csv [matched pd.read_csv],True,gameOutcomePredictor.py:147 sklearn.preprocessing.LabelEncoder [matched LabelEncoder],True,gameOutcomePredictor.py:177 sklearn.tree.DecisionTreeClassifier [matched DecisionTreeClassifier],True,teamStatsPredictor.py:1580 clf.fit [matched clf.fit],True,gameOutcomePredictor.py:194 sklearn.model_selection.cross_val_score [matched cross_val_score],True,gameOutcomePredictor.py:236 model.predict [matched model.predict],verified: all 6 stages present,_archive,,fallback_root,
https://github.com/LokiLuciferase/phenotrex,ok,True,6,1,1,phenotrex\cli\main.py,31,117,6,0,0,True,phenotrex/io/flat.py:22 gzip.open [matched gzip.open],True,phenotrex/ml/prediction.py:82 pd.concat [matched pd.concat],True,phenotrex/ml/clf/svm.py:55 sklearn.svm.LinearSVC [matched LinearSVC],True,phenotrex/ml/trex_classifier.py:201 sklearn.model_selection.RandomizedSearchCV [matched RandomizedSearchCV],True,phenotrex/ml/trex_classifier.py:28 sklearn.metrics.recall_score [matched recall_score],True,phenotrex/ml/prediction.py:90 model.predict [matched model.predict],verified: all 6 stages present,pass2,,fallback_console_script,no_entry
https://github.com/ludwig-ai/ludwig,ok,True,6,5,1,ludwig\train.py,260,3401,7,0,3,True,ludwig/api.py:1182 ludwig.utils.data_utils.load_dataset [matched load_dataset],True,ludwig/api.py:1269 pd.concat [matched pd.concat],True,ludwig/utils/llm_utils.py:101 transformers.AutoModelForVision2Seq.from_pretrained [matched AutoModelForVision2Seq.from_pretrained],True,ludwig/api.py:510 trainer.train [matched trainer.train],True,ludwig/features/anomaly_feature.py:357 sklearn.metrics.roc_auc_score [matched roc_auc_score],True,ludwig/api.py:888 torch.no_grad [matched torch.no_grad],verified: all 6 stages present,pass2,,fallback_nested,no_entry
https://github.com/TsunndokuSeniorProject/back-end,ok,True,6,0,1,app.py,8,42,2,0,0,True,app.py:31 pymongo.MongoClient [matched pymongo.MongoClient],True,model\lstm.py:31 keras.preprocessing.text.Tokenizer [matched Tokenizer],True,model\lstm.py:169 keras.layers.Embedding [matched layers.Embedding],True,model\lstm.py:108 self.model.fit [matched model.fit],True,model\lstm.py:201 self.model.evaluate [matched model.evaluate],True,app.py:27 flask.Flask [matched Flask],verified: all 6 stages present,_archive,,fallback_root,
https://github.com/nshaud/DeepHyperX,ok,True,6,1,1,main.py,5,80,2,0,0,True,main.py:379 torch.utils.data.DataLoader [matched DataLoader],True,main.py:346 sklearn.model_selection.preprocessing.StandardScaler [matched StandardScaler],True,main.py:326 sklearn.model_selection.svm.SVC [matched SVC],True,main.py:327 sklearn.model_selection.model_selection.GridSearchCV [matched GridSearchCV],True,utils.py:353 sklearn.metrics.confusion_matrix [matched confusion_matrix],True,main.py:332 clf.predict [matched clf.predict],verified: all 6 stages present,_archive,,dockerfile?,
https://github.com/MartinXPN/word2morph,ok,True,6,0,1,word2morph\train.py,19,98,3,0,0,True,word2morph/training/gym.py:48 word2morph.data.loaders.DataLoader [matched DataLoader],True,word2morph/util/metrics.py:14 sklearn.preprocessing.LabelBinarizer [matched LabelBinarizer],True,word2morph/models/cnn.py:0 class CNNModel [matched <class subclasses model base>],True,word2morph/training/gym.py:131 self.model.fit_generator [matched model.fit_generator],True,word2morph/util/metrics.py:18 sklearn.metrics.roc_auc_score [matched roc_auc_score],True,word2morph/util/metrics.py:77 self.model.predict [matched model.predict],verified: all 6 stages present,pass2,,fallback_nested,no_dockerfile
https://github.com/senakicir/ntds_project,ok,True,6,0,1,main.py,13,152,2,0,0,True,dataloader.py:16 pd.read_csv [matched pd.read_csv],True,utils.py:14 sklearn.decomposition.PCA [matched PCA],True,models.py:0 class GraphConvolution [matched <class subclasses model base>],True,models.py:145 self.trainer.train [matched trainer.train],True,models.py:156 self.trainer.test [matched trainer.test],True,models.py:225 self.trainer.test [matched trainer.test],verified: all 6 stages present,_archive,,fallback_root,
https://github.com/Merck/deepbgc,ok,True,6,0,1,deepbgc\main.py,31,196,3,0,0,True,deepbgc/util.py:425 urllib.request.urlretrieve [matched urllib.request.urlretrieve],True,deepbgc/util.py:557 pd.concat [matched pd.concat],True,deepbgc/models/wrapper.py:0 class SequenceModelWrapper [matched <class subclasses model base>],True,deepbgc/models/wrapper.py:69 self.model.fit [matched model.fit],True,deepbgc/output/evaluation/pr_plot.py:29 sklearn.metrics.precision_recall_curve [matched precision_recall_curve],True,deepbgc/pipeline/detector.py:63 self.model.predict [matched model.predict],verified: all 6 stages present,pass2,,fallback_nested,no_dockerfile
https://github.com/victorkifer/ecg-af-detection-physionet-2017,ok,True,6,0,1,main.py,12,47,2,0,0,True,main.py:32 np.load [matched np.load],True,main.py:80 sklearn.model_selection.train_test_split [matched train_test_split],True,models\dt.py:15 sklearn.ensemble.RandomForestClassifier [matched RandomForestClassifier],True,main.py:84 model.fit [matched model.fit],True,main.py:85 model.evaluate [matched model.evaluate],True,main.py:100 clf.predict [matched clf.predict],verified: all 6 stages present,_archive,,fallback_root,
https://github.com/asalomatov/variants,ok,True,6,0,1,variants\train.py,2,24,1,0,0,True,variants/train.py:343 pd.read_csv [matched pd.read_csv],True,variants/train.py:132 df.apply [matched df.apply],True,variants/train.py:760 sklearn.ensemble.GradientBoostingClassifier [matched GradientBoostingClassifier],True,variants/train.py:502 self.model.fit [matched model.fit],True,variants/train.py:589 sklearn.metrics.confusion_matrix [matched confusion_matrix],True,variants/train.py:576 self.model.predict_proba [matched model.predict_proba],verified: all 6 stages present,pass2,,fallback_nested,no_dockerfile
https://github.com/pchampio/sentence-entailment,ok,True,6,0,1,train.py,7,32,1,0,0,True,train.py:48 pd.read_csv [matched pd.read_csv],True,module\data.py:83 df.apply [matched df.apply],True,module\models.py:0 class RNNClassifierBase [matched <class subclasses model base>],True,train.py:41 tensorboardX.SummaryWriter [matched SummaryWriter],True,train.py:182 writer.add_scalar [matched writer.add_scalar],True,module\evaluate.py:62 model.eval [matched model.eval],verified: all 6 stages present,_archive,,fallback_root,
https://github.com/newsgac/platform,ok,True,6,3,1,newsgac\app.py,67,217,5,0,0,True,newsgac/data_sources/parsers/csv.py:12 pd.read_csv [matched pd.read_csv],True,newsgac/pipelines/views.py:131 newsgac.pipelines.models.Pipeline [matched Pipeline],True,newsgac/learners/models/nb.py:17 sklearn.naive_bayes.MultinomialNB [matched MultinomialNB],True,newsgac/pipelines/grid_search.py:108 sklearn.model_selection.GridSearchCV [matched GridSearchCV],True,newsgac/pipelines/models.py:47 sklearn.metrics.confusion_matrix [matched confusion_matrix],True,newsgac/app.py:25 flask.Flask [matched Flask],verified: all 6 stages present,pass2,,fallback_nested,no_entry
https://github.com/penguinarmy94/AirSafe,ok,True,6,0,1,AirQualityApp\train.py,1,3,0,0,0,True,AirQualityApp/train.py:23 pd.read_csv [matched pd.read_csv],True,AirQualityApp/train.py:34 sklearn.model_selection.train_test_split [matched train_test_split],True,AirQualityApp/train.py:36 sklearn.ensemble.RandomForestRegressor [matched RandomForestRegressor],True,AirQualityApp/train.py:38 model.fit [matched model.fit],True,AirQualityApp/train.py:44 sklearn.metrics.mean_squared_error [matched mean_squared_error],True,AirQualityApp/train.py:40 model.predict [matched model.predict],verified: all 6 stages present,pass2,,fallback_nested,no_dockerfile
https://github.com/samarthbhargav/hackathon4good,ok,True,6,0,1,run.py,7,46,2,0,0,True,data.py:49 geopandas.read_file [matched geopandas.read_file],True,siamese_network.py:96 torchvision.transforms.Compose [matched torchvision.transforms.*],True,siamese_network.py:0 class SiameseNet [matched <class subclasses model base>],True,trainer.py:92 self.optimizer.zero_grad [matched optimizer.zero_grad],True,trainer.py:113 rolling_eval.f1_score [matched f1_score],True,trainer.py:77 self.model.eval [matched model.eval],verified: all 6 stages present,_archive,,fallback_root,
https://github.com/DeepLabCut/DeepLabCut,ok,True,6,1,1,deeplabcut\__main__.py,296,2282,10,0,6,True,deeplabcut/generate_training_dataset/metadata.py:84 pickle.load [matched pickle.load],True,deeplabcut/generate_training_dataset/trainingsetmanipulation.py:520 pd.concat [matched pd.concat],True,deeplabcut/refine_training_dataset/outlier_frames.py:528 sm.tsa.statespace.SARIMAX [matched SARIMAX],True,deeplabcut/pose_estimation_pytorch/runners/logger.py:307 wandb.init [matched wandb.init],True,deeplabcut/pose_estimation_pytorch/apis/evaluation.py:199 deeplabcut.core.metrics.compute_metrics [matched compute_metrics],True,deeplabcut/pose_estimation_pytorch/runners/inference.py:57 torch.no_grad [matched torch.no_grad],verified: all 6 stages present,pass2,,fallback_nested,no_entry
https://github.com/AlexDel/levheimcube,ok,True,6,1,1,main.py,2,10,1,0,0,True,projects\regression\regression_lightning.py:26 pd.read_csv [matched pd.read_csv],True,main.py:15 transformers.AutoTokenizer.from_pretrained [matched AutoTokenizer.from_pretrained],True,projects\regression\regression_lightning.py:0 class RegressionBert [matched <class subclasses model base>],True,projects\regression\regression_lightning.py:71 def configure_optimizers [matched <lightning hook configure_optimizers>],True,projects\regression\regression_lightning.py:83 def validation_step [matched <lightning hook validation_step>],True,main.py:26 fastapi.FastAPI [matched FastAPI],verified: all 6 stages present,_archive,,dockerfile?,
https://github.com/kairosart/factors,ok,True,6,0,1,main.py,9,75,2,0,0,True,forecastPrice.py:163 pickle.load [matched pickle.load],True,forecastPrice.py:57 sklearn.preprocessing.MinMaxScaler [matched MinMaxScaler],True,forecastPrice.py:328 statsmodels.tsa.arima_model.ARIMA [matched ARIMA],True,forecastPrice.py:83 model.fit [matched model.fit],True,forecastPrice.py:91 sklearn.model_selection.cross_val_score [matched cross_val_score],True,main.py:26 flask.Flask [matched Flask],verified: all 6 stages present,_archive,,fallback_root,
https://github.com/garyblocks/scientist,ok,True,6,0,1,app.py,21,205,2,0,0,True,app.py:138 pd.read_csv [matched pd.read_csv],True,pages\preprocess.py:155 sklearn.preprocessing.LabelEncoder [matched LabelEncoder],True,pages\clustering\kmeans.py:95 sklearn.cluster.MiniBatchKMeans [matched MiniBatchKMeans],True,pages\clustering\kmeans.py:99 model.fit [matched model.fit],True,pages\classification\biclass.py:159 sklearn.model_selection.cross_val_predict [matched cross_val_predict],True,pages\classification\biclass.py:161 self.model.predict [matched model.predict],verified: all 6 stages present,_archive,,fallback_root,
https://github.com/jvs/autom8,ok,True,6,0,1,autom8\main.py,17,209,2,0,0,True,autom8/formats.py:29 csv.reader [matched csv.reader],True,autom8/context.py:111 categories.LabelEncoder [matched LabelEncoder],True,autom8/main.py:145 lgb.LGBMRegressor [matched LGBMRegressor],True,autom8/context.py:244 estimator.fit [matched estimator.fit],True,autom8/candidate.py:115 sklearn.metrics.metrics.confusion_matrix [matched confusion_matrix],True,autom8/pipeline.py:64 self.estimator.predict [matched estimator.predict],verified: all 6 stages present,pass2,,fallback_nested,no_dockerfile
https://github.com/plstcharles/thelper,ok,True,6,1,1,thelper\__main__.py,58,673,4,0,0,True,thelper\cli.py:189 thelper.data.DataLoader [matched DataLoader],True,thelper\draw.py:679 np.nan_to_num [matched np.nan_to_num],True,thelper\nn\common.py:0 class DenseBlock [matched <class subclasses model base>],True,thelper\cli.py:54 trainer.train [matched trainer.train],True,thelper\optim\metrics.py:861 sklearn.metrics.metrics.roc_curve [matched roc_curve],True,thelper\cli.py:481 torch.jit.trace [matched torch.jit.trace],verified: all 6 stages present,_archive,,dockerfile?,
https://github.com/NLPatVCU/medaCy,ok,True,6,0,1,medacy\__main__.py,46,207,4,0,2,True,medacy/__main__.py:31 json.load [matched json.load],True,medacy/__main__.py:48 Pipeline [matched Pipeline],True,medacy/__main__.py:59 medacy.model.model.Model [matched Model],True,medacy/__main__.py:73 model.fit [matched model.fit],True,medacy/__main__.py:101 model.cross_validate [matched cross_validate],True,medacy/__main__.py:88 model.predict [matched model.predict],verified: all 6 stages present,pass2,,fallback_nested,no_dockerfile
https://github.com/danmar3/hate-detector,ok,True,6,0,1,nlp516\main.py,11,121,3,0,0,True,nlp516/lstm/character_lstm.py:78 pickle.load [matched pickle.load],True,nlp516/main.py:43 nlp516.lstm.word2vec_lstm.data.Tokenizer [matched Tokenizer],True,nlp516/main.py:150 sklearn.ensemble.linear_model.LogisticRegression [matched LogisticRegression],True,nlp516/main.py:93 model.fit [matched model.fit],True,nlp516/main.py:96 model.precision_score [matched precision_score],True,nlp516/lstm/word2vec_lstm.py:143 self.estimator.predict [matched estimator.predict],verified: all 6 stages present,pass2,,fallback_nested,no_dockerfile
https://github.com/KDD-OpenSource/DeepADoTS,ok,True,6,1,1,main.py,22,194,3,0,0,True,src\evaluation\evaluator.py:79 pickle.load [matched pickle.load],True,src\evaluation\evaluator.py:293 pivot [matched .pivot],True,src\algorithms\dagmm.py:0 class DAGMMModule [matched <class subclasses model base>],True,src\algorithms\dagmm.py:65 self.optimizer.step [matched optimizer.step],True,src\evaluation\evaluator.py:95 sklearn.metrics.accuracy_score [matched accuracy_score],True,src\algorithms\lstm_ad.py:43 self.model.eval [matched model.eval],verified: all 6 stages present,_archive,,dockerfile?,
https://github.com/rmill040/citrees,ok,True,6,1,1,paper\benchmark\api\worker.py,32,624,5,0,0,True,paper/benchmark/adapters/store.py:97 boto3.client [matched boto3.client],True,paper/benchmark/pipeline/validation.py:576 pd.to_numeric [matched pd.to_numeric],True,paper/benchmark/pipeline/stage2.py:79 sklearn.linear_model.LogisticRegression [matched LogisticRegression],True,paper/benchmark/pipeline/stage1.py:281 model.fit [matched model.fit],True,paper/benchmark/pipeline/stage2.py:128 sklearn.metrics.roc_auc_score [matched roc_auc_score],True,paper/benchmark/pipeline/stage2.py:250 model.predict [matched model.predict],verified: all 6 stages present,pass2,,dockerfile,no_entry
https://github.com/gvo34/energy-solar,ok,True,6,0,1,app.py,1,13,0,0,0,True,app.py:26 pd.read_csv [matched pd.read_csv],True,app.py:46 pd.to_datetime [matched pd.to_datetime],True,app.py:184 sklearn.linear_model.LinearRegression [matched LinearRegression],True,app.py:109 model.fit [matched model.fit],True,app.py:116 sklearn.metrics.mean_squared_error [matched mean_squared_error],True,app.py:19 flask.Flask [matched Flask],verified: all 6 stages present,scans,,fallback_root,
https://github.com/piccolbo/rightload,ok,True,6,0,1,app.py,9,75,3,0,0,True,ml.py:150 json.load [matched json.load],True,ml.py:186 sklearn.model_selection.StratifiedKFold [matched StratifiedKFold],True,ml.py:39 sklearn.neural_network.MLPClassifier [matched MLPClassifier],True,ml.py:178 model.fit [matched model.fit],True,ml.py:185 sklearn.model_selection.cross_val_score [matched cross_val_score],True,app.py:30 flask.Flask [matched Flask],verified: all 6 stages present,scans,,fallback_root,
https://github.com/minerva-ml/open-solution-toxic-comments,ok,True,6,0,1,main.py,15,281,3,0,0,True,main.py:284 pd.read_csv [matched pd.read_csv],True,main.py:175 sklearn.model_selection.StratifiedKFold [matched StratifiedKFold],True,models.py:156 keras.layers.Input [matched keras.layers.*],True,models.py:57 self.model.fit [matched model.fit],True,utils.py:117 sklearn.metrics.log_loss [matched log_loss],True,models.py:65 self.model.predict [matched model.predict],verified: all 6 stages present,scans,,fallback_root,
https://github.com/ziweiwu/ML-RNA-Microarray,ok,True,6,1,1,main.py,5,8,2,0,0,True,data_exploration.py:11 pd.read_csv [matched pd.read_csv],True,data_exploration.py:33 sklearn.preprocessing.LabelEncoder [matched LabelEncoder],True,model_training.py:33 sklearn.linear_model.LogisticRegression [matched LogisticRegression],True,model_training.py:45 model.fit [matched model.fit],True,model_training.py:48 sklearn.metrics.recall_score [matched recall_score],True,model_training.py:48 model.predict [matched model.predict],verified: all 6 stages present,scans,,dockerfile?,
https://github.com/emanjavacas/pie,ok,True,6,0,1,pie\scripts\group.py,32,273,5,0,0,True,pie/utils.py:200 gzip.open [matched gzip.open],True,pie/data/dataset.py:313 LabelEncoder [matched LabelEncoder],True,pie/models/base_model.py:0 class BaseModel [matched <class subclasses model base>],True,pie/trainer.py:158 self.lr_scheduler.step [matched lr_scheduler.step],True,pie/scripts/evaluate.py:57 model.evaluate [matched model.evaluate],True,pie/scripts/train.py:158 model.eval [matched model.eval],verified: all 6 stages present,pass2,,fallback_console_script,no_dockerfile
https://github.com/paubellot/DL-Biobank,ok,True,6,0,1,main.py,5,25,2,0,0,True,GA/utils/hck_data.py:97 pd.read_csv [matched pd.read_csv],True,main.py:47 sklearn.model_selection.train_test_split [matched train_test_split],True,main.py:181 keras.layers.Dense [matched layers.Dense],True,GA/evolve_cnn/train.py:145 model.fit [matched model.fit],True,GA/evolve_cnn/train.py:152 model.evaluate [matched model.evaluate],True,GA/evolve_cnn/train.py:156 model.predict [matched model.predict],verified: all 6 stages present,scans,,fallback_root,
https://github.com/marl/l3embedding,ok,True,6,0,1,classifier\train.py,16,95,3,0,0,True,data/usc/features.py:22 soundfile.read [matched soundfile.read],True,classifier/train.py:302 sklearn.preprocessing.OneHotEncoder [matched OneHotEncoder],True,classifier/train.py:121 sklearn.svm.SVC [matched SVC],True,classifier/train.py:126 clf.fit [matched clf.fit],True,classifier/train.py:135 classifier.metrics.compute_metrics [matched compute_metrics],True,classifier/train.py:131 clf.predict [matched clf.predict],verified: all 6 stages present,pass2,,fallback_nested,no_dockerfile
https://github.com/e2crawfo/dps,ok,True,6,0,1,dps\train.py,15,633,4,0,1,True,dps/train.py:980 pd.read_csv [matched pd.read_csv],True,dps/train.py:984 pd.concat [matched pd.concat],True,dps/utils/pytorch.py:0 class ParameterizedModule [matched <class subclasses model base>],True,dps/pytorch/train.py:36 torch.utils.tensorboard.SummaryWriter [matched tensorboard.SummaryWriter],True,dps/pytorch/train.py:379 self.model.evaluate [matched model.evaluate],True,dps/pytorch/train.py:396 self.model.eval [matched model.eval],verified: all 6 stages present,pass2,,fallback_nested,no_dockerfile
https://github.com/rschweiz1/frontier,ok,True,6,0,1,main.py,4,6,2,0,0,True,frontier/strategies/formulas.py:33 pd.read_csv [matched pd.read_csv],True,main.py:19 sklearn.preprocessing.MinMaxScaler [matched MinMaxScaler],True,frontier/models/tfmodels.py:14 tf.keras.layers.LSTM [matched tf.keras.layers.*],True,frontier/models/tfmodels.py:21 self.model.fit [matched model.fit],True,main.py:66 sklearn.metrics.mean_squared_error [matched mean_squared_error],True,frontier/models/tfmodels.py:29 self.model.predict [matched model.predict],verified: all 6 stages present,scans,,fallback_root,
https://github.com/minerva-ml/open-solution-data-science-bowl-2018,ok,True,6,0,1,main.py,21,317,5,0,0,True,src/pipeline_manager.py:88 pd.read_csv [matched pd.read_csv],True,src/preparation.py:24 sklearn.model_selection.train_test_split [matched train_test_split],True,src/preparation.py:210 nn.Sequential [matched nn.Sequential],True,src/steppy/pytorch/callbacks.py:231 self.lr_scheduler.step [matched lr_scheduler.step],True,src/steppy/pytorch/validation.py:91 sklearn.metrics.accuracy_score [matched accuracy_score],True,src/preparation.py:209 model.eval [matched model.eval],verified: all 6 stages present,scans,,fallback_root,
https://github.com/ScottfreeLLC/AlphaPy,ok,True,6,0,1,alphapy\__main__.py,13,116,3,0,3,True,alphapy/data.py:429 requests.get [matched requests.get],True,alphapy/__main__.py:145 sklearn.model_selection.train_test_split [matched train_test_split],True,alphapy/__main__.py:503 alphapy.model.Model [matched Model],True,alphapy/model.py:977 clf.fit [matched clf.fit],True,alphapy/model.py:690 sklearn.model_selection.cross_val_score [matched cross_val_score],True,alphapy/model.py:979 clf.predict [matched clf.predict],verified: all 6 stages present,pass2,,fallback_nested,no_dockerfile
https://github.com/sdpython/mlprodict,ok,True,6,0,1,mlprodict\__main__.py,296,2064,9,0,3,True,mlprodict/cli/validate.py:116 pd.read_csv [matched pd.read_csv],True,mlprodict/cli/validate.py:120 pd.concat [matched pd.concat],True,mlprodict/onnxrt/validate/validate_scenarios.py:76 sklearn.linear_model.LogisticRegression [matched LogisticRegression],True,mlprodict/asv_benchmark/common_asv_skl.py:178 model.fit [matched model.fit],True,mlprodict/asv_benchmark/common_asv_skl.py:263 sklearn.metrics.accuracy_score [matched accuracy_score],True,mlprodict/cli/optimize.py:32 onnx.load [matched onnx.load],verified: all 6 stages present,pass2,,fallback_nested,no_dockerfile
https://github.com/Caparrini/pyGenreClf,ok,True,6,0,1,main.py,5,59,2,0,0,True,featuresExtraction.py:20 scipy.io.wavfile.read [matched scipy.io.wavfile.read],True,classifier.py:167 sklearn.model_selection.StratifiedKFold [matched StratifiedKFold],True,optimize.py:213 sklearn.tree.DecisionTreeClassifier [matched DecisionTreeClassifier],True,classifier.py:209 clf.fit [matched clf.fit],True,classifier.py:228 sklearn.metrics.confusion_matrix [matched confusion_matrix],True,classifier.py:214 clf.predict [matched clf.predict],verified: all 6 stages present,scans,,fallback_root,
https://github.com/pennmem/ram_utils,ok,True,6,0,1,ramutils\cli\expconf.py,37,422,4,0,1,True,ramutils/utils.py:42 json.load [matched json.load],True,ramutils/tasks/behavioral_analysis.py:40 pd.concat [matched pd.concat],True,ramutils/tasks/classifier.py:66 sklearn.linear_model.logistic.LogisticRegression [matched LogisticRegression],True,ramutils/bayesian_optimization.py:111 model.fit [matched model.fit],True,ramutils/tasks/classifier.py:172 sklearn.metrics.roc_auc_score [matched roc_auc_score],True,ramutils/bayesian_optimization.py:112 model.predict [matched model.predict],verified: all 6 stages present,pass2,,fallback_console_script,no_dockerfile
https://github.com/rkcosmos/deepcut,ok,True,6,1,1,deepcut\train.py,3,10,1,0,0,True,deepcut/train.py:125 pd.read_csv [matched pd.read_csv],True,deepcut/train.py:92 sklearn.model_selection.train_test_split [matched train_test_split],True,deepcut/model.py:11 tf.keras.layers.Conv1D [matched tf.keras.layers.*],True,deepcut/train.py:191 model.fit [matched model.fit],True,deepcut/train.py:213 sklearn.metrics.f1_score [matched f1_score],True,deepcut/train.py:210 model.predict [matched model.predict],verified: all 6 stages present,pass2,,fallback_nested,no_entry
https://github.com/MTI830PyTraders/TradingPlayground,ok,True,6,0,1,main.py,3,12,1,0,0,True,main.py:70 xarray.open_dataset [matched xarray.open_dataset],True,data_manipulation.py:9 sklearn.preprocessing.MinMaxScaler [matched MinMaxScaler],True,lstm.py:102 keras.layers.CuDNNLSTM [matched keras.layers.*],True,lstm.py:133 model.fit [matched model.fit],True,main.py:131 model.evaluate [matched model.evaluate],True,lstm.py:157 model.predict [matched model.predict],verified: all 6 stages present,scans,,fallback_root,
https://github.com/Hate-Speech-Detection-Project/hate_detector,ok,True,6,1,1,__main__.py,20,85,4,0,0,True,__main__.py:23 pd.read_csv [matched pd.read_csv],True,__main__.py:34 pd.concat [matched pd.concat],True,predictor.py:125 classifier.logistic_regression.LogisticRegression [matched LogisticRegression],True,classifier/classifier.py:24 self.model.fit [matched model.fit],True,predictor.py:65 sklearn.metrics.precision_recall_fscore_support [matched precision_recall_fscore_support],True,classifier/classifier.py:38 self.model.predict_proba [matched model.predict_proba],verified: all 6 stages present,scans,,dockerfile?,
https://github.com/soaxelbrooke/ptclf,ok,True,6,0,1,ptclf\__main__.py,10,68,3,0,0,True,ptclf/hyperopt.py:15 json.load [matched json.load],True,ptclf/tokenizer.py:251 Tokenizer [matched Tokenizer],True,ptclf/models.py:0 class WordRnn [matched <class subclasses model base>],True,ptclf/train.py:98 comet_ml.Experiment [matched comet_ml.Experiment],True,ptclf/train.py:173 comet_experiment.log_loss [matched log_loss],True,ptclf/train.py:122 model.eval [matched model.eval],verified: all 6 stages present,pass2,,fallback_nested,no_dockerfile
https://github.com/RDFLib/graph-pattern-learner,ok,True,6,1,1,run.py,20,260,4,1,0,True,ground_truth_tools.py:36 gzip.open [matched gzip.open],True,cluster.py:150 sklearn.preprocessing.StandardScaler [matched StandardScaler],True,fusion/trained.py:479 sklearn.neighbors.KNeighborsClassifier [matched KNeighborsClassifier],True,fusion/trained.py:94 clf.fit [matched clf.fit],True,cluster.py:207 sklearn.metrics.silhouette_score [matched silhouette_score],True,fusion/trained.py:594 clf.predict [matched clf.predict],verified: all 6 stages present,scans,,dockerfile?,
https://github.com/linc-lion/linc-cv,ok,True,6,0,1,linc_cv\main.py,12,54,3,0,0,True,linc_cv/modality_cv/train.py:113 np.load [matched np.load],True,linc_cv/modality_cv/train.py:44 sklearn.model_selection.train_test_split [matched train_test_split],True,linc_cv/modality_cv/train.py:64 nn.nn.AvgPool2d [matched nn.AvgPool2d],True,linc_cv/modality_cv/train.py:121 clf.fit [matched clf.fit],True,linc_cv/modality_cv/train.py:124 sklearn.metrics.classification_report [matched classification_report],True,linc_cv/modality_cv/train.py:67 model.eval [matched model.eval],verified: all 6 stages present,pass2,,fallback_nested,no_dockerfile
https://github.com/yzhao062/pyod,ok,True,6,0,1,pyod\cli.py,19,153,5,0,3,True,pyod/utils/knowledge/__init__.py:39 json.load [matched json.load],True,pyod/models/base.py:217 sklearn.preprocessing.MinMaxScaler [matched MinMaxScaler],True,pyod/models/base.py:0 class BaseDetector [matched <class subclasses model base>],True,pyod/utils/ad_engine.py:701 clf.fit [matched clf.fit],True,pyod/utils/_quality_metrics.py:401 sklearn.metrics.precision_recall_fscore_support [matched precision_recall_fscore_support],True,pyod/utils/ad_engine.py:731 clf.predict [matched clf.predict],verified: all 6 stages present,pass2,,fallback_console_script,no_dockerfile
https://github.com/quasi-coherent/basketball_reference,ok,True,6,0,1,train.py,5,20,1,0,0,True,models/preprocess.py:8 pd.read_json [matched pd.read_json],True,models/preprocess.py:66 pd.concat [matched pd.concat],True,train.py:28 sklearn.ensemble.GradientBoostingRegressor [matched GradientBoostingRegressor],True,models/sklearn/moneyline.py:11 sklearn.model_selection.GridSearchCV [matched GridSearchCV],True,models/sklearn/moneyline.py:16 sklearn.model_selection.cross_val_score [matched cross_val_score],True,models/sklearn/moneyline.py:24 self.model.predict [matched model.predict],verified: all 6 stages present,scans,,fallback_root,
https://github.com/vpekar/forecastml,ok,True,6,0,1,run.py,7,68,2,0,1,True,run.py:67 json.load [matched json.load],True,learner_configs.py:93 sklearn.preprocessing.PolynomialFeatures [matched PolynomialFeatures],True,learner_configs.py:206 sklearn.linear_model.Lasso [matched Lasso],True,learner_configs.py:119 model.fit [matched model.fit],True,utils.py:175 sklearn.metrics.mean_squared_error [matched mean_squared_error],True,learner_configs.py:175 model.predict [matched model.predict],verified: all 6 stages present,scans,,fallback_root,
https://github.com/grahammorehead/gmutils,ok,True,6,0,1,gmutils\run.py,5,114,2,0,0,True,gmutils/utils.py:775 pickle.load [matched pickle.load],True,gmutils/dataset.py:402 sklearn.model_selection.train_test_split [matched train_test_split],True,gmutils/run.py:49 model.Model [matched Model],True,gmutils/model.py:124 self.model.fit [matched model.fit],True,gmutils/utils.py:1313 sklearn.metrics.roc_curve [matched roc_curve],True,gmutils/model.py:163 self.model.predict [matched model.predict],verified: all 6 stages present,pass2,,fallback_nested,no_dockerfile
https://github.com/GeoscienceAustralia/uncover-ml,ok,True,6,0,1,uncoverml\scripts\uncoverml.py,29,412,3,0,0,True,uncoverml/scripts/uncoverml.py:82 json.load [matched json.load],True,uncoverml/validate.py:393 sklearn.model_selection.GroupKFold [matched GroupKFold],True,uncoverml/scripts/uncoverml.py:309 uncoverml.cluster.KMeans [matched KMeans],True,uncoverml/models.py:608 self.clf.fit [matched clf.fit],True,uncoverml/validate.py:41 sklearn.metrics.r2_score [matched r2_score],True,uncoverml/cluster.py:724 model.predict [matched model.predict],verified: all 6 stages present,pass2,,fallback_console_script,no_dockerfile
https://github.com/federico-terzi/pygarl,ok,True,6,0,1,pygarl\__main__.py,14,134,3,0,2,True,pygarl/base.py:46 json.load [matched json.load],True,pygarl/classifiers.py:62 sklearn.model_selection.train_test_split [matched train_test_split],True,pygarl/plugins/train.py:54 pygarl.classifiers.MLPClassifier [matched MLPClassifier],True,pygarl/__main__.py:95 trainer.train [matched trainer.train],True,pygarl/classifiers.py:76 sklearn.metrics.confusion_matrix [matched confusion_matrix],True,pygarl/classifiers.py:75 self.clf.predict [matched clf.predict],verified: all 6 stages present,pass1,,fallback_nested,
https://github.com/CS-433/ml-project-2-amg66,ok,True,6,0,1,train.py,6,17,1,0,0,True,dataset/data_loader.py:30 pd.read_csv [matched pd.read_csv],True,dataset/data_loader.py:88 torchvision.transforms.Compose [matched torchvision.transforms.*],True,f1_loss.py:0 class F1_Loss [matched <class subclasses model base>],True,train.py:117 lr_scheduler.step [matched lr_scheduler.step],True,train.py:252 f1_loss.f1_score [matched f1_score],True,train.py:207 model.eval [matched model.eval],verified: all 6 stages present,pass1,,fallback_root,
https://github.com/Walpolen/YOLO-V5-Top-view-detect,ok,True,6,2,1,train.py,17,323,2,0,0,True,train.py:73 yaml.safe_load [matched yaml.safe_load],True,utils/augmentations.py:25 A.Compose [matched A.Compose],True,train.py:113 models.yolo.Model [matched Model],True,train.py:238 nn.parallel.DistributedDataParallel [matched DistributedDataParallel],True,utils/loggers/wandb/wandb_utils.py:484 wandb.log [matched wandb.log],True,val.py:136 model.eval [matched model.eval],verified: all 6 stages present,pass1,,fallback_root,
https://github.com/Chumsy0725/logit-adj-pytorch,ok,True,6,0,1,main.py,7,50,3,0,0,True,utils.py:145 torch.utils.data.DataLoader [matched DataLoader],True,dataset/transforms.py:4 torchvision.transforms.Normalize [matched torchvision.transforms.*],True,model.py:0 class IdentityBlock [matched <class subclasses model base>],True,main.py:20 torch.utils.tensorboard.SummaryWriter [matched tensorboard.SummaryWriter],True,main.py:70 writer.add_scalar [matched writer.add_scalar],True,main.py:138 model.eval [matched model.eval],verified: all 6 stages present,pass1,,fallback_root,
https://github.com/Diane10/mlawesome,ok,True,6,0,1,app.py,1,12,0,0,0,True,app.py:56 sqlite3.connect [matched sqlite3.connect],True,app.py:210 df.groupby [matched df.groupby],True,app.py:353 sklearn.cluster.KMeans [matched KMeans],True,app.py:393 model.fit [matched model.fit],True,app.py:394 model.evaluate [matched model.evaluate],True,app.py:134 st.write [matched st.write],verified: all 6 stages present,pass1,,fallback_root,
https://github.com/rknaebel/discopy,ok,True,6,2,1,app\run_bert.py,23,248,4,0,0,True,discopy/parsers/pipeline.py:54 json.load [matched json.load],True,discopy/components/argument/base.py:150 sklearn.pipeline.Pipeline [matched sklearn.pipeline.Pipeline],True,discopy/components/connective/bert.py:29 tf.keras.layers.Input [matched tf.keras.layers.*],True,discopy/components/argument/base.py:341 clf.fit [matched clf.fit],True,discopy/components/argument/base.py:185 sklearn.metrics.accuracy_score [matched accuracy_score],True,app/run_bert.py:19 fastapi.FastAPI [matched FastAPI],verified: all 6 stages present,pass1,,dockerfile,
https://github.com/arcaorm00/stock_psychic_api,ok,True,6,0,1,main.py,20,437,2,0,0,True,com_stock_api/ext/db.py:30 sqlalchemy.create_engine [matched sqlalchemy.create_engine],True,com_stock_api/resources/member.py:238 pd.concat [matched pd.concat],True,com_stock_api/resources/member.py:0 class MemberDto [matched <class subclasses model base>],True,com_stock_api/resources/member.py:755 self.model.fit [matched model.fit],True,com_stock_api/resources/member.py:766 self.model.evaluate [matched model.evaluate],True,main.py:25 flask.Flask [matched Flask],verified: all 6 stages present,pass1,,fallback_root,
https://github.com/ngminhhieu/ai_platform,ok,True,6,0,1,main.py,11,47,2,0,0,True,main.py:67 yaml.safe_load [matched yaml.safe_load],True,model/cnn/supervisor.py:170 sklearn.model_selection.KFold [matched KFold],True,model/cnn/supervisor.py:45 tf.keras.layers.Conv2D [matched tf.keras.layers.*],True,model/cnn/supervisor.py:118 self.model.fit [matched model.fit],True,model/ae_lstm/utils.py:87 sklearn.metrics.mean_absolute_error [matched mean_absolute_error],True,model/lstm/supervisor.py:92 self.model.predict [matched model.predict],verified: all 6 stages present,pass1,,fallback_root,
https://github.com/nemaher/stocks,ok,True,6,1,1,stocks\cli.py,2,10,1,0,0,True,stocks/cli.py:114 pickle.load [matched pickle.load],True,stocks/stocks.py:15 sklearn.preprocessing.MinMaxScaler [matched MinMaxScaler],True,stocks/stocks.py:120 tf.keras.layers.Dense [matched tf.keras.layers.*],True,stocks/stocks.py:134 model.fit [matched model.fit],True,stocks/stocks.py:160 sklearn.metrics.mean_absolute_error [matched mean_absolute_error],True,stocks/stocks.py:158 model.predict [matched model.predict],verified: all 6 stages present,pass1,,fallback_console_script,
https://github.com/isabellagc/recipes,ok,True,6,0,1,main.py,2,24,1,0,0,True,main.py:120 json.load [matched json.load],True,main.py:153 sklearn.model_selection.train_test_split [matched train_test_split],True,main.py:169 sklearn.svm.SVC [matched SVC],True,main.py:224 sklearn.model_selection.GridSearchCV [matched GridSearchCV],True,main.py:172 sklearn.metrics.confusion_matrix [matched confusion_matrix],True,main.py:709 model.predict [matched model.predict],verified: all 6 stages present,pass1,,fallback_root,
https://github.com/robertvunabandi/mit-smart-confessions-data,ok,True,6,0,1,main.py,10,84,4,0,0,True,data/data_util.py:235 json.load [matched json.load],True,models/parsing/tokenizer.py:39 keras.preprocessing.text.Tokenizer [matched Tokenizer],True,models/bucket_classification.py:110 keras.Sequential [matched keras.Sequential],True,models/base_model.py:153 self.model.fit [matched model.fit],True,models/base_model.py:172 self.model.evaluate [matched model.evaluate],True,main.py:46 flask.Flask [matched Flask],verified: all 6 stages present,pass1,,fallback_root,
https://github.com/SamuelPecar/nl-fiit-wassa-emotion,ok,True,6,1,1,main.py,11,63,2,0,0,True,main.py:16 utils.load_dataset [matched load_dataset],True,utils.py:10 keras.preprocessing.text.Tokenizer [matched Tokenizer],True,model_utils.py:34 keras.layers.Embedding [matched layers.Embedding],True,main.py:75 model.fit [matched model.fit],True,SMApproach.py:291 model.evaluate [matched model.evaluate],True,main.py:86 model.predict [matched model.predict],verified: all 6 stages present,pass1,,fallback_root,
https://github.com/nginyc/trash-classifier,ok,True,6,0,1,__main__.py,12,25,4,0,0,True,common/load_images.py:59 cv2.imread [matched cv2.imread],True,svm/svm_classifiers.py:39 sklearn.model_selection.train_test_split [matched train_test_split],True,svm/svm_classifiers.py:55 sklearn.svm.SVC [matched SVC],True,svm/svm_classifiers.py:56 model.fit [matched model.fit],True,svm/svm_classifiers.py:81 sklearn.metrics.confusion_matrix [matched confusion_matrix],True,svm/svm_classifiers.py:59 model.predict_proba [matched model.predict_proba],verified: all 6 stages present,pass1,,fallback_root,
https://github.com/kundajelab/dragonn,ok,True,6,1,1,dragonn\__init__.py,6,73,2,0,0,True,dragonn/utils/__init__.py:150 pd.read_csv [matched pd.read_csv],True,dragonn/__init__.py:107 sklearn.cross_validation.train_test_split [matched train_test_split],True,dragonn/models.py:0 class SequenceDNN [matched <class subclasses model base>],True,dragonn/models.py:152 self.model.fit [matched model.fit],True,dragonn/metrics.py:8 sklearn.metrics.log_loss [matched log_loss],True,dragonn/__init__.py:159 model.predict [matched model.predict],verified: all 6 stages present,pass1,,fallback_console_script,
https://github.com/microsoft/OLive,ok,True,6,2,1,olive\__main__.py,180,1777,10,0,2,True,olive/cli/model_package.py:1128 json.load [matched json.load],True,olive/passes/diffusers/lora.py:1061 transformers.AutoTokenizer.from_pretrained [matched AutoTokenizer.from_pretrained],True,olive/cli/extract_adapters.py:97 transformers.AutoModelForCausalLM.from_pretrained [matched AutoModelForCausalLM.from_pretrained],True,olive/passes/diffusers/lora.py:384 accelerator.prepare [matched accelerator.prepare],True,olive/cli/optimize.py:420 olive.constants.Precision [matched Precision],True,olive/cli/model_package.py:1301 onnx.load [matched onnx.load],verified: all 6 stages present,pass1,,fallback_nested,
https://github.com/manlio99/vibe,ok,True,6,0,1,train.py,26,172,4,0,0,True,lib/core/trainer.py:265 np.load [matched np.load],True,lib/data_utils/img_utils.py:256 torchvision.transforms.Normalize [matched torchvision.transforms.*],True,lib/core/loss.py:0 class VIBELoss [matched <class subclasses model base>],True,train.py:56 torch.utils.tensorboard.SummaryWriter [matched tensorboard.SummaryWriter],True,lib/core/trainer.py:224 self.writer.add_scalar [matched writer.add_scalar],True,lib/core/trainer.py:272 torch.no_grad [matched torch.no_grad],verified: all 6 stages present,pass1,,fallback_root,
https://github.com/justOleh/CSC-Hackathon-2021-MLions,ok,True,6,0,1,main.py,18,65,3,0,0,True,src/sorters/categorizer.py:15 cv2.imread [matched cv2.imread],True,src/sorters/people_finder.py:17 torchvision.transforms.Compose [matched torchvision.transforms.*],True,src/sorters/categorizer.py:27 tf.keras.Model [matched keras.Model],True,src/sorters/segmentation/regression.py:99 model.fit [matched model.fit],True,src/sorters/segmentation/regression.py:74 sklearn.metrics.confusion_matrix [matched confusion_matrix],True,src/sorters/categorizer.py:55 model.predict [matched model.predict],verified: all 6 stages present,pass1,,fallback_root,
https://github.com/a2un/CS3710-Course-Project,ok,True,6,0,1,main.py,6,15,1,0,0,True,main.py:31 pd.read_csv [matched pd.read_csv],True,main.py:33 sklearn.model_selection.train_test_split [matched train_test_split],True,model.py:0 class RCNN [matched <class subclasses model base>],True,main.py:74 trainer.train [matched trainer.train],True,main.py:87 trainer.evaluate [matched trainer.evaluate],True,trainer.py:44 torch.no_grad [matched torch.no_grad],verified: all 6 stages present,pass1,,fallback_root,
https://github.com/thatcherfreeman/CS231A-FinalProject,ok,True,6,0,1,train.py,5,52,1,0,0,True,args.py:21 json.load [matched json.load],True,model_utils.py:87 torchvision.transforms.ColorJitter [matched torchvision.transforms.*],True,models.py:0 class Baseline [matched <class subclasses model base>],True,train.py:33 torch.utils.tensorboard.SummaryWriter [matched tensorboard.SummaryWriter],True,train.py:82 writer.add_scalar [matched writer.add_scalar],True,train.py:105 model.eval [matched model.eval],verified: all 6 stages present,pass1,,fallback_root,
https://github.com/annaandraszek/Matching-Predicting-Scientific-Variables,ok,True,6,1,1,app.py,7,63,2,0,0,True,main.py:138 pd.read_csv [matched pd.read_csv],True,resource_creation.py:84 df.drop_duplicates [matched df.drop_duplicates],True,ml_keras.py:62 keras.layers.Input [matched keras.layers.*],True,ml_keras.py:50 self.model.fit [matched model.fit],True,ml_keras.py:56 self.model.evaluate [matched model.evaluate],True,app.py:3 flask.Flask [matched Flask],verified: all 6 stages present,pass1,,dockerfile,
https://github.com/bruceplai/ml-capstone,ok,True,6,1,1,train.py,6,31,2,0,0,True,merge_pipeline.py:61 pd.read_csv [matched pd.read_csv],True,merge_pipeline.py:16 pd.merge [matched pd.merge],True,train.py:14 model.Model [matched Model],True,model.py:51 model.fit [matched model.fit],True,model.py:55 sklearn.metrics.mean_absolute_error [matched mean_absolute_error],True,model.py:55 model.predict [matched model.predict],verified: all 6 stages present,pass1,,fallback_root,
https://github.com/mkocabas/VIBE,ok,True,6,0,1,train.py,26,172,4,0,0,True,lib/core/trainer.py:265 np.load [matched np.load],True,lib/data_utils/img_utils.py:256 torchvision.transforms.Normalize [matched torchvision.transforms.*],True,lib/core/loss.py:0 class VIBELoss [matched <class subclasses model base>],True,train.py:56 torch.utils.tensorboard.SummaryWriter [matched tensorboard.SummaryWriter],True,lib/core/trainer.py:224 self.writer.add_scalar [matched writer.add_scalar],True,lib/core/trainer.py:272 torch.no_grad [matched torch.no_grad],verified: all 6 stages present,pass1,,fallback_root,
https://github.com/allenai/deep_qa,ok,True,6,0,1,deep_qa\run.py,110,549,9,0,0,True,deep_qa/data/embeddings.py:48 gzip.open [matched gzip.open],True,deep_qa/data/tokenizers/word_splitter.py:94 nltk.tokenize.word_tokenize [matched nltk.tokenize.word_tokenize],True,deep_qa/models/entailment/decomposable_attention.py:57 keras.layers.Input [matched keras.layers.*],True,deep_qa/training/trainer.py:360 self.model.fit [matched model.fit],True,deep_qa/training/trainer.py:413 self.model.evaluate [matched model.evaluate],True,deep_qa/training/text_trainer.py:208 self.model.predict [matched model.predict],verified: all 6 stages present,pass1,,fallback_nested,
https://github.com/emanuel248/yolov3-pytorch,ok,True,6,0,1,train.py,9,47,2,0,0,True,train.py:78 torch.utils.data.DataLoader [matched DataLoader],True,utils/datasets.py:50 torchvision.transforms.ToTensor [matched torchvision.transforms.*],True,models.py:0 class Upsample [matched <class subclasses model base>],True,train.py:119 loss.backward [matched loss.backward],True,utils/logger.py:12 self.writer.add_scalar [matched writer.add_scalar],True,test.py:27 model.eval [matched model.eval],verified: all 6 stages present,pass1,,fallback_root,
https://github.com/AnatoliiPotapov/inpainting_FRRN,ok,True,6,0,1,train.py,15,60,3,0,0,True,utils/general.py:7 yaml.load [matched yaml.load],True,data/dataset.py:102 torchvision.transforms.functional.to_tensor [matched torchvision.transforms.*],True,model/net.py:0 class BaseModel [matched <class subclasses model base>],True,train.py:62 torch.utils.tensorboard.SummaryWriter [matched tensorboard.SummaryWriter],True,train.py:164 scripts.metrics.compute_metrics [matched compute_metrics],True,model/layers.py:137 torch.no_grad [matched torch.no_grad],verified: all 6 stages present,pass1,,fallback_root,
https://github.com/yangarbiter/adversarial-nonparametrics,ok,True,6,0,1,main.py,34,253,5,0,0,True,nnattack/datasets/__init__.py:164 np.genfromtxt [matched np.genfromtxt],True,main.py:106 sklearn.preprocessing.MinMaxScaler [matched MinMaxScaler],True,nnattack/models/__init__.py:85 sklearn.ensemble.RandomForestClassifier [matched RandomForestClassifier],True,main.py:137 model.fit [matched model.fit],True,nnattack/models/keras_model.py:40 keras.metrics.categorical_accuracy [matched keras.metrics.*],True,main.py:38 model.predict [matched model.predict],verified: all 6 stages present,pass1,,fallback_root,
https://github.com/faical-allou/grabchallenge,ok,True,6,0,1,train.py,1,10,0,0,0,True,train.py:29 pd.read_csv [matched pd.read_csv],True,train.py:34 pd.to_datetime [matched pd.to_datetime],True,train.py:195 keras.layers.LSTM [matched layers.LSTM],True,train.py:203 model.fit [matched model.fit],True,train.py:205 model.evaluate [matched model.evaluate],True,train.py:215 model.predict [matched model.predict],verified: all 6 stages present,pass1,,fallback_root,
https://github.com/yuanlida/rasa,ok,True,6,1,1,rasa\__main__.py,96,1494,6,0,5,True,rasa/utils/io.py:128 json.load [matched json.load],True,rasa/nlu/test.py:684 sklearn.model_selection.StratifiedKFold [matched StratifiedKFold],True,rasa/core/policies/keras_policy.py:130 keras.layers.Masking [matched keras.layers.*],True,rasa/nlu/train.py:91 trainer.train [matched trainer.train],True,rasa/test.py:139 rasa.nlu.test.cross_validate [matched cross_validate],True,rasa/core/policies/keras_policy.py:257 self.model.predict [matched model.predict],verified: all 6 stages present,pass1,,fallback_nested,
https://github.com/Oliverdeb/time-series-analysis-ml-honours-thesis,ok,True,6,0,1,main.py,11,70,2,0,0,True,main.py:101 pd.read_csv [matched pd.read_csv],True,trend_lines/simple_mlp_point_data.py:51 sklearn.preprocessing.MinMaxScaler [matched MinMaxScaler],True,trend_lines/simple_mlp_point_data.py:22 keras.layers.Dense [matched layers.Dense],True,trend_lines/simple_mlp_point_data.py:64 self.model.fit [matched model.fit],True,trend_lines/simple_mlp_point_data.py:76 sklearn.metrics.mean_squared_error [matched mean_squared_error],True,trend_lines/simple_mlp_point_data.py:68 self.model.predict [matched model.predict],verified: all 6 stages present,pass1,,fallback_root,
https://github.com/TeamHG-Memex/hh-page-classifier,ok,True,6,1,1,hh_page_clf\train.py,6,102,2,0,0,True,hh_page_clf/train.py:189 gzip.open [matched gzip.open],True,hh_page_clf/train.py:260 sklearn.model_selection.KFold [matched KFold],True,hh_page_clf/models.py:67 sklearn.ensemble.ExtraTreesClassifier [matched ExtraTreesClassifier],True,hh_page_clf/train.py:331 model.fit [matched model.fit],True,hh_page_clf/train.py:351 sklearn.metrics.accuracy_score [matched accuracy_score],True,hh_page_clf/train.py:347 model.predict_proba [matched model.predict_proba],verified: all 6 stages present,pass1,,fallback_nested,
https://github.com/YannDubs/lossyless,ok,True,6,1,1,main.py,19,457,3,0,0,True,main.py:616 pd.read_csv [matched pd.read_csv],True,lossyless/helpers.py:271 torchvision.transforms.Normalize [matched torchvision.transforms.*],True,lossyless/helpers.py:0 class Normalizer [matched <class subclasses model base>],True,main.py:88 hydra.main [matched hydra.main],True,main.py:567 trainer.test [matched trainer.test],True,main.py:562 trainer.predict [matched trainer.predict],verified: all 6 stages present,pass1,,fallback_root,
https://github.com/goruck/radar-ml,ok,True,6,0,1,train.py,2,24,1,0,0,True,train.py:413 pickle.load [matched pickle.load],True,train.py:404 sklearn.model_selection.StratifiedKFold [matched StratifiedKFold],True,train.py:478 sklearn.svm.SVC [matched SVC],True,train.py:370 sklearn.model_selection.GridSearchCV [matched GridSearchCV],True,train.py:218 sklearn.metrics.accuracy_score [matched accuracy_score],True,train.py:217 model.predict [matched model.predict],verified: all 6 stages present,pass1,,fallback_root,
https://github.com/stevencoveta/Portfolio-neural-network-,ok,True,6,0,1,main.py,4,12,1,0,0,True,main.py:34 boto3.client [matched boto3.client],True,main.py:94 pd.concat [matched pd.concat],True,main.py:180 sklearn.cluster.KMeans [matched KMeans],True,main.py:247 clusterer.fit_predict [matched .fit_predict],True,main.py:249 sklearn.metrics.silhouette_score [matched silhouette_score],True,main.py:67 st.write [matched st.write],verified: all 6 stages present,pass1,,fallback_root,
https://github.com/yuyangaichifan/e2e_3D_yu,ok,True,6,0,1,train.py,39,281,4,0,0,True,lib/core/trainer.py:278 np.load [matched np.load],True,lib/dataset/inference.py:91 torchvision.transforms.functional.to_tensor [matched torchvision.transforms.*],True,lib/core/loss.py:0 class VIBELoss [matched <class subclasses model base>],True,train.py:59 torch.utils.tensorboard.SummaryWriter [matched tensorboard.SummaryWriter],True,lib/core/trainer.py:236 self.writer.add_scalar [matched writer.add_scalar],True,lib/core/trainer.py:285 torch.no_grad [matched torch.no_grad],verified: all 6 stages present,pass1,,fallback_root,
https://github.com/d-michele/gene-fusions-classifier,ok,True,6,0,1,main.py,19,151,3,0,0,True,main.py:51 json.load [matched json.load],True,utils/load_dataset_util.py:139 pd.concat [matched pd.concat],True,models/ModelEmbeddingBidirect.py:58 tf.keras.layers.Input [matched tf.keras.layers.*],True,utils/train_util.py:137 model.fit [matched model.fit],True,utils/train_util.py:163 model.evaluate [matched model.evaluate],True,utils/train_util.py:331 model.predict [matched model.predict],verified: all 6 stages present,pass1,,fallback_root,
https://github.com/punyajoy/nasrl-without-training,ok,True,6,0,1,train.py,4,25,1,0,0,True,manager_torch.py:41 torchvision.datasets.CIFAR10 [matched torchvision.datasets.*],True,manager_torch.py:40 torchvision.transforms.Compose [matched torchvision.transforms.*],True,model_torch.py:0 class model_fn [matched <class subclasses model base>],True,train.py:25 neptune.init [matched neptune.init],True,train.py:149 neptune.log_metric [matched neptune.log_metric],True,manager_torch.py:113 torch.no_grad [matched torch.no_grad],verified: all 6 stages present,pass1,,fallback_root,
https://github.com/kudep/DeepBurtsev,ok,True,6,0,1,main.py,17,212,3,0,0,True,main.py:15 json.load [matched json.load],True,deepburtsev/core/pipegen.py:115 deepburtsev.core.pipeline.Pipeline [matched Pipeline],True,deepburtsev/models/intent_classificators.py:123 keras.layers.Input [matched keras.layers.*],True,deepburtsev/wrappers/model_wrappers.py:110 self.model.fit [matched model.fit],True,deepburtsev/core/transformers.py:336 sklearn.metrics.precision_score [matched precision_score],True,deepburtsev/models/intent_classificators.py:320 self.model.predict [matched model.predict],verified: all 6 stages present,pass1,,fallback_root,
https://github.com/Jacob-Bishop/TTS,ok,True,6,1,1,train.py,19,188,2,0,1,True,train.py:61 torch.utils.data.DataLoader [matched DataLoader],True,utils/audio.py:181 TTS.utils.data.StandardScaler [matched StandardScaler],True,layers/losses.py:0 class L1LossMasked [matched <class subclasses model base>],True,train.py:141 scheduler.step [matched scheduler.step],True,utils/tensorboard_logger.py:16 self.writer.add_scalar [matched writer.add_scalar],True,train.py:286 model.eval [matched model.eval],verified: all 6 stages present,pass1,,fallback_root,
https://github.com/alsoncahyadi/absa_ml,ok,True,6,0,1,main.py,14,138,2,0,0,True,utils.py:97 pd.read_csv [matched pd.read_csv],True,category_extraction/BinCategoryExtractor.py:95 sklearn.pipeline.Pipeline [matched sklearn.pipeline.Pipeline],True,category_extraction/BinCategoryExtractor.py:150 tf.keras.layers.Dense [matched tf.keras.layers.*],True,category_extraction/BinCategoryExtractor.py:224 sklearn.model_selection.GridSearchCV [matched GridSearchCV],True,main.py:286 sklearn.metrics.f1_score [matched f1_score],True,category_extraction/BinCategoryExtractor.py:216 self.pipeline.predict [matched pipeline.predict],verified: all 6 stages present,pass1,,fallback_root,
https://github.com/bachelorbois/HumorHeadlines,ok,True,6,0,1,src\main.py,1,10,0,0,0,True,src/main.py:53 json.load [matched json.load],True,src/main.py:668 sklearn.decomposition.PCA [matched PCA],True,src/main.py:614 sklearn.linear_model.LinearRegression [matched LinearRegression],True,src/main.py:111 model.fit [matched model.fit],True,src/main.py:119 sklearn.metrics.mean_squared_error [matched mean_squared_error],True,src/main.py:118 model.predict [matched model.predict],verified: all 6 stages present,pass1,,fallback_nested,
https://github.com/Mukeshjv9798/TTS,ok,True,6,1,1,train.py,19,189,2,0,1,True,train.py:65 torch.utils.data.DataLoader [matched DataLoader],True,utils/audio.py:177 TTS.utils.data.StandardScaler [matched StandardScaler],True,layers/losses.py:0 class L1LossMasked [matched <class subclasses model base>],True,train.py:159 scheduler.step [matched scheduler.step],True,utils/tensorboard_logger.py:15 self.writer.add_scalar [matched writer.add_scalar],True,train.py:310 model.eval [matched model.eval],verified: all 6 stages present,pass1,,fallback_root,
https://github.com/nodiz/YOLOv3-pedestrian,ok,True,6,0,1,train.py,11,57,2,0,0,True,train.py:92 torch.utils.data.DataLoader [matched DataLoader],True,utils/datasets.py:84 torchvision.transforms.ToTensor [matched torchvision.transforms.*],True,models.py:0 class Upsample [matched <class subclasses model base>],True,train.py:142 loss.backward [matched loss.backward],True,utils/logger_torch.py:19 self.writer.add_scalar [matched writer.add_scalar],True,detect.py:58 model.eval [matched model.eval],verified: all 6 stages present,pass1,,fallback_root,
https://github.com/modaresimr/UnifiedAR,ok,True,6,0,1,main.py,64,428,4,0,2,True,general/utils.py:235 pickle.load [matched pickle.load],True,general/utils.py:292 pd.to_datetime [matched pd.to_datetime],True,classifier/Keras.py:214 tf.keras.layers.LSTM [matched tf.keras.layers.*],True,classifier/Keras.py:147 self.model.fit [matched model.fit],True,constants.py:144 metric.classical.classical.Accuracy [matched Accuracy],True,classifier/Keras.py:174 self.model.predict [matched model.predict],verified: all 6 stages present,pass1,,fallback_root,
https://github.com/rmardian/neural-optimizer,ok,True,6,0,1,app.py,34,168,8,0,0,True,app/mod_NN/controllers.py:55 pd.read_csv [matched pd.read_csv],True,app/mod_NN/controllers.py:72 pd.to_datetime [matched pd.to_datetime],True,app/mod_NN/models.py:42 keras.layers.Dense [matched layers.Dense],True,app/mod_NN/controllers.py:241 sklearn.model_selection.GridSearchCV [matched GridSearchCV],True,app/mod_NN/controllers.py:96 sklearn.metrics.accuracy_score [matched accuracy_score],True,app/__init__.py:8 flask.Flask [matched Flask],verified: all 6 stages present,pass1,,fallback_root,
https://github.com/JohnMBrandt/text-classification,ok,True,6,0,1,main.py,2,23,1,0,0,True,main.py:33 pickle.load [matched pickle.load],True,main.py:69 keras.preprocessing.text.Tokenizer [matched Tokenizer],True,main.py:162 keras.models.Model [matched Model],True,main.py:266 model.fit [matched model.fit],True,main.py:19 keras.metrics.top_k_categorical_accuracy [matched keras.metrics.*],True,main.py:270 model.predict [matched model.predict],verified: all 6 stages present,pass1,,fallback_root,
https://github.com/zhenghuazx/toxic-comment,ok,True,6,0,1,main.py,9,106,1,0,0,True,main.py:149 pd.read_csv [matched pd.read_csv],True,main.py:385 sklearn.model_selection.KFold [matched KFold],True,lib/utils.py:264 keras.layers.K.not_equal [matched keras.layers.*],True,lib/train.py:93 model.fit [matched model.fit],True,lib/train.py:45 sklearn.metrics.roc_auc_score [matched roc_auc_score],True,main.py:420 model.predict [matched model.predict],verified: all 6 stages present,pass1,,fallback_root,
https://github.com/lens-biophotonics/BCFind,ok,True,6,1,1,bcfind\train.py,37,185,4,0,0,True,bcfind/train.py:487 json.load [matched json.load],True,bcfind/train.py:506 pd.concat [matched pd.concat],True,bcfind/models/attention_unet.py:0 class AttentionUNet [matched <class subclasses model base>],True,bcfind/utils/data.py:49 lof.fit_predict [matched .fit_predict],True,bcfind/train.py:169 bcfind.metrics.Precision [matched Precision],True,bcfind/train.py:567 trainer.test [matched trainer.test],verified: all 6 stages present,pass1,,fallback_nested,
https://github.com/thiagofigcosta/stock-pred-v2,ok,True,6,1,1,main.py,11,200,2,0,0,True,NeuralNetwork.py:729 pd.read_csv [matched pd.read_csv],True,NeuralNetwork.py:828 pd.concat [matched pd.concat],True,NeuralNetwork.py:637 tf.keras.layers.LSTM [matched tf.keras.layers.*],True,NeuralNetwork.py:201 self.model.fit [matched model.fit],True,NeuralNetwork.py:301 self.model.evaluate [matched model.evaluate],True,NeuralNetwork.py:222 self.model.predict [matched model.predict],verified: all 6 stages present,pass1,,dockerfile,
https://github.com/danielphilippi/imgClassification_quickdraw,ok,True,6,0,1,main.py,8,54,2,0,0,True,models.py:396 pd.read_csv [matched pd.read_csv],True,models.py:424 pd.concat [matched pd.concat],True,models.py:110 keras.layers.Input [matched keras.layers.*],True,models.py:324 self.model.fit [matched model.fit],True,models.py:85 sklearn.metrics.classification_report [matched classification_report],True,models.py:77 self.model.predict [matched model.predict],verified: all 6 stages present,pass1,,fallback_root,
https://github.com/yuyangaichifan/VIBE_yu,ok,True,6,0,1,train.py,26,172,4,0,0,True,lib/core/trainer.py:265 np.load [matched np.load],True,lib/data_utils/img_utils.py:256 torchvision.transforms.Normalize [matched torchvision.transforms.*],True,lib/core/loss.py:0 class VIBELoss [matched <class subclasses model base>],True,train.py:56 torch.utils.tensorboard.SummaryWriter [matched tensorboard.SummaryWriter],True,lib/core/trainer.py:224 self.writer.add_scalar [matched writer.add_scalar],True,lib/core/trainer.py:272 torch.no_grad [matched torch.no_grad],verified: all 6 stages present,pass1,,fallback_root,
https://github.com/ethylomat/LegalComplete,ok,True,6,0,1,src\main.py,12,76,3,0,0,True,src/utils/common.py:32 pd.read_csv [matched pd.read_csv],True,src/completion_n_gram.py:127 df.apply [matched df.apply],True,src/models/cnn.py:63 tf.keras.layers.Embedding [matched tf.keras.layers.*],True,src/main.py:83 wandb.init [matched wandb.init],True,src/main.py:91 wandb.log [matched wandb.log],True,src/models/cnn.py:181 self.model.predict [matched model.predict],verified: all 6 stages present,pass1,,fallback_nested,
https://github.com/hiennguyen9874/person-attribute-recognition,ok,True,6,1,1,train.py,60,288,7,0,0,True,utils/util.py:54 yaml.safe_load [matched yaml.safe_load],True,data/datamanager.py:45 A.Compose [matched A.Compose],True,losses/CE_loss.py:0 class CEL_Sigmoid [matched <class subclasses model base>],True,train.py:20 trainer.train [matched trainer.train],True,trainer/trainer.py:157 self.writer.add_scalar [matched writer.add_scalar],True,trainer/trainer_episode.py:121 self.model.eval [matched model.eval],verified: all 6 stages present,pass1,,fallback_root,
https://github.com/alvinlander/TTS,ok,True,6,1,1,train.py,19,189,2,0,1,True,train.py:65 torch.utils.data.DataLoader [matched DataLoader],True,utils/audio.py:177 TTS.utils.data.StandardScaler [matched StandardScaler],True,layers/losses.py:0 class L1LossMasked [matched <class subclasses model base>],True,train.py:159 scheduler.step [matched scheduler.step],True,utils/tensorboard_logger.py:15 self.writer.add_scalar [matched writer.add_scalar],True,train.py:310 model.eval [matched model.eval],verified: all 6 stages present,pass1,,fallback_root,
https://github.com/samip-thakkar/fraud-detection,ok,True,6,0,1,main.py,7,39,1,0,0,True,extract_graph_features.py:30 pd.read_csv [matched pd.read_csv],True,preprocessing.py:61 pd.get_dummies [matched pd.get_dummies],True,classifiers.py:19 keras.layers.Dense [matched layers.Dense],True,classifiers.py:24 model.fit [matched model.fit],True,modelEvaluation.py:27 sklearn.metrics.accuracy_score [matched accuracy_score],True,main.py:48 model.predict [matched model.predict],verified: all 6 stages present,pass1,,fallback_root,
https://github.com/AIWintermuteAI/aXeleRate,ok,True,6,0,1,axelerate\train.py,32,250,6,0,0,True,axelerate/networks/common_utils/convert.py:40 tarfile.open [matched tarfile.open],True,axelerate/networks/common_utils/augment.py:136 imgaug.augmenters.Sometimes [matched imgaug.augmenters.*],True,axelerate/networks/classifier/frontend_classifier.py:22 tf.keras.layers.GlobalAveragePooling2D [matched tf.keras.layers.*],True,axelerate/networks/common_utils/fit.py:121 model.fit [matched model.fit],True,axelerate/networks/classifier/frontend_classifier.py:89 sklearn.metrics.classification_report [matched classification_report],True,axelerate/networks/segnet/predict.py:120 model.predict [matched model.predict],verified: all 6 stages present,pass1,,fallback_nested,
https://github.com/gauravaror/catastrophic_forgetting,ok,True,6,0,1,train.py,27,130,3,0,0,True,train.py:52 models.utils.load_dataset [matched load_dataset],True,models/utils.py:148 torchvision.transforms.ToTensor [matched torchvision.transforms.*],True,models/utils.py:0 class Hardsigmoid [matched <class subclasses model base>],True,train.py:132 tensorboardX.SummaryWriter [matched SummaryWriter],True,train.py:285 writer.add_scalar [matched writer.add_scalar],True,train.py:155 model.eval [matched model.eval],verified: all 6 stages present,pass1,,fallback_root,
https://github.com/kakusikun/deep-learning-works,ok,True,6,1,1,train.py,115,796,5,0,0,True,tools/utils.py:264 json.load [matched json.load],True,src/database/transform/normalize.py:46 torchvision.transforms.functional.normalize [matched torchvision.transforms.*],True,src/model/backbone/shufflenetv2_plus.py:0 class ShuffleBlock [matched <class subclasses model base>],True,train.py:46 trainer.train [matched trainer.train],True,train.py:42 trainer.test [matched trainer.test],True,train.py:42 trainer.test [matched trainer.test],verified: all 6 stages present,pass1,,fallback_root,
https://github.com/rohanchandra30/TrackNPred,ok,True,6,0,1,main.py,37,295,4,0,0,True,model/model.py:242 torch.utils.data.DataLoader [matched DataLoader],True,model/Tracking/import_data.py:38 sklearn.model_selection.train_test_split [matched train_test_split],True,model/Prediction/traphic.py:0 class traphicNet [matched <class subclasses model base>],True,model/Prediction/sganTrain.py:399 loss.backward [matched loss.backward],True,control/trainThread.py:136 self.model.evaluate [matched model.evaluate],True,model/Prediction/sganTrain.py:481 torch.no_grad [matched torch.no_grad],verified: all 6 stages present,pass1,,fallback_root,
https://github.com/mlflow/mlflow,ok,True,6,15,1,mlflow\__main__.py,882,11095,11,0,19,True,mlflow/deployments/cli.py:324 pd.read_json [matched pd.read_json],True,mlflow/utils/proto_json_utils.py:330 pd.to_datetime [matched pd.to_datetime],True,mlflow/gateway/config.py:504 Model [matched Model],True,mlflow/runs.py:188 mlflow.start_run [matched mlflow.start_run],True,mlflow/genai/evaluation/harness.py:769 mlflow.log_metrics [matched mlflow.log_metrics],True,mlflow/server/__init__.py:72 flask.Flask [matched Flask],verified: all 6 stages present,pass1,,fallback_nested,
https://github.com/forjustice7474/pls,ok,True,6,0,1,train.py,26,172,4,0,0,True,lib/core/trainer.py:265 np.load [matched np.load],True,lib/data_utils/img_utils.py:256 torchvision.transforms.Normalize [matched torchvision.transforms.*],True,lib/core/loss.py:0 class VIBELoss [matched <class subclasses model base>],True,train.py:56 torch.utils.tensorboard.SummaryWriter [matched tensorboard.SummaryWriter],True,lib/core/trainer.py:224 self.writer.add_scalar [matched writer.add_scalar],True,lib/core/trainer.py:272 torch.no_grad [matched torch.no_grad],verified: all 6 stages present,pass1,,fallback_root,
https://github.com/egi-megi/siec_neuronowa_Jurkiewicz_Sulek,ok,True,6,0,1,main.py,2,13,1,0,0,True,neuron_network.py:243 pd.read_csv [matched pd.read_csv],True,neuron_network.py:93 sklearn.model_selection.KFold [matched KFold],True,neuron_network.py:167 tf.keras.Sequential [matched keras.Sequential],True,neuron_network.py:55 model.fit [matched model.fit],True,neuron_network.py:59 model.evaluate [matched model.evaluate],True,neuron_network.py:225 model.predict [matched model.predict],verified: all 6 stages present,pass1,,fallback_root,
https://github.com/L4zyy/CVIBE,ok,True,6,0,1,train.py,27,184,4,0,0,True,lib/core/trainer.py:265 np.load [matched np.load],True,lib/data_utils/img_utils.py:256 torchvision.transforms.Normalize [matched torchvision.transforms.*],True,lib/core/loss.py:0 class VIBELoss [matched <class subclasses model base>],True,train.py:56 torch.utils.tensorboard.SummaryWriter [matched tensorboard.SummaryWriter],True,lib/core/trainer.py:224 self.writer.add_scalar [matched writer.add_scalar],True,lib/core/trainer.py:272 torch.no_grad [matched torch.no_grad],verified: all 6 stages present,pass1,,fallback_root,
https://github.com/HadarakDev/Kaggle_iWildCam2020,ok,True,6,0,1,src\main.py,8,37,1,0,0,True,src/utils/tools.py:58 json.load [matched json.load],True,src/utils/models.py:92 pd.merge [matched pd.merge],True,src/models/linear.py:25 tf.keras.Sequential [matched keras.Sequential],True,src/utils/models.py:62 model.fit_generator [matched model.fit_generator],True,src/utils/tools.py:16 sklearn.metrics.confusion_matrix [matched confusion_matrix],True,src/models/nn.py:39 model.predict [matched model.predict],verified: all 6 stages present,pass1,,fallback_nested,
https://github.com/wangcongcong123/ttt,ok,True,6,0,1,run.py,8,61,2,0,0,True,run.py:56 json.load [matched json.load],True,run.py:70 AutoTokenizer.from_pretrained [matched AutoTokenizer.from_pretrained],True,ttt/utils.py:250 transformers.AutoModel.from_pretrained [matched AutoModel.from_pretrained],True,run.py:41 trainer.train [matched trainer.train],True,run.py:88 sklearn.metrics.accuracy_score [matched accuracy_score],True,run.py:85 model.predict [matched model.predict],verified: all 6 stages present,pass1,,fallback_root,
https://github.com/ankandrew/cnn-ocr-lp,ok,True,6,0,1,fast_plate_ocr\cli\cli.py,23,168,3,0,2,True,fast_plate_ocr/cli/dataset_stats.py:29 PIL.Image.open [matched Image.open],True,fast_plate_ocr/train/data/augmentation.py:18 A.Compose [matched A.Compose],True,fast_plate_ocr/cli/export.py:120 keras.layers.Permute [matched keras.layers.*],True,fast_plate_ocr/cli/train.py:598 model.fit [matched model.fit],True,fast_plate_ocr/cli/train.py:533 keras.metrics.CategoricalAccuracy [matched keras.metrics.*],True,fast_plate_ocr/cli/export.py:170 onnx.load [matched onnx.load],verified: all 6 stages present,pass1,,fallback_console_script,
https://github.com/lab-midas/med_segmentation,ok,True,6,0,1,main.py,34,256,4,0,0,True,main.py:77 yaml.load [matched yaml.load],True,util.py:76 sklearn.model_selection.train_test_split [matched train_test_split],True,models/ModelSet.py:649 Model [matched Model],True,train.py:177 model.fit [matched model.fit],True,evaluate.py:53 model.evaluate [matched model.evaluate],True,train.py:171 pipeline [matched pipeline],verified: all 6 stages present,pass1,,fallback_root,
https://github.com/BBQuercus/deepBlink,ok,True,6,0,1,deepblink\__main__.py,30,153,7,0,1,True,deepblink/cli/_create.py:143 pd.read_csv [matched pd.read_csv],True,deepblink/cli/_create.py:200 df.astype [matched df.astype],True,deepblink/models/spots.py:0 class SpotsModel [matched <class subclasses model base>],True,deepblink/training.py:49 model.fit [matched model.fit],True,deepblink/losses.py:87 precision_score [matched precision_score],True,deepblink/inference.py:37 model.predict [matched model.predict],verified: all 6 stages present,pass1,,fallback_nested,
https://github.com/lonelos/tts,ok,True,6,1,1,train.py,19,188,2,0,1,True,train.py:65 torch.utils.data.DataLoader [matched DataLoader],True,utils/audio.py:177 TTS.utils.data.StandardScaler [matched StandardScaler],True,layers/losses.py:0 class L1LossMasked [matched <class subclasses model base>],True,train.py:159 scheduler.step [matched scheduler.step],True,utils/tensorboard_logger.py:15 self.writer.add_scalar [matched writer.add_scalar],True,train.py:311 model.eval [matched model.eval],verified: all 6 stages present,pass1,,fallback_root,
https://github.com/SIPVZ/timecop,ok,True,6,1,1,app.py,17,62,2,0,0,True,app.py:497 pymongo.MongoClient [matched pymongo.MongoClient],True,engines/lstm.py:105 sklearn.preprocessing.MinMaxScaler [matched MinMaxScaler],True,engines/BBDD.py:101 Model [matched Model],True,engines/var.py:26 model.fit [matched model.fit],True,engines/helpers.py:92 sklearn.metrics.mean_squared_error [matched mean_squared_error],True,app.py:34 flask.Flask [matched Flask],verified: all 6 stages present,pass1,,fallback_root,
https://github.com/syeehyn/hinreddit,ok,True,6,1,1,run.py,17,48,3,0,0,True,run.py:14 json.load [matched json.load],True,src/etl/etl.py:230 pd.concat [matched pd.concat],True,src/embedding/node2vec.py:49 torch_geometric.nn.Node2Vec [matched torch_geometric.nn.*],True,src/embedding/node2vec.py:57 optimizer.zero_grad [matched optimizer.zero_grad],True,src/utils/utils.py:32 sklearn.metrics.f1_score [matched f1_score],True,src/etl/sentimental.py:87 model.predict [matched model.predict],verified: all 6 stages present,pass1,,fallback_root,
https://github.com/kotoroshinoto/whostheboss,ok,True,6,0,1,scribe_classifier\cli\main.py,15,138,3,0,0,True,scribe_classifier/cli/main.py:33 csv.reader [matched csv.reader],True,scribe_classifier/data/NOCdb/models/ensemble/combined_models.py:37 sklearn.preprocessing.LabelEncoder [matched LabelEncoder],True,scribe_classifier/data/NOCdb/models/ensemble/combined_models.py:0 class CombinedModels [matched <class subclasses model base>],True,scribe_classifier/cli/main.py:196 mdl.partial_fit [matched .partial_fit],True,scribe_classifier/cli/main.py:229 sklearn.metrics.classification_report [matched classification_report],True,scribe_classifier/cli/main.py:281 model.predict [matched model.predict],verified: all 6 stages present,pass1,,fallback_console_script,
https://github.com/ICB-DCM/pyABC,ok,True,6,0,1,pyabc\visserver\server_flask.py,98,735,6,0,0,True,pyabc/storage/history.py:341 pd.read_sql_query [matched pd.read_sql_query],True,pyabc/visserver/server_flask.py:102 pd.melt [matched .melt],True,pyabc/model/model.py:0 class FunctionModel [matched <class subclasses model base>],True,pyabc/transition/grid_search.py:68 self.estimator.fit [matched estimator.fit],True,pyabc/acceptor/acceptor.py:450 self.log [matched self.log],True,pyabc/visserver/server_flask.py:50 flask.Flask [matched Flask],verified: all 6 stages present,pass1,,fallback_console_script,
https://github.com/mgalardini/pyseer,ok,True,6,0,1,pyseer\__main__.py,13,96,3,0,0,True,pyseer/__main__.py:343 pd.read_pickle [matched pd.read_pickle],True,pyseer/input.py:178 pd.concat [matched pd.concat],True,pyseer/model.py:104 statsmodels.formula.api.OLS [matched OLS],True,pyseer/rf.py:57 clf.fit [matched clf.fit],True,pyseer/enet.py:353 sklearn.metrics.r2_score [matched r2_score],True,pyseer/rf.py:58 clf.predict [matched clf.predict],verified: all 6 stages present,pass1,,fallback_nested,
https://github.com/MINGG2333/TextAttack,ok,True,6,0,1,textattack\__main__.py,132,586,8,0,1,True,textattack/model_args.py:280 json.load [matched json.load],True,textattack/model_args.py:225 transformers.AutoTokenizer.from_pretrained [matched AutoTokenizer.from_pretrained],True,textattack/model_args.py:222 transformers.AutoModelForSequenceClassification.from_pretrained [matched AutoModelForSequenceClassification.from_pretrained],True,textattack/trainer.py:454 def training_step [matched <lightning hook training_step>],True,textattack/trainer.py:297 wandb.log [matched wandb.log],True,textattack/trainer.py:651 model.eval [matched model.eval],verified: all 6 stages present,pass1,,fallback_nested,
https://github.com/Daewon-Hwang/VIBE,ok,True,6,0,1,train.py,26,172,4,0,0,True,lib/core/trainer.py:265 np.load [matched np.load],True,lib/data_utils/img_utils.py:256 torchvision.transforms.Normalize [matched torchvision.transforms.*],True,lib/core/loss.py:0 class VIBELoss [matched <class subclasses model base>],True,train.py:56 torch.utils.tensorboard.SummaryWriter [matched tensorboard.SummaryWriter],True,lib/core/trainer.py:224 self.writer.add_scalar [matched writer.add_scalar],True,lib/core/trainer.py:272 torch.no_grad [matched torch.no_grad],verified: all 6 stages present,pass1,,fallback_root,
https://github.com/ShreeshaN/COVID_19,ok,True,6,0,1,covid_19\main.py,14,78,3,0,0,True,covid_19/main.py:150 json.load [matched json.load],True,covid_19/utils/data_utils.py:29 pd.concat [matched pd.concat],True,covid_19/runners/plain_conv_ae.py:0 class ContrastiveLoss [matched <class subclasses model base>],True,covid_19/runners/convnet_runner.py:85 wandb.init [matched wandb.init],True,covid_19/runners/convnet_runner.py:212 wandb.log [matched wandb.log],True,covid_19/runners/convnet_runner.py:260 torch.no_grad [matched torch.no_grad],verified: all 6 stages present,pass1,,fallback_nested,
https://github.com/aletrujim/vibe-test,ok,True,6,0,1,train.py,26,172,4,0,0,True,lib/core/trainer.py:265 np.load [matched np.load],True,lib/data_utils/img_utils.py:256 torchvision.transforms.Normalize [matched torchvision.transforms.*],True,lib/core/loss.py:0 class VIBELoss [matched <class subclasses model base>],True,train.py:56 torch.utils.tensorboard.SummaryWriter [matched tensorboard.SummaryWriter],True,lib/core/trainer.py:224 self.writer.add_scalar [matched writer.add_scalar],True,lib/core/trainer.py:272 torch.no_grad [matched torch.no_grad],verified: all 6 stages present,pass1,,fallback_root,
https://github.com/erickeagle/beingdatum,ok,True,6,0,1,app.py,2,25,1,0,0,True,app.py:229 cv2.imread [matched cv2.imread],True,app.py:30 sklearn.preprocessing.StandardScaler [matched StandardScaler],True,app.py:333 statsmodels.tsa.arima.model.ARIMA [matched ARIMA],True,app.py:334 model.fit [matched model.fit],True,app.py:329 sklearn.metrics.mean_squared_error [matched mean_squared_error],True,app.py:45 flask.Flask [matched Flask],verified: all 6 stages present,pass1,,fallback_root,
https://github.com/capreolus-ir/capreolus,ok,True,6,0,1,capreolus\run.py,32,250,5,0,0,True,capreolus/utils/common.py:71 requests.get [matched requests.get],True,capreolus/utils/common.py:582 spacy.load [matched spacy.load],True,capreolus/reranker/common.py:0 class KerasPairModel [matched <class subclasses model base>],True,capreolus/task/rerank.py:94 self.reranker.trainer.train [matched trainer.train],True,capreolus/trainer/tensorflow.py:201 def test_step [matched <lightning hook test_step>],True,capreolus/task/rerank.py:108 self.reranker.trainer.predict [matched trainer.predict],verified: all 6 stages present,pass1,,fallback_nested,
https://github.com/BBVA/timecop,ok,True,6,1,1,app.py,17,62,2,0,0,True,app.py:497 pymongo.MongoClient [matched pymongo.MongoClient],True,engines/lstm.py:105 sklearn.preprocessing.MinMaxScaler [matched MinMaxScaler],True,engines/BBDD.py:101 Model [matched Model],True,engines/var.py:26 model.fit [matched model.fit],True,engines/helpers.py:92 sklearn.metrics.mean_squared_error [matched mean_squared_error],True,app.py:34 flask.Flask [matched Flask],verified: all 6 stages present,pass1,,fallback_root,
https://github.com/Daniel139/Freesound_Audio_Tagging-COMP47650,ok,True,6,0,1,main.py,9,29,2,0,0,True,main.py:21 pd.read_csv [matched pd.read_csv],True,main.py:49 pd.concat [matched pd.concat],True,models/svm.py:9 sklearn.svm.SVC [matched SVC],True,models/svm.py:36 sklearn.model_selection.GridSearchCV [matched GridSearchCV],True,models/sgd.py:16 sklearn.metrics.classification_report [matched classification_report],True,models/vnn.py:88 model.predict [matched model.predict],verified: all 6 stages present,pass1,,fallback_root,
https://github.com/xiamaz/flowCat,ok,True,6,0,1,flowcat\__main__.py,33,213,6,0,0,True,flowcat/types/classifier_config.py:54 np.load [matched np.load],True,flowcat/classifier/classifier.py:44 sklearn.preprocessing.LabelBinarizer [matched LabelBinarizer],True,flowcat/classifier/models.py:9 keras.layers.Input [matched keras.layers.*],True,flowcat/classifier/classifier.py:146 self.model.fit_generator [matched model.fit_generator],True,flowcat/classifier/predictions.py:14 sklearn.metrics.confusion_matrix [matched confusion_matrix],True,flowcat/classifier/classifier.py:161 self.model.predict [matched model.predict],verified: all 6 stages present,pass1,,fallback_nested,
https://github.com/TylerYep/lung-xray,ok,True,6,0,1,train.py,40,133,5,0,0,True,src/test.py:27 pd.read_csv [matched pd.read_csv],True,src/test.py:28 df.drop_duplicates [matched df.drop_duplicates],True,src/losses/dice.py:0 class DiceLoss [matched <class subclasses model base>],True,src/train.py:50 optimizer.zero_grad [matched optimizer.zero_grad],True,src/metric_tracker.py:57 self.writer.add_scalar [matched writer.add_scalar],True,src/train.py:43 model.eval [matched model.eval],verified: all 6 stages present,pass1,,fallback_root,
https://github.com/Ugness/Line-Art-Colorization-SPADE,ok,True,6,0,1,train.py,32,215,6,0,3,True,dataloader/__init__.py:65 torch.utils.data.utils.data.DataLoader [matched DataLoader],True,utils/normalize.py:23 torchvision.transforms.ToTensor [matched torchvision.transforms.*],True,models/pix2pix_model.py:0 class Pix2PixModel [matched <class subclasses model base>],True,train.py:48 trainer.scheduler.step [matched scheduler.step],True,util/visualizer.py:56 self.writer.add_scalar [matched writer.add_scalar],True,models/pix2pix_model.py:67 torch.no_grad [matched torch.no_grad],verified: all 6 stages present,pass1,,fallback_root,
https://github.com/codedecde/AttentionSegmentation,ok,True,6,0,1,AttentionSegmentation\main.py,171,997,7,0,2,True,allennlp/data/vocabulary.py:96 gzip.open [matched gzip.open],True,allennlp/common/util.py:249 spacy.load [matched spacy.load],True,AttentionSegmentation/model/classifiers.py:0 class Classifier [matched <class subclasses model base>],True,AttentionSegmentation/main.py:178 trainer.train [matched trainer.train],True,AttentionSegmentation/main.py:182 trainer.test [matched trainer.test],True,AttentionSegmentation/main.py:182 trainer.test [matched trainer.test],verified: all 6 stages present,pass1,,fallback_nested,
https://github.com/Asteur/deep-qa,ok,True,6,1,1,deep_qa\run.py,110,549,9,0,0,True,deep_qa/data/embeddings.py:48 gzip.open [matched gzip.open],True,deep_qa/data/tokenizers/word_splitter.py:94 nltk.tokenize.word_tokenize [matched nltk.tokenize.word_tokenize],True,deep_qa/models/entailment/decomposable_attention.py:57 keras.layers.Input [matched keras.layers.*],True,deep_qa/training/trainer.py:360 self.model.fit [matched model.fit],True,deep_qa/training/trainer.py:413 self.model.evaluate [matched model.evaluate],True,deep_qa/training/text_trainer.py:208 self.model.predict [matched model.predict],verified: all 6 stages present,pass1,,fallback_nested,
